PC1	PC2	PC3	PC4	PC5	PC6	PC7	PC8	PC9	PC10	sample	condition	source
-11.2874669795717	23.7274144171637	-6.90132437991235	7.44687274085429	-4.01072628698098	4.33190840162808	-0.194349672402892	4.15596927028599	-10.3726526809995	-9.70391768419118	GTEX-OHPL-2626-SM-2HMJA	Normal	GTEx
-24.7102321045245	-6.54662618547387	0.653258967275349	3.59246498172545	0.812688392949408	0.903849412327077	7.36994436782538	-6.4644114360156	-1.57867912919345	-0.606039054587317	GTEX-YEC3-0826-SM-5P9JF	Normal	GTEx
-29.4940168881952	1.15080342259579	6.94603414773624	6.90303620643982	1.4251683646574	3.73561905712205	-3.20605262228957	1.42094109412091	-6.48143819637888	-1.08537162624653	GTEX-WOFL-0726-SM-3MJG4	Normal	GTEx
-27.5096178288907	23.8029377449802	1.22591224731715	1.51742855905334	1.68685503744124	2.62372912717879	-3.86334301642204	3.26453506284223	-8.26287038221393	-5.44929184852537	GTEX-11GSP-0126-SM-5A5KU	Normal	GTEx
-22.56333390091	-4.92121658056911	-1.05809240425831	3.22649414090933	0.994947131053334	-0.341483738499875	5.88732094698171	-9.04073718496171	0.88558078450137	1.39167342028961	GTEX-YEC3-0826-SM-4WWFP	Normal	GTEx
-31.9208544482756	0.223435355026996	3.59520948924462	3.88786016910633	-2.79108709381558	2.11071880560723	7.63365301827857	-2.2370529622796	-0.30941811924109	3.23866857319924	GTEX-ZLFU-0626-SM-4WWBO	Normal	GTEx
-23.1837224828142	3.16242507032069	-2.04019113414902	6.7052370899436	-2.59753017536562	-5.01371366408225	8.57903218857834	-0.0910426343001825	-5.35205828452747	-8.40502976123509	GTEX-WEY5-0526-SM-3GIKZ	Normal	GTEx
-26.3246579274649	18.530022065834	-2.83093296529347	0.4688770789405	-1.43272728264475	5.10654488157263	-7.20075229217659	6.52698263018365	-1.46028154005687	-1.23710795134918	GTEX-RU72-0126-SM-2TF6Z	Normal	GTEx
-30.1373638654651	13.5098826431315	-0.145709187000149	-1.54920608199901	2.47234654037851	-1.60228328807937	-0.302651648687771	2.15405967447499	-4.45670758433602	2.53142735390913	GTEX-11DXY-0426-SM-5H12R	Normal	GTEx
-28.1733273162364	-7.59948756687076	-0.600527742285252	0.520008998238913	2.69663681368095	-5.88346796520641	-5.44841847642608	2.91603770449053	3.31095006559883	4.24616895851922	GTEX-13VXU-0826-SM-5KLZ2	Normal	GTEx
-27.0711795640706	-3.31813217803841	6.06564069601695	2.19909031190994	3.62872333042347	-2.76001487028494	-4.39601868973279	-1.69793961097914	0.432325613230511	3.99650123940343	GTEX-13OW8-0126-SM-5IJE5	Normal	GTEx
-29.5073099948294	13.4798266547309	-1.69527610574467	-6.5570631348612	-5.5861939533733	7.84258428338087	4.69287338367622	1.08023937856408	-0.997055442828658	0.0965479809172468	GTEX-Q2AH-0726-SM-2I3EA	Normal	GTEx
-28.659783430389	1.67729087170397	7.34107996303515	5.23700645221297	7.89899832692735	-6.29305740384511	-6.79215956632455	3.8894047551574	-5.84346363411019	1.56360620789928	GTEX-ZDTS-0926-SM-4WAXG	Normal	GTEx
-28.8810174679556	-3.13323672638455	2.54190137570638	1.71032657018107	6.28565281170223	-3.29476004888512	-7.07732983437399	1.40090620870609	-2.88120446083408	3.99483931799403	GTEX-ZYFC-0926-SM-5GZWW	Normal	GTEx
-33.4383064546123	-4.28611051188397	4.26382076743403	-1.40537495273765	4.07919691212652	-2.97026624666632	-7.25751506019066	4.26018305639295	-0.250902278273549	2.2328894225659	GTEX-13FHP-0926-SM-5L3EC	Normal	GTEx
-32.4092142903986	11.6470876342404	1.60720333911136	-2.18710623183259	7.84136401246198	-2.48795945155154	-5.31847672492155	0.989251446869418	-5.04213167922875	3.83095064309385	GTEX-145LU-0426-SM-5O9AH	Normal	GTEx
-27.6929038823052	4.81030304486246	4.31849435744326	8.94221041667598	-0.735866173284615	2.9703029614888	-1.99442483857306	8.53032228134069	-4.59146014581745	1.9392340144775	GTEX-REY6-0526-SM-2TF5M	Normal	GTEx
-28.8877542977716	-2.82810900476523	7.13609957456386	2.16350434185306	-3.38556517388148	-3.41372681019532	6.26210045405471	-2.60694827429543	-4.47088421054252	-6.09950762509673	GTEX-11EM3-0126-SM-5985K	Normal	GTEx
-27.466393800073	-2.29768657232767	5.36732396359135	4.13461253735989	-2.60240479651686	-1.38095911658754	5.31479705099498	-3.16195380782645	-3.12289924607398	-7.04540532357594	GTEX-11DXX-0226-SM-5P9HL	Normal	GTEx
-29.0675933396632	6.44546356296474	-1.55399165318348	0.483094379648589	-6.66164168166739	1.15239065545473	7.44958442324257	-0.38753925742885	1.03820423938782	-4.92085333784733	GTEX-PWN1-2626-SM-2I3FH	Normal	GTEx
-31.2462464763637	3.16881750358919	8.07100999683444	0.885402114585715	-1.67482398548322	7.53288504082234	-6.32030640393859	-2.05986328618861	0.250755815320309	5.54970763116449	GTEX-12584-0826-SM-5FQSK	Normal	GTEx
-26.5431827725841	10.1531603033525	-2.58452541987822	3.02492620281171	-0.569689727651627	-2.20268009793366	3.50363231038918	1.90570652983171	-5.24377064945198	0.22634576929958	GTEX-13111-0226-SM-5EQ55	Normal	GTEx
-34.1202321233282	8.09750593874184	1.1456421739941	-5.52685198546098	2.42594529445558	1.45596845063393	-4.05972259175718	-0.617212043682739	0.252491130288727	0.231091765931802	GTEX-11ZVC-0126-SM-5986G	Normal	GTEx
-25.5623161703836	8.87825707920513	2.39646417141293	-2.36876533883546	-5.11771867988777	-2.17614752468997	3.50130970572733	-3.57584780143205	-3.58517795448301	-2.95622752259884	GTEX-Q2AI-0326-SM-2I3EK	Normal	GTEx
-23.1837202655315	2.99315232590197	-0.515246725023281	6.67892680709152	4.93419676880821	-5.34351163014628	-4.30220719973081	2.26597617944225	-4.24366498659188	3.365299174909	GTEX-11O72-2326-SM-5BC7H	Normal	GTEx
-25.9728574300806	9.25934804677528	-2.44737406405741	3.92043540902171	3.15941277942028	-3.98405019503037	-3.27580971133269	4.704889323024	-5.71313851414094	2.06834683094725	GTEX-139TS-0126-SM-5K7XJ	Normal	GTEx
-26.9971976679783	0.66279464761073	-3.77700114081344	5.13632190810271	-6.42184674781137	1.16683591502602	3.9083601595406	1.57450313584287	0.48381127853018	4.32300751461832	GTEX-RM2N-0526-SM-2TF4N	Normal	GTEx
-37.1343616382916	1.48813110932364	11.5567932132994	-9.48767539293834	6.41787145244914	-1.97724153097642	-7.02060250528625	-1.58395666721802	-0.330718394568915	0.109921066444301	GTEX-13112-0326-SM-5P9IW	Normal	GTEx
-29.3831303783469	5.35262445306398	2.06201581630256	3.24790390577404	5.55703753800007	-1.76655251595143	-3.92178963374876	3.11609336545364	-2.26384352237693	-3.59039160737612	GTEX-11EMC-0226-SM-5EGLP	Normal	GTEx
-33.2410063300412	-3.55793294175186	4.04631936663545	-6.52572656261174	5.6829296064381	4.14717629470431	-8.60206009158638	-2.98899695588369	1.41185011442298	3.55714567828697	GTEX-132NY-1026-SM-5P9IY	Normal	GTEx
-22.3137488963275	26.7248792605458	-3.72514192824425	-10.0444613248829	6.74400887372474	10.9490711283008	-8.03846616845314	0.879144179087848	0.107884271914804	-3.88521511262068	GTEX-YFC4-2626-SM-5P9FQ	Normal	GTEx
-29.5034429303808	5.8143308448007	2.08452900624429	-5.52641748129274	1.59134726863469	-0.557158417162431	-1.63685522092673	-1.27798361855381	-0.443870193931971	5.59512126815786	GTEX-11GS4-0826-SM-5986J	Normal	GTEx
-26.9942574167526	15.1142038672575	-0.331092501247968	-3.86399365348554	-4.74428344677976	-1.31398110331887	3.66805545034565	-0.737277697319844	1.50305752255071	2.14165928839947	GTEX-ZDYS-0626-SM-5J2N5	Normal	GTEx
-26.0951218287609	-8.571317975692	3.57367427084334	0.960422348052682	-2.6225115125429	-1.81339917396179	1.20017800749101	-2.33378154504874	-0.651051153434181	-0.898648036513362	GTEX-11TT1-1126-SM-5P9GV	Normal	GTEx
-29.6046104875158	1.98493740791063	0.793382457949068	3.60488092334409	5.76489210032946	-2.5034011151001	-3.49408170654296	3.40341118531902	-1.24757057043336	3.34250937029552	GTEX-WVLH-0626-SM-3MJG7	Normal	GTEx
-28.1177237481692	2.8680091457038	-1.2770251953999	0.476662829503605	-6.76556447183227	-2.46090107058669	5.33007490482664	-0.416843449237122	-0.0372053132448519	1.51097141898778	GTEX-WY7C-0226-SM-3NB37	Normal	GTEx
-30.4981380663979	-0.401305412176465	2.90377099955446	-0.433777517265419	10.2465265389595	-2.02004829020552	-6.53726203050722	-1.00278568468779	-0.126621851672889	2.49191051021574	GTEX-13O3Q-0626-SM-5IJG1	Normal	GTEx
-25.5867967639476	3.20214848656438	-0.110137794831632	-0.262000233661111	-6.13037570060845	-2.60555417045693	7.19604946182839	-2.83321048094369	-0.401720230928093	-5.25718974143704	GTEX-ZLWG-0526-SM-4WWFB	Normal	GTEx
-21.8766186079695	13.7992044580151	-3.29941963289202	4.05687924994841	6.60232480156511	8.33043302279585	-10.1296517334358	0.882237036231247	-4.53383748958232	2.95656652228861	GTEX-111VG-0526-SM-5N9BW	Normal	GTEx
-22.9118059829637	15.2724418120318	-5.95186054652251	-4.46751141730093	-6.43214321818414	6.90533311011519	3.13144517757633	-1.23535636698866	1.96800951328997	2.04724481939835	GTEX-S4Q7-0326-SM-3K2B1	Normal	GTEx
-33.915557883491	-2.15110953669059	7.26371111542503	3.6674997850141	5.2277665024143	-1.84231357744604	-8.98642919268436	1.33402757674415	-3.39588065855947	2.64005833088785	GTEX-13G51-1226-SM-5K7Z3	Normal	GTEx
-27.4865353811253	10.4886210739691	9.2581500925825	-0.778643652729927	6.95513495300363	1.89415480629718	-7.69647496332285	-3.50396974536613	-3.04466273439701	-6.94101849238163	GTEX-12WSB-0726-SM-5N9GD	Normal	GTEx
-29.5046229636708	-1.62908397574742	0.964344797230956	3.32482334952563	6.72328851395139	-5.43225404240855	-8.84385041406592	5.24574889623113	-4.76915438523059	3.37142372245939	GTEX-12WSC-0826-SM-5EQ5Q	Normal	GTEx
-18.374504890891	12.4145674425046	-14.9223929299763	1.8467932019658	6.20220129940766	0.338337694189556	-5.00811366529147	5.37471146558214	0.0463025690774503	5.65943421476042	GTEX-13NYB-0726-SM-5MR4J	Normal	GTEx
-30.2419993475221	4.91032556844272	0.176807629964162	-2.21966890188669	3.24339777525271	0.0595705074312275	-1.41699573933274	-0.686187896888557	2.76544678671713	5.14712887346419	GTEX-13OW6-0726-SM-5L3FX	Normal	GTEx
-15.7446030639545	-5.88036091269865	2.82294453826955	9.9029766797876	-2.26929453206706	-1.38328294361501	3.08736429714508	-6.04951603760091	-5.76499534436036	4.39866947509572	GTEX-144GM-0226-SM-5Q5CB	Normal	GTEx
-29.3329791440813	-3.13096636746185	2.37330284060177	2.59317976985942	-6.60557346801463	0.876987839457382	4.10188025536662	-2.44231499715263	0.736485254850146	-2.96415237411732	GTEX-13QBU-0626-SM-5J2OG	Normal	GTEx
-24.0829983150129	17.4604959101563	-9.07215741574397	0.897567303022666	-1.68274340767391	2.3445910353672	7.79418177069859	1.80340030815505	-1.89456686180507	-2.46792986597356	GTEX-W5WG-1426-SM-4KKZP	Normal	GTEx
-18.5266070166419	0.0858858470600647	2.30626120795973	5.10622068512269	-4.17367961599609	-1.4232063639259	-2.54295791137587	-0.560123820695336	1.189076009226	-2.63148782972157	GTEX-ZTPG-0826-SM-5DUVC	Normal	GTEx
-17.6463538365673	0.422528192844676	-6.35409424539406	11.1666977575326	1.18170769400314	1.26478206659541	-2.10965764060613	5.02642058965919	2.11380494558407	1.77881869116759	GTEX-13S86-1126-SM-5RQJX	Normal	GTEx
-28.6513428277046	-0.789720289965023	6.61391473309102	-2.82944230904718	-0.108352327099474	-1.92220387003631	-0.433322612613461	-2.86404312013386	-0.442197262156557	0.64183694240896	GTEX-WHPG-0226-SM-3NMB9	Normal	GTEx
-24.0817802219474	10.4096069865188	1.18549926786764	0.621665367445105	-5.44352418241093	2.49414374251875	2.80068000194191	-5.42620298461709	-7.85443338469439	2.19568359284939	GTEX-13O1R-0826-SM-5J2MB	Normal	GTEx
-27.4388366869413	3.83979301441681	3.06105474460553	2.3567423942682	10.3461554531873	-5.47107746230474	-3.72580438745948	1.37574395299243	-5.9110201799232	-0.269606120605385	GTEX-N7MS-2326-SM-2HMLD	Normal	GTEx
-32.1827448481326	11.558359322536	1.86156922617504	-3.61086408047773	12.4576131714907	4.36936788890022	-6.82549644128789	-0.769427558783147	-0.753409853742078	-2.50926965948147	GTEX-ZVZQ-0626-SM-59HJU	Normal	GTEx
-20.5070183758233	-8.05696262753719	0.177077306827574	8.76816620799076	2.42528455320422	0.157049593119544	-5.91813248545201	0.280493944139811	0.841427422367413	-0.886370260311321	GTEX-OXRP-0326-SM-5SI7J	Normal	GTEx
-33.3167544481881	8.71412702929792	3.20201764159138	-5.45814208253342	-1.33105208420468	3.74931378799814	-5.36309040901063	-1.77977315018485	0.154285807110334	7.01207631173689	GTEX-117YW-0126-SM-5EGGN	Normal	GTEx
-29.2945521149531	-2.4713143914802	6.94039145549907	4.37809265676743	0.901041747291179	0.244888563269776	-1.97303730763513	-1.12373187243989	-5.34729144731343	4.96449358996348	GTEX-13PVQ-0726-SM-5L3GI	Normal	GTEx
-31.4875364125761	-0.334426236624459	7.69987903065097	1.58378806389871	3.45297257036969	-2.65026800658566	-7.74476933244331	1.57308968056994	-1.25587562400656	2.80284222486661	GTEX-117XS-0526-SM-5987Q	Normal	GTEx
-32.5884019683801	5.66456444390325	4.55384550425202	-0.141335777882544	-4.18390233781487	-1.38675968818947	2.45238541832676	-0.642611594545822	-2.04027705966523	0.725272454725517	GTEX-11LCK-0526-SM-5A5M9	Normal	GTEx
-27.3750225739429	4.5775435424171	1.81753456305856	-4.77697220685136	0.511680604201047	1.52136516753291	0.671560198259997	-4.45090846526657	-2.29533959786987	-5.34154390110621	GTEX-133LE-0326-SM-5P9G4	Normal	GTEx
-29.4467611938185	1.85720466690107	4.16163672744535	5.11418237082008	1.70145901220302	-0.269918667209262	-1.86751159916102	-1.29716176098015	-4.12527913160021	-1.2769066623759	GTEX-13O3O-0926-SM-5KM1F	Normal	GTEx
-22.9180036383738	0.494815640280626	-5.90082728016161	4.39931338367276	-3.30462094014607	-4.30092270663223	6.72047520578847	1.30349571023632	-1.48264966867023	1.30595151241396	GTEX-WFG8-0426-SM-3GILD	Normal	GTEx
-32.8358145239246	0.648450439638707	7.52452115104513	-6.25619596589043	4.79604294971433	-2.8931043125434	-6.642893215067	-3.43943127005964	-4.34923887955279	4.24909068712504	GTEX-1212Z-0426-SM-5FQT6	Normal	GTEx
-28.0148494867445	2.53680853312816	2.45270963791907	1.45939366519711	-4.68194242284818	-3.97962453788009	4.84029897494406	-0.915667597198764	-1.02610497126169	-1.11380530798397	GTEX-ZVP2-0426-SM-57WC2	Normal	GTEx
-22.799386885802	13.3789707144165	-2.34587708856803	3.83311078152124	12.2509861695876	-1.79360467978862	-10.2450973037753	7.87313261218176	-1.52025345450531	-1.19023259525087	GTEX-ZE7O-1126-SM-57WC8	Normal	GTEx
-19.7369358932604	10.7324063377032	-5.73049910544469	5.21831530879125	-3.76148359680131	-0.0640621033323755	4.60359105506222	0.609733333176481	-1.96515059933011	-4.91351505849229	GTEX-145ME-0126-SM-5S2QM	Normal	GTEx
-25.1640338196265	-2.36222904798743	0.184657601122143	2.99432146772534	-6.59089913293026	-3.21169567632113	5.82884389396076	-1.79174725078956	-1.352832307529	-0.418541038418385	GTEX-13FTW-0626-SM-5IFEX	Normal	GTEx
-29.7074088237958	4.53384580027032	4.0084685774284	-2.30088054202209	4.56405359046254	1.45998172352725	-4.46643495391465	2.99088188852027	-0.313484734295245	4.43182515427971	GTEX-11NUK-1026-SM-5HL5J	Normal	GTEx
-35.6698775916732	0.945713817345292	8.80051478677067	-4.27028312499446	2.8852781895922	-0.23766284249095	-5.58451674337444	-3.43270069874992	0.416068615675153	-1.38433949267031	GTEX-12WSD-0926-SM-5GCNL	Normal	GTEx
-25.5668533577847	-1.49763956206126	3.5000604836793	2.61609212892013	-6.28937877355496	-3.22215757424597	6.86345716511987	-3.18998150059519	-3.93692040468213	-1.11501140298484	GTEX-111CU-0226-SM-5GZXC	Normal	GTEx
-30.4817108516385	2.26888114243661	5.93362348145395	3.91883853660423	-0.371736383841606	1.69581917268441	-2.25918032911403	-2.67403971596167	-3.00563240308108	1.62827761620674	GTEX-113JC-0126-SM-5EGJW	Normal	GTEx
-30.9207986026111	4.37795523528771	1.68236105805801	-2.65685013663018	-3.0387319018307	1.18142455462107	3.599089771415	0.308333280813329	-1.80595070374651	-7.28363778953805	GTEX-OHPK-2626-SM-2HMK9	Normal	GTEx
-27.781320438885	3.19495343516784	10.4091144359973	1.81314221976449	-1.76267049354903	4.6672675190251	-5.06374016143781	-4.22999325787127	-3.35793729042729	3.70837637677775	GTEX-13YAN-0926-SM-5O9C3	Normal	GTEx
-27.668167925026	12.2348551157519	-4.90641374381303	-4.42963421907105	7.28928190284418	-0.383721473416837	-2.64830016269281	-0.422487739303466	1.59627776377647	2.16241329034468	GTEX-WL46-0126-SM-3TW8I	Normal	GTEx
-15.5948076485263	14.8162966734971	-12.065514340054	1.30905642588387	5.71390407292031	-0.397365336366337	-4.68351957082691	2.84899088391362	0.980999638430619	3.81314509453101	GTEX-13FXS-0726-SM-5LZXJ	Normal	GTEx
-19.2235295652131	-9.20536453438663	-1.50467931232175	9.9227442820204	0.488250000411159	-2.75545097128401	-7.30422544556527	2.67532480669272	-1.24298935286199	0.0722283261054254	GTEX-OXRP-0326-SM-33HBJ	Normal	GTEx
-28.5548422842548	-2.96693725608857	3.35156522923745	2.10739712974056	-2.4317077933123	-1.65253729513653	6.55015595903895	-4.04320165376249	-1.571858314484	-0.727334407987339	GTEX-YEC4-0626-SM-5CVLU	Normal	GTEx
-27.0903235439118	-7.18030920812384	1.81627694540143	1.79312678099106	-0.87894810893726	-3.03674276725721	1.40011589777826	2.10781570545797	0.634426411284039	1.260841845093	GTEX-OIZG-0226-SM-2TC5L	Normal	GTEx
-16.8507417627972	21.1611625173316	-10.9997270047103	-1.6903274608783	-4.70439079490262	5.80654281030687	1.6786590164583	2.77515458914246	0.862788213500431	-4.94396750848178	GTEX-14BMU-0226-SM-5S2QA	Normal	GTEx
-25.5660686002595	8.19569132367725	2.66127942838688	1.72400858683016	-9.57317732371982	2.55472452586637	4.66553588843199	-2.80684463018839	-1.83655919648792	-1.9707438127726	GTEX-13CF3-0926-SM-5LZZC	Normal	GTEx
-26.8515337588068	3.05138154095679	-1.56962433837825	2.30997338553334	11.2408001390067	-7.59150385906058	-6.17996896684911	4.30942629593625	-3.78960481759118	2.44235131123177	GTEX-13X6J-0826-SM-5LU32	Normal	GTEx
-25.545442588399	12.013925751694	-8.52385740169055	-3.19937856813126	4.58592394909401	-2.30794713518634	-3.05721271893544	3.65213699328869	3.00065737307307	5.2183118708765	GTEX-14ABY-0926-SM-5Q5DY	Normal	GTEx
-29.5252713465403	11.8303589555763	-2.95078693286955	0.968912276335121	4.33502551187194	-3.57718312040172	-6.9497549134376	6.60846114356281	-3.60225067924032	4.93032255589417	GTEX-SIU8-0626-SM-2XCDN	Normal	GTEx
-22.8250666330505	-1.43080157084303	-3.25366037111044	3.82410039838572	-3.12439207026859	-3.5526457806831	6.03580783345331	-3.03388417654353	1.53673405877278	3.19198645113737	GTEX-Y5V6-0526-SM-4VBRV	Normal	GTEx
-29.6790295719429	-0.00946237125593177	1.27808520364946	-1.27909383195105	0.06284895836978	-0.944527151252444	0.469464376435246	-0.274267756024662	1.12410540891716	0.834785665191616	GTEX-13O21-2226-SM-5MR3L	Normal	GTEx
-33.4721705102132	-5.32216846075561	6.10761603970334	1.92283470355998	2.81570420813043	1.56483431901701	-3.69006909794905	2.54319484115024	2.59704375958024	-3.40803991975213	GTEX-RTLS-0626-SM-5SI7Z	Normal	GTEx
-26.6303087880464	6.86974513901259	-4.93360708501838	1.91323073030502	-2.83726329076827	2.81569506547527	8.6002891194589	-0.711734893312313	1.91532616498642	2.32052677756102	GTEX-X4LF-0426-SM-3NMB5	Normal	GTEx
-30.2614397202801	3.97268423569983	3.55181032934485	1.9528184721724	-2.84457039121154	1.36210913895231	-0.0564288165725502	-4.01827621063014	1.75678816982623	0.417633636244819	GTEX-1128S-0126-SM-5H12S	Normal	GTEx
-23.5384512595324	17.7001737947841	-4.52969580278713	-5.32497094103025	11.8263046923854	4.58629448967503	-7.71874034130946	1.39647530494567	-1.17752074383602	3.38343567164732	GTEX-YJ89-0726-SM-5P9F7	Normal	GTEx
-19.139050709604	24.6107351404797	-9.05041200543704	-1.77812329555235	-3.58343794415467	5.44101585101608	1.32918175871948	1.69616987681966	-3.92659653206156	-5.05855867365989	GTEX-ZLV1-0126-SM-4WWBZ	Normal	GTEx
-29.0578486737415	-3.16462481148115	5.58327636843804	4.05734739578694	-7.58593515965468	-3.70021102359634	6.50478873748465	-4.39233255611985	-3.8738310592099	0.641091050451025	GTEX-ZZ64-0126-SM-5GZXA	Normal	GTEx
-30.7860068670997	-1.02882860284323	4.07889909636932	-3.0082190797024	-2.93113008771552	-3.43547233069591	3.03367710998739	-3.63207315024023	0.229563399521614	0.946185662929248	GTEX-12696-0326-SM-5EGL4	Normal	GTEx
-24.1469911280751	9.46932656209881	-5.45703177432412	1.11510259081845	-5.16071872255492	0.126451791772574	7.67080811643044	-2.15432104261021	0.0396700080409086	-3.44670691429414	GTEX-WXYG-0226-SM-3NB2Y	Normal	GTEx
-19.6643212447561	2.68342602556359	-4.9977564801829	3.19387608487146	10.2534256780995	-6.76092395163441	-8.20509339668094	1.33441144332108	1.99501817623138	5.78481331333398	GTEX-145MG-0826-SM-5Q5C2	Normal	GTEx
-26.4737104599317	10.0904514254052	-3.55111615545457	-1.70295886196628	-3.53771959627435	1.2493382723608	5.31808931394818	1.1485422207649	0.249399861368494	-4.81777878102913	GTEX-P4QT-2626-SM-2I3FM	Normal	GTEx
-31.7237938694551	8.07183769283362	5.26748157913273	-9.51831270287854	3.08648027579133	2.38011007959947	-3.14798172754175	-3.10853595410935	2.17786378000328	-3.58719864721125	GTEX-Y3IK-0526-SM-4WWE3	Normal	GTEx
-27.6384172964094	5.38724010048935	1.70962599643228	-4.5865014699828	5.00411931384083	-0.0406635492543222	-9.63832199855309	2.24482221175715	4.62078418024804	-0.489618858343319	GTEX-13FTY-0726-SM-5J2OH	Normal	GTEx
-16.4044175026878	9.72359529783438	-2.02878133619199	-0.261155607930571	-4.91289550530938	-1.38561079615618	5.9392000866503	0.95781195685926	0.936991042965742	2.43110342470002	GTEX-OOBK-2626-SM-2HMKY	Normal	GTEx
-28.8304153147656	-8.4879518567291	5.81395054555605	1.81623096826796	-4.76257288177392	3.21048824283034	1.91299142768216	-4.53562716852265	1.70601885355184	1.07004634201844	GTEX-12WSN-0726-SM-5GCMS	Normal	GTEx
-27.9211710702099	7.95033699960246	-4.21277696822035	-2.24295889355711	-4.91194964854886	4.54518435819615	4.81970152183615	-0.0238010477799074	1.97665717317453	1.27071186328528	GTEX-QDVN-0626-SM-2I3FP	Normal	GTEx
-24.5869837324771	-8.58862115795459	1.57839967276714	0.687261982582927	-1.20839387841419	-0.586532296882059	3.43004762973089	-4.97757498885672	0.773085212050913	-3.25817439468298	GTEX-12WSJ-0326-SM-5GCMT	Normal	GTEx
-24.4095582673403	10.3272274606854	-1.6913224932032	-3.36506661710652	-1.97148532908178	3.555321049759	-2.94220199648884	1.34787024298902	4.87089743796992	-4.42140815861415	GTEX-132AR-1126-SM-5P9GA	Normal	GTEx
-19.8205262176685	27.4631662067544	-3.41272093299868	-4.67482121018442	-2.2369879320413	8.08866344902581	-3.59769965547026	-1.60636789025105	-1.27353384963398	-4.15456913535421	GTEX-11XUK-0226-SM-5EQLW	Normal	GTEx
-27.6744645521342	7.31582053001267	5.41716960514861	3.53672450437329	0.459810553187091	5.4245169487623	-4.91255053404195	-3.72309864301473	-1.54532176302284	-0.843480072047876	GTEX-X8HC-0726-SM-46MWG	Normal	GTEx
-25.3580364579955	8.28037129776149	-1.65640059433635	2.63746320156127	5.99475518605966	5.56017944593721	-3.07455430926282	0.333393011040275	-5.77822014995404	1.00007723579	GTEX-11ZTS-1126-SM-5LU9X	Normal	GTEx
-22.84022198904	2.80692999387758	-7.06713845901821	0.801910764402676	-1.69183619114652	3.85400979596328	4.69479836598907	-3.09022637511866	2.70241799782947	3.88359144757616	GTEX-YF7O-0726-SM-4W213	Normal	GTEx
-28.3618738694147	-1.85869160226641	3.92909246801453	4.77738815586503	-8.5768534028563	1.85767843167758	2.53749424445407	0.38924168009876	2.2835789243527	-5.74360517288744	GTEX-13X6H-0526-SM-5LU4Q	Normal	GTEx
-24.2906385724785	-5.36247788812233	3.35769476133548	2.99419096715015	-4.06239492027272	-2.29662467557227	4.34043640977345	-5.79018550390036	-3.23449937284924	-0.374076471935127	GTEX-132QS-0326-SM-5IJFN	Normal	GTEx
-28.9595235479211	1.20252545229594	4.41815000223124	3.4497590629125	5.00937386963911	-2.37068214477792	-2.53198134850089	0.879369370282141	1.94631909751873	-6.5331680713755	GTEX-X15G-0526-SM-3NMB7	Normal	GTEx
-28.3567558316205	2.80482947141485	1.68003248982818	2.71375696471842	-1.69587149093775	-1.2879936959998	5.2309799952235	-3.76183187879774	-4.39436080540386	1.89774597093441	GTEX-111YS-0726-SM-5GZY8	Normal	GTEx
-33.0057394204713	-3.6544680824888	3.37552475469619	0.352544949206238	5.95654673149305	-0.7479321651387	-6.87470090337077	0.0428683888997111	0.972502554116826	-1.02112156389442	GTEX-ZAK1-0726-SM-5HL8Q	Normal	GTEx
-31.9357157045124	5.72925013435245	4.75131770168389	1.21379583581194	-1.02650448266681	0.690817011845092	4.48439782924317	-3.26730861100027	-1.97155326018899	2.0456843141261	GTEX-WYJK-1626-SM-3NM9J	Normal	GTEx
-29.7967230998293	-3.64443482813635	1.57644782089003	5.06373812882528	0.748877927879516	0.645447808623147	-0.585412040623742	1.75891291846867	-1.16314277646134	3.6005358015018	GTEX-U8T8-2326-SM-3DB96	Normal	GTEx
-24.1874451175001	3.66637074425108	-0.691562234224329	1.71355838172491	-8.10635940663671	-1.65808221592668	6.67132485983556	-2.39424737223772	-1.42396082753684	2.98126064726807	GTEX-12BJ1-0426-SM-5FQSO	Normal	GTEx
-18.1494726868791	1.96134853758254	0.180292156691476	4.33468151425874	5.87925619055724	1.06625320144645	-4.85402975264866	-0.300000513837879	0.489348881658621	1.23604151640003	GTEX-13NYC-2426-SM-5MR3K	Normal	GTEx
-30.6403739695081	4.91508230252574	3.44038901467012	-3.86939240950611	-1.27771567965339	-1.51839606843566	-0.780618781507728	0.364754071314273	-1.78988554867016	1.67393486097519	GTEX-ZPU1-0426-SM-4WWCA	Normal	GTEx
-26.8567369913198	1.32349880104147	3.90544877502115	-5.7882846965415	5.8233939367836	2.83446244403055	-3.11816572859353	2.94524371156789	4.9744539267724	1.92482983896779	GTEX-Y8E4-0126-SM-4VBQ2	Normal	GTEx
-31.4209738580627	3.37382234539917	2.90674877011994	0.690650030519915	-5.06429325181598	1.57872556456847	5.2230526846983	-2.94137315441577	-3.91275285094959	-0.546882261011241	GTEX-11EQ9-0626-SM-5A5K1	Normal	GTEx
-34.5993296508374	7.99890498244325	5.12615498734204	-7.04603102310257	1.74369954733312	1.10064714345851	-4.3204217564622	2.79194059021819	1.70903289031744	-1.09265990784623	GTEX-ZAB5-0726-SM-5P9JG	Normal	GTEx
-19.4689828148904	-8.7312788583564	-1.19766403641997	10.5721792948688	-3.45344370162955	-3.84878733671663	2.2565330933199	3.03896173814327	4.83280140607349	-3.78759221276885	GTEX-S32W-0726-SM-2XCBL	Normal	GTEx
-28.383075717315	-9.17938431741229	2.27004320210904	2.36544490439816	-3.48655281390622	0.0206188618657395	3.29656881627455	-0.30579152526928	6.48511634841434	-2.76096782475706	GTEX-SE5C-0726-SM-4BRWY	Normal	GTEx
-20.9556459209892	-0.0416245189801681	-3.56881855248082	7.67389512078514	-1.19178504381162	-5.91807446844363	6.55357064375037	1.05009422935795	-0.31091005052689	-5.37439465369807	GTEX-ZPCL-0126-SM-4WWC8	Normal	GTEx
-31.7326916887558	-3.44520908847169	1.73218736095754	-0.116263986118158	5.89239225432295	0.708444442540241	-5.8900856929363	-1.11589342391494	1.78504960754187	0.165839090190618	GTEX-ZVT3-0726-SM-5GICN	Normal	GTEx
-30.4727571100456	3.03329120318933	6.64834707356802	-1.17095711426415	3.52723523201872	0.372584572655329	-2.32888572145921	-2.88348333436688	0.429133005873793	1.81828779436338	GTEX-X4XY-0826-SM-4E3JM	Normal	GTEx
-26.8127611059079	-3.4225477422886	1.31395419595862	2.84585284189469	-5.13598582066062	-2.90858458734322	6.25419205359629	-1.12012901128824	0.457334619329815	-5.32162587066815	GTEX-ZYFG-0626-SM-5GZYA	Normal	GTEx
-28.8363404583748	-4.82603548052873	2.81122618345955	1.58398173806956	7.05581718511046	-1.13559821677205	-6.50093521589613	5.20411236865653	1.65627687182002	5.85546218325821	GTEX-13OW7-0826-SM-5L3EL	Normal	GTEx
-21.9690831557106	-7.41619156923774	-0.651155942341505	6.68552671871088	4.66849717804781	-5.02317997517547	-4.30309093585739	2.34133232148852	2.07694919119568	4.8505584046034	GTEX-RVPV-1226-SM-2TF73	Normal	GTEx
-27.6487538169674	4.80352888461753	-1.05190446090039	2.92878622599122	-1.799258808339	-1.20515313474534	2.17804503167323	-1.28623005873027	-0.826850189392712	-1.06588663524092	GTEX-ZV7C-0126-SM-57WDE	Normal	GTEx
-27.0258151990301	-5.20766474603766	1.69171236722828	5.8287914259077	-2.9897955107056	-3.61265150288459	4.37805931719423	3.09078632226711	0.628642529124645	0.280602805509303	GTEX-WFG7-0326-SM-5SI7L	Normal	GTEx
-21.5473988277028	-7.95712921634828	0.0135041013066175	0.834752845222296	-9.01547026612829	6.39319159243649	0.539921654503923	-4.00703077391318	-0.802998324937247	9.09779248926144	GTEX-13N1W-0826-SM-5MR5J	Normal	GTEx
-18.1417181087994	20.4913394778768	-8.9742356215722	5.83273301466556	-0.773415035056301	6.05899844687922	0.00935807417921932	5.58365188580893	-1.66345887341092	-6.70897225599799	GTEX-R55G-0726-SM-2TC6J	Normal	GTEx
-28.5825826597794	18.0969957760957	-0.215375538339143	-3.50622198015589	-3.47090154153132	5.14972960073521	-5.09934512249249	0.117670609690199	-0.468261910322056	-1.27249114416533	GTEX-WYVS-0326-SM-3NM9V	Normal	GTEx
-28.0051861419614	2.56553543561029	-2.04647216157507	0.571975839501306	-9.03763175343124	3.4475846139706	7.6942200379188	-0.82197000686633	1.83393124888955	-2.06495272029879	GTEX-1211K-0726-SM-5FQUW	Normal	GTEx
-29.2405709209513	0.657884209174964	1.58973615271272	4.00131841310494	-4.67098126367379	2.08678795153167	6.40168514829349	-1.12326316646419	0.0770711656964389	-3.69227906188581	GTEX-XUW1-1026-SM-4BONY	Normal	GTEx
-30.0786734446696	10.5851529978925	-4.66070443365326	-1.91754492830096	-5.23990426929243	3.79155704099248	5.56876706620207	0.355585712657898	-0.158909250719186	2.131110415786	GTEX-WHSB-1626-SM-3LK6J	Normal	GTEx
-29.0221070044663	-0.0490244323808826	2.40198628103926	5.05671540906124	-4.81132666184513	-0.367891845317693	5.90700025830644	0.711197113217366	-0.228415609843025	-5.73063635688276	GTEX-Y5LM-0626-SM-4V6G4	Normal	GTEx
-24.4475522315492	-0.0234808590420643	6.38515888332137	6.55474301885588	-2.79292875449581	1.85566361669487	1.80535535041356	-2.93787101981716	-4.38035220110099	4.70506391028446	GTEX-11TUW-0226-SM-5LU8X	Normal	GTEx
-24.8486759229247	-2.97908362134712	0.991146498493654	6.08421177704048	10.7147526812273	-8.12296667994012	-3.26346987879062	4.42806631256585	-0.338556961092845	2.36086272583951	GTEX-145MH-0426-SM-5LU8T	Normal	GTEx
-22.2049068476635	0.365373028301039	-9.43035671844622	3.18372426700776	-10.3619477616187	1.10939059830087	9.98550069653062	-1.48957397040634	5.79787905006847	1.06451862702372	GTEX-11VI4-0226-SM-5GU6C	Normal	GTEx
-32.4156988355571	0.674527478683492	2.6123371883228	-3.63269424080363	0.346882783690033	6.05165448130503	0.0860055410727533	-0.255782956746693	3.15185542854628	2.02209285453499	GTEX-OOBJ-2626-SM-2I3F6	Normal	GTEx
-27.7643041632924	-4.01479530886816	-1.55293503934476	6.00444901236149	-4.41049642287502	1.24795134131665	6.40935083514416	-1.4099123239185	0.5071151950804	2.46620294400893	GTEX-13RTK-0326-SM-5RQHS	Normal	GTEx
-15.1473791427474	5.51785342436142	-15.7047488399373	5.35536582618729	-4.68075810572307	-4.28264695892964	7.53875268630005	2.26454781867444	1.27614641500304	-3.66165154278369	GTEX-13D11-0226-SM-5LZXL	Normal	GTEx
-26.8821985339009	5.29603324384799	-6.39639557135446	-1.39952090412435	-7.1351395432859	3.54419297386111	6.28248750549369	-1.49820854012427	1.5492409434441	-3.06219454709259	GTEX-S341-0226-SM-5S2VG	Normal	GTEx
-25.9691012005858	3.97000296422837	-0.389706173467361	2.04750067355074	-7.09526548502179	0.949645812111647	7.79586750508859	-2.59714029229108	-0.377333256290463	-2.71244999479957	GTEX-PWCY-2326-SM-2I3EQ	Normal	GTEx
-20.1735386750492	20.508535744344	-7.55749713174357	-0.9058150643145	3.67513924550994	3.79333379453088	-7.03592812574369	1.11579022561786	0.736280133232871	-2.72086982994125	GTEX-12ZZX-1226-SM-5EGHS	Normal	GTEx
-25.0647984410987	-9.56731876423026	2.29640680428759	1.48665806027896	-5.04047979010177	-0.915951339147514	4.03475147934483	-3.17264986232778	-0.389616093063261	-3.20133840637752	GTEX-11ZTT-1026-SM-5EQKF	Normal	GTEx
-24.3264825792908	16.1194428981539	-7.55960938564741	2.88702404255028	-4.24926585900771	5.69144673481367	0.989867219185002	-0.537978687541675	-2.15826601895489	6.18049704723483	GTEX-139UW-0126-SM-5KM1B	Normal	GTEx
-27.3749958762212	-0.115546170142979	2.23794182437245	1.16735580575791	-4.0858875324432	-0.13904560122909	5.00163348817116	-2.8648634296394	-2.05664821030533	3.32599853465879	GTEX-TKQ1-0126-SM-33HB3	Normal	GTEx
-25.1606523734912	-5.85813525618841	-1.14814754619309	3.02353183259969	11.2692345096726	-6.92816675434606	-3.36783125922702	2.14860225104707	0.18947722503532	2.80556987287377	GTEX-WK11-0926-SM-3NMAU	Normal	GTEx
-29.5692881340468	-6.13969858472941	5.35874750631846	0.819590433578736	-5.30932513779472	1.45491877380545	3.07720443237437	-2.0751123936665	0.91771059571195	-1.31352303913546	GTEX-11P7K-0226-SM-5986Z	Normal	GTEx
-24.6607729053536	11.7967351455271	-5.85744518895506	-2.86129114300393	0.565854285270994	3.53150663357735	-0.383875559334885	2.7176514552394	6.21499481287019	-4.26477202078527	GTEX-OXRK-0626-SM-2HMJ5	Normal	GTEx
-32.089618025375	-1.9466315615134	2.29994118828831	-3.17579453167254	6.4841874640448	1.44273844200119	-7.60181717441187	-1.41846239511351	4.18495291785942	-3.40461457680442	GTEX-Q2AG-0826-SM-2HMKF	Normal	GTEx
-25.9173792181212	-0.742796588765847	0.188113922388987	3.34826540893498	9.45181386427914	0.513396798768804	-0.0789633932167151	-0.458792185505944	1.93040798800085	-2.43541418125999	GTEX-ZT9X-0226-SM-51MT2	Normal	GTEx
-29.3009335411748	-3.89149031023021	6.28637654358201	-0.905084046545523	3.30334325694279	5.38927771077389	-0.803664311410066	-2.53097688115863	1.26854781129992	-6.32297261015173	GTEX-PWOO-0926-SM-2I3EC	Normal	GTEx
-14.3331372951395	23.3710746419978	-5.20030193227138	8.3246706917273	3.32986982239037	10.4061249866357	-6.23806195956538	0.78440078959092	-9.18948348303775	-5.1694115538258	GTEX-WI4N-0926-SM-3LK7K	Normal	GTEx
-25.871619601486	1.86009083557817	-1.90087916651154	3.63053655571635	-4.84546378757733	-0.430219206878744	5.86554073564086	-4.24491340320786	2.13901580047578	-4.47227425219236	GTEX-11I78-0526-SM-5986A	Normal	GTEx
-27.6157280285364	3.59831154408158	-1.22354337310223	3.22404887309544	-3.48702374276272	-1.62189764558967	6.75847648763229	0.385729548757849	0.927686445277923	-4.7282787322365	GTEX-ZGAY-1026-SM-4WWBR	Normal	GTEx
-24.9053049884083	9.18023784942242	1.95324832597084	4.53133575747258	-0.938341873907211	-2.0434323216415	2.17552746069262	-2.12626031405312	-1.16021273068002	-0.112110508927777	GTEX-1497J-0126-SM-5Q5BK	Normal	GTEx
-26.5196034847582	12.0952058213662	-7.37515041938338	1.27577918438672	-8.30652237657346	1.61030100100343	7.86108430637075	1.77512172858128	1.17292684831507	2.00848211452726	GTEX-131XF-1826-SM-5EGKG	Normal	GTEx
-25.7669831202984	-5.1989965949261	5.79009044453822	3.93183900344267	-2.6141864989357	0.161598264135606	-4.25522224889707	1.42794575239582	0.32815356441037	-0.326654254298285	GTEX-131XE-0126-SM-5LZVC	Normal	GTEx
-27.4771500957889	-1.55175526953424	2.43882904047977	5.02900821031936	1.38494487828638	-3.26430892357636	0.409218134925388	3.75086549067164	-4.66172054392924	1.18038076889252	GTEX-146FQ-0726-SM-5LUA7	Normal	GTEx
-18.5831213596332	18.5793749513207	-9.63463483543675	5.36107589270126	5.95920000718521	3.21127559509719	-5.10459276269627	3.03648062150253	-2.82840457420549	-4.06144019920065	GTEX-ZYY3-1926-SM-5GZXS	Normal	GTEx
-26.847561222974	2.24484388202513	-3.63008944301136	-2.08504958993613	-2.00175740773763	-3.98438405872516	3.40831095604975	-0.921343392381355	1.75011096464547	-0.455778087377227	GTEX-OIZH-2626-SM-2HMJM	Normal	GTEx
-20.9969763820135	10.4680261716542	-3.76497443614704	7.12652198804538	-0.37710241328988	2.55473387730373	-6.96428120836654	5.79127583019456	-0.101355377437681	0.873357725184899	GTEX-TSE9-0626-SM-3DB8B	Normal	GTEx
-26.5213867401477	1.32126462795017	-0.324400457412478	1.44029850365369	-6.88161049138615	-1.6976024589526	6.17033114251865	-1.04529739387017	2.7503790601001	0.893227386471578	GTEX-ZA64-0426-SM-5HL96	Normal	GTEx
-22.1784760746781	-5.99531858850052	-3.05011850263562	6.40568576147014	0.207437494345165	-0.830419315204086	9.26788438059676	-2.32215823606325	0.875894827602336	-5.36656584816933	GTEX-1122O-0226-SM-5N9DA	Normal	GTEx
-23.8619541758898	23.2760705026796	-5.08686008534491	-0.936021313837665	0.119664459465274	7.37985243989051	-0.0826404348129883	2.36380066483657	-3.230955470703	-4.28950180636905	GTEX-12WSG-0226-SM-5EGIF	Normal	GTEx
-27.7686904638165	-5.32967249203642	1.7595029167454	3.82314132852255	6.71382895634761	-7.94353586515904	-5.30224899343545	2.43146597885856	0.624820648710887	1.6901949370782	GTEX-12ZZZ-1226-SM-59HK1	Normal	GTEx
-30.2344533791752	6.32022006921851	1.06921859533129	4.99018890376776	-4.4084236729802	1.145927159348	6.85798861748257	0.32794617696848	-3.19803302346191	3.46953999218402	GTEX-13OVG-0226-SM-5LU93	Normal	GTEx
-33.4184802658225	-2.09055950484283	6.29447050618209	0.456804886457839	-2.32991515010286	6.04092191154001	2.55323644903752	-1.61431647739776	0.564268724902735	-0.69629794197654	GTEX-NFK9-0726-SM-2HMJW	Normal	GTEx
-23.4754119342247	6.29174462454978	-0.287267161267611	6.17544098025991	-0.244282035484124	0.775638926909172	-2.43509365465534	3.00668038771843	1.96543907111299	-4.57158706928257	GTEX-XV7Q-0326-SM-4BRVM	Normal	GTEx
-10.4366615785461	-15.0355883730712	-5.98287470053973	16.4975981770851	-0.253762110620443	-6.52010518858036	-1.28684626302127	1.60632932176564	2.73418947965268	3.0109433829431	GTEX-R3RS-0726-SM-3GIJR	Normal	GTEx
-26.7827473907052	8.3085379334824	-4.63182829965133	-4.38001352918832	-2.96445315706246	3.84899113513765	-2.46114398322743	2.88315113504232	6.55200920904172	-1.83494883361908	GTEX-W5X1-0426-SM-3GILB	Normal	GTEx
-28.7699312546082	-1.19348357716628	-1.08859840480622	3.16549136395576	9.95413562201757	-5.94061404900509	-4.52727856714811	3.35122491886895	-0.740530327825577	1.24676710439564	GTEX-11EI6-0726-SM-59866	Normal	GTEx
-26.2225267059478	1.12639192650885	0.826484032899782	3.49394500890861	-5.02597630765743	-0.47049350849332	3.29305538817872	-1.30402750876943	4.57476692209051	-3.27480621329618	GTEX-RWS6-0626-SM-2XCAS	Normal	GTEx
-23.4738221480718	-10.6418447208931	-0.170031531011792	8.78880673101729	-3.15508551107222	0.649924723911874	5.56519369554992	3.07471617580991	2.35853921673755	3.12791836092142	GTEX-14ICL-0426-SM-5RQJ3	Normal	GTEx
-22.792487537696	-1.08916608861435	-6.24752788380861	7.83436330985342	5.5262545610194	-1.90504022856108	-1.89903465592394	3.35170455414726	2.62432613016246	4.42196458720841	GTEX-ZXG5-0926-SM-5NQ8H	Normal	GTEx
-30.3870924605114	3.35157923654301	2.94385407944008	1.60053025053911	7.42600979669341	2.47303446610354	-1.25596546803508	1.09028994463038	1.62385729847321	-3.04528826161696	GTEX-SN8G-1526-SM-4DM79	Normal	GTEx
-28.3616298594204	1.87920213181491	8.42549895039674	3.45522784758923	-2.37721234901161	3.66142040361088	-3.7876014368384	-1.10222234268507	-2.89716603247644	0.109508726835082	GTEX-14C38-0826-SM-5S2U8	Normal	GTEx
-17.188514287148	-1.53761194109091	-1.48814601027515	5.58858213786442	-8.50255672050304	2.41903536386743	6.01519007520931	-5.61957806849489	1.79904545739906	3.39006596114727	GTEX-ZT9W-0226-SM-4YCCZ	Normal	GTEx
-30.2827542767598	-3.6761159833037	4.12605701460882	0.655776699209979	-2.61305863428286	2.29352306590725	1.52057247445742	-1.64145816595581	-1.6471422843041	4.69089165874108	GTEX-QXCU-0326-SM-2TC63	Normal	GTEx
-27.4982326113666	-4.29051251356827	5.09031377132809	0.167495193001565	-5.40781935843962	-1.97240057764893	5.62954218371267	-4.5879013354487	-0.655970811326745	-4.56227163674391	GTEX-ZV6S-0226-SM-59HJT	Normal	GTEx
-31.6963490549108	-2.67292516430393	6.29062018681863	7.42201261795919	3.9505763261157	2.17123789202349	-2.09827527536481	-0.795655836716537	-0.91855779935149	4.22456606939392	GTEX-14753-0926-SM-5Q5BI	Normal	GTEx
-27.8417456471288	2.76361253140109	1.18808566792117	-0.406807510962762	-5.47119977803584	1.39143779793487	6.68448653951749	-1.3796582708576	-1.56840049758786	-1.17187778140721	GTEX-P4QS-2626-SM-2I3EV	Normal	GTEx
-28.5899603653001	-6.52946663863525	2.57370018003219	5.06766795697594	-1.55822785890745	-1.14428830880943	5.01326347345471	-2.4134910209947	-1.58854752227398	1.63614370221841	GTEX-XBEW-0126-SM-4AT66	Normal	GTEx
-23.8711481167129	-7.82662142449335	1.28213288368245	8.66626597822416	5.96987546680786	-4.22799163078058	-0.66900675843536	1.69528437188797	2.05041426902828	3.69880447906214	GTEX-144GO-0126-SM-5LUAO	Normal	GTEx
-26.3752484777398	-8.35884333764374	-2.14734500233243	1.32873550546707	8.54237961635556	-5.49918708105116	-0.77759366674406	1.20374388893409	1.05752710670171	0.0889247583852842	GTEX-111FC-1026-SM-5GZX1	Normal	GTEx
-24.0907949809877	4.47460241474088	-4.98778972509318	-2.63874581527994	-3.44523009702453	1.48686129675389	5.82839432824767	-3.78367491911362	-2.36323101115474	2.41179477176546	GTEX-ZY6K-0226-SM-5SIAY	Normal	GTEx
-30.583493108961	6.74358586479093	0.868949727625834	-0.232120474867993	-4.91802087449943	-0.435340733303472	4.50315044424459	1.08202476332634	0.562853235168156	1.42629909323128	GTEX-12WSL-0626-SM-5GCOY	Normal	GTEx
-28.1947512052702	-2.74725164234899	8.0369135372752	4.02727092541471	-1.48784904709652	1.96446197628904	-2.87813826203194	-0.976953960680291	-3.91994516727106	3.03206637484858	GTEX-13JVG-0926-SM-5IJE1	Normal	GTEx
-28.9664256918	-0.273309445630034	11.0604164039625	2.29892711785357	0.861890325242684	3.65505201204492	-2.8959830027406	-6.29841267948176	-9.43130003687732	5.17973847922929	GTEX-14A5H-0726-SM-5Q5DW	Normal	GTEx
-31.1445183517791	3.13863703512832	1.46742862493158	-8.41271745448156	4.81149457464955	2.26419442309839	-2.73486050924266	1.00331148825978	6.43100845184671	2.23805598135098	GTEX-RN64-0626-SM-2TC5V	Normal	GTEx
-26.217899082717	-4.08295307592501	3.96562851227153	4.24999228834749	-1.31880335343651	1.57197168983044	-1.21143948333692	0.571324894971737	0.11476103645256	1.93911132058415	GTEX-XXEK-1326-SM-4BRV1	Normal	GTEx
-23.9743392269804	0.444212450085114	-2.48698966779186	4.80771661606705	-6.51653677718529	-1.78894265839	7.63020331900341	-1.02175501450763	-2.9345923818882	2.25318578591268	GTEX-XGQ4-0426-SM-4AT4I	Normal	GTEx
-22.7111682903922	-8.25215568614294	-3.67577077478067	4.45015376320198	1.56443557047988	1.49201911926144	7.3374801685056	-6.12787740623463	2.87898631710226	3.25251989806157	GTEX-YFCO-0326-SM-4W1ZP	Normal	GTEx
-31.4346491458676	7.11995091736993	2.34896757862152	-1.85251257539029	4.13266553624374	3.75045445912081	-2.17698590873941	1.54264674071269	1.50626052673065	-0.638017981978629	GTEX-13N2G-0726-SM-5MR38	Normal	GTEx
-28.846915869782	-5.18117959494884	-0.805031598734741	4.75209864076411	-0.793308979329601	-2.32963624333383	6.01773803257022	-0.813623847671885	3.09690132569592	1.4134485430507	GTEX-WH7G-0526-SM-3NMBI	Normal	GTEx
-29.2307861201573	-7.7610232945804	5.65218906867171	5.5624350549943	-0.540463195444292	3.31692840473037	-1.12193078019531	0.47923186862478	-0.528113362632814	4.15133585978033	GTEX-ZYW4-1126-SM-5SI99	Normal	GTEx
-23.7684153205879	5.69090383603457	-4.32103424243708	-1.88001250351343	-4.67779646109755	-1.47953730633982	3.77029146473153	-1.3886639536484	0.960205815878207	5.71753020994555	GTEX-XMK1-0626-SM-4B65A	Normal	GTEx
-28.0593119792193	-2.90656658183008	-1.91588815123299	3.90024966859416	2.77491329030215	-0.527142396897279	-5.7497953496006	5.47785371988833	2.3653075409271	-1.48820527998741	GTEX-13PL6-1026-SM-5L3E5	Normal	GTEx
-14.1469437107443	-14.9734869268059	-4.45146390325026	19.2936141441775	0.788150732301144	-4.32225380075044	-0.0253152211241088	10.7592393815523	0.451066466477571	-1.75248946612632	GTEX-RTLS-0626-SM-2TF6G	Normal	GTEx
-29.4704736486361	-4.34622869020063	4.42347636572004	0.341235359823717	-3.06312227745396	1.07205853074657	-1.26373208471028	2.58150523033866	4.05005473277749	-4.16317757602346	GTEX-13N11-1026-SM-5K7XQ	Normal	GTEx
-28.9258737093263	-1.4381399825014	1.57828681445825	2.25917336161082	0.334612257964623	1.8393210839666	3.79976951939786	-2.15956672422669	-0.657597803916131	1.0520540508429	GTEX-Y3I4-0226-SM-4TT27	Normal	GTEx
-25.8914574819298	3.12364403641698	0.583768790914859	0.952261842543677	-3.11198492515677	-0.00233366851308699	5.57921840278542	-2.88533226264181	2.75881999618745	1.6818858997793	GTEX-Y9LG-0426-SM-4VBRT	Normal	GTEx
-30.1395482052589	1.37908721218835	5.81714093589468	1.46398816283932	-6.72870084209624	-2.08070915633191	7.01838763841236	-2.63187880891156	-2.45020577624239	-3.59573804493942	GTEX-Y114-0626-SM-4TT98	Normal	GTEx
-31.1071092798723	0.0595676051631316	6.00763126599837	4.09222165943685	-5.15666291359471	1.72552452618583	4.9031023142424	-3.51623187163259	-3.86605281657125	-0.583806917306841	GTEX-X5EB-0726-SM-46MVR	Normal	GTEx
-23.8872128668891	2.90840136135544	-6.54770140711519	0.637449891804039	1.51554011695622	-3.92366790315959	-4.32285524629664	6.67827046569829	2.47241885083556	6.0196914250475	GTEX-SJXC-0726-SM-2XCFJ	Normal	GTEx
-28.4432387090616	-2.85196512618058	-0.200931116260474	0.839468457351661	8.21358101241697	-0.929561072959725	-2.75812503438145	1.346917123439	4.77195356189456	-0.0933589044624982	GTEX-ZYT6-0426-SM-5GID3	Normal	GTEx
-24.8789761034509	-2.06380171030369	0.350731810786015	5.40588838965543	-1.10765084131415	1.51630404424613	5.95881294926301	-1.51884926339446	1.50282777366175	0.10640405292581	GTEX-P4PQ-2626-SM-5SI7K	Normal	GTEx
-23.4810991015391	0.381136628774084	-2.00888044583959	5.99061325447064	-1.82811345288343	2.88289121919287	-2.3301308659359	2.46477847925015	6.59061942226495	-1.75369788779379	GTEX-Y5V5-0326-SM-5RQJG	Normal	GTEx
-25.2687187681649	2.10374683219123	-0.810305732134594	-1.45216423115692	2.8365244361976	-5.06243726132297	-0.620894279850335	3.23566688902037	0.752585595826482	-0.988648582659643	GTEX-1399R-0126-SM-5IFEV	Normal	GTEx
-30.9965966476651	-4.12289850761661	1.49608266742283	1.66797211087406	4.18941440360884	-5.12674453246178	-7.52891703268342	8.08536393368811	-0.273689614308817	1.10016879807916	GTEX-S7SE-0726-SM-2XCD7	Normal	GTEx
-30.2801853734985	3.39640417221258	-0.0452967293322588	1.01936590232378	-4.50722235263049	-3.05490749923875	5.72383791945808	0.359380317224798	2.18895785682598	-5.06740296156275	GTEX-XUJ4-0726-SM-4BOOP	Normal	GTEx
-25.1256679569434	0.601521484713166	-3.15821623226653	4.04312343169983	3.0820631119928	-1.92984839489511	-3.02477279411509	7.62516778843556	4.47039580490079	-1.45446149666831	GTEX-RNOR-0926-SM-2TF56	Normal	GTEx
-23.1723532602327	1.54690511609957	4.05864647943231	-0.685356255940133	-6.64291062860284	6.84325043657114	-1.7230803919457	-6.23206259093268	4.34776711194396	-0.47646388784641	GTEX-13113-0126-SM-5LZVX	Normal	GTEx
-26.4122847095883	-1.24998188742336	3.89776998130905	7.25773743105027	0.898762352769724	2.7003815092039	-4.8016232048664	-1.94997048798002	-1.81500978747516	0.708541835690878	GTEX-WWYW-0826-SM-3NB2X	Normal	GTEx
-25.4487718868906	23.2024297349295	-4.33268372686076	-7.30466470179095	4.57646865451167	8.0986834828341	-6.23389355714537	1.7960724583007	-0.0882130977561699	-0.0685890699516369	GTEX-13NZ9-1126-SM-5MR37	Normal	GTEx
-22.4401287382595	1.18613124882389	-5.37654855268085	6.82981827645814	3.33373937838927	3.08114824967594	-0.164730277611226	1.64997726439141	0.401153775793517	-0.653956592875954	GTEX-WYBS-1926-SM-3NM8N	Normal	GTEx
-21.1619517096584	-3.93816089082708	2.92231975804482	9.44340966725912	10.3278372084087	-3.03017479211099	-5.77097298637979	1.86974406562712	-0.0459925801857741	0.304689207349045	GTEX-12WSH-0226-SM-5GCOG	Normal	GTEx
-21.6631020141088	-4.68413328702888	-2.56345025219535	3.58173586051274	7.3755195855831	0.850697247430429	-2.60855097755331	2.14661762317042	6.24688806630261	-0.155007025706085	GTEX-11TTK-0826-SM-5N9EG	Normal	GTEx
-26.9783087461606	-5.59616762767661	-0.272797383326098	0.896286586515218	-6.02297968499993	-0.413621988836736	4.38704786482137	-1.59113588102012	0.701132806522288	-3.0320834235942	GTEX-XUZC-0126-SM-4BOO6	Normal	GTEx
-24.9460013527941	-6.9770899103788	3.8283713625904	15.1855245502218	-0.0698888109952662	-0.0902576537106179	1.75080054071715	2.68384330731183	2.85563449449816	-0.0982831452774561	GTEX-POYW-0826-SM-2XCEM	Normal	GTEx
-24.514104171189	-7.43579608702218	-1.76492825684371	7.39797505385306	6.80100836408124	-2.70722820160059	-3.67216302532314	1.09834538482572	1.51912119263422	4.25465312379901	GTEX-XLM4-0726-SM-4AT64	Normal	GTEx
-24.4654498483707	3.1047302936808	-1.15498577928646	2.80228146246021	-5.14965409588535	0.603700435022745	7.12441363399025	-2.63567959721781	-0.791303081372938	-2.65090176946849	GTEX-131XG-0226-SM-5IFG1	Normal	GTEx
-11.9220828303835	-14.623460454554	-6.96872119366416	18.2960337171724	-1.86616447871123	-7.75215362220539	5.84141324637234	8.89246486400454	0.788476821272265	1.2144886754263	GTEX-WFG7-0326-SM-3GILI	Normal	GTEx
-22.5398173632686	-8.4563581641731	-2.60818528079518	3.94425088174293	9.17569333946508	-4.98579019574686	-2.91276040736607	4.02355005076893	2.08347449259349	-2.16844295077171	GTEX-R55E-0826-SM-2TC5M	Normal	GTEx
-30.3363040468101	-5.37799313702942	6.86205003149158	0.844716177448109	-4.64835566440481	-2.33737750442404	3.84973466592458	-0.660036727137829	1.98521916678439	0.700327276561078	GTEX-XBED-0126-SM-47JY7	Normal	GTEx
-24.5212003835296	-3.88210319069399	4.99092943612459	12.7260047759533	-2.08792991205096	8.70820913803035	-0.0593208985597233	-1.48582280397289	-4.71163749263171	5.70061075179071	GTEX-14E6C-2626-SM-5RQJP	Normal	GTEx
-28.8846430552094	2.04725315162529	-1.66505064721396	-3.73621500866057	-2.20249817042827	0.977005450296346	1.08115647823262	0.23902385995274	5.70999817467204	0.285719422199516	GTEX-11NSD-0126-SM-5987F	Normal	GTEx
-14.1039074893209	18.4516331308273	-7.55942715209359	6.09276626029709	0.465638478825314	14.6889676680654	-4.54848750672463	2.44477216640264	-4.46145115973987	2.24894078081472	GTEX-144FL-2326-SM-5LUAC	Normal	GTEx
-29.2749538573772	-1.90131156728527	4.41743515201485	3.01062374735803	1.00729586074022	3.41204671047277	-4.19406115618966	1.85991796275898	3.41472238054693	-3.25804351978405	GTEX-ZC5H-0626-SM-5LU9K	Normal	GTEx
-32.2656881794718	-3.29858096621062	6.77741713664185	1.68588069926447	-5.62497427254703	1.03626391495728	1.86763416019714	-0.0759468058074695	1.87801759795909	-0.271285472342771	GTEX-U4B1-0626-SM-3DB8L	Normal	GTEx
-30.5204435198294	7.20387305808085	1.19528615074791	4.17537786232872	-1.66314136322946	6.87443378874324	-3.67735575002828	2.58567893985833	-1.16109025550535	3.69478258138851	GTEX-13O3P-0726-SM-5J2OM	Normal	GTEx
-18.2771254361561	-11.9956355162014	-2.83617594045638	11.7473940838193	2.12698642623505	-1.70697894862614	7.49787425604278	-5.52919684512582	1.17572259870311	3.5775227673219	GTEX-YB5E-0626-SM-4VDSE	Normal	GTEx
-27.1721820952673	-4.87117149899557	0.221821953346116	2.82017879050797	-8.62070261671932	-3.79076372695078	7.60198656317777	-1.07149183951528	-0.903245637251157	1.20254952489394	GTEX-ZVZP-1026-SM-5GICI	Normal	GTEx
-27.3779353469796	16.4190650728029	-6.57525087336691	-4.5071106186405	3.37968418586602	6.28263086709487	-3.67818961909888	4.55999478984419	7.46804739129731	-1.86089280747511	GTEX-14AS3-0226-SM-5Q5B6	Normal	GTEx
-25.9625579934319	3.05674979045269	2.72037814653027	9.56856650126402	-3.38086343876665	7.84337563273535	0.190155900057973	0.555682348922659	-4.95598643503636	5.17721968583269	GTEX-148VJ-0726-SM-5LU8J	Normal	GTEx
-28.1671918556057	-8.70703975910818	1.38873309005221	-1.03622288038598	8.72672084829697	-2.32956007023529	-6.14509917293792	2.25768736826763	4.73367834058448	-2.42043598342379	GTEX-1313W-0726-SM-5EGK1	Normal	GTEx
-28.3295616119676	-4.35999822849757	1.72005637962645	5.1196020579953	2.48576437324902	2.01404585897667	-2.21199954529871	2.05886703166028	3.97939730330241	-0.253951649236294	GTEX-X4XX-0926-SM-46MV7	Normal	GTEx
-24.7540086107566	-6.31852487990774	2.40843096460337	4.59452670029957	3.04302644679312	-2.6667568089127	-0.12285669021279	1.24936337432292	2.68032410125098	-0.305385817793357	GTEX-1192X-1126-SM-5EGGU	Normal	GTEx
-27.8282856831501	7.29006786062502	-2.54343738689528	-3.83673877676577	-8.06091521359689	1.31756870880061	2.36365076310757	-2.87441166633884	4.99117033802893	-1.83019461644039	GTEX-146FR-0326-SM-5SI8U	Normal	GTEx
-24.8568075420876	-7.74885782175694	4.23706781873075	4.3417847124136	2.52268625530435	-0.437837535900739	-4.01814755223543	2.06308677933009	1.50837957458658	-1.18427309934967	GTEX-11DZ1-2726-SM-5A5KH	Normal	GTEx
-23.1431605240079	-0.288524859667094	-3.70805687502658	3.83270172759166	-1.52704776749088	-3.76495102694818	3.63892668607618	5.86787697971947	2.83929096095928	5.04882175716699	GTEX-OIZI-0726-SM-2XCEI	Normal	GTEx
-23.6652244698797	-5.00686831920118	-1.74567847296732	7.56893224077305	-3.72246530207167	-0.776784872504158	3.12065823198034	1.49017594824597	0.447591253692915	3.46228554444479	GTEX-P4PQ-2626-SM-33HC9	Normal	GTEx
-24.1016620477987	-1.50775614143041	2.88147086731701	7.62800745112526	-3.02838593873254	4.21718615246093	0.880280772368483	-2.4670290498749	-5.07562500617475	5.49857592991974	GTEX-11UD2-0626-SM-5GU6L	Normal	GTEx
-31.6906191262388	1.49670549583627	2.69761893041727	-6.59272916338185	0.515428694299745	2.23883973475522	-5.4136431125615	4.86479245676976	5.47939904266458	-5.73184161610855	GTEX-Q734-0526-SM-2I3EH	Normal	GTEx
-28.224723366848	8.58106688739131	-5.91329352238983	0.988203947393485	-4.27365036742224	3.3304432719593	4.08406930966387	-0.0243398106406916	2.912211196888	-3.00753290142397	GTEX-ZZPU-1326-SM-5GZWS	Normal	GTEx
-33.2337065077385	-1.27110065918524	5.24623254263769	4.56977703557396	7.51977161906847	1.27235356643723	-4.69353860074915	0.84098001092042	2.81681005335998	-1.22360033840478	GTEX-13W46-0926-SM-5LU3T	Normal	GTEx
-26.869921173288	-2.51253895758023	-1.88150218751213	4.74747475826372	-6.56489646249865	-4.51455432663303	8.44738715473834	-0.122963181483276	2.80457465893499	4.80703474631491	GTEX-UJMC-0326-SM-3GAE2	Normal	GTEx
-29.7295137291124	-4.77569129393196	4.34828234680719	4.83488684485821	-3.41023195232856	-2.02444041633706	1.05930840569695	3.06640700475134	1.10835541825929	0.590487956797831	GTEX-SUCS-0226-SM-32PLQ	Normal	GTEx
-28.1065584971909	-6.28467883109014	5.65169722794132	2.36980104728739	-4.24861485878196	2.36047567610928	4.55788506956013	-1.49387439804244	2.63912654531822	-4.23961576511913	GTEX-13OVI-0826-SM-5KLZ8	Normal	GTEx
-31.1918774568432	-7.39424387749294	2.86395694239748	2.34146896363869	-0.516138033371046	0.768012295743378	4.76132095009096	-2.80042907383341	3.14031746505682	-4.5004172080677	GTEX-13VXT-0626-SM-5SIA1	Normal	GTEx
-19.5978396626398	-0.335393033437238	-7.36751306769218	7.07889754647122	-3.31499210339787	-3.01271762830415	-1.14896574549277	5.40737586380086	1.0624607784156	3.39231287759092	GTEX-VUSG-0426-SM-3GIKD	Normal	GTEx
-25.3286587580957	-10.0836159559335	2.95937555208593	1.39254957855336	-10.0258618955616	0.741661258748209	5.90658051768893	-0.973623408488508	2.3369659575183	-1.227300277015	GTEX-T6MO-0226-SM-32QOL	Normal	GTEx
-25.022567863571	-5.6046519046996	3.46236553471129	4.19039285070752	7.2349357820439	-5.13504037767076	-3.03231470768383	1.45147075576124	0.375225089298046	1.27410557814787	GTEX-13OW5-0626-SM-5J2N2	Normal	GTEx
-24.6575790380725	-9.07453304836405	-1.2907670064603	7.29757051636695	-5.22577122346237	0.766464282612876	3.68585143310966	0.74820720509952	2.97842767613032	-4.71218557088956	GTEX-RU1J-0226-SM-2TF5Y	Normal	GTEx
-22.1677932523735	-9.789152038391	1.39457078650084	7.60469431175918	-1.21026294333791	-3.67495408439497	3.72724583154838	-3.07252912879273	3.70365961415777	2.12557257308828	GTEX-117YX-1226-SM-5H11S	Normal	GTEx
-29.4553830508056	-2.80482203698755	3.61736046624943	2.5870296109934	-6.03665432397282	4.73055446167856	3.50664290209918	-1.10038833643376	4.34572761226815	-1.18970038351154	GTEX-12WSK-0926-SM-5CVNQ	Normal	GTEx
-22.5702448363578	-7.15172716391736	4.62463010559528	10.0774270925475	0.651040171786142	-1.23754747640537	-5.11722694366667	0.603584925175819	-6.3486031425237	5.81943738418447	GTEX-WHSE-0626-SM-4RGNF	Normal	GTEx
-27.9589989977464	-6.22481367411354	2.02613991011791	1.1056595715111	5.20940782130072	0.857896184024779	-4.50266681614041	2.59750453462187	5.9821977601312	1.28838543963928	GTEX-QV44-0826-SM-2S1RG	Normal	GTEx
-15.2904912211221	-0.00210542882393952	1.38387162261795	6.96093956408616	-4.43922616828191	6.33971606912873	1.22126802766171	1.11847171657456	-6.12698597279321	-11.6792660053465	GTEX-XYKS-0826-SM-4BRVF	Normal	GTEx
-21.0915655979517	-11.6898998078882	-3.4600021828994	10.295044284901	-3.68148326464151	-6.00521005156167	0.986095665778677	3.1571654032246	2.37417937974849	1.67213931503394	GTEX-OHPM-2626-SM-5SI7I	Normal	GTEx
-23.6497173346467	2.76541151889724	-7.16567154045277	5.50760761827643	-7.72207789000648	0.777581215933717	5.88589865536516	2.24679913534422	-1.3953522829196	2.29692835732728	GTEX-R55C-0626-SM-2TF4Q	Normal	GTEx
-14.5313951320568	-17.4202290560085	4.36065615043232	-0.0137657302829376	-7.83456522924133	6.95427255142298	4.91161409652317	0.269138446507549	-3.88908631817304	4.37936902623472	GTEX-SIU7-1126-SM-2XCDW	Normal	GTEx
-31.363640187115	-4.61527372727848	4.46737608921521	1.02430514638073	2.92728828080404	1.62154274537884	-1.17261801780218	1.03619167437694	3.30339698457422	0.626174466881214	GTEX-V1D1-0926-SM-4JBHQ	Normal	GTEx
-22.6948662028998	1.31050595274567	-8.12947924846637	3.62750951222775	7.88748078217984	-2.86766097515479	-5.61032095870579	6.12754238379475	2.63780456119879	5.73282719544008	GTEX-Y111-1926-SM-4SOIS	Normal	GTEx
-14.2614442016611	3.38643095161803	-17.1978736225299	10.1788676184387	-5.03110881897105	-2.3537104364372	7.14793797787739	6.877613119131	2.06679383950341	2.66512070229247	GTEX-V955-0426-SM-3GAEL	Normal	GTEx
-21.3324855910108	-9.67492517243209	-2.34924385801033	9.70102122197467	-8.66753415548886	-5.35004179929404	6.81396071401939	3.41137406834491	0.583298921718246	0.694473476407855	GTEX-SNOS-0226-SM-32PLR	Normal	GTEx
-25.5290908571949	-7.54572533849286	5.2856667095764	6.87827205164085	-1.95943174131461	4.65589629200222	-1.70751398723329	-2.29472384949775	-0.578160147069696	-3.38543850882566	GTEX-12WS9-0726-SM-5FQT7	Normal	GTEx
-19.0401242337591	-13.020033139811	-5.69680909020463	8.63060898179444	-3.44469781241412	-6.19033597961497	1.02945833831027	5.07792626903364	2.8106386592142	1.46372946861281	GTEX-OHPM-2626-SM-33HC5	Normal	GTEx
-31.9177420326185	-6.86492316598033	5.96005922340602	-0.479044705067	-4.01498047530841	1.78108033798773	-2.77775196835723	1.50233531310973	4.15603811807891	-5.09590330417756	GTEX-11P81-0126-SM-5HL5Y	Normal	GTEx
-16.4390408601215	-17.2746227285813	-2.36578244927615	6.22768252651848	-1.92266505373363	3.16584562615693	-0.80242671975505	-2.47465011160372	7.06421354893703	5.03303207104251	GTEX-11GSO-0626-SM-5A5LW	Normal	GTEx
-17.1140958166254	-11.9112377486664	-2.61828740918423	14.2855253614433	-1.02037974261535	-4.74385561215704	4.84276909705398	4.06180350901238	4.45689765374038	-1.64906212563563	GTEX-UPIC-0226-SM-3GADO	Normal	GTEx
-26.3313714735472	-5.76071116045019	2.49062363427125	3.65749238876335	-1.19785393460979	1.91328008893634	-6.07971323581566	1.092571890702	5.28107018955642	-1.78837893521655	GTEX-13IVO-0926-SM-5KLZP	Normal	GTEx
-23.2614720167563	-4.38377289389167	4.68467726637873	5.93993408353871	2.53027443806557	5.02478716323082	-7.33439106012044	0.466381040952335	2.35801390866027	-7.90023126797031	GTEX-145MI-1126-SM-5O9AK	Normal	GTEx
-22.2789908342734	-4.69799457475608	0.806449881227985	5.00468592827726	3.21715814330281	1.99936671143702	-4.22995827421214	1.16859394601779	4.62194592938646	-6.44017282037942	GTEX-OXRO-1226-SM-48TDL	Normal	GTEx
-22.3182202234375	4.87846818119151	-3.14852749162662	1.81576701313124	4.02694857378174	5.50319844588673	-2.22356261076136	4.20440940440859	6.33162366709775	-6.53616033442024	GTEX-13NZ8-0226-SM-5J2OK	Normal	GTEx
-22.3497302022179	8.80749286839962	-4.78932775394394	0.921013350071837	7.39516467420514	7.36706795902109	-4.96355747548492	3.35548357750973	5.87598909371192	-0.519784711829931	GTEX-11EQ8-0826-SM-5N9FG	Normal	GTEx
21.6544285636779	-35.1932465554953	-15.8465220066886	23.7345334972471	-10.4353325431733	5.80884738131668	-7.00672287807564	5.32031552897211	-5.19356340686726	-3.74824642459782	GTEX-SUCS-0226-SM-5CHQG	Normal	GTEx
14.0039079918396	-17.5216516037572	-10.948444698183	9.04537621773975	-0.852187353454203	-0.0310017946314166	-5.06651647502281	-0.843036125464761	-5.03302935086684	-2.88566901539624	TCGA-EM-A3O9-01	THCA	TCGA
10.1293015344812	11.4126610668546	-25.6023970626147	3.19683609515153	12.1861164056216	2.86933985444806	0.137410297570401	0.146829953084994	2.76623854700063	-5.55682059718491	TCGA-BJ-A28W-01	THCA	TCGA
10.666430254835	-13.1590387528051	-4.52410738310989	-1.76861997687671	14.344100587908	2.63823006685617	5.7279881764235	0.862542654355168	-3.49918545938801	-2.59120395832137	TCGA-ET-A40P-01	THCA	TCGA
17.2373854561379	-4.38063302285504	-21.4471544930459	9.52316459089026	0.0362643042649407	10.3359785260491	-4.14231598917002	-3.6139194950747	0.230096254693265	4.71929325726106	TCGA-DJ-A13R-01	THCA	TCGA
10.6713163844598	23.6774021595746	-4.59166626240957	-0.165935346461917	0.882812780313569	-10.6789443853074	-5.55055224962638	-5.00889685257477	-6.74077090014531	-4.84433190566635	TCGA-DJ-A2Q9-01	THCA	TCGA
16.7705748306725	8.74915347895152	5.10439367024125	3.67194950290351	5.93228290428463	4.51670281448608	2.34017485722244	-5.55133921133535	-0.829920802361621	-3.14279423401916	TCGA-EL-A3CR-01	THCA	TCGA
-0.379257372980315	12.516003225326	-8.19064438129501	-1.75348387614485	4.11307945119195	-10.8484073750078	-3.44537949919204	-3.58883031067891	-0.360989810157564	4.37734587987917	TCGA-EL-A3CO-01	THCA	TCGA
24.494236530976	11.3210018910368	-0.518816775892961	7.37897414743352	7.69620156371409	-2.48773170002238	0.501585215785773	-7.98336526832956	-2.71996228992969	-4.44735335527939	TCGA-EL-A3ZO-01	THCA	TCGA
7.4683457789915	23.7926679426959	2.46480139537664	-0.0881848302618962	4.21876869965757	-4.74892131095036	-0.455130735467821	-1.43000298993952	-9.99828262302979	0.883100442402818	TCGA-EL-A3CY-01	THCA	TCGA
26.2340487058677	6.74804269490947	-10.4879151427343	15.5957708625225	4.79422262773619	-1.35634504864164	2.06276644891855	-6.04609642252939	-5.44206801389771	-1.09219735810207	TCGA-DJ-A2Q1-01	THCA	TCGA
23.0856456546035	5.40893218167074	-2.42448278768211	16.4333022221757	0.776719058834818	-6.21565693504802	0.299729141988622	1.20600425454417	-4.53119604520369	-4.37803466093951	TCGA-EL-A3H5-01	THCA	TCGA
29.2598446213522	-2.08345485529238	1.42919390100113	14.6496076124621	3.02613289032565	-0.682520498481325	-2.01325786430471	-6.6776818016613	0.66592718795736	0.117987961779714	TCGA-EL-A3ZM-01	THCA	TCGA
22.8296907882489	9.42858492738277	-5.75462607700402	9.47902205494283	3.52924448028675	7.81053765495185	0.272094641329712	-4.02038429231458	-2.14636563486637	-1.84685725203838	TCGA-EM-A3O3-01	THCA	TCGA
24.3933025497653	-15.2989286955288	6.33767939284321	6.18696957802741	4.66342807955669	-4.33779746831241	4.38457663787394	-0.507040148367396	-1.32488778414645	-0.632027315752514	TCGA-FK-A3SG-01	THCA	TCGA
30.0142555598263	3.01861078744348	-0.392583300948437	10.0750518168012	0.183412315916064	0.844580466991342	-1.12293143392319	-4.16866308688995	0.413679253128951	3.05424909299572	TCGA-EM-A3FM-01	THCA	TCGA
13.3227042692244	4.27606845675733	11.5891806522862	1.848661237557	-0.812655850471476	-5.42873074021214	-5.21525193572909	-9.05890415595171	-7.91837243678873	-9.51062948524031	TCGA-EL-A3T9-01	THCA	TCGA
27.465807953375	1.74491359580987	-10.7208334437616	7.90596924467684	4.67441704931551	1.71470694547009	4.03600596918747	-3.10881383157186	4.61730651653316	-0.030191921164072	TCGA-ET-A2N0-01	THCA	TCGA
-10.6023572201926	-13.2518157464657	-1.05356764697407	-17.2775389513743	-6.45994302803317	-2.39139488893452	-6.09832373979509	-0.0430079054208108	-1.943729732068	-2.12552239524836	TCGA-FY-A3WA-01	THCA	TCGA
11.1494059238677	14.1717923195059	-10.9967847551432	-7.31643066746521	7.02713242923813	-5.54702308701824	2.57831039957274	-0.145649472131365	0.328848615596653	1.99084982444467	TCGA-CE-A27D-01	THCA	TCGA
-1.56823500076893	3.15295761219006	-14.1613560323215	-10.8685625121016	-3.36267810934046	-2.6168519824857	-5.37786019154876	-3.92968854597446	1.14089054027819	-2.99944333091977	TCGA-FY-A3I5-01	THCA	TCGA
15.2223354067144	12.5748517522489	-21.8964933213434	4.70004383818941	-4.346373829254	7.36301326859996	-4.37303068101572	-0.150422620868957	-2.10896579053738	-5.05377098409711	TCGA-BJ-A45E-01	THCA	TCGA
5.76233965190639	15.9732764178522	-5.87255929625231	-11.5612266095285	8.47562381088359	-4.37832887833805	2.64035830712294	1.26926503271184	-1.40718725284191	-1.8573103356165	TCGA-DJ-A4UP-01	THCA	TCGA
21.0179917350006	10.5691088121545	3.1981061890133	5.90584164464319	-3.53952136955967	0.691969202947991	-4.13184143858532	-2.77146540021051	-5.98314509794207	-1.69939321729681	TCGA-4C-A93U-01	THCA	TCGA
17.7317137827153	6.55785481388711	-3.01668511574438	8.33541813696492	0.69329829248169	-6.54938521965925	-0.84225488985635	1.3429531882149	-8.05427958290645	-2.8244833494807	TCGA-EL-A3GP-01	THCA	TCGA
0.193897359883841	-24.0109502620094	-10.4948432924165	-1.4702056522218	7.74017164786243	6.88000043192096	-3.18688717095169	-8.62290252889309	5.37277096823663	-6.10698256056167	TCGA-KS-A41L-01	THCA	TCGA
11.3680550739277	14.4528881970028	-0.397152742304518	-2.98170251591861	9.73812035150648	-7.50405363367366	0.84000927889141	-8.12895488913156	-2.08534278897895	-1.8603878632229	TCGA-EM-A3FQ-01	THCA	TCGA
12.5279012078743	-4.83936470692353	-26.6122978335005	-2.68720982292854	2.76025617238173	0.813767113490877	-1.72001517646493	-5.53808193765147	6.57510983049756	-0.54561092729035	TCGA-BJ-A2N9-01	THCA	TCGA
25.9449349736181	4.50850500853756	2.71564727053964	7.78965420984436	2.84427160389823	2.97083755148198	-0.961530672285046	-4.83510664017967	0.262786519741501	4.50657535392799	TCGA-DJ-A3VB-01	THCA	TCGA
20.010974697094	3.81287264517049	-7.08246074647001	4.89654121947328	5.75959145190326	6.81226239525813	7.73190785742335	-0.308892874447071	-3.12741936967103	5.84328311374516	TCGA-EM-A3AO-01	THCA	TCGA
14.659301376587	21.3042258842172	-11.5764038516069	2.06565514682626	5.11608307819845	-2.45228329051363	-2.25615542040046	-1.65334596879043	-0.00463710736962139	-2.30580059846712	TCGA-BJ-A3PR-01	THCA	TCGA
21.0087831735748	14.1398763661123	-3.45828572379139	0.223190911703366	-1.44645767230052	9.96804695376608	-2.8597117385635	-6.13144025625484	2.4367760942	-0.599580920183515	TCGA-FE-A23A-01	THCA	TCGA
19.8754353814768	15.4495122964518	-8.51921505191262	1.6457432317507	2.1348921035137	-1.52166551178624	0.0701190950180867	1.35645978102025	2.28969093035349	-1.35130719148746	TCGA-DJ-A3UW-01	THCA	TCGA
29.723707166168	-1.24476669140421	-12.7706330619884	20.0723443392166	0.0273775544962313	5.57593292734813	3.00529971154051	-2.92998654790333	1.0379168158222	-0.711204551514432	TCGA-ET-A4KN-01	THCA	TCGA
26.9390588552976	6.53152171699774	-2.0406379685433	5.72849292703052	-0.529299558900544	5.27573591748691	0.625765746141366	-3.1556540186481	2.29553515372429	-1.11539647568993	TCGA-EM-A4FQ-01	THCA	TCGA
16.563103705792	13.4115962337257	0.730724068141943	4.72578081947128	4.66026616871783	3.53632003860288	-1.03766617760997	-3.51926371704674	1.00301834720885	-3.9084825992289	TCGA-FE-A3PB-01	THCA	TCGA
28.1679737909542	-1.2899715543495	-0.867241144091716	9.18282619652204	4.35321099814055	2.82468886359475	6.54074330326679	0.337547218859353	2.74900997493336	1.18323199832179	TCGA-ET-A39K-01	THCA	TCGA
21.7761570068213	2.01893604463941	-2.19721974325148	2.44233536683948	9.98611038896571	-1.07411135423995	5.10173964562457	-0.563378672633573	2.31582500100451	0.457653647334095	TCGA-FE-A235-01	THCA	TCGA
26.9435991717899	3.45619227669546	0.573411554395042	8.9361220933438	2.65092367745403	1.1043601271319	-1.24394800824699	-3.49256944081848	-1.19405967945691	-2.64849330760329	TCGA-EM-A4FM-01	THCA	TCGA
-3.39820662717031	14.8704501260429	8.85619806022835	-11.8778373858094	1.2766788261958	-6.49022313102933	0.411895884112266	-7.90767802743349	0.277583331549471	-2.338056084839	TCGA-FY-A3I4-01	THCA	TCGA
26.5787381126463	16.437153877896	-10.5302267795719	5.3529172906936	-3.07641645621256	3.65158932932681	-0.187462164775098	0.0951498849002854	1.59568590927498	-0.452040109988778	TCGA-ET-A3DU-01	THCA	TCGA
24.0062265826315	0.280983472608622	5.95553451662644	6.93152729461945	-9.21538081766291	-5.32704965589457	-4.37280991967944	-7.55239488525786	-0.604171328959303	-1.21334624808129	TCGA-ET-A25G-01	THCA	TCGA
25.6122218348798	12.0686625326443	0.0823942324940018	7.26390545452984	-1.02271235387997	1.80799521974195	-2.51909535281111	-5.48166141541409	-0.343432283484046	-0.12953897926898	TCGA-EL-A3D6-01	THCA	TCGA
21.3797889837785	18.7707230621895	-7.79754899919595	4.6514803636196	2.05395818220593	4.58482655353784	-1.23745731243573	-4.22662928090305	1.32593313511947	1.08105932382691	TCGA-E8-A2JQ-01	THCA	TCGA
10.4796673918786	24.3106527009255	-2.38111554949888	-3.67424583391499	-2.27016600868222	-5.06269273949686	-5.12451391895101	-1.33017877417337	-0.650288713204633	-3.52566693923803	TCGA-DJ-A3VD-01	THCA	TCGA
24.6776138271517	-6.53426774734771	1.82041971849256	10.7563579084736	11.515737360979	-0.753816022119074	6.49881428540198	-3.26488203617112	-2.56457165297381	1.17703650171562	TCGA-EL-A3D1-01	THCA	TCGA
21.2161246938345	4.63520397207869	0.607425118235746	1.94230293729919	0.142561422724836	5.79076496507507	0.125392867574055	0.5798951908032	2.74236179240158	0.297429849420956	TCGA-BJ-A0ZH-01	THCA	TCGA
18.3346280027518	8.53391397466386	8.55463180623116	2.72043012655038	2.1264826142751	-13.9108507157497	-4.632922008214	-5.16489632859062	-5.59158748382212	-7.30485417614322	TCGA-ET-A3BV-01	THCA	TCGA
27.4669343646923	-0.447316095856072	4.82716905877028	10.2337185173568	2.28737392503663	-1.47096158489379	-1.1402746845678	-4.95632180941552	0.456748956879679	-1.11693238641056	TCGA-IM-A3U2-01	THCA	TCGA
7.01385476079979	7.16604450969911	2.48246325517491	-2.18320679391856	11.7014018586084	-7.03047934384241	6.00035501340684	-0.112714113257058	1.29132068528942	-2.0372068906128	TCGA-DJ-A4UW-01	THCA	TCGA
12.3689560292564	17.4920980022388	1.87369243776791	-5.29123430510537	5.47442739203858	4.41619809126434	0.663306227257779	-6.50661460494567	-0.039943292622506	4.95167839922551	TCGA-EL-A3ZP-01	THCA	TCGA
22.9369588037489	7.41125732840143	-1.12552738079155	8.27038000736335	-5.95152659202296	-9.72244798992341	1.13531481356686	1.33721730420746	-2.69615276716722	0.140634937119117	TCGA-EL-A3CT-01	THCA	TCGA
16.7794403438734	17.2027788573008	6.08237547349329	3.58205102136696	-0.730524315717716	-4.55712701242467	-4.30952431411249	-7.11208432244826	-5.46635783415559	0.379586205332823	TCGA-EL-A3MY-01	THCA	TCGA
27.5487096865634	2.86397534296581	2.83593714948903	10.9756462301058	5.78551841254889	-5.05054233075879	-1.55886038976603	-6.91037152226795	-1.86622095877666	-3.11621989619316	TCGA-DJ-A2PT-01	THCA	TCGA
19.9028234243335	6.49595712741837	6.04906355868212	8.27756032511396	-1.54524826483393	-0.938002673443257	-0.807764325128733	-4.21498710661431	-5.70180549536376	-2.15078201484648	TCGA-DE-A4MB-01	THCA	TCGA
12.6980847043246	-18.2252985146561	-16.8875856850666	3.90160994408703	-4.40983214440119	-0.790420999509045	-3.34207394615845	-1.19765844789454	-0.218894890860947	-2.707512602913	TCGA-EM-A2CO-01	THCA	TCGA
22.5140961284423	17.7994248244445	-8.47697417336004	1.37410703298579	0.597850122304413	-1.09112104288753	2.44582672279528	4.14393238929384	-5.22022436776872	-0.636044500097931	TCGA-BJ-A28Z-01	THCA	TCGA
24.5377809756737	17.6017065393572	-9.65736043686587	6.93530217633199	-1.61845141096371	-3.02066972482671	-0.823799046747458	1.64200196399853	-2.56100050473251	4.68910062586524	TCGA-EM-A2P1-01	THCA	TCGA
15.0521807287226	-12.9999941168322	7.89083513630985	1.86964556211608	11.9516910259727	9.25605560236456	1.52401230587529	-2.3932026053073	-4.15896470231618	1.73201361879072	TCGA-FE-A3PA-01	THCA	TCGA
21.7090415915188	14.1331265694676	-4.19008296783675	1.87960566890404	-2.70008602992615	5.28912608147981	-1.7797174340766	-4.51059617982406	2.74192587111835	1.74755006762348	TCGA-IM-A420-01	THCA	TCGA
27.0640623096896	3.48538566673549	-2.6889737080562	10.8618015488935	-8.58804130593949	-1.79424131294014	-3.08959017216063	-3.80419733914216	-1.99763394349281	-0.7265739366445	TCGA-BJ-A0Z9-01	THCA	TCGA
14.9522187156536	-23.0340112001675	-2.73784131844292	2.43142641467814	-3.23101251927807	6.4911354657246	-5.29326590001671	1.6159699548877	-5.41838917720556	-2.79125044228308	TCGA-EM-A2CM-01	THCA	TCGA
22.0550981676928	15.9161214095845	-0.151262801490738	3.59714295942864	-1.67139853782778	-3.33851181432516	-1.06511847303067	-5.12360362558994	-1.52994413562995	-0.568649732626746	TCGA-E8-A242-01	THCA	TCGA
8.37658405423763	10.3281227783879	-1.99079109477732	-4.78871565647479	12.8125150202552	-3.68647533600611	3.86136762984113	-1.98080310432069	4.71086989029452	3.94092969280341	TCGA-EL-A3TA-01	THCA	TCGA
-2.60811297505595	-13.9924649200897	-6.00614975519323	-9.3513218302139	1.49054564512516	0.77734353548496	4.58541278073457	-1.55971194797353	2.2801815080031	-0.896806474006505	TCGA-DJ-A3UT-01	THCA	TCGA
3.29182795256611	9.2810340845177	0.351778822890366	-8.38680808869289	2.34582247193417	-4.46562031522942	3.85300718890708	0.310493755253189	-3.83597865198961	-0.185771606015394	TCGA-EL-A3T0-01	THCA	TCGA
20.5757478549573	12.2778698387555	-7.92059766838277	3.6827975290594	6.16868916258982	0.694550409250749	0.6343403508899	-5.73589880461269	3.20171450145781	-0.857466954724799	TCGA-E8-A2EA-01	THCA	TCGA
17.5932386641914	-4.2494056776428	-11.3658716440551	4.32866038760917	6.06854370988856	13.4712552946609	0.644302634744684	0.515152224241145	-2.11688910242172	-0.739154036167035	TCGA-KS-A41I-01	THCA	TCGA
24.3510547924807	-6.44071370292086	10.6926626959226	7.26959876943527	-1.58270223574501	-5.29835755706334	-2.75744828571935	-1.37652741186428	-1.92686092409095	-3.68522847577709	TCGA-FE-A22Z-01	THCA	TCGA
26.1939928917674	15.8323834533304	-8.27285242581053	6.58803239202889	-3.0658227981996	1.27764169458316	-0.0234687016640771	-1.16307845065892	2.76430075690688	1.30644259828708	TCGA-ET-A3DO-01	THCA	TCGA
15.8750453325127	21.2204691766898	2.03720443214061	0.853935685245948	-1.22206490075195	-0.100800035804713	-1.61704671350036	-1.17046161729783	-4.08055333354457	-4.53725641042459	TCGA-H2-A26U-01	THCA	TCGA
-3.38961779270101	-1.21379127326971	-15.804768051634	-10.8599717784997	-1.0349117413204	-13.2942434770909	-2.05877154870127	0.191445338150628	0.755919152136856	-3.8954214159996	TCGA-EM-A1YD-01	THCA	TCGA
11.6262586193421	24.4719495854405	1.16592791510497	2.25888384044461	-0.30384386896904	-1.14748771744646	-4.83463529894829	-1.18890664504751	-4.21477746712441	0.715440213865853	TCGA-DO-A2HM-01	THCA	TCGA
12.5273000685657	10.0880954922806	-8.53505183955436	-0.996518729039582	10.5136698853752	-7.49712663899885	1.20882192985834	-5.48176712946274	4.75695379483769	5.95641521592763	TCGA-DJ-A13O-01	THCA	TCGA
20.2167425217347	0.241777658301705	0.631580412481654	4.08787704701208	6.59198795234976	10.7026671956837	2.94266080160407	-2.986880325522	5.06105098731972	0.159180850913169	TCGA-FE-A3PC-01	THCA	TCGA
19.4442343009376	-9.63644361525865	10.4547607818179	4.99356477857958	7.11097007470402	2.8781007756714	3.33461456823327	-1.45813954606766	1.32965235875446	-1.82409359177515	TCGA-KS-A4I5-01	THCA	TCGA
21.017736614477	14.018496023733	-0.432288350971633	1.42713630546906	-0.090891169234879	4.07006542400978	-0.411585213394971	-2.98664916782461	-1.68510546039965	4.34213196531143	TCGA-J8-A3YF-01	THCA	TCGA
11.2918827499884	18.3708796801963	-7.79969283080387	-3.83022631954477	8.51358048481988	-0.668273974929392	3.4489098963833	1.5936856023818	-3.37176745086001	0.102428497659693	TCGA-EM-A4FO-01	THCA	TCGA
31.958599172361	1.87060999865282	-6.11909421872491	6.48196710980576	2.62478841856893	6.36296858364593	1.13289128362344	-1.11063266952249	5.41660756981188	1.09093338558893	TCGA-KS-A41J-01	THCA	TCGA
6.78875511746853	-16.3797478711453	3.73264660755875	-6.46831699603201	13.6498463871502	10.023468367682	-0.65734385109562	-0.82336156326968	-2.04492432486221	-3.65308189974243	TCGA-CE-A484-01	THCA	TCGA
4.35753703323658	12.0332189328966	11.8098203445132	-6.64703001492153	-2.63462498368492	-1.20188361447737	-1.70442734331713	-7.14225078873131	1.43239116356429	-2.71540168805285	TCGA-J8-A3YG-01	THCA	TCGA
15.9693410319076	-20.5976329340034	-14.1097087792801	9.05416205556764	-5.13759305899648	-1.36433336007881	-4.57005790210591	0.254832578419065	-3.57057217827485	-4.62892222729191	TCGA-EM-A1YB-01	THCA	TCGA
24.4672706706873	16.2390663156889	-1.49976563524135	5.15155537081893	-3.9402091972117	0.464731873252874	-2.90606593639208	-2.05444765639852	-0.787048649629534	-1.45075823112515	TCGA-EL-A3H7-01	THCA	TCGA
23.7394532705237	-4.81095815043687	0.561030510884851	10.9622653742473	1.41279214349138	3.60686563149423	1.63102565997198	-1.66875511189079	2.22920297198781	-1.93278738609496	TCGA-EL-A4K1-01	THCA	TCGA
17.2247415485883	19.8776444522745	4.04628593981056	3.88180761796877	-4.03629389868408	-0.801861330565407	-3.33596977245598	-6.95372746934164	-2.31891159570951	-2.0913036774127	TCGA-DE-A7U5-01	THCA	TCGA
20.9699900440575	15.7494645056407	1.31961180325197	3.79554220006105	1.72077941277022	2.70222149874205	-1.15246420441817	-2.00177372827076	-0.439413134063988	-2.29013566863556	TCGA-BJ-A45I-01	THCA	TCGA
7.24859713096938	-11.2170584491247	8.30981296744678	-4.27046088679953	9.03839607658052	9.22238627016118	4.90040345909777	1.00286798498622	-5.81306972856002	-4.00234668569654	TCGA-E8-A438-01	THCA	TCGA
20.1149370574888	13.8150594848204	-4.08160967152038	4.61129444859269	4.19785667335641	1.08763865685179	1.01203951425625	-4.15733296807844	1.20579527615659	5.9949639799656	TCGA-IM-A4EB-01	THCA	TCGA
7.53428707638435	8.2770794848473	2.15414204367802	-3.67384717950188	-3.34920331820186	-10.5626489913104	-3.24404038757103	-1.21951811569588	0.987722849322602	0.265066266603684	TCGA-DJ-A3UY-01	THCA	TCGA
26.6021450938808	-6.41985517752629	2.85094636988471	8.00619254574979	4.91317425419447	5.29848394339393	1.82536324095189	-2.18638284566809	2.60608287159501	-2.49700993835623	TCGA-EM-A4FN-01	THCA	TCGA
19.9277767104914	16.3563694213208	-0.955601569294966	7.69468098035091	-1.88812992446096	-8.32516138528149	-3.66688709083251	1.67034587101783	-7.95517449080936	1.919634259597	TCGA-EL-A3CV-01	THCA	TCGA
14.941722270759	-7.08824475872007	-16.0400639774413	-6.64050400060143	-4.95921072078498	6.5015887234023	-0.670986319726628	2.01033528016098	-3.75767532598957	-0.494638861456981	TCGA-ET-A25I-01	THCA	TCGA
21.5925714657608	2.89883560478626	4.32369200213759	6.71389051282968	0.158790865958339	-4.36113013957182	-2.16919335264718	-0.15263402002323	-0.189699164671901	3.85248546715154	TCGA-DJ-A3V6-01	THCA	TCGA
-0.370019726183743	-1.03469142486487	6.30070797387041	-8.18043729199657	6.28931273969321	2.40582387172585	6.11144136798709	-1.9070879991106	-0.866640103219106	-0.658872503683659	TCGA-EL-A3ZN-01	THCA	TCGA
24.259001412766	7.99849149644498	2.01739571991009	7.14774451991438	-4.74382097305155	-7.17294666030525	-3.48206372369145	-0.585608351936758	-1.27297350399607	-1.83540775541319	TCGA-EL-A4K4-01	THCA	TCGA
22.048918265368	7.36328366763433	0.706506086353556	4.95857859464561	-4.91799213391813	-6.46586332159471	0.12758268440597	-5.31513863630628	-0.548166452284919	4.38262416830082	TCGA-DJ-A1QO-01	THCA	TCGA
25.4045958206338	6.08190635502218	1.87084960206862	6.18369159882763	-4.19590877715843	0.723286675966681	-1.17311944804608	1.93725491452319	-0.561022769892267	-0.72105447210154	TCGA-ET-A25R-01	THCA	TCGA
18.6956602399531	12.6607407403532	7.00079995696749	5.44376145129608	-2.22172244804192	-6.33001976414532	-4.62860347573342	0.0985901123231145	-4.74992518635663	-5.52302968352041	TCGA-DJ-A3VF-01	THCA	TCGA
23.8140871444603	4.51939905510116	-6.01436881671553	5.35313831617133	1.72420752127099	-0.638373307768474	2.88500772109381	-0.232331757473464	-6.31339999157553	0.181329168305211	TCGA-EL-A3H3-01	THCA	TCGA
28.5081371052745	12.8432055530747	-5.86846493608489	4.83052556461021	-6.16788943660462	-1.05263628985574	-3.26935234453492	-0.125904729487281	-2.20754841244818	-0.310128856475484	TCGA-EL-A3CN-01	THCA	TCGA
24.8824866472253	5.21208970646017	-2.43686229920077	9.54135901111608	6.89139911624218	0.533491540768888	-2.15284965675984	-7.82588511850991	0.523991047422399	-2.47136505665756	TCGA-L6-A4EU-01	THCA	TCGA
19.8319216395996	17.4792539488837	0.462460959127394	3.36928792449478	1.86873882494975	0.752907322431199	-0.244709648295932	-1.88521834969815	-2.17821842406874	1.81502206354803	TCGA-DJ-A13L-01	THCA	TCGA
24.8277349875709	-10.404430962821	-4.65917808007672	11.2789933422067	-1.32096571653647	2.35922463299933	-2.5750396031123	-4.32007077768355	0.4251408698791	3.94080082773986	TCGA-ET-A2MX-01	THCA	TCGA
12.2115212225237	18.0416099333029	10.3380556440762	-1.30606246896841	0.718421754827705	3.10220862572179	-0.735631061523036	-3.99679377020707	-2.5601200194523	2.32099007461121	TCGA-BJ-A4O8-01	THCA	TCGA
12.180977060525	8.65957641921479	-6.68379574771775	-7.4361338864152	10.8690494972181	1.4931886772924	4.26120509121884	-1.92673821457427	0.469468204973051	-1.25529385038258	TCGA-ET-A40R-01	THCA	TCGA
19.3874169218044	5.41317543652621	8.50652370644804	3.13887544504757	-4.7517116289004	-0.80284413091871	-2.7212128187845	-1.89376731733539	-2.4673505000346	-1.40878625693226	TCGA-EM-A22I-01	THCA	TCGA
25.4571768487913	5.3737093165699	4.99454476677146	2.32854263082239	-6.23463360435277	-2.54879086250713	-4.96576595646065	-0.019203960967466	1.0320798948196	-2.80918273716611	TCGA-DJ-A1QH-01	THCA	TCGA
20.3112357285099	16.6452028567367	2.84061864462906	-0.9594167828193	-7.99534764565377	1.43586906427725	-4.8785302834686	-2.05011078772771	-1.56156184473196	-2.28315944550422	TCGA-EL-A3T1-01	THCA	TCGA
14.3720192698031	13.9350407784935	-3.68722284122216	-0.00862467191423155	2.03798709175591	1.20640354342231	-1.43012163812115	0.0495288968848945	-4.63864873451775	0.335757693288669	TCGA-DJ-A4UT-01	THCA	TCGA
21.7559970253148	7.67572574735641	-1.43259577996354	4.69669347641975	-2.24345789357994	2.0013824085372	-3.11949102486191	-1.39120792075872	0.876227067781794	-1.71158326709051	TCGA-E8-A44K-01	THCA	TCGA
16.1401393326039	10.0789831498865	-3.29874685368639	-8.88222197473136	5.92388516657567	3.40615930446797	4.79256661044563	-0.205620227545462	2.37065082044808	0.822985098071509	TCGA-DJ-A3V3-01	THCA	TCGA
17.1514168385195	15.3157906942031	-4.41595523153312	-2.60630821019733	7.0463716417262	2.19459666599287	4.29279364048548	5.53163295321573	3.9705699937511	-3.77096684971912	TCGA-E3-A3E2-01	THCA	TCGA
22.5102886729124	-10.6234832621137	-6.67961754914949	11.5146640233951	9.27784207976063	-2.61105846023411	7.96812176681259	-0.515104867542102	3.91385274212615	-0.530953188549585	TCGA-DJ-A2QA-01	THCA	TCGA
15.9634211255922	15.5483877869579	1.36139628956977	-3.16944732847391	5.14960063075326	4.05884930119723	0.750103826855693	-0.208926201552686	-4.30080369212898	-3.58214532555078	TCGA-EL-A4JZ-01	THCA	TCGA
10.582946849586	15.3213794232505	6.64576597028867	-10.0284000975466	3.16852610152355	2.61319388976264	4.82135251142445	-2.67746845751098	0.0325816145813675	-2.25807582125062	TCGA-ET-A40T-01	THCA	TCGA
15.7825160341448	0.551495322281192	4.59702091923291	-6.08430047223223	0.446730785361776	0.817811729418485	5.98932469422236	4.31335287368394	-8.1247667916721	-0.923539246586062	TCGA-CE-A13K-01	THCA	TCGA
10.068594810181	-14.0494756011047	-6.15210796979244	-0.320509723313189	5.41389398855543	0.783182412693812	-4.13757209907236	-8.37672436232147	2.6051981327837	-1.57250121552811	TCGA-ET-A39N-01	THCA	TCGA
-0.343146663634424	-9.99450478291409	-7.92041241034089	-11.6271835174054	-3.05214700523491	-2.54752862000334	-2.55520736096872	-3.08062765937587	-5.81139521620213	-2.02522113415971	TCGA-EL-A3GO-01	THCA	TCGA
24.4924699782541	7.70768652813991	3.13719088614456	3.14129152911962	-6.71499280011337	2.47782565627378	-2.76395536757138	0.304523007849227	1.29602520111093	-1.92580796175147	TCGA-FE-A234-01	THCA	TCGA
18.5146495833859	7.87398355486125	5.43378854521067	2.02079397825815	-0.631924433656863	-9.78813707820116	-3.46595026671499	0.110400787020644	-0.385137315387859	-3.24696734585826	TCGA-DJ-A3UQ-01	THCA	TCGA
16.1802904131096	8.69530535789926	3.37442878541131	0.50896423576373	-6.76884833034802	1.9099093366445	-5.08759646040481	-6.96962966915564	-2.7308217922627	-0.989569546610978	TCGA-EL-A3ZK-01	THCA	TCGA
1.95094678802789	10.3789791238296	0.659147619958508	-13.8302447305851	4.60690800279974	-5.822636406688	3.33382475244509	-1.94002926004623	0.349499898486599	-0.139092777411476	TCGA-DJ-A3UV-01	THCA	TCGA
6.53206333055795	-15.4528572987	-6.47133247982486	-0.645437971797743	-1.28593159806723	-5.41228217074028	-3.72512557617066	-6.5354729472376	-2.60346349042854	0.454533586817823	TCGA-BJ-A0YZ-01	THCA	TCGA
21.2879762522373	17.5216233089123	-2.3057540000276	2.28047801775106	-7.29875391869098	0.504944982300668	-3.19435710552935	-1.5178906700286	0.957683798229383	-0.63348325964561	TCGA-EL-A3N3-01	THCA	TCGA
21.2071252586055	17.252439536986	-2.68625096774218	1.18594785549556	-5.54872706411621	9.07614670972685	-3.52033282141911	-3.79332544836504	2.91656777737719	0.107506146346562	TCGA-E8-A419-01	THCA	TCGA
19.5017361726599	8.52048280770709	-13.9401083747298	-1.01152482773937	-0.439015198347111	6.96299796483945	-0.347473396817902	-1.97497023882321	-0.161426834209667	1.3341246669988	TCGA-KS-A4ID-01	THCA	TCGA
15.8866910771376	11.7089585827536	-3.32404233428911	-0.0460441547685554	5.94012488470566	3.25757863803391	2.68549045737617	-3.07805579886442	-5.95975028934804	5.95983945386939	TCGA-ET-A40S-01	THCA	TCGA
-12.7056120602641	8.05965229118903	-3.47796396208314	-14.6494276703591	1.63651592605399	-6.37453913074936	-2.85325964000334	-2.70327234977662	6.36656663787392	-2.47420619758119	TCGA-E8-A416-01	THCA	TCGA
18.785090581046	-10.2120233740609	13.8627190277759	6.96665390450125	8.1018005274555	4.29091009984384	-1.13518518993481	-9.92238442567834	-1.23668563695409	4.30360457286799	TCGA-EM-A3FO-01	THCA	TCGA
22.8853449836371	-5.12664640960018	-0.716422945705598	2.15208628410291	7.82540406197461	2.7772292725931	6.10421015432639	3.05752156339505	3.08033669062089	-0.962529663578666	TCGA-DJ-A2QC-01	THCA	TCGA
10.2994222089378	11.2200420444236	2.82889167139772	-4.45539172853039	1.26690600685311	-5.19748616220118	-4.38381049207659	-1.25534888704148	4.22586275125485	-0.407904074339895	TCGA-E8-A436-01	THCA	TCGA
11.9536919576446	18.5991856240337	-0.688001677290889	-4.92640850642684	0.100732782583704	-7.54313652787658	-2.16992087579139	0.792227518998339	0.304902149399929	1.58021769945341	TCGA-DJ-A2Q3-01	THCA	TCGA
11.2220970076451	1.86416981890445	11.6494590229847	-9.81897892333392	1.71426431262671	3.31199863173197	1.93661346040564	-2.19992668626371	-6.08158263600999	-3.18731235439992	TCGA-CE-A482-01	THCA	TCGA
21.9800252124854	-4.99526990126886	9.13636430905094	4.95315501549219	5.48319854157654	-1.595938940378	3.12478146388927	-3.55680854819893	0.0772435408063853	-1.95503172237257	TCGA-BJ-A45J-01	THCA	TCGA
23.9598451068691	11.5780690157047	-10.6739608909359	3.58200469590576	3.38358426598661	5.21900741523659	1.41341261932395	-0.00684036914092605	-2.19246844429228	3.65885573718804	TCGA-EM-A22M-01	THCA	TCGA
8.47768217591721	6.2145223543461	11.5490462831854	-9.44454439897338	-2.75720175579795	-2.67951713396801	0.630514211005931	0.144087626411051	1.14774948156881	-1.79042862259267	TCGA-ET-A3DP-01	THCA	TCGA
20.8099779052799	14.6985301303451	-5.09689232321344	-2.8311414427035	1.43248072290364	3.25161034301402	-0.14098525336162	3.40844799801924	-4.02104022071602	1.12624081761666	TCGA-ET-A39R-01	THCA	TCGA
14.5912854519766	-1.80904770864652	-10.9139865882429	-1.40101219669189	8.00237996643983	-1.40553413309199	2.67191265740874	-1.92515419700288	-3.20492544655295	-2.04253388983954	TCGA-BJ-A3PT-01	THCA	TCGA
11.1684986159777	12.3539641365095	-10.53457662179	-4.72169587064816	6.05412732455944	-0.967124734410066	3.69140723763862	7.42955554032142	0.171047786001181	4.64763948904593	TCGA-BJ-A0ZJ-01	THCA	TCGA
5.19864239794086	16.1523733417485	-14.5399077764117	-2.52113411310146	1.69912229657659	-10.9895795457938	-0.138952334994371	1.5709277703748	3.66697365406753	1.46383266374546	TCGA-EL-A3CW-01	THCA	TCGA
15.9034978187953	4.26927622987711	5.66137943045214	6.52995747322249	6.06722677451868	-2.56416323310576	0.459154190169327	0.532883574749415	-1.67365486587558	0.648625770792487	TCGA-DJ-A3V0-01	THCA	TCGA
18.0675510733959	-2.56667406543531	0.281054249740855	-7.33132634810751	4.53460586676006	0.584627157535981	8.21055104740425	2.23286915309909	-2.59757207819562	-1.49350714254808	TCGA-FK-A3S3-01	THCA	TCGA
20.6664787960597	-9.5514119284598	10.1232887942722	6.25541545925122	11.6335455112955	2.52755266369531	3.18565915922696	-4.30606908909315	2.81025095365917	-2.12347307732177	TCGA-L6-A4EP-01	THCA	TCGA
2.92394717566553	-9.22690133108853	-13.1668236842928	-5.28347381032757	-1.44729272797826	-3.14338044985757	0.488894625346203	-3.65848310116508	4.32742177997701	0.690335868866935	TCGA-EM-A3FR-01	THCA	TCGA
3.22881477636279	4.5485037407483	1.79577140868753	-7.25051258791442	2.56656733084611	-15.9407272250846	-1.8571424489743	-2.87296767981805	0.22547886842309	3.87984614112639	TCGA-DJ-A1QM-01	THCA	TCGA
3.42150119684053	11.8535570470014	10.5885350649558	-8.37102105750835	5.71401044078855	-2.50957962447324	1.22837697321862	-2.77568469324298	-4.7551901576858	4.08530424286794	TCGA-CE-A485-01	THCA	TCGA
9.36051171140126	7.82017390995495	-19.7322785107434	-6.69225773126856	-2.69388589486801	1.85787808872383	-4.60601436941941	-1.23211610901645	-4.43597622299636	-0.99940371174843	TCGA-EM-A2CP-01	THCA	TCGA
21.9065440640279	5.26764132718351	8.46496568639343	1.29017047489126	-4.24268878959023	4.41017133844133	-6.99432868092996	-1.84774455771775	-2.81498495486471	-0.616884587454288	TCGA-DE-A4MC-01	THCA	TCGA
17.9465925931596	-4.06333735093125	9.72482212190314	0.32704426359154	-12.917553001392	-0.17821851246014	-5.0778930193653	-1.82896613621673	-0.568423145824956	0.192240067283488	TCGA-DE-A0Y2-01	THCA	TCGA
20.5532227166667	3.76270218549815	8.91360801045954	5.23436660800901	-2.11851180831124	2.09391361365198	-3.10784744244914	-3.51705625204485	-3.46901005902349	1.62712840934676	TCGA-EL-A3MZ-01	THCA	TCGA
17.107049271607	-1.35944840227779	9.16505757315057	-0.660649871822341	-2.17777865302959	-3.39576158477671	5.20102891904143	1.2537172760247	-1.77161250193851	-1.13923269646966	TCGA-ET-A25K-01	THCA	TCGA
21.2383757462939	2.02643569977956	-4.21733273409828	9.05479384805211	10.2923248002373	-2.51060854165621	4.0421947169021	-5.55859538701176	3.79811519501301	-3.00741473653561	TCGA-E8-A433-01	THCA	TCGA
15.3159874681993	15.8050361547485	4.12514723477156	-3.22526059374008	4.95155214142563	-3.66422085930918	1.56144718944115	-7.45899646978714	-5.24179137873122	5.56605442427423	TCGA-DJ-A4V5-01	THCA	TCGA
5.25322297246723	22.0829847168276	0.8592056555959	-9.12930302429124	2.08850739909684	-0.39203849370572	1.75724376979717	-3.51182500604174	2.91867129421768	0.900558886853622	TCGA-EL-A3ZS-01	THCA	TCGA
-4.09223506589631	-10.9683417562861	-7.50406833248749	-9.80253574202525	2.99206931145687	-0.605521067159117	-2.99625360121994	-5.67087541380093	2.39723346327979	-0.735351877414483	TCGA-FE-A239-01	THCA	TCGA
24.7750371133546	17.5540809774003	-8.03956027190621	6.77877709073483	-5.44129524061576	3.66806089718754	-2.73487717587233	-2.12317928725667	-1.79570989769627	0.362229370501104	TCGA-EL-A4JX-01	THCA	TCGA
13.5379599967168	-0.24761623837071	-24.9399738681637	-3.59149729007608	-3.40666164793512	-4.29119877721809	-1.59184962886359	0.832745810380419	1.45567735806709	1.5535578742189	TCGA-EM-A1CW-01	THCA	TCGA
26.8396412999217	1.39876572160572	2.89687819698635	11.0523356553731	-1.84739423869995	-3.92056447321176	-0.931968718295696	1.35811830614677	-2.07605856002353	-2.89665982805872	TCGA-ET-A25L-01	THCA	TCGA
27.0464108952056	9.88615902641728	-10.5312128328885	5.71042842695985	8.41498261199008	5.74910881712757	5.79493163748888	2.9044450285419	-0.516219212117795	5.53890566513978	TCGA-ET-A39M-01	THCA	TCGA
17.1599491829196	4.84016049949483	6.89463031276418	5.63342698879238	-1.29399350090263	-4.54863787514114	-1.18542351793582	-3.25319163267363	-5.12082940090723	-5.66851462084465	TCGA-EL-A3GU-01	THCA	TCGA
3.18868299015403	-3.46029313992238	-6.34518999932341	-14.1654797829983	1.71448737392972	1.17730560144564	-1.5489222638579	-5.76603163669378	2.95762846609153	0.516649469063462	TCGA-EL-A4K2-01	THCA	TCGA
17.8956816575397	19.6403335910178	-1.49273272581537	-4.70006767700263	4.20697687499096	2.22998506632834	1.61631089495574	5.21606372887283	-1.76550425848725	1.55443825948331	TCGA-DJ-A2Q5-01	THCA	TCGA
16.2191624490889	-5.55714653758056	13.2086946625753	-1.77064864244867	-7.1372303812274	-6.05491065207407	-0.686164839342629	-2.62338405205672	-2.2797096546448	2.46648022981631	TCGA-ET-A25N-01	THCA	TCGA
9.27845536638571	-9.2020838119326	-2.84077868456046	-3.05910691530602	-9.18740259664689	4.80443782972242	-3.58104304378253	1.10430781931646	-0.281143019301522	-1.21269906839079	TCGA-EM-A4G1-01	THCA	TCGA
30.3412176064608	-0.425178413964365	-2.28740323744966	10.7196057450254	2.40227221867903	3.51495057434165	2.06836694960903	-5.43103368626979	2.15165893959097	3.70952484345249	TCGA-BJ-A3PU-01	THCA	TCGA
30.9348922435225	5.34180278432764	-9.50132281637641	11.4265583167472	-0.180677757270173	6.39658390860152	2.35439600185241	-1.87010395556265	1.84051165774633	1.67928626346415	TCGA-EM-A3SU-01	THCA	TCGA
24.0212653795614	1.81944826529546	2.2214470643469	3.05128959007625	-5.03572174555418	-0.30333261941584	-3.57621362440413	-3.1408606840802	-0.490590019524877	4.360152137325	TCGA-BJ-A3EZ-01	THCA	TCGA
28.770175032391	10.1172592287519	-5.74047098296412	5.91871584453935	-4.5695403053744	4.07866573563451	-0.77105182593921	0.799902989602167	1.70165319333755	1.76637633150862	TCGA-EM-A3SZ-01	THCA	TCGA
13.8130803394713	21.8533219803267	-2.32630644116388	-2.05150524172046	-1.82545629529288	-1.19196447438191	-4.14259149733163	2.96949076048092	-0.119677169197629	-2.93249470130969	TCGA-BJ-A28X-01	THCA	TCGA
9.79225460988703	-20.3742501997791	3.08583008440974	0.429830121532023	12.3176697200514	10.6872176355934	3.31232638639829	-0.355043719272127	-4.75864012667667	2.81965975306915	TCGA-EM-A4FR-01	THCA	TCGA
12.5263496964783	-1.41966649975187	1.77312472330306	-0.293803668598476	8.06587045889715	-12.7777607296087	2.60659306242422	0.771725997517257	3.52130406065585	-0.00334165237883952	TCGA-ET-A39S-01	THCA	TCGA
20.0315429560593	3.06498852316342	7.29679093826545	5.36020363640687	1.36181745793368	-2.05526151295107	-0.459370697676377	-2.10687060238973	-2.39102949219243	0.0820634552023933	TCGA-BJ-A18Z-01	THCA	TCGA
16.9387970054289	-26.6535494089959	-7.73285038312676	-1.32893154861258	7.74571005555861	0.07998943941618	3.60833796268198	0.384876023186185	-6.19167970022054	-2.57031833686167	TCGA-DJ-A13M-01	THCA	TCGA
16.2460452513046	7.95454522524346	6.59954166402381	-1.45186965447968	-1.36247616553618	-4.59100220116645	-0.958977450732059	1.84089639327476	0.133148322829658	-1.85451634874162	TCGA-FE-A237-01	THCA	TCGA
25.5311243639332	13.4870665452924	-4.0210748725943	2.89708734055619	-6.78666958640062	2.14916155564937	-4.92864743210737	-3.8703532485039	2.12391181181283	1.33272793007391	TCGA-EL-A3T6-01	THCA	TCGA
7.59303496019772	1.57181843295815	5.67995465388276	-8.59480323282793	2.92535436685095	4.76620372814455	5.37477390673517	2.49152334535237	-6.83043942794563	-2.53538182799743	TCGA-DE-A3KN-01	THCA	TCGA
16.6047731178132	5.56683704570208	-5.49550137564143	-4.92655871172704	6.31403092662429	-1.22375519065785	8.21956674863219	2.47224643225851	-5.25050896545211	-0.00461677148705795	TCGA-EM-A2CU-01	THCA	TCGA
3.55296746951267	15.5608342906703	6.95143150777006	-7.39862995905691	1.09772445536717	-10.3764033655015	-1.98212247261632	-1.56434341180295	-2.17444362270445	-4.87202683367186	TCGA-E8-A414-01	THCA	TCGA
-3.78628365067559	-14.0685007450566	2.00264000307948	-7.4338298268837	-5.40155695015579	0.79841471743512	-6.08506692791926	-8.89835658650062	3.68878067261773	4.6777344855532	TCGA-DE-A4M9-01	THCA	TCGA
25.9504414102186	7.47244913679886	3.11885514838085	6.84801744737404	-8.63399560776706	-1.27043641619271	-4.77310970884581	-0.179543286559847	-1.55046341964641	6.49516791381376	TCGA-MK-A4N6-01	THCA	TCGA
23.1638271207094	6.31834571864792	6.32294445972738	4.98276733093388	3.47550696609871	-0.696200675276012	-0.205157481992552	-6.71141123900313	1.8799669277748	-1.53662011727048	TCGA-EL-A4KG-01	THCA	TCGA
19.9843391552914	15.3843928712465	-1.43218189384989	-1.61146201327212	0.768244217176394	7.28830116063136	-0.333762026880731	-1.86656218690844	4.17519942099102	-0.908193399490395	TCGA-H2-A421-01	THCA	TCGA
4.92869331435152	19.553857444461	-14.9225860882131	-1.78255933791768	-3.16568863347742	-5.97296873086803	-0.0761706462397317	4.35519362122303	0.528824480147509	0.311736285030963	TCGA-BJ-A28T-01	THCA	TCGA
15.0345918013613	-18.9163393369799	-4.77010555662436	5.21597761076877	10.1622797384618	5.73549857012767	2.66834597840546	-2.37983896788387	-5.1726253905912	-1.64427819446401	TCGA-EL-A4KI-01	THCA	TCGA
-1.1901755407902	-14.1784207535108	-9.48020981036372	-6.22171810337546	-3.99454267258516	-2.63549474580815	-7.11283702486032	-4.0184455900523	3.52437074982182	-5.0459571456519	TCGA-EM-A1YA-01	THCA	TCGA
31.6440144002709	5.83102089955583	-4.09509179667819	9.18849533360102	-2.64518640575516	-3.9093798508498	-1.90095275247949	-0.264343196800812	-1.31289231956177	6.2270356731058	TCGA-ET-A39O-01	THCA	TCGA
16.4780329617172	-1.57171566056037	4.34152143834465	-9.04492865319075	0.253711386832962	-3.93707134096485	3.15480898309597	3.19046106802598	1.69017613367714	1.87345706020691	TCGA-E3-A3E0-01	THCA	TCGA
9.04651082218571	13.7946174746897	-11.3338201002008	-9.09378169417546	4.85786892996011	-11.0522285068014	5.37817584442675	6.47433201719925	-7.12187550215973	-0.784448659570696	TCGA-ET-A3DQ-01	THCA	TCGA
30.0778553549438	-3.82844425123666	-3.45247047076559	13.6194007714955	4.17789918989187	5.73103258617254	1.98131932306985	-6.29752635971289	4.30818319663832	-1.12671310463814	TCGA-DE-A4MA-01	THCA	TCGA
24.2311483770197	-2.61046897733396	7.16390166057732	7.63302203401363	-4.47034335719995	-7.2555066475432	-4.25696260852481	-4.26587922315287	-1.11060451532026	5.60229127157841	TCGA-ET-A3BX-01	THCA	TCGA
15.9090293505143	11.3593410878438	7.97450051470458	-2.41412807098709	-0.312038036642845	-0.658804779163871	1.17830425298835	-5.46260635143081	0.505102019106251	-0.504875897968413	TCGA-FY-A4B4-01	THCA	TCGA
2.06289405864819	-6.62340356349257	-11.0549038209877	-14.8086224990945	-4.85913114339926	2.1781064163703	0.407726108185609	-8.30045026218001	-0.520741834902214	1.30337893278432	TCGA-EL-A3H1-01	THCA	TCGA
13.5570148041521	-10.9549160425644	-5.34717013080931	-1.26594910251925	12.313558743451	1.55975547531174	3.35753744960588	-4.37055935905426	-6.13452840459928	0.547902918909932	TCGA-BJ-A45D-01	THCA	TCGA
7.79412028328125	-6.06435929277868	6.56961755848248	-6.00844577284178	6.30272507800089	8.4597981112521	2.8739479264073	0.806641734425942	-6.70526945570717	2.29353395978924	TCGA-CE-A3MD-01	THCA	TCGA
7.658747710119	11.2096401235739	-8.70968359808468	-13.963684970254	0.547307557579084	-0.281745838794617	0.490007705031524	-0.354364156328487	0.602640437947297	1.98797383339227	TCGA-DJ-A3US-01	THCA	TCGA
-0.0292293406647134	-16.8443573423438	-16.6705792561694	-3.1317222000499	0.283434407692742	-2.3496641714855	-0.15347230478436	-3.07076356239232	4.89638346865108	-1.64002986708892	TCGA-EM-A1YE-01	THCA	TCGA
15.5173109926505	7.42284559199118	-1.2415162887478	0.0579088365496105	-5.56955697306419	-5.62736373296059	-3.23519659193156	-4.24631128221716	-1.33003419050409	0.987343268864241	TCGA-EL-A4JW-01	THCA	TCGA
23.3709214986679	10.2107395144603	-7.69621168127509	3.48935359788055	-13.4312265411886	4.04941261667929	-3.9937402876801	3.38367838941942	0.36849637012504	3.77991810078676	TCGA-FE-A230-01	THCA	TCGA
17.0572795502761	6.63072700318126	-3.07336009603962	-5.83103447202869	3.6123867708062	9.10250229154015	5.53914887978371	0.960602645706772	-1.75205935375205	1.44370173928216	TCGA-FE-A3PD-01	THCA	TCGA
10.9693433769098	18.8247737064351	3.78406521109165	-1.56934167230788	3.88352351602356	0.85760301100444	0.681687792161086	2.50064680410865	-4.39467504723816	-4.89958141278383	TCGA-GE-A2C6-01	THCA	TCGA
14.0420747816716	19.018324475779	-2.91839454663345	-7.25008877399319	2.97755707724359	0.329590137414924	1.59701728806731	5.49242312520868	2.78848017784072	-4.53555064365683	TCGA-BJ-A0Z3-01	THCA	TCGA
19.0263436380228	-19.6611423974226	3.82472613563253	8.22732733979469	10.5257219869636	4.79341257595708	1.72391026408185	1.63829783835088	-0.322606374592244	3.59617885256036	TCGA-FK-A4UB-01	THCA	TCGA
17.292039214344	-3.77873505412144	10.7140060163104	-2.67931376795393	-10.2776708168621	-0.354427892576209	-4.18302093001034	0.0289610304768682	1.57807695629576	-0.810755101904319	TCGA-FE-A233-01	THCA	TCGA
24.1306885209245	-2.40604393599573	4.51344238849838	1.42958604104315	-1.73154479871409	3.97741462270096	-2.02379974349968	-0.697223782854393	3.93918968480253	-0.347797015412368	TCGA-DJ-A3V7-01	THCA	TCGA
12.0524618941564	-1.33586162853565	6.69314460893276	0.0499337056668283	6.6555740885515	-4.32208889905079	0.63394870385988	1.23470831715917	2.96315483128635	3.87530415713878	TCGA-J8-A42S-01	THCA	TCGA
20.8987281615594	-2.78628552313962	6.92328856106223	1.48452212276063	-9.5777508484263	5.18714273746718	-3.42019128682469	-0.288128951968414	-1.6591407206561	4.7287682708738	TCGA-FE-A231-01	THCA	TCGA
17.0948613631797	10.1255821987662	5.73071911439019	-0.830390485626904	5.86820064038886	-2.05469112935664	2.91995080897677	-7.20941303299542	-1.45232167770066	4.24239183283477	TCGA-DJ-A3VJ-01	THCA	TCGA
22.9382711315857	14.039787438119	-0.649233404447709	3.44571598064525	-0.679450940327767	4.06830132639963	-1.27414340220058	-2.39175673717282	-0.843733660175659	3.82769471791484	TCGA-ET-A40Q-01	THCA	TCGA
21.4630988281382	14.5066271414822	-4.65285211645877	-4.57082201538947	6.78740729099748	4.91917749068903	2.91392678185737	4.87609594633766	3.93534110859283	-2.79742547636302	TCGA-DJ-A3V2-01	THCA	TCGA
6.18718705103114	13.8878742287214	-0.0195944040876407	-0.863904679535741	4.71553606470764	-13.4524900877398	-0.736011563574378	-0.818355850977235	1.06252821408252	-3.74333051919673	TCGA-FY-A3TY-01	THCA	TCGA
4.1245879100374	-25.4230065290266	-14.9682274197754	2.03071431973375	6.41589167438079	0.308738528444049	-1.46213895815621	-7.30972317842701	3.17616844948167	-4.10188570420048	TCGA-EM-A3FN-01	THCA	TCGA
25.7748552389984	-15.5916398474647	5.03762405841464	12.4479251852462	4.96497727621449	3.07447405965506	4.37263645625553	-0.907241699848601	6.73184435982588	2.78341725061666	TCGA-EL-A4K7-01	THCA	TCGA
17.4791862523966	0.0291041433397786	12.6640034434017	-1.37365329764323	-2.27377139452967	1.32153404017476	-0.902652318426413	-3.92530190468436	1.85098093231809	7.0624055384045	TCGA-EM-A1CU-01	THCA	TCGA
12.0064034960659	4.33184729711425	0.646808656521428	-1.40727692314112	8.00523809054156	-8.39675034438949	6.09048260196776	-1.44097326214607	3.79156832177505	4.80822423527647	TCGA-BJ-A45H-01	THCA	TCGA
12.0662626862027	19.6390471078949	1.92459433986046	-1.15637697088597	8.00062808522396	-1.30155303088749	1.49157156339671	3.81515998498956	-4.30054837770444	-0.791752563692122	TCGA-EM-A22P-01	THCA	TCGA
19.300217623883	-5.03916425280562	7.23059762194489	-1.73353981629426	1.43865695587577	-2.74931329069753	4.29952749685309	0.798655153584506	-5.68049979697342	-2.7825741576826	TCGA-DE-A69K-01	THCA	TCGA
23.3337666550632	4.6698946511406	8.78686332224838	-1.00443967873822	-2.01119904240592	0.48312781751862	-2.48802068419744	-4.4740448956026	1.27130717230548	-2.16216896115568	TCGA-DE-A69J-01	THCA	TCGA
20.3902239922801	8.50116592640113	6.53424494308949	0.751674950787321	-6.65490137584382	-7.42928488575949	-1.82218492722697	-4.90377963110178	-1.18009926958057	-2.64833653369189	TCGA-DJ-A1QE-01	THCA	TCGA
11.3067614598646	2.53302741957017	3.7836869896227	-7.37316441018625	5.57849819489998	-1.00438652375597	2.66228992949966	3.7614183540696	-6.75493726751193	-6.84835861801852	TCGA-E8-A432-01	THCA	TCGA
19.4983969617369	13.2346021379082	-14.3308523677112	0.0866235546629092	0.532094678648554	-6.34741907009978	3.21247153939835	4.40415570681069	-3.55880205725334	1.2061005071965	TCGA-FY-A3R6-01	THCA	TCGA
8.25888691270516	21.2988624874928	-6.37161483519947	-8.62095103644322	0.836321127740254	4.25734587593636	0.66905787606346	0.823417048609559	-1.64470463831767	-1.2563181922777	TCGA-E8-A44M-01	THCA	TCGA
19.9279144560987	-13.5385509376295	5.02122745554589	5.58239951489229	13.4739471510517	1.62699032220985	7.75263858909157	-0.192577121254761	4.40721225979002	-2.90097223248164	TCGA-EL-A4KH-01	THCA	TCGA
9.27188398285475	-6.55428052865309	-9.43326714040337	-6.85811643147994	-9.57774178024429	-2.53477978747488	-2.38806946879024	-3.02307415449827	0.704881809821835	0.243530655963542	TCGA-EM-A2CQ-01	THCA	TCGA
11.5294272482881	-1.17411394789838	-18.0614587779376	-7.29880567021712	4.21761510826139	2.56251708691245	6.06081509977137	0.46199267854181	-4.79132037164175	-0.344942190064153	TCGA-EM-A3FP-01	THCA	TCGA
6.1952485786668	11.790648157088	-15.2806159553959	-6.26494069141282	-4.5253466577656	0.256604879063943	-4.41090768138212	-4.60474351208857	-3.9379176022053	3.965617264871	TCGA-EM-A3AJ-01	THCA	TCGA
17.8773764802668	-25.7500991925046	-5.43204691502345	7.7186555869214	11.4026589545505	5.96529530261981	1.95360684610548	0.942804020737492	-6.00694798270629	-4.63334748638379	TCGA-EM-A2CR-01	THCA	TCGA
11.104331572015	1.21995808562616	17.9965148540805	0.128648171010202	-0.34485529390956	-2.03404109818361	-4.60901327153647	-7.19457844706903	-4.87872906177565	4.75590954349452	TCGA-FY-A4B3-01	THCA	TCGA
28.2354077736773	0.706262051048145	-1.58253931420217	5.92201841526827	-6.37447957724503	5.3953241679357	-1.98724205570616	1.33281593896667	2.17578528590316	5.34223020815079	TCGA-ET-A3DW-01	THCA	TCGA
2.92376870630512	-23.200059585134	-6.86318278425406	-3.56848172633367	-8.58668912078348	-6.68838491015887	-9.98473524682128	-0.352691659590624	1.17386702178805	-5.15687905637837	TCGA-EM-A1YC-01	THCA	TCGA
19.7930477044081	-10.5685047152799	7.952233067639	8.72544625287546	2.89931699245974	-0.884017257546844	1.56917389685113	6.73180103714299	-1.27555368289504	1.4144372710886	TCGA-EL-A3D0-01	THCA	TCGA
18.3264014705351	10.1625234409015	-3.78396136571226	-0.305834746492526	-2.07796026080742	-6.51574176949576	1.64291142110788	0.270841580975117	4.40766339847557	1.06747267568995	TCGA-FE-A232-01	THCA	TCGA
21.3922535030582	8.09811029269752	0.605705746720441	2.53943797339929	-4.34068164262355	1.56389266941574	-2.43827574686422	0.293208178017262	0.315386290021068	-0.58439377241128	TCGA-FY-A40L-01	THCA	TCGA
16.1938079137542	-4.32381919494721	6.23177211810963	2.92427507019952	5.6707491399759	8.20199388348553	3.56236466588402	0.324408471689069	3.9960057659606	-1.30300702337438	TCGA-EL-A3ZL-01	THCA	TCGA
14.0012514132189	18.278217597183	-11.1010639306017	-3.31979569461553	0.684721148308357	3.22831243661115	3.01736553752488	4.54321287967038	-4.06033120464265	-1.11777720261365	TCGA-DE-A4M8-01	THCA	TCGA
-9.900042761835	-18.5043714628399	-6.21733875151663	-9.6356695748803	-4.67575379758272	-5.21876163852261	-4.69251152957029	-4.9695546175137	1.26204912060369	0.175253476633964	TCGA-BJ-A190-01	THCA	TCGA
0.33732831787641	-4.05454305147471	-18.6169514593936	-7.66877656211201	-7.5883999537134	-0.476419101311918	-3.72656946630889	-0.741698457281848	0.669996644233228	-3.2417674265242	TCGA-EM-A22N-01	THCA	TCGA
1.8677683324261	16.9847125555773	-11.1699047859493	-12.2796210159799	2.13628217259926	-1.73108336279919	3.32614513793447	3.19620058119645	-0.882853162062069	1.69331740618473	TCGA-DJ-A4V0-01	THCA	TCGA
3.61892381082241	-15.2286462685019	8.8983753408274	-9.13745342782618	5.27505775353435	-2.59612167689355	2.61857905743245	1.44521466637906	-8.09168757087674	0.846089512753086	TCGA-EM-A2P2-01	THCA	TCGA
21.5339811706105	1.69071398948831	6.2625161757904	2.99780870179348	-2.91041711987578	3.77154033099579	-2.59339070136122	-1.42690683136227	0.914133915857487	-2.44515007652059	TCGA-KS-A4I9-01	THCA	TCGA
-4.80630257510975	-16.996978793844	-6.31823128100959	-15.0509986434959	-5.10676755091706	-0.472621287793651	-3.41881806809211	-2.654339582082	-0.483239401646952	4.04615189916328	TCGA-EM-A2CL-01	THCA	TCGA
20.4178397499765	4.10035271951592	0.826031538658348	10.8413505184065	-2.05381763612328	-5.56822690200827	-1.82564762013791	4.82109827836385	-0.774205689064276	-1.59583692580264	TCGA-EL-A3CM-01	THCA	TCGA
8.56971284502485	-13.5892974441702	-9.2954347017449	-6.65111966712776	-4.21401189098365	-0.998052348067888	-2.02746559780525	1.61995527020078	-4.01800006597995	-3.19086321716285	TCGA-EM-A2CT-01	THCA	TCGA
21.9783228321664	8.34130503444371	8.21024292885636	-2.91871906794212	-5.76480344229422	-2.29648653397843	-2.42698683090733	-1.09675484637332	0.422387696088067	-0.168102798215392	TCGA-EL-A3GY-01	THCA	TCGA
7.34987354401685	11.301406302825	3.99400442214653	-2.98665854516725	3.47256432743953	-6.98767846510339	-2.62657521276089	-1.02050767990277	2.71787303009921	-4.70276994594267	TCGA-E8-A413-01	THCA	TCGA
9.50955184704875	7.88690179499259	8.57305110111633	-4.76389362899986	-4.25625736913531	-11.3468783699192	1.28238221792134	-4.00900761128243	-0.545700623874687	-0.156156622578927	TCGA-EL-A3GR-01	THCA	TCGA
12.5875864207364	-18.8738627654974	-8.23787291753185	1.19111513021013	10.6484381915499	3.76703569256073	3.78131632542282	3.01552882487965	-4.11840686190598	-2.22995289505368	TCGA-BJ-A2P4-01	THCA	TCGA
8.218009118538	-1.72921465261414	17.8189900940874	-4.79065366081524	-0.705693974565663	5.31368008638091	-2.68894328414616	-6.8145448744261	4.55116179686429	4.37276982723059	TCGA-EL-A3ZT-01	THCA	TCGA
8.76389770467966	-5.61332746678148	6.68939744512763	0.14363765652836	9.07758525857835	1.80902029924173	1.41027886782723	-3.6475396051193	7.06180195789291	-1.74045558256096	TCGA-E8-A437-01	THCA	TCGA
20.7113504974938	-6.90308260937087	-0.172232618832155	8.86179198194455	-4.61728726348851	-4.41636971857405	-4.24118887575066	4.15074977511187	-2.18191878410531	-0.790830688805023	TCGA-EL-A3CS-01	THCA	TCGA
22.0357036486701	3.31943609239214	0.703807991438486	0.210412509324138	-6.46447771956613	-3.92238766625586	0.1059693568751	-1.10779442902045	1.68672943999457	0.82079582619483	TCGA-DJ-A1QD-01	THCA	TCGA
17.9481346355694	0.295483739017297	9.55404266421911	3.84784203783977	1.69954066308866	2.24494152256957	0.907329096185709	-4.41425355360565	3.23350755932505	0.944313285847832	TCGA-EL-A3T3-01	THCA	TCGA
-0.631062431189418	-9.1452009727348	-0.567883704313547	-13.1462271765699	0.592103295477676	-0.840697939614549	1.57828114192747	-0.625693141069827	-1.28653547719872	0.607128407542544	TCGA-BJ-A45G-01	THCA	TCGA
6.50313024656021	15.4572333425963	-1.85210165480596	-12.2742196508354	4.21772496151054	2.07032056798236	4.19530193271744	0.266921239973954	-3.48379391497478	0.689653876100269	TCGA-CE-A481-01	THCA	TCGA
26.2863127544724	-3.80336126186052	2.84432993079939	9.68623310376813	4.66586598941899	-1.97796167136456	0.759868833200432	1.16305293027566	2.31847271937847	-3.23541825937189	TCGA-E8-A3X7-01	THCA	TCGA
23.4395543625437	-1.53217387634046	3.09932547263222	1.30938079695404	5.80436182240808	3.69649101038948	4.75489445430356	3.48849658974095	-0.250675927022413	0.471629367344796	TCGA-KS-A4I7-01	THCA	TCGA
17.483318229449	-12.8052007001354	3.48601094324607	4.31052625790179	2.02773521126035	0.00473133501749973	-1.90798601010641	4.51186562163191	-2.38378931669539	1.90902895585532	TCGA-EL-A3ZG-01	THCA	TCGA
4.57457804095876	1.02358776602857	5.30931503981477	-10.5018326768887	2.38591906852477	4.39549821110956	1.21645061040809	-4.78377119813674	-4.02258628937651	5.33919176668564	TCGA-EL-A4KD-01	THCA	TCGA
22.7075894595356	-1.93468526274226	5.10428525129344	8.00503166818094	-3.05683347914566	-1.14342340156067	-3.62472837981322	0.479241059400809	0.593036119709651	-2.1722902891756	TCGA-FY-A3YR-01	THCA	TCGA
19.7709186786587	11.0980385103973	1.59197246285067	-4.30648417780224	-8.7889182449914	4.22391832394353	-3.17130037315497	0.0534415229274277	3.79402866733971	1.1924004659693	TCGA-BJ-A28R-01	THCA	TCGA
16.7626863350928	-12.2148648563754	3.05489071946635	9.2349786762162	6.02716632814903	6.72145225045744	2.22522134682994	-0.672107817486681	0.118048347532279	-3.60034017821584	TCGA-KS-A41F-01	THCA	TCGA
23.3009657698697	9.73738672655252	1.28620795548407	-0.449193914535095	-2.54460209736327	1.00418053261762	0.207190152984919	3.50307680372229	1.32186067064572	-2.09590756241064	TCGA-IM-A3U3-01	THCA	TCGA
7.40808613026031	-10.6004258926865	-0.386878292277908	-6.42459932812097	4.12565420148349	-2.6806061382359	4.12536448099759	2.39948993461612	0.634950631663199	-1.1971958039938	TCGA-BJ-A2N7-01	THCA	TCGA
-5.32400877106853	-9.31017063501859	-11.3869282994654	-15.470385451651	-6.08993697839684	-3.38434664273399	-3.89436486068657	-2.96211539081954	5.02099087870302	-1.18280086187546	TCGA-FY-A3NM-01	THCA	TCGA
-7.79305153260797	-11.6907381094935	-5.96324565366542	-13.5535846179942	-4.82140037649225	4.17651470768582	-0.839502057695836	-7.4907118138806	-0.249311827634762	5.05357307068431	TCGA-BJ-A45K-01	THCA	TCGA
17.0136458476362	9.74187039478962	8.31442137815177	-5.47841219273097	-5.42256991925285	0.409851570155406	0.571860750398811	0.568159507513364	2.30473625229476	-1.7202574194324	TCGA-DJ-A3UM-01	THCA	TCGA
20.8472850185882	2.46344576878565	-0.470121088869074	-0.33876401384142	-3.23085186028047	-7.0018056349445	0.956710460258831	-1.63946961912437	3.05010014319945	0.414692253902599	TCGA-E3-A3E1-01	THCA	TCGA
14.8690759025399	12.4416185271506	5.29606524699453	-4.421200195619	-5.73119842168276	-4.82376181916847	0.385058978440538	-0.755283983791428	-0.0814828510064967	6.87365989040242	TCGA-DJ-A1QQ-01	THCA	TCGA
21.444402827861	19.7661190835054	-8.79834544590077	-1.50229000193716	-2.98235645518851	1.30849742811869	-0.969985252594124	7.96953502252388	-1.11441312633051	-0.858743727444009	TCGA-ET-A3DT-01	THCA	TCGA
20.16713983765	6.02089155787296	4.27180580069086	1.70403635026437	-3.39175103560972	-0.89338895218396	-2.49719651286495	-4.50399024497807	0.927531531555044	0.924777776712398	TCGA-DJ-A4V2-01	THCA	TCGA
18.6761902237027	10.0211048101078	6.06204577554374	-3.18494688142423	-4.95370183422029	1.68695209653829	1.09908458810656	-4.50937941856455	2.05927038063559	5.24911411974825	TCGA-DJ-A2Q4-01	THCA	TCGA
26.7274730069576	9.4341897018625	2.36995866055369	2.57790996983051	-5.3737922565507	1.08504796257116	-2.55520500811629	-2.9375235126855	1.09511059651016	1.1522141956787	TCGA-EL-A3GX-01	THCA	TCGA
15.2306842333896	-0.989250136009362	9.80940468807416	-8.37924614486231	2.02894849504548	3.50441589940881	0.143538213500985	4.67813394738774	-0.554184474036563	-2.61727187106881	TCGA-DJ-A1QN-01	THCA	TCGA
23.3878137368519	9.61246141379913	-0.429617619346477	-1.43141021808786	-0.324919136654228	5.66375895235766	-1.38530671761105	-1.53141648940027	3.12471955246251	0.0295932537099827	TCGA-EM-A4FF-01	THCA	TCGA
21.9711610190106	-8.19295451950105	6.51307505178815	0.207217990018366	-0.930246282476185	-3.54553480880947	2.52505798181793	4.0363964217195	-2.25528547625952	5.19781555833193	TCGA-ET-A2MZ-01	THCA	TCGA
9.73122756087653	-21.3831597737371	-12.3321740049254	2.54389755391235	-4.67425903981198	-2.28508657693867	-8.2602864126542	1.34076928956823	-3.99314032143263	-8.2479095283754	TCGA-DJ-A2Q0-01	THCA	TCGA
16.2557782356643	13.1800353836135	-7.38423756019927	-5.61211404505415	6.71332722831272	0.994388096002449	4.23467965732721	2.69653300066674	-0.498099087994017	-2.17327438014477	TCGA-DJ-A2PX-01	THCA	TCGA
20.7791006127048	0.193333223013179	1.52051409130896	5.12960286849804	-10.4611041304732	3.32652091755235	-2.27123050808403	6.29731538941448	2.08592032085239	5.01830466549772	TCGA-EM-A1CT-01	THCA	TCGA
11.6049462471887	-14.5810919608417	3.54824965327826	-6.55077244657621	-1.80103630338791	0.247839151523507	0.121506447765597	8.29442922000216	-2.51188875393209	-0.444552094073351	TCGA-ET-A39L-01	THCA	TCGA
-1.91050853274629	-18.2047914444857	7.97213352476803	-9.66458259464339	3.6071213178807	18.3561842769719	-1.35490614883945	-4.78552819731544	-0.993549242863536	5.38240207265958	TCGA-EL-A4K6-01	THCA	TCGA
13.1750178058274	-28.4446789352456	-13.7311182796894	9.10371619049861	10.2648527606973	3.87424261421202	1.6839377288805	-1.44213855577696	-5.09390038327762	0.966825502087405	TCGA-EM-A22Q-01	THCA	TCGA
7.52698022005593	13.5543917408597	5.76543159692931	-9.87833061548316	0.570342166592424	-3.39766241022601	4.19053099577682	-0.617268728437576	5.37706383137504	-0.968743609253094	TCGA-DJ-A3V9-01	THCA	TCGA
9.54313125016803	-3.65809274455164	-8.55341795991855	-6.39782094252001	4.63952692489791	12.0978508409744	2.34464634956286	1.58690530856589	-1.74439929902025	-0.253427919175863	TCGA-DJ-A4UR-01	THCA	TCGA
10.4119602273357	17.3437035831118	5.23660963213794	-8.51200649378364	0.702401868359471	7.77720684838826	4.41585745066188	4.66997929979122	-0.114595124010318	-3.05356350747135	TCGA-DE-A0XZ-01	THCA	TCGA
3.39436333638834	-23.4575488090216	-17.6526717036558	-1.78327747672166	5.44501164942109	-2.19152518427713	-1.61101600831994	-6.01081336940675	5.4079557250249	-1.69344880720449	TCGA-FK-A3SD-01	THCA	TCGA
20.3009593109469	-0.587597325630139	6.8029623298195	3.31541764824398	-6.32659196687261	2.30898515969049	-1.43745072101837	4.42192572216219	-0.269163990555837	2.35125363266953	TCGA-BJ-A0ZB-01	THCA	TCGA
5.69072870476085	-22.3413656042343	-10.9331361300963	-0.400078639942765	-4.55702937100059	-3.11421708043438	-0.431467130539884	3.67924487900516	-2.75574181417264	-2.34808869026527	TCGA-FY-A3R9-01	THCA	TCGA
19.5436638685119	4.98999953526042	6.73195336436107	-2.50093574615111	-7.4096843391305	7.43360328300448	-4.24309602160955	0.519956401815442	-0.332091977118044	-1.52200814432931	TCGA-EL-A3N2-01	THCA	TCGA
14.7625056119079	-0.968872929946317	7.31274242992708	-2.52152303550667	6.24878812700508	-0.843001592209254	5.45164827452461	1.48251191683097	4.90606196970972	-4.10832588117757	TCGA-EM-A3FJ-01	THCA	TCGA
11.1958571181161	-19.9615736716909	0.256662604110275	-5.39687678833902	11.8173315947998	10.152832387039	2.09410676011877	-2.46785549069547	-2.75827549666473	-3.1959683862546	TCGA-EM-A3ST-01	THCA	TCGA
6.12760483559088	-5.0601291158888	-11.3059313518792	-13.1211850399327	-7.12453865605291	6.56283162073465	1.91350332148617	-1.95085833668571	-2.5702551399814	3.73450680268367	TCGA-QD-A8IV-01	THCA	TCGA
24.0289513194384	6.0832472884159	2.28041723072223	5.83254135592873	3.80893593787745	-2.74620154171408	3.57164495080374	-0.136222099582669	1.83407925715795	4.83229524668297	TCGA-DJ-A2PW-01	THCA	TCGA
12.8317981163638	-6.93325669694258	3.78553674034869	2.75862677761866	1.88750068108081	-12.7847755269658	1.5086127523649	-0.632030965415063	3.76988120748036	2.56945606349591	TCGA-ET-A3DR-01	THCA	TCGA
7.84597355181191	-1.20294218977145	-15.3214809571336	-2.43638931276181	-4.37276511923665	-3.2774103552281	-4.18972335565234	-2.1899366842763	1.32595866151538	0.189636174851712	TCGA-DJ-A2Q2-01	THCA	TCGA
9.04187416391626	-10.4567501149024	-15.5543016134016	-2.60737734827683	2.99619091783546	-2.59292748482745	-1.38329649942382	-7.23522833541647	3.13081329566427	-1.93255599327079	TCGA-BJ-A0ZF-01	THCA	TCGA
21.2571426337022	4.70033828671719	5.30247295751522	-0.503527308639726	-2.29839089675881	0.388297946549705	0.231915617563404	0.279872685201259	1.21674846015482	-0.809230578558505	TCGA-FE-A238-01	THCA	TCGA
21.7567655430713	-4.00883550201056	0.880494433297114	9.07533464958077	3.03753545599136	-9.32054717278053	0.398452147481937	-0.182846272244908	0.669457546278727	2.71453493845749	TCGA-DJ-A2PZ-01	THCA	TCGA
10.3229859622939	-6.85856991613263	-22.4526138739113	-3.62160805135467	-6.17476994855666	-5.08585227780105	-1.99628224949483	0.0546091692279412	2.73217349751323	0.0931524551924988	TCGA-EM-A3FL-01	THCA	TCGA
13.0332733661062	-0.931947730570843	4.77822355084707	-5.87611980914546	-2.0351741418285	-7.03665689170468	3.71128294249126	8.35284864485703	4.68101007907904	-0.345927250743436	TCGA-DJ-A13X-01	THCA	TCGA
24.6597456561381	0.434905851949891	2.74633478163228	3.21039591014112	-11.5035691742785	-0.604842409005047	-1.97454103874559	1.92542511733397	3.6404184305051	4.36099848697671	TCGA-DE-A0Y3-01	THCA	TCGA
9.76412665562404	-9.86536370085554	-0.440908449710723	2.63028248901179	8.48323631534559	-7.24800111947838	10.4614828013697	0.446660105932059	-5.28734511144684	0.475117199323565	TCGA-EL-A3D4-01	THCA	TCGA
9.51569024400555	-11.2464388890617	0.35286441663252	1.60104749701075	11.0925453302485	-2.84411705262611	-3.21720564528523	-4.5146515167699	0.0425596377678469	-9.30457466145263	TCGA-EL-A3CX-01	THCA	TCGA
2.20962691036259	-15.0803818617951	-3.21979443196806	-5.26812298146803	1.636706854405	3.62327042338641	3.52882634882847	-0.47327513383716	-6.02458361672545	5.40302754791567	TCGA-MK-A84Z-01	THCA	TCGA
20.9587430754103	4.46078664438262	0.579641019060158	0.273658533892299	-9.07973087442288	4.27586127304703	-1.74014278119795	0.56437582683192	5.43375665204109	1.89354810002255	TCGA-DJ-A3VI-01	THCA	TCGA
-0.297164924736177	-8.70280988836233	-1.1059859877675	-9.0515453485074	-0.166806905964023	-2.86010544466383	-0.797876998467677	-6.30228954132978	-7.13277612456358	2.80797829676638	TCGA-FY-A4B0-01	THCA	TCGA
28.4431783325597	-3.23251377389356	-0.130406534030819	8.1427463391126	-4.19776715588343	2.15863113112224	-0.743336397986706	2.27255045635866	2.10506569136066	0.912283858033337	TCGA-ET-A2MY-01	THCA	TCGA
0.68402815887168	-14.4450403005294	5.22929564024309	-14.6768995928034	-5.46741272669964	-2.55593816114349	0.0840077344511286	-0.0699943242552587	-2.87755026445643	1.14226592587439	TCGA-EL-A3T2-01	THCA	TCGA
7.54174108335541	-11.9112685434228	-6.15412455411207	-2.19159496149506	-1.99053560695438	4.8705304995558	1.36501355048502	4.65600182169208	-4.25640160899594	-2.54972978225306	TCGA-BJ-A45F-01	THCA	TCGA
8.043537158854	-11.2994543922559	-18.154952126976	-1.27854125823597	-5.77596913667569	-2.86823206796095	-4.58570371041029	-0.890426411306589	0.916593700252542	-3.47998383707426	TCGA-EM-A2OW-01	THCA	TCGA
11.4978707562215	-15.0721910428647	-20.4507507708787	-0.838156800765125	3.19544835519773	-6.27122817507193	1.25605667815716	-2.07280756385459	-2.00982196450913	-1.03666483726971	TCGA-BJ-A3F0-01	THCA	TCGA
11.7643489918195	-9.05858220647694	14.259493184095	-7.70912662200286	-2.95020336599324	-0.0728157006430416	-0.308546813045291	-0.445571179600949	-2.05317448590643	-2.3438480451703	TCGA-DO-A1JZ-01	THCA	TCGA
5.82886099085838	-11.061603761606	-2.91741324299994	-9.02873885816265	3.80993906986967	4.83782604888758	1.09203580105481	-0.699557824431123	-8.97059011164576	4.60057575208395	TCGA-EM-A4FU-01	THCA	TCGA
5.7455268666422	12.2444640607551	-3.03152815638359	-9.12483526499369	-0.820916908795437	-6.83601970623951	2.88549633140882	3.87864871184732	4.12751858755565	0.856498467004708	TCGA-DJ-A3UX-01	THCA	TCGA
4.35809191562041	0.444067279968105	4.195040468873	-6.58311398554575	8.28301326161503	-6.80308915969649	-0.721694026170916	-2.07117352455455	7.97541801256333	-2.23354264041961	TCGA-E8-A434-01	THCA	TCGA
27.5227116496432	1.16404764473368	2.66787268843396	9.15038874811457	-1.45315335318826	-3.99489732781761	-1.48188808915478	0.95407548647256	-0.062638546450704	-1.84145743721413	TCGA-DJ-A2PY-01	THCA	TCGA
16.1000288411876	-22.2019817422783	-5.80267606504689	4.73798545138711	-1.07271658949445	0.42869598501611	-1.45730182955933	7.5528816406225	-10.0745879729241	1.08337061177188	TCGA-DJ-A1QG-01	THCA	TCGA
15.3364637027044	5.15015279779942	11.3197162082616	-5.0722476513803	0.43192239015898	0.346636286423492	0.207721011503731	0.598190575903586	0.969591566313385	-3.00444879607437	TCGA-EL-A3GZ-01	THCA	TCGA
23.8409553047973	13.1631581080954	-1.41224531985253	0.44227443263746	-5.75536369154335	2.42455253828078	-0.536915674983113	4.07863856756317	2.03182233350793	1.75353652319536	TCGA-ET-A3BO-01	THCA	TCGA
21.8936589150802	3.92341393708041	1.57800813783488	-0.0218395116305199	-0.862713437832708	0.0558342951033199	-0.489021843645738	-5.75454909649824	3.72184347131281	0.149813428969239	TCGA-DJ-A3V8-01	THCA	TCGA
18.1773147513908	-0.91644685474834	2.95815744538551	-2.60448432937714	4.56539915264743	1.30263406721077	2.12496000727065	0.83949018523939	-0.0769150092819901	-1.65334504542176	TCGA-EM-A3AN-01	THCA	TCGA
17.0098591572221	3.35945519663532	8.74365118995254	-1.09328318586241	-2.96625721760377	-4.32538909493881	-4.41712658905919	1.05590619862671	1.62997949491237	-3.44045998834381	TCGA-DJ-A3V5-01	THCA	TCGA
20.7935741016644	-3.74336970716812	0.625891408849494	0.895738368112196	5.48891981174734	4.88196606298497	7.63020271826166	2.90853443096283	0.560346883449582	1.72480553963322	TCGA-EM-A3AQ-01	THCA	TCGA
12.6185044557076	-19.1153571938656	-9.01815219446557	6.02284324589102	-7.70292834964809	-3.01823940887998	-9.3392736639292	-0.65284876413862	-2.72113845442972	-0.955831923895052	TCGA-EM-A3SY-01	THCA	TCGA
17.7173398408669	7.75012882270427	7.11907630751792	-4.74536334830973	-3.05426402411688	-4.74698456638152	1.30136878945029	0.388626259352312	-0.740513090640148	-0.605739112066255	TCGA-EL-A3GV-01	THCA	TCGA
5.83413716578779	9.23269433298852	-1.53165241132316	-8.36690280545088	3.67130397915483	-10.5022578333762	1.80914215281018	3.60469790603623	5.746507862724	-0.615461982434312	TCGA-FY-A3R7-01	THCA	TCGA
-0.738607019347012	-18.5688309642683	-14.0727449910006	-8.21674039722424	4.04748987233162	-1.15238976618846	-2.28830910889375	-4.83438379507495	3.34771028697206	-5.97963903080886	TCGA-EM-A3AI-01	THCA	TCGA
19.5100177383626	-2.73632531404512	9.53947776720252	2.30140817169144	-0.234658820562821	-6.46732523549194	0.785112454095755	0.117894877379667	-1.20598990273373	5.49256785271412	TCGA-ET-A3BU-01	THCA	TCGA
18.0358926096225	-5.92084882056324	-0.907413600188377	-3.3502719134771	0.793023804212003	1.07317696635067	0.391226273241267	0.279548717811934	4.31724641738496	-0.661863878904217	TCGA-J8-A4HY-01	THCA	TCGA
9.05091941767056	6.31106543804769	2.25350331227387	-5.45562798517351	-0.889169231593352	-6.472832715868	-0.890164995802342	1.35232989807117	4.84347044399525	-0.986697589618086	TCGA-DJ-A3V4-01	THCA	TCGA
11.8076570149545	-8.49980840124415	13.9777264383712	-1.81579715849332	6.54337346388533	3.37864950252301	0.142203370440937	4.16350161437694	-1.47947991064112	-1.79459390755758	TCGA-BJ-A290-01	THCA	TCGA
24.4943180137464	6.93572344370461	3.25771408982073	0.400649939139257	-5.44387907978232	2.4609345093495	-0.70324389251567	0.640929595948475	4.0695675932515	-2.76742010354509	TCGA-J8-A3NZ-01	THCA	TCGA
21.1115514387395	-6.02865728283957	4.69564998009117	1.85760179512173	-2.68015864193374	4.88121328069032	0.0521514021149134	3.85474723974743	0.603490585588451	5.04871717897593	TCGA-BJ-A0Z5-01	THCA	TCGA
6.70668853513012	-4.83008971796493	-2.2992724649729	-1.14460039443559	3.79476403265728	-16.4648159964901	3.11219681556814	1.25219670625415	4.79417905947712	5.98791720241466	TCGA-EM-A3AR-01	THCA	TCGA
23.6689618311904	-8.07944600019121	5.0375652179844	10.9131305232067	-3.47494096205364	-6.86658443404447	-0.331779085646663	7.14105376373627	-0.492628536868963	3.66555485257395	TCGA-ET-A25M-01	THCA	TCGA
14.508972423072	-3.29616559699913	2.47940769071294	4.25647918754112	6.69361178299736	-6.72970508787161	0.472022389420196	0.0416676883083207	5.38571475491781	-1.62217806493198	TCGA-DJ-A4V4-01	THCA	TCGA
18.9092034019093	-8.99888533160209	-16.2050421739876	3.20552644349406	-6.67916820087762	2.71085318781012	-1.19169424161586	4.44447597114245	-6.3020204211054	-2.35435137517363	TCGA-IM-A41Z-01	THCA	TCGA
20.2687686516246	0.155735868441634	0.221728524712043	2.52887964524075	-7.93400220769461	3.54774660651359	-2.9448419629708	1.06214785156886	2.01345679688422	-0.721178261312125	TCGA-CE-A3ME-01	THCA	TCGA
29.8089629677838	11.0375064120704	-6.48134638445985	4.30616438134382	-3.33406344303058	-1.70526574923401	-1.9846221279201	-2.78279005387848	0.397927873387375	2.3836202741249	TCGA-IM-A3EB-01	THCA	TCGA
28.7525087451738	-7.42792280531581	-7.72905958846142	12.7779807062391	6.59800365052759	5.61355659970713	5.00507316776266	0.179799249148269	4.09907309846511	-1.31006378654862	TCGA-EL-A3ZQ-01	THCA	TCGA
-4.52363330023226	-8.80130784041914	2.14208112216425	-17.077431362356	-2.23791375315814	0.869237153978723	0.761689269620769	-2.086275308618	-6.05026385580105	2.69631235341406	TCGA-H2-A2K9-01	THCA	TCGA
15.706542324818	0.0203033748104382	8.35164218294769	-0.930760934417555	3.60358538507261	2.58755244204814	1.96729681326714	2.6060463030438	-1.48611115439754	3.16859887032967	TCGA-EL-A4K9-01	THCA	TCGA
23.2207285500391	4.68590424483094	5.66209256430712	4.1082003552538	-2.97271833051051	0.775940957597403	-0.923704286048969	2.45284346218461	-1.34069178587357	-3.24742836220535	TCGA-FY-A3R8-01	THCA	TCGA
15.8701164161061	-2.84258967741291	13.606385691044	-2.00511378525457	-10.9267510970687	2.35187114223617	-4.98674898155963	5.33270694459438	2.32843543294136	-0.808355806277339	TCGA-DO-A1K0-01	THCA	TCGA
19.0293925165259	10.7260481388652	0.578395215082181	-2.96290189557382	-9.71368549963498	10.3118609462563	-4.38742798409935	2.73734254242724	6.03531761324842	0.804756128401963	TCGA-E8-A417-01	THCA	TCGA
25.2227713082937	-3.85528761571344	2.49991723979687	7.29120631938134	-1.99952904410616	-1.78350405730017	-2.051604587103	-0.00625218688885395	0.962890606944736	-0.610414675921678	TCGA-ET-A39P-01	THCA	TCGA
18.6314427732957	-11.1795402665397	12.4405369713674	3.18685829581203	13.3606589905448	3.58131175269965	3.22321027740082	-5.43940711052864	2.1365885962239	-5.75979811439642	TCGA-FK-A3SH-01	THCA	TCGA
22.7953324630555	2.47721417759278	5.05701626963546	0.271783230879471	-6.38197968345633	4.31929199600995	-2.9253722582202	-2.25089418835693	1.44091573260913	1.13160667289433	TCGA-E8-A418-01	THCA	TCGA
22.950416868273	0.584605655759704	1.25859305310262	3.43341721510081	-7.4526438137726	0.0520932346517387	-1.57021838679664	6.16449543368461	0.0587940903059163	-3.08871947256213	TCGA-ET-A25J-01	THCA	TCGA
20.6570132045596	-10.3427346763699	6.08419247688074	6.8705229395543	-5.14686451301438	2.58951009365797	-2.15105081099102	3.77054828440377	4.65571836578399	4.599526778055	TCGA-FY-A3BL-01	THCA	TCGA
1.79222479795686	-14.2594027309128	-2.31249222500843	-17.617751165098	-0.0605746587902811	5.0057846799451	1.56921967077877	1.13541934843649	-2.8784441164822	0.289406134607053	TCGA-EL-A4JV-01	THCA	TCGA
-9.98209778074371	-20.0483289962937	-2.34704044106903	-9.83131845190607	-0.06261171798511	3.09610163465855	-3.70767955579671	-7.07630315258184	6.2251935926012	5.04715669494853	TCGA-BJ-A45C-01	THCA	TCGA
22.0047949594883	-9.27999725531244	7.14249049214477	3.41564849463132	3.24563887804332	-10.0705229858883	1.84775450276915	2.75857146621632	-0.704385001385957	-0.376929300363094	TCGA-ET-A39J-01	THCA	TCGA
12.6500294421293	-3.54217709567493	17.3780783626069	-4.29220482837559	1.78145721635837	-0.397115409737065	-1.01840000522087	1.31592955229878	-1.8625068142068	3.10653954798038	TCGA-EL-A3T8-01	THCA	TCGA
19.5421679512472	6.30881223530817	5.50683343225167	3.08875070684865	-1.49315472076582	-3.66553640386243	1.34535724461821	1.13226003774589	-1.85906602404489	4.78487205362971	TCGA-BJ-A2NA-01	THCA	TCGA
16.842842547998	9.06537797547438	-1.29742834601415	-8.03549285554744	4.98256526264952	0.169410630305076	4.11941763207425	6.75591068883028	5.25553354059538	-1.24438783437565	TCGA-DJ-A2Q7-01	THCA	TCGA
15.0956414676813	-0.101514377411173	9.3987953466327	-2.96361461551044	2.06334725606265	-5.01450958393281	1.59746064858753	2.62909984382579	0.688622014411905	-2.28939512421251	TCGA-EM-A3AK-01	THCA	TCGA
2.10345756303572	-17.0092909839351	2.02740131917179	-13.7464263970055	0.816041744871328	2.22451428196022	2.2058999972361	5.29366868201544	-5.70874619421799	-2.21340472161047	TCGA-EM-A22K-01	THCA	TCGA
22.8832302060681	15.2012157727809	-3.96469958177409	5.30651523289989	-4.65669341111094	-3.29297110341324	0.336418973464787	5.27953383243437	-1.71206677163778	-1.61975194806634	TCGA-EL-A3CU-01	THCA	TCGA
3.2278044291483	10.8415961712754	-7.17958627721689	-10.5026653613472	3.30816677757838	-2.65931868865696	1.52721619908287	4.02627237410855	3.00155293807761	1.46704441130512	TCGA-DJ-A3UZ-01	THCA	TCGA
26.3122108534332	-13.8392276111934	-3.20582386464109	12.6989101026898	-5.86463082731491	1.80431749530343	-3.04292557004009	5.41712888837011	1.53061449417707	4.48074589575599	TCGA-EM-A22O-01	THCA	TCGA
-4.41738609282129	-13.5289528079114	2.39997801566678	-10.8560890119369	2.25390007897915	-2.26688593585418	2.73225343615662	2.27603986900686	-3.82809633646107	5.90101399226973	TCGA-BJ-A18Y-01	THCA	TCGA
20.8641391535572	-10.8354372669448	10.5821283316227	2.05533353257699	-6.7904434618118	-7.27520125737754	-2.18149771708769	-2.62171980801214	-1.90909591805675	2.10782338375488	TCGA-ET-A3BN-01	THCA	TCGA
21.3455996868439	-7.86804425986018	3.24531084982734	-0.15543913250786	0.952180923716419	3.64761000345382	0.510880623807335	6.95864448456511	-1.15982328989297	-1.14965891794385	TCGA-ET-A3BP-01	THCA	TCGA
22.8016156763727	-8.59326846497501	3.40396605980179	5.54508961696394	9.97625989834985	5.4555718700798	2.33678596182819	3.43895620388451	7.36908571942735	-1.83087010474666	TCGA-DJ-A4UL-01	THCA	TCGA
16.6800456136739	-1.24577566516144	9.64180928912577	-4.49005608391365	4.34180721183446	-4.62677926071798	0.956412914621112	0.907534130095566	1.60238820152904	-0.479126243745244	TCGA-ET-A3BQ-01	THCA	TCGA
13.4921737061202	14.6324535893503	4.94570688214575	-3.47937753486282	1.32977532398597	-1.93322928832892	3.86763546153931	2.75314943043128	-1.89275339233265	-3.58464905691223	TCGA-DJ-A2Q6-01	THCA	TCGA
9.77383475612431	1.83095712260448	-19.9654598258296	-3.3043490150608	8.09010443489572	6.61735091426446	5.92044596693525	0.690423071938651	0.154403202839985	6.6759419575282	TCGA-DJ-A3VL-01	THCA	TCGA
-8.04688212352605	-4.59604587982168	-12.5232586143866	-10.9312152089705	-3.33919683122769	-7.9864633215989	-0.497373911566489	-0.540620910189085	1.84731263442326	3.32850120421284	TCGA-BJ-A0ZG-01	THCA	TCGA
8.89588470674786	-7.39997707095561	12.7378415701278	-1.54477089961403	-1.50001420041683	-3.44921255191296	-3.13240534096015	-7.10269484652974	3.68084786949777	-0.202700203979702	TCGA-J8-A4HW-01	THCA	TCGA
19.3488418853005	17.2901016646381	2.25638078444144	-4.35820440505981	-4.67453403673058	-3.41395018409683	2.12032157545729	1.69188338064812	1.48506868844609	0.489537684896886	TCGA-IM-A3ED-01	THCA	TCGA
19.1878386262241	10.4868172569058	-1.53182696705667	-1.53704243151547	-3.25266948933296	3.53302831735036	0.635225873379663	7.50349038779546	-0.431190095733819	8.55987111548904	TCGA-DJ-A2PO-01	THCA	TCGA
23.2672323405321	-2.70635144183047	4.75006159652884	1.7099190511376	-4.29981477932517	-0.951633087872046	-1.30875351096815	0.817336768040839	3.43004504445718	-0.921365073143861	TCGA-E3-A3E3-01	THCA	TCGA
19.4448250503876	7.18810633301846	5.88705588102168	1.54219549320411	1.36244480507597	-5.72631109832058	-0.323640889916191	-0.506988747558304	1.36645133220655	-4.59811623119437	TCGA-EM-A2P3-01	THCA	TCGA
1.88801155125154	-14.2165494623729	-11.7926156650098	-2.43579453157528	-4.69577701312206	-4.56635156275469	-6.95458583671413	-0.916547639307723	1.15221546667101	-3.2177126216198	TCGA-EM-A2OV-01	THCA	TCGA
14.9353610609156	2.96943129465931	3.46672914578573	-3.48493280511912	0.55368617400472	-9.90800641028556	-0.308405543674592	-8.04503202763984	2.87624514642601	3.33815244069877	TCGA-FK-A3SE-01	THCA	TCGA
24.5994074909258	3.4557773304413	2.12085404299868	3.81664214066567	0.0799449829195573	0.411839032525766	0.684862944769583	2.81857263962829	2.24343864665276	-0.067580908852143	TCGA-ET-A3BT-01	THCA	TCGA
21.682412353603	-9.39285733364354	6.30818712641875	7.81011517066721	-3.18885847256195	4.42866702587261	0.596323320419886	-1.39234115777298	5.16524098488981	0.258618247441553	TCGA-IM-A41Y-01	THCA	TCGA
6.78219093399328	6.72063195220963	2.19761260780001	-7.99101844520186	0.740242533638782	-4.13193770702224	-1.1743115834732	-0.595500259830326	7.01720100118793	-0.125702307646099	TCGA-E8-A415-01	THCA	TCGA
1.44284397952444	-8.08493575643341	12.9425695611431	-10.547417703938	0.623310264705439	0.581867559249724	4.08571044138278	0.583780529194803	-8.63492040194987	1.73723223234017	TCGA-FY-A76V-01	THCA	TCGA
15.1858459891013	11.5643082554688	-3.3011124818426	-9.77278065776385	2.35059945374869	4.22703378962358	3.97491078820995	3.51409241213258	3.95730760851541	1.6285871589963	TCGA-EM-A4FV-01	THCA	TCGA
14.3724261420417	-1.88707737577928	8.82995250082819	-2.15174863926643	-14.186430731717	5.30713973023518	-4.82811640284892	-3.98361911317951	6.67097365965844	-0.178334392011042	TCGA-H2-A422-01	THCA	TCGA
23.8557990711024	13.9696752003793	-6.64936433178606	-1.30861257618554	0.214837905909679	5.66319994185985	2.94018594526871	7.03017161528708	2.17164806151695	6.26862452714355	TCGA-ET-A3BS-01	THCA	TCGA
17.1968466186303	2.29277881121651	11.6045040099519	-3.62162608185456	-0.294136024217364	-2.50981464084117	2.02213617775722	-1.41320667913376	3.08138185216325	-1.77833503323413	TCGA-EL-A3T7-01	THCA	TCGA
7.30895494180044	-3.77872243983101	-1.85380733325173	-15.766229107637	-3.558009948182	-1.92145417171625	1.4768086339692	3.4306268032569	-5.6027075823381	-0.253306053135122	TCGA-ET-A25P-01	THCA	TCGA
21.4541932309749	-2.59783991626421	-0.134167853030746	1.49745358281771	-8.52290690765584	1.0053723276044	-1.93269667880132	2.52998107402818	-1.12993947903231	4.68849262134303	TCGA-DJ-A13U-01	THCA	TCGA
-2.27571612361742	-17.2732375097727	5.53499648089608	-17.7770352931284	-5.03713414438272	7.06279700534037	-3.05513746710578	-4.04436376426597	-3.2171782946902	-2.5936400047006	TCGA-FY-A3W9-01	THCA	TCGA
3.46691456543795	-6.16165831530258	2.48462653168401	-6.36655523936273	0.171063479821124	-9.00425086849453	0.00667914062211705	-1.07947942278696	7.62314624354026	1.35711668709211	TCGA-J8-A3YD-01	THCA	TCGA
7.75021216664704	-15.6794073491753	-4.88337851648749	-3.58969166272953	0.136935114614082	-2.51037471234093	-2.95273449884095	-4.10822749241568	-3.23194280600497	-4.11438051727514	TCGA-BJ-A192-01	THCA	TCGA
8.00091537411673	0.532034718645614	-13.0974524595879	-10.2902613092515	-8.5428204135868	0.308684614786953	2.01659672727587	0.429519369304732	-3.67317509711372	4.91067871233626	TCGA-BJ-A0ZA-01	THCA	TCGA
6.73599476556792	-17.9376599399131	-8.20695135050111	-2.3450881435218	-5.17232424043348	0.186958351779035	-4.71856192214032	2.99738844595438	-5.58906908694213	3.27290448846996	TCGA-DJ-A2PP-01	THCA	TCGA
15.1119730782059	-0.960817987042638	9.16494090035182	-0.872055402959727	-4.83863187858019	-4.98740246508015	-0.271893783441717	-4.16926845368698	3.08215917866971	0.795302058267639	TCGA-DJ-A2PN-01	THCA	TCGA
18.6098426356726	0.584930027732363	-2.30186705548854	-5.28433872806278	5.94558107948559	1.00260812108653	3.93595449054664	0.18024394421993	1.79568101145631	0.612790195323249	TCGA-EL-A3TB-01	THCA	TCGA
12.4762272168288	-3.52681912472496	11.8179230059223	-4.90234180531602	-8.84246476349919	1.32654791941214	-2.27915129295199	7.81618369358233	1.75135221871121	-3.95600873967626	TCGA-DJ-A1QF-01	THCA	TCGA
21.7998187479311	-2.84972867420711	5.95896338419825	0.438938726131777	-0.720848926239152	-1.63729161903819	2.08868667565771	6.47253477598952	3.63084410675277	-1.35468135531255	TCGA-DJ-A2PU-01	THCA	TCGA
-2.09787757475515	-15.1741136432719	-9.06676598042179	-8.98486139265899	0.664250579529127	0.762142456532532	-1.52986802800645	-7.21214083094396	1.84254608603047	-2.84460327711794	TCGA-EM-A3AL-01	THCA	TCGA
9.72490771582424	-24.0618318069063	-1.59779750788568	-1.49597676931716	6.2175805537875	6.207303998425	-0.80898830977795	-1.58994595877327	-1.38055086053256	4.5274854947682	TCGA-EM-A2CN-01	THCA	TCGA
13.0758951166201	-14.6307482553046	-1.16177841870989	-9.15520386120348	0.910611738324499	-6.35760206655273	1.42368537063938	1.01413104081974	-6.3824801049395	-1.64645342839912	TCGA-EL-A3GW-01	THCA	TCGA
21.240036579029	-6.94661244222334	5.21402918907281	5.84039230573365	12.7514211121686	5.24464475559963	4.19684691784512	-2.87217293297954	4.27618622039378	-2.44376170450698	TCGA-KS-A4I1-01	THCA	TCGA
16.1645583365316	-0.95690178220677	3.58840884468534	0.0431977057341458	-9.89351169202044	-0.316935448677971	-3.24367324235711	3.51343360759723	-0.292495112538495	2.71946091576721	TCGA-FE-A236-01	THCA	TCGA
18.7057820190525	-11.3517556059961	10.0143555294698	-1.95794967131539	1.08744365317915	2.64639578783118	0.301631991844244	7.0125583148511	3.67030808406122	-2.50651609180317	TCGA-EL-A3MW-01	THCA	TCGA
12.9975720908582	-22.8659997006861	-4.07170989352511	-0.219401347509184	-5.30525043961655	0.341825481256771	-3.57184448813358	5.55621122278446	-9.34758402807316	-1.5714535957981	TCGA-DJ-A13S-01	THCA	TCGA
24.8302482610936	-8.63908173057081	7.59631838757496	7.45320808453737	-7.29946011183384	-6.36706818907992	-2.99416381024835	-1.20121161242122	0.0342852421899176	-0.428958787555489	TCGA-EL-A3H4-01	THCA	TCGA
21.1250289736761	1.51762857680782	1.49377941387969	0.582407204610178	3.00728984261045	3.38170872354456	3.72349118272847	2.27273362827901	6.64052903501454	-0.364512490914359	TCGA-KS-A4IC-01	THCA	TCGA
23.318300572363	7.64040249002942	-1.64078225837316	-0.476594425919271	-3.06542073957233	2.55545581311507	2.33443812639235	4.32403079314316	-0.625728297940878	9.25258408614958	TCGA-DJ-A2PR-01	THCA	TCGA
-3.29000692410709	-16.5357115436481	-7.14849216220342	-11.458591899252	3.78579773071682	-0.619420077556722	-2.00336760727542	-6.22492547936255	2.24998834419624	3.77128328432138	TCGA-DJ-A1QL-01	THCA	TCGA
18.2431988749959	-10.8643955538848	8.34531527797582	-3.99781298047144	0.484596024262962	2.61552690633977	-0.261853453203813	10.1299604674687	3.54039254073272	-2.33944686325273	TCGA-DJ-A13P-01	THCA	TCGA
0.180379503890137	6.04736209453787	10.5385123403511	-8.39587246023461	0.485534282511119	-5.17920187334435	0.886482418443544	4.03737099340222	2.18791635128074	-4.5421534305673	TCGA-EL-A3GQ-01	THCA	TCGA
7.86284988227235	-23.5809307016139	-3.15476063549479	-3.79867991573389	-8.27218452425755	-0.818251837637108	-7.22238627130395	0.388834779178176	-4.90399100285422	-3.61730680724775	TCGA-EM-A4FK-01	THCA	TCGA
11.1267984630107	13.6345637228716	0.928234442901547	-7.73299415320715	-1.1766915540729	-2.83099797311151	3.46489367905657	5.33417437759993	4.27214342348097	1.52179746732641	TCGA-DJ-A3UU-01	THCA	TCGA
8.664477199693	-17.9425832872483	-12.3532293719927	3.01645015172409	4.95908788408923	-7.89749420637646	-0.176316384382118	-2.39092021985221	-0.916592173895087	-5.53891701468606	TCGA-BJ-A291-01	THCA	TCGA
5.20257281313558	-17.0238691615334	-14.3654183375779	-5.41495659990275	-7.42752708867505	-4.48425915134095	-1.23384118252667	-4.00799450468724	7.05715770710984	2.8744405321001	TCGA-FY-A2QD-01	THCA	TCGA
18.287080514442	-4.79847476884147	7.84671672608589	-3.12997675501838	-5.64413883483035	4.09968014573603	-1.30170048678297	2.54661798516052	5.9144714816549	0.547752502365432	TCGA-CE-A483-01	THCA	TCGA
4.78554966416208	-11.3420206520719	6.70420440719435	-2.81143858380513	5.42445689776188	1.82973448369154	-3.85632337138194	-6.06285126638898	4.15387455743552	-4.78209401338775	TCGA-FY-A40M-01	THCA	TCGA
5.97823130127747	-9.1395425770448	-0.244479321071967	-7.94267422040766	-6.327883512382	3.86656884043692	-1.64810598594447	5.01147290868293	-9.27699127830503	-2.53352758074463	TCGA-DJ-A3VM-01	THCA	TCGA
2.6831251724694	-13.1689220543038	-3.35878218258084	-7.53282058236366	4.95107749110157	1.69932143288393	4.67085369099885	-1.78479240573452	-1.69253364000097	5.86431344586672	TCGA-DJ-A3VG-01	THCA	TCGA
1.6413292456599	-7.24546636885859	8.42629905347097	-11.2363935385614	4.6942488528474	0.137528097854547	-0.0611685110747537	-7.27141167306372	-4.54860954486467	3.10697897577482	TCGA-J8-A3O0-01	THCA	TCGA
4.02501619842302	-9.95668045337705	7.80927816709724	-14.6926688547533	7.07044784517359	-2.63315876296345	0.982968588011796	0.0527922526388641	-2.5980193381728	-1.49526575429109	TCGA-H2-A3RH-01	THCA	TCGA
15.1948426361341	12.0099065494016	5.42000372580103	-4.00485540289981	0.301318039609911	0.470480407791754	-0.31684042451557	-4.56778674244661	0.916310281488061	7.80571697473541	TCGA-FY-A3ON-01	THCA	TCGA
16.5706534551006	-0.683945897355023	7.93774676120589	-4.07647277421542	-3.70493978013312	1.27221233810748	-2.90726005345238	-0.746136200257814	0.336095969410117	1.92320972312589	TCGA-EM-A2OZ-01	THCA	TCGA
21.7190391583326	10.0044428508168	1.86947576470683	-3.64678538288618	-4.52063060816142	2.34994566817407	1.49203778980807	6.11833518653157	5.35357043191357	5.62536990047093	TCGA-E3-A3DY-01	THCA	TCGA
20.1294713812348	-3.89938992062324	8.00691258253759	2.41249309854908	3.90691609857744	-1.02322937363038	2.3034548216818	2.10291701556647	-2.22625397195212	2.12985489685567	TCGA-EM-A2OX-01	THCA	TCGA
24.4525907829352	-11.0200208452331	1.33607438110899	3.96261348166294	-6.68925468365344	-1.02461206181118	-3.3072798914092	6.31626695939397	4.59973720912717	-0.419523138139086	TCGA-ET-A39T-01	THCA	TCGA
15.2352204218567	4.65781172828766	1.46801514941333	-6.71914512552692	2.21136659687238	0.791927722772626	4.07689934545871	7.98547684471807	2.79500419292203	1.24126856440179	TCGA-DJ-A3UN-01	THCA	TCGA
17.3939665284812	-7.60035048999156	12.6912543574195	-0.65028286994871	3.58787733602212	-2.76168169304816	2.83479599748687	2.57069714865635	-1.78594065567654	3.49989987943897	TCGA-DJ-A3UO-01	THCA	TCGA
19.2902310429679	-3.03533913267323	3.16539060029008	0.0172775993001187	3.8791410678828	3.38565980467416	4.37212263670691	4.68407955119575	2.84994828270071	4.76490087890052	TCGA-E3-A3E5-01	THCA	TCGA
13.0531568639421	3.47958191891872	3.63176175515981	-4.2295331233875	-1.87105084316243	-6.61810202362671	5.08686030064379	6.34228909691137	2.55409759005867	-1.98643776587256	TCGA-DJ-A2PV-01	THCA	TCGA
9.03152666517375	10.4624142305825	12.8546012153659	-9.19972635277211	0.222036447524697	-2.8636439759199	2.64071736011414	3.3560986202221	0.349689072132171	-4.84936324035785	TCGA-EL-A4K0-01	THCA	TCGA
6.15119937954057	-2.72208148232483	14.0057640846454	-3.62076543414464	9.55248462009759	11.1194207424365	-2.21303198827642	-6.74338511853366	4.48572473863688	-3.64539364960376	TCGA-EL-A3MX-01	THCA	TCGA
21.1353844741687	-11.2862344562057	14.041982803799	2.06861107763874	-3.87568885171666	-5.38758601768919	-0.622723470365557	-4.17637631002189	0.181760576306864	-1.18713597491555	TCGA-EM-A3FK-01	THCA	TCGA
10.2875275502134	2.63468253178221	7.64374389981797	-6.0790981578269	-0.718341458149025	-5.80762039414161	1.9156417372691	-0.536334923118408	3.01006695551035	6.85096309294574	TCGA-EM-A2P0-01	THCA	TCGA
7.17285068931793	-17.9428984004267	-5.68360138677206	-11.2771979076144	-4.42012514231373	-4.00559485539518	-1.19977055754515	5.2027667053687	-4.04732033927008	3.53170800891854	TCGA-EL-A3CZ-01	THCA	TCGA
21.280587203501	-4.4240013143736	0.48899290047781	5.40223883037613	-3.3523910115904	0.24709791401063	-1.87863111298341	2.361232967825	1.88267308307779	3.94265121839052	TCGA-KS-A4I3-01	THCA	TCGA
15.9948062423011	-5.5853268986103	3.96478751686981	-0.722312690364117	-6.62160128413223	2.7965280782324	-3.54448418842557	-1.64526751475791	-3.19999625342499	-3.24638667623047	TCGA-J8-A3O1-01	THCA	TCGA
19.4517300315066	-7.53047908638145	7.84736799236361	1.89182573107133	3.70553969136165	4.91782788105842	0.399178092730401	1.32027967248665	5.32615751044374	5.52417846896986	TCGA-L6-A4EQ-01	THCA	TCGA
7.74760002278603	11.4375988444783	3.42320619307879	-5.82988947157865	2.7572861940778	-2.78011256783705	4.38030891824116	-3.86998256835992	2.54775337435206	5.73748894704483	TCGA-DJ-A4UQ-01	THCA	TCGA
6.47343259387128	8.23617574320388	9.9904816109815	-7.95660935438889	0.146399957774891	1.87990094527869	3.56920660284921	5.55054684072723	5.0100842930408	-4.09049850993296	TCGA-FY-A40K-01	THCA	TCGA
4.88998096996834	-12.9693874027906	-0.518737072197899	-13.9665635964856	-3.04408555491745	-1.79563628181927	-2.54690912225984	1.28237816862993	-7.58431480649345	-3.43638026166858	TCGA-EM-A3AP-01	THCA	TCGA
21.1730506612503	3.1549167745356	3.26944534196051	-2.21241822183553	-5.61768126897299	4.87456548345607	-2.27001795556201	5.30178858296997	6.00061790018372	-0.61097507778471	TCGA-H2-A3RI-01	THCA	TCGA
10.9611304950747	1.45063676980449	13.8405955285555	-6.02336456079988	0.125374809671778	8.21253551563057	2.22724040550839	2.30543290121188	2.62179193257633	-0.97832716325645	TCGA-MK-A4N9-01	THCA	TCGA
21.5290645090967	-14.8711033721439	4.92250225726227	1.18510398069681	3.92649041532258	2.79771653944082	4.11512668911136	7.67907793442949	-1.60901837118889	-1.89655940764784	TCGA-ET-A2N4-01	THCA	TCGA
22.3736411377331	5.52997103192245	2.46995361669273	-1.09168364245034	0.682233710601062	-0.102695630026635	3.00974275111366	4.57178082151765	3.77235543576616	0.717533680949008	TCGA-DJ-A13V-01	THCA	TCGA
7.30624167292165	-24.9909082242178	-10.8359107985528	2.89927233592405	-4.80912556080642	0.687076897744847	-5.8748504266084	-0.00808614920198421	0.211004064938379	-4.93045186410599	TCGA-EM-A2OY-01	THCA	TCGA
10.0835858081728	-15.4785406112104	-8.87326139887489	-8.08274917297	0.556233868127804	3.48178627042945	3.20572905538088	3.41955301218045	-3.59419992765435	1.08950157083425	TCGA-ET-A2N5-01	THCA	TCGA
-4.44805237461487	-22.1879730637615	-10.3307828012604	-6.91615125623615	3.0298762271134	-1.4054506030378	-2.49824066400035	-6.78069954193381	4.72340686872554	1.71310608759925	TCGA-EM-A4FH-01	THCA	TCGA
5.03851180562955	-1.61669645556664	-24.2182196800639	-8.40160740341493	-2.31611135669722	-8.95859850501983	-1.51732236716892	1.0121382026298	2.42904297117307	-0.34337980475305	TCGA-ET-A3DS-01	THCA	TCGA
16.2674826147982	-0.998346362139647	8.69364773748339	-5.52368234612358	0.438715861005616	-4.65553211059624	2.49682061538459	2.8202617017044	-1.09866074894788	-3.09078140557229	TCGA-FK-A3SB-01	THCA	TCGA
4.54822558347401	-25.4850301811032	-8.2152050964202	-4.50049344983167	3.10662349626254	-2.60881544999701	-2.90878779509786	-7.84342168156123	1.89373887507791	-1.87077956826935	TCGA-ET-A3DV-01	THCA	TCGA
17.1740500520234	-4.12531224391105	10.1059292369214	-6.78845945271214	-2.31325876520707	-4.17386027617939	1.72738334303343	4.59283086214966	0.864922550006741	-0.0487864355470332	TCGA-DJ-A13T-01	THCA	TCGA
17.295942128733	-9.1632076958285	5.22434290017958	-4.45546697569839	3.71464362658788	0.137880251953878	1.19820333926359	9.29198857525721	3.82784260152175	-3.50417182803987	TCGA-DJ-A3UR-01	THCA	TCGA
-1.93776553214451	-19.7784431579056	-15.6498448592341	-3.97312910647856	3.65587369999941	-4.55202829068047	-0.191308147370836	-5.1599222354014	3.05288292239094	-3.30961720712104	TCGA-EM-A3O6-01	THCA	TCGA
13.0603408606576	0.996207322732126	14.9645744339813	0.238361997156661	-0.660959958919934	-1.69963337024196	1.44610740763449	-0.134011667277061	2.28848371201701	2.34410917062648	TCGA-DJ-A3VE-01	THCA	TCGA
22.8875671248343	-2.03054481773135	4.43976876488674	0.261845249349057	-11.4841402511634	-2.89217207707348	-5.40194856913479	-1.73501852797438	1.25249846284625	1.63038374885344	TCGA-EL-A3GS-01	THCA	TCGA
-2.00224591808025	-11.4776402416777	0.0432444123537363	-14.0588936893717	0.574436845558713	-4.8011084353546	5.32904840924852	3.74245171001073	-4.22711345940636	-1.71212056771542	TCGA-ET-A4KQ-01	THCA	TCGA
14.274999667058	-20.0881465046307	-7.56433743635937	3.01408138118383	-3.08844864658874	-2.35597076642964	-1.76561123353748	3.83894766641462	-5.70665666269778	-3.22529820223432	TCGA-DJ-A2QB-01	THCA	TCGA
12.9720027029229	-8.53625112622378	12.8184887809998	-5.94844628095308	-5.83674152986524	3.37907704860625	1.25163971692392	8.19151758057011	1.43887887554758	-1.75317879080814	TCGA-EM-A1CV-01	THCA	TCGA
12.8191633806913	-8.55531280586563	0.982973471035493	-9.61169990773566	4.49943409139549	-5.58212474170493	3.89645560121963	-0.279624210700437	-1.90566960224271	-0.926269307490828	TCGA-BJ-A2N8-01	THCA	TCGA
9.84553935299214	-5.7967348708125	14.7866611278055	-8.98496972083019	0.923184168667697	2.86530533369893	0.32149476785359	7.08563818141209	4.8098490725842	-1.79364718797254	TCGA-DJ-A3UK-01	THCA	TCGA
9.4647871158606	-8.35042657437583	-16.4768889772392	-5.60630494160866	-4.91989442095312	6.89432913145698	-2.11559465592519	-3.74010649899903	0.984994963033359	-1.34690719988253	TCGA-EM-A3OA-01	THCA	TCGA
-1.25468788041307	-25.9697645276385	-6.54820250725244	-4.04006892170417	8.41899035430797	5.17391138862442	-2.42955687413526	-9.73541240350174	4.11150468570413	-0.877003839984631	TCGA-ET-A2N3-01	THCA	TCGA
9.38043354386491	-19.1597925744721	-10.7069973342953	0.755560978263209	-3.03294222249108	-7.09311517318465	-1.56685272041873	-0.495867604462767	-3.88193420602207	-2.92048515520452	TCGA-EL-A3D5-01	THCA	TCGA
6.93416591831776	-20.760300629072	-13.4740465639285	-0.770649271938122	1.54284274369742	-1.64672314039887	-2.99167373290896	-4.35427750249238	3.30746217401406	-0.799707681572973	TCGA-EM-A2CJ-01	THCA	TCGA
17.0360050337057	-14.2293888419274	11.9221475885882	-0.403574281255201	5.67176003597069	4.50704907832229	-0.301407311783024	3.47595500730998	10.4643127220202	-1.02108682130706	TCGA-L6-A4ET-01	THCA	TCGA
13.6178582457247	-7.02883436103654	13.4630870530388	1.40407029460068	-2.24032109858112	-1.77905388337086	-0.371369606738608	6.49324932223162	1.75040339177045	-1.42514264682758	TCGA-EL-A3CP-01	THCA	TCGA
16.6830388956844	-6.62199414146607	13.1628503241838	-0.169484217845953	0.958667055840073	-2.01454146538562	1.28007109341993	0.803546777461525	-0.395014652503636	-0.388224255374775	TCGA-EL-A3CL-01	THCA	TCGA
10.9548068526373	-16.6920523103755	-9.83060504655081	-8.5009364742181	1.09960883293722	-5.93212604254016	3.98878595616442	7.70899283538529	-4.41212939631996	3.60590270090791	TCGA-ET-A39I-01	THCA	TCGA
18.9713469061768	8.39113915719108	6.54090888490137	-3.06790241759231	-3.27610764505621	-3.78773673243188	3.58074237883093	3.7481025144901	1.05291780167941	-3.44774290756449	TCGA-DJ-A1QI-01	THCA	TCGA
0.0927743116534404	-16.1168699831845	1.46370985390624	-15.1422280751752	-5.16942773562034	0.409429133297526	0.206837305395425	3.10337973807316	-7.70821674484339	0.388292574829875	TCGA-EM-A22L-01	THCA	TCGA
7.14526841968727	-15.6224629522193	3.38440811420223	-7.24154668624779	6.84210798287342	3.38880983873226	2.91027161045494	7.05661365362566	-4.03037856396182	2.44280862198593	TCGA-DJ-A3VK-01	THCA	TCGA
9.78714885634406	-1.41795264717072	11.3761469104999	-5.97674988304451	0.508444160171857	-7.36977554016298	3.60066179958632	1.29595719407352	-1.20879727619437	-1.79405825145476	TCGA-EM-A2CS-01	THCA	TCGA
3.76187013335996	-22.5139147827211	0.619538993171005	-6.13862422049737	-0.0505690326524495	7.6404794699934	-0.358069109584464	3.83581013149635	-6.03717170392972	3.87011203665288	TCGA-BJ-A28S-01	THCA	TCGA
8.57060699835296	-20.374252770383	-6.12295703845417	-5.48336135997011	-4.64072391791464	3.26885601148451	-2.65196031789053	2.07148900568137	-6.79756797256424	-5.14691286328667	TCGA-EM-A22J-01	THCA	TCGA
9.31290798125682	2.31165339076963	10.8077883807789	-12.1203001210612	-4.35223085245673	-0.0872604092770785	0.752725105219075	7.17808408341971	2.35616795399798	-4.09252082053884	TCGA-EM-A1CS-01	THCA	TCGA
8.14234338886629	6.28731970429068	-10.9829560992292	-9.10981339587825	-3.66578705392938	4.08719267532993	-5.74591913139394	-3.38617546222831	7.54816606741756	-1.49406930234869	TCGA-BJ-A191-01	THCA	TCGA
-5.48712570285459	-9.88426091546533	0.638442904403666	-14.1800335399201	-8.37622186783186	2.31110276451294	-2.37005327625235	-8.13466037324729	1.17604433155105	2.86527935800484	TCGA-EL-A3ZH-01	THCA	TCGA
17.4105998823685	-7.68654859804538	14.4077520291201	-3.75945371017763	-1.62217120826961	-1.53189990536498	0.0403045952867213	5.34219499513409	2.52340514095364	-1.69821787999186	TCGA-MK-A4N7-01	THCA	TCGA
12.6772067360731	8.72908817512149	-1.8999898648627	-3.74565328255529	3.6205848410728	-7.42071946912105	3.48898916576002	3.48721720317858	3.22895575891152	0.0735036005927156	TCGA-DJ-A2PS-01	THCA	TCGA
20.2504075345681	-14.3543845949077	5.97641806771017	0.98341075993838	-5.83381180034021	6.96286456060807	-0.35153765404457	6.15019779018938	-0.650844382513918	-1.83900549400658	TCGA-KS-A4IB-01	THCA	TCGA
20.6016221724371	-14.9113568717267	8.68679433662695	0.129122986239532	-4.7568021825454	4.63325032574339	-3.52467025789157	8.44991388658723	4.05994547723224	-2.95991513796298	TCGA-ET-A25O-01	THCA	TCGA
9.54525979418666	13.8643272313842	1.33316629610521	-4.70397768328346	3.5673948670861	-6.29533926323717	1.08874932558103	1.30166459457588	4.70250196381129	4.11011846323414	TCGA-J8-A3O2-01	THCA	TCGA
20.4388071281251	-6.26594012313241	5.32988160625161	1.52200752642737	-8.16640181929991	-0.818223260387588	-0.873797098254188	2.95498517819954	3.80967995406343	0.58064655870417	TCGA-FY-A3RA-01	THCA	TCGA
19.7538048682513	-7.96435603349851	5.3084847035887	1.05437834435592	-8.50513575152643	3.04783178474589	-0.703733163326337	5.4078486733345	1.16608606836445	-2.71459085847729	TCGA-FY-A3NN-01	THCA	TCGA
23.7929879611415	-13.4872203207298	7.40742502860133	3.61901740971111	1.90559923498844	0.659054335116594	-0.0620226708627996	8.76807522647223	0.932583133182284	4.52482684530685	TCGA-DJ-A2PQ-01	THCA	TCGA
18.614338569529	-28.0711431112975	-9.6045797148981	2.00048874627585	-0.785161380307438	0.369650005709989	-1.77091651655875	0.874444915101344	-6.05203375510991	-2.01557221494972	TCGA-BJ-A0ZE-01	THCA	TCGA
20.9599469486347	3.03478997650264	9.05304419248175	0.642686881906878	-5.17812425977248	-3.52141340595669	-0.85325157487239	3.99084636433235	2.9580968870751	-0.663387357674161	TCGA-EL-A3H8-01	THCA	TCGA
8.74131635702506	-23.8122482080772	-6.36249008964577	-3.58384071216028	0.387717689969172	-1.31845395488666	4.19571456555778	3.05837021321976	-3.69231176191409	5.27780921134019	TCGA-EM-A2CK-01	THCA	TCGA
21.5140143179454	-13.6313834241583	7.41155825976613	4.29636450520373	-6.98904829557571	7.11493243043265	-6.38777036658904	2.11932465022877	4.02119106687831	3.3664558676025	TCGA-DE-A4MD-01	THCA	TCGA
-2.05237464835194	-11.473568186161	-0.706839212301024	-15.0999549803052	-0.802968794823497	4.09706338090358	1.16532027311925	-0.711553032357272	-2.7606308966194	-0.341829102149383	TCGA-E3-A3DZ-01	THCA	TCGA
-3.03827105578489	-12.0965826884492	1.35773517801484	-15.3537661550969	0.232772339527647	-1.37186430626459	-0.852717001415435	-4.45802951465485	4.28384504091497	-0.568662265710525	TCGA-DE-A2OL-01	THCA	TCGA
4.58283369676891	-12.9511469234064	-0.849204834567174	-12.9846321106767	-2.02732277417222	6.23018304828325	-1.90191660308976	2.20587872631109	-4.3512595828219	5.80621358326182	TCGA-BJ-A0Z2-01	THCA	TCGA
5.54160539403622	-17.4311038330969	-4.80251117051014	-12.692139147156	-2.11354809788547	-1.04943624952391	0.618139778652901	4.39944187814653	-7.69816204081706	3.08555264020233	TCGA-FY-A3NP-01	THCA	TCGA
16.3209764854959	-4.15663084004769	10.2619125946295	-2.18513469357563	7.01132856944252	1.90555201434214	4.70888529969008	3.10839505345349	1.81991951824167	3.14067965083783	TCGA-J8-A3YH-01	THCA	TCGA
12.6075832235298	-8.44126991041263	12.6380295181335	-5.23144886079112	1.05041832141685	5.92864106035335	-0.60578609634797	5.88472537643452	4.65554428733681	-2.38347982581012	TCGA-EM-A3O7-01	THCA	TCGA
6.6736334894306	-5.56751298892112	-0.774024485659229	-16.6817455609601	-4.0377990006006	4.25357341655812	1.2898227813352	4.32599561035937	-3.24188633804177	0.495902327998999	TCGA-DJ-A3UP-01	THCA	TCGA
13.3183857952544	-4.96876712408363	7.61589905622129	-5.4331351747042	0.409669693344408	2.51464047397954	0.865381348133933	7.47008416762913	2.70458329556112	-0.637313504004166	TCGA-EM-A3SX-01	THCA	TCGA
-6.38369871913211	-18.0367665744505	-7.02451816073689	-10.5542440264442	-4.18610103313733	-3.1374873168308	-4.14959187370793	-0.775146372069818	2.13210026816825	1.9357295424564	TCGA-EL-A3H2-01	THCA	TCGA
-6.12734745747213	-22.16484817114	-4.90900621424596	-12.7331991788783	-1.89789990893191	-4.94070208593956	-4.71710677899024	-3.5006868736246	0.844702306719344	-1.71644777436792	TCGA-BJ-A28V-01	THCA	TCGA
7.3789059879028	7.95274975798041	-3.91556917695674	-11.994147983578	-5.59298003950154	7.82506408507949	0.728335896018045	5.56143233121548	6.21615838645436	1.93966454555287	TCGA-FY-A40N-01	THCA	TCGA
1.68148947570819	-19.3114401257409	-1.32113839047414	-14.531177151558	-3.83326925715556	2.22776087511161	-0.581462653060047	4.64884596047236	-4.04943687728496	-0.114802550469871	TCGA-EM-A3O8-01	THCA	TCGA
1.31193125636804	-9.76257862153128	-18.772863103048	-8.94238982527771	-8.21969635522686	-6.54776880369764	-3.6922357031093	-3.42474193422281	3.93822415577943	4.08708238058356	TCGA-BJ-A0ZC-01	THCA	TCGA
19.9394364241845	-13.9169849821924	2.18546683494325	-0.559337285366758	-4.77012450446575	5.79383361668614	-1.50778834108592	6.07183736749389	3.0890098110826	-1.50466677977516	TCGA-BJ-A4O9-01	THCA	TCGA
15.5595845009219	10.792907189237	6.46222535001264	-4.51094607980773	-5.28494054213426	3.73961185256768	0.843242843890034	3.81206981399806	4.22642095753776	0.717156000403357	TCGA-DJ-A3VA-01	THCA	TCGA
14.0925905069857	-10.1286536792701	6.46725906924104	-0.498822697898795	-9.04992054888062	3.93747859647773	-4.27071578308657	1.72930130259862	0.703078401659077	-2.46839568819677	TCGA-J8-A3YE-01	THCA	TCGA
19.7438651546548	-15.9109153598857	6.95467342459196	-1.54988783759613	-2.21194718216207	2.58124012276038	0.118086570975473	10.4408700226544	1.62807656229174	-0.554296656142209	TCGA-ET-A3BW-01	THCA	TCGA
4.74805281101574	-23.8863494595766	-2.05234398006555	-10.7052411588954	-6.00081399574402	-4.38112790675815	-2.39856949861096	5.11489656850389	-3.16866149425144	3.24719341168158	TCGA-BJ-A0Z0-01	THCA	TCGA
5.03010950596145	-23.3325029442883	2.17258587709883	-10.7638889975648	1.69051012751604	6.87352150382608	2.38446789152661	1.15691277148753	-3.86382550064646	-1.96121036119111	TCGA-EL-A3ZR-01	THCA	TCGA
3.28385183857519	-18.1205646778931	-0.928710314394331	-12.7383937938371	-1.38469577504476	6.31852815881822	1.00754365143271	0.24375748732271	-4.33779902092587	-0.189296645768082	TCGA-EM-A3OB-01	THCA	TCGA
