stringId_A	stringId_B	preferredName_A	preferredName_B	ncbiTaxonId	score	nscore	fscore	pscore	ascore	escore	dscore	tscore	gene_A	gene_B	rho	p	coexpression_fdr
9606.ENSP00000005340	9606.ENSP00000347672	DVL2	VANGL1	9606	0.973	0	0	0	0	0.25	0.9	0.68	DVL2	VANGL1	-0.344405744922318	1.6474840243147e-15	3.52878431779089e-15
9606.ENSP00000005340	9606.ENSP00000368166	DVL2	DVL1	9606	0.979	0	0	0	0	0.583	0.9	0.556	DVL2	DVL1	0.375192084425834	2.51317715520763e-18	5.88300077562662e-18
9606.ENSP00000005340	9606.ENSP00000316054	DVL2	DVL3	9606	0.982	0	0	0	0	0.611	0.9	0.58	DVL2	DVL3	0.337135421616696	6.88844771983812e-15	1.44827082364719e-14
9606.ENSP00000005340	9606.ENSP00000262320	DVL2	AXIN1	9606	0.999	0	0	0	0	0.95	0.9	0.909	DVL2	AXIN1	0.546590559677086	1.11316502148466e-40	4.34527944781696e-40
9606.ENSP00000006053	9606.ENSP00000367872	CX3CL1	GNB1	9606	0.8	0	0	0	0	0.8	0	0	CX3CL1	GNB1	0.304832905650814	2.54886282658438e-12	4.90782933262892e-12
9606.ENSP00000009530	9606.ENSP00000398890	CD74	HLA-DMB	9606	0.903	0	0	0	0	0.073	0.9	0	CD74	HLA-DMB	0.539649617135626	1.66007299242202e-39	6.32459166692817e-39
9606.ENSP00000009530	9606.ENSP00000393566	CD74	HLA-DPA1	9606	0.926	0	0	0	0	0.292	0.9	0.045	CD74	HLA-DPA1	0.95174902583426	3.27897278409281e-260	3.33045265680307e-257
9606.ENSP00000009530	9606.ENSP00000496848	CD74	HLA-DOB	9606	0.928	0	0	0	0	0.314	0.9	0	CD74	HLA-DOB	0.861831431590364	2.08040972818441e-150	1.08921245408088e-148
9606.ENSP00000009530	9606.ENSP00000364114	CD74	HLA-DRB5	9606	0.931	0	0	0	0	0.345	0.9	0	CD74	HLA-DRB5	0.850558689409313	1.68636186286341e-142	6.79697517504112e-141
9606.ENSP00000009530	9606.ENSP00000364080	CD74	HLA-DQB1	9606	0.935	0	0	0	0	0.8	0.54	0.356	CD74	HLA-DQB1	0.792653178361314	3.58967153932535e-110	5.94784564843843e-109
9606.ENSP00000009530	9606.ENSP00000363976	CD74	HLA-DMA	9606	0.937	0	0	0	0	0.405	0.9	0	CD74	HLA-DMA	0.960954076774137	8.0354604614451e-283	2.04040429767245e-279
9606.ENSP00000009530	9606.ENSP00000408146	CD74	HLA-DPB1	9606	0.943	0	0	0	0	0.457	0.9	0	CD74	HLA-DPB1	0.961116670673278	2.87218386411102e-283	9.72425716925853e-280
9606.ENSP00000009530	9606.ENSP00000339398	CD74	HLA-DQA1	9606	0.955	0	0	0	0	0.55	0.9	0.095	CD74	HLA-DQA1	0.879851494466217	1.25176257327387e-164	1.17723633858728e-162
9606.ENSP00000009530	9606.ENSP00000353099	CD74	HLA-DRB1	9606	0.971	0	0	0	0	0.918	0.54	0.291	CD74	HLA-DRB1	0.944129381882287	1.27887157926437e-244	8.11843664411762e-242
9606.ENSP00000009530	9606.ENSP00000378786	CD74	HLA-DRA	9606	0.993	0	0	0	0	0.933	0.9	0	CD74	HLA-DRA	0.957505874811083	9.07320056711393e-274	1.84312996320352e-270
9606.ENSP00000011653	9606.ENSP00000353099	CD4	HLA-DRB1	9606	0.96	0	0	0	0	0.9	0.5	0.282	CD4	HLA-DRB1	0.752697474716416	2.30645801897295e-93	2.52442824339529e-92
9606.ENSP00000011653	9606.ENSP00000264972	CD4	ZAP70	9606	0.961	0	0	0	0	0.292	0.9	0.504	CD4	ZAP70	0.717904150663513	3.72450486514017e-81	3.20591490807023e-80
9606.ENSP00000011653	9606.ENSP00000378786	CD4	HLA-DRA	9606	0.989	0	0	0	0	0.9	0.9	0	CD4	HLA-DRA	0.787555463620896	7.93715394671432e-108	1.23836670717016e-106
9606.ENSP00000011653	9606.ENSP00000477713	CD4	LCK	9606	0.999	0	0	0	0	0.943	0.9	0.982	CD4	LCK	0.741604657360146	2.9409187999852e-89	2.99908757544676e-88
9606.ENSP00000012443	9606.ENSP00000222005	PPP5C	CDC37	9606	0.981	0	0	0	0	0.642	0.9	0.526	PPP5C	CDC37	0.356474032496417	1.40944758318885e-16	3.11618613462106e-16
9606.ENSP00000016171	9606.ENSP00000268379	COX15	UQCRC2	9606	0.731	0	0	0	0	0.079	0.72	0	COX15	UQCRC2	0.62833522482683	7.90839299770654e-57	4.22321491470585e-56
9606.ENSP00000016171	9606.ENSP00000317159	COX15	CYC1	9606	0.796	0	0	0	0	0.575	0.54	0	COX15	CYC1	0.360529469095978	6.02332928402906e-17	1.34874240603799e-16
9606.ENSP00000025008	9606.ENSP00000277746	RB1CC1	NRBF2	9606	0.734	0	0	0	0	0.734	0	0	RB1CC1	NRBF2	0.368698950640406	1.04686711110259e-17	2.40348762374979e-17
9606.ENSP00000025008	9606.ENSP00000247178	RB1CC1	ATG14	9606	0.734	0	0	0	0	0.734	0	0	RB1CC1	ATG14	0.444183145022577	7.85731106525503e-26	2.24302159892623e-25
9606.ENSP00000025008	9606.ENSP00000385025	RB1CC1	SMCR8	9606	0.756	0	0	0	0	0.166	0.72	0	RB1CC1	SMCR8	0.714915590937976	3.41778619293384e-80	2.87371310940638e-79
9606.ENSP00000025008	9606.ENSP00000355231	RB1CC1	BECN1	9606	0.812	0	0	0	0	0.734	0	0.324	RB1CC1	BECN1	0.311584326134477	7.85083918127896e-13	1.54118619181002e-12
9606.ENSP00000025008	9606.ENSP00000306866	RB1CC1	GABARAP	9606	0.831	0	0	0	0	0.459	0	0.7	RB1CC1	GABARAP	-0.452986416654088	6.41048743693865e-27	1.89002382864981e-26
9606.ENSP00000025008	9606.ENSP00000351908	RB1CC1	MAP3K5	9606	0.893	0	0	0	0	0.292	0	0.855	RB1CC1	MAP3K5	0.327289405959229	4.50585837596104e-14	9.24939440675753e-14
9606.ENSP00000025008	9606.ENSP00000375873	RB1CC1	ATG16L1	9606	0.962	0	0	0	0	0.526	0	0.924	RB1CC1	ATG16L1	0.306772851198163	1.82278443131628e-12	3.53186216499036e-12
9606.ENSP00000025008	9606.ENSP00000341189	RB1CC1	PTK2	9606	0.99	0	0	0	0	0.292	0	0.986	RB1CC1	PTK2	0.531261076418201	4.00412579937375e-38	1.48376161051584e-37
9606.ENSP00000025008	9606.ENSP00000378914	RB1CC1	ULK2	9606	0.997	0	0	0	0	0.22	0.8	0.987	RB1CC1	ULK2	0.618574186611208	1.20131940368797e-54	6.07659421477029e-54
9606.ENSP00000037243	9606.ENSP00000324560	GABARAPL2	ULK1	9606	0.864	0	0	0	0	0.577	0	0.692	GABARAPL2	ULK1	-0.355178126508303	1.84466721855154e-16	4.06074662740096e-16
9606.ENSP00000037243	9606.ENSP00000411256	GABARAPL2	GABARAPL1	9606	0.932	0	0	0	0	0.166	0.9	0.26	GABARAPL2	GABARAPL1	0.390172992454525	8.24721416598282e-20	2.00016605262387e-19
9606.ENSP00000037243	9606.ENSP00000306866	GABARAPL2	GABARAP	9606	0.936	0	0	0	0	0.166	0.9	0.304	GABARAPL2	GABARAP	0.50238570440895	1.19254804596418e-33	4.04701319841569e-33
9606.ENSP00000037243	9606.ENSP00000283290	GABARAPL2	ATG3	9606	0.995	0	0	0	0	0.7	0	0.985	GABARAPL2	ATG3	0.476883340507964	4.87255398248042e-30	1.54032153128085e-29
9606.ENSP00000037243	9606.ENSP00000374455	GABARAPL2	SQSTM1	9606	0.999	0	0	0	0	0.639	0.9	0.984	GABARAPL2	SQSTM1	0.47175907031697	2.3848518562715e-29	7.40536236751745e-29
9606.ENSP00000044462	9606.ENSP00000388107	PSMA4	UBA52	9606	0.835	0	0	0	0	0.835	0	0	PSMA4	UBA52	0.516596131662856	8.4770386815533e-36	3.01369555087633e-35
9606.ENSP00000044462	9606.ENSP00000441543	PSMA4	UBC	9606	0.866	0	0	0	0	0.866	0	0	PSMA4	UBC	0.301664327923476	4.38394514936622e-12	8.37774804931566e-12
9606.ENSP00000044462	9606.ENSP00000478771	PSMA4	UBB	9606	0.874	0	0	0	0	0.873	0	0	PSMA4	UBB	0.355222758300675	1.82768734204524e-16	4.0242402629858e-16
9606.ENSP00000044462	9606.ENSP00000478877	PSMA4	ADRM1	9606	0.887	0	0	0	0	0.708	0.5	0.291	PSMA4	ADRM1	0.612072946425077	3.09460079720122e-53	1.52878697943448e-52
9606.ENSP00000044462	9606.ENSP00000370222	PSMA4	POMP	9606	0.89	0	0	0	0	0.89	0	0	PSMA4	POMP	0.787587143807548	7.67881301857779e-108	1.19990313584146e-106
9606.ENSP00000044462	9606.ENSP00000272317	PSMA4	RPS27A	9606	0.921	0	0	0	0	0.921	0	0	PSMA4	RPS27A	0.347197607959554	9.41629403352941e-16	2.03060081737916e-15
9606.ENSP00000044462	9606.ENSP00000391211	PSMA4	PSMC2	9606	0.954	0	0	0	0	0.953	0	0	PSMA4	PSMC2	0.557509415537827	1.39309999387031e-42	5.67350306244615e-42
9606.ENSP00000044462	9606.ENSP00000418695	PSMA4	PSMD6	9606	0.959	0	0	0	0	0.959	0	0	PSMA4	PSMD6	0.620445647049177	4.64886607391575e-55	2.37398354513636e-54
9606.ENSP00000044462	9606.ENSP00000309474	PSMA4	PSMD1	9606	0.96	0	0	0	0	0.955	0	0.139	PSMA4	PSMD1	0.307869078833349	1.50652225061769e-12	2.92968533400802e-12
9606.ENSP00000044462	9606.ENSP00000484998	PSMA4	PSMC6	9606	0.961	0	0	0	0	0.959	0	0.067	PSMA4	PSMC6	0.521135809233097	1.66100519503418e-36	5.96986191293777e-36
9606.ENSP00000044462	9606.ENSP00000215071	PSMA4	PSMD8	9606	0.963	0	0	0	0	0.961	0	0.089	PSMA4	PSMD8	0.408894678287705	8.94973338644851e-22	2.29204341921729e-21
9606.ENSP00000044462	9606.ENSP00000157812	PSMA4	PSMC4	9606	0.964	0	0	0	0	0.956	0	0.217	PSMA4	PSMC4	0.577771876566539	2.63459054916448e-46	1.14847794883535e-45
9606.ENSP00000044462	9606.ENSP00000338039	PSMA4	PSMF1	9606	0.965	0	0	0	0	0.671	0.9	0	PSMA4	PSMF1	0.325290665712534	6.54316398511935e-14	1.33693254067305e-13
9606.ENSP00000044462	9606.ENSP00000216802	PSMA4	PSME2	9606	0.967	0	0	0	0	0.966	0	0	PSMA4	PSME2	0.675272682547758	1.67853515353873e-68	1.11869301538667e-67
9606.ENSP00000044462	9606.ENSP00000396937	PSMA4	PSMD13	9606	0.968	0	0	0	0	0.96	0	0.235	PSMA4	PSMD13	0.689493731981894	1.76988698611856e-72	1.28130734982225e-71
9606.ENSP00000044462	9606.ENSP00000351314	PSMA4	PSMB10	9606	0.969	0	0	0	0	0.894	0.72	0	PSMA4	PSMB10	0.61767987357742	1.88672720063184e-54	9.51513812155789e-54
9606.ENSP00000044462	9606.ENSP00000264639	PSMA4	PSMD3	9606	0.969	0	0	0	0	0.958	0	0.297	PSMA4	PSMD3	0.37426264365567	3.08875798136857e-18	7.21041480504725e-18
9606.ENSP00000044462	9606.ENSP00000261303	PSMA4	PSMC1	9606	0.976	0	0	0	0	0.976	0	0	PSMA4	PSMC1	0.390809950560273	7.10405308771514e-20	1.72497889581455e-19
9606.ENSP00000044462	9606.ENSP00000372155	PSMA4	PSME1	9606	0.978	0	0	0	0	0.967	0	0.342	PSMA4	PSME1	0.652454189518331	1.44318288219886e-62	8.60740371960879e-62
9606.ENSP00000044462	9606.ENSP00000310572	PSMA4	PSMC5	9606	0.979	0	0	0	0	0.976	0	0.185	PSMA4	PSMC5	0.53176069159711	3.32089365324696e-38	1.2332839793795e-37
9606.ENSP00000044462	9606.ENSP00000219313	PSMA4	PSMD7	9606	0.979	0	0	0	0	0.978	0	0.081	PSMA4	PSMD7	0.524600596705633	4.70843627471673e-37	1.70676613998208e-36
9606.ENSP00000044462	9606.ENSP00000386541	PSMA4	PSMD14	9606	0.982	0	0	0	0	0.975	0	0.313	PSMA4	PSMD14	0.551380790252938	1.6615173842522e-41	6.58705389221294e-41
9606.ENSP00000044462	9606.ENSP00000481029	PSMA4	PSMC3	9606	0.983	0	0	0	0	0.954	0	0.656	PSMA4	PSMC3	0.511158507155063	5.78394059031198e-35	2.01881390294841e-34
9606.ENSP00000044462	9606.ENSP00000357876	PSMA4	PSMD4	9606	0.987	0	0	0	0	0.983	0	0.298	PSMA4	PSMD4	0.587307705925872	3.77362369959999e-48	1.70349759630387e-47
9606.ENSP00000044462	9606.ENSP00000364016	PSMA4	PSMB8	9606	0.993	0	0	0	0	0.97	0.72	0.299	PSMA4	PSMB8	0.507678811359397	1.94126324365628e-34	6.6974900699106e-34
9606.ENSP00000044462	9606.ENSP00000363993	PSMA4	PSMB9	9606	0.994	0	0	0	0	0.97	0.72	0.349	PSMA4	PSMB9	0.48579907680209	2.88148285596316e-31	9.34756351581534e-31
9606.ENSP00000044462	9606.ENSP00000259457	PSMA4	PSMB7	9606	0.997	0	0	0	0	0.97	0.9	0.256	PSMA4	PSMB7	0.625822054255115	2.93217321532158e-56	1.54471386659861e-55
9606.ENSP00000044462	9606.ENSP00000262193	PSMA4	PSMB1	9606	0.997	0	0	0	0	0.951	0.9	0.618	PSMA4	PSMB1	0.758136310525462	1.85907981116926e-95	2.12882453687105e-94
9606.ENSP00000044462	9606.ENSP00000261479	PSMA4	PSMA6	9606	0.998	0	0	0	0	0.972	0.9	0.446	PSMA4	PSMA6	0.726372823617765	5.94168582319251e-84	5.38836633090771e-83
9606.ENSP00000044462	9606.ENSP00000290541	PSMA4	PSMB4	9606	0.998	0	0	0	0	0.967	0.9	0.589	PSMA4	PSMB4	0.698711920881529	3.50605232996544e-75	2.66748865284337e-74
9606.ENSP00000044462	9606.ENSP00000359910	PSMA4	PSMA7	9606	0.998	0	0	0	0	0.985	0.9	0.178	PSMA4	PSMA7	0.629175122481192	5.09012937812891e-57	2.72250890435257e-56
9606.ENSP00000044462	9606.ENSP00000414359	PSMA4	PSMA1	9606	0.998	0	0	0	0	0.972	0.9	0.544	PSMA4	PSMA1	0.749246663796814	4.60506980977511e-92	4.93393397235082e-91
9606.ENSP00000044462	9606.ENSP00000271308	PSMA4	PSMA5	9606	0.998	0	0	0	0	0.972	0.9	0.418	PSMA4	PSMA5	0.743736268036741	4.96670010527117e-90	5.14238256567168e-89
9606.ENSP00000044462	9606.ENSP00000355325	PSMA4	PSMB5	9606	0.998	0	0	0	0	0.97	0.9	0.376	PSMA4	PSMB5	0.473511450523934	1.3896589377929e-29	4.34701750266785e-29
9606.ENSP00000044462	9606.ENSP00000270586	PSMA4	PSMB6	9606	0.998	0	0	0	0	0.97	0.9	0.624	PSMA4	PSMB6	0.666252681168738	4.30160051483515e-66	2.7087015765146e-65
9606.ENSP00000044462	9606.ENSP00000483688	PSMA4	PSMB3	9606	0.999	0	0	0	0	0.989	0.9	0.729	PSMA4	PSMB3	0.699777772808337	1.68107846235947e-75	1.28768581766102e-74
9606.ENSP00000044462	9606.ENSP00000216455	PSMA4	PSMA3	9606	0.999	0	0	0	0	0.972	0.9	0.709	PSMA4	PSMA3	0.807816899702393	1.48553994236417e-117	2.92415294468854e-116
9606.ENSP00000044462	9606.ENSP00000223321	PSMA4	PSMA2	9606	0.999	0	0	0	0	0.981	0.9	0.542	PSMA4	PSMA2	0.663093607497396	2.8668278231796e-65	1.77985147921976e-64
9606.ENSP00000044462	9606.ENSP00000362334	PSMA4	PSMB2	9606	0.999	0	0	0	0	0.989	0.9	0.452	PSMA4	PSMB2	0.74285555884781	1.03784395926156e-89	1.06586259799997e-88
9606.ENSP00000052754	9606.ENSP00000398698	DCN	TNF	9606	0.836	0	0	0	0	0.292	0	0.778	DCN	TNF	0.474793681146227	9.34164378328216e-30	2.93301625677888e-29
9606.ENSP00000052754	9606.ENSP00000376637	DCN	IGF1	9606	0.969	0	0	0	0	0.046	0.9	0.707	DCN	IGF1	0.599041394822712	1.66805477340937e-50	7.82199092036886e-50
9606.ENSP00000052754	9606.ENSP00000351807	DCN	ELN	9606	0.975	0	0	0	0	0.292	0	0.967	DCN	ELN	0.602406203353255	3.38007604041783e-51	1.60352322944997e-50
9606.ENSP00000052754	9606.ENSP00000346839	DCN	FN1	9606	0.986	0	0	0	0	0.292	0	0.982	DCN	FN1	0.46548061638462	1.60984002260402e-28	4.92356070749445e-28
9606.ENSP00000055077	9606.ENSP00000311360	RFC2	RAD9A	9606	0.98	0	0	0	0	0.961	0.5	0	RFC2	RAD9A	0.3197418810204	1.81684548846353e-13	3.65492169267658e-13
9606.ENSP00000055077	9606.ENSP00000368458	RFC2	PCNA	9606	0.995	0	0	0	0	0.985	0.5	0.351	RFC2	PCNA	0.526217311172111	2.60160753355873e-37	9.48475510350182e-37
9606.ENSP00000055077	9606.ENSP00000376272	RFC2	RFC4	9606	0.999	0	0	0	0	0.991	0.9	0.987	RFC2	RFC4	0.625680611539415	3.15547215368769e-56	1.66062853186559e-55
9606.ENSP00000157812	9606.ENSP00000388107	PSMC4	UBA52	9606	0.835	0	0	0	0	0.835	0	0	PSMC4	UBA52	0.444815723808406	6.57838633122558e-26	1.88162968082957e-25
9606.ENSP00000157812	9606.ENSP00000478771	PSMC4	UBB	9606	0.871	0	0	0	0	0.871	0	0	PSMC4	UBB	0.513092955258259	2.93260912062852e-35	1.03210363264809e-34
9606.ENSP00000157812	9606.ENSP00000441543	PSMC4	UBC	9606	0.898	0	0	0	0	0.898	0	0	PSMC4	UBC	0.408908748017659	8.91838870629645e-22	2.28459203253097e-21
9606.ENSP00000157812	9606.ENSP00000440485	PSMC4	PSMD9	9606	0.925	0	0	0	0	0.665	0.72	0.27	PSMC4	PSMD9	0.703353161403097	1.39416991931553e-76	1.08927568234522e-75
9606.ENSP00000157812	9606.ENSP00000270586	PSMC4	PSMB6	9606	0.951	0	0	0	0	0.949	0	0.063	PSMC4	PSMB6	0.773569313453084	1.03134328291873e-101	1.37652479955394e-100
9606.ENSP00000157812	9606.ENSP00000414359	PSMC4	PSMA1	9606	0.955	0	0	0	0	0.955	0	0	PSMC4	PSMA1	0.507457981823027	2.0953321097057e-34	7.22413042711499e-34
9606.ENSP00000157812	9606.ENSP00000290541	PSMC4	PSMB4	9606	0.958	0	0	0	0	0.958	0	0	PSMC4	PSMB4	0.703536533777601	1.22580913400418e-76	9.58471391384175e-76
9606.ENSP00000157812	9606.ENSP00000259457	PSMC4	PSMB7	9606	0.958	0	0	0	0	0.947	0	0.234	PSMC4	PSMB7	0.637639322938505	5.55888849583885e-59	3.07023547864248e-58
9606.ENSP00000157812	9606.ENSP00000359910	PSMC4	PSMA7	9606	0.96	0	0	0	0	0.953	0	0.186	PSMC4	PSMA7	0.569469524592211	9.49571189970359e-45	4.00198945084188e-44
9606.ENSP00000157812	9606.ENSP00000262193	PSMC4	PSMB1	9606	0.962	0	0	0	0	0.956	0	0.154	PSMC4	PSMB1	0.649986396155143	5.89573654953185e-62	3.48359488851629e-61
9606.ENSP00000157812	9606.ENSP00000355325	PSMC4	PSMB5	9606	0.964	0	0	0	0	0.963	0	0.046	PSMC4	PSMB5	0.547272615460304	8.50656520456453e-41	3.32696121612484e-40
9606.ENSP00000157812	9606.ENSP00000362334	PSMC4	PSMB2	9606	0.965	0	0	0	0	0.965	0	0	PSMC4	PSMB2	0.558143671510008	1.07471093810009e-42	4.38387108364762e-42
9606.ENSP00000157812	9606.ENSP00000216455	PSMC4	PSMA3	9606	0.968	0	0	0	0	0.96	0	0.234	PSMC4	PSMA3	0.665312525041324	7.5830376829544e-66	4.75144440134287e-65
9606.ENSP00000157812	9606.ENSP00000271308	PSMC4	PSMA5	9606	0.969	0	0	0	0	0.952	0	0.388	PSMC4	PSMA5	0.556918020994646	1.77353409969406e-42	7.20839769931675e-42
9606.ENSP00000157812	9606.ENSP00000483688	PSMC4	PSMB3	9606	0.975	0	0	0	0	0.96	0	0.384	PSMC4	PSMB3	0.731814734268458	8.32313521033078e-86	7.92296947810026e-85
9606.ENSP00000157812	9606.ENSP00000261479	PSMC4	PSMA6	9606	0.98	0	0	0	0	0.979	0	0	PSMC4	PSMA6	0.586425226373569	5.62308184965333e-48	2.52827102022704e-47
9606.ENSP00000157812	9606.ENSP00000223321	PSMC4	PSMA2	9606	0.986	0	0	0	0	0.986	0	0	PSMC4	PSMA2	0.530036823558132	6.32465903793077e-38	2.33683382496409e-37
9606.ENSP00000157812	9606.ENSP00000478877	PSMC4	ADRM1	9606	0.987	0	0	0	0	0.863	0.54	0.818	PSMC4	ADRM1	0.773639475748817	9.63462932862765e-102	1.28761750119567e-100
9606.ENSP00000157812	9606.ENSP00000264639	PSMC4	PSMD3	9606	0.994	0	0	0	0	0.973	0.72	0.36	PSMC4	PSMD3	0.547704584123008	7.17197416393694e-41	2.80932285318579e-40
9606.ENSP00000157812	9606.ENSP00000386541	PSMC4	PSMD14	9606	0.995	0	0	0	0	0.979	0.72	0.305	PSMC4	PSMD14	0.492136139079746	3.6684096831127e-32	1.21013436672217e-31
9606.ENSP00000157812	9606.ENSP00000219313	PSMC4	PSMD7	9606	0.996	0	0	0	0	0.979	0.72	0.493	PSMC4	PSMD7	0.474331594650148	1.07811962781393e-29	3.38185949960041e-29
9606.ENSP00000157812	9606.ENSP00000484998	PSMC4	PSMC6	9606	0.996	0	0	0	0	0.972	0.72	0.526	PSMC4	PSMC6	0.409294873586738	8.09920087610032e-22	2.07736321460987e-21
9606.ENSP00000157812	9606.ENSP00000396937	PSMC4	PSMD13	9606	0.997	0	0	0	0	0.989	0.72	0.341	PSMC4	PSMD13	0.582490919899443	3.2793734753693e-47	1.4526208630321e-46
9606.ENSP00000157812	9606.ENSP00000310572	PSMC4	PSMC5	9606	0.997	0	0	0	0	0.979	0.72	0.616	PSMC4	PSMC5	0.690685466062134	8.02053722931704e-73	5.84394523946723e-72
9606.ENSP00000157812	9606.ENSP00000357876	PSMC4	PSMD4	9606	0.998	0	0	0	0	0.984	0.72	0.611	PSMC4	PSMD4	0.506521739130435	2.89472321065949e-34	9.94644913757388e-34
9606.ENSP00000157812	9606.ENSP00000391211	PSMC4	PSMC2	9606	0.998	0	0	0	0	0.979	0.72	0.681	PSMC4	PSMC2	0.589266380054154	1.55024114281129e-48	7.03565651811182e-48
9606.ENSP00000157812	9606.ENSP00000481029	PSMC4	PSMC3	9606	0.998	0	0	0	0	0.972	0.72	0.791	PSMC4	PSMC3	0.622325120710829	1.78014260247311e-55	9.19679980331607e-55
9606.ENSP00000157812	9606.ENSP00000261303	PSMC4	PSMC1	9606	0.998	0	0	0	0	0.979	0.72	0.705	PSMC4	PSMC1	0.503545851479558	8.03256334576078e-34	2.73230897196558e-33
9606.ENSP00000157812	9606.ENSP00000348442	PSMC4	PSMD12	9606	0.998	0	0	0	0	0.991	0.72	0.485	PSMC4	PSMD12	0.348804352484938	6.80705403079046e-16	1.47261443643746e-15
9606.ENSP00000157812	9606.ENSP00000418695	PSMC4	PSMD6	9606	0.998	0	0	0	0	0.991	0.72	0.449	PSMC4	PSMD6	0.669778872297168	5.03626103841112e-67	3.23345786138696e-66
9606.ENSP00000157812	9606.ENSP00000261712	PSMC4	PSMD11	9606	0.998	0	0	0	0	0.989	0.72	0.471	PSMC4	PSMD11	0.329203914180238	3.14392510240695e-14	6.47462434410937e-14
9606.ENSP00000157812	9606.ENSP00000215071	PSMC4	PSMD8	9606	0.998	0	0	0	0	0.991	0.72	0.497	PSMC4	PSMD8	0.423153371237745	2.34460238757639e-23	6.27347904389183e-23
9606.ENSP00000160262	9606.ENSP00000349252	ICAM3	ITGAL	9606	0.999	0	0	0	0	0.946	0.9	0.97	ICAM3	ITGAL	0.656946812693692	1.07596044910296e-63	6.56368185077405e-63
9606.ENSP00000161559	9606.ENSP00000199764	CEACAM1	CEACAM6	9606	0.85	0	0	0	0	0.188	0.4	0.717	CEACAM1	CEACAM6	0.497952801982522	5.32371666264476e-33	1.78399835508026e-32
9606.ENSP00000162749	9606.ENSP00000276431	TNFRSF1A	TNFRSF10B	9606	0.762	0	0	0	0	0.448	0	0.588	TNFRSF1A	TNFRSF10B	0.396171076735003	1.9974247444449e-20	4.92303885691017e-20
9606.ENSP00000162749	9606.ENSP00000362680	TNFRSF1A	SRC	9606	0.836	0	0	0	0	0.457	0	0.711	TNFRSF1A	SRC	0.605931742242547	6.21768043356257e-52	3.00728476969976e-51
9606.ENSP00000162749	9606.ENSP00000433623	TNFRSF1A	TRAF6	9606	0.84	0	0	0	0	0.292	0	0.784	TNFRSF1A	TRAF6	-0.593256592740019	2.48370087645253e-49	1.14407935610559e-48
9606.ENSP00000162749	9606.ENSP00000464030	TNFRSF1A	IKBKE	9606	0.861	0	0	0	0	0.734	0.5	0	TNFRSF1A	IKBKE	0.372892755114021	4.18080990622015e-18	9.71505061026723e-18
9606.ENSP00000162749	9606.ENSP00000263464	TNFRSF1A	BIRC3	9606	0.951	0	0	0	0	0.734	0.5	0.663	TNFRSF1A	BIRC3	0.355300747466051	1.79838486357101e-16	3.96058002152878e-16
9606.ENSP00000162749	9606.ENSP00000365435	TNFRSF1A	TNFRSF1B	9606	0.973	0	0	0	0	0.292	0.9	0.657	TNFRSF1A	TNFRSF1B	0.53397485711304	1.44386984708549e-38	5.39763932162213e-38
9606.ENSP00000162749	9606.ENSP00000301838	TNFRSF1A	FADD	9606	0.992	0	0	0	0	0.593	0	0.982	TNFRSF1A	FADD	0.445985747643087	4.73136681659981e-26	1.35446710135863e-25
9606.ENSP00000162749	9606.ENSP00000498466	TNFRSF1A	FAS	9606	0.997	0	0	0	0	0.448	0.9	0.958	TNFRSF1A	FAS	0.474599758112457	9.92102473626514e-30	3.11396317201004e-29
9606.ENSP00000162749	9606.ENSP00000403495	TNFRSF1A	LTA	9606	0.999	0	0	0	0	0.96	0.5	0.982	TNFRSF1A	LTA	0.337036012088274	7.02269558598293e-15	1.47619037803867e-14
9606.ENSP00000164227	9606.ENSP00000362649	BCL3	HDAC1	9606	0.855	0	0	0	0	0.457	0	0.744	BCL3	HDAC1	-0.319069888355295	2.05311708460576e-13	4.12287667622393e-13
9606.ENSP00000164227	9606.ENSP00000358983	BCL3	NFKB2	9606	0.998	0	0	0	0	0.457	0.9	0.98	BCL3	NFKB2	0.761048558271976	1.33436096187493e-96	1.57313242432443e-95
9606.ENSP00000166345	9606.ENSP00000361540	TRIP13	CDC20	9606	0.95	0	0	0	0	0.935	0	0.261	TRIP13	CDC20	0.453982013108143	4.80611716579598e-27	1.42071397127444e-26
9606.ENSP00000166345	9606.ENSP00000296509	TRIP13	MAD2L1	9606	0.961	0	0	0	0	0.961	0	0	TRIP13	MAD2L1	0.668628415636595	1.01726784821919e-66	6.48612023500458e-66
9606.ENSP00000172229	9606.ENSP00000358997	NGFR	IRAK1	9606	0.942	0	0	0	0	0.292	0.9	0.25	NGFR	IRAK1	-0.450679912711768	1.24487547637666e-26	3.63548022241453e-26
9606.ENSP00000184266	9606.ENSP00000425759	NDUFB4	COX7C	9606	0.807	0	0	0	0	0.807	0	0	NDUFB4	COX7C	0.77556796052276	1.46867142293785e-102	1.99162825671292e-101
9606.ENSP00000184266	9606.ENSP00000467262	NDUFB4	UQCR11	9606	0.807	0	0	0	0	0.807	0	0	NDUFB4	UQCR11	0.820284078097251	3.89115710829282e-124	9.00284345078136e-123
9606.ENSP00000184266	9606.ENSP00000497474	NDUFB4	COX7B	9606	0.814	0	0	0	0	0.814	0	0	NDUFB4	COX7B	0.862145810854377	1.22356369744547e-150	6.47277941403834e-149
9606.ENSP00000184266	9606.ENSP00000317780	NDUFB4	COX5A	9606	0.826	0	0	0	0	0.826	0	0	NDUFB4	COX5A	0.768477748395958	1.35234497890631e-99	1.71482745951952e-98
9606.ENSP00000184266	9606.ENSP00000332887	NDUFB4	UQCR10	9606	0.83	0	0	0	0	0.83	0	0	NDUFB4	UQCR10	0.75271378069484	2.27378991926708e-93	2.49135751995639e-92
9606.ENSP00000184266	9606.ENSP00000457513	NDUFB4	COX4I1	9606	0.831	0	0	0	0	0.831	0	0	NDUFB4	COX4I1	0.810815522546043	4.30167743991963e-119	8.83944535747655e-118
9606.ENSP00000184266	9606.ENSP00000478766	NDUFB4	NDUFC2-KCTD14	9606	0.832	0	0	0	0	0.37	0.744	0	NDUFB4	NDUFC2-KCTD14	0.687094051020009	8.61144075963671e-72	6.14230363733357e-71
9606.ENSP00000184266	9606.ENSP00000309565	NDUFB4	UQCRH	9606	0.855	0	0	0	0	0.855	0	0	NDUFB4	UQCRH	0.736259184924704	2.35694210424196e-87	2.30630645017202e-86
9606.ENSP00000184266	9606.ENSP00000317159	NDUFB4	CYC1	9606	0.859	0	0	0	0	0.859	0	0	NDUFB4	CYC1	0.644002567958659	1.69515964651883e-60	9.64579077293656e-60
9606.ENSP00000184266	9606.ENSP00000466818	NDUFB4	COX6B1	9606	0.864	0	0	0	0	0.864	0	0	NDUFB4	COX6B1	0.899034965608362	1.57400273750744e-182	3.19742916097262e-180
9606.ENSP00000184266	9606.ENSP00000306397	NDUFB4	UQCRFS1	9606	0.882	0	0	0	0	0.881	0	0	NDUFB4	UQCRFS1	0.312707016043219	6.43567088227591e-13	1.2680331552139e-12
9606.ENSP00000184266	9606.ENSP00000292907	NDUFB4	COX7A1	9606	0.884	0	0	0	0	0.807	0	0.423	NDUFB4	COX7A1	0.396189246253818	1.98877533444766e-20	4.90291045436525e-20
9606.ENSP00000184266	9606.ENSP00000258424	NDUFB4	COX5B	9606	0.892	0	0	0	0	0.828	0	0.397	NDUFB4	COX5B	0.774252207829478	5.31079840647062e-102	7.13515600721192e-101
9606.ENSP00000184266	9606.ENSP00000430494	NDUFB4	UQCRB	9606	0.894	0	0	0	0	0.82	0	0.44	NDUFB4	UQCRB	0.811067286852909	3.18593264002934e-119	6.59053316186925e-118
9606.ENSP00000184266	9606.ENSP00000203407	NDUFB4	UQCRC1	9606	0.898	0	0	0	0	0.832	0	0.42	NDUFB4	UQCRC1	0.671622845514365	1.62124834443245e-67	1.05422659631244e-66
9606.ENSP00000184266	9606.ENSP00000367939	NDUFB4	UQCRQ	9606	0.944	0	0	0	0	0.83	0	0.684	NDUFB4	UQCRQ	0.863569648890355	1.08740532118286e-151	6.03539663784389e-150
9606.ENSP00000184266	9606.ENSP00000441126	NDUFB4	NDUFC1	9606	0.993	0	0	0	0	0.803	0.967	0	NDUFB4	NDUFC1	0.793837085571911	1.00249390733779e-110	1.69141704598504e-109
9606.ENSP00000184266	9606.ENSP00000483888	NDUFB4	NDUFB1	9606	0.994	0	0	0	0	0.861	0.9	0.644	NDUFB4	NDUFB1	0.826611449964872	1.12431652639468e-127	2.88375832287646e-126
9606.ENSP00000184266	9606.ENSP00000418438	NDUFB4	NDUFA3	9606	0.995	0	0	0	0	0.867	0.967	0.1	NDUFB4	NDUFA3	0.877216727883968	2.06519541054533e-162	1.73356940371148e-160
9606.ENSP00000184266	9606.ENSP00000356972	NDUFB4	NDUFS2	9606	0.995	0	0	0	0	0.869	0.967	0	NDUFB4	NDUFS2	0.360142877641801	6.53522734637725e-17	1.46207718407828e-16
9606.ENSP00000184266	9606.ENSP00000417142	NDUFB4	NDUFA5	9606	0.995	0	0	0	0	0.871	0.967	0	NDUFB4	NDUFA5	0.486664877667891	2.17980766558524e-31	7.08036663234708e-31
9606.ENSP00000184266	9606.ENSP00000362058	NDUFB4	NDUFS5	9606	0.995	0	0	0	0	0.951	0.9	0.084	NDUFB4	NDUFS5	0.693720241589376	1.05018808654618e-73	7.78595649273687e-73
9606.ENSP00000184266	9606.ENSP00000252711	NDUFB4	NDUFA10	9606	0.995	0	0	0	0	0.875	0.967	0	NDUFB4	NDUFA10	0.4410186670841	1.90028982863156e-25	5.3689134323813e-25
9606.ENSP00000184266	9606.ENSP00000233627	NDUFB4	NDUFS7	9606	0.995	0	0	0	0	0.876	0.967	0	NDUFB4	NDUFS7	0.728822261108098	8.81383137854281e-85	8.14577664348129e-84
9606.ENSP00000184266	9606.ENSP00000215565	NDUFB4	NDUFB7	9606	0.995	0	0	0	0	0.871	0.967	0.092	NDUFB4	NDUFB7	0.787417188923861	9.16980101128227e-108	1.42630427062165e-106
9606.ENSP00000184266	9606.ENSP00000315774	NDUFB4	NDUFS8	9606	0.995	0	0	0	0	0.867	0.967	0	NDUFB4	NDUFS8	0.817867997979922	8.03353544079366e-123	1.79333229609101e-121
9606.ENSP00000184266	9606.ENSP00000419087	NDUFB4	NDUFB2	9606	0.996	0	0	0	0	0.8	0.967	0.525	NDUFB4	NDUFB2	0.641939349214424	5.3042654801215e-60	2.98478805992211e-59
9606.ENSP00000184266	9606.ENSP00000423673	NDUFB4	NDUFA13	9606	0.996	0	0	0	0	0.856	0.967	0.264	NDUFB4	NDUFA13	0.823943978248756	3.63266241972233e-126	9.02125970589724e-125
9606.ENSP00000184266	9606.ENSP00000458770	NDUFB4	NDUFAB1	9606	0.996	0	0	0	0	0.9	0.967	0	NDUFB4	NDUFAB1	0.652726918654598	1.23430193467703e-62	7.36592523531997e-62
9606.ENSP00000184266	9606.ENSP00000299166	NDUFB4	NDUFB8	9606	0.997	0	0	0	0	0.933	0.967	0	NDUFB4	NDUFB8	0.831096898509727	2.8422718605863e-130	7.9310316725206e-129
9606.ENSP00000184266	9606.ENSP00000252102	NDUFB4	NDUFA2	9606	0.997	0	0	0	0	0.881	0.967	0.311	NDUFB4	NDUFA2	0.820713810511486	2.26019712471978e-124	5.30180651172721e-123
9606.ENSP00000184266	9606.ENSP00000360492	NDUFB4	NDUFA1	9606	0.997	0	0	0	0	0.91	0.967	0.076	NDUFB4	NDUFA1	0.835616077135664	5.73221707402332e-133	1.69743815804242e-131
9606.ENSP00000184266	9606.ENSP00000346196	NDUFB4	NDUFV3	9606	0.997	0	0	0	0	0.924	0.967	0	NDUFB4	NDUFV3	0.667340616049182	2.22633939212682e-66	1.40890524646929e-65
9606.ENSP00000184266	9606.ENSP00000266544	NDUFB4	NDUFA9	9606	0.997	0	0	0	0	0.959	0.944	0.154	NDUFB4	NDUFA9	0.640290302322158	1.31177540688736e-59	7.31267991644065e-59
9606.ENSP00000184266	9606.ENSP00000281031	NDUFB4	NDUFC2	9606	0.997	0	0	0	0	0.934	0.944	0.263	NDUFB4	NDUFC2	0.69714272669503	1.02858946064845e-74	7.74453903024933e-74
9606.ENSP00000184266	9606.ENSP00000369176	NDUFB4	NDUFB6	9606	0.998	0	0	0	0	0.861	0.967	0.734	NDUFB4	NDUFB6	0.742162042291186	1.85031629408597e-89	1.89071052304137e-88
9606.ENSP00000184266	9606.ENSP00000259037	NDUFB4	NDUFB5	9606	0.998	0	0	0	0	0.869	0.967	0.709	NDUFB4	NDUFB5	0.558607227182345	8.88743802410792e-43	3.63550978698607e-42
9606.ENSP00000184266	9606.ENSP00000296684	NDUFB4	NDUFS4	9606	0.998	0	0	0	0	0.951	0.967	0.054	NDUFB4	NDUFS4	0.556299418761752	2.28189831450862e-42	9.2634856836387e-42
9606.ENSP00000184266	9606.ENSP00000497587	NDUFB4	NDUFV1	9606	0.998	0	0	0	0	0.951	0.967	0	NDUFB4	NDUFV1	0.446524869878292	4.06300280261038e-26	1.16707917042177e-25
9606.ENSP00000184266	9606.ENSP00000327268	NDUFB4	NDUFV2	9606	0.998	0	0	0	0	0.947	0.967	0.381	NDUFB4	NDUFV2	0.879846649261199	1.26371001979539e-164	1.17756905239099e-162
9606.ENSP00000184266	9606.ENSP00000274137	NDUFB4	NDUFS6	9606	0.998	0	0	0	0	0.936	0.967	0.183	NDUFB4	NDUFS6	0.779706604200793	2.43194301708577e-104	3.47415544648948e-103
9606.ENSP00000184266	9606.ENSP00000330737	NDUFB4	NDUFA12	9606	0.998	0	0	0	0	0.951	0.967	0	NDUFB4	NDUFA12	0.853210041501044	2.67142555885664e-144	1.1616072670327e-142
9606.ENSP00000184266	9606.ENSP00000263774	NDUFB4	NDUFS3	9606	0.998	0	0	0	0	0.951	0.967	0	NDUFB4	NDUFS3	0.827408020305136	3.93680254595248e-128	1.02266249256366e-126
9606.ENSP00000184266	9606.ENSP00000301457	NDUFB4	NDUFA7	9606	0.998	0	0	0	0	0.925	0.967	0.318	NDUFB4	NDUFA7	0.831963724322743	8.76825821185129e-131	2.48075762277921e-129
9606.ENSP00000184266	9606.ENSP00000482543	NDUFB4	NDUFA6	9606	0.998	0	0	0	0	0.951	0.967	0.17	NDUFB4	NDUFA6	0.655893539664525	1.98551190190071e-63	1.20687279399195e-62
9606.ENSP00000184266	9606.ENSP00000407336	NDUFB4	NDUFB3	9606	0.998	0	0	0	0	0.919	0.967	0.446	NDUFB4	NDUFB3	0.71335850976402	1.07253629659421e-79	8.85670826382718e-79
9606.ENSP00000184266	9606.ENSP00000389160	NDUFB4	NDUFA11	9606	0.998	0	0	0	0	0.972	0.944	0	NDUFB4	NDUFA11	0.787851300658016	5.82601706634068e-108	9.13192212080591e-107
9606.ENSP00000184266	9606.ENSP00000362873	NDUFB4	NDUFA8	9606	0.998	0	0	0	0	0.943	0.967	0.277	NDUFB4	NDUFA8	0.819986936581857	5.66039898175859e-124	1.30073919587606e-122
9606.ENSP00000184266	9606.ENSP00000276689	NDUFB4	NDUFB9	9606	0.998	0	0	0	0	0.936	0.967	0.547	NDUFB4	NDUFB9	0.755722653010643	1.60405703015376e-94	1.79234403248314e-93
9606.ENSP00000184266	9606.ENSP00000276062	NDUFB4	NDUFB11	9606	0.999	0	0	0	0	0.945	0.967	0.706	NDUFB4	NDUFB11	0.73861786799798	3.45172090620013e-88	3.45070169727114e-87
9606.ENSP00000184266	9606.ENSP00000268668	NDUFB4	NDUFB10	9606	0.999	0	0	0	0	0.944	0.967	0.733	NDUFB4	NDUFB10	0.819787630937007	7.27535755111481e-124	1.66057992464434e-122
9606.ENSP00000196061	9606.ENSP00000223127	PLOD1	PLOD3	9606	0.939	0	0	0	0	0.422	0.9	0	PLOD1	PLOD3	0.416658746620004	1.25870567676831e-22	3.29671829781735e-22
9606.ENSP00000200181	9606.ENSP00000324101	ITGB4	CD151	9606	0.809	0	0	0	0	0.626	0.5	0.064	ITGB4	CD151	0.613829892306001	1.29579993039211e-53	6.4296237874903e-53
9606.ENSP00000200181	9606.ENSP00000358866	ITGB4	FLNA	9606	0.855	0	0	0	0	0.321	0.65	0.438	ITGB4	FLNA	0.705179803694655	3.85140471785254e-77	3.04425818826679e-76
9606.ENSP00000200181	9606.ENSP00000315190	ITGB4	ITGA3	9606	0.877	0	0	0	0	0.292	0.72	0.43	ITGB4	ITGA3	0.695073637798562	4.2068306617077e-74	3.13260843335521e-73
9606.ENSP00000200181	9606.ENSP00000307959	ITGB4	DST	9606	0.95	0	0	0	0	0.254	0.5	0.878	ITGB4	DST	0.71480312627536	3.71304147011405e-80	3.11938479834148e-79
9606.ENSP00000200181	9606.ENSP00000497653	ITGB4	COL17A1	9606	0.969	0	0	0	0	0.457	0.5	0.895	ITGB4	COL17A1	0.426998041419049	8.52078128232724e-24	2.30849761228588e-23
9606.ENSP00000200181	9606.ENSP00000323856	ITGB4	PLEC	9606	0.999	0	0	0	0	0.967	0.5	0.971	ITGB4	PLEC	0.648200658575174	1.61914569483114e-61	9.46785424432921e-61
9606.ENSP00000203407	9606.ENSP00000429707	UQCRC1	COX6C	9606	0.753	0	0	0	0	0.486	0.54	0	UQCRC1	COX6C	0.698136086900615	5.20832435826256e-75	3.95078047101365e-74
9606.ENSP00000203407	9606.ENSP00000441126	UQCRC1	NDUFC1	9606	0.8	0	0	0	0	0.8	0	0	UQCRC1	NDUFC1	0.636108983569164	1.27121367178313e-58	6.99064280687667e-58
9606.ENSP00000203407	9606.ENSP00000419087	UQCRC1	NDUFB2	9606	0.8	0	0	0	0	0.8	0	0	UQCRC1	NDUFB2	0.658787524715204	3.66622708305724e-64	2.25138261684476e-63
9606.ENSP00000203407	9606.ENSP00000346196	UQCRC1	NDUFV3	9606	0.808	0	0	0	0	0.808	0	0	UQCRC1	NDUFV3	0.550642269195864	2.23218922635796e-41	8.83223450413627e-41
9606.ENSP00000203407	9606.ENSP00000360492	UQCRC1	NDUFA1	9606	0.816	0	0	0	0	0.816	0	0	UQCRC1	NDUFA1	0.62487351219594	4.79329587760345e-56	2.51215202419083e-55
9606.ENSP00000203407	9606.ENSP00000301457	UQCRC1	NDUFA7	9606	0.818	0	0	0	0	0.818	0	0	UQCRC1	NDUFA7	0.685736555021962	2.09332957148122e-71	1.48477293697868e-70
9606.ENSP00000203407	9606.ENSP00000281031	UQCRC1	NDUFC2	9606	0.825	0	0	0	0	0.825	0	0	UQCRC1	NDUFC2	0.623253257002719	1.10543474123519e-55	5.74023551468598e-55
9606.ENSP00000203407	9606.ENSP00000389160	UQCRC1	NDUFA11	9606	0.825	0	0	0	0	0.825	0	0	UQCRC1	NDUFA11	0.681999970183354	2.35417248874152e-70	1.63664133936671e-69
9606.ENSP00000203407	9606.ENSP00000407336	UQCRC1	NDUFB3	9606	0.832	0	0	0	0	0.832	0	0	UQCRC1	NDUFB3	0.517344715838043	6.49008494708419e-36	2.31216390065009e-35
9606.ENSP00000203407	9606.ENSP00000276062	UQCRC1	NDUFB11	9606	0.832	0	0	0	0	0.832	0	0	UQCRC1	NDUFB11	0.760130764629258	3.07309602830042e-96	3.57952251828525e-95
9606.ENSP00000203407	9606.ENSP00000369176	UQCRC1	NDUFB6	9606	0.832	0	0	0	0	0.832	0	0	UQCRC1	NDUFB6	0.64488542021904	1.03765468471738e-60	5.9477757520736e-60
9606.ENSP00000203407	9606.ENSP00000259037	UQCRC1	NDUFB5	9606	0.832	0	0	0	0	0.832	0	0	UQCRC1	NDUFB5	0.5765325290293	4.5283312419369e-46	1.96388814792285e-45
9606.ENSP00000203407	9606.ENSP00000483888	UQCRC1	NDUFB1	9606	0.832	0	0	0	0	0.832	0	0	UQCRC1	NDUFB1	0.597485152241932	3.46808338325259e-50	1.61806719906737e-49
9606.ENSP00000203407	9606.ENSP00000418438	UQCRC1	NDUFA3	9606	0.842	0	0	0	0	0.842	0	0	UQCRC1	NDUFA3	0.683884568581082	6.97789656729611e-71	4.8912695261578e-70
9606.ENSP00000203407	9606.ENSP00000299166	UQCRC1	NDUFB8	9606	0.856	0	0	0	0	0.856	0	0	UQCRC1	NDUFB8	0.763715377748955	1.15659735900611e-97	1.40689333837426e-96
9606.ENSP00000203407	9606.ENSP00000252711	UQCRC1	NDUFA10	9606	0.861	0	0	0	0	0.842	0	0.16	UQCRC1	NDUFA10	0.616976014371623	2.68884213595307e-54	1.34933644144641e-53
9606.ENSP00000203407	9606.ENSP00000423673	UQCRC1	NDUFA13	9606	0.867	0	0	0	0	0.867	0	0	UQCRC1	NDUFA13	0.756880936540859	5.72073632497486e-95	6.42760164300549e-94
9606.ENSP00000203407	9606.ENSP00000233627	UQCRC1	NDUFS7	9606	0.87	0	0	0	0	0.87	0	0	UQCRC1	NDUFS7	0.778153809169737	1.14465182343971e-103	1.6058326755079e-102
9606.ENSP00000203407	9606.ENSP00000268668	UQCRC1	NDUFB10	9606	0.87	0	0	0	0	0.87	0	0	UQCRC1	NDUFB10	0.777904187934321	1.46658892154036e-103	2.04617358187987e-102
9606.ENSP00000203407	9606.ENSP00000215565	UQCRC1	NDUFB7	9606	0.87	0	0	0	0	0.87	0	0	UQCRC1	NDUFB7	0.701124646626153	6.60935737064717e-76	5.09341751241755e-75
9606.ENSP00000203407	9606.ENSP00000229379	UQCRC1	COX6A1	9606	0.877	0	0	0	0	0.744	0.54	0	UQCRC1	COX6A1	0.674319667991644	3.04418966467887e-68	2.01301005365516e-67
9606.ENSP00000203407	9606.ENSP00000362873	UQCRC1	NDUFA8	9606	0.886	0	0	0	0	0.886	0	0	UQCRC1	NDUFA8	0.687009073578165	9.10513000965748e-72	6.48988108828709e-71
9606.ENSP00000203407	9606.ENSP00000296684	UQCRC1	NDUFS4	9606	0.892	0	0	0	0	0.892	0	0	UQCRC1	NDUFS4	0.592067374439307	4.29819094866406e-49	1.9709582602971e-48
9606.ENSP00000203407	9606.ENSP00000266544	UQCRC1	NDUFA9	9606	0.892	0	0	0	0	0.885	0	0.101	UQCRC1	NDUFA9	0.779348524914603	3.47993058002038e-104	4.95037183491135e-103
9606.ENSP00000203407	9606.ENSP00000356972	UQCRC1	NDUFS2	9606	0.901	0	0	0	0	0.886	0	0.17	UQCRC1	NDUFS2	0.524273824898018	5.3061793880227e-37	1.92207075763718e-36
9606.ENSP00000203407	9606.ENSP00000274137	UQCRC1	NDUFS6	9606	0.902	0	0	0	0	0.902	0	0	UQCRC1	NDUFS6	0.772386151658644	3.23906066667411e-101	4.26154652738458e-100
9606.ENSP00000203407	9606.ENSP00000315774	UQCRC1	NDUFS8	9606	0.904	0	0	0	0	0.904	0	0	UQCRC1	NDUFS8	0.797547487668021	1.74214407893703e-112	3.07738389735015e-111
9606.ENSP00000203407	9606.ENSP00000417142	UQCRC1	NDUFA5	9606	0.904	0	0	0	0	0.904	0	0	UQCRC1	NDUFA5	0.390591170918334	7.47790093685058e-20	1.8153212193019e-19
9606.ENSP00000203407	9606.ENSP00000482543	UQCRC1	NDUFA6	9606	0.905	0	0	0	0	0.905	0	0	UQCRC1	NDUFA6	0.51862086829801	4.1100202851505e-36	1.46681222896253e-35
9606.ENSP00000203407	9606.ENSP00000497587	UQCRC1	NDUFV1	9606	0.907	0	0	0	0	0.904	0	0.066	UQCRC1	NDUFV1	0.767223958420687	4.40789497007742e-99	5.50688674182981e-98
9606.ENSP00000203407	9606.ENSP00000263774	UQCRC1	NDUFS3	9606	0.908	0	0	0	0	0.908	0	0	UQCRC1	NDUFS3	0.79305057834976	2.34157392715105e-110	3.8989125209956e-109
9606.ENSP00000203407	9606.ENSP00000458770	UQCRC1	NDUFAB1	9606	0.908	0	0	0	0	0.868	0	0.331	UQCRC1	NDUFAB1	0.709730755684264	1.49548855162378e-78	1.21033284612293e-77
9606.ENSP00000203407	9606.ENSP00000327268	UQCRC1	NDUFV2	9606	0.923	0	0	0	0	0.923	0	0	UQCRC1	NDUFV2	0.607385117393727	3.07483946983543e-52	1.49502845835895e-51
9606.ENSP00000203407	9606.ENSP00000252102	UQCRC1	NDUFA2	9606	0.928	0	0	0	0	0.891	0	0.364	UQCRC1	NDUFA2	0.70817106555376	4.5853085576979e-78	3.67875031757801e-77
9606.ENSP00000203407	9606.ENSP00000497474	UQCRC1	COX7B	9606	0.935	0	0	0	0	0.865	0.54	0	UQCRC1	COX7B	0.649655524558667	7.11303446118903e-62	4.19797158758262e-61
9606.ENSP00000203407	9606.ENSP00000466818	UQCRC1	COX6B1	9606	0.936	0	0	0	0	0.867	0.54	0	UQCRC1	COX6B1	0.738093095023788	5.30199168014093e-88	5.26930816978389e-87
9606.ENSP00000203407	9606.ENSP00000317780	UQCRC1	COX5A	9606	0.949	0	0	0	0	0.895	0.54	0	UQCRC1	COX5A	0.7261339177396	7.1492223558861e-84	6.47189407029724e-83
9606.ENSP00000203407	9606.ENSP00000425759	UQCRC1	COX7C	9606	0.953	0	0	0	0	0.902	0.54	0	UQCRC1	COX7C	0.782558473238628	1.36781900235291e-105	2.02520956368783e-104
9606.ENSP00000203407	9606.ENSP00000362058	UQCRC1	NDUFS5	9606	0.956	0	0	0	0	0.956	0	0	UQCRC1	NDUFS5	0.587816266098659	2.99705848665731e-48	1.35414248438516e-47
9606.ENSP00000203407	9606.ENSP00000485401	UQCRC1	UQCRHL	9606	0.964	0	0	0	0	0.382	0.944	0	UQCRC1	UQCRHL	0.527269372900023	1.7653953886484e-37	6.45933752251505e-37
9606.ENSP00000203407	9606.ENSP00000276689	UQCRC1	NDUFB9	9606	0.968	0	0	0	0	0.885	0	0.734	UQCRC1	NDUFB9	0.821974309232165	4.55448839554956e-125	1.09881089390966e-123
9606.ENSP00000203407	9606.ENSP00000330737	UQCRC1	NDUFA12	9606	0.968	0	0	0	0	0.968	0	0	UQCRC1	NDUFA12	0.60482945810109	1.05806328279267e-51	5.08120508904261e-51
9606.ENSP00000203407	9606.ENSP00000258424	UQCRC1	COX5B	9606	0.972	0	0	0	0	0.902	0.54	0.431	UQCRC1	COX5B	0.6981864956682	5.03115837117143e-75	3.81924331659105e-74
9606.ENSP00000203407	9606.ENSP00000457513	UQCRC1	COX4I1	9606	0.974	0	0	0	0	0.947	0.54	0	UQCRC1	COX4I1	0.763806038988992	1.06372225532022e-97	1.29702604409214e-96
9606.ENSP00000203407	9606.ENSP00000317159	UQCRC1	CYC1	9606	0.996	0	0	0	0	0.962	0.889	0.307	UQCRC1	CYC1	0.755336900149642	2.2583283497704e-94	2.51511415006776e-93
9606.ENSP00000203407	9606.ENSP00000306397	UQCRC1	UQCRFS1	9606	0.999	0	0	0	0	0.986	0.851	0.683	UQCRC1	UQCRFS1	0.504421622286452	5.95475573826846e-34	2.03165784459499e-33
9606.ENSP00000203407	9606.ENSP00000467262	UQCRC1	UQCR11	9606	0.999	0	0	0	0	0.973	0.967	0.145	UQCRC1	UQCR11	0.701628175239884	4.65590364014757e-76	3.60167656306008e-75
9606.ENSP00000203407	9606.ENSP00000430494	UQCRC1	UQCRB	9606	0.999	0	0	0	0	0.97	0.975	0.69	UQCRC1	UQCRB	0.614718894249673	8.32397501916366e-54	4.15054561952112e-53
9606.ENSP00000203407	9606.ENSP00000367939	UQCRC1	UQCRQ	9606	0.999	0	0	0	0	0.986	0.975	0.732	UQCRC1	UQCRQ	0.702193759748646	3.13844611721067e-76	2.43709458811229e-75
9606.ENSP00000203407	9606.ENSP00000332887	UQCRC1	UQCR10	9606	0.999	0	0	0	0	0.986	0.975	0.209	UQCRC1	UQCR10	0.623675628432408	8.8948263184023e-56	4.63068943700728e-55
9606.ENSP00000203407	9606.ENSP00000268379	UQCRC1	UQCRC2	9606	0.999	0	0	0	0	0.986	0.975	0.96	UQCRC1	UQCRC2	0.311985639557745	7.31310146482284e-13	1.43784691401869e-12
9606.ENSP00000203407	9606.ENSP00000309565	UQCRC1	UQCRH	9606	0.999	0	0	0	0	0.952	0.944	0.698	UQCRC1	UQCRH	0.675547927463554	1.41279311377158e-68	9.44061819511705e-68
9606.ENSP00000209728	9606.ENSP00000384849	CDC6	CDKN1A	9606	0.724	0	0	0	0	0.708	0	0.095	CDC6	CDKN1A	0.351760207076608	3.72899398977551e-16	8.13474913104593e-16
9606.ENSP00000209728	9606.ENSP00000264156	CDC6	MCM6	9606	0.909	0	0	0	0	0.749	0.5	0.336	CDC6	MCM6	0.754900831698076	3.32199963454856e-94	3.69163569891791e-93
9606.ENSP00000209728	9606.ENSP00000216122	CDC6	MCM5	9606	0.925	0	0	0	0	0.647	0.5	0.611	CDC6	MCM5	0.402333711632033	4.51344446316103e-21	1.13360671148186e-20
9606.ENSP00000209728	9606.ENSP00000262105	CDC6	MCM4	9606	0.929	0	0	0	0	0.523	0.5	0.728	CDC6	MCM4	0.742259878161729	1.70557096246239e-89	1.74456034901616e-88
9606.ENSP00000209728	9606.ENSP00000481380	CDC6	CCNA2	9606	0.974	0	0	0	0	0.943	0	0.575	CDC6	CCNA2	0.306743407259981	1.83211791027184e-12	3.54926981015278e-12
9606.ENSP00000209728	9606.ENSP00000265056	CDC6	MCM2	9606	0.979	0	0	0	0	0.86	0.5	0.73	CDC6	MCM2	0.503061517331857	9.47506528046695e-34	3.21867016902016e-33
9606.ENSP00000209728	9606.ENSP00000266970	CDC6	CDK2	9606	0.986	0	0	0	0	0.951	0.5	0.5	CDC6	CDK2	0.473019103152551	1.61787525028711e-29	5.04846664121847e-29
9606.ENSP00000209728	9606.ENSP00000360623	CDC6	ORC1	9606	0.993	0	0	0	0	0.89	0.9	0.468	CDC6	ORC1	0.799195043727975	2.80381805281894e-113	5.04935814937624e-112
9606.ENSP00000209728	9606.ENSP00000219097	CDC6	ORC6	9606	0.997	0	0	0	0	0.799	0.9	0.89	CDC6	ORC6	0.737046064854933	1.24455622105319e-87	1.22608705501817e-86
9606.ENSP00000209728	9606.ENSP00000480987	CDC6	MCM3	9606	0.998	0	0	0	0	0.915	0.5	0.971	CDC6	MCM3	0.680081641704543	8.04131254014007e-70	5.49633993742952e-69
9606.ENSP00000209728	9606.ENSP00000301019	CDC6	CDT1	9606	0.999	0	0	0	0	0.92	0.8	0.984	CDC6	CDT1	0.685219608917413	2.93213552638651e-71	2.07105010719804e-70
9606.ENSP00000209873	9606.ENSP00000382779	AAAS	SEH1L	9606	0.985	0	0	0	0	0.903	0.8	0.329	AAAS	SEH1L	-0.475783478969015	6.8671539397673e-30	2.16211043292673e-29
9606.ENSP00000211287	9606.ENSP00000468348	MAPK13	MAP2K6	9606	0.932	0	0	0	0	0.348	0.9	0	MAPK13	MAP2K6	-0.364902080270139	2.37571409176394e-17	5.3897985325098e-17
9606.ENSP00000211287	9606.ENSP00000356070	MAPK13	MAPKAPK2	9606	0.937	0	0	0	0	0.366	0.9	0.09	MAPK13	MAPKAPK2	0.442635008842499	1.21175949800324e-25	3.44082785049454e-25
9606.ENSP00000211998	9606.ENSP00000379350	VCL	ITGB1	9606	0.887	0	0	0	0	0.215	0	0.862	VCL	ITGB1	0.64253400495329	3.82145855154916e-60	2.15756278532989e-59
9606.ENSP00000211998	9606.ENSP00000346839	VCL	FN1	9606	0.951	0	0	0	0	0.071	0.4	0.92	VCL	FN1	0.462158855637116	4.35167302135513e-28	1.31625797730506e-27
9606.ENSP00000211998	9606.ENSP00000495360	VCL	CTNNB1	9606	0.99	0	0	0	0	0.52	0	0.981	VCL	CTNNB1	0.692927398329895	1.79058918991798e-73	1.32269195650886e-72
9606.ENSP00000211998	9606.ENSP00000377941	VCL	ACTN1	9606	0.994	0	0	0	0	0.902	0.9	0.525	VCL	ACTN1	0.466377258843897	1.22855231372127e-28	3.76649738921428e-28
9606.ENSP00000211998	9606.ENSP00000304669	VCL	CTNNA1	9606	0.997	0	0	0	0	0.965	0.9	0.401	VCL	CTNNA1	0.534750183092843	1.07703474297268e-38	4.03818452726966e-38
9606.ENSP00000211998	9606.ENSP00000252699	VCL	ACTN4	9606	0.998	0	0	0	0	0.902	0.9	0.899	VCL	ACTN4	0.380293433070015	8.00740213645543e-19	1.8984870098034e-18
9606.ENSP00000211998	9606.ENSP00000267257	VCL	PXN	9606	0.999	0	0	0	0	0.705	0.8	0.987	VCL	PXN	0.342488814098801	2.41113965366885e-15	5.13631406508275e-15
9606.ENSP00000211998	9606.ENSP00000316029	VCL	TLN1	9606	0.999	0	0	0	0	0.965	0.9	0.987	VCL	TLN1	0.582031557192986	4.02279308145848e-47	1.77804653300147e-46
9606.ENSP00000212015	9606.ENSP00000225916	SIRT1	KAT2A	9606	0.738	0	0	0	0	0.457	0	0.539	SIRT1	KAT2A	-0.443947873048174	8.39321656352571e-26	2.39398766177284e-25
9606.ENSP00000212015	9606.ENSP00000267163	SIRT1	RB1	9606	0.739	0	0	0	0	0.457	0.54	0	SIRT1	RB1	0.473023202941412	1.61582968945594e-29	5.04363311487521e-29
9606.ENSP00000212015	9606.ENSP00000495360	SIRT1	CTNNB1	9606	0.743	0	0	0	0	0.292	0	0.652	SIRT1	CTNNB1	0.468784673498406	5.9223003697759e-29	1.82502441916911e-28
9606.ENSP00000212015	9606.ENSP00000339527	SIRT1	FOXO3	9606	0.862	0	0	0	0	0.457	0	0.757	SIRT1	FOXO3	0.626656268111283	1.9004728445096e-56	1.00536993133771e-55
9606.ENSP00000212015	9606.ENSP00000368880	SIRT1	FOXO1	9606	0.931	0	0	0	0	0.457	0	0.878	SIRT1	FOXO1	0.306860064888476	1.79541046665899e-12	3.48014963928538e-12
9606.ENSP00000212015	9606.ENSP00000346437	SIRT1	ATG7	9606	0.981	0	0	0	0	0.457	0	0.968	SIRT1	ATG7	-0.359083920814442	8.16672605284853e-17	1.82226354390999e-16
9606.ENSP00000212015	9606.ENSP00000358072	SIRT1	ATG5	9606	0.982	0	0	0	0	0.292	0	0.975	SIRT1	ATG5	0.409348450372988	7.99156391142403e-22	2.05079117353042e-21
9606.ENSP00000212015	9606.ENSP00000354916	SIRT1	CDC14A	9606	0.985	0	0	0	0	0.048	0	0.984	SIRT1	CDC14A	0.485599398449162	3.07268941103295e-31	9.96465719918955e-31
9606.ENSP00000212015	9606.ENSP00000268712	SIRT1	NCOR1	9606	0.988	0	0	0	0	0.481	0	0.978	SIRT1	NCOR1	0.632370162482087	9.40549866326587e-58	5.08417508902562e-57
9606.ENSP00000215071	9606.ENSP00000364016	PSMD8	PSMB8	9606	0.776	0	0	0	0	0.765	0	0.089	PSMD8	PSMB8	0.325757668934595	5.99848013082388e-14	1.22736830557571e-13
9606.ENSP00000215071	9606.ENSP00000388107	PSMD8	UBA52	9606	0.835	0	0	0	0	0.835	0	0	PSMD8	UBA52	0.602310883262239	3.53736347047315e-51	1.67657493091907e-50
9606.ENSP00000215071	9606.ENSP00000272317	PSMD8	RPS27A	9606	0.862	0	0	0	0	0.862	0	0	PSMD8	RPS27A	0.407639211126082	1.22315621833787e-21	3.12229145756666e-21
9606.ENSP00000215071	9606.ENSP00000440485	PSMD8	PSMD9	9606	0.896	0	0	0	0	0.647	0.72	0	PSMD8	PSMD9	0.587055848441987	4.22910180079199e-48	1.90656844166197e-47
9606.ENSP00000215071	9606.ENSP00000262193	PSMD8	PSMB1	9606	0.928	0	0	0	0	0.923	0	0.089	PSMD8	PSMB1	0.467447862798702	8.88738325991614e-29	2.73211718435134e-28
9606.ENSP00000215071	9606.ENSP00000259457	PSMD8	PSMB7	9606	0.943	0	0	0	0	0.935	0	0.161	PSMD8	PSMB7	0.537672959842568	3.54299212578267e-39	1.3417662573294e-38
9606.ENSP00000215071	9606.ENSP00000359910	PSMD8	PSMA7	9606	0.945	0	0	0	0	0.937	0	0.161	PSMD8	PSMA7	0.674821426242003	2.22572766674172e-68	1.47852949058834e-67
9606.ENSP00000215071	9606.ENSP00000271308	PSMD8	PSMA5	9606	0.948	0	0	0	0	0.945	0	0.089	PSMD8	PSMA5	0.632902482794863	7.08536982132495e-58	3.83819206801053e-57
9606.ENSP00000215071	9606.ENSP00000355325	PSMD8	PSMB5	9606	0.95	0	0	0	0	0.948	0	0.089	PSMD8	PSMB5	0.71676888185713	8.67421115498726e-81	7.37889134850969e-80
9606.ENSP00000215071	9606.ENSP00000290541	PSMD8	PSMB4	9606	0.951	0	0	0	0	0.936	0	0.272	PSMD8	PSMB4	0.487413089135	1.71159837122886e-31	5.58275679401785e-31
9606.ENSP00000215071	9606.ENSP00000223321	PSMD8	PSMA2	9606	0.959	0	0	0	0	0.959	0	0	PSMD8	PSMA2	0.551443777918164	1.62014477814762e-41	6.42554100415673e-41
9606.ENSP00000215071	9606.ENSP00000261479	PSMD8	PSMA6	9606	0.961	0	0	0	0	0.959	0	0.089	PSMD8	PSMA6	0.541722805820955	7.45510849741917e-40	2.85526157648139e-39
9606.ENSP00000215071	9606.ENSP00000483688	PSMD8	PSMB3	9606	0.964	0	0	0	0	0.961	0	0.093	PSMD8	PSMB3	0.475993965856213	6.43131413731838e-30	2.02677188001064e-29
9606.ENSP00000215071	9606.ENSP00000270586	PSMD8	PSMB6	9606	0.965	0	0	0	0	0.951	0	0.314	PSMD8	PSMB6	0.586700191758306	4.96661283094542e-48	2.23607653031528e-47
9606.ENSP00000215071	9606.ENSP00000216455	PSMD8	PSMA3	9606	0.966	0	0	0	0	0.964	0	0.089	PSMD8	PSMA3	0.339622223091874	4.24073588808115e-15	8.97544372061684e-15
9606.ENSP00000215071	9606.ENSP00000362334	PSMD8	PSMB2	9606	0.968	0	0	0	0	0.967	0	0.089	PSMD8	PSMB2	0.558154480044278	1.06996402503165e-42	4.36626139101908e-42
9606.ENSP00000215071	9606.ENSP00000414359	PSMD8	PSMA1	9606	0.984	0	0	0	0	0.977	0	0.328	PSMD8	PSMA1	0.471760188441204	2.38403254064041e-29	7.40508211476594e-29
9606.ENSP00000215071	9606.ENSP00000310572	PSMD8	PSMC5	9606	0.991	0	0	0	0	0.967	0.72	0.107	PSMD8	PSMC5	0.371849638379987	5.25963642807166e-18	1.21887338950454e-17
9606.ENSP00000215071	9606.ENSP00000478877	PSMD8	ADRM1	9606	0.992	0	0	0	0	0.903	0.54	0.85	PSMD8	ADRM1	0.435607132141786	8.42275327547449e-25	2.34319104406996e-24
9606.ENSP00000215071	9606.ENSP00000391211	PSMD8	PSMC2	9606	0.995	0	0	0	0	0.967	0.72	0.502	PSMD8	PSMC2	0.351582891208375	3.86677036082633e-16	8.42987477031831e-16
9606.ENSP00000215071	9606.ENSP00000481029	PSMD8	PSMC3	9606	0.997	0	0	0	0	0.984	0.72	0.366	PSMD8	PSMC3	0.493762916664337	2.14612300191312e-32	7.10269512233026e-32
9606.ENSP00000215071	9606.ENSP00000310129	PSMD8	PSMD2	9606	0.997	0	0	0	0	0.981	0.72	0.553	PSMD8	PSMD2	0.514508873247573	1.77889332536287e-35	6.28241290184653e-35
9606.ENSP00000215071	9606.ENSP00000357876	PSMD8	PSMD4	9606	0.998	0	0	0	0	0.983	0.72	0.786	PSMD8	PSMD4	0.482791043079463	7.55114343468657e-31	2.43096557420322e-30
9606.ENSP00000215071	9606.ENSP00000309474	PSMD8	PSMD1	9606	0.998	0	0	0	0	0.988	0.72	0.628	PSMD8	PSMD1	0.31965606498538	1.84546552122692e-13	3.70955735189033e-13
9606.ENSP00000215071	9606.ENSP00000484998	PSMD8	PSMC6	9606	0.998	0	0	0	0	0.984	0.72	0.587	PSMD8	PSMC6	0.311614981373914	7.80843311782756e-13	1.53315784221486e-12
9606.ENSP00000215071	9606.ENSP00000264639	PSMD8	PSMD3	9606	0.999	0	0	0	0	0.99	0.72	0.987	PSMD8	PSMD3	0.465533447754713	1.5844393585136e-28	4.84879498777423e-28
9606.ENSP00000215071	9606.ENSP00000396937	PSMD8	PSMD13	9606	0.999	0	0	0	0	0.989	0.72	0.986	PSMD8	PSMD13	0.391511946225678	6.02455380901683e-20	1.46531113597184e-19
9606.ENSP00000215071	9606.ENSP00000418695	PSMD8	PSMD6	9606	0.999	0	0	0	0	0.979	0.72	0.986	PSMD8	PSMD6	0.338270131360962	5.5236359639594e-15	1.16397449140945e-14
9606.ENSP00000215071	9606.ENSP00000386541	PSMD8	PSMD14	9606	0.999	0	0	0	0	0.99	0.72	0.986	PSMD8	PSMD14	0.407087975878333	1.40239292162854e-21	3.57263729746202e-21
9606.ENSP00000215071	9606.ENSP00000219313	PSMD8	PSMD7	9606	0.999	0	0	0	0	0.99	0.72	0.974	PSMD8	PSMD7	0.400865521334742	6.45105643197458e-21	1.61228789811924e-20
9606.ENSP00000215565	9606.ENSP00000261584	NDUFB7	PALB2	9606	0.722	0	0	0	0	0.5	0.467	0	NDUFB7	PALB2	-0.435012849110998	9.90284712756263e-25	2.74892643549204e-24
9606.ENSP00000215565	9606.ENSP00000425759	NDUFB7	COX7C	9606	0.807	0	0	0	0	0.807	0	0	NDUFB7	COX7C	0.797013676522932	3.13725086429172e-112	5.48451928203288e-111
9606.ENSP00000215565	9606.ENSP00000467262	NDUFB7	UQCR11	9606	0.807	0	0	0	0	0.807	0	0	NDUFB7	UQCR11	0.898963219303297	1.86423943567917e-182	3.71276077415556e-180
9606.ENSP00000215565	9606.ENSP00000317780	NDUFB7	COX5A	9606	0.807	0	0	0	0	0.807	0	0	NDUFB7	COX5A	0.654963726186283	3.40309487765093e-63	2.05134923871219e-62
9606.ENSP00000215565	9606.ENSP00000292907	NDUFB7	COX7A1	9606	0.807	0	0	0	0	0.807	0	0	NDUFB7	COX7A1	0.453348595729138	5.77338995735765e-27	1.7031751901505e-26
9606.ENSP00000215565	9606.ENSP00000497474	NDUFB7	COX7B	9606	0.814	0	0	0	0	0.814	0	0	NDUFB7	COX7B	0.779645293721919	2.58594324493319e-104	3.68896426106551e-103
9606.ENSP00000215565	9606.ENSP00000478766	NDUFB7	NDUFC2-KCTD14	9606	0.82	0	0	0	0	0.325	0.744	0	NDUFB7	NDUFC2-KCTD14	0.69279983899011	1.95077948651788e-73	1.43997581719202e-72
9606.ENSP00000215565	9606.ENSP00000258424	NDUFB7	COX5B	9606	0.828	0	0	0	0	0.828	0	0	NDUFB7	COX5B	0.820575069929353	2.69393441511978e-124	6.29018203548773e-123
9606.ENSP00000215565	9606.ENSP00000466818	NDUFB7	COX6B1	9606	0.832	0	0	0	0	0.832	0	0	NDUFB7	COX6B1	0.871888959082243	4.43270453102327e-158	3.04209323794618e-156
9606.ENSP00000215565	9606.ENSP00000457513	NDUFB7	COX4I1	9606	0.884	0	0	0	0	0.883	0	0	NDUFB7	COX4I1	0.891148462672354	9.14440742568391e-175	1.25513170571178e-172
9606.ENSP00000215565	9606.ENSP00000430494	NDUFB7	UQCRB	9606	0.89	0	0	0	0	0.89	0	0	NDUFB7	UQCRB	0.729297277553842	6.07289395691962e-85	5.63309442195731e-84
9606.ENSP00000215565	9606.ENSP00000332887	NDUFB7	UQCR10	9606	0.898	0	0	0	0	0.898	0	0	NDUFB7	UQCR10	0.7610477196788	1.33538075390966e-96	1.57313242432443e-95
9606.ENSP00000215565	9606.ENSP00000317159	NDUFB7	CYC1	9606	0.913	0	0	0	0	0.913	0	0	NDUFB7	CYC1	0.717021950642269	7.18688371689908e-81	6.13421663130621e-80
9606.ENSP00000215565	9606.ENSP00000367939	NDUFB7	UQCRQ	9606	0.936	0	0	0	0	0.923	0	0.205	NDUFB7	UQCRQ	0.880953405899596	1.42769392765895e-165	1.3810559260221e-163
9606.ENSP00000215565	9606.ENSP00000309565	NDUFB7	UQCRH	9606	0.946	0	0	0	0	0.877	0	0.582	NDUFB7	UQCRH	0.718560396412312	2.28035519743454e-81	1.97455820463279e-80
9606.ENSP00000215565	9606.ENSP00000441126	NDUFB7	NDUFC1	9606	0.993	0	0	0	0	0.803	0.967	0	NDUFB7	NDUFC1	0.839312502678839	3.10466892868644e-135	9.94767265257672e-134
9606.ENSP00000215565	9606.ENSP00000389160	NDUFB7	NDUFA11	9606	0.993	0	0	0	0	0.844	0.944	0.31	NDUFB7	NDUFA11	0.875549045587788	4.9232570097941e-161	3.93744263373848e-159
9606.ENSP00000215565	9606.ENSP00000483888	NDUFB7	NDUFB1	9606	0.994	0	0	0	0	0.943	0.9	0	NDUFB7	NDUFB1	0.847695825483169	1.35502915285283e-140	5.09741892797267e-139
9606.ENSP00000215565	9606.ENSP00000418438	NDUFB7	NDUFA3	9606	0.995	0	0	0	0	0.867	0.967	0	NDUFB7	NDUFA3	0.879752913179517	1.51853309692595e-164	1.40215824231608e-162
9606.ENSP00000215565	9606.ENSP00000281031	NDUFB7	NDUFC2	9606	0.995	0	0	0	0	0.928	0.944	0	NDUFB7	NDUFC2	0.721282469861893	2.93547010374428e-82	2.58367156358151e-81
9606.ENSP00000215565	9606.ENSP00000362058	NDUFB7	NDUFS5	9606	0.996	0	0	0	0	0.951	0.9	0.365	NDUFB7	NDUFS5	0.695062083848136	4.23990623956353e-74	3.15492510441369e-73
9606.ENSP00000215565	9606.ENSP00000360492	NDUFB7	NDUFA1	9606	0.997	0	0	0	0	0.931	0.967	0.078	NDUFB7	NDUFA1	0.847202080456493	2.86105344162547e-140	1.06837205171286e-138
9606.ENSP00000215565	9606.ENSP00000346196	NDUFB7	NDUFV3	9606	0.997	0	0	0	0	0.929	0.967	0	NDUFB7	NDUFV3	0.662662570604886	3.70699479581466e-65	2.29305396717963e-64
9606.ENSP00000215565	9606.ENSP00000356972	NDUFB7	NDUFS2	9606	0.998	0	0	0	0	0.947	0.967	0	NDUFB7	NDUFS2	0.398122576232779	1.25134424623171e-20	3.10527816002332e-20
9606.ENSP00000215565	9606.ENSP00000423673	NDUFB7	NDUFA13	9606	0.998	0	0	0	0	0.947	0.967	0	NDUFB7	NDUFA13	0.903929927154206	1.11619964433956e-187	2.51938661945709e-185
9606.ENSP00000215565	9606.ENSP00000417142	NDUFB7	NDUFA5	9606	0.998	0	0	0	0	0.947	0.967	0	NDUFB7	NDUFA5	0.521690212499511	1.35890544479275e-36	4.88926765949698e-36
9606.ENSP00000215565	9606.ENSP00000419087	NDUFB7	NDUFB2	9606	0.998	0	0	0	0	0.908	0.967	0.617	NDUFB7	NDUFB2	0.733983243044801	1.47544953686658e-86	1.42997528110247e-85
9606.ENSP00000215565	9606.ENSP00000301457	NDUFB7	NDUFA7	9606	0.998	0	0	0	0	0.929	0.967	0.232	NDUFB7	NDUFA7	0.888238730705369	4.73979829983027e-172	5.94347300387359e-170
9606.ENSP00000215565	9606.ENSP00000263774	NDUFB7	NDUFS3	9606	0.998	0	0	0	0	0.951	0.967	0	NDUFB7	NDUFS3	0.857466647285846	2.89102229416458e-147	1.39166414416254e-145
9606.ENSP00000215565	9606.ENSP00000482543	NDUFB7	NDUFA6	9606	0.998	0	0	0	0	0.951	0.967	0	NDUFB7	NDUFA6	0.629941596644136	3.40082554628919e-57	1.82473243917905e-56
9606.ENSP00000215565	9606.ENSP00000330737	NDUFB7	NDUFA12	9606	0.998	0	0	0	0	0.951	0.967	0	NDUFB7	NDUFA12	0.842648426333316	2.49348352929876e-137	8.41405721165698e-136
9606.ENSP00000215565	9606.ENSP00000276062	NDUFB7	NDUFB11	9606	0.998	0	0	0	0	0.949	0.967	0.162	NDUFB7	NDUFB11	0.843469595406745	7.47388529232579e-138	2.56460313899166e-136
9606.ENSP00000215565	9606.ENSP00000252711	NDUFB7	NDUFA10	9606	0.998	0	0	0	0	0.947	0.967	0	NDUFB7	NDUFA10	0.471787116599859	2.36438457867505e-29	7.34629983652569e-29
9606.ENSP00000215565	9606.ENSP00000266544	NDUFB7	NDUFA9	9606	0.998	0	0	0	0	0.969	0.944	0	NDUFB7	NDUFA9	0.589675054461968	1.28662863207125e-48	5.85759167007962e-48
9606.ENSP00000215565	9606.ENSP00000458770	NDUFB7	NDUFAB1	9606	0.998	0	0	0	0	0.9	0.967	0.529	NDUFB7	NDUFAB1	0.626844299336766	1.72319167800823e-56	9.13012930283231e-56
9606.ENSP00000215565	9606.ENSP00000327268	NDUFB7	NDUFV2	9606	0.999	0	0	0	0	0.977	0.967	0.141	NDUFB7	NDUFV2	0.791255057182737	1.60184239219347e-109	2.62841893013071e-108
9606.ENSP00000215565	9606.ENSP00000296684	NDUFB7	NDUFS4	9606	0.999	0	0	0	0	0.974	0.967	0	NDUFB7	NDUFS4	0.520856744059499	1.83735970881827e-36	6.59669938581377e-36
9606.ENSP00000215565	9606.ENSP00000407336	NDUFB7	NDUFB3	9606	0.999	0	0	0	0	0.97	0.967	0.833	NDUFB7	NDUFB3	0.64099080715525	8.93533511073385e-60	5.00309805511156e-59
9606.ENSP00000215565	9606.ENSP00000233627	NDUFB7	NDUFS7	9606	0.999	0	0	0	0	0.975	0.967	0	NDUFB7	NDUFS7	0.850460108122613	1.96431168498072e-142	7.82412305268594e-141
9606.ENSP00000215565	9606.ENSP00000268668	NDUFB7	NDUFB10	9606	0.999	0	0	0	0	0.98	0.967	0.473	NDUFB7	NDUFB10	0.876046144987169	1.92219306034985e-161	1.56189719311787e-159
9606.ENSP00000215565	9606.ENSP00000276689	NDUFB7	NDUFB9	9606	0.999	0	0	0	0	0.978	0.967	0.578	NDUFB7	NDUFB9	0.703990958102021	8.90689680455951e-77	6.98589581806262e-76
9606.ENSP00000215565	9606.ENSP00000315774	NDUFB7	NDUFS8	9606	0.999	0	0	0	0	0.977	0.967	0.224	NDUFB7	NDUFS8	0.811550782407433	1.78755767030249e-119	3.72817726021816e-118
9606.ENSP00000215565	9606.ENSP00000252102	NDUFB7	NDUFA2	9606	0.999	0	0	0	0	0.951	0.967	0.411	NDUFB7	NDUFA2	0.881716339335797	3.13553750040996e-166	3.15323310808554e-164
9606.ENSP00000215565	9606.ENSP00000369176	NDUFB7	NDUFB6	9606	0.999	0	0	0	0	0.974	0.967	0.361	NDUFB7	NDUFB6	0.757758664065164	2.60891652101434e-95	2.97404771088021e-94
9606.ENSP00000215565	9606.ENSP00000299166	NDUFB7	NDUFB8	9606	0.999	0	0	0	0	0.984	0.967	0.69	NDUFB7	NDUFB8	0.882848812831594	3.24108002099095e-167	3.39377832713455e-165
9606.ENSP00000215565	9606.ENSP00000497587	NDUFB7	NDUFV1	9606	0.999	0	0	0	0	0.977	0.967	0.334	NDUFB7	NDUFV1	0.580657475685457	7.39817019521681e-47	3.25436183078463e-46
9606.ENSP00000215565	9606.ENSP00000259037	NDUFB7	NDUFB5	9606	0.999	0	0	0	0	0.95	0.967	0.504	NDUFB7	NDUFB5	0.419511920136113	6.04288393413489e-23	1.59546587260224e-22
9606.ENSP00000215565	9606.ENSP00000274137	NDUFB7	NDUFS6	9606	0.999	0	0	0	0	0.978	0.967	0.544	NDUFB7	NDUFS6	0.836652671478328	1.34432278653533e-133	4.08810974336507e-132
9606.ENSP00000215565	9606.ENSP00000362873	NDUFB7	NDUFA8	9606	0.999	0	0	0	0	0.98	0.967	0.437	NDUFB7	NDUFA8	0.822929094151651	1.342117942072e-125	3.27689710039071e-124
9606.ENSP00000215659	9606.ENSP00000345731	MAPK12	DLG1	9606	0.968	0	0	0	0	0.547	0.9	0.37	MAPK12	DLG1	-0.47529998341449	7.9820563977003e-30	2.50924626528759e-29
9606.ENSP00000215781	9606.ENSP00000398368	OSM	LIFR	9606	0.993	0	0	0	0	0.457	0.5	0.979	OSM	LIFR	-0.304432151289663	2.73081677078747e-12	5.2492251969887e-12
9606.ENSP00000215781	9606.ENSP00000274276	OSM	OSMR	9606	0.993	0	0	0	0	0.292	0.5	0.982	OSM	OSMR	0.492480987229158	3.2751237785766e-32	1.0818026737887e-31
9606.ENSP00000215832	9606.ENSP00000264110	MAPK1	ATF2	9606	0.725	0	0	0	0	0.539	0	0.428	MAPK1	ATF2	0.368881298067695	1.00618979637208e-17	2.31166472783335e-17
9606.ENSP00000215832	9606.ENSP00000419060	MAPK1	BRAF	9606	0.77	0	0	0	0	0.457	0.5	0.222	MAPK1	BRAF	0.441897605909659	1.4883079391526e-25	4.21901862628327e-25
9606.ENSP00000215832	9606.ENSP00000229795	MAPK1	MAPK14	9606	0.804	0	0	0	0	0.457	0	0.655	MAPK1	MAPK14	0.314140264958173	4.98724389460521e-13	9.86281858206874e-13
9606.ENSP00000215832	9606.ENSP00000256078	MAPK1	KRAS	9606	0.837	0	0	0	0	0.457	0.5	0.448	MAPK1	KRAS	0.420818168773399	4.30849060009733e-23	1.14408729477617e-22
9606.ENSP00000215832	9606.ENSP00000279488	MAPK1	DUSP6	9606	0.924	0	0	0	0	0.577	0	0.829	MAPK1	DUSP6	0.41455667305861	2.15162753713306e-22	5.59930332940314e-22
9606.ENSP00000215832	9606.ENSP00000302486	MAPK1	MAP2K1	9606	0.98	0	0	0	0	0.537	0.5	0.921	MAPK1	MAP2K1	0.38388913425504	3.53244529519798e-19	8.43419061197129e-19
9606.ENSP00000215832	9606.ENSP00000264657	MAPK1	STAT3	9606	0.984	0	0	0	0	0.926	0	0.799	MAPK1	STAT3	0.618546233505338	1.21841691099352e-54	6.16001023641671e-54
9606.ENSP00000215832	9606.ENSP00000262948	MAPK1	MAP2K2	9606	0.999	0	0	0	0	0.965	0.9	0.806	MAPK1	MAP2K2	-0.363334097384894	3.32196362897681e-17	7.50638144149443e-17
9606.ENSP00000216122	9606.ENSP00000216225	MCM5	RBX1	9606	0.8	0	0	0	0	0.8	0	0	MCM5	RBX1	0.352458848369309	3.23155775204971e-16	7.06477229607596e-16
9606.ENSP00000216122	9606.ENSP00000219097	MCM5	ORC6	9606	0.859	0	0	0	0	0.616	0.65	0	MCM5	ORC6	0.446518440663942	4.07039497743678e-26	1.16887197585031e-25
9606.ENSP00000216122	9606.ENSP00000301019	MCM5	CDT1	9606	0.919	0	0	0	0	0.58	0.5	0.649	MCM5	CDT1	0.585149073913602	9.98905593699758e-48	4.46758437481657e-47
9606.ENSP00000216122	9606.ENSP00000393139	MCM5	CDC7	9606	0.921	0	0	0	0	0.758	0.5	0.401	MCM5	CDC7	0.328043394401552	3.91157233824532e-14	8.03597092224065e-14
9606.ENSP00000216122	9606.ENSP00000234296	MCM5	ORC2	9606	0.941	0	0	0	0	0.839	0.65	0	MCM5	ORC2	-0.446296865711416	4.33344290716539e-26	1.24335535616042e-25
9606.ENSP00000216122	9606.ENSP00000216367	MCM5	POLE2	9606	0.942	0	0	0	0	0.942	0	0	MCM5	POLE2	0.477411001969762	4.13115865247543e-30	1.30717066770071e-29
9606.ENSP00000216122	9606.ENSP00000360623	MCM5	ORC1	9606	0.95	0	0	0	0	0.824	0.65	0.256	MCM5	ORC1	0.555226205850399	3.52898427096966e-42	1.42294137515835e-41
9606.ENSP00000216122	9606.ENSP00000322570	MCM5	POLE	9606	0.958	0	0	0	0	0.912	0	0.539	MCM5	POLE	0.467383011593085	9.06371002649193e-29	2.78547965927621e-28
9606.ENSP00000216122	9606.ENSP00000405726	MCM5	CDC45	9606	0.998	0	0	0	0	0.979	0.54	0.852	MCM5	CDC45	0.639758820602557	1.75422115761612e-59	9.75773510290633e-59
9606.ENSP00000216122	9606.ENSP00000307288	MCM5	MCM7	9606	0.999	0	0	0	0	0.984	0.9	0.985	MCM5	MCM7	0.570021598433135	7.50542782373629e-45	3.16712216060197e-44
9606.ENSP00000216122	9606.ENSP00000480987	MCM5	MCM3	9606	0.999	0	0	0	0	0.99	0.9	0.987	MCM5	MCM3	0.56383212855447	1.0225412755203e-43	4.23397950895216e-43
9606.ENSP00000216122	9606.ENSP00000262105	MCM5	MCM4	9606	0.999	0	0	0	0	0.98	0.9	0.987	MCM5	MCM4	0.58267801935473	3.01722526533281e-47	1.33708363961542e-46
9606.ENSP00000216122	9606.ENSP00000265056	MCM5	MCM2	9606	0.999	0	0	0	0	0.991	0.9	0.344	MCM5	MCM2	0.63451733372095	2.99015106924756e-58	1.63460518893151e-57
9606.ENSP00000216122	9606.ENSP00000264156	MCM5	MCM6	9606	0.999	0	0	0	0	0.98	0.9	0.987	MCM5	MCM6	0.623223347179438	1.1225667211475e-55	5.82324320055934e-55
9606.ENSP00000216160	9606.ENSP00000247668	TAB1	TRAF2	9606	0.795	0	0	0	0	0.421	0.5	0.349	TAB1	TRAF2	0.341338543792267	3.0263959049921e-15	6.43481331526162e-15
9606.ENSP00000216223	9606.ENSP00000264657	IL2RB	STAT3	9606	0.76	0	0	0	0	0.292	0.5	0.377	IL2RB	STAT3	0.448657412325083	2.2185358920856e-26	6.43084162554607e-26
9606.ENSP00000216223	9606.ENSP00000401303	IL2RB	SHC1	9606	0.77	0	0	0	0	0.457	0.4	0.351	IL2RB	SHC1	0.305067152678001	2.44805541202201e-12	4.71461866134007e-12
9606.ENSP00000216223	9606.ENSP00000341208	IL2RB	STAT5A	9606	0.778	0	0	0	0	0.457	0.5	0.248	IL2RB	STAT5A	0.439841934504009	2.63281369516329e-25	7.4199469205809e-25
9606.ENSP00000216223	9606.ENSP00000371067	IL2RB	JAK2	9606	0.904	0	0	0	0	0.292	0.8	0.381	IL2RB	JAK2	0.507401423372151	2.13670226252475e-34	7.36426361739527e-34
9606.ENSP00000216223	9606.ENSP00000432511	IL2RB	JAK3	9606	0.949	0	0	0	0	0.292	0.9	0.346	IL2RB	JAK3	0.694100031121124	8.1282393709269e-74	6.03057175241085e-73
9606.ENSP00000216223	9606.ENSP00000499900	IL2RB	JAK1	9606	0.99	0	0	0	0	0.457	0.9	0.83	IL2RB	JAK1	0.302987441601303	3.49837862681036e-12	6.70687650292806e-12
9606.ENSP00000216223	9606.ENSP00000380421	IL2RB	IL15RA	9606	0.996	0	0	0	0	0.893	0.5	0.947	IL2RB	IL15RA	0.555848721518115	2.74093866086814e-42	1.10915195133218e-41
9606.ENSP00000216223	9606.ENSP00000363318	IL2RB	IL2RG	9606	0.999	0	0	0	0	0.95	0.9	0.982	IL2RB	IL2RG	0.821191901798875	1.23287553706365e-124	2.92577496026998e-123
9606.ENSP00000216223	9606.ENSP00000369293	IL2RB	IL2RA	9606	0.999	0	0	0	0	0.851	0.9	0.963	IL2RB	IL2RA	0.714452967035834	4.8046010216626e-80	4.02311068236002e-79
9606.ENSP00000216223	9606.ENSP00000296545	IL2RB	IL15	9606	0.999	0	0	0	0	0.957	0.5	0.959	IL2RB	IL15	0.306472168956026	1.92032615462434e-12	3.71802378050313e-12
9606.ENSP00000216225	9606.ENSP00000481380	RBX1	CCNA2	9606	0.851	0	0	0	0	0.851	0	0	RBX1	CCNA2	0.383628797662375	3.74935335561039e-19	8.94577919495764e-19
9606.ENSP00000216225	9606.ENSP00000296782	RBX1	RICTOR	9606	0.878	0	0	0	0	0.292	0	0.836	RBX1	RICTOR	-0.39480621975241	2.7651103762039e-20	6.78223281601136e-20
9606.ENSP00000216225	9606.ENSP00000388107	RBX1	UBA52	9606	0.947	0	0	0	0	0.9	0.5	0	RBX1	UBA52	0.663061554602665	2.92218933750423e-65	1.81311405626332e-64
9606.ENSP00000216225	9606.ENSP00000272317	RBX1	RPS27A	9606	0.951	0	0	0	0	0.9	0.5	0.112	RBX1	RPS27A	0.548771926882129	4.69942998427413e-41	1.84650330175135e-40
9606.ENSP00000216225	9606.ENSP00000478771	RBX1	UBB	9606	0.951	0	0	0	0	0.9	0.5	0.112	RBX1	UBB	0.343417788983867	2.00543627700857e-15	4.28104587338715e-15
9606.ENSP00000216225	9606.ENSP00000431926	RBX1	AMBRA1	9606	0.954	0	0	0	0	0.292	0.9	0.41	RBX1	AMBRA1	-0.408036424760488	1.10820279245009e-21	2.83312755170289e-21
9606.ENSP00000216225	9606.ENSP00000265094	RBX1	FBXW11	9606	0.965	0	0	0	0	0.539	0.9	0.307	RBX1	FBXW11	-0.536204769545277	6.20174285095837e-39	2.33646521280357e-38
9606.ENSP00000216225	9606.ENSP00000228872	RBX1	CDKN1B	9606	0.984	0	0	0	0	0.852	0.9	0	RBX1	CDKN1B	-0.311540160227203	7.91233135655416e-13	1.55295747997141e-12
9606.ENSP00000216225	9606.ENSP00000262306	RBX1	ELOB	9606	0.999	0	0	0	0	0.906	0.9	0.986	RBX1	ELOB	0.707522367143547	7.29121576521516e-78	5.82208164522723e-77
9606.ENSP00000216225	9606.ENSP00000359206	RBX1	BTRC	9606	0.999	0	0	0	0	0.886	0.9	0.984	RBX1	BTRC	-0.495670622962917	1.14032426404425e-32	3.79746673767129e-32
9606.ENSP00000216225	9606.ENSP00000478121	RBX1	ELOC	9606	0.999	0	0	0	0	0.906	0.9	0.987	RBX1	ELOC	0.715030571380119	3.14005293524996e-80	2.64237925959684e-79
9606.ENSP00000216225	9606.ENSP00000256474	RBX1	VHL	9606	0.999	0	0	0	0	0.903	0.8	0.982	RBX1	VHL	-0.647239723972397	2.78077026536341e-61	1.61395906201692e-60
9606.ENSP00000216274	9606.ENSP00000308351	RIPK3	MLKL	9606	0.999	0	0	0	0	0.972	0	0.982	RIPK3	MLKL	0.321329896964852	1.35930069582e-13	2.74645258950542e-13
9606.ENSP00000216286	9606.ENSP00000222399	NID2	LAMB1	9606	0.737	0	0	0	0	0.22	0.5	0.381	NID2	LAMB1	0.506568327640217	2.84861088634481e-34	9.79131667431616e-34
9606.ENSP00000216286	9606.ENSP00000258341	NID2	LAMC1	9606	0.821	0	0	0	0	0.515	0.5	0.324	NID2	LAMC1	0.395609871546161	2.28363214300245e-20	5.61618684660432e-20
9606.ENSP00000216286	9606.ENSP00000363827	NID2	HSPG2	9606	0.989	0	0	0	0	0.523	0.5	0.961	NID2	HSPG2	0.374148408629683	3.16790122285255e-18	7.39007182372838e-18
9606.ENSP00000216341	9606.ENSP00000398568	GZMB	PRF1	9606	0.986	0	0	0	0	0.292	0	0.982	GZMB	PRF1	0.843001101352371	1.48746263857134e-137	5.05289565885255e-136
9606.ENSP00000216367	9606.ENSP00000307288	POLE2	MCM7	9606	0.862	0	0	0	0	0.862	0	0	POLE2	MCM7	0.431251292831146	2.7387769078628e-24	7.53052437822481e-24
9606.ENSP00000216367	9606.ENSP00000265056	POLE2	MCM2	9606	0.867	0	0	0	0	0.867	0	0	POLE2	MCM2	0.511735645614251	4.72517604758852e-35	1.6532419261232e-34
9606.ENSP00000216367	9606.ENSP00000264156	POLE2	MCM6	9606	0.871	0	0	0	0	0.871	0	0	POLE2	MCM6	0.674655105262079	2.46934934199386e-68	1.63822215980612e-67
9606.ENSP00000216367	9606.ENSP00000262105	POLE2	MCM4	9606	0.9	0	0	0	0	0.9	0	0	POLE2	MCM4	0.686080005516079	1.67277894363269e-71	1.18897240941058e-70
9606.ENSP00000216367	9606.ENSP00000484105	POLE2	PRIM2	9606	0.902	0	0	0	0	0.062	0.9	0	POLE2	PRIM2	0.405945718795482	1.86028894546829e-21	4.72137801577247e-21
9606.ENSP00000216367	9606.ENSP00000405726	POLE2	CDC45	9606	0.903	0	0	0	0	0.902	0	0.052	POLE2	CDC45	0.781880237713212	2.72268226430686e-105	4.01951798816349e-104
9606.ENSP00000216367	9606.ENSP00000472445	POLE2	POLD1	9606	0.966	0	0	0	0	0.34	0.9	0.533	POLE2	POLD1	0.417845635495226	9.28382864665564e-23	2.43973732377959e-22
9606.ENSP00000216367	9606.ENSP00000480987	POLE2	MCM3	9606	0.982	0	0	0	0	0.94	0.72	0	POLE2	MCM3	0.62752942996163	1.20538805538273e-56	6.41001386310072e-56
9606.ENSP00000216367	9606.ENSP00000322570	POLE2	POLE	9606	0.999	0	0	0	0	0.99	0.9	0.849	POLE2	POLE	0.581241322890053	5.7128226693905e-47	2.51845225056421e-46
9606.ENSP00000216442	9606.ENSP00000358777	ATP6V1D	ATP6AP1	9606	0.974	0	0	0	0	0.947	0.54	0	ATP6V1D	ATP6AP1	0.555919256521925	2.66347915447963e-42	1.07995839409379e-41
9606.ENSP00000216442	9606.ENSP00000429690	ATP6V1D	ATP6V0E1	9606	0.981	0	0	0	0	0.947	0.5	0.34	ATP6V1D	ATP6V0E1	0.595116033342465	1.04877743713746e-49	4.85747032786375e-49
9606.ENSP00000216442	9606.ENSP00000430282	ATP6V1D	ATP6V1C1	9606	0.989	0	0	0	0	0.956	0.72	0.217	ATP6V1D	ATP6V1C1	0.40489589331604	2.40959699901848e-21	6.09874824795184e-21
9606.ENSP00000216442	9606.ENSP00000363162	ATP6V1D	ATP6V1G1	9606	0.995	0	0	0	0	0.955	0.9	0	ATP6V1D	ATP6V1G1	0.41242813722366	3.68868216132168e-22	9.53331926527844e-22
9606.ENSP00000216442	9606.ENSP00000434729	ATP6V1D	ATP6V0B	9606	0.995	0	0	0	0	0.947	0.909	0.047	ATP6V1D	ATP6V0B	0.472145475417107	2.11766917581737e-29	6.58981795918414e-29
9606.ENSP00000216442	9606.ENSP00000290949	ATP6V1D	ATP6V0D1	9606	0.998	0	0	0	0	0.959	0.956	0.103	ATP6V1D	ATP6V0D1	0.406870687068707	1.47995716909081e-21	3.76834418813121e-21
9606.ENSP00000216442	9606.ENSP00000253413	ATP6V1D	ATP6V1E1	9606	0.998	0	0	0	0	0.963	0.956	0.042	ATP6V1D	ATP6V1E1	0.565537733897613	5.00602091004572e-44	2.08899566077791e-43
9606.ENSP00000216442	9606.ENSP00000352522	ATP6V1D	ATP6V1H	9606	0.998	0	0	0	0	0.978	0.935	0	ATP6V1D	ATP6V1H	0.680318218157219	6.91441767315352e-70	4.75167390434508e-69
9606.ENSP00000216442	9606.ENSP00000273398	ATP6V1D	ATP6V1A	9606	0.999	0	0	0	0	0.981	0.967	0.569	ATP6V1D	ATP6V1A	0.40430841220768	2.78387257593146e-21	7.03552967248963e-21
9606.ENSP00000216442	9606.ENSP00000417378	ATP6V1D	ATP6V1F	9606	0.999	0	0	0	0	0.981	0.978	0.798	ATP6V1D	ATP6V1F	0.376238369178533	1.99093594643031e-18	4.67343110882659e-18
9606.ENSP00000216455	9606.ENSP00000478877	PSMA3	ADRM1	9606	0.827	0	0	0	0	0.652	0.5	0.088	PSMA3	ADRM1	0.645357734531217	7.97492651920544e-61	4.58411593976059e-60
9606.ENSP00000216455	9606.ENSP00000388107	PSMA3	UBA52	9606	0.835	0	0	0	0	0.835	0	0	PSMA3	UBA52	0.493983839377727	1.99498592151624e-32	6.61111647792511e-32
9606.ENSP00000216455	9606.ENSP00000478771	PSMA3	UBB	9606	0.848	0	0	0	0	0.848	0	0	PSMA3	UBB	0.364763991927143	2.44708495603359e-17	5.55047831586271e-17
9606.ENSP00000216455	9606.ENSP00000370222	PSMA3	POMP	9606	0.89	0	0	0	0	0.89	0	0	PSMA3	POMP	0.788125147918518	4.37390048982625e-108	6.86641534392044e-107
9606.ENSP00000216455	9606.ENSP00000338039	PSMA3	PSMF1	9606	0.9	0	0	0	0	0.041	0.9	0	PSMA3	PSMF1	0.359450945094509	7.56037553130175e-17	1.68770844552598e-16
9606.ENSP00000216455	9606.ENSP00000310572	PSMA3	PSMC5	9606	0.962	0	0	0	0	0.96	0	0.098	PSMA3	PSMC5	0.557863488212175	1.20532109349277e-42	4.91269917600564e-42
9606.ENSP00000216455	9606.ENSP00000396937	PSMA3	PSMD13	9606	0.962	0	0	0	0	0.959	0	0.106	PSMA3	PSMD13	0.644105808096338	1.60073859601762e-60	9.12897356527288e-60
9606.ENSP00000216455	9606.ENSP00000418695	PSMA3	PSMD6	9606	0.962	0	0	0	0	0.961	0	0	PSMA3	PSMD6	0.745229336598256	1.41399539564483e-90	1.48214151017178e-89
9606.ENSP00000216455	9606.ENSP00000372155	PSMA3	PSME1	9606	0.963	0	0	0	0	0.963	0	0	PSMA3	PSME1	0.599681800478184	1.23280450558709e-50	5.79167223091953e-50
9606.ENSP00000216455	9606.ENSP00000264639	PSMA3	PSMD3	9606	0.963	0	0	0	0	0.962	0	0.051	PSMA3	PSMD3	0.350817069284568	4.52154530659776e-16	9.83201363286522e-16
9606.ENSP00000216455	9606.ENSP00000391211	PSMA3	PSMC2	9606	0.965	0	0	0	0	0.965	0	0	PSMA3	PSMC2	0.650723705910964	3.87721853975721e-62	2.30028672361647e-61
9606.ENSP00000216455	9606.ENSP00000348442	PSMA3	PSMD12	9606	0.966	0	0	0	0	0.966	0	0.046	PSMA3	PSMD12	0.328057743662565	3.90104268302546e-14	8.01596005087793e-14
9606.ENSP00000216455	9606.ENSP00000216802	PSMA3	PSME2	9606	0.97	0	0	0	0	0.97	0	0	PSMA3	PSME2	0.663045714509339	2.94993908251694e-65	1.82921436270602e-64
9606.ENSP00000216455	9606.ENSP00000219313	PSMA3	PSMD7	9606	0.971	0	0	0	0	0.967	0	0.144	PSMA3	PSMD7	0.4375159565646	4.99678750769601e-25	1.40006539905292e-24
9606.ENSP00000216455	9606.ENSP00000261303	PSMA3	PSMC1	9606	0.974	0	0	0	0	0.961	0	0.362	PSMA3	PSMC1	0.42322940368571	2.29842573938711e-23	6.15316558644039e-23
9606.ENSP00000216455	9606.ENSP00000484998	PSMA3	PSMC6	9606	0.98	0	0	0	0	0.979	0	0	PSMA3	PSMC6	0.65386908256043	6.401743119286e-63	3.8384005231752e-62
9606.ENSP00000216455	9606.ENSP00000357876	PSMA3	PSMD4	9606	0.982	0	0	0	0	0.973	0	0.377	PSMA3	PSMD4	0.548981202468073	4.32484193507376e-41	1.70261316025365e-40
9606.ENSP00000216455	9606.ENSP00000386541	PSMA3	PSMD14	9606	0.982	0	0	0	0	0.981	0	0.081	PSMA3	PSMD14	0.538917618469921	2.19941494596775e-39	8.36057545142008e-39
9606.ENSP00000216455	9606.ENSP00000481029	PSMA3	PSMC3	9606	0.989	0	0	0	0	0.988	0	0.15	PSMA3	PSMC3	0.494574022619653	1.64097533506954e-32	5.45220362391277e-32
9606.ENSP00000216455	9606.ENSP00000364016	PSMA3	PSMB8	9606	0.989	0	0	0	0	0.962	0.72	0.087	PSMA3	PSMB8	0.442017245202781	1.43953778191534e-25	4.08190543018262e-25
9606.ENSP00000216455	9606.ENSP00000351314	PSMA3	PSMB10	9606	0.991	0	0	0	0	0.97	0.72	0	PSMA3	PSMB10	0.553243585228088	7.86416140094089e-42	3.14969587339734e-41
9606.ENSP00000216455	9606.ENSP00000363993	PSMA3	PSMB9	9606	0.996	0	0	0	0	0.98	0.72	0.349	PSMA3	PSMB9	0.393196773093458	4.04971136420387e-20	9.90200248584948e-20
9606.ENSP00000216455	9606.ENSP00000355325	PSMA3	PSMB5	9606	0.997	0	0	0	0	0.97	0.9	0.087	PSMA3	PSMB5	0.461990298408723	4.57556797725421e-28	1.3831560697908e-27
9606.ENSP00000216455	9606.ENSP00000271308	PSMA3	PSMA5	9606	0.997	0	0	0	0	0.951	0.9	0.582	PSMA3	PSMA5	0.71377007265944	7.93337265582449e-80	6.58327337134063e-79
9606.ENSP00000216455	9606.ENSP00000359910	PSMA3	PSMA7	9606	0.997	0	0	0	0	0.97	0.9	0.322	PSMA3	PSMA7	0.586285926729319	5.98781079688684e-48	2.68988033011851e-47
9606.ENSP00000216455	9606.ENSP00000259457	PSMA3	PSMB7	9606	0.997	0	0	0	0	0.963	0.9	0.323	PSMA3	PSMB7	0.621230849793054	3.11546779827967e-55	1.59655935555634e-54
9606.ENSP00000216455	9606.ENSP00000223321	PSMA3	PSMA2	9606	0.998	0	0	0	0	0.981	0.9	0.454	PSMA3	PSMA2	0.618182656774994	1.46408769278221e-54	7.3946985060114e-54
9606.ENSP00000216455	9606.ENSP00000270586	PSMA3	PSMB6	9606	0.998	0	0	0	0	0.98	0.9	0.496	PSMA3	PSMB6	0.685509109917203	2.42808822355262e-71	1.71861268896334e-70
9606.ENSP00000216455	9606.ENSP00000290541	PSMA3	PSMB4	9606	0.999	0	0	0	0	0.989	0.9	0.734	PSMA3	PSMB4	0.742309355159118	1.63671640123989e-89	1.67751044272387e-88
9606.ENSP00000216455	9606.ENSP00000362334	PSMA3	PSMB2	9606	0.999	0	0	0	0	0.981	0.9	0.566	PSMA3	PSMB2	0.64845885209639	1.39968837700281e-61	8.20348231114689e-61
9606.ENSP00000216455	9606.ENSP00000262193	PSMA3	PSMB1	9606	0.999	0	0	0	0	0.981	0.9	0.725	PSMA3	PSMB1	0.76441728023734	6.04366875809677e-98	7.42267757871692e-97
9606.ENSP00000216455	9606.ENSP00000483688	PSMA3	PSMB3	9606	0.999	0	0	0	0	0.98	0.9	0.7	PSMA3	PSMB3	0.717381334406733	5.50020848522155e-81	4.72236835032927e-80
9606.ENSP00000216455	9606.ENSP00000261479	PSMA3	PSMA6	9606	0.999	0	0	0	0	0.972	0.9	0.685	PSMA3	PSMA6	0.675140464356995	1.82329849044227e-68	1.21437657491292e-67
9606.ENSP00000216455	9606.ENSP00000414359	PSMA3	PSMA1	9606	0.999	0	0	0	0	0.972	0.9	0.801	PSMA3	PSMA1	0.740568249371521	6.93884220327678e-89	7.01271843369973e-88
9606.ENSP00000216797	9606.ENSP00000441543	NFKBIA	UBC	9606	0.947	0	0	0	0	0.9	0.5	0	NFKBIA	UBC	0.368715722503927	1.04305913018604e-17	2.39528636339579e-17
9606.ENSP00000216802	9606.ENSP00000418695	PSME2	PSMD6	9606	0.723	0	0	0	0	0.585	0.36	0	PSME2	PSMD6	0.40829759994633	1.0384962239669e-21	2.6569285004614e-21
9606.ENSP00000216802	9606.ENSP00000351314	PSME2	PSMB10	9606	0.812	0	0	0	0	0.352	0	0.723	PSME2	PSMB10	0.851453934213297	4.19788720980147e-143	1.72623240445156e-141
9606.ENSP00000216802	9606.ENSP00000363993	PSME2	PSMB9	9606	0.816	0	0	0	0	0.674	0	0.46	PSME2	PSMB9	0.632702618087896	7.88096692318805e-58	4.26689664386039e-57
9606.ENSP00000216802	9606.ENSP00000270586	PSME2	PSMB6	9606	0.884	0	0	0	0	0.884	0	0	PSME2	PSMB6	0.558947602834818	7.72868245780113e-43	3.16533176305992e-42
9606.ENSP00000216802	9606.ENSP00000364016	PSME2	PSMB8	9606	0.915	0	0	0	0	0.666	0	0.756	PSME2	PSMB8	0.60908215045107	1.34506514046988e-52	6.57767290888426e-52
9606.ENSP00000216802	9606.ENSP00000259457	PSME2	PSMB7	9606	0.929	0	0	0	0	0.925	0	0.096	PSME2	PSMB7	0.499049221692356	3.68463821359597e-33	1.24005534577516e-32
9606.ENSP00000216802	9606.ENSP00000483688	PSME2	PSMB3	9606	0.929	0	0	0	0	0.929	0	0	PSME2	PSMB3	0.706296716628184	1.74532993685319e-77	1.38711394120641e-76
9606.ENSP00000216802	9606.ENSP00000262193	PSME2	PSMB1	9606	0.934	0	0	0	0	0.934	0	0	PSME2	PSMB1	0.655999388758752	1.86715927391463e-63	1.13561297875155e-62
9606.ENSP00000216802	9606.ENSP00000362334	PSME2	PSMB2	9606	0.941	0	0	0	0	0.941	0	0	PSME2	PSMB2	0.541143803821376	9.3281569105148e-40	3.56724735467239e-39
9606.ENSP00000216802	9606.ENSP00000290541	PSME2	PSMB4	9606	0.952	0	0	0	0	0.945	0	0.166	PSME2	PSMB4	0.671433323456569	1.82224860707755e-67	1.18265681163493e-66
9606.ENSP00000216802	9606.ENSP00000261479	PSME2	PSMA6	9606	0.953	0	0	0	0	0.952	0	0	PSME2	PSMA6	0.507527957764721	2.04524413015308e-34	7.05383518844308e-34
9606.ENSP00000216802	9606.ENSP00000359910	PSME2	PSMA7	9606	0.957	0	0	0	0	0.956	0	0	PSME2	PSMA7	0.450802906377594	1.20174219290929e-26	3.511534940558e-26
9606.ENSP00000216802	9606.ENSP00000414359	PSME2	PSMA1	9606	0.968	0	0	0	0	0.968	0	0	PSME2	PSMA1	0.481513213433144	1.13370044523881e-30	3.64052969405329e-30
9606.ENSP00000216802	9606.ENSP00000223321	PSME2	PSMA2	9606	0.971	0	0	0	0	0.971	0	0	PSME2	PSMA2	0.3758381738795	2.17668562351906e-18	5.10709075492795e-18
9606.ENSP00000216802	9606.ENSP00000271308	PSME2	PSMA5	9606	0.973	0	0	0	0	0.972	0	0	PSME2	PSMA5	0.487048021572343	1.92607776627293e-31	6.26823834413142e-31
9606.ENSP00000216802	9606.ENSP00000372155	PSME2	PSME1	9606	0.999	0	0	0	0	0.96	0.9	0.982	PSME2	PSME1	0.83726316731052	5.69514749297245e-134	1.7528973662461e-132
9606.ENSP00000217026	9606.ENSP00000342307	MYBL2	FOXM1	9606	0.99	0	0	0	0	0.184	0.8	0.944	MYBL2	FOXM1	0.613831383138314	1.29484009303327e-53	6.42800138071306e-53
9606.ENSP00000217244	9606.ENSP00000362592	CSNK2A1	RBBP4	9606	0.815	0	0	0	0	0.36	0.72	0.055	CSNK2A1	RBBP4	0.349069906990699	6.45045663629346e-16	1.39636163799729e-15
9606.ENSP00000217244	9606.ENSP00000378402	CSNK2A1	SIN3A	9606	0.872	0	0	0	0	0.564	0.72	0	CSNK2A1	SIN3A	0.519588325292157	2.9031540801048e-36	1.03938441986692e-35
9606.ENSP00000217244	9606.ENSP00000430432	CSNK2A1	HDAC2	9606	0.876	0	0	0	0	0.564	0.72	0.07	CSNK2A1	HDAC2	0.457474940040588	1.73635441342034e-27	5.18100816013818e-27
9606.ENSP00000217244	9606.ENSP00000262506	CSNK2A1	CSNK2A2	9606	0.962	0	0	0	0	0.614	0.9	0.101	CSNK2A1	CSNK2A2	0.308629123781943	1.31945007397479e-12	2.57032113566589e-12
9606.ENSP00000217381	9606.ENSP00000442600	SNTA1	DAG1	9606	0.914	0	0	0	0	0.047	0.72	0.705	SNTA1	DAG1	-0.389072758207498	1.06636975766036e-19	2.58129590766354e-19
9606.ENSP00000217381	9606.ENSP00000354923	SNTA1	DMD	9606	0.962	0	0	0	0	0.662	0.72	0.639	SNTA1	DMD	-0.647393652408719	2.55033823515292e-61	1.48445761916608e-60
9606.ENSP00000218089	9606.ENSP00000282516	STAG2	NIPBL	9606	0.803	0	0	0	0	0.377	0.5	0.418	STAG2	NIPBL	0.79002605229467	5.90895806092225e-109	9.49640617480812e-108
9606.ENSP00000218089	9606.ENSP00000313851	STAG2	PDS5B	9606	0.962	0	0	0	0	0.69	0.5	0.777	STAG2	PDS5B	0.75734803293994	3.7685045806875e-95	4.25296678067144e-94
9606.ENSP00000218089	9606.ENSP00000298767	STAG2	WAPL	9606	0.968	0	0	0	0	0.724	0.5	0.788	STAG2	WAPL	0.760080635392732	3.21601339971342e-96	3.74170081338938e-95
9606.ENSP00000218089	9606.ENSP00000303427	STAG2	PDS5A	9606	0.971	0	0	0	0	0.668	0.5	0.842	STAG2	PDS5A	0.680253926013719	7.20412823940174e-70	4.94407638700024e-69
9606.ENSP00000218089	9606.ENSP00000372689	STAG2	STAG1	9606	0.991	0	0	0	0	0.644	0.9	0.775	STAG2	STAG1	0.761385113666646	9.81762172943938e-97	1.15950678960367e-95
9606.ENSP00000218089	9606.ENSP00000323421	STAG2	SMC1A	9606	0.999	0	0	0	0	0.737	0.9	0.985	STAG2	SMC1A	0.60933503288217	1.18863749898315e-52	5.8267331453532e-52
9606.ENSP00000218089	9606.ENSP00000354720	STAG2	SMC3	9606	0.999	0	0	0	0	0.814	0.9	0.987	STAG2	SMC3	0.828761975576439	6.53285814224498e-129	1.71457984885742e-127
9606.ENSP00000218089	9606.ENSP00000297338	STAG2	RAD21	9606	0.999	0	0	0	0	0.981	0.9	0.987	STAG2	RAD21	0.63750104824147	5.99142444501788e-59	3.30553493145283e-58
9606.ENSP00000218388	9606.ENSP00000410294	TIMP1	FGFR2	9606	0.72	0	0	0	0	0.204	0	0.663	TIMP1	FGFR2	-0.35030655239437	5.01734032546337e-16	1.09031077633144e-15
9606.ENSP00000218388	9606.ENSP00000361405	TIMP1	MMP9	9606	0.999	0	0	0	0	0.431	0.9	0.984	TIMP1	MMP9	0.323978081037917	8.34703192768511e-14	1.69901409397791e-13
9606.ENSP00000218388	9606.ENSP00000308208	TIMP1	MMP14	9606	0.999	0	0	0	0	0.962	0	0.978	TIMP1	MMP14	0.407225411982192	1.35541803374241e-21	3.45470036856252e-21
9606.ENSP00000219070	9606.ENSP00000355751	MMP2	THBS2	9606	0.703	0	0	0	0	0.292	0	0.599	MMP2	THBS2	0.672386803897781	1.01125766948045e-67	6.6181341165676e-67
9606.ENSP00000219070	9606.ENSP00000262768	MMP2	TIMP2	9606	0.999	0	0	0	0	0.961	0.5	0.982	MMP2	TIMP2	0.659582138338057	2.29800560592565e-64	1.41373972982355e-63
9606.ENSP00000219097	9606.ENSP00000393139	ORC6	CDC7	9606	0.834	0	0	0	0	0.683	0.5	0	ORC6	CDC7	0.639169662307846	2.41944794674712e-59	1.34432892752246e-58
9606.ENSP00000219097	9606.ENSP00000265728	ORC6	DBF4	9606	0.861	0	0	0	0	0.734	0.5	0	ORC6	DBF4	0.426161404960372	1.06321093708823e-23	2.87361189143297e-23
9606.ENSP00000219097	9606.ENSP00000264156	ORC6	MCM6	9606	0.861	0	0	0	0	0.62	0.65	0	ORC6	MCM6	0.640326548182769	1.28600349165977e-59	7.17294753695129e-59
9606.ENSP00000219097	9606.ENSP00000265056	ORC6	MCM2	9606	0.886	0	0	0	0	0.689	0.65	0	ORC6	MCM2	0.411179937869563	5.05097302139538e-22	1.30143919275274e-21
9606.ENSP00000219097	9606.ENSP00000405726	ORC6	CDC45	9606	0.891	0	0	0	0	0.616	0.5	0.479	ORC6	CDC45	0.80244794665802	7.23494747139234e-115	1.34097374939657e-113
9606.ENSP00000219097	9606.ENSP00000262105	ORC6	MCM4	9606	0.893	0	0	0	0	0.708	0.65	0	ORC6	MCM4	0.65288522641084	1.12713548838981e-62	6.73430303269138e-62
9606.ENSP00000219097	9606.ENSP00000307288	ORC6	MCM7	9606	0.902	0	0	0	0	0.734	0.65	0	ORC6	MCM7	0.38761901034824	1.49528248234741e-19	3.60322281689268e-19
9606.ENSP00000219097	9606.ENSP00000360623	ORC6	ORC1	9606	0.978	0	0	0	0	0.533	0.9	0.585	ORC6	ORC1	0.714373487038145	5.09377088083606e-80	4.25822476021826e-79
9606.ENSP00000219097	9606.ENSP00000301019	ORC6	CDT1	9606	0.986	0	0	0	0	0.292	0.8	0.913	ORC6	CDT1	0.692005225367257	3.32337685136854e-73	2.43722300933937e-72
9606.ENSP00000219244	9606.ENSP00000474412	CCL17	CCL5	9606	0.981	0	0	0	0	0.734	0.9	0.372	CCL17	CCL5	0.418366068131604	8.1207199484389e-23	2.13961485126573e-22
9606.ENSP00000219255	9606.ENSP00000354621	PARD6A	SMURF1	9606	0.744	0	0	0	0	0.457	0.5	0.136	PARD6A	SMURF1	-0.302269046780454	3.95491868664835e-12	7.57212235632182e-12
9606.ENSP00000219255	9606.ENSP00000363921	PARD6A	PARD3	9606	0.996	0	0	0	0	0.599	0.9	0.924	PARD6A	PARD3	-0.357674245685438	1.09731281423114e-16	2.43296360055571e-16
9606.ENSP00000219313	9606.ENSP00000388107	PSMD7	UBA52	9606	0.842	0	0	0	0	0.842	0	0	PSMD7	UBA52	0.400951430546781	6.31793699128273e-21	1.58018433933658e-20
9606.ENSP00000219313	9606.ENSP00000441543	PSMD7	UBC	9606	0.866	0	0	0	0	0.866	0	0	PSMD7	UBC	0.326935799169979	4.81422719513341e-14	9.87042907165322e-14
9606.ENSP00000219313	9606.ENSP00000440485	PSMD7	PSMD9	9606	0.889	0	0	0	0	0.622	0.72	0	PSMD7	PSMD9	0.385530913339781	2.42284717444506e-19	5.80945674004686e-19
9606.ENSP00000219313	9606.ENSP00000270586	PSMD7	PSMB6	9606	0.951	0	0	0	0	0.948	0	0.09	PSMD7	PSMB6	0.370838295009625	6.56552456463295e-18	1.51662572215094e-17
9606.ENSP00000219313	9606.ENSP00000261479	PSMD7	PSMA6	9606	0.957	0	0	0	0	0.955	0	0.081	PSMD7	PSMA6	0.615099336020558	6.88477513727289e-54	3.4362978412423e-53
9606.ENSP00000219313	9606.ENSP00000223321	PSMD7	PSMA2	9606	0.957	0	0	0	0	0.956	0	0.058	PSMD7	PSMA2	0.520218388298457	2.31358902131118e-36	8.29771316718138e-36
9606.ENSP00000219313	9606.ENSP00000359910	PSMD7	PSMA7	9606	0.96	0	0	0	0	0.957	0	0.081	PSMD7	PSMA7	0.62358096058053	9.33914964780259e-56	4.859515521144e-55
9606.ENSP00000219313	9606.ENSP00000362334	PSMD7	PSMB2	9606	0.96	0	0	0	0	0.958	0	0.081	PSMD7	PSMB2	0.438637341995069	3.67114142677303e-25	1.03090360718092e-24
9606.ENSP00000219313	9606.ENSP00000259457	PSMD7	PSMB7	9606	0.962	0	0	0	0	0.948	0	0.303	PSMD7	PSMB7	0.433887363891669	1.34440203704136e-24	3.72479309607995e-24
9606.ENSP00000219313	9606.ENSP00000483688	PSMD7	PSMB3	9606	0.964	0	0	0	0	0.958	0	0.173	PSMD7	PSMB3	0.351590811255038	3.86051104780655e-16	8.41803579059062e-16
9606.ENSP00000219313	9606.ENSP00000262193	PSMD7	PSMB1	9606	0.966	0	0	0	0	0.95	0	0.334	PSMD7	PSMB1	0.328118681433361	3.85663458884043e-14	7.92631273145533e-14
9606.ENSP00000219313	9606.ENSP00000271308	PSMD7	PSMA5	9606	0.967	0	0	0	0	0.963	0	0.149	PSMD7	PSMA5	0.550405879097226	2.45305290509114e-41	9.70235917329077e-41
9606.ENSP00000219313	9606.ENSP00000355325	PSMD7	PSMB5	9606	0.972	0	0	0	0	0.95	0	0.463	PSMD7	PSMB5	0.51169939975364	4.78561082945009e-35	1.67381023397812e-34
9606.ENSP00000219313	9606.ENSP00000290541	PSMD7	PSMB4	9606	0.977	0	0	0	0	0.975	0	0.093	PSMD7	PSMB4	0.344397452167577	1.65020996913728e-15	3.53387785294695e-15
9606.ENSP00000219313	9606.ENSP00000478877	PSMD7	ADRM1	9606	0.978	0	0	0	0	0.907	0.54	0.525	PSMD7	ADRM1	0.410029108500912	6.74098089843699e-22	1.73337070849176e-21
9606.ENSP00000219313	9606.ENSP00000414359	PSMD7	PSMA1	9606	0.979	0	0	0	0	0.976	0	0.151	PSMD7	PSMA1	0.463719198006757	2.73136812618054e-28	8.30365341443152e-28
9606.ENSP00000219313	9606.ENSP00000484998	PSMD7	PSMC6	9606	0.995	0	0	0	0	0.979	0.72	0.309	PSMD7	PSMC6	0.306026689625484	2.07428966776081e-12	4.00847795955984e-12
9606.ENSP00000219313	9606.ENSP00000391211	PSMD7	PSMC2	9606	0.997	0	0	0	0	0.981	0.72	0.453	PSMD7	PSMC2	0.456897522050342	2.05628813010178e-27	6.12664081473856e-27
9606.ENSP00000219313	9606.ENSP00000310129	PSMD7	PSMD2	9606	0.998	0	0	0	0	0.982	0.72	0.686	PSMD7	PSMD2	0.347120643741393	9.56334675298466e-16	2.06143703247167e-15
9606.ENSP00000219313	9606.ENSP00000309474	PSMD7	PSMD1	9606	0.998	0	0	0	0	0.984	0.72	0.69	PSMD7	PSMD1	0.460747316967722	6.61830502599282e-28	1.99117666318155e-27
9606.ENSP00000219313	9606.ENSP00000264639	PSMD7	PSMD3	9606	0.999	0	0	0	0	0.982	0.72	0.985	PSMD7	PSMD3	0.362135747736264	4.28679539873843e-17	9.65860267635009e-17
9606.ENSP00000219313	9606.ENSP00000261712	PSMD7	PSMD11	9606	0.999	0	0	0	0	0.984	0.72	0.985	PSMD7	PSMD11	0.566818452031538	2.92003169445498e-44	1.22253758947153e-43
9606.ENSP00000219313	9606.ENSP00000386541	PSMD7	PSMD14	9606	0.999	0	0	0	0	0.972	0.72	0.982	PSMD7	PSMD14	0.373392929355047	3.74393373323694e-18	8.71582281193847e-18
9606.ENSP00000219313	9606.ENSP00000418695	PSMD7	PSMD6	9606	0.999	0	0	0	0	0.984	0.72	0.98	PSMD7	PSMD6	0.354637420263765	2.06310921923816e-16	4.53277100147134e-16
9606.ENSP00000219476	9606.ENSP00000379287	TSC2	YWHAZ	9606	0.724	0	0	0	0	0.457	0.5	0.068	TSC2	YWHAZ	-0.427140788613023	8.20444382974108e-24	2.22457383819221e-23
9606.ENSP00000219476	9606.ENSP00000248975	TSC2	YWHAH	9606	0.724	0	0	0	0	0.457	0.5	0.068	TSC2	YWHAH	-0.453415683183225	5.6624476665182e-27	1.67093204383572e-26
9606.ENSP00000219476	9606.ENSP00000340989	TSC2	SFN	9606	0.768	0	0	0	0	0.292	0.5	0.397	TSC2	SFN	-0.369781574430735	8.27070908379703e-18	1.90532075672775e-17
9606.ENSP00000220509	9606.ENSP00000481126	VPS18	VPS11	9606	0.999	0	0	0	0	0.912	0.9	0.987	VPS18	VPS11	0.368194676610518	1.16797249542312e-17	2.67669147924473e-17
9606.ENSP00000220509	9606.ENSP00000267199	VPS18	VPS33A	9606	0.999	0	0	0	0	0.834	0.9	0.987	VPS18	VPS33A	0.459341834804598	1.0028013906584e-27	3.00810801090295e-27
9606.ENSP00000221132	9606.ENSP00000247668	TNFRSF10A	TRAF2	9606	0.727	0	0	0	0	0.424	0.5	0.131	TNFRSF10A	TRAF2	-0.414159832132282	2.37979887544226e-22	6.18199927822686e-22
9606.ENSP00000221132	9606.ENSP00000312455	TNFRSF10A	CFLAR	9606	0.804	0	0	0	0	0.577	0.5	0.152	TNFRSF10A	CFLAR	0.634913336054102	2.41809855755864e-58	1.32402302151607e-57
9606.ENSP00000221132	9606.ENSP00000351273	TNFRSF10A	CASP8	9606	0.855	0	0	0	0	0.593	0.5	0.345	TNFRSF10A	CASP8	0.406556214627674	1.59975987527587e-21	4.06829270234777e-21
9606.ENSP00000221132	9606.ENSP00000276431	TNFRSF10A	TNFRSF10B	9606	0.994	0	0	0	0	0.457	0.9	0.913	TNFRSF10A	TNFRSF10B	0.638616470342686	3.26999062653297e-59	1.80998881709512e-58
9606.ENSP00000221138	9606.ENSP00000375080	PPP2CB	PPP2R3B	9606	0.83	0	0	0	0	0.419	0.72	0	PPP2CB	PPP2R3B	-0.330502801832978	2.45923438059012e-14	5.08001700298023e-14
9606.ENSP00000221138	9606.ENSP00000337641	PPP2CB	PPP2R5E	9606	0.956	0	0	0	0	0.753	0.8	0.188	PPP2CB	PPP2R5E	0.342127566793946	2.58979087055294e-15	5.51341560934945e-15
9606.ENSP00000221138	9606.ENSP00000261461	PPP2CB	PPP2R5A	9606	0.972	0	0	0	0	0.628	0.9	0.317	PPP2CB	PPP2R5A	0.319670786954472	1.84052449070542e-13	3.70035773002672e-13
9606.ENSP00000221138	9606.ENSP00000418447	PPP2CB	PPP2CA	9606	0.978	0	0	0	0	0.696	0.9	0.364	PPP2CB	PPP2CA	0.30980883802666	1.07321190955762e-12	2.0970783696377e-12
9606.ENSP00000221138	9606.ENSP00000325074	PPP2CB	PPP2R2A	9606	0.991	0	0	0	0	0.825	0.9	0.576	PPP2CB	PPP2R2A	0.310802198232246	9.01232595246775e-13	1.7668055336656e-12
9606.ENSP00000221452	9606.ENSP00000226574	RELB	NFKB1	9606	0.998	0	0	0	0	0.784	0.54	0.982	RELB	NFKB1	0.361264449426309	5.15650930001085e-17	1.15821903936776e-16
9606.ENSP00000221452	9606.ENSP00000384273	RELB	RELA	9606	0.999	0	0	0	0	0.631	0.9	0.982	RELB	RELA	0.641066932780234	8.56966133127457e-60	4.80364515131103e-59
9606.ENSP00000221452	9606.ENSP00000358983	RELB	NFKB2	9606	0.999	0	0	0	0	0.972	0.9	0.982	RELB	NFKB2	0.736590988291376	1.80105504209249e-87	1.76917950314636e-86
9606.ENSP00000221486	9606.ENSP00000308193	RNASEH2A	RNASEH2C	9606	0.999	0	0	0	0	0.966	0.9	0.982	RNASEH2A	RNASEH2C	0.583464340222842	2.12463711222053e-47	9.46073614591142e-47
9606.ENSP00000221930	9606.ENSP00000328625	TGFB1	NRROS	9606	0.939	0	0	0	0	0.918	0	0.287	TGFB1	NRROS	0.36979769405512	8.24168306680396e-18	1.89906476655009e-17
9606.ENSP00000221930	9606.ENSP00000327336	TGFB1	BGN	9606	0.945	0	0	0	0	0.292	0.5	0.859	TGFB1	BGN	0.44998928464275	1.51706461462242e-26	4.42273975049365e-26
9606.ENSP00000221930	9606.ENSP00000301873	TGFB1	LTBP3	9606	0.985	0	0	0	0	0.473	0.7	0.918	TGFB1	LTBP3	0.408923656340789	8.88529396604023e-22	2.2766884665255e-21
9606.ENSP00000221930	9606.ENSP00000386043	TGFB1	LTBP1	9606	0.997	0	0	0	0	0.691	0.7	0.979	TGFB1	LTBP1	0.344254052734466	1.6980539307367e-15	3.63480163845999e-15
9606.ENSP00000222005	9606.ENSP00000275493	CDC37	EGFR	9606	0.763	0	0	0	0	0.457	0.5	0.199	CDC37	EGFR	-0.441767158082268	1.54334571577231e-25	4.37259761090638e-25
9606.ENSP00000222005	9606.ENSP00000437125	CDC37	HSPA8	9606	0.786	0	0	0	0	0.205	0.54	0.462	CDC37	HSPA8	-0.405839962878275	1.90949114331403e-21	4.84504160445682e-21
9606.ENSP00000222005	9606.ENSP00000483825	CDC37	IKBKG	9606	0.788	0	0	0	0	0.614	0	0.474	CDC37	IKBKG	0.316337565433562	3.3645983133235e-13	6.69295438081214e-13
9606.ENSP00000222005	9606.ENSP00000451828	CDC37	AKT1	9606	0.826	0	0	0	0	0.459	0	0.691	CDC37	AKT1	0.353405340534053	2.66027379803329e-16	5.83090223707902e-16
9606.ENSP00000222005	9606.ENSP00000359424	CDC37	CHUK	9606	0.882	0	0	0	0	0.579	0	0.731	CDC37	CHUK	-0.714116877526262	6.15076068380883e-80	5.12916882310725e-79
9606.ENSP00000222005	9606.ENSP00000419060	CDC37	BRAF	9606	0.921	0	0	0	0	0.848	0	0.503	CDC37	BRAF	-0.675798946354263	1.20710164111535e-68	8.08209055293911e-68
9606.ENSP00000222005	9606.ENSP00000257904	CDC37	CDK4	9606	0.999	0	0	0	0	0.967	0	0.983	CDC37	CDK4	0.347749402269419	8.42511348025109e-16	1.8195593795218e-15
9606.ENSP00000222139	9606.ENSP00000428056	EPOR	PIK3R1	9606	0.716	0	0	0	0	0.457	0.5	0	EPOR	PIK3R1	-0.378218008136217	1.27831872129249e-18	3.01460024429251e-18
9606.ENSP00000222139	9606.ENSP00000489597	EPOR	PTPN11	9606	0.777	0	0	0	0	0.457	0	0.607	EPOR	PTPN11	-0.497336162187647	6.54403849948803e-33	2.18716021846989e-32
9606.ENSP00000222139	9606.ENSP00000428924	EPOR	LYN	9606	0.852	0	0	0	0	0.292	0.8	0	EPOR	LYN	-0.395962173857137	2.09957444867204e-20	5.16853554899707e-20
9606.ENSP00000222139	9606.ENSP00000376345	EPOR	GRB2	9606	0.953	0	0	0	0	0.457	0.5	0.841	EPOR	GRB2	-0.447806799313472	2.82556301561431e-26	8.16944023614989e-26
9606.ENSP00000222139	9606.ENSP00000371067	EPOR	JAK2	9606	0.999	0	0	0	0	0.943	0.8	0.981	EPOR	JAK2	-0.416026540542253	1.47953559383379e-22	3.86513452329471e-22
9606.ENSP00000222254	9606.ENSP00000267101	PIK3R2	ERBB3	9606	0.819	0	0	0	0	0.677	0	0.465	PIK3R2	ERBB3	0.4983150799552	4.71488731586412e-33	1.5841584673249e-32
9606.ENSP00000222254	9606.ENSP00000304895	PIK3R2	IRS1	9606	0.847	0	0	0	0	0.387	0.4	0.618	PIK3R2	IRS1	-0.427065874289292	8.36898515048708e-24	2.26797711241988e-23
9606.ENSP00000222254	9606.ENSP00000262741	PIK3R2	PIK3R3	9606	0.998	0	0	0	0	0.654	0.9	0.956	PIK3R2	PIK3R3	-0.3169982836793	2.98717004659037e-13	5.95148806653951e-13
9606.ENSP00000222399	9606.ENSP00000230538	LAMB1	LAMA4	9606	0.972	0	0	0	0	0.054	0.8	0.866	LAMB1	LAMA4	0.390009559962207	8.56862963127918e-20	2.0771258034583e-19
9606.ENSP00000222399	9606.ENSP00000252999	LAMB1	LAMA5	9606	0.996	0	0	0	0	0.901	0.9	0.68	LAMB1	LAMA5	0.459870707567651	8.57836105868314e-28	2.57934911998356e-27
9606.ENSP00000222399	9606.ENSP00000258341	LAMB1	LAMC1	9606	0.999	0	0	0	0	0.953	0.8	0.961	LAMB1	LAMC1	0.338601841550615	5.17746319135672e-15	1.09238665630682e-14
9606.ENSP00000222573	9606.ENSP00000358866	ITGB8	FLNA	9606	0.772	0	0	0	0	0.077	0.65	0.353	ITGB8	FLNA	0.646276180413072	4.77344374265055e-61	2.76104032426547e-60
9606.ENSP00000222573	9606.ENSP00000261023	ITGB8	ITGAV	9606	0.998	0	0	0	0	0.967	0.9	0.706	ITGB8	ITGAV	0.514101223786975	2.05475343979751e-35	7.25160899514362e-35
9606.ENSP00000222693	9606.ENSP00000275493	CAV2	EGFR	9606	0.918	0	0	0	0	0.523	0.8	0.215	CAV2	EGFR	0.517130315516024	7.00650351521111e-36	2.49351983896283e-35
9606.ENSP00000222693	9606.ENSP00000339191	CAV2	CAV1	9606	0.998	0	0	0	0	0.457	0.9	0.982	CAV2	CAV1	0.89872878592207	3.23793614314869e-182	6.20522969923797e-180
9606.ENSP00000223061	9606.ENSP00000304408	PCOLCE	COL3A1	9606	0.9	0	0	0	0	0.9	0	0	PCOLCE	COL3A1	0.774047125209415	6.48380138537047e-102	8.69959982446604e-101
9606.ENSP00000223127	9606.ENSP00000252599	PLOD3	COLGALT1	9606	0.963	0	0	0	0	0.65	0.9	0	PLOD3	COLGALT1	0.381272444014588	6.41441986717203e-19	1.5240061424764e-18
9606.ENSP00000223129	9606.ENSP00000368458	RPA3	PCNA	9606	0.793	0	0	0	0	0.292	0.72	0	RPA3	PCNA	0.462395152558734	4.05593168195333e-28	1.22863400219505e-27
9606.ENSP00000223129	9606.ENSP00000351284	RPA3	RAD52	9606	0.861	0	0	0	0	0.734	0.5	0	RPA3	RAD52	-0.353076798363066	2.8463271643692e-16	6.23466573398704e-16
9606.ENSP00000223129	9606.ENSP00000363017	RPA3	RPA2	9606	0.999	0	0	0	0	0.976	0.9	0.982	RPA3	RPA2	0.397914698302128	1.31545185382295e-20	3.26277032461042e-20
9606.ENSP00000223321	9606.ENSP00000388107	PSMA2	UBA52	9606	0.835	0	0	0	0	0.835	0	0	PSMA2	UBA52	0.545331738142758	1.82572843320451e-40	7.09951136908812e-40
9606.ENSP00000223321	9606.ENSP00000370222	PSMA2	POMP	9606	0.843	0	0	0	0	0.843	0	0	PSMA2	POMP	0.682748274827483	1.45419120721428e-70	1.01443819310957e-69
9606.ENSP00000223321	9606.ENSP00000441543	PSMA2	UBC	9606	0.848	0	0	0	0	0.848	0	0	PSMA2	UBC	0.374232454301331	3.10948224808315e-18	7.25712573386501e-18
9606.ENSP00000223321	9606.ENSP00000478877	PSMA2	ADRM1	9606	0.864	0	0	0	0	0.74	0.5	0	PSMA2	ADRM1	0.505119797694055	4.68774757977475e-34	1.60314653763542e-33
9606.ENSP00000223321	9606.ENSP00000272317	PSMA2	RPS27A	9606	0.868	0	0	0	0	0.868	0	0	PSMA2	RPS27A	0.480626727269	1.50140578483214e-30	4.80005620287695e-30
9606.ENSP00000223321	9606.ENSP00000478771	PSMA2	UBB	9606	0.906	0	0	0	0	0.905	0	0	PSMA2	UBB	0.30580464878786	2.15547412828239e-12	4.16219595455595e-12
9606.ENSP00000223321	9606.ENSP00000338039	PSMA2	PSMF1	9606	0.953	0	0	0	0	0.554	0.9	0	PSMA2	PSMF1	0.362231347358338	4.20064164609972e-17	9.46658912789769e-17
9606.ENSP00000223321	9606.ENSP00000481029	PSMA2	PSMC3	9606	0.963	0	0	0	0	0.96	0	0.116	PSMA2	PSMC3	0.470832331680373	3.16925449127756e-29	9.81406032558116e-29
9606.ENSP00000223321	9606.ENSP00000396937	PSMA2	PSMD13	9606	0.966	0	0	0	0	0.957	0	0.226	PSMA2	PSMD13	0.561698747514503	2.48392752050616e-43	1.02391444098137e-42
9606.ENSP00000223321	9606.ENSP00000418695	PSMA2	PSMD6	9606	0.967	0	0	0	0	0.966	0	0.066	PSMA2	PSMD6	0.494748170469221	1.54894868334682e-32	5.14981072888828e-32
9606.ENSP00000223321	9606.ENSP00000372155	PSMA2	PSME1	9606	0.968	0	0	0	0	0.968	0	0	PSMA2	PSME1	0.470026257284114	4.05570988471375e-29	1.25438018571978e-28
9606.ENSP00000223321	9606.ENSP00000309474	PSMA2	PSMD1	9606	0.97	0	0	0	0	0.96	0	0.279	PSMA2	PSMD1	0.315488070546185	3.91906509732751e-13	7.77459847530381e-13
9606.ENSP00000223321	9606.ENSP00000484998	PSMA2	PSMC6	9606	0.972	0	0	0	0	0.972	0	0	PSMA2	PSMC6	0.531800850892543	3.27128175068428e-38	1.21574858184048e-37
9606.ENSP00000223321	9606.ENSP00000386541	PSMA2	PSMD14	9606	0.974	0	0	0	0	0.97	0	0.17	PSMA2	PSMD14	0.599764634848578	1.18546098649042e-50	5.5744107591589e-50
9606.ENSP00000223321	9606.ENSP00000391211	PSMA2	PSMC2	9606	0.977	0	0	0	0	0.959	0	0.464	PSMA2	PSMC2	0.653288496551518	8.94101552113608e-63	5.35143751609777e-62
9606.ENSP00000223321	9606.ENSP00000310572	PSMA2	PSMC5	9606	0.98	0	0	0	0	0.979	0	0.072	PSMA2	PSMC5	0.414111100551049	2.40941451359682e-22	6.25573190557334e-22
9606.ENSP00000223321	9606.ENSP00000264639	PSMA2	PSMD3	9606	0.982	0	0	0	0	0.959	0	0.582	PSMA2	PSMD3	0.466889825628526	1.0522814580958e-28	3.23291674829977e-28
9606.ENSP00000223321	9606.ENSP00000310129	PSMA2	PSMD2	9606	0.984	0	0	0	0	0.973	0	0.419	PSMA2	PSMD2	0.32959572354751	2.91976602975067e-14	6.01909144797597e-14
9606.ENSP00000223321	9606.ENSP00000357876	PSMA2	PSMD4	9606	0.988	0	0	0	0	0.983	0	0.359	PSMA2	PSMD4	0.469513224614387	4.74339911756455e-29	1.46484356452123e-28
9606.ENSP00000223321	9606.ENSP00000364016	PSMA2	PSMB8	9606	0.989	0	0	0	0	0.959	0.72	0.175	PSMA2	PSMB8	0.356574663677548	1.38022920421325e-16	3.05225082238057e-16
9606.ENSP00000223321	9606.ENSP00000261712	PSMA2	PSMD11	9606	0.992	0	0	0	0	0.989	0	0.35	PSMA2	PSMD11	0.339446118524896	4.38958242368938e-15	9.2846706950048e-15
9606.ENSP00000223321	9606.ENSP00000290541	PSMA2	PSMB4	9606	0.996	0	0	0	0	0.951	0.9	0.345	PSMA2	PSMB4	0.571629740613813	3.77322715283544e-45	1.60019491404382e-44
9606.ENSP00000223321	9606.ENSP00000351314	PSMA2	PSMB10	9606	0.996	0	0	0	0	0.985	0.72	0.185	PSMA2	PSMB10	0.360619291742839	5.910157835181e-17	1.32456913353781e-16
9606.ENSP00000223321	9606.ENSP00000362334	PSMA2	PSMB2	9606	0.997	0	0	0	0	0.963	0.9	0.345	PSMA2	PSMB2	0.616267869022927	3.8367707974042e-54	1.92349856807672e-53
9606.ENSP00000223321	9606.ENSP00000270586	PSMA2	PSMB6	9606	0.997	0	0	0	0	0.97	0.9	0.313	PSMA2	PSMB6	0.605731225296443	6.85007992187487e-52	3.30842899507766e-51
9606.ENSP00000223321	9606.ENSP00000355325	PSMA2	PSMB5	9606	0.997	0	0	0	0	0.97	0.9	0.187	PSMA2	PSMB5	0.72032069666594	6.07380624661349e-82	5.3090920866483e-81
9606.ENSP00000223321	9606.ENSP00000262193	PSMA2	PSMB1	9606	0.998	0	0	0	0	0.963	0.9	0.704	PSMA2	PSMB1	0.616186618661866	3.99628238476213e-54	2.00149113323614e-53
9606.ENSP00000223321	9606.ENSP00000259457	PSMA2	PSMB7	9606	0.998	0	0	0	0	0.985	0.9	0.371	PSMA2	PSMB7	0.577592790334934	2.84947816164235e-46	1.24161946322614e-45
9606.ENSP00000223321	9606.ENSP00000414359	PSMA2	PSMA1	9606	0.998	0	0	0	0	0.981	0.9	0.325	PSMA2	PSMA1	0.713835855635253	7.55970854989348e-80	6.28346642727235e-79
9606.ENSP00000223321	9606.ENSP00000359910	PSMA2	PSMA7	9606	0.999	0	0	0	0	0.985	0.9	0.625	PSMA2	PSMA7	0.760805366250911	1.66507429097384e-96	1.9574258765534e-95
9606.ENSP00000223321	9606.ENSP00000271308	PSMA2	PSMA5	9606	0.999	0	0	0	0	0.981	0.9	0.706	PSMA2	PSMA5	0.787645193090737	7.22695723690838e-108	1.13103551086716e-106
9606.ENSP00000223321	9606.ENSP00000261479	PSMA2	PSMA6	9606	0.999	0	0	0	0	0.981	0.9	0.603	PSMA2	PSMA6	0.804488709740539	7.04278574061209e-116	1.32962034883638e-114
9606.ENSP00000223321	9606.ENSP00000483688	PSMA2	PSMB3	9606	0.999	0	0	0	0	0.981	0.9	0.655	PSMA2	PSMB3	0.558223617392795	1.04008822978291e-42	4.2477588057519e-42
9606.ENSP00000224784	9606.ENSP00000355645	ACTA2	ACTA1	9606	0.908	0	0	0	0	0.808	0.54	0	ACTA2	ACTA1	0.317892891054303	2.54150337469008e-13	5.08250635493741e-13
9606.ENSP00000224784	9606.ENSP00000290378	ACTA2	ACTC1	9606	0.959	0	0	0	0	0.914	0.54	0	ACTA2	ACTC1	0.528848546888573	9.83917872805688e-38	3.62088907032151e-37
9606.ENSP00000224784	9606.ENSP00000386857	ACTA2	ACTG2	9606	0.979	0	0	0	0	0.8	0.9	0	ACTA2	ACTG2	0.670119620657718	4.08706037911409e-67	2.63569982670869e-66
9606.ENSP00000225577	9606.ENSP00000329967	RPS6KB1	TBK1	9606	0.876	0	0	0	0	0.497	0	0.764	RPS6KB1	TBK1	0.32481769916122	7.14414153447829e-14	1.45738191535842e-13
9606.ENSP00000225577	9606.ENSP00000354558	RPS6KB1	MTOR	9606	0.944	0	0	0	0	0.944	0	0	RPS6KB1	MTOR	0.423246175549232	2.28836122057445e-23	6.1278367828565e-23
9606.ENSP00000225831	9606.ENSP00000306512	CCL2	CXCL8	9606	0.734	0	0	0	0	0.734	0	0	CCL2	CXCL8	0.586337360444119	5.8504860246799e-48	2.62935338728645e-47
9606.ENSP00000225831	9606.ENSP00000483330	CCL2	CCL4L2	9606	0.782	0	0	0	0	0.734	0	0.216	CCL2	CCL4L2	0.555871795779076	2.71535642888976e-42	1.09967604658027e-41
9606.ENSP00000225831	9606.ENSP00000334448	CCL2	GNG2	9606	0.8	0	0	0	0	0.8	0	0	CCL2	GNG2	0.355663858311297	1.66792293910667e-16	3.67565486927891e-16
9606.ENSP00000225831	9606.ENSP00000354901	CCL2	CXCL9	9606	0.801	0	0	0	0	0.734	0	0.284	CCL2	CXCL9	0.50467925674555	5.45194812421584e-34	1.86323812576246e-33
9606.ENSP00000225831	9606.ENSP00000225844	CCL2	CCL13	9606	0.813	0	0	0	0	0.292	0	0.748	CCL2	CCL13	0.586071794808364	6.59474864527765e-48	2.95991436102895e-47
9606.ENSP00000225831	9606.ENSP00000474412	CCL2	CCL5	9606	0.96	0	0	0	0	0.734	0	0.858	CCL2	CCL5	0.546960845152838	9.62010165713326e-41	3.7581297127501e-40
9606.ENSP00000225844	9606.ENSP00000379140	CCL13	CXCL12	9606	0.734	0	0	0	0	0.734	0	0	CCL13	CXCL12	0.336140717036525	8.35336147005357e-15	1.75227369787968e-14
9606.ENSP00000225844	9606.ENSP00000354901	CCL13	CXCL9	9606	0.734	0	0	0	0	0.734	0	0	CCL13	CXCL9	0.476627647275159	5.27774888082045e-30	1.66633805976044e-29
9606.ENSP00000225844	9606.ENSP00000305651	CCL13	CXCL10	9606	0.734	0	0	0	0	0.734	0	0	CCL13	CXCL10	0.524845652061813	4.30441823201753e-37	1.56310246630683e-36
9606.ENSP00000225844	9606.ENSP00000306884	CCL13	CXCL11	9606	0.734	0	0	0	0	0.734	0	0	CCL13	CXCL11	0.462968162791274	3.41878036476084e-28	1.03717300372986e-27
9606.ENSP00000225844	9606.ENSP00000474412	CCL13	CCL5	9606	0.743	0	0	0	0	0.734	0	0.077	CCL13	CCL5	0.491576346423125	4.40865838054109e-32	1.45149896827085e-31
9606.ENSP00000225916	9606.ENSP00000363286	KAT2A	POLE3	9606	0.725	0	0	0	0	0.061	0.72	0	KAT2A	POLE3	-0.330827244215105	2.31246620509878e-14	4.78267547244722e-14
9606.ENSP00000225916	9606.ENSP00000358335	KAT2A	MAP3K7	9606	0.793	0	0	0	0	0.292	0.72	0	KAT2A	MAP3K7	-0.371474694053256	5.71087326218467e-18	1.3216071935295e-17
9606.ENSP00000225916	9606.ENSP00000414095	KAT2A	CUL2	9606	0.909	0	0	0	0	0.292	0	0.878	KAT2A	CUL2	-0.446228473779055	4.41797854711923e-26	1.26725241748348e-25
9606.ENSP00000225916	9606.ENSP00000417510	KAT2A	SUPT20H	9606	0.966	0	0	0	0	0.66	0.8	0.55	KAT2A	SUPT20H	0.425935077979848	1.12870676304729e-23	3.04738824887596e-23
9606.ENSP00000225964	9606.ENSP00000346839	COL1A1	FN1	9606	0.711	0	0	0	0	0.483	0	0.464	COL1A1	FN1	0.691611366105555	4.32496916174443e-73	3.16717460532359e-72
9606.ENSP00000225964	9606.ENSP00000252599	COL1A1	COLGALT1	9606	0.721	0	0	0	0	0.292	0.5	0.277	COL1A1	COLGALT1	0.665420424029981	7.10610540077322e-66	4.45810454327694e-65
9606.ENSP00000225964	9606.ENSP00000261405	COL1A1	VWF	9606	0.769	0	0	0	0	0.292	0	0.688	COL1A1	VWF	-0.331081431124479	2.20351315603243e-14	4.56384239922949e-14
9606.ENSP00000225964	9606.ENSP00000260356	COL1A1	THBS1	9606	0.821	0	0	0	0	0.457	0	0.684	COL1A1	THBS1	0.709183713402396	2.21724899466163e-78	1.78734905069668e-77
9606.ENSP00000225964	9606.ENSP00000327336	COL1A1	BGN	9606	0.825	0	0	0	0	0.292	0	0.763	COL1A1	BGN	0.687114270433254	8.4979470270401e-72	6.06561124059356e-71
9606.ENSP00000225964	9606.ENSP00000360882	COL1A1	COL5A1	9606	0.967	0	0	0	0	0.23	0.72	0.861	COL1A1	COL5A1	0.857034399092083	5.84230950582868e-147	2.77291297433186e-145
9606.ENSP00000225964	9606.ENSP00000297268	COL1A1	COL1A2	9606	0.998	0	0	0	0	0.492	0.9	0.98	COL1A1	COL1A2	0.87295285429164	6.27131238398115e-159	4.42345276972893e-157
9606.ENSP00000226574	9606.ENSP00000265094	NFKB1	FBXW11	9606	0.716	0	0	0	0	0.457	0.5	0	NFKB1	FBXW11	0.537476449508305	3.81929405478697e-39	1.44586543848197e-38
9606.ENSP00000226574	9606.ENSP00000263464	NFKB1	BIRC3	9606	0.734	0	0	0	0	0.596	0	0.369	NFKB1	BIRC3	0.494435002506462	1.71830724721125e-32	5.70540918925291e-32
9606.ENSP00000226574	9606.ENSP00000264657	NFKB1	STAT3	9606	0.781	0	0	0	0	0.542	0	0.543	NFKB1	STAT3	0.619331156718156	8.18882537142003e-55	4.15869496487566e-54
9606.ENSP00000226574	9606.ENSP00000359424	NFKB1	CHUK	9606	0.873	0	0	0	0	0.631	0	0.67	NFKB1	CHUK	0.503589365147695	7.91415090842693e-34	2.69293235433475e-33
9606.ENSP00000226574	9606.ENSP00000362649	NFKB1	HDAC1	9606	0.975	0	0	0	0	0.564	0	0.947	NFKB1	HDAC1	-0.360488657561408	6.07545098363123e-17	1.36011363545829e-16
9606.ENSP00000226574	9606.ENSP00000263253	NFKB1	EP300	9606	0.982	0	0	0	0	0.457	0.5	0.941	NFKB1	EP300	0.555782286303164	2.81593720562887e-42	1.13904716039715e-41
9606.ENSP00000227507	9606.ENSP00000384849	CCND1	CDKN1A	9606	0.999	0	0	0	0	0.971	0.4	0.956	CCND1	CDKN1A	0.463571419253727	2.85484355612325e-28	8.67383966483513e-28
9606.ENSP00000227752	9606.ENSP00000290200	IL10RA	IL10RB	9606	0.999	0	0	0	0	0.926	0.9	0.982	IL10RA	IL10RB	0.372935243834942	4.14182663124031e-18	9.62666661178668e-18
9606.ENSP00000228534	9606.ENSP00000470788	IL23A	IL12RB1	9606	0.97	0	0	0	0	0.852	0.54	0.605	IL23A	IL12RB1	0.519895157217585	2.59948238042078e-36	9.30992332085117e-36
9606.ENSP00000228841	9606.ENSP00000347507	MYL2	MYH7	9606	0.996	0	0	0	0	0.909	0.9	0.606	MYL2	MYH7	0.308022235190117	1.46684926703697e-12	2.85308081296332e-12
9606.ENSP00000229264	9606.ENSP00000360021	GNB3	GNG12	9606	0.892	0	0	0	0	0.769	0.54	0.07	GNB3	GNG12	-0.440456250594003	2.22109098334484e-25	6.26830261679177e-25
9606.ENSP00000229264	9606.ENSP00000367872	GNB3	GNB1	9606	0.898	0	0	0	0	0.591	0.54	0.503	GNB3	GNB1	-0.546489276256818	1.15846247686728e-40	4.52036241933958e-40
9606.ENSP00000229379	9606.ENSP00000467262	COX6A1	UQCR11	9606	0.715	0	0	0	0	0.407	0.54	0	COX6A1	UQCR11	0.887921928838846	9.26321516780767e-172	1.1473960543832e-169
9606.ENSP00000229379	9606.ENSP00000332887	COX6A1	UQCR10	9606	0.746	0	0	0	0	0.472	0.54	0	COX6A1	UQCR10	0.75298157144907	1.79861350843028e-93	1.97497485460825e-92
9606.ENSP00000229379	9606.ENSP00000317159	COX6A1	CYC1	9606	0.752	0	0	0	0	0.483	0.54	0	COX6A1	CYC1	0.7528078894846	2.09404311273558e-93	2.29688940562152e-92
9606.ENSP00000229379	9606.ENSP00000306397	COX6A1	UQCRFS1	9606	0.76	0	0	0	0	0.5	0.54	0	COX6A1	UQCRFS1	0.356232144953626	1.48219004225777e-16	3.27487584494501e-16
9606.ENSP00000229379	9606.ENSP00000292907	COX6A1	COX7A1	9606	0.841	0	0	0	0	0.385	0.36	0.63	COX6A1	COX7A1	0.450052738193074	1.48977933368786e-26	4.3444411978948e-26
9606.ENSP00000229379	9606.ENSP00000367939	COX6A1	UQCRQ	9606	0.842	0	0	0	0	0.671	0.54	0	COX6A1	UQCRQ	0.9174569009696	1.73339626222308e-203	6.07107097772409e-201
9606.ENSP00000229379	9606.ENSP00000430494	COX6A1	UQCRB	9606	0.863	0	0	0	0	0.715	0.54	0	COX6A1	UQCRB	0.786374072189827	2.71527377887948e-107	4.17232008654748e-106
9606.ENSP00000229379	9606.ENSP00000367938	COX6A1	COX7A2L	9606	0.942	0	0	0	0	0.611	0.8	0.323	COX6A1	COX7A2L	0.309854401589227	1.06466430589629e-12	2.08077647777344e-12
9606.ENSP00000229379	9606.ENSP00000365243	COX6A1	COX4I2	9606	0.947	0	0	0	0	0.738	0.659	0.462	COX6A1	COX4I2	0.496715510060323	8.05148379819088e-33	2.68744400059891e-32
9606.ENSP00000229379	9606.ENSP00000321260	COX6A1	COX8A	9606	0.982	0	0	0	0	0.8	0.8	0.589	COX6A1	COX8A	0.813236634222428	2.35205523425653e-120	5.04004747138049e-119
9606.ENSP00000229379	9606.ENSP00000497474	COX6A1	COX7B	9606	0.984	0	0	0	0	0.859	0.8	0.48	COX6A1	COX7B	0.881590550359384	4.0287080820099e-166	3.93457576817063e-164
9606.ENSP00000229379	9606.ENSP00000425759	COX6A1	COX7C	9606	0.988	0	0	0	0	0.895	0.888	0.097	COX6A1	COX7C	0.805995195792871	1.23938892083915e-116	2.39780443218348e-115
9606.ENSP00000229379	9606.ENSP00000359098	COX6A1	COX7A2	9606	0.989	0	0	0	0	0.906	0.54	0.775	COX6A1	COX7A2	0.855777627452186	4.45908781919133e-146	2.0493644787116e-144
9606.ENSP00000229379	9606.ENSP00000429707	COX6A1	COX6C	9606	0.996	0	0	0	0	0.948	0.8	0.684	COX6A1	COX6C	0.895914933108218	2.20339019123097e-179	3.92628669690053e-177
9606.ENSP00000229379	9606.ENSP00000457513	COX6A1	COX4I1	9606	0.996	0	0	0	0	0.945	0.851	0.595	COX6A1	COX4I1	0.873858441744795	1.17049238489122e-159	8.80643789136303e-158
9606.ENSP00000229379	9606.ENSP00000317780	COX6A1	COX5A	9606	0.997	0	0	0	0	0.895	0.888	0.82	COX6A1	COX5A	0.77254352764469	2.78280688752029e-101	3.67077526708358e-100
9606.ENSP00000229379	9606.ENSP00000258424	COX6A1	COX5B	9606	0.998	0	0	0	0	0.937	0.888	0.856	COX6A1	COX5B	0.852378157070365	9.89404198006976e-144	4.16986657226425e-142
9606.ENSP00000229379	9606.ENSP00000466818	COX6A1	COX6B1	9606	0.999	0	0	0	0	0.974	0.851	0.948	COX6A1	COX6B1	0.894194512618964	1.08488480720249e-177	1.69525769027011e-175
9606.ENSP00000229758	9606.ENSP00000359206	FBXO5	BTRC	9606	0.716	0	0	0	0	0.457	0.5	0	FBXO5	BTRC	0.31614720478259	3.48174667171388e-13	6.92056769952992e-13
9606.ENSP00000229758	9606.ENSP00000378350	FBXO5	CDC23	9606	0.924	0	0	0	0	0.924	0	0	FBXO5	CDC23	0.406403870200685	1.66118826495014e-21	4.22133830550376e-21
9606.ENSP00000229758	9606.ENSP00000339109	FBXO5	ANAPC1	9606	0.959	0	0	0	0	0.959	0	0	FBXO5	ANAPC1	0.343192766481617	2.0970792568356e-15	4.47103988490327e-15
9606.ENSP00000229795	9606.ENSP00000410402	MAPK14	MAP2K4	9606	0.751	0	0	0	0	0.457	0	0.562	MAPK14	MAP2K4	0.402991727744203	3.8435638059359e-21	9.66313801408192e-21
9606.ENSP00000229829	9606.ENSP00000353099	HLA-DOA	HLA-DRB1	9606	0.904	0	0	0	0	0.081	0.9	0	HLA-DOA	HLA-DRB1	0.922892382405942	1.2743359393466e-210	4.97824235997825e-208
9606.ENSP00000229829	9606.ENSP00000398890	HLA-DOA	HLA-DMB	9606	0.904	0	0	0	0	0.081	0.9	0	HLA-DOA	HLA-DMB	0.545351118962828	1.8119025161206e-40	7.04844651713402e-40
9606.ENSP00000229829	9606.ENSP00000408146	HLA-DOA	HLA-DPB1	9606	0.911	0	0	0	0	0.081	0.9	0.118	HLA-DOA	HLA-DPB1	0.944519141355129	2.31157347651579e-245	1.67704655721221e-242
9606.ENSP00000229829	9606.ENSP00000496848	HLA-DOA	HLA-DOB	9606	0.928	0	0	0	0	0.316	0.9	0	HLA-DOA	HLA-DOB	0.873694357013341	1.58808026554746e-159	1.18603906302688e-157
9606.ENSP00000229829	9606.ENSP00000363976	HLA-DOA	HLA-DMA	9606	0.966	0	0	0	0	0.488	0.9	0.399	HLA-DOA	HLA-DMA	0.895617512061765	4.34272489313226e-179	7.47611131178719e-177
9606.ENSP00000230538	9606.ENSP00000354360	LAMA4	LAMC3	9606	0.889	0	0	0	0	0.189	0.8	0.373	LAMA4	LAMC3	0.441603632412931	1.61518746138876e-25	4.57231300036946e-25
9606.ENSP00000231004	9606.ENSP00000346839	LOX	FN1	9606	0.725	0	0	0	0	0.549	0	0.416	LOX	FN1	0.832371094252282	5.03352060146271e-131	1.4280857192474e-129
9606.ENSP00000231487	9606.ENSP00000274255	SKP1	SKP2	9606	0.999	0	0	0	0	0.967	0.8	0.982	SKP1	SKP2	-0.322596731722862	1.07711601681764e-13	2.18281472123239e-13
9606.ENSP00000231487	9606.ENSP00000356652	SKP1	CACYBP	9606	0.999	0	0	0	0	0.657	0.9	0.978	SKP1	CACYBP	0.303795659069012	3.04620894941178e-12	5.8499422006382e-12
9606.ENSP00000231487	9606.ENSP00000326804	SKP1	CUL1	9606	0.999	0	0	0	0	0.976	0.9	0.986	SKP1	CUL1	0.332158184762576	1.79519668931414e-14	3.72955875912533e-14
9606.ENSP00000232501	9606.ENSP00000256644	NPRL2	LAMTOR5	9606	0.8	0	0	0	0	0.8	0	0	NPRL2	LAMTOR5	0.532910496018546	2.15648253027824e-38	8.0320473267459e-38
9606.ENSP00000232501	9606.ENSP00000343118	NPRL2	LAMTOR4	9606	0.8	0	0	0	0	0.8	0	0	NPRL2	LAMTOR4	0.775260010473097	1.98572426396817e-102	2.68204805174531e-101
9606.ENSP00000232501	9606.ENSP00000278671	NPRL2	LAMTOR1	9606	0.8	0	0	0	0	0.8	0	0	NPRL2	LAMTOR1	0.585557189259299	8.31453931761068e-48	3.72522169602875e-47
9606.ENSP00000232501	9606.ENSP00000357288	NPRL2	LAMTOR2	9606	0.8	0	0	0	0	0.8	0	0	NPRL2	LAMTOR2	0.617056519316528	2.58218587049514e-54	1.29709504879422e-53
9606.ENSP00000232501	9606.ENSP00000362092	NPRL2	RRAGC	9606	0.852	0	0	0	0	0.852	0	0	NPRL2	RRAGC	-0.402137387651809	4.73473406300822e-21	1.18801121240056e-20
9606.ENSP00000232501	9606.ENSP00000373312	NPRL2	SEC13	9606	0.937	0	0	0	0	0.4	0.9	0	NPRL2	SEC13	0.305222478769616	2.38337207510577e-12	4.59527527844521e-12
9606.ENSP00000232501	9606.ENSP00000382779	NPRL2	SEH1L	9606	0.984	0	0	0	0	0.853	0.9	0.045	NPRL2	SEH1L	-0.369571367074596	8.65855716205304e-18	1.99376479471713e-17
9606.ENSP00000232501	9606.ENSP00000339881	NPRL2	MIOS	9606	0.986	0	0	0	0	0.87	0.9	0	NPRL2	MIOS	-0.482993609919998	7.07892269784341e-31	2.28038749895324e-30
9606.ENSP00000232501	9606.ENSP00000262144	NPRL2	WDR59	9606	0.988	0	0	0	0	0.89	0.9	0	NPRL2	WDR59	0.352883269693429	2.96184599036009e-16	6.48350640605332e-16
9606.ENSP00000232501	9606.ENSP00000483814	NPRL2	NPRL3	9606	0.999	0	0	0	0	0.972	0.9	0.984	NPRL2	NPRL3	0.684486119419395	4.72401181867234e-71	3.32053896486193e-70
9606.ENSP00000232501	9606.ENSP00000498382	NPRL2	DEPDC5	9606	0.999	0	0	0	0	0.972	0.9	0.983	NPRL2	DEPDC5	-0.400217288809626	7.54874882138492e-21	1.88292342285871e-20
9606.ENSP00000232564	9606.ENSP00000421710	GNB4	GNGT2	9606	0.892	0	0	0	0	0.769	0.54	0.07	GNB4	GNGT2	0.356391757188141	1.43378736041932e-16	3.16862015225827e-16
9606.ENSP00000233627	9606.ENSP00000478766	NDUFS7	NDUFC2-KCTD14	9606	0.801	0	0	0	0	0.257	0.744	0	NDUFS7	NDUFC2-KCTD14	0.621368565427971	2.90392672815806e-55	1.48965574635866e-54
9606.ENSP00000233627	9606.ENSP00000258424	NDUFS7	COX5B	9606	0.81	0	0	0	0	0.81	0	0	NDUFS7	COX5B	0.84611805901087	1.46258436308084e-139	5.30552477707576e-138
9606.ENSP00000233627	9606.ENSP00000467262	NDUFS7	UQCR11	9606	0.812	0	0	0	0	0.812	0	0	NDUFS7	UQCR11	0.852152575505998	1.4091777711244e-143	5.89013111988088e-142
9606.ENSP00000233627	9606.ENSP00000292907	NDUFS7	COX7A1	9606	0.812	0	0	0	0	0.812	0	0	NDUFS7	COX7A1	0.41186665250376	4.2495848485142e-22	1.0971792909598e-21
9606.ENSP00000233627	9606.ENSP00000497474	NDUFS7	COX7B	9606	0.814	0	0	0	0	0.814	0	0	NDUFS7	COX7B	0.726400124484498	5.81731249686904e-84	5.28028981507586e-83
9606.ENSP00000233627	9606.ENSP00000425759	NDUFS7	COX7C	9606	0.832	0	0	0	0	0.832	0	0	NDUFS7	COX7C	0.779532922236323	2.89381075059386e-104	4.12236126139998e-103
9606.ENSP00000233627	9606.ENSP00000317780	NDUFS7	COX5A	9606	0.837	0	0	0	0	0.837	0	0	NDUFS7	COX5A	0.711781488707877	3.38894393978751e-79	2.77592770938885e-78
9606.ENSP00000233627	9606.ENSP00000466818	NDUFS7	COX6B1	9606	0.842	0	0	0	0	0.842	0	0	NDUFS7	COX6B1	0.803485659124919	2.22068642044936e-115	4.16922587292128e-114
9606.ENSP00000233627	9606.ENSP00000457513	NDUFS7	COX4I1	9606	0.847	0	0	0	0	0.847	0	0	NDUFS7	COX4I1	0.853377573782223	2.05022473268739e-144	9.01477602160424e-143
9606.ENSP00000233627	9606.ENSP00000430494	NDUFS7	UQCRB	9606	0.866	0	0	0	0	0.866	0	0	NDUFS7	UQCRB	0.65810043737293	5.48451665762903e-64	3.35984533724596e-63
9606.ENSP00000233627	9606.ENSP00000332887	NDUFS7	UQCR10	9606	0.866	0	0	0	0	0.866	0	0	NDUFS7	UQCR10	0.68092899352047	4.67931089218074e-70	3.23098305451256e-69
9606.ENSP00000233627	9606.ENSP00000306397	NDUFS7	UQCRFS1	9606	0.867	0	0	0	0	0.867	0	0	NDUFS7	UQCRFS1	0.368076807680768	1.19820958027878e-17	2.74351097991244e-17
9606.ENSP00000233627	9606.ENSP00000309565	NDUFS7	UQCRH	9606	0.877	0	0	0	0	0.877	0	0	NDUFS7	UQCRH	0.720055235337198	7.41971663915478e-82	6.46329861954503e-81
9606.ENSP00000233627	9606.ENSP00000367939	NDUFS7	UQCRQ	9606	0.878	0	0	0	0	0.878	0	0	NDUFS7	UQCRQ	0.800322299310676	7.95555864018499e-114	1.44552073539104e-112
9606.ENSP00000233627	9606.ENSP00000317159	NDUFS7	CYC1	9606	0.884	0	0	0	0	0.884	0	0	NDUFS7	CYC1	0.807603897035666	1.90598184579423e-117	3.74449857016093e-116
9606.ENSP00000233627	9606.ENSP00000483888	NDUFS7	NDUFB1	9606	0.986	0	0	0	0	0.861	0.9	0.068	NDUFS7	NDUFB1	0.733589663314157	2.02228881830861e-86	1.95250832011032e-85
9606.ENSP00000233627	9606.ENSP00000419087	NDUFS7	NDUFB2	9606	0.993	0	0	0	0	0.8	0.967	0	NDUFS7	NDUFB2	0.736997892335817	1.29425995403425e-87	1.27381766987654e-86
9606.ENSP00000233627	9606.ENSP00000441126	NDUFS7	NDUFC1	9606	0.993	0	0	0	0	0.803	0.967	0	NDUFS7	NDUFC1	0.736478337274721	1.97337311217658e-87	1.93657494689638e-86
9606.ENSP00000233627	9606.ENSP00000418438	NDUFS7	NDUFA3	9606	0.996	0	0	0	0	0.868	0.967	0.156	NDUFS7	NDUFA3	0.832865305164057	2.5619639473398e-131	7.3095134306546e-130
9606.ENSP00000233627	9606.ENSP00000281031	NDUFS7	NDUFC2	9606	0.996	0	0	0	0	0.917	0.944	0.351	NDUFS7	NDUFC2	0.637600561298366	5.6769094056922e-59	3.13371569747911e-58
9606.ENSP00000233627	9606.ENSP00000360492	NDUFS7	NDUFA1	9606	0.996	0	0	0	0	0.898	0.967	0	NDUFS7	NDUFA1	0.753850353979497	8.38937103011037e-94	9.24195678447191e-93
9606.ENSP00000233627	9606.ENSP00000362058	NDUFS7	NDUFS5	9606	0.996	0	0	0	0	0.961	0.9	0	NDUFS7	NDUFS5	0.574739337287766	9.8744006032695e-46	4.25336246511486e-45
9606.ENSP00000233627	9606.ENSP00000458770	NDUFS7	NDUFAB1	9606	0.996	0	0	0	0	0.9	0.967	0	NDUFS7	NDUFAB1	0.651510399487154	2.47600224754741e-62	1.47240953327512e-61
9606.ENSP00000233627	9606.ENSP00000346196	NDUFS7	NDUFV3	9606	0.997	0	0	0	0	0.925	0.967	0	NDUFS7	NDUFV3	0.650654568562446	4.03282701839655e-62	2.39120980886478e-61
9606.ENSP00000233627	9606.ENSP00000268668	NDUFS7	NDUFB10	9606	0.997	0	0	0	0	0.896	0.967	0.235	NDUFS7	NDUFB10	0.86572064038702	2.66396582097914e-153	1.51161457227291e-151
9606.ENSP00000233627	9606.ENSP00000407336	NDUFS7	NDUFB3	9606	0.997	0	0	0	0	0.925	0.967	0	NDUFS7	NDUFB3	0.541622360993863	7.75093902846888e-40	2.96744393939534e-39
9606.ENSP00000233627	9606.ENSP00000369176	NDUFS7	NDUFB6	9606	0.997	0	0	0	0	0.908	0.967	0.331	NDUFS7	NDUFB6	0.665546492537452	6.58649650366532e-66	4.13467521555801e-65
9606.ENSP00000233627	9606.ENSP00000299166	NDUFS7	NDUFB8	9606	0.997	0	0	0	0	0.927	0.967	0.165	NDUFS7	NDUFB8	0.840184919113029	8.88654945734208e-136	2.91163493026527e-134
9606.ENSP00000233627	9606.ENSP00000301457	NDUFS7	NDUFA7	9606	0.997	0	0	0	0	0.91	0.967	0.142	NDUFS7	NDUFA7	0.833998244544951	5.40214136776773e-132	1.5632350391002e-130
9606.ENSP00000233627	9606.ENSP00000276062	NDUFS7	NDUFB11	9606	0.997	0	0	0	0	0.931	0.967	0	NDUFS7	NDUFB11	0.851610192075108	3.29013298171748e-143	1.35845043476848e-141
9606.ENSP00000233627	9606.ENSP00000252711	NDUFS7	NDUFA10	9606	0.997	0	0	0	0	0.897	0.967	0.375	NDUFS7	NDUFA10	0.626239114594689	2.36106354835821e-56	1.24772749535247e-55
9606.ENSP00000233627	9606.ENSP00000259037	NDUFS7	NDUFB5	9606	0.998	0	0	0	0	0.94	0.967	0.174	NDUFS7	NDUFB5	0.506679394647539	2.74159301005195e-34	9.42666222176629e-34
9606.ENSP00000233627	9606.ENSP00000362873	NDUFS7	NDUFA8	9606	0.998	0	0	0	0	0.969	0.967	0	NDUFS7	NDUFA8	0.774266184382413	5.23901762463193e-102	7.04804000177305e-101
9606.ENSP00000233627	9606.ENSP00000389160	NDUFS7	NDUFA11	9606	0.998	0	0	0	0	0.956	0.944	0.416	NDUFS7	NDUFA11	0.801535836813495	2.03131948844671e-114	3.73094250346352e-113
9606.ENSP00000233627	9606.ENSP00000356972	NDUFS7	NDUFS2	9606	0.999	0	0	0	0	0.991	0.967	0.984	NDUFS7	NDUFS2	0.486943197425332	1.99243634987876e-31	6.47796927199697e-31
9606.ENSP00000233627	9606.ENSP00000327268	NDUFS7	NDUFV2	9606	0.999	0	0	0	0	0.974	0.967	0.895	NDUFS7	NDUFV2	0.720615788286903	4.86086439710919e-82	4.26354055970968e-81
9606.ENSP00000233627	9606.ENSP00000296684	NDUFS7	NDUFS4	9606	0.999	0	0	0	0	0.968	0.967	0.134	NDUFS7	NDUFS4	0.514820923086097	1.59281666074948e-35	5.63113081212408e-35
9606.ENSP00000233627	9606.ENSP00000423673	NDUFS7	NDUFA13	9606	0.999	0	0	0	0	0.984	0.967	0.389	NDUFS7	NDUFA13	0.8391065814656	4.16653142291269e-135	1.32248311445388e-133
9606.ENSP00000233627	9606.ENSP00000315774	NDUFS7	NDUFS8	9606	0.999	0	0	0	0	0.991	0.967	0.985	NDUFS7	NDUFS8	0.847751079455771	1.24610348956001e-140	4.70508295295949e-139
9606.ENSP00000233627	9606.ENSP00000276689	NDUFS7	NDUFB9	9606	0.999	0	0	0	0	0.969	0.967	0.536	NDUFS7	NDUFB9	0.762080680117701	5.19850799560516e-97	6.19006397554064e-96
9606.ENSP00000233627	9606.ENSP00000274137	NDUFS7	NDUFS6	9606	0.999	0	0	0	0	0.972	0.967	0.385	NDUFS7	NDUFS6	0.845000959723301	7.75584367566091e-139	2.73528139630861e-137
9606.ENSP00000233627	9606.ENSP00000252102	NDUFS7	NDUFA2	9606	0.999	0	0	0	0	0.984	0.967	0	NDUFS7	NDUFA2	0.840796998954554	3.6780357116489e-136	1.21686673365531e-134
9606.ENSP00000233627	9606.ENSP00000497587	NDUFS7	NDUFV1	9606	0.999	0	0	0	0	0.975	0.979	0.946	NDUFS7	NDUFV1	0.718112587656281	3.1875742800521e-81	2.74840339240146e-80
9606.ENSP00000233627	9606.ENSP00000417142	NDUFS7	NDUFA5	9606	0.999	0	0	0	0	0.984	0.967	0.346	NDUFS7	NDUFA5	0.43042965787262	3.4144752397034e-24	9.36560221703145e-24
9606.ENSP00000233627	9606.ENSP00000266544	NDUFS7	NDUFA9	9606	0.999	0	0	0	0	0.982	0.944	0.909	NDUFS7	NDUFA9	0.69692180398164	1.19620585021821e-74	8.99323672884263e-74
9606.ENSP00000233627	9606.ENSP00000263774	NDUFS7	NDUFS3	9606	0.999	0	0	0	0	0.991	0.967	0.978	NDUFS7	NDUFS3	0.828993240939001	4.79933397587984e-129	1.26944883315134e-127
9606.ENSP00000233627	9606.ENSP00000482543	NDUFS7	NDUFA6	9606	0.999	0	0	0	0	0.991	0.967	0.295	NDUFS7	NDUFA6	0.553715433655167	6.5019236106811e-42	2.60821635520094e-41
9606.ENSP00000233627	9606.ENSP00000330737	NDUFS7	NDUFA12	9606	0.999	0	0	0	0	0.991	0.967	0.315	NDUFS7	NDUFA12	0.704181318752993	7.79017240879492e-77	6.12420906781192e-76
9606.ENSP00000234296	9606.ENSP00000301019	ORC2	CDT1	9606	0.916	0	0	0	0	0.828	0.5	0.11	ORC2	CDT1	-0.421830164382898	3.31176330652441e-23	8.82412904102005e-23
9606.ENSP00000234296	9606.ENSP00000405726	ORC2	CDC45	9606	0.916	0	0	0	0	0.618	0.5	0.598	ORC2	CDC45	-0.357736767465566	1.08306471638029e-16	2.40242156022594e-16
9606.ENSP00000234296	9606.ENSP00000307288	ORC2	MCM7	9606	0.93	0	0	0	0	0.809	0.65	0	ORC2	MCM7	-0.346923481167993	9.95042650603071e-16	2.14396440436474e-15
9606.ENSP00000234296	9606.ENSP00000441953	ORC2	ORC4	9606	0.998	0	0	0	0	0.972	0.9	0.353	ORC2	ORC4	0.313730192895066	5.36542300783025e-13	1.05983277889016e-12
9606.ENSP00000234310	9606.ENSP00000418447	PPP3R1	PPP2CA	9606	0.904	0	0	0	0	0.05	0.9	0.077	PPP3R1	PPP2CA	0.327667145596547	4.19783185221986e-14	8.62057786554733e-14
9606.ENSP00000234310	9606.ENSP00000378306	PPP3R1	PPP3CB	9606	0.994	0	0	0	0	0.774	0.9	0.773	PPP3R1	PPP3CB	0.463338476704813	3.06077495686478e-28	9.29118088370459e-28
9606.ENSP00000234310	9606.ENSP00000378323	PPP3R1	PPP3CA	9606	0.999	0	0	0	0	0.977	0.9	0.987	PPP3R1	PPP3CA	0.487261956009265	1.79736077200395e-31	5.85684740495479e-31
9606.ENSP00000235310	9606.ENSP00000472445	MAD2L2	POLD1	9606	0.954	0	0	0	0	0.352	0.9	0.35	MAD2L2	POLD1	0.485440997515901	3.23325686818293e-31	1.04820268145975e-30
9606.ENSP00000236671	9606.ENSP00000333298	CTSD	LAMP1	9606	0.882	0	0	0	0	0.734	0	0.577	CTSD	LAMP1	0.496000842320257	1.02168131150612e-32	3.40348215184246e-32
9606.ENSP00000240093	9606.ENSP00000290167	FZD3	WNT4	9606	0.837	0	0	0	0	0.078	0.5	0.676	FZD3	WNT4	0.306775366977691	1.82198911041784e-12	3.53099473278267e-12
9606.ENSP00000241416	9606.ENSP00000363708	ACVR2A	BMPR2	9606	0.993	0	0	0	0	0.292	0.9	0.914	ACVR2A	BMPR2	0.358096337584069	1.00458446205565e-16	2.23321610442094e-16
9606.ENSP00000241416	9606.ENSP00000361107	ACVR2A	BMPR1A	9606	0.997	0	0	0	0	0.852	0.9	0.845	ACVR2A	BMPR1A	0.357177146286057	1.21734879019895e-16	2.69557699194479e-16
9606.ENSP00000241416	9606.ENSP00000340361	ACVR2A	ACVR2B	9606	0.998	0	0	0	0	0.184	0.9	0.981	ACVR2A	ACVR2B	0.5021821126212	1.277984608183e-33	4.33260669736807e-33
9606.ENSP00000241453	9606.ENSP00000376345	FLT3	GRB2	9606	0.912	0	0	0	0	0.292	0.8	0.429	FLT3	GRB2	0.357936607770706	1.03873192888497e-16	2.30660258016718e-16
9606.ENSP00000241453	9606.ENSP00000469613	FLT3	FLT3LG	9606	0.999	0	0	0	0	0.9	0.8	0.982	FLT3	FLT3LG	0.456108749068845	2.58932792417286e-27	7.69900577453857e-27
9606.ENSP00000242208	9606.ENSP00000442656	INHBA	ACVR1B	9606	0.988	0	0	0	0	0.943	0.5	0.638	INHBA	ACVR1B	-0.369558508645896	8.6828542771214e-18	1.99890641189306e-17
9606.ENSP00000242208	9606.ENSP00000256759	INHBA	FST	9606	0.992	0	0	0	0	0.963	0.7	0.393	INHBA	FST	0.702531712798609	2.47839668012564e-76	1.93193208595826e-75
9606.ENSP00000243349	9606.ENSP00000447297	ACVR1C	TGFBR1	9606	0.954	0	0	0	0	0.172	0.54	0.889	ACVR1C	TGFBR1	0.349289152517736	6.1699292817445e-16	1.33620408773303e-15
9606.ENSP00000244007	9606.ENSP00000384675	PLCG1	SOS1	9606	0.786	0	0	0	0	0.483	0.5	0.239	PLCG1	SOS1	0.357927128116538	1.0407940025465e-16	2.31067643363164e-16
9606.ENSP00000244007	9606.ENSP00000263923	PLCG1	KDR	9606	0.843	0	0	0	0	0.457	0.7	0.115	PLCG1	KDR	0.37902557336479	1.0660210934454e-18	2.52155944250697e-18
9606.ENSP00000244869	9606.ENSP00000275493	EREG	EGFR	9606	0.999	0	0	0	0	0.964	0.4	0.982	EREG	EGFR	0.43024319998484	3.58938848869823e-24	9.82944698832783e-24
9606.ENSP00000245414	9606.ENSP00000498321	IRF1	MYD88	9606	0.89	0	0	0	0	0.042	0	0.89	IRF1	MYD88	0.594851596960938	1.18598428735963e-49	5.48544736189062e-49
9606.ENSP00000245414	9606.ENSP00000354394	IRF1	STAT1	9606	0.987	0	0	0	0	0.57	0	0.973	IRF1	STAT1	0.699591884654304	1.91145772913194e-75	1.46194850563201e-74
9606.ENSP00000245919	9606.ENSP00000306245	FOSB	FOS	9606	0.998	0	0	0	0	0.359	0.9	0.982	FOSB	FOS	0.886873966899795	8.3784974445277e-171	1.00118115934197e-168
9606.ENSP00000245919	9606.ENSP00000360266	FOSB	JUN	9606	0.999	0	0	0	0	0.601	0.9	0.985	FOSB	JUN	0.829361103812244	2.93590386211437e-129	7.90980783222697e-128
9606.ENSP00000245919	9606.ENSP00000303315	FOSB	JUNB	9606	0.999	0	0	0	0	0.638	0.9	0.983	FOSB	JUNB	0.640419911556373	1.22191207820206e-59	6.81920932873532e-59
9606.ENSP00000245919	9606.ENSP00000252818	FOSB	JUND	9606	0.999	0	0	0	0	0.954	0.9	0.983	FOSB	JUND	0.524647371569455	4.62852107556799e-37	1.67839659280772e-36
9606.ENSP00000245932	9606.ENSP00000267257	VASP	PXN	9606	0.736	0	0	0	0	0.12	0	0.713	VASP	PXN	0.350974165739555	4.37890446229481e-16	9.52592260088422e-16
9606.ENSP00000245932	9606.ENSP00000494750	VASP	ACTB	9606	0.921	0	0	0	0	0.219	0.9	0.08	VASP	ACTB	0.606495649564956	4.73329403556831e-52	2.29370551141543e-51
9606.ENSP00000245932	9606.ENSP00000458162	VASP	ACTG1	9606	0.952	0	0	0	0	0.528	0.9	0.08	VASP	ACTG1	0.444672883437412	6.84787014536168e-26	1.95760813584122e-25
9606.ENSP00000245932	9606.ENSP00000324422	VASP	ZYX	9606	0.992	0	0	0	0	0.582	0	0.982	VASP	ZYX	0.674583918019131	2.58155446312241e-68	1.70931216961762e-67
9606.ENSP00000245960	9606.ENSP00000481380	CDC25B	CCNA2	9606	0.892	0	0	0	0	0.292	0	0.855	CDC25B	CCNA2	0.51241956493786	3.71662720852252e-35	1.30531751580094e-34
9606.ENSP00000245960	9606.ENSP00000379287	CDC25B	YWHAZ	9606	0.966	0	0	0	0	0.506	0.9	0.374	CDC25B	YWHAZ	0.390139169196423	8.31274281780836e-20	2.01557719743327e-19
9606.ENSP00000245960	9606.ENSP00000248975	CDC25B	YWHAH	9606	0.968	0	0	0	0	0.526	0.9	0.393	CDC25B	YWHAH	0.516429624328892	8.99508947420789e-36	3.19675030754127e-35
9606.ENSP00000246792	9606.ENSP00000401888	RRAS	RAF1	9606	0.768	0	0	0	0	0.501	0	0.554	RRAS	RAF1	-0.314196264346932	4.93766856448956e-13	9.76667957342171e-13
9606.ENSP00000246792	9606.ENSP00000381185	RRAS	BCL2	9606	0.884	0	0	0	0	0.292	0	0.844	RRAS	BCL2	-0.636633290658258	9.58014292142719e-59	5.27401147170385e-58
9606.ENSP00000247461	9606.ENSP00000299767	CANX	HSP90B1	9606	0.761	0	0	0	0	0.345	0	0.65	CANX	HSP90B1	0.669862452083718	4.78490080860561e-67	3.07596439955741e-66
9606.ENSP00000247461	9606.ENSP00000324173	CANX	HSPA5	9606	0.784	0	0	0	0	0.509	0	0.578	CANX	HSPA5	0.648472828649324	1.38869061239106e-61	8.14372433606006e-61
9606.ENSP00000247461	9606.ENSP00000300289	CANX	PDIA3	9606	0.997	0	0	0	0	0.509	0.7	0.985	CANX	PDIA3	0.461099805632737	5.96148808674329e-28	1.79622766232725e-27
9606.ENSP00000247461	9606.ENSP00000320866	CANX	CALR	9606	0.999	0	0	0	0	0.457	0.9	0.986	CANX	CALR	0.469299197000445	5.06329814823992e-29	1.56220896997791e-28
9606.ENSP00000247668	9606.ENSP00000258080	TRAF2	HTRA2	9606	0.779	0	0	0	0	0.541	0.54	0	TRAF2	HTRA2	0.510428558383789	7.4651432573031e-35	2.59936441770406e-34
9606.ENSP00000247668	9606.ENSP00000358335	TRAF2	MAP3K7	9606	0.782	0	0	0	0	0.563	0.5	0.084	TRAF2	MAP3K7	-0.534178448900791	1.33700452912806e-38	5.00366801855332e-38
9606.ENSP00000247668	9606.ENSP00000499058	TRAF2	DIABLO	9606	0.793	0	0	0	0	0.57	0.54	0	TRAF2	DIABLO	0.347464653297628	8.92307804677326e-16	1.92505742823016e-15
9606.ENSP00000247668	9606.ENSP00000312455	TRAF2	CFLAR	9606	0.794	0	0	0	0	0.457	0.5	0.304	TRAF2	CFLAR	-0.334714775825409	1.09996281696312e-14	2.29883175553383e-14
9606.ENSP00000247668	9606.ENSP00000358866	TRAF2	FLNA	9606	0.811	0	0	0	0	0.657	0	0.473	TRAF2	FLNA	-0.3125697662934	6.59426550997169e-13	1.29802237955005e-12
9606.ENSP00000247668	9606.ENSP00000272317	TRAF2	RPS27A	9606	0.821	0	0	0	0	0.658	0.5	0	TRAF2	RPS27A	0.368006831739074	1.21652357693035e-17	2.7848163107689e-17
9606.ENSP00000247668	9606.ENSP00000382423	TRAF2	MAP3K1	9606	0.821	0	0	0	0	0.657	0.5	0	TRAF2	MAP3K1	-0.393591098240259	3.68899184292972e-20	9.03087253522225e-20
9606.ENSP00000247668	9606.ENSP00000329967	TRAF2	TBK1	9606	0.889	0	0	0	0	0.734	0.5	0.236	TRAF2	TBK1	-0.317737270621472	2.61404937321913e-13	5.22655501649345e-13
9606.ENSP00000247668	9606.ENSP00000356426	TRAF2	TAB2	9606	0.896	0	0	0	0	0.457	0.5	0.649	TRAF2	TAB2	-0.432696095696526	1.85574299656411e-24	5.12195152611459e-24
9606.ENSP00000247668	9606.ENSP00000359424	TRAF2	CHUK	9606	0.905	0	0	0	0	0.657	0.54	0.448	TRAF2	CHUK	-0.420081324902676	5.21530849942949e-23	1.37983559334997e-22
9606.ENSP00000247668	9606.ENSP00000360242	TRAF2	XIAP	9606	0.926	0	0	0	0	0.292	0.9	0	TRAF2	XIAP	-0.442156451670012	1.38477611218062e-25	3.92772157816772e-25
9606.ENSP00000247668	9606.ENSP00000351908	TRAF2	MAP3K5	9606	0.997	0	0	0	0	0.457	0.72	0.983	TRAF2	MAP3K5	-0.318074664609318	2.45925978499754e-13	4.92191165245714e-13
9606.ENSP00000247668	9606.ENSP00000341268	TRAF2	TRADD	9606	0.999	0	0	0	0	0.972	0.9	0.984	TRAF2	TRADD	0.429969363395967	3.86242483685677e-24	1.05714494928467e-23
9606.ENSP00000247668	9606.ENSP00000401445	TRAF2	ERN1	9606	0.999	0	0	0	0	0.542	0.9	0.982	TRAF2	ERN1	-0.358577224182045	9.08304884277043e-17	2.02183929642821e-16
9606.ENSP00000247668	9606.ENSP00000477613	TRAF2	BIRC2	9606	0.999	0	0	0	0	0.586	0.9	0.982	TRAF2	BIRC2	-0.465576588714772	1.56399205057515e-28	4.78766342908132e-28
9606.ENSP00000248244	9606.ENSP00000433623	TICAM1	TRAF6	9606	0.816	0	0	0	0	0.46	0.5	0.373	TICAM1	TRAF6	-0.436782653420621	6.10907606658667e-25	1.70607329140283e-24
9606.ENSP00000248244	9606.ENSP00000312455	TICAM1	CFLAR	9606	0.926	0	0	0	0	0.292	0.9	0	TICAM1	CFLAR	0.366860661221402	1.55881798686973e-17	3.55556126041676e-17
9606.ENSP00000248553	9606.ENSP00000348056	HSPB1	UBE2I	9606	0.745	0	0	0	0	0.457	0	0.549	HSPB1	UBE2I	0.323047988028616	9.91177997160465e-14	2.01200777330602e-13
9606.ENSP00000248553	9606.ENSP00000302961	HSPB1	HSPA4	9606	0.891	0	0	0	0	0.292	0	0.852	HSPB1	HSPA4	-0.324137506918394	8.10430564179588e-14	1.65126243538056e-13
9606.ENSP00000248553	9606.ENSP00000266000	HSPB1	DAXX	9606	0.902	0	0	0	0	0.657	0	0.728	HSPB1	DAXX	0.336844895669691	7.28804073440107e-15	1.53101612697646e-14
9606.ENSP00000248553	9606.ENSP00000451828	HSPB1	AKT1	9606	0.953	0	0	0	0	0.54	0	0.902	HSPB1	AKT1	0.340792526457615	3.37004468801255e-15	7.14604256704458e-15
9606.ENSP00000248553	9606.ENSP00000437125	HSPB1	HSPA8	9606	0.956	0	0	0	0	0.188	0.8	0.751	HSPB1	HSPA8	-0.316431301515245	3.30833989388141e-13	6.58362231625264e-13
9606.ENSP00000248564	9606.ENSP00000367872	GNG11	GNB1	9606	0.902	0	0	0	0	0.79	0.54	0.07	GNG11	GNB1	-0.363569928421414	3.15898155175583e-17	7.14605247687839e-17
9606.ENSP00000248975	9606.ENSP00000419060	YWHAH	BRAF	9606	0.748	0	0	0	0	0.709	0	0.171	YWHAH	BRAF	-0.317115220838854	2.92483403319951e-13	5.8330137983914e-13
9606.ENSP00000248975	9606.ENSP00000371267	YWHAH	YWHAQ	9606	0.819	0	0	0	0	0.629	0.5	0.105	YWHAH	YWHAQ	0.365718870023648	1.99356542844932e-17	4.52888482593597e-17
9606.ENSP00000248975	9606.ENSP00000306330	YWHAH	YWHAG	9606	0.925	0	0	0	0	0.729	0.5	0.497	YWHAH	YWHAG	0.462252125833701	4.23247458846836e-28	1.28096675789848e-27
9606.ENSP00000248975	9606.ENSP00000379287	YWHAH	YWHAZ	9606	0.93	0	0	0	0	0.725	0.5	0.533	YWHAH	YWHAZ	0.544447860935162	2.58088398592489e-40	9.99391484751775e-40
9606.ENSP00000248975	9606.ENSP00000361930	YWHAH	YWHAB	9606	0.941	0	0	0	0	0.729	0.5	0.6	YWHAH	YWHAB	0.367432488590474	1.37762200057434e-17	3.14721247409663e-17
9606.ENSP00000249071	9606.ENSP00000485033	RAC2	DOCK1	9606	0.787	0	0	0	0	0.648	0	0.421	RAC2	DOCK1	-0.36607424717627	1.84681899460927e-17	4.19927032197142e-17
9606.ENSP00000249071	9606.ENSP00000348461	RAC2	RAC1	9606	0.811	0	0	0	0	0.607	0.54	0	RAC2	RAC1	0.318955560152288	2.09620529681967e-13	4.20607609636456e-13
9606.ENSP00000249071	9606.ENSP00000314067	RAC2	PAK2	9606	0.835	0	0	0	0	0.424	0.5	0.472	RAC2	PAK2	0.30137603822494	4.60417307907852e-12	8.78868369934233e-12
9606.ENSP00000249071	9606.ENSP00000400175	RAC2	RHOA	9606	0.914	0	0	0	0	0.165	0.9	0.055	RAC2	RHOA	0.331890114477286	1.88931039920011e-14	3.92267492327791e-14
9606.ENSP00000249071	9606.ENSP00000497733	RAC2	CDC42	9606	0.923	0	0	0	0	0.164	0.9	0.16	RAC2	CDC42	0.31622659160326	3.43241420923059e-13	6.8238463736847e-13
9606.ENSP00000249071	9606.ENSP00000367851	RAC2	CYBB	9606	0.996	0	0	0	0	0.186	0.8	0.982	RAC2	CYBB	0.744109162469042	3.63208121719669e-90	3.76823788795371e-89
9606.ENSP00000249075	9606.ENSP00000398368	LIF	LIFR	9606	0.994	0	0	0	0	0.457	0.5	0.982	LIF	LIFR	-0.455463620896251	3.12511839334649e-27	9.27852309886593e-27
9606.ENSP00000250111	9606.ENSP00000354490	ATP1B2	ATP1A2	9606	0.971	0	0	0	0	0.185	0.9	0.684	ATP1B2	ATP1A2	0.377699943907434	1.43589165425928e-18	3.38070271959005e-18
9606.ENSP00000250416	9606.ENSP00000355759	PARP2	PARP1	9606	0.934	0	0	0	0	0.457	0.8	0.443	PARP2	PARP1	-0.350349693354429	4.97345583423825e-16	1.08123696293574e-15
9606.ENSP00000250457	9606.ENSP00000263734	EGLN3	EPAS1	9606	0.938	0	0	0	0	0.608	0.5	0.711	EGLN3	EPAS1	-0.31967973194835	1.83752867663095e-13	3.69506607969522e-13
9606.ENSP00000251871	9606.ENSP00000380888	MED17	MED13	9606	0.979	0	0	0	0	0.625	0.9	0.502	MED17	MED13	0.588047438284201	2.69868164233515e-48	1.22095810428499e-47
9606.ENSP00000251871	9606.ENSP00000300651	MED17	MED1	9606	0.994	0	0	0	0	0.944	0.9	0.101	MED17	MED1	0.347168164021371	9.47228730234777e-16	2.0422420320515e-15
9606.ENSP00000251871	9606.ENSP00000323720	MED17	MED14	9606	0.999	0	0	0	0	0.979	0.9	0.939	MED17	MED14	0.429647995855486	4.20909859760964e-24	1.15078908360487e-23
9606.ENSP00000252102	9606.ENSP00000261584	NDUFA2	PALB2	9606	0.722	0	0	0	0	0.5	0.467	0	NDUFA2	PALB2	-0.375215844565823	2.49994119110671e-18	5.85336622362169e-18
9606.ENSP00000252102	9606.ENSP00000478766	NDUFA2	NDUFC2-KCTD14	9606	0.77	0	0	0	0	0.14	0.744	0	NDUFA2	NDUFC2-KCTD14	0.682136940402115	2.15570821328861e-70	1.49969372071044e-69
9606.ENSP00000252102	9606.ENSP00000292907	NDUFA2	COX7A1	9606	0.807	0	0	0	0	0.807	0	0	NDUFA2	COX7A1	0.407680488545749	1.21068293802174e-21	3.09122840660805e-21
9606.ENSP00000252102	9606.ENSP00000425759	NDUFA2	COX7C	9606	0.807	0	0	0	0	0.807	0	0	NDUFA2	COX7C	0.853145097118407	2.95979757456178e-144	1.27384169342474e-142
9606.ENSP00000252102	9606.ENSP00000467262	NDUFA2	UQCR11	9606	0.807	0	0	0	0	0.807	0	0	NDUFA2	UQCR11	0.89148166369432	4.41956465582541e-175	6.23465530683593e-173
9606.ENSP00000252102	9606.ENSP00000497474	NDUFA2	COX7B	9606	0.814	0	0	0	0	0.814	0	0	NDUFA2	COX7B	0.805312487770516	2.72877134226699e-116	5.20979897056501e-115
9606.ENSP00000252102	9606.ENSP00000317780	NDUFA2	COX5A	9606	0.838	0	0	0	0	0.838	0	0	NDUFA2	COX5A	0.752080549669874	3.95350327682639e-93	4.30393706138538e-92
9606.ENSP00000252102	9606.ENSP00000466818	NDUFA2	COX6B1	9606	0.842	0	0	0	0	0.842	0	0	NDUFA2	COX6B1	0.879220313335681	4.29978734356501e-164	3.93449910347656e-162
9606.ENSP00000252102	9606.ENSP00000258424	NDUFA2	COX5B	9606	0.842	0	0	0	0	0.842	0	0	NDUFA2	COX5B	0.848498265975666	3.99920006282793e-141	1.54448194061382e-139
9606.ENSP00000252102	9606.ENSP00000309565	NDUFA2	UQCRH	9606	0.88	0	0	0	0	0.88	0	0	NDUFA2	UQCRH	0.788267429227395	3.76798050616921e-108	5.92436191968431e-107
9606.ENSP00000252102	9606.ENSP00000367939	NDUFA2	UQCRQ	9606	0.887	0	0	0	0	0.887	0	0	NDUFA2	UQCRQ	0.937617799046985	6.08823744393872e-233	3.25464356410977e-230
9606.ENSP00000252102	9606.ENSP00000332887	NDUFA2	UQCR10	9606	0.896	0	0	0	0	0.896	0	0	NDUFA2	UQCR10	0.786157808327416	3.39802276395225e-107	5.18223982184129e-106
9606.ENSP00000252102	9606.ENSP00000430494	NDUFA2	UQCRB	9606	0.896	0	0	0	0	0.896	0	0	NDUFA2	UQCRB	0.733812170036879	1.69226114013694e-86	1.6354230637841e-85
9606.ENSP00000252102	9606.ENSP00000457513	NDUFA2	COX4I1	9606	0.902	0	0	0	0	0.889	0	0.145	NDUFA2	COX4I1	0.914328482537695	1.33407096620185e-199	4.23442462616007e-197
9606.ENSP00000252102	9606.ENSP00000317159	NDUFA2	CYC1	9606	0.946	0	0	0	0	0.946	0	0	NDUFA2	CYC1	0.775710335008656	1.27729586826861e-102	1.73674620267795e-101
9606.ENSP00000252102	9606.ENSP00000306397	NDUFA2	UQCRFS1	9606	0.947	0	0	0	0	0.946	0	0.055	NDUFA2	UQCRFS1	0.347608518615837	8.66797863255978e-16	1.87081723270101e-15
9606.ENSP00000252102	9606.ENSP00000483888	NDUFA2	NDUFB1	9606	0.988	0	0	0	0	0.861	0.9	0.26	NDUFA2	NDUFB1	0.867947477977611	5.34777203171934e-155	3.23317384084365e-153
9606.ENSP00000252102	9606.ENSP00000419087	NDUFA2	NDUFB2	9606	0.993	0	0	0	0	0.8	0.967	0	NDUFA2	NDUFB2	0.786278286213714	2.99897540091521e-107	4.58743872697226e-106
9606.ENSP00000252102	9606.ENSP00000441126	NDUFA2	NDUFC1	9606	0.993	0	0	0	0	0.803	0.967	0	NDUFA2	NDUFC1	0.840862502399308	3.34595007566946e-136	1.11061486662009e-134
9606.ENSP00000252102	9606.ENSP00000362058	NDUFA2	NDUFS5	9606	0.994	0	0	0	0	0.951	0.9	0	NDUFA2	NDUFS5	0.67836960714705	2.38786489135613e-69	1.61690291343362e-68
9606.ENSP00000252102	9606.ENSP00000369176	NDUFA2	NDUFB6	9606	0.997	0	0	0	0	0.869	0.967	0.513	NDUFA2	NDUFB6	0.804676275080924	5.67754099094082e-116	1.07587283292884e-114
9606.ENSP00000252102	9606.ENSP00000389160	NDUFA2	NDUFA11	9606	0.997	0	0	0	0	0.949	0.944	0.121	NDUFA2	NDUFA11	0.848386919437285	4.73910171504063e-141	1.82329758029044e-139
9606.ENSP00000252102	9606.ENSP00000458770	NDUFA2	NDUFAB1	9606	0.997	0	0	0	0	0.9	0.967	0.2	NDUFA2	NDUFAB1	0.730288215156919	2.78494992544347e-85	2.60467185936734e-84
9606.ENSP00000252102	9606.ENSP00000418438	NDUFA2	NDUFA3	9606	0.997	0	0	0	0	0.867	0.967	0.371	NDUFA2	NDUFA3	0.890543650638356	3.40188415184109e-174	4.54643912240131e-172
9606.ENSP00000252102	9606.ENSP00000281031	NDUFA2	NDUFC2	9606	0.997	0	0	0	0	0.949	0.944	0.08	NDUFA2	NDUFC2	0.716219230618714	1.30420714552685e-80	1.10574557404977e-79
9606.ENSP00000252102	9606.ENSP00000299166	NDUFA2	NDUFB8	9606	0.998	0	0	0	0	0.951	0.967	0.171	NDUFA2	NDUFB8	0.878085696768434	3.88436404622246e-163	3.43073787978101e-161
9606.ENSP00000252102	9606.ENSP00000259037	NDUFA2	NDUFB5	9606	0.998	0	0	0	0	0.951	0.967	0	NDUFA2	NDUFB5	0.527061215438314	1.90637288117413e-37	6.96762481255329e-37
9606.ENSP00000252102	9606.ENSP00000263774	NDUFA2	NDUFS3	9606	0.998	0	0	0	0	0.951	0.967	0	NDUFA2	NDUFS3	0.868741159830269	1.30531623986816e-155	8.03521033232783e-154
9606.ENSP00000252102	9606.ENSP00000276062	NDUFA2	NDUFB11	9606	0.998	0	0	0	0	0.951	0.967	0.111	NDUFA2	NDUFB11	0.856184251965569	2.31517450794853e-146	1.07868015950611e-144
9606.ENSP00000252102	9606.ENSP00000330737	NDUFA2	NDUFA12	9606	0.998	0	0	0	0	0.951	0.967	0.143	NDUFA2	NDUFA12	0.840519610967308	5.48834376193446e-136	1.80990609058339e-134
9606.ENSP00000252102	9606.ENSP00000362873	NDUFA2	NDUFA8	9606	0.998	0	0	0	0	0.951	0.967	0.065	NDUFA2	NDUFA8	0.823147594262532	1.01368632521879e-125	2.48096674825236e-124
9606.ENSP00000252102	9606.ENSP00000266544	NDUFA2	NDUFA9	9606	0.998	0	0	0	0	0.969	0.944	0.11	NDUFA2	NDUFA9	0.687154057020609	8.27894333023988e-72	5.91344777814673e-71
9606.ENSP00000252102	9606.ENSP00000356972	NDUFA2	NDUFS2	9606	0.998	0	0	0	0	0.951	0.967	0.104	NDUFA2	NDUFS2	0.451043768973171	1.12150743620208e-26	3.2808614716315e-26
9606.ENSP00000252102	9606.ENSP00000296684	NDUFA2	NDUFS4	9606	0.998	0	0	0	0	0.951	0.967	0.22	NDUFA2	NDUFS4	0.553497492606403	7.09929210219317e-42	2.84560023212218e-41
9606.ENSP00000252102	9606.ENSP00000360492	NDUFA2	NDUFA1	9606	0.998	0	0	0	0	0.901	0.967	0.419	NDUFA2	NDUFA1	0.873886115319606	1.11173936239667e-159	8.49017797282933e-158
9606.ENSP00000252102	9606.ENSP00000423673	NDUFA2	NDUFA13	9606	0.998	0	0	0	0	0.951	0.967	0	NDUFA2	NDUFA13	0.867475536373513	1.23160429221805e-154	7.40201467222408e-153
9606.ENSP00000252102	9606.ENSP00000346196	NDUFA2	NDUFV3	9606	0.998	0	0	0	0	0.951	0.967	0.228	NDUFA2	NDUFV3	0.6802752635512	7.10666485426927e-70	4.88048647226592e-69
9606.ENSP00000252102	9606.ENSP00000268668	NDUFA2	NDUFB10	9606	0.998	0	0	0	0	0.951	0.967	0	NDUFA2	NDUFB10	0.883630754379786	6.67078870475235e-168	7.05783342439266e-166
9606.ENSP00000252102	9606.ENSP00000315774	NDUFA2	NDUFS8	9606	0.998	0	0	0	0	0.951	0.967	0	NDUFA2	NDUFS8	0.835938096915282	3.65712294457268e-133	1.09573444684439e-131
9606.ENSP00000252102	9606.ENSP00000276689	NDUFA2	NDUFB9	9606	0.998	0	0	0	0	0.951	0.967	0	NDUFA2	NDUFB9	0.740783674640756	5.80689487028839e-89	5.87456486031068e-88
9606.ENSP00000252102	9606.ENSP00000497587	NDUFA2	NDUFV1	9606	0.999	0	0	0	0	0.951	0.967	0.854	NDUFA2	NDUFV1	0.602520252025202	3.20098309451866e-51	1.51927034070215e-50
9606.ENSP00000252102	9606.ENSP00000417142	NDUFA2	NDUFA5	9606	0.999	0	0	0	0	0.951	0.967	0.421	NDUFA2	NDUFA5	0.54538056290101	1.79109615785873e-40	6.97017765339891e-40
9606.ENSP00000252102	9606.ENSP00000274137	NDUFA2	NDUFS6	9606	0.999	0	0	0	0	0.951	0.967	0.688	NDUFA2	NDUFS6	0.873982367180817	9.29333678690731e-160	7.15094104125891e-158
9606.ENSP00000252102	9606.ENSP00000482543	NDUFA2	NDUFA6	9606	0.999	0	0	0	0	0.951	0.967	0.445	NDUFA2	NDUFA6	0.633798473015003	4.39293265817402e-58	2.39244059029885e-57
9606.ENSP00000252102	9606.ENSP00000301457	NDUFA2	NDUFA7	9606	0.999	0	0	0	0	0.951	0.967	0.609	NDUFA2	NDUFA7	0.86978697869787	2.00704689719004e-156	1.27409845842245e-154
9606.ENSP00000252102	9606.ENSP00000252711	NDUFA2	NDUFA10	9606	0.999	0	0	0	0	0.963	0.967	0.34	NDUFA2	NDUFA10	0.52838237239873	1.16961937092558e-37	4.29805497485205e-37
9606.ENSP00000252102	9606.ENSP00000327268	NDUFA2	NDUFV2	9606	0.999	0	0	0	0	0.951	0.967	0.895	NDUFA2	NDUFV2	0.829354301889816	2.96273657477746e-129	7.96098290741129e-128
9606.ENSP00000252102	9606.ENSP00000407336	NDUFA2	NDUFB3	9606	0.999	0	0	0	0	0.951	0.967	0.411	NDUFA2	NDUFB3	0.705683052777327	2.69736312223617e-77	2.14039978379318e-76
9606.ENSP00000252599	9606.ENSP00000375069	COLGALT1	COL23A1	9606	0.796	0	0	0	0	0.61	0.5	0	COLGALT1	COL23A1	-0.304654471658346	2.62836389805109e-12	5.05803185155456e-12
9606.ENSP00000252699	9606.ENSP00000494750	ACTN4	ACTB	9606	0.941	0	0	0	0	0.178	0.9	0.341	ACTN4	ACTB	0.331862161371417	1.89939838384996e-14	3.94281409866423e-14
9606.ENSP00000252699	9606.ENSP00000324422	ACTN4	ZYX	9606	0.947	0	0	0	0	0.14	0.9	0.433	ACTN4	ZYX	0.469073988144156	5.422961026284e-29	1.67216196551204e-28
9606.ENSP00000252699	9606.ENSP00000377941	ACTN4	ACTN1	9606	0.998	0	0	0	0	0.933	0.9	0.771	ACTN4	ACTN1	0.475046821452331	8.6354457146902e-30	2.71296696950536e-29
9606.ENSP00000252711	9606.ENSP00000497474	NDUFA10	COX7B	9606	0.814	0	0	0	0	0.814	0	0	NDUFA10	COX7B	0.483502822331923	6.01704862438989e-31	1.94201343749374e-30
9606.ENSP00000252711	9606.ENSP00000467262	NDUFA10	UQCR11	9606	0.817	0	0	0	0	0.817	0	0	NDUFA10	UQCR11	0.54111510529935	9.43225917274074e-40	3.60570027916928e-39
9606.ENSP00000252711	9606.ENSP00000425759	NDUFA10	COX7C	9606	0.817	0	0	0	0	0.817	0	0	NDUFA10	COX7C	0.613618380471587	1.43938806754901e-53	7.13164126931476e-53
9606.ENSP00000252711	9606.ENSP00000478766	NDUFA10	NDUFC2-KCTD14	9606	0.827	0	0	0	0	0.354	0.744	0	NDUFA10	NDUFC2-KCTD14	0.500853967384316	2.00475804236496e-33	6.7756028787376e-33
9606.ENSP00000252711	9606.ENSP00000309565	NDUFA10	UQCRH	9606	0.832	0	0	0	0	0.832	0	0	NDUFA10	UQCRH	0.624908639932316	4.70698461181405e-56	2.46819012401628e-55
9606.ENSP00000252711	9606.ENSP00000306397	NDUFA10	UQCRFS1	9606	0.842	0	0	0	0	0.842	0	0	NDUFA10	UQCRFS1	0.576477461410737	4.63838308541382e-46	2.01075787445788e-45
9606.ENSP00000252711	9606.ENSP00000332887	NDUFA10	UQCR10	9606	0.842	0	0	0	0	0.842	0	0	NDUFA10	UQCR10	0.482653234267526	7.89008651980272e-31	2.53847351224695e-30
9606.ENSP00000252711	9606.ENSP00000317780	NDUFA10	COX5A	9606	0.843	0	0	0	0	0.843	0	0	NDUFA10	COX5A	0.583989206374054	1.68026843125312e-47	7.48858554464148e-47
9606.ENSP00000252711	9606.ENSP00000268379	NDUFA10	UQCRC2	9606	0.861	0	0	0	0	0.861	0	0	NDUFA10	UQCRC2	0.515494965645633	1.25414638856682e-35	4.44309901244267e-35
9606.ENSP00000252711	9606.ENSP00000317159	NDUFA10	CYC1	9606	0.864	0	0	0	0	0.864	0	0	NDUFA10	CYC1	0.702474967993694	2.57868812811938e-76	2.00702952623054e-75
9606.ENSP00000252711	9606.ENSP00000457513	NDUFA10	COX4I1	9606	0.867	0	0	0	0	0.867	0	0	NDUFA10	COX4I1	0.565438500371776	5.21902175432584e-44	2.17698578885781e-43
9606.ENSP00000252711	9606.ENSP00000367939	NDUFA10	UQCRQ	9606	0.867	0	0	0	0	0.866	0	0	NDUFA10	UQCRQ	0.471174011811119	2.85410058537572e-29	8.84893151576958e-29
9606.ENSP00000252711	9606.ENSP00000466818	NDUFA10	COX6B1	9606	0.877	0	0	0	0	0.877	0	0	NDUFA10	COX6B1	0.479156952962377	2.38774071230621e-30	7.60259636830537e-30
9606.ENSP00000252711	9606.ENSP00000258424	NDUFA10	COX5B	9606	0.887	0	0	0	0	0.865	0	0.191	NDUFA10	COX5B	0.566410429862862	3.46802191633938e-44	1.44957607424935e-43
9606.ENSP00000252711	9606.ENSP00000430494	NDUFA10	UQCRB	9606	0.912	0	0	0	0	0.911	0	0	NDUFA10	UQCRB	0.500166786865022	2.52869208455643e-33	8.53570139675627e-33
9606.ENSP00000252711	9606.ENSP00000483888	NDUFA10	NDUFB1	9606	0.985	0	0	0	0	0.861	0.9	0	NDUFA10	NDUFB1	0.439583834159813	2.82751127590632e-25	7.96423517176387e-25
9606.ENSP00000252711	9606.ENSP00000419087	NDUFA10	NDUFB2	9606	0.993	0	0	0	0	0.8	0.967	0	NDUFA10	NDUFB2	0.658009682955873	5.7837334954157e-64	3.54101151976716e-63
9606.ENSP00000252711	9606.ENSP00000296684	NDUFA10	NDUFS4	9606	0.995	0	0	0	0	0.877	0.967	0	NDUFA10	NDUFS4	0.591589096797878	5.35550392514416e-49	2.4491604397879e-48
9606.ENSP00000252711	9606.ENSP00000315774	NDUFA10	NDUFS8	9606	0.995	0	0	0	0	0.867	0.967	0.075	NDUFA10	NDUFS8	0.481150848004055	1.27177638796225e-30	4.07875995343625e-30
9606.ENSP00000252711	9606.ENSP00000423673	NDUFA10	NDUFA13	9606	0.995	0	0	0	0	0.86	0.967	0.055	NDUFA10	NDUFA13	0.472031333568139	2.19335168721974e-29	6.82323831151328e-29
9606.ENSP00000252711	9606.ENSP00000274137	NDUFA10	NDUFS6	9606	0.996	0	0	0	0	0.89	0.967	0	NDUFA10	NDUFS6	0.549675837148932	3.28130428017807e-41	1.29480215904307e-40
9606.ENSP00000252711	9606.ENSP00000259037	NDUFA10	NDUFB5	9606	0.996	0	0	0	0	0.868	0.967	0.155	NDUFA10	NDUFB5	0.638423128027088	3.63252674557555e-59	2.00956286246247e-58
9606.ENSP00000252711	9606.ENSP00000497587	NDUFA10	NDUFV1	9606	0.996	0	0	0	0	0.894	0.967	0.12	NDUFA10	NDUFV1	0.73598990333816	2.93108283850283e-87	2.86259696064166e-86
9606.ENSP00000252711	9606.ENSP00000418438	NDUFA10	NDUFA3	9606	0.996	0	0	0	0	0.868	0.967	0.191	NDUFA10	NDUFA3	0.478870713158272	2.61284654209357e-30	8.30371787485746e-30
9606.ENSP00000252711	9606.ENSP00000369176	NDUFA10	NDUFB6	9606	0.996	0	0	0	0	0.876	0.967	0.295	NDUFA10	NDUFB6	0.520491862850881	2.0961980548514e-36	7.52069362173285e-36
9606.ENSP00000252711	9606.ENSP00000458770	NDUFA10	NDUFAB1	9606	0.996	0	0	0	0	0.9	0.967	0	NDUFA10	NDUFAB1	0.527595026583404	1.56529448202493e-37	5.73753015298708e-37
9606.ENSP00000252711	9606.ENSP00000441126	NDUFA10	NDUFC1	9606	0.996	0	0	0	0	0.906	0.967	0	NDUFA10	NDUFC1	0.430867683041596	3.03599947283035e-24	8.34099178943409e-24
9606.ENSP00000252711	9606.ENSP00000362873	NDUFA10	NDUFA8	9606	0.996	0	0	0	0	0.877	0.967	0.197	NDUFA10	NDUFA8	0.508575360641654	1.4228993982148e-34	4.91912497878413e-34
9606.ENSP00000252711	9606.ENSP00000330737	NDUFA10	NDUFA12	9606	0.996	0	0	0	0	0.891	0.967	0	NDUFA10	NDUFA12	0.459454392644233	9.70047474554422e-28	2.91157570893891e-27
9606.ENSP00000252711	9606.ENSP00000301457	NDUFA10	NDUFA7	9606	0.996	0	0	0	0	0.901	0.967	0.094	NDUFA10	NDUFA7	0.528308948907313	1.20187716324904e-37	4.41499687056799e-37
9606.ENSP00000252711	9606.ENSP00000299166	NDUFA10	NDUFB8	9606	0.997	0	0	0	0	0.861	0.967	0.447	NDUFA10	NDUFB8	0.496068488836461	9.98929603466249e-33	3.33096782088204e-32
9606.ENSP00000252711	9606.ENSP00000281031	NDUFA10	NDUFC2	9606	0.997	0	0	0	0	0.95	0.944	0	NDUFA10	NDUFC2	0.509661152450649	9.75552125763362e-35	3.38758391158238e-34
9606.ENSP00000252711	9606.ENSP00000346196	NDUFA10	NDUFV3	9606	0.997	0	0	0	0	0.913	0.967	0	NDUFA10	NDUFV3	0.496264626462646	9.35759586223445e-33	3.1213497922074e-32
9606.ENSP00000252711	9606.ENSP00000407336	NDUFA10	NDUFB3	9606	0.997	0	0	0	0	0.894	0.967	0.33	NDUFA10	NDUFB3	0.487829310881399	1.49578858985592e-31	4.88198094703295e-31
9606.ENSP00000252711	9606.ENSP00000389160	NDUFA10	NDUFA11	9606	0.997	0	0	0	0	0.956	0.944	0.19	NDUFA10	NDUFA11	0.416631073045193	1.26765253676939e-22	3.31929538952481e-22
9606.ENSP00000252711	9606.ENSP00000263774	NDUFA10	NDUFS3	9606	0.997	0	0	0	0	0.89	0.967	0.346	NDUFA10	NDUFS3	0.547267490724228	8.52379254242645e-41	3.33241573723731e-40
9606.ENSP00000252711	9606.ENSP00000327268	NDUFA10	NDUFV2	9606	0.998	0	0	0	0	0.941	0.967	0.084	NDUFA10	NDUFV2	0.427391807503732	7.67604935562939e-24	2.08520014188627e-23
9606.ENSP00000252711	9606.ENSP00000268668	NDUFA10	NDUFB10	9606	0.998	0	0	0	0	0.877	0.967	0.554	NDUFA10	NDUFB10	0.52466777733674	4.59408013835542e-37	1.66650257018843e-36
9606.ENSP00000252711	9606.ENSP00000276689	NDUFA10	NDUFB9	9606	0.998	0	0	0	0	0.869	0.967	0.583	NDUFA10	NDUFB9	0.649403480720743	8.20507781892312e-62	4.83124495111897e-61
9606.ENSP00000252711	9606.ENSP00000360492	NDUFA10	NDUFA1	9606	0.998	0	0	0	0	0.899	0.967	0.553	NDUFA10	NDUFA1	0.507881191845893	1.80994651806749e-34	6.2508081550532e-34
9606.ENSP00000252711	9606.ENSP00000417142	NDUFA10	NDUFA5	9606	0.999	0	0	0	0	0.946	0.967	0.875	NDUFA10	NDUFA5	0.385380898338281	2.50799544280306e-19	6.01078568016769e-19
9606.ENSP00000252711	9606.ENSP00000356972	NDUFA10	NDUFS2	9606	0.999	0	0	0	0	0.95	0.967	0.717	NDUFA10	NDUFS2	0.5979679023803	2.76483165247919e-50	1.29292795093145e-49
9606.ENSP00000252711	9606.ENSP00000266544	NDUFA10	NDUFA9	9606	0.999	0	0	0	0	0.957	0.944	0.728	NDUFA10	NDUFA9	0.578347896901491	2.04665021606387e-46	8.93715659697365e-46
9606.ENSP00000252711	9606.ENSP00000276062	NDUFA10	NDUFB11	9606	0.999	0	0	0	0	0.97	0.967	0.268	NDUFA10	NDUFB11	0.602204381928876	3.7217065672524e-51	1.76312376882382e-50
9606.ENSP00000252711	9606.ENSP00000482543	NDUFA10	NDUFA6	9606	0.999	0	0	0	0	0.959	0.967	0.449	NDUFA10	NDUFA6	0.419143498200752	6.64608762219565e-23	1.75335875269198e-22
9606.ENSP00000252818	9606.ENSP00000264110	JUND	ATF2	9606	0.721	0	0	0	0	0.693	0	0.129	JUND	ATF2	-0.318060315348305	2.46565622396821e-13	4.93374118732173e-13
9606.ENSP00000252818	9606.ENSP00000387699	JUND	CREB1	9606	0.842	0	0	0	0	0.396	0	0.75	JUND	CREB1	-0.438793040794763	3.51699482155279e-25	9.88163662586769e-25
9606.ENSP00000252818	9606.ENSP00000303315	JUND	JUNB	9606	0.999	0	0	0	0	0.627	0.9	0.982	JUND	JUNB	0.716615326128886	9.72194998242352e-81	8.25634163641101e-80
9606.ENSP00000252818	9606.ENSP00000306245	JUND	FOS	9606	0.999	0	0	0	0	0.676	0.9	0.983	JUND	FOS	0.436239058688478	7.08830107704107e-25	1.97573748736296e-24
9606.ENSP00000252818	9606.ENSP00000310170	JUND	FOSL1	9606	0.999	0	0	0	0	0.56	0.9	0.983	JUND	FOSL1	0.507248892591122	2.25234853686002e-34	7.7602116990798e-34
9606.ENSP00000252818	9606.ENSP00000360266	JUND	JUN	9606	0.999	0	0	0	0	0.86	0.9	0.982	JUND	JUN	0.586550363110845	5.31428065132388e-48	2.39154402195377e-47
9606.ENSP00000252999	9606.ENSP00000264144	LAMA5	LAMC2	9606	0.844	0	0	0	0	0.189	0.8	0.116	LAMA5	LAMC2	0.340969749148828	3.25450510642922e-15	6.90681328165516e-15
9606.ENSP00000252999	9606.ENSP00000258341	LAMA5	LAMC1	9606	0.997	0	0	0	0	0.96	0.8	0.759	LAMA5	LAMC1	0.50223568940745	1.25493073854917e-33	4.25587028762737e-33
9606.ENSP00000253063	9606.ENSP00000339881	SESN2	MIOS	9606	0.772	0	0	0	0	0.564	0.5	0	SESN2	MIOS	0.346592702748536	1.06346705659716e-15	2.289937437748e-15
9606.ENSP00000253413	9606.ENSP00000429690	ATP6V1E1	ATP6V0E1	9606	0.945	0	0	0	0	0.895	0.5	0	ATP6V1E1	ATP6V0E1	0.476684593925231	5.18471417406261e-30	1.63798263968752e-29
9606.ENSP00000253413	9606.ENSP00000358777	ATP6V1E1	ATP6AP1	9606	0.949	0	0	0	0	0.895	0.54	0	ATP6V1E1	ATP6AP1	0.416321259455138	1.37220143752933e-22	3.58658003113365e-22
9606.ENSP00000253413	9606.ENSP00000434729	ATP6V1E1	ATP6V0B	9606	0.984	0	0	0	0	0.895	0.82	0.223	ATP6V1E1	ATP6V0B	0.323586271670645	8.97423711517018e-14	1.82485137895463e-13
9606.ENSP00000253413	9606.ENSP00000329757	ATP6V1E1	ATP6V0C	9606	0.989	0	0	0	0	0.895	0.82	0.484	ATP6V1E1	ATP6V0C	0.323298820565286	9.46352996966387e-14	1.92242147803752e-13
9606.ENSP00000253413	9606.ENSP00000352522	ATP6V1E1	ATP6V1H	9606	0.993	0	0	0	0	0.957	0.72	0.472	ATP6V1E1	ATP6V1H	0.405383488659425	2.13700787172878e-21	5.41691763243055e-21
9606.ENSP00000253413	9606.ENSP00000290949	ATP6V1E1	ATP6V0D1	9606	0.997	0	0	0	0	0.924	0.956	0.268	ATP6V1E1	ATP6V0D1	0.31061258299743	9.31830913626014e-13	1.82538217737694e-12
9606.ENSP00000253413	9606.ENSP00000363162	ATP6V1E1	ATP6V1G1	9606	0.999	0	0	0	0	0.976	0.9	0.607	ATP6V1E1	ATP6V1G1	0.378007800780078	1.34008889889601e-18	3.15807028911526e-18
9606.ENSP00000253413	9606.ENSP00000417378	ATP6V1E1	ATP6V1F	9606	0.999	0	0	0	0	0.96	0.978	0.398	ATP6V1E1	ATP6V1F	0.508924401756946	1.26050081640247e-34	4.36363558016356e-34
9606.ENSP00000253413	9606.ENSP00000276390	ATP6V1E1	ATP6V1B2	9606	0.999	0	0	0	0	0.977	0.956	0.307	ATP6V1E1	ATP6V1B2	0.361928056159653	4.47999851718857e-17	1.00827265541955e-16
9606.ENSP00000254719	9606.ENSP00000381773	RPA1	TOP3B	9606	0.736	0	0	0	0	0.192	0.65	0.144	RPA1	TOP3B	-0.314770887026591	4.45603891254951e-13	8.8243297396696e-13
9606.ENSP00000254719	9606.ENSP00000325863	RPA1	MRE11	9606	0.8	0	0	0	0	0.618	0.5	0	RPA1	MRE11	0.366180375801555	1.8050936673938e-17	4.10623435156078e-17
9606.ENSP00000254719	9606.ENSP00000265056	RPA1	MCM2	9606	0.816	0	0	0	0	0.616	0.5	0.123	RPA1	MCM2	0.450805049449044	1.20100387556679e-26	3.51038744291566e-26
9606.ENSP00000254719	9606.ENSP00000350491	RPA1	PRIM1	9606	0.926	0	0	0	0	0.292	0.9	0	RPA1	PRIM1	0.480929832113646	1.36403140059413e-30	4.36636209764719e-30
9606.ENSP00000254719	9606.ENSP00000368358	RPA1	POLA1	9606	0.943	0	0	0	0	0.457	0.9	0	RPA1	POLA1	0.619416693222117	7.84126079810151e-55	3.98617046678263e-54
9606.ENSP00000254719	9606.ENSP00000311360	RPA1	RAD9A	9606	0.949	0	0	0	0	0.618	0.5	0.755	RPA1	RAD9A	-0.45196128308483	8.61528223545979e-27	2.53052115863404e-26
9606.ENSP00000254958	9606.ENSP00000498587	JAG1	NOTCH1	9606	0.998	0	0	0	0	0.705	0.8	0.983	JAG1	NOTCH1	0.571325797175991	4.29820528384227e-45	1.821312935669e-44
9606.ENSP00000254958	9606.ENSP00000263388	JAG1	NOTCH3	9606	0.999	0	0	0	0	0.457	0.9	0.983	JAG1	NOTCH3	0.526830322783831	2.07582588437539e-37	7.58423147755424e-37
9606.ENSP00000255465	9606.ENSP00000481380	CCNA1	CCNA2	9606	0.971	0	0	0	0	0.592	0.9	0.367	CCNA1	CCNA2	0.334025879312137	1.25573091210825e-14	2.61952328492165e-14
9606.ENSP00000255465	9606.ENSP00000384849	CCNA1	CDKN1A	9606	0.993	0	0	0	0	0.683	0.5	0.964	CCNA1	CDKN1A	0.396053217031017	2.05443795740875e-20	5.05987544456853e-20
9606.ENSP00000255465	9606.ENSP00000274255	CCNA1	SKP2	9606	0.994	0	0	0	0	0.457	0.5	0.98	CCNA1	SKP2	-0.316308827691205	3.3820329488059e-13	6.72631851596271e-13
9606.ENSP00000255465	9606.ENSP00000266970	CCNA1	CDK2	9606	0.999	0	0	0	0	0.657	0.9	0.984	CCNA1	CDK2	0.448392008029809	2.39260962067928e-26	6.92751879054717e-26
9606.ENSP00000256078	9606.ENSP00000263967	KRAS	PIK3CA	9606	0.713	0	0	0	0	0.421	0.5	0.091	KRAS	PIK3CA	0.432513282384139	1.94962713006256e-24	5.3781539272258e-24
9606.ENSP00000256078	9606.ENSP00000302486	KRAS	MAP2K1	9606	0.789	0	0	0	0	0.559	0.5	0.12	KRAS	MAP2K1	0.484510531798521	4.3586480742953e-31	1.40900027022971e-30
9606.ENSP00000256078	9606.ENSP00000499717	KRAS	CALM1	9606	0.83	0	0	0	0	0.457	0.7	0	KRAS	CALM1	0.433000691373485	1.70913704706905e-24	4.7211599094589e-24
9606.ENSP00000256078	9606.ENSP00000419060	KRAS	BRAF	9606	0.833	0	0	0	0	0.662	0.5	0.091	KRAS	BRAF	0.358825354585148	8.62235173058541e-17	1.92097447965686e-16
9606.ENSP00000256078	9606.ENSP00000351015	KRAS	NF1	9606	0.84	0	0	0	0	0.463	0.5	0.453	KRAS	NF1	0.476069252888022	6.28216355691267e-30	1.98072798091896e-29
9606.ENSP00000256078	9606.ENSP00000358548	KRAS	NRAS	9606	0.936	0	0	0	0	0.395	0.9	0	KRAS	NRAS	0.576084161211152	5.50541914546659e-46	2.38255399490857e-45
9606.ENSP00000256078	9606.ENSP00000384675	KRAS	SOS1	9606	0.986	0	0	0	0	0.943	0	0.779	KRAS	SOS1	0.444643719030288	6.90421843090049e-26	1.9731611311946e-25
9606.ENSP00000256383	9606.ENSP00000296577	EIF2S1	ABCE1	9606	0.865	0	0	0	0	0.8	0	0.355	EIF2S1	ABCE1	0.615162975924922	6.66942089523471e-54	3.33044778922807e-53
9606.ENSP00000256442	9606.ENSP00000261597	CCNB1	NDC80	9606	0.774	0	0	0	0	0.226	0.72	0	CCNB1	NDC80	0.383537297829162	3.82866327327335e-19	9.13286351964241e-19
9606.ENSP00000256442	9606.ENSP00000481380	CCNB1	CCNA2	9606	0.918	0	0	0	0	0.497	0	0.844	CCNB1	CCNA2	0.380067106089491	8.42783167734673e-19	1.9963033196551e-18
9606.ENSP00000256442	9606.ENSP00000361540	CCNB1	CDC20	9606	0.931	0	0	0	0	0.471	0.5	0.762	CCNB1	CDC20	0.524150178993055	5.55146282223163e-37	2.00948709498955e-36
9606.ENSP00000256442	9606.ENSP00000300093	CCNB1	PLK1	9606	0.967	0	0	0	0	0.453	0.72	0.804	CCNB1	PLK1	0.366591659165917	1.65197641019825e-17	3.76551265672882e-17
9606.ENSP00000256442	9606.ENSP00000257934	CCNB1	ESPL1	9606	0.978	0	0	0	0	0.972	0	0.253	CCNB1	ESPL1	0.42078145702769	4.34973754543443e-23	1.15473821873961e-22
9606.ENSP00000256442	9606.ENSP00000288207	CCNB1	CCNB2	9606	0.991	0	0	0	0	0.724	0.9	0.727	CCNB1	CCNB2	0.521761586096498	1.32420075104183e-36	4.76609037148542e-36
9606.ENSP00000256442	9606.ENSP00000378699	CCNB1	CDK1	9606	0.999	0	0	0	0	0.975	0.9	0.987	CCNB1	CDK1	0.437200831884431	5.44786142712649e-25	1.52393083214882e-24
9606.ENSP00000256443	9606.ENSP00000258648	CDK7	MED4	9606	0.8	0	0	0	0	0.8	0	0	CDK7	MED4	0.424773067368849	1.5330818995369e-23	4.12927946263491e-23
9606.ENSP00000256443	9606.ENSP00000498750	CDK7	CCNH	9606	0.999	0	0	0	0	0.981	0.9	0.987	CDK7	CCNH	0.553560573448649	6.92100389594569e-42	2.77523239522781e-41
9606.ENSP00000256474	9606.ENSP00000441543	VHL	UBC	9606	0.716	0	0	0	0	0.457	0.5	0	VHL	UBC	-0.34373878381627	1.88147739301776e-15	4.02234600734191e-15
9606.ENSP00000256474	9606.ENSP00000341189	VHL	PTK2	9606	0.8	0	0	0	0	0.8	0	0	VHL	PTK2	0.338444838272647	5.33857283447395e-15	1.12544384142283e-14
9606.ENSP00000256474	9606.ENSP00000273317	VHL	LIMD1	9606	0.816	0	0	0	0	0.359	0.5	0.474	VHL	LIMD1	0.443992598017566	8.2886339515441e-26	2.36548623337548e-25
9606.ENSP00000256474	9606.ENSP00000355601	VHL	EGLN1	9606	0.88	0	0	0	0	0.457	0.5	0.595	VHL	EGLN1	0.529101046750638	8.95860761001146e-38	3.30041993089904e-37
9606.ENSP00000256474	9606.ENSP00000259808	VHL	RIPK1	9606	0.9	0	0	0	0	0.9	0	0	VHL	RIPK1	0.412128666282777	3.97808319291543e-22	1.02734276609311e-21
9606.ENSP00000256474	9606.ENSP00000262306	VHL	ELOB	9606	0.999	0	0	0	0	0.96	0.8	0.983	VHL	ELOB	-0.760751603110622	1.74854380289787e-96	2.05317449780736e-95
9606.ENSP00000256474	9606.ENSP00000414095	VHL	CUL2	9606	0.999	0	0	0	0	0.96	0.8	0.986	VHL	CUL2	0.433045043634798	1.68876654316346e-24	4.66615935226096e-24
9606.ENSP00000256474	9606.ENSP00000478121	VHL	ELOC	9606	0.999	0	0	0	0	0.96	0.8	0.982	VHL	ELOC	-0.553222434044647	7.93144749282508e-42	3.17539267578338e-41
9606.ENSP00000256474	9606.ENSP00000437955	VHL	HIF1A	9606	0.999	0	0	0	0	0.953	0.5	0.981	VHL	HIF1A	0.384892930286817	2.80587027783498e-19	6.71993030228009e-19
9606.ENSP00000256644	9606.ENSP00000483814	LAMTOR5	NPRL3	9606	0.8	0	0	0	0	0.8	0	0	LAMTOR5	NPRL3	0.609480482209712	1.10699235214938e-52	5.42912666382487e-52
9606.ENSP00000256644	9606.ENSP00000457870	LAMTOR5	MLST8	9606	0.895	0	0	0	0	0.8	0.5	0	LAMTOR5	MLST8	0.482976185817339	7.11836556853514e-31	2.29236648952477e-30
9606.ENSP00000256644	9606.ENSP00000354558	LAMTOR5	MTOR	9606	0.93	0	0	0	0	0.867	0.5	0	LAMTOR5	MTOR	-0.468544556318986	6.37105941488761e-29	1.96271915307896e-28
9606.ENSP00000256644	9606.ENSP00000307272	LAMTOR5	RPTOR	9606	0.971	0	0	0	0	0.944	0.5	0	LAMTOR5	RPTOR	-0.31524273545367	4.09520892543286e-13	8.11927328823376e-13
9606.ENSP00000256644	9606.ENSP00000369899	LAMTOR5	RRAGA	9606	0.972	0	0	0	0	0.944	0.5	0.086	LAMTOR5	RRAGA	0.334935419007739	1.05420511178807e-14	2.2050167463821e-14
9606.ENSP00000256644	9606.ENSP00000424183	LAMTOR5	LAMTOR3	9606	0.999	0	0	0	0	0.972	0.9	0.982	LAMTOR5	LAMTOR3	0.367657790623783	1.31206772088731e-17	2.99947599393482e-17
9606.ENSP00000256644	9606.ENSP00000343118	LAMTOR5	LAMTOR4	9606	0.999	0	0	0	0	0.972	0.9	0.982	LAMTOR5	LAMTOR4	0.668056308736464	1.44132154978433e-66	9.14968936322466e-66
9606.ENSP00000256644	9606.ENSP00000357288	LAMTOR5	LAMTOR2	9606	0.999	0	0	0	0	0.972	0.9	0.982	LAMTOR5	LAMTOR2	0.763565455924474	1.32819841145823e-97	1.61176956573253e-96
9606.ENSP00000256644	9606.ENSP00000278671	LAMTOR5	LAMTOR1	9606	0.999	0	0	0	0	0.972	0.9	0.982	LAMTOR5	LAMTOR1	0.514082215674984	2.06860256306061e-35	7.29565558265081e-35
9606.ENSP00000256646	9606.ENSP00000324806	NOTCH2	GSK3B	9606	0.736	0	0	0	0	0.292	0	0.643	NOTCH2	GSK3B	0.558953100278972	7.71125355167627e-43	3.15946762099136e-42
9606.ENSP00000257290	9606.ENSP00000264498	PDGFRA	FGF2	9606	0.836	0	0	0	0	0.064	0	0.832	PDGFRA	FGF2	0.318517348629273	2.26971610450633e-13	4.54883710999819e-13
9606.ENSP00000257290	9606.ENSP00000354394	PDGFRA	STAT1	9606	0.873	0	0	0	0	0.596	0.7	0	PDGFRA	STAT1	0.470462605266738	3.54912308398e-29	1.09836816465524e-28
9606.ENSP00000257290	9606.ENSP00000264657	PDGFRA	STAT3	9606	0.911	0	0	0	0	0.596	0.7	0.33	PDGFRA	STAT3	0.377066153820351	1.6548480636781e-18	3.89170914164817e-18
9606.ENSP00000257430	9606.ENSP00000380044	APC	CSNK1E	9606	0.727	0	0	0	0	0.564	0	0.401	APC	CSNK1E	-0.361559727401311	4.84391175056688e-17	1.08896882803249e-16
9606.ENSP00000257430	9606.ENSP00000394794	APC	PTPN13	9606	0.856	0	0	0	0	0.623	0	0.635	APC	PTPN13	0.505953452488106	3.52037078819579e-34	1.20798669242245e-33
9606.ENSP00000257430	9606.ENSP00000290921	APC	CTBP1	9606	0.886	0	0	0	0	0.457	0.8	0	APC	CTBP1	-0.655343422541012	2.73160484843245e-63	1.65246637555261e-62
9606.ENSP00000257430	9606.ENSP00000368166	APC	DVL1	9606	0.962	0	0	0	0	0.457	0.9	0.372	APC	DVL1	-0.497527081900737	6.13923764933704e-33	2.05254235695577e-32
9606.ENSP00000257430	9606.ENSP00000359206	APC	BTRC	9606	0.992	0	0	0	0	0.564	0.8	0.926	APC	BTRC	0.607393876033566	3.06178537649947e-52	1.48939435196864e-51
9606.ENSP00000257430	9606.ENSP00000495360	APC	CTNNB1	9606	0.999	0	0	0	0	0.975	0.9	0.982	APC	CTNNB1	0.385688848387944	2.33628049385847e-19	5.60850885750897e-19
9606.ENSP00000257430	9606.ENSP00000324806	APC	GSK3B	9606	0.999	0	0	0	0	0.564	0.9	0.984	APC	GSK3B	0.552546248413661	1.04111870090825e-41	4.15180315866709e-41
9606.ENSP00000257430	9606.ENSP00000262320	APC	AXIN1	9606	0.999	0	0	0	0	0.96	0.9	0.984	APC	AXIN1	-0.362043782017953	4.37131323097543e-17	9.84466263570232e-17
9606.ENSP00000257527	9606.ENSP00000348215	ADAM19	SH3PXD2A	9606	0.732	0	0	0	0	0.225	0.5	0.365	ADAM19	SH3PXD2A	0.494149601295533	1.88855022210979e-32	6.26248926084528e-32
9606.ENSP00000257572	9606.ENSP00000365230	HRK	BCL2L1	9606	0.992	0	0	0	0	0.621	0	0.982	HRK	BCL2L1	0.333725701762723	1.33019217293011e-14	2.77200695536543e-14
9606.ENSP00000257789	9606.ENSP00000262105	ORC3	MCM4	9606	0.906	0	0	0	0	0.743	0.65	0	ORC3	MCM4	0.382169086473865	5.2316952475457e-19	1.24533228566491e-18
9606.ENSP00000257789	9606.ENSP00000441953	ORC3	ORC4	9606	0.999	0	0	0	0	0.991	0.9	0.974	ORC3	ORC4	0.382929131422459	4.39944373372138e-19	1.04820900782097e-18
9606.ENSP00000257904	9606.ENSP00000368458	CDK4	PCNA	9606	0.857	0	0	0	0	0.614	0	0.644	CDK4	PCNA	0.357324179622931	1.18055995821982e-16	2.61468545478384e-16
9606.ENSP00000257904	9606.ENSP00000265734	CDK4	CDK6	9606	0.999	0	0	0	0	0.653	0.9	0.982	CDK4	CDK6	-0.345327545176878	1.37049474016584e-15	2.94294187650411e-15
9606.ENSP00000257904	9606.ENSP00000362082	CDK4	CCND3	9606	0.999	0	0	0	0	0.972	0.9	0.984	CDK4	CCND3	0.409936397366445	6.89922062034371e-22	1.77316254657973e-21
9606.ENSP00000257934	9606.ENSP00000378699	ESPL1	CDK1	9606	0.946	0	0	0	0	0.9	0	0.483	ESPL1	CDK1	0.620184565040355	5.30926888996353e-55	2.70850045782821e-54
9606.ENSP00000258080	9606.ENSP00000360242	HTRA2	XIAP	9606	0.83	0	0	0	0	0.549	0	0.64	HTRA2	XIAP	-0.592344482895494	3.78331572963314e-49	1.73799809434119e-48
9606.ENSP00000258080	9606.ENSP00000477613	HTRA2	BIRC2	9606	0.887	0	0	0	0	0.567	0.54	0.48	HTRA2	BIRC2	-0.414878879192267	1.98236440247135e-22	5.16411265347563e-22
9606.ENSP00000258149	9606.ENSP00000360242	MDM2	XIAP	9606	0.743	0	0	0	0	0.526	0	0.482	MDM2	XIAP	0.329007683377033	3.26244826977219e-14	6.71054821305713e-14
9606.ENSP00000258149	9606.ENSP00000302961	MDM2	HSPA4	9606	0.769	0	0	0	0	0.457	0	0.593	MDM2	HSPA4	0.386171039464195	2.09040209193467e-19	5.02537610598353e-19
9606.ENSP00000258149	9606.ENSP00000267163	MDM2	RB1	9606	0.904	0	0	0	0	0.457	0	0.832	MDM2	RB1	0.332432032023078	1.7038056783696e-14	3.54476736485049e-14
9606.ENSP00000258149	9606.ENSP00000269305	MDM2	TP53	9606	0.999	0	0	0	0	0.964	0.7	0.983	MDM2	TP53	0.324858137987712	7.09071077242986e-14	1.44706347831164e-13
9606.ENSP00000258341	9606.ENSP00000264187	LAMC1	NID1	9606	0.898	0	0	0	0	0.689	0.54	0.346	LAMC1	NID1	0.514082122497964	2.06867067815638e-35	7.29565558265081e-35
9606.ENSP00000258341	9606.ENSP00000374309	LAMC1	LAMA1	9606	0.913	0	0	0	0	0.044	0.8	0.582	LAMC1	LAMA1	0.354276732021028	2.22276093454184e-16	4.87615179527893e-16
9606.ENSP00000258341	9606.ENSP00000386896	LAMC1	ITGA6	9606	0.963	0	0	0	0	0.9	0.65	0	LAMC1	ITGA6	0.403254859647455	3.60403375134609e-21	9.0766602559936e-21
9606.ENSP00000258341	9606.ENSP00000379350	LAMC1	ITGB1	9606	0.963	0	0	0	0	0.9	0.65	0	LAMC1	ITGB1	0.75145980436553	6.78846984876185e-93	7.35079832130854e-92
9606.ENSP00000258411	9606.ENSP00000363826	WNT10A	FZD8	9606	0.721	0	0	0	0	0.053	0.5	0.459	WNT10A	FZD8	-0.620157175692083	5.3837317746297e-55	2.74510861621053e-54
9606.ENSP00000258411	9606.ENSP00000286201	WNT10A	FZD7	9606	0.736	0	0	0	0	0.053	0.5	0.487	WNT10A	FZD7	0.424692754529988	1.56580457200751e-23	4.21406386801278e-23
9606.ENSP00000258418	9606.ENSP00000336655	CAB39	STRADA	9606	0.999	0	0	0	0	0.965	0.8	0.983	CAB39	STRADA	-0.481118701932305	1.28480050704233e-30	4.11922940341824e-30
9606.ENSP00000258424	9606.ENSP00000485401	COX5B	UQCRHL	9606	0.736	0	0	0	0	0.407	0.54	0.111	COX5B	UQCRHL	0.6502914577172	4.95780877980195e-62	2.93623695489495e-61
9606.ENSP00000258424	9606.ENSP00000419087	COX5B	NDUFB2	9606	0.8	0	0	0	0	0.8	0	0	COX5B	NDUFB2	0.753579861091699	1.06413912893179e-93	1.1697468758182e-92
9606.ENSP00000258424	9606.ENSP00000346196	COX5B	NDUFV3	9606	0.8	0	0	0	0	0.8	0	0	COX5B	NDUFV3	0.697584944829887	7.60017571950396e-75	5.74367446302096e-74
9606.ENSP00000258424	9606.ENSP00000301457	COX5B	NDUFA7	9606	0.8	0	0	0	0	0.8	0	0	COX5B	NDUFA7	0.797136670188758	2.74003627156623e-112	4.80665775652818e-111
9606.ENSP00000258424	9606.ENSP00000441126	COX5B	NDUFC1	9606	0.8	0	0	0	0	0.8	0	0	COX5B	NDUFC1	0.800891890431279	4.19661974314081e-114	7.66637890846784e-113
9606.ENSP00000258424	9606.ENSP00000362058	COX5B	NDUFS5	9606	0.816	0	0	0	0	0.816	0	0	COX5B	NDUFS5	0.629701106756638	3.86003096266468e-57	2.06675458554482e-56
9606.ENSP00000258424	9606.ENSP00000418438	COX5B	NDUFA3	9606	0.816	0	0	0	0	0.816	0	0	COX5B	NDUFA3	0.828384142762102	1.08011101854217e-128	2.82749680807547e-127
9606.ENSP00000258424	9606.ENSP00000299166	COX5B	NDUFB8	9606	0.816	0	0	0	0	0.816	0	0	COX5B	NDUFB8	0.817266819849687	1.69446028984625e-122	3.74144199216703e-121
9606.ENSP00000258424	9606.ENSP00000259037	COX5B	NDUFB5	9606	0.816	0	0	0	0	0.816	0	0	COX5B	NDUFB5	0.472792682995008	1.734914206495e-29	5.40703393536965e-29
9606.ENSP00000258424	9606.ENSP00000497587	COX5B	NDUFV1	9606	0.816	0	0	0	0	0.816	0	0	COX5B	NDUFV1	0.6062591662893	5.3072854674425e-52	2.56940412263172e-51
9606.ENSP00000258424	9606.ENSP00000276062	COX5B	NDUFB11	9606	0.816	0	0	0	0	0.816	0	0	COX5B	NDUFB11	0.873377927854897	2.85678174055108e-159	2.05789589636719e-157
9606.ENSP00000258424	9606.ENSP00000360492	COX5B	NDUFA1	9606	0.816	0	0	0	0	0.816	0	0	COX5B	NDUFA1	0.824149526753918	2.7850245661388e-126	6.93320944075288e-125
9606.ENSP00000258424	9606.ENSP00000263774	COX5B	NDUFS3	9606	0.816	0	0	0	0	0.816	0	0	COX5B	NDUFS3	0.843562120187174	6.52227640901813e-138	2.26098162069615e-136
9606.ENSP00000258424	9606.ENSP00000482543	COX5B	NDUFA6	9606	0.816	0	0	0	0	0.816	0	0	COX5B	NDUFA6	0.622150227445105	1.94701009638328e-55	1.00435660482301e-54
9606.ENSP00000258424	9606.ENSP00000407336	COX5B	NDUFB3	9606	0.816	0	0	0	0	0.816	0	0	COX5B	NDUFB3	0.6456272024718	6.8613546221737e-61	3.94625022069186e-60
9606.ENSP00000258424	9606.ENSP00000362873	COX5B	NDUFA8	9606	0.816	0	0	0	0	0.816	0	0	COX5B	NDUFA8	0.79848447577677	6.17745477200943e-113	1.1066033178007e-111
9606.ENSP00000258424	9606.ENSP00000266544	COX5B	NDUFA9	9606	0.818	0	0	0	0	0.818	0	0	COX5B	NDUFA9	0.614584719341499	8.89978250841289e-54	4.43548041893767e-53
9606.ENSP00000258424	9606.ENSP00000281031	COX5B	NDUFC2	9606	0.825	0	0	0	0	0.825	0	0	COX5B	NDUFC2	0.678672805168715	1.97030323192247e-69	1.33683165842595e-68
9606.ENSP00000258424	9606.ENSP00000315774	COX5B	NDUFS8	9606	0.828	0	0	0	0	0.828	0	0	COX5B	NDUFS8	0.8021778264783	9.82779561035657e-115	1.81823169425122e-113
9606.ENSP00000258424	9606.ENSP00000423673	COX5B	NDUFA13	9606	0.829	0	0	0	0	0.829	0	0	COX5B	NDUFA13	0.813827469703492	1.14982542258544e-120	2.48484613131922e-119
9606.ENSP00000258424	9606.ENSP00000268668	COX5B	NDUFB10	9606	0.829	0	0	0	0	0.829	0	0	COX5B	NDUFB10	0.892376349436186	6.19944826995678e-176	9.12576754752913e-174
9606.ENSP00000258424	9606.ENSP00000330737	COX5B	NDUFA12	9606	0.83	0	0	0	0	0.83	0	0	COX5B	NDUFA12	0.77978869315503	2.23994435612918e-104	3.22253751065214e-103
9606.ENSP00000258424	9606.ENSP00000276689	COX5B	NDUFB9	9606	0.831	0	0	0	0	0.831	0	0	COX5B	NDUFB9	0.726513986802407	5.32590505992652e-84	4.83857045560588e-83
9606.ENSP00000258424	9606.ENSP00000369176	COX5B	NDUFB6	9606	0.833	0	0	0	0	0.833	0	0	COX5B	NDUFB6	0.722478676439072	1.1832037196282e-82	1.0477593879916e-81
9606.ENSP00000258424	9606.ENSP00000356972	COX5B	NDUFS2	9606	0.836	0	0	0	0	0.836	0	0	COX5B	NDUFS2	0.427301053086675	7.86309092176043e-24	2.133727344171e-23
9606.ENSP00000258424	9606.ENSP00000296684	COX5B	NDUFS4	9606	0.842	0	0	0	0	0.842	0	0	COX5B	NDUFS4	0.487228505459242	1.81691015386146e-31	5.91675422660173e-31
9606.ENSP00000258424	9606.ENSP00000417142	COX5B	NDUFA5	9606	0.842	0	0	0	0	0.842	0	0	COX5B	NDUFA5	0.500538283642029	2.23055271376713e-33	7.53182310961861e-33
9606.ENSP00000258424	9606.ENSP00000327268	COX5B	NDUFV2	9606	0.842	0	0	0	0	0.842	0	0	COX5B	NDUFV2	0.757818856419803	2.47185176121047e-95	2.82096610546234e-94
9606.ENSP00000258424	9606.ENSP00000458770	COX5B	NDUFAB1	9606	0.842	0	0	0	0	0.842	0	0	COX5B	NDUFAB1	0.730212182708954	2.95698473508361e-85	2.76048657667686e-84
9606.ENSP00000258424	9606.ENSP00000274137	COX5B	NDUFS6	9606	0.849	0	0	0	0	0.848	0	0	COX5B	NDUFS6	0.87782945996463	6.36603178940921e-163	5.5264773406008e-161
9606.ENSP00000258424	9606.ENSP00000483888	COX5B	NDUFB1	9606	0.869	0	0	0	0	0.816	0	0.317	COX5B	NDUFB1	0.818190390467618	5.37767493331037e-123	1.20843018357596e-121
9606.ENSP00000258424	9606.ENSP00000367938	COX5B	COX7A2L	9606	0.921	0	0	0	0	0.622	0.8	0	COX5B	COX7A2L	0.30046094671579	5.37728667993224e-12	1.02355886072098e-11
9606.ENSP00000258424	9606.ENSP00000365243	COX5B	COX4I2	9606	0.924	0	0	0	0	0.371	0.693	0.638	COX5B	COX4I2	0.443822643133879	8.69303537137875e-26	2.47672258813728e-25
9606.ENSP00000258424	9606.ENSP00000389160	COX5B	NDUFA11	9606	0.927	0	0	0	0	0.923	0	0.081	COX5B	NDUFA11	0.755910497882086	1.35760544126484e-94	1.51863419239284e-93
9606.ENSP00000258424	9606.ENSP00000309565	COX5B	UQCRH	9606	0.945	0	0	0	0	0.876	0.54	0.111	COX5B	UQCRH	0.717830540818057	3.93486529155856e-81	3.38411742306184e-80
9606.ENSP00000258424	9606.ENSP00000367939	COX5B	UQCRQ	9606	0.949	0	0	0	0	0.895	0.54	0	COX5B	UQCRQ	0.852330264082309	1.0666063078731e-143	4.47666126820953e-142
9606.ENSP00000258424	9606.ENSP00000359098	COX5B	COX7A2	9606	0.962	0	0	0	0	0.9	0.54	0.258	COX5B	COX7A2	0.760259535270297	2.73427294622372e-96	3.18852012799016e-95
9606.ENSP00000258424	9606.ENSP00000467262	COX5B	UQCR11	9606	0.964	0	0	0	0	0.902	0.54	0.268	COX5B	UQCR11	0.822800323510612	1.58323311691905e-125	3.85633063993929e-124
9606.ENSP00000258424	9606.ENSP00000430494	COX5B	UQCRB	9606	0.974	0	0	0	0	0.946	0.54	0	COX5B	UQCRB	0.684061791272295	6.22094321909607e-71	4.36368233952754e-70
9606.ENSP00000258424	9606.ENSP00000306397	COX5B	UQCRFS1	9606	0.974	0	0	0	0	0.947	0.54	0	COX5B	UQCRFS1	0.330655425791026	2.38908799908691e-14	4.93812918329788e-14
9606.ENSP00000258424	9606.ENSP00000317159	COX5B	CYC1	9606	0.976	0	0	0	0	0.947	0.54	0.1	COX5B	CYC1	0.746203222806753	6.2014708990853e-91	6.54764448253735e-90
9606.ENSP00000258424	9606.ENSP00000332887	COX5B	UQCR10	9606	0.978	0	0	0	0	0.946	0.54	0.179	COX5B	UQCR10	0.726716833174001	4.55053086832993e-84	4.14155394530708e-83
9606.ENSP00000258424	9606.ENSP00000292907	COX5B	COX7A1	9606	0.984	0	0	0	0	0.926	0.36	0.695	COX5B	COX7A1	0.413354316798139	2.91885493147382e-22	7.5648914363306e-22
9606.ENSP00000258424	9606.ENSP00000321260	COX5B	COX8A	9606	0.996	0	0	0	0	0.8	0.8	0.92	COX5B	COX8A	0.869282797845002	4.95965418152963e-156	3.07165899523149e-154
9606.ENSP00000258424	9606.ENSP00000497474	COX5B	COX7B	9606	0.997	0	0	0	0	0.865	0.8	0.918	COX5B	COX7B	0.765896558599959	1.52753179121384e-98	1.889785676414e-97
9606.ENSP00000258424	9606.ENSP00000466818	COX5B	COX6B1	9606	0.998	0	0	0	0	0.929	0.876	0.882	COX5B	COX6B1	0.805666280913806	1.81347836124405e-116	3.4885416127189e-115
9606.ENSP00000258424	9606.ENSP00000317780	COX5B	COX5A	9606	0.999	0	0	0	0	0.978	0.959	0.959	COX5B	COX5A	0.786566110027152	2.22442649654992e-107	3.42325756446327e-106
9606.ENSP00000258424	9606.ENSP00000425759	COX5B	COX7C	9606	0.999	0	0	0	0	0.97	0.959	0.937	COX5B	COX7C	0.777870923738337	1.51579724350946e-103	2.1090346030583e-102
9606.ENSP00000258424	9606.ENSP00000457513	COX5B	COX4I1	9606	0.999	0	0	0	0	0.971	0.866	0.792	COX5B	COX4I1	0.831058136869588	2.99527584084818e-130	8.33507307273836e-129
9606.ENSP00000258424	9606.ENSP00000429707	COX5B	COX6C	9606	0.999	0	0	0	0	0.843	0.935	0.973	COX5B	COX6C	0.8307038778412	4.83375042099613e-130	1.33052582726444e-128
9606.ENSP00000258648	9606.ENSP00000498750	MED4	CCNH	9606	0.832	0	0	0	0	0.832	0	0	MED4	CCNH	0.452825779472357	6.71485386169332e-27	1.97861243612472e-26
9606.ENSP00000258648	9606.ENSP00000363193	MED4	MED12	9606	0.978	0	0	0	0	0.734	0.9	0.255	MED4	MED12	-0.400015467385248	7.92668426015289e-21	1.97622317207592e-20
9606.ENSP00000258648	9606.ENSP00000297347	MED4	MED30	9606	0.991	0	0	0	0	0.918	0.9	0	MED4	MED30	0.32905557636509	3.23312304350435e-14	6.65157600827906e-14
9606.ENSP00000258774	9606.ENSP00000311360	HUS1	RAD9A	9606	0.999	0	0	0	0	0.976	0.8	0.986	HUS1	RAD9A	-0.306425580446243	1.93588934165164e-12	3.74601410614511e-12
9606.ENSP00000258962	9606.ENSP00000438574	SRSF1	PIAS1	9606	0.74	0	0	0	0	0.292	0	0.649	SRSF1	PIAS1	0.310147256961721	1.01129382922813e-12	1.97913514903086e-12
9606.ENSP00000258962	9606.ENSP00000348056	SRSF1	UBE2I	9606	0.814	0	0	0	0	0.292	0	0.748	SRSF1	UBE2I	-0.300665004388638	5.19459350603305e-12	9.89339700745878e-12
9606.ENSP00000259008	9606.ENSP00000347232	BRIP1	BLM	9606	0.75	0	0	0	0	0.457	0.5	0.155	BRIP1	BLM	0.668253657663903	1.27820079764693e-66	8.13451472537583e-66
9606.ENSP00000259008	9606.ENSP00000260947	BRIP1	BARD1	9606	0.901	0	0	0	0	0.734	0.54	0.256	BRIP1	BARD1	0.605235709906394	8.70008608979344e-52	4.18998456206885e-51
9606.ENSP00000259008	9606.ENSP00000261584	BRIP1	PALB2	9606	0.973	0	0	0	0	0.292	0.9	0.656	BRIP1	PALB2	0.386126221317784	2.11213699943516e-19	5.07642581714692e-19
9606.ENSP00000259008	9606.ENSP00000369497	BRIP1	BRCA2	9606	0.977	0	0	0	0	0.292	0.9	0.705	BRIP1	BRCA2	0.778309973854528	9.80087551835369e-104	1.37686711811782e-102
9606.ENSP00000259008	9606.ENSP00000260810	BRIP1	TOPBP1	9606	0.998	0	0	0	0	0.734	0.9	0.961	BRIP1	TOPBP1	0.51222230918744	3.98333165488665e-35	1.39657230302671e-34
9606.ENSP00000259008	9606.ENSP00000418960	BRIP1	BRCA1	9606	0.999	0	0	0	0	0.972	0.9	0.982	BRIP1	BRCA1	0.433807138477823	1.37395994915907e-24	3.80461046990421e-24
9606.ENSP00000259037	9606.ENSP00000430494	NDUFB5	UQCRB	9606	0.804	0	0	0	0	0.804	0	0	NDUFB5	UQCRB	0.639872589743446	1.64848718573772e-59	9.17462155919893e-59
9606.ENSP00000259037	9606.ENSP00000467262	NDUFB5	UQCR11	9606	0.807	0	0	0	0	0.807	0	0	NDUFB5	UQCR11	0.582149612476775	3.81712142093508e-47	1.68787558869994e-46
9606.ENSP00000259037	9606.ENSP00000317780	NDUFB5	COX5A	9606	0.807	0	0	0	0	0.807	0	0	NDUFB5	COX5A	0.712203394252469	2.49299566499692e-79	2.0469973297796e-78
9606.ENSP00000259037	9606.ENSP00000457513	NDUFB5	COX4I1	9606	0.82	0	0	0	0	0.82	0	0	NDUFB5	COX4I1	0.571140281730036	4.65359883252399e-45	1.97108437622794e-44
9606.ENSP00000259037	9606.ENSP00000478766	NDUFB5	NDUFC2-KCTD14	9606	0.821	0	0	0	0	0.33	0.744	0	NDUFB5	NDUFC2-KCTD14	0.57057572216849	5.92447436380513e-45	2.50624265360969e-44
9606.ENSP00000259037	9606.ENSP00000466818	NDUFB5	COX6B1	9606	0.821	0	0	0	0	0.821	0	0	NDUFB5	COX6B1	0.515205744176902	1.38970684057258e-35	4.91649334019356e-35
9606.ENSP00000259037	9606.ENSP00000332887	NDUFB5	UQCR10	9606	0.83	0	0	0	0	0.83	0	0	NDUFB5	UQCR10	0.583412906508042	2.17400721546565e-47	9.67633272895905e-47
9606.ENSP00000259037	9606.ENSP00000367939	NDUFB5	UQCRQ	9606	0.83	0	0	0	0	0.83	0	0	NDUFB5	UQCRQ	0.5480493390954	6.25762581383255e-41	2.45400406915433e-40
9606.ENSP00000259037	9606.ENSP00000309565	NDUFB5	UQCRH	9606	0.832	0	0	0	0	0.832	0	0	NDUFB5	UQCRH	0.711126267906294	5.45342978761349e-79	4.45619359234032e-78
9606.ENSP00000259037	9606.ENSP00000497474	NDUFB5	COX7B	9606	0.832	0	0	0	0	0.832	0	0	NDUFB5	COX7B	0.655141601116633	3.07024646956029e-63	1.85401268676123e-62
9606.ENSP00000259037	9606.ENSP00000425759	NDUFB5	COX7C	9606	0.836	0	0	0	0	0.831	0	0.068	NDUFB5	COX7C	0.680532804833278	6.02872633337841e-70	4.15144226224573e-69
9606.ENSP00000259037	9606.ENSP00000317159	NDUFB5	CYC1	9606	0.842	0	0	0	0	0.842	0	0	NDUFB5	CYC1	0.684585352945232	4.42919315543077e-71	3.11546501937052e-70
9606.ENSP00000259037	9606.ENSP00000306397	NDUFB5	UQCRFS1	9606	0.842	0	0	0	0	0.842	0	0	NDUFB5	UQCRFS1	0.68586336894559	1.92703763337292e-71	1.36873575120061e-70
9606.ENSP00000259037	9606.ENSP00000268379	NDUFB5	UQCRC2	9606	0.867	0	0	0	0	0.867	0	0	NDUFB5	UQCRC2	0.698440682577575	4.22504129877877e-75	3.20970414896754e-74
9606.ENSP00000259037	9606.ENSP00000441126	NDUFB5	NDUFC1	9606	0.993	0	0	0	0	0.803	0.967	0	NDUFB5	NDUFC1	0.459766722013816	8.84598942762596e-28	2.65903269063027e-27
9606.ENSP00000259037	9606.ENSP00000419087	NDUFB5	NDUFB2	9606	0.994	0	0	0	0	0.8	0.967	0.25	NDUFB5	NDUFB2	0.679696634259699	1.02779466639213e-69	7.01095394663859e-69
9606.ENSP00000259037	9606.ENSP00000497587	NDUFB5	NDUFV1	9606	0.995	0	0	0	0	0.868	0.967	0	NDUFB5	NDUFV1	0.544501158190353	2.52764561490177e-40	9.79149371112025e-40
9606.ENSP00000259037	9606.ENSP00000296684	NDUFB5	NDUFS4	9606	0.996	0	0	0	0	0.887	0.967	0	NDUFB5	NDUFS4	0.746010998615389	7.2992229491556e-91	7.69068542474828e-90
9606.ENSP00000259037	9606.ENSP00000346196	NDUFB5	NDUFV3	9606	0.997	0	0	0	0	0.918	0.967	0	NDUFB5	NDUFV3	0.490592941281706	6.08397543990351e-32	1.9972507609276e-31
9606.ENSP00000259037	9606.ENSP00000315774	NDUFB5	NDUFS8	9606	0.997	0	0	0	0	0.922	0.967	0	NDUFB5	NDUFS8	0.480485564084359	1.56997351842406e-30	5.01611230784309e-30
9606.ENSP00000259037	9606.ENSP00000301457	NDUFB5	NDUFA7	9606	0.997	0	0	0	0	0.905	0.967	0.207	NDUFB5	NDUFA7	0.477148988190744	4.4841797245565e-30	1.41798921115568e-29
9606.ENSP00000259037	9606.ENSP00000360492	NDUFB5	NDUFA1	9606	0.997	0	0	0	0	0.909	0.967	0.088	NDUFB5	NDUFA1	0.553304988883981	7.67201437076891e-42	3.07395068891123e-41
9606.ENSP00000259037	9606.ENSP00000274137	NDUFB5	NDUFS6	9606	0.997	0	0	0	0	0.918	0.967	0.07	NDUFB5	NDUFS6	0.520056260284413	2.45286452498141e-36	8.79101798879187e-36
9606.ENSP00000259037	9606.ENSP00000356972	NDUFB5	NDUFS2	9606	0.997	0	0	0	0	0.92	0.967	0.21	NDUFB5	NDUFS2	0.601477321645208	5.26181887934103e-51	2.48578113290544e-50
9606.ENSP00000259037	9606.ENSP00000417142	NDUFB5	NDUFA5	9606	0.997	0	0	0	0	0.936	0.967	0	NDUFB5	NDUFA5	0.538437384111082	2.64424599215046e-39	1.00364747915816e-38
9606.ENSP00000259037	9606.ENSP00000327268	NDUFB5	NDUFV2	9606	0.997	0	0	0	0	0.922	0.967	0.048	NDUFB5	NDUFV2	0.563431933255437	1.20837379962601e-43	4.99733415423509e-43
9606.ENSP00000259037	9606.ENSP00000266544	NDUFB5	NDUFA9	9606	0.998	0	0	0	0	0.956	0.944	0.268	NDUFB5	NDUFA9	0.719746539871378	9.36147324600792e-82	8.14079484244028e-81
9606.ENSP00000259037	9606.ENSP00000281031	NDUFB5	NDUFC2	9606	0.998	0	0	0	0	0.969	0.944	0	NDUFB5	NDUFC2	0.582448617532561	3.34170788369138e-47	1.4795870520773e-46
9606.ENSP00000259037	9606.ENSP00000330737	NDUFB5	NDUFA12	9606	0.998	0	0	0	0	0.951	0.967	0	NDUFB5	NDUFA12	0.537439644585577	3.87336895336218e-39	1.46579018104693e-38
9606.ENSP00000259037	9606.ENSP00000482543	NDUFB5	NDUFA6	9606	0.998	0	0	0	0	0.951	0.967	0.408	NDUFB5	NDUFA6	0.535561475402199	7.91903919302854e-39	2.97682017333793e-38
9606.ENSP00000259037	9606.ENSP00000263774	NDUFB5	NDUFS3	9606	0.998	0	0	0	0	0.944	0.967	0	NDUFB5	NDUFS3	0.604091402929113	1.50869188829828e-51	7.22819976860641e-51
9606.ENSP00000259037	9606.ENSP00000389160	NDUFB5	NDUFA11	9606	0.998	0	0	0	0	0.972	0.944	0.238	NDUFB5	NDUFA11	0.360546986375656	6.00109251244072e-17	1.34405946303992e-16
9606.ENSP00000259037	9606.ENSP00000407336	NDUFB5	NDUFB3	9606	0.998	0	0	0	0	0.944	0.967	0.441	NDUFB5	NDUFB3	0.688248514292423	4.03031463645715e-72	2.8950428403462e-71
9606.ENSP00000259037	9606.ENSP00000299166	NDUFB5	NDUFB8	9606	0.998	0	0	0	0	0.94	0.967	0	NDUFB5	NDUFB8	0.464464800517319	2.18451590199021e-28	6.66710577419309e-28
9606.ENSP00000259037	9606.ENSP00000418438	NDUFB5	NDUFA3	9606	0.998	0	0	0	0	0.96	0.967	0	NDUFB5	NDUFA3	0.476507743942096	5.47907132445041e-30	1.72882657478853e-29
9606.ENSP00000259037	9606.ENSP00000392709	NDUFB5	NDUFS1	9606	0.998	0	0	0	0	0.944	0.967	0	NDUFB5	NDUFS1	0.411514909254901	4.64299985031288e-22	1.19783971246197e-21
9606.ENSP00000259037	9606.ENSP00000423673	NDUFB5	NDUFA13	9606	0.999	0	0	0	0	0.967	0.967	0.17	NDUFB5	NDUFA13	0.458644963875269	1.23136035580524e-27	3.68718370693215e-27
9606.ENSP00000259037	9606.ENSP00000458770	NDUFB5	NDUFAB1	9606	0.999	0	0	0	0	0.943	0.967	0.536	NDUFB5	NDUFAB1	0.618336305680257	1.3547783227751e-54	6.84601165394365e-54
9606.ENSP00000259037	9606.ENSP00000268668	NDUFB5	NDUFB10	9606	0.999	0	0	0	0	0.974	0.967	0.906	NDUFB5	NDUFB10	0.490696367773423	5.88162395405406e-32	1.93269668396399e-31
9606.ENSP00000259037	9606.ENSP00000276689	NDUFB5	NDUFB9	9606	0.999	0	0	0	0	0.973	0.967	0	NDUFB5	NDUFB9	0.683529377782499	8.78140466233089e-71	6.14274980408367e-70
9606.ENSP00000259037	9606.ENSP00000276062	NDUFB5	NDUFB11	9606	0.999	0	0	0	0	0.971	0.967	0.836	NDUFB5	NDUFB11	0.557701267021112	1.28801487613416e-42	5.24764023140579e-42
9606.ENSP00000259037	9606.ENSP00000362873	NDUFB5	NDUFA8	9606	0.999	0	0	0	0	0.973	0.967	0.534	NDUFB5	NDUFA8	0.587848971232527	2.95293683260012e-48	1.33480104177656e-47
9606.ENSP00000259037	9606.ENSP00000483888	NDUFB5	NDUFB1	9606	0.999	0	0	0	0	0.976	0.9	0.768	NDUFB5	NDUFB1	0.524848913462775	4.29927975934402e-37	1.56179486822808e-36
9606.ENSP00000259037	9606.ENSP00000369176	NDUFB5	NDUFB6	9606	0.999	0	0	0	0	0.976	0.967	0.629	NDUFB5	NDUFB6	0.648373688300507	1.46859601763298e-61	8.60238163269793e-61
9606.ENSP00000259075	9606.ENSP00000477613	TANK	BIRC2	9606	0.833	0	0	0	0	0.404	0	0.732	TANK	BIRC2	0.453770314919691	5.11009189433617e-27	1.5101310262081e-26
9606.ENSP00000259075	9606.ENSP00000483825	TANK	IKBKG	9606	0.986	0	0	0	0	0.457	0	0.977	TANK	IKBKG	-0.336179425395956	8.29102532361368e-15	1.73955679016617e-14
9606.ENSP00000259075	9606.ENSP00000329967	TANK	TBK1	9606	0.999	0	0	0	0	0.734	0.8	0.987	TANK	TBK1	0.395667641298291	2.25239627091959e-20	5.54070935425775e-20
9606.ENSP00000259075	9606.ENSP00000464030	TANK	IKBKE	9606	0.999	0	0	0	0	0.639	0.9	0.987	TANK	IKBKE	0.326111648431924	5.61547681120807e-14	1.15039124589432e-13
9606.ENSP00000259400	9606.ENSP00000309457	STX17	VPS41	9606	0.75	0	0	0	0	0.75	0	0	STX17	VPS41	0.605679884758662	7.02201515139088e-52	3.38985778957591e-51
9606.ENSP00000259400	9606.ENSP00000335193	STX17	VPS39	9606	0.855	0	0	0	0	0.737	0	0.472	STX17	VPS39	0.39660472258406	1.80076519846236e-20	4.444804889619e-20
9606.ENSP00000259400	9606.ENSP00000306866	STX17	GABARAP	9606	0.9	0	0	0	0	0.9	0	0	STX17	GABARAP	-0.596545461999616	5.38506736341654e-50	2.50211021089761e-49
9606.ENSP00000259400	9606.ENSP00000263864	STX17	VAMP8	9606	0.999	0	0	0	0	0.972	0.9	0.985	STX17	VAMP8	-0.629978122035806	3.33599806055249e-57	1.79089494191499e-56
9606.ENSP00000259457	9606.ENSP00000351314	PSMB7	PSMB10	9606	0.793	0	0	0	0	0.292	0.72	0	PSMB7	PSMB10	0.451267580174166	1.05171000461471e-26	3.07844914030881e-26
9606.ENSP00000259457	9606.ENSP00000388107	PSMB7	UBA52	9606	0.826	0	0	0	0	0.826	0	0	PSMB7	UBA52	0.692421447113655	2.51466523330846e-73	1.84815157559436e-72
9606.ENSP00000259457	9606.ENSP00000478877	PSMB7	ADRM1	9606	0.828	0	0	0	0	0.653	0.5	0.088	PSMB7	ADRM1	0.680132050472128	7.7868256681499e-70	5.32956794551203e-69
9606.ENSP00000259457	9606.ENSP00000478771	PSMB7	UBB	9606	0.836	0	0	0	0	0.836	0	0	PSMB7	UBB	0.369172476253836	9.44437187833499e-18	2.17126494269463e-17
9606.ENSP00000259457	9606.ENSP00000441543	PSMB7	UBC	9606	0.837	0	0	0	0	0.836	0	0	PSMB7	UBC	0.388147137695136	1.32273147534325e-19	3.19196569139021e-19
9606.ENSP00000259457	9606.ENSP00000370222	PSMB7	POMP	9606	0.85	0	0	0	0	0.85	0	0	PSMB7	POMP	0.67241494335769	9.93801414720899e-68	6.50808573134763e-67
9606.ENSP00000259457	9606.ENSP00000272317	PSMB7	RPS27A	9606	0.876	0	0	0	0	0.876	0	0	PSMB7	RPS27A	0.475321414128991	7.92904568635983e-30	2.49335346861786e-29
9606.ENSP00000259457	9606.ENSP00000372155	PSMB7	PSME1	9606	0.924	0	0	0	0	0.924	0	0	PSMB7	PSME1	0.464084079215375	2.44865826661794e-28	7.45757781530388e-28
9606.ENSP00000259457	9606.ENSP00000261303	PSMB7	PSMC1	9606	0.948	0	0	0	0	0.945	0	0.092	PSMB7	PSMC1	0.457698378533505	1.62622319154628e-27	4.85524660685938e-27
9606.ENSP00000259457	9606.ENSP00000418695	PSMB7	PSMD6	9606	0.95	0	0	0	0	0.949	0	0	PSMB7	PSMD6	0.547726667076645	7.10962855561998e-41	2.78597597374352e-40
9606.ENSP00000259457	9606.ENSP00000391211	PSMB7	PSMC2	9606	0.957	0	0	0	0	0.942	0	0.285	PSMB7	PSMC2	0.376804140041333	1.75468694709684e-18	4.12268223957035e-18
9606.ENSP00000259457	9606.ENSP00000310572	PSMB7	PSMC5	9606	0.959	0	0	0	0	0.948	0	0.24	PSMB7	PSMC5	0.631775040858123	1.29011976219952e-57	6.96267078887384e-57
9606.ENSP00000259457	9606.ENSP00000396937	PSMB7	PSMD13	9606	0.959	0	0	0	0	0.95	0	0.221	PSMB7	PSMD13	0.67702142885096	5.5972681461638e-69	3.7724918752877e-68
9606.ENSP00000259457	9606.ENSP00000338039	PSMB7	PSMF1	9606	0.961	0	0	0	0	0.633	0.9	0	PSMB7	PSMF1	0.436016272434697	7.53304189170772e-25	2.09682396530763e-24
9606.ENSP00000259457	9606.ENSP00000264639	PSMB7	PSMD3	9606	0.962	0	0	0	0	0.949	0	0.289	PSMB7	PSMD3	0.485951793937158	2.74323666283029e-31	8.90477941334845e-31
9606.ENSP00000259457	9606.ENSP00000386541	PSMB7	PSMD14	9606	0.964	0	0	0	0	0.962	0	0.081	PSMB7	PSMD14	0.361368994042261	5.04362802373786e-17	1.13311501519809e-16
9606.ENSP00000259457	9606.ENSP00000481029	PSMB7	PSMC3	9606	0.964	0	0	0	0	0.943	0	0.393	PSMB7	PSMC3	0.685733573357336	2.09740639210663e-71	1.48662642879463e-70
9606.ENSP00000259457	9606.ENSP00000357876	PSMB7	PSMD4	9606	0.964	0	0	0	0	0.962	0	0.084	PSMB7	PSMD4	0.647529970388343	2.36216513526156e-61	1.37650667119057e-60
9606.ENSP00000259457	9606.ENSP00000364016	PSMB7	PSMB8	9606	0.969	0	0	0	0	0.827	0.72	0.426	PSMB7	PSMB8	0.30527745321116	2.36088160673308e-12	4.55364118488186e-12
9606.ENSP00000259457	9606.ENSP00000484998	PSMB7	PSMC6	9606	0.974	0	0	0	0	0.968	0	0.222	PSMB7	PSMC6	0.483436014408894	6.14682354481961e-31	1.98326832098897e-30
9606.ENSP00000259457	9606.ENSP00000362334	PSMB7	PSMB2	9606	0.996	0	0	0	0	0.963	0.9	0.164	PSMB7	PSMB2	0.633349452957718	5.58317909006247e-58	3.03253208651147e-57
9606.ENSP00000259457	9606.ENSP00000414359	PSMB7	PSMA1	9606	0.997	0	0	0	0	0.97	0.9	0.292	PSMB7	PSMA1	0.576687389235818	4.23253881489077e-46	1.83639029230438e-45
9606.ENSP00000259457	9606.ENSP00000359910	PSMB7	PSMA7	9606	0.997	0	0	0	0	0.955	0.9	0.502	PSMB7	PSMA7	0.624947774280534	4.61264515144591e-56	2.42122154021892e-55
9606.ENSP00000259457	9606.ENSP00000483688	PSMB7	PSMB3	9606	0.998	0	0	0	0	0.985	0.9	0.149	PSMB7	PSMB3	0.763138798351885	1.96788826303282e-97	2.37667551576985e-96
9606.ENSP00000259457	9606.ENSP00000271308	PSMB7	PSMA5	9606	0.998	0	0	0	0	0.963	0.9	0.671	PSMB7	PSMA5	0.629897803444941	3.48020342258912e-57	1.86544387010617e-56
9606.ENSP00000259457	9606.ENSP00000290541	PSMB7	PSMB4	9606	0.999	0	0	0	0	0.985	0.9	0.427	PSMB7	PSMB4	0.71336922512127	1.06415635327307e-79	8.7946591376685e-79
9606.ENSP00000259457	9606.ENSP00000261479	PSMB7	PSMA6	9606	0.999	0	0	0	0	0.985	0.9	0.584	PSMB7	PSMA6	0.5895009066124	1.39303083664139e-48	6.33065512651748e-48
9606.ENSP00000259457	9606.ENSP00000270586	PSMB7	PSMB6	9606	0.999	0	0	0	0	0.981	0.9	0.975	PSMB7	PSMB6	0.75462353688785	4.24424645096443e-94	4.70620209633687e-93
9606.ENSP00000259457	9606.ENSP00000262193	PSMB7	PSMB1	9606	0.999	0	0	0	0	0.985	0.9	0.824	PSMB7	PSMB1	0.757489755186699	3.31958925803744e-95	3.75887046754585e-94
9606.ENSP00000259457	9606.ENSP00000355325	PSMB7	PSMB5	9606	0.999	0	0	0	0	0.963	0.9	0.97	PSMB7	PSMB5	0.617065277956367	2.57083848907968e-54	1.2926735907714e-53
9606.ENSP00000259607	9606.ENSP00000306884	CCL21	CXCL11	9606	0.734	0	0	0	0	0.734	0	0	CCL21	CXCL11	0.373206462526148	3.90128091004057e-18	9.07172852639242e-18
9606.ENSP00000259607	9606.ENSP00000427279	CCL21	CXCL2	9606	0.734	0	0	0	0	0.734	0	0	CCL21	CXCL2	0.315559860347126	3.86894002231808e-13	7.67966070093507e-13
9606.ENSP00000259607	9606.ENSP00000474412	CCL21	CCL5	9606	0.81	0	0	0	0	0.734	0	0.315	CCL21	CCL5	0.417246741825091	1.0826756993506e-22	2.84226856508246e-22
9606.ENSP00000259607	9606.ENSP00000305651	CCL21	CXCL10	9606	0.817	0	0	0	0	0.734	0	0.341	CCL21	CXCL10	0.366471460266447	1.69535294443929e-17	3.86091925037442e-17
9606.ENSP00000259607	9606.ENSP00000354901	CCL21	CXCL9	9606	0.855	0	0	0	0	0.734	0	0.48	CCL21	CXCL9	0.457731151868642	1.61066125095613e-27	4.81019886091192e-27
9606.ENSP00000259607	9606.ENSP00000379140	CCL21	CXCL12	9606	0.923	0	0	0	0	0.734	0	0.723	CCL21	CXCL12	0.603246948679379	2.2615699133333e-51	1.07641825725053e-50
9606.ENSP00000259808	9606.ENSP00000296795	RIPK1	TLR3	9606	0.761	0	0	0	0	0.524	0.5	0.078	RIPK1	TLR3	0.377682053919678	1.44166162200628e-18	3.39350106482453e-18
9606.ENSP00000259808	9606.ENSP00000478121	RIPK1	ELOC	9606	0.8	0	0	0	0	0.8	0	0	RIPK1	ELOC	-0.376701738496831	1.79529804312834e-18	4.21712354857875e-18
9606.ENSP00000259808	9606.ENSP00000262306	RIPK1	ELOB	9606	0.8	0	0	0	0	0.8	0	0	RIPK1	ELOB	-0.468067676332851	7.3643858771391e-29	2.26598204647385e-28
9606.ENSP00000259808	9606.ENSP00000360242	RIPK1	XIAP	9606	0.803	0	0	0	0	0.457	0.5	0.335	RIPK1	XIAP	0.356868171289179	1.29836766081782e-16	2.87309811131298e-16
9606.ENSP00000259808	9606.ENSP00000374455	RIPK1	SQSTM1	9606	0.937	0	0	0	0	0.457	0	0.89	RIPK1	SQSTM1	-0.300833188908953	5.04858993407606e-12	9.62615505170086e-12
9606.ENSP00000259808	9606.ENSP00000392025	RIPK1	CYLD	9606	0.968	0	0	0	0	0.457	0.5	0.894	RIPK1	CYLD	0.448240631516568	2.49787030496079e-26	7.22610899672079e-26
9606.ENSP00000259808	9606.ENSP00000359424	RIPK1	CHUK	9606	0.981	0	0	0	0	0.457	0.5	0.937	RIPK1	CHUK	0.383103558803085	4.22767517201811e-19	1.00751986678057e-18
9606.ENSP00000259808	9606.ENSP00000356426	RIPK1	TAB2	9606	0.992	0	0	0	0	0.734	0.5	0.949	RIPK1	TAB2	0.360713680063659	5.79348692276944e-17	1.29899440782713e-16
9606.ENSP00000259951	9606.ENSP00000366024	HLA-F	HLA-G	9606	0.863	0	0	0	0	0.609	0.54	0.303	HLA-F	HLA-G	0.708080404313723	4.89275721778783e-78	3.92231531658019e-77
9606.ENSP00000259951	9606.ENSP00000393566	HLA-F	HLA-DPA1	9606	0.905	0	0	0	0	0.089	0.9	0	HLA-F	HLA-DPA1	0.846074545342733	1.56116991418239e-139	5.64299032681514e-138
9606.ENSP00000259951	9606.ENSP00000399168	HLA-F	HLA-B	9606	0.908	0	0	0	0	0.125	0.9	0	HLA-F	HLA-B	0.932344538801706	2.25253438174361e-224	1.08947579596999e-221
9606.ENSP00000259951	9606.ENSP00000353099	HLA-F	HLA-DRB1	9606	0.912	0	0	0	0	0.165	0.9	0	HLA-F	HLA-DRB1	0.847598269143684	1.57098283990685e-140	5.88799730809367e-139
9606.ENSP00000259951	9606.ENSP00000365402	HLA-F	HLA-C	9606	0.972	0	0	0	0	0.497	0.9	0.502	HLA-F	HLA-C	0.89855957645454	4.81905941047278e-182	9.06429378373557e-180
9606.ENSP00000259951	9606.ENSP00000379873	HLA-F	HLA-A	9606	0.976	0	0	0	0	0.549	0.9	0.527	HLA-F	HLA-A	0.916833546708708	1.06030608132465e-202	3.58984295600484e-200
9606.ENSP00000259951	9606.ENSP00000365817	HLA-F	HLA-E	9606	0.978	0	0	0	0	0.549	0.9	0.571	HLA-F	HLA-E	0.895923225862959	2.16203411674897e-179	3.92138937925344e-177
9606.ENSP00000259951	9606.ENSP00000497910	HLA-F	B2M	9606	0.998	0	0	0	0	0.972	0.9	0.637	HLA-F	B2M	0.863865579104494	6.5525450611651e-152	3.65682418605791e-150
9606.ENSP00000260010	9606.ENSP00000385519	TLR2	CD14	9606	0.916	0	0	0	0	0.483	0.8	0.256	TLR2	CD14	0.497550562509667	6.0911969398597e-33	2.03715137695604e-32
9606.ENSP00000260010	9606.ENSP00000284818	TLR2	LY96	9606	0.954	0	0	0	0	0.292	0	0.938	TLR2	LY96	0.564875897527641	6.60801407882783e-44	2.7473433892204e-43
9606.ENSP00000260010	9606.ENSP00000498321	TLR2	MYD88	9606	0.992	0	0	0	0	0.549	0	0.984	TLR2	MYD88	0.424716136209894	1.55620743119017e-23	4.18934505131158e-23
9606.ENSP00000260010	9606.ENSP00000389600	TLR2	TLR6	9606	0.999	0	0	0	0	0.509	0.9	0.982	TLR2	TLR6	0.574809872291577	9.57706478337801e-46	4.12878807320757e-45
9606.ENSP00000260010	9606.ENSP00000354932	TLR2	TLR1	9606	0.999	0	0	0	0	0.946	0.9	0.982	TLR2	TLR1	0.499483799311608	3.18337775520453e-33	1.07313534217101e-32
9606.ENSP00000260227	9606.ENSP00000262768	MMP7	TIMP2	9606	0.791	0	0	0	0	0.164	0	0.76	MMP7	TIMP2	0.558878188703214	7.95214058464534e-43	3.25553776373409e-42
9606.ENSP00000260356	9606.ENSP00000466090	THBS1	ELANE	9606	0.844	0	0	0	0	0.292	0	0.789	THBS1	ELANE	0.441037797473794	1.89022388739605e-25	5.34195993997822e-25
9606.ENSP00000260356	9606.ENSP00000379350	THBS1	ITGB1	9606	0.896	0	0	0	0	0.292	0.5	0.731	THBS1	ITGB1	0.52678131167154	2.11367195942559e-37	7.71695402296396e-37
9606.ENSP00000260356	9606.ENSP00000361405	THBS1	MMP9	9606	0.93	0	0	0	0	0.292	0	0.906	THBS1	MMP9	0.310029294854951	1.03246897335502e-12	2.01940831164393e-12
9606.ENSP00000260356	9606.ENSP00000346839	THBS1	FN1	9606	0.996	0	0	0	0	0.437	0.72	0.982	THBS1	FN1	0.515604728174681	1.20620293462012e-35	4.27623148584172e-35
9606.ENSP00000260408	9606.ENSP00000345731	ADAM10	DLG1	9606	0.966	0	0	0	0	0.365	0	0.95	ADAM10	DLG1	0.508973412869237	1.23921880673646e-34	4.29142360041672e-34
9606.ENSP00000260810	9606.ENSP00000278616	TOPBP1	ATM	9606	0.716	0	0	0	0	0.457	0.5	0	TOPBP1	ATM	0.610860713400533	5.62440727911867e-53	2.77047064665414e-52
9606.ENSP00000260810	9606.ENSP00000347232	TOPBP1	BLM	9606	0.783	0	0	0	0	0.457	0.5	0.265	TOPBP1	BLM	0.375630389125869	2.27975325165298e-18	5.34644511129977e-18
9606.ENSP00000260810	9606.ENSP00000265433	TOPBP1	NBN	9606	0.807	0	0	0	0	0.457	0.5	0.349	TOPBP1	NBN	0.707818763242784	5.89973996854677e-78	4.71839833547476e-77
9606.ENSP00000260810	9606.ENSP00000260947	TOPBP1	BARD1	9606	0.872	0	0	0	0	0.734	0.54	0	TOPBP1	BARD1	0.3848580820815	2.82842904177418e-19	6.77236062642629e-19
9606.ENSP00000260810	9606.ENSP00000343741	TOPBP1	ATR	9606	0.891	0	0	0	0	0.578	0.5	0.527	TOPBP1	ATR	0.534581253156371	1.14813749396914e-38	4.30159812845613e-38
9606.ENSP00000260810	9606.ENSP00000418960	TOPBP1	BRCA1	9606	0.952	0	0	0	0	0.734	0.54	0.645	TOPBP1	BRCA1	0.45510162817524	3.47233823810211e-27	1.03064113046181e-26
9606.ENSP00000260810	9606.ENSP00000311360	TOPBP1	RAD9A	9606	0.993	0	0	0	0	0.509	0.5	0.976	TOPBP1	RAD9A	-0.713705221453822	8.31970781546915e-80	6.89822630871185e-79
9606.ENSP00000260947	9606.ENSP00000325863	BARD1	MRE11	9606	0.872	0	0	0	0	0.734	0.54	0	BARD1	MRE11	0.391579779095922	5.92923936382233e-20	1.44247387349325e-19
9606.ENSP00000260947	9606.ENSP00000272317	BARD1	RPS27A	9606	0.9	0	0	0	0	0.9	0	0	BARD1	RPS27A	-0.324109460635504	8.14649890407094e-14	1.65919369096949e-13
9606.ENSP00000260947	9606.ENSP00000493712	BARD1	RAD51	9606	0.991	0	0	0	0	0.508	0.72	0.941	BARD1	RAD51	0.397894199357824	1.32194623674222e-20	3.27807810707781e-20
9606.ENSP00000260947	9606.ENSP00000369497	BARD1	BRCA2	9606	0.994	0	0	0	0	0.642	0.72	0.948	BARD1	BRCA2	0.553077264248164	8.40892104199236e-42	3.36389960707036e-41
9606.ENSP00000261023	9606.ENSP00000497069	ITGAV	IGF1R	9606	0.843	0	0	0	0	0.136	0.72	0.406	ITGAV	IGF1R	0.480776183208383	1.43203843407137e-30	4.58116988184658e-30
9606.ENSP00000261023	9606.ENSP00000341189	ITGAV	PTK2	9606	0.913	0	0	0	0	0.586	0.8	0	ITGAV	PTK2	0.354845764079513	1.97608304157055e-16	4.34403476278174e-16
9606.ENSP00000261023	9606.ENSP00000380227	ITGAV	ITGA4	9606	0.934	0	0	0	0	0.226	0.9	0.216	ITGAV	ITGA4	0.378903604646179	1.09570177759398e-18	2.59055934707218e-18
9606.ENSP00000261023	9606.ENSP00000379350	ITGAV	ITGB1	9606	0.996	0	0	0	0	0.457	0.9	0.948	ITGAV	ITGB1	0.743414248257124	6.50500302597027e-90	6.72139529346694e-89
9606.ENSP00000261023	9606.ENSP00000283249	ITGAV	ITGB6	9606	0.998	0	0	0	0	0.967	0.9	0.671	ITGAV	ITGB6	0.66895313754978	8.34438177644053e-67	5.33378764652652e-66
9606.ENSP00000261023	9606.ENSP00000452786	ITGAV	ITGB3	9606	0.999	0	0	0	0	0.96	0.9	0.983	ITGAV	ITGB3	0.57533641562914	7.62093245653338e-46	3.28826724558239e-45
9606.ENSP00000261023	9606.ENSP00000346839	ITGAV	FN1	9606	0.999	0	0	0	0	0.96	0	0.982	ITGAV	FN1	0.573729205218658	1.52868166456708e-45	6.54587675674868e-45
9606.ENSP00000261037	9606.ENSP00000380901	COL8A1	COL8A2	9606	0.896	0	0	0	0	0.292	0.8	0.326	COL8A1	COL8A2	0.705347056444775	3.42175081724547e-77	2.7088638387188e-76
9606.ENSP00000261303	9606.ENSP00000440485	PSMC1	PSMD9	9606	0.766	0	0	0	0	0.137	0.72	0.11	PSMC1	PSMD9	0.430298650983111	3.53646626111819e-24	9.68713263597019e-24
9606.ENSP00000261303	9606.ENSP00000478771	PSMC1	UBB	9606	0.866	0	0	0	0	0.866	0	0	PSMC1	UBB	0.480063751716786	1.79386967258505e-30	5.72786364804977e-30
9606.ENSP00000261303	9606.ENSP00000270586	PSMC1	PSMB6	9606	0.952	0	0	0	0	0.949	0	0.088	PSMC1	PSMB6	0.527203310393151	1.80897993385124e-37	6.61404218435099e-37
9606.ENSP00000261303	9606.ENSP00000483688	PSMC1	PSMB3	9606	0.963	0	0	0	0	0.961	0	0.089	PSMC1	PSMB3	0.545137650411004	1.97008717728585e-40	7.65207474558024e-40
9606.ENSP00000261303	9606.ENSP00000355325	PSMC1	PSMB5	9606	0.963	0	0	0	0	0.963	0	0	PSMC1	PSMB5	0.315033739398785	4.25135758266878e-13	8.42392488629862e-13
9606.ENSP00000261303	9606.ENSP00000290541	PSMC1	PSMB4	9606	0.964	0	0	0	0	0.96	0	0.119	PSMC1	PSMB4	0.505177474269166	4.59589700164638e-34	1.57226425886569e-33
9606.ENSP00000261303	9606.ENSP00000478877	PSMC1	ADRM1	9606	0.97	0	0	0	0	0.841	0.54	0.627	PSMC1	ADRM1	0.521067883185834	1.70232135566387e-36	6.11619314095434e-36
9606.ENSP00000261303	9606.ENSP00000262193	PSMC1	PSMB1	9606	0.976	0	0	0	0	0.96	0	0.425	PSMC1	PSMB1	0.558448826249085	9.48390697516543e-43	3.87638000590565e-42
9606.ENSP00000261303	9606.ENSP00000362334	PSMC1	PSMB2	9606	0.979	0	0	0	0	0.976	0	0.149	PSMC1	PSMB2	0.324131264058083	8.11367892810524e-14	1.65284069139119e-13
9606.ENSP00000261303	9606.ENSP00000310572	PSMC1	PSMC5	9606	0.995	0	0	0	0	0.972	0.72	0.492	PSMC1	PSMC5	0.655727311861621	2.18658874892619e-63	1.32750639108448e-62
9606.ENSP00000261303	9606.ENSP00000418695	PSMC1	PSMD6	9606	0.997	0	0	0	0	0.983	0.72	0.574	PSMC1	PSMD6	0.471185658938565	2.84392271756248e-29	8.82006810451363e-29
9606.ENSP00000261303	9606.ENSP00000396937	PSMC1	PSMD13	9606	0.997	0	0	0	0	0.981	0.72	0.486	PSMC1	PSMD13	0.569444553150967	9.59717734399725e-45	4.04307466955538e-44
9606.ENSP00000261303	9606.ENSP00000484998	PSMC1	PSMC6	9606	0.998	0	0	0	0	0.979	0.72	0.818	PSMC1	PSMC6	0.361454903254301	4.95269003746657e-17	1.11293081218026e-16
9606.ENSP00000261303	9606.ENSP00000357876	PSMC1	PSMD4	9606	0.998	0	0	0	0	0.968	0.72	0.883	PSMC1	PSMD4	0.492388648802768	3.37614188906265e-32	1.11480732013034e-31
9606.ENSP00000261303	9606.ENSP00000481029	PSMC1	PSMC3	9606	0.998	0	0	0	0	0.979	0.72	0.729	PSMC1	PSMC3	0.548905915436264	4.4560612777812e-41	1.7529130285989e-40
9606.ENSP00000261349	9606.ENSP00000301061	LRP6	WNT10B	9606	0.855	0	0	0	0	0.187	0	0.829	LRP6	WNT10B	-0.403178549149314	3.67194165976382e-21	9.24081056447501e-21
9606.ENSP00000261349	9606.ENSP00000354607	LRP6	FZD5	9606	0.937	0	0	0	0	0.292	0.8	0.592	LRP6	FZD5	0.447139651853384	3.41414076620823e-26	9.83477815155332e-26
9606.ENSP00000261349	9606.ENSP00000324806	LRP6	GSK3B	9606	0.956	0	0	0	0	0.457	0.72	0.738	LRP6	GSK3B	0.358697702068343	8.85641559409048e-17	1.97182405061765e-16
9606.ENSP00000261349	9606.ENSP00000363826	LRP6	FZD8	9606	0.958	0	0	0	0	0.457	0.8	0.648	LRP6	FZD8	0.300813621734844	5.06536812480894e-12	9.65633334153235e-12
9606.ENSP00000261349	9606.ENSP00000262320	LRP6	AXIN1	9606	0.995	0	0	0	0	0.457	0.5	0.983	LRP6	AXIN1	-0.416564637830243	1.28938801397532e-22	3.37446896623224e-22
9606.ENSP00000261349	9606.ENSP00000294304	LRP6	LRP5	9606	0.998	0	0	0	0	0.292	0.9	0.982	LRP6	LRP5	0.331346799276201	2.09514018829906e-14	4.34292630460277e-14
9606.ENSP00000261366	9606.ENSP00000327054	LMNB1	LMNB2	9606	0.998	0	0	0	0	0.629	0.9	0.963	LMNB1	LMNB2	0.402811616565383	4.01650201995899e-21	1.0092927020466e-20
9606.ENSP00000261461	9606.ENSP00000337641	PPP2R5A	PPP2R5E	9606	0.91	0	0	0	0	0.48	0.54	0.656	PPP2R5A	PPP2R5E	0.318653852962936	2.21421089812507e-13	4.43934861671068e-13
9606.ENSP00000261461	9606.ENSP00000378306	PPP2R5A	PPP3CB	9606	0.92	0	0	0	0	0.173	0.9	0.116	PPP2R5A	PPP3CB	0.32309876950428	9.8193827284905e-14	1.99391184272847e-13
9606.ENSP00000261461	9606.ENSP00000418447	PPP2R5A	PPP2CA	9606	0.998	0	0	0	0	0.98	0.9	0.188	PPP2R5A	PPP2CA	0.36428440980744	2.71172612680834e-17	6.14113762987565e-17
9606.ENSP00000261464	9606.ENSP00000329967	TRAF5	TBK1	9606	0.779	0	0	0	0	0.734	0	0.206	TRAF5	TBK1	0.331001392064672	2.23726595954095e-14	4.63186105810383e-14
9606.ENSP00000261464	9606.ENSP00000361359	TRAF5	CD40	9606	0.919	0	0	0	0	0.457	0.54	0.705	TRAF5	CD40	0.396082838097474	2.03995998231628e-20	5.02665539553286e-20
9606.ENSP00000261479	9606.ENSP00000478877	PSMA6	ADRM1	9606	0.839	0	0	0	0	0.677	0.5	0.088	PSMA6	ADRM1	0.548092852763537	6.15076345687246e-41	2.41396075855694e-40
9606.ENSP00000261479	9606.ENSP00000388107	PSMA6	UBA52	9606	0.864	0	0	0	0	0.864	0	0	PSMA6	UBA52	0.577456192824251	3.02499342503248e-46	1.31583975237923e-45
9606.ENSP00000261479	9606.ENSP00000441543	PSMA6	UBC	9606	0.889	0	0	0	0	0.889	0	0	PSMA6	UBC	0.452223483217887	7.98868589352617e-27	2.34851179798974e-26
9606.ENSP00000261479	9606.ENSP00000370222	PSMA6	POMP	9606	0.89	0	0	0	0	0.89	0	0	PSMA6	POMP	0.731517033690947	1.05405557723509e-85	1.00056471943708e-84
9606.ENSP00000261479	9606.ENSP00000272317	PSMA6	RPS27A	9606	0.922	0	0	0	0	0.921	0	0	PSMA6	RPS27A	0.344296914163466	1.68361264430375e-15	3.60464874118744e-15
9606.ENSP00000261479	9606.ENSP00000338039	PSMA6	PSMF1	9606	0.943	0	0	0	0	0.46	0.9	0	PSMA6	PSMF1	0.39969559067708	8.56424368360892e-21	2.13360370601952e-20
9606.ENSP00000261479	9606.ENSP00000418695	PSMA6	PSMD6	9606	0.955	0	0	0	0	0.955	0	0	PSMA6	PSMD6	0.546009321429037	1.39922656313564e-40	5.45773586857476e-40
9606.ENSP00000261479	9606.ENSP00000309474	PSMA6	PSMD1	9606	0.957	0	0	0	0	0.957	0	0	PSMA6	PSMD1	0.404322947822733	2.77395488289448e-21	7.01220999142839e-21
9606.ENSP00000261479	9606.ENSP00000310572	PSMA6	PSMC5	9606	0.958	0	0	0	0	0.953	0	0.136	PSMA6	PSMC5	0.423440729166084	2.17474509514972e-23	5.82666471417455e-23
9606.ENSP00000261479	9606.ENSP00000264639	PSMA6	PSMD3	9606	0.958	0	0	0	0	0.957	0	0.051	PSMA6	PSMD3	0.452785061114807	6.79424738166567e-27	2.00142606309682e-26
9606.ENSP00000261479	9606.ENSP00000261712	PSMA6	PSMD11	9606	0.959	0	0	0	0	0.959	0	0	PSMA6	PSMD11	0.414479708840449	2.19412377001393e-22	5.70696930397733e-22
9606.ENSP00000261479	9606.ENSP00000372155	PSMA6	PSME1	9606	0.966	0	0	0	0	0.957	0	0.225	PSMA6	PSME1	0.576819421072542	3.99554514972383e-46	1.73430564468996e-45
9606.ENSP00000261479	9606.ENSP00000310129	PSMA6	PSMD2	9606	0.966	0	0	0	0	0.955	0	0.27	PSMA6	PSMD2	0.365421542154215	2.12510717514427e-17	4.82232206835129e-17
9606.ENSP00000261479	9606.ENSP00000391211	PSMA6	PSMC2	9606	0.969	0	0	0	0	0.961	0	0.236	PSMA6	PSMC2	0.669041562541347	7.90579252598152e-67	5.05662057219108e-66
9606.ENSP00000261479	9606.ENSP00000481029	PSMA6	PSMC3	9606	0.971	0	0	0	0	0.962	0	0.276	PSMA6	PSMC3	0.459733364640812	8.93357805992576e-28	2.68456663771201e-27
9606.ENSP00000261479	9606.ENSP00000396937	PSMA6	PSMD13	9606	0.972	0	0	0	0	0.956	0	0.381	PSMA6	PSMD13	0.580516964739952	7.87246469337431e-47	3.45850449353818e-46
9606.ENSP00000261479	9606.ENSP00000386541	PSMA6	PSMD14	9606	0.975	0	0	0	0	0.974	0	0.081	PSMA6	PSMD14	0.597015540063323	4.32187097573329e-50	2.01271176068423e-49
9606.ENSP00000261479	9606.ENSP00000357876	PSMA6	PSMD4	9606	0.983	0	0	0	0	0.983	0	0.084	PSMA6	PSMD4	0.501029233358118	1.8893286910887e-33	6.38811967889079e-33
9606.ENSP00000261479	9606.ENSP00000351314	PSMA6	PSMB10	9606	0.986	0	0	0	0	0.946	0.72	0.145	PSMA6	PSMB10	0.497668058731339	5.85633766825368e-33	1.96054125565104e-32
9606.ENSP00000261479	9606.ENSP00000484998	PSMA6	PSMC6	9606	0.987	0	0	0	0	0.979	0	0.388	PSMA6	PSMC6	0.48724807263335	1.80544917932348e-31	5.88131729133693e-31
9606.ENSP00000261479	9606.ENSP00000364016	PSMA6	PSMB8	9606	0.992	0	0	0	0	0.97	0.72	0.12	PSMA6	PSMB8	0.470996323234808	3.01391729864538e-29	9.3387303240821e-29
9606.ENSP00000261479	9606.ENSP00000348442	PSMA6	PSMD12	9606	0.992	0	0	0	0	0.988	0	0.391	PSMA6	PSMD12	0.316412852465371	3.31933932655755e-13	6.60421734375024e-13
9606.ENSP00000261479	9606.ENSP00000483688	PSMA6	PSMB3	9606	0.994	0	0	0	0	0.951	0.9	0	PSMA6	PSMB3	0.610389144504512	7.09105128504678e-53	3.48614752672895e-52
9606.ENSP00000261479	9606.ENSP00000363993	PSMA6	PSMB9	9606	0.995	0	0	0	0	0.98	0.72	0.235	PSMA6	PSMB9	0.421443666105741	3.6622252191199e-23	9.7476995677675e-23
9606.ENSP00000261479	9606.ENSP00000362334	PSMA6	PSMB2	9606	0.996	0	0	0	0	0.951	0.9	0.422	PSMA6	PSMB2	0.720124559039755	7.04201135712799e-82	6.1448203912671e-81
9606.ENSP00000261479	9606.ENSP00000262193	PSMA6	PSMB1	9606	0.996	0	0	0	0	0.951	0.9	0.346	PSMA6	PSMB1	0.65441342270873	4.67709783516221e-63	2.8109634740676e-62
9606.ENSP00000261479	9606.ENSP00000414359	PSMA6	PSMA1	9606	0.996	0	0	0	0	0.951	0.9	0.377	PSMA6	PSMA1	0.762161371416645	4.82818931785877e-97	5.75585902599665e-96
9606.ENSP00000261479	9606.ENSP00000355325	PSMA6	PSMB5	9606	0.997	0	0	0	0	0.97	0.9	0.345	PSMA6	PSMB5	0.647493165465615	2.41156704950037e-61	1.40448890606509e-60
9606.ENSP00000261479	9606.ENSP00000359910	PSMA6	PSMA7	9606	0.997	0	0	0	0	0.97	0.9	0.28	PSMA6	PSMA7	0.728963703823798	7.8891770827611e-85	7.29784805369804e-84
9606.ENSP00000261479	9606.ENSP00000290541	PSMA6	PSMB4	9606	0.998	0	0	0	0	0.967	0.9	0.627	PSMA6	PSMB4	0.623920404462806	7.84090727760835e-56	4.08830057590698e-55
9606.ENSP00000261479	9606.ENSP00000271308	PSMA6	PSMA5	9606	0.999	0	0	0	0	0.972	0.9	0.718	PSMA6	PSMA5	0.816454688947155	4.6237746170552e-122	1.01214824968598e-120
9606.ENSP00000261479	9606.ENSP00000270586	PSMA6	PSMB6	9606	0.999	0	0	0	0	0.985	0.9	0.593	PSMA6	PSMB6	0.629329609979631	4.69317664156423e-57	2.51151713110473e-56
9606.ENSP00000261584	9606.ENSP00000369176	PALB2	NDUFB6	9606	0.704	0	0	0	0	0.469	0.467	0	PALB2	NDUFB6	-0.318925650329008	2.10762314811177e-13	4.22815096096608e-13
9606.ENSP00000261584	9606.ENSP00000382628	PALB2	RBBP8	9606	0.707	0	0	0	0	0.318	0.5	0.209	PALB2	RBBP8	0.62756791207071	1.18140225325369e-56	6.28575310963735e-56
9606.ENSP00000261584	9606.ENSP00000299166	PALB2	NDUFB8	9606	0.72	0	0	0	0	0.497	0.467	0	PALB2	NDUFB8	-0.398675395489859	1.09546693268446e-20	2.72378399884359e-20
9606.ENSP00000261584	9606.ENSP00000274137	PALB2	NDUFS6	9606	0.721	0	0	0	0	0.499	0.467	0	PALB2	NDUFS6	-0.357946415759588	1.03660266140745e-16	2.30237770214639e-16
9606.ENSP00000261584	9606.ENSP00000330737	PALB2	NDUFA12	9606	0.722	0	0	0	0	0.5	0.467	0	PALB2	NDUFA12	-0.440522313100875	2.18079713701205e-25	6.1562969762733e-25
9606.ENSP00000261584	9606.ENSP00000263774	PALB2	NDUFS3	9606	0.722	0	0	0	0	0.5	0.467	0	PALB2	NDUFS3	-0.323579097040139	8.98614237956734e-14	1.82690648817585e-13
9606.ENSP00000261584	9606.ENSP00000268668	PALB2	NDUFB10	9606	0.722	0	0	0	0	0.5	0.467	0	PALB2	NDUFB10	-0.354062890761126	2.32308295879351e-16	5.09403143619726e-16
9606.ENSP00000261584	9606.ENSP00000315774	PALB2	NDUFS8	9606	0.722	0	0	0	0	0.5	0.467	0	PALB2	NDUFS8	-0.302587991718426	3.74545982735444e-12	7.17514814531103e-12
9606.ENSP00000261584	9606.ENSP00000327268	PALB2	NDUFV2	9606	0.722	0	0	0	0	0.5	0.467	0	PALB2	NDUFV2	-0.436529770989521	6.54676412889437e-25	1.8273009963501e-24
9606.ENSP00000261584	9606.ENSP00000362873	PALB2	NDUFA8	9606	0.722	0	0	0	0	0.5	0.467	0	PALB2	NDUFA8	-0.406304916205906	1.70232890409466e-21	4.32371959962228e-21
9606.ENSP00000261584	9606.ENSP00000423673	PALB2	NDUFA13	9606	0.722	0	0	0	0	0.5	0.467	0	PALB2	NDUFA13	-0.393254170137511	3.99512148987451e-20	9.77087622746337e-20
9606.ENSP00000261584	9606.ENSP00000392709	PALB2	NDUFS1	9606	0.722	0	0	0	0	0.5	0.467	0	PALB2	NDUFS1	0.439611414557605	2.80604520657118e-25	7.90596426162094e-25
9606.ENSP00000261584	9606.ENSP00000369497	PALB2	BRCA2	9606	0.999	0	0	0	0	0.96	0.9	0.984	PALB2	BRCA2	0.546766105181947	1.03877660797093e-40	4.05646059483302e-40
9606.ENSP00000261596	9606.ENSP00000397908	LPIN2	LPIN1	9606	0.959	0	0	0	0	0.61	0.9	0	LPIN2	LPIN1	0.410594972540732	5.84992166159654e-22	1.506532817364e-21
9606.ENSP00000261596	9606.ENSP00000487971	LPIN2	LPIN3	9606	0.959	0	0	0	0	0.615	0.9	0	LPIN2	LPIN3	-0.430850352115957	3.0501546303277e-24	8.37761508389358e-24
9606.ENSP00000261597	9606.ENSP00000302530	NDC80	BUB1	9606	0.725	0	0	0	0	0.725	0	0	NDC80	BUB1	0.597431668632702	3.55617600789264e-50	1.65840586373579e-49
9606.ENSP00000261597	9606.ENSP00000287598	NDC80	BUB1B	9606	0.755	0	0	0	0	0.164	0.72	0	NDC80	BUB1B	0.598034710303328	2.67938452978061e-50	1.25354715195678e-49
9606.ENSP00000261597	9606.ENSP00000300093	NDC80	PLK1	9606	0.774	0	0	0	0	0.226	0.72	0	NDC80	PLK1	0.742305534901316	1.64193291496837e-89	1.68116054610219e-88
9606.ENSP00000261597	9606.ENSP00000439020	NDC80	TUBA1A	9606	0.904	0	0	0	0	0.904	0	0	NDC80	TUBA1A	0.475883644265048	6.65622120859556e-30	2.0969987225715e-29
9606.ENSP00000261597	9606.ENSP00000335463	NDC80	KNL1	9606	0.951	0	0	0	0	0.644	0.54	0.725	NDC80	KNL1	0.644028657524137	1.67078886865036e-60	9.51778044805478e-60
9606.ENSP00000261712	9606.ENSP00000293362	PSMD11	PSME3	9606	0.722	0	0	0	0	0.584	0.36	0	PSMD11	PSME3	0.634936909840052	2.38770132501695e-58	1.30879019742025e-57
9606.ENSP00000261712	9606.ENSP00000355325	PSMD11	PSMB5	9606	0.948	0	0	0	0	0.948	0	0	PSMD11	PSMB5	0.319085169386504	2.04742407221853e-13	4.11225752452513e-13
9606.ENSP00000261712	9606.ENSP00000414359	PSMD11	PSMA1	9606	0.956	0	0	0	0	0.955	0	0	PSMD11	PSMA1	0.350829275474131	4.51030062915444e-16	9.80966241762776e-16
9606.ENSP00000261712	9606.ENSP00000359910	PSMD11	PSMA7	9606	0.957	0	0	0	0	0.957	0	0	PSMD11	PSMA7	0.312697232456165	6.44685133464362e-13	1.26974343622213e-12
9606.ENSP00000261712	9606.ENSP00000271308	PSMD11	PSMA5	9606	0.957	0	0	0	0	0.957	0	0	PSMD11	PSMA5	0.4179583796889	9.01866262762578e-23	2.37128025650518e-22
9606.ENSP00000261712	9606.ENSP00000310129	PSMD11	PSMD2	9606	0.988	0	0	0	0	0.951	0.72	0.22	PSMD11	PSMD2	0.44695609312484	3.59633044273276e-26	1.03478550444296e-25
9606.ENSP00000261712	9606.ENSP00000309474	PSMD11	PSMD1	9606	0.993	0	0	0	0	0.951	0.72	0.572	PSMD11	PSMD1	0.588091324660416	2.64546121890183e-48	1.19741308379616e-47
9606.ENSP00000261712	9606.ENSP00000391211	PSMD11	PSMC2	9606	0.996	0	0	0	0	0.977	0.72	0.519	PSMD11	PSMC2	0.512090090996677	4.1726257721387e-35	1.46193031968309e-34
9606.ENSP00000261712	9606.ENSP00000386541	PSMD11	PSMD14	9606	0.999	0	0	0	0	0.984	0.72	0.981	PSMD11	PSMD14	0.480953405899596	1.35388406296839e-30	4.3352460364344e-30
9606.ENSP00000261712	9606.ENSP00000264639	PSMD11	PSMD3	9606	0.999	0	0	0	0	0.991	0.72	0.987	PSMD11	PSMD3	0.300581983664205	5.26817825431582e-12	1.00316622664203e-11
9606.ENSP00000261712	9606.ENSP00000348442	PSMD11	PSMD12	9606	0.999	0	0	0	0	0.972	0.72	0.986	PSMD11	PSMD12	0.321231502032191	1.38402657221143e-13	2.79585479195535e-13
9606.ENSP00000261716	9606.ENSP00000376317	TAOK1	TAOK3	9606	0.942	0	0	0	0	0.452	0.9	0	TAOK1	TAOK3	0.528827572198214	9.91607274123853e-38	3.64786493418181e-37
9606.ENSP00000261769	9606.ENSP00000326366	CDH1	PSEN1	9606	0.746	0	0	0	0	0.457	0	0.552	CDH1	PSEN1	0.381400282885431	6.23094719680595e-19	1.48180123338698e-18
9606.ENSP00000261769	9606.ENSP00000357005	CDH1	F11R	9606	0.776	0	0	0	0	0.08	0	0.767	CDH1	F11R	0.543622592072872	3.56229595952803e-40	1.37366135386964e-39
9606.ENSP00000261769	9606.ENSP00000269571	CDH1	ERBB2	9606	0.852	0	0	0	0	0.08	0	0.846	CDH1	ERBB2	0.402172422211165	4.69447487905204e-21	1.17820067572354e-20
9606.ENSP00000261769	9606.ENSP00000275493	CDH1	EGFR	9606	0.988	0	0	0	0	0.542	0	0.976	CDH1	EGFR	0.39545566357878	2.36911817975572e-20	5.82360439297648e-20
9606.ENSP00000261769	9606.ENSP00000304669	CDH1	CTNNA1	9606	0.994	0	0	0	0	0.549	0.9	0.896	CDH1	CTNNA1	0.481498677818092	1.13894200361569e-30	3.65620541426187e-30
9606.ENSP00000261798	9606.ENSP00000495360	CSNK1A1	CTNNB1	9606	0.996	0	0	0	0	0.49	0.8	0.967	CSNK1A1	CTNNB1	0.408365712347632	1.02104002028961e-21	2.61292604839545e-21
9606.ENSP00000261799	9606.ENSP00000263923	PDGFRB	KDR	9606	0.978	0	0	0	0	0.292	0	0.97	PDGFRB	KDR	0.48649352512891	2.30373316960803e-31	7.48050441295038e-31
9606.ENSP00000261799	9606.ENSP00000330382	PDGFRB	PDGFB	9606	0.999	0	0	0	0	0.96	0.8	0.982	PDGFRB	PDGFB	0.58056662809138	7.70147518303636e-47	3.38484999714843e-46
9606.ENSP00000261819	9606.ENSP00000477760	ANAPC5	ANAPC16	9606	0.996	0	0	0	0	0.942	0.9	0.436	ANAPC5	ANAPC16	0.329628149150319	2.90193333158862e-14	5.98354381829996e-14
9606.ENSP00000261819	9606.ENSP00000314004	ANAPC5	ANAPC2	9606	0.997	0	0	0	0	0.951	0.9	0.604	ANAPC5	ANAPC2	0.30673287825677	1.8354668477142e-12	3.55507947601699e-12
9606.ENSP00000261819	9606.ENSP00000349957	ANAPC5	ANAPC11	9606	0.997	0	0	0	0	0.742	0.9	0.912	ANAPC5	ANAPC11	0.358856009824585	8.56705421972605e-17	1.9094924228606e-16
9606.ENSP00000261819	9606.ENSP00000437360	ANAPC5	ANAPC15	9606	0.999	0	0	0	0	0.955	0.9	0.914	ANAPC5	ANAPC15	0.338858451062497	4.92435765047593e-15	1.04028079567147e-14
9606.ENSP00000261819	9606.ENSP00000394394	ANAPC5	ANAPC7	9606	0.999	0	0	0	0	0.951	0.9	0.887	ANAPC5	ANAPC7	0.384690549800322	2.93939849855743e-19	7.03309082446356e-19
9606.ENSP00000261837	9606.ENSP00000371594	GNB5	GNG7	9606	0.897	0	0	0	0	0.769	0.54	0.112	GNB5	GNG7	-0.346291927329379	1.12968387143666e-15	2.43045945396783e-15
9606.ENSP00000261921	9606.ENSP00000345008	LOXL1	FBLN5	9606	0.951	0	0	0	0	0.457	0	0.915	LOXL1	FBLN5	0.429031163985964	4.96279609068815e-24	1.35393821899327e-23
9606.ENSP00000261937	9606.ENSP00000263923	FLT4	KDR	9606	0.989	0	0	0	0	0.457	0	0.981	FLT4	KDR	0.817688725394278	1.0038914869325e-122	2.23118727194167e-121
9606.ENSP00000261937	9606.ENSP00000297904	FLT4	VEGFD	9606	0.996	0	0	0	0	0.457	0.7	0.982	FLT4	VEGFD	0.510970119775496	6.17801224255327e-35	2.15561904320211e-34
9606.ENSP00000261937	9606.ENSP00000480043	FLT4	VEGFC	9606	0.999	0	0	0	0	0.943	0.7	0.982	FLT4	VEGFC	0.311030016045083	8.6576790141076e-13	1.69760706073921e-12
9606.ENSP00000262039	9606.ENSP00000479919	PIK3C3	SH3GLB1	9606	0.782	0	0	0	0	0.292	0	0.706	PIK3C3	SH3GLB1	0.416516278957088	1.30544038883382e-22	3.4147200693755e-22
9606.ENSP00000262039	9606.ENSP00000431926	PIK3C3	AMBRA1	9606	0.993	0	0	0	0	0.292	0.5	0.982	PIK3C3	AMBRA1	0.352937126010738	2.92924391764233e-16	6.41352241247967e-16
9606.ENSP00000262039	9606.ENSP00000348455	PIK3C3	UVRAG	9606	0.999	0	0	0	0	0.917	0.8	0.982	PIK3C3	UVRAG	0.421865012588215	3.28184172496911e-23	8.74669808462642e-23
9606.ENSP00000262039	9606.ENSP00000349205	PIK3C3	PIK3R4	9606	0.999	0	0	0	0	0.981	0.967	0.982	PIK3C3	PIK3R4	0.640712860105886	1.04069997591113e-59	5.81749568262484e-59
9606.ENSP00000262039	9606.ENSP00000355231	PIK3C3	BECN1	9606	0.999	0	0	0	0	0.97	0.9	0.987	PIK3C3	BECN1	0.309543376697918	1.12436324347708e-12	2.19533976624312e-12
9606.ENSP00000262105	9606.ENSP00000266970	MCM4	CDK2	9606	0.764	0	0	0	0	0.457	0.5	0.202	MCM4	CDK2	0.711017157616383	5.90226087382177e-79	4.8152019032456e-78
9606.ENSP00000262105	9606.ENSP00000414095	MCM4	CUL2	9606	0.8	0	0	0	0	0.8	0	0	MCM4	CUL2	0.371250044259084	5.99926516194422e-18	1.38739836634489e-17
9606.ENSP00000262105	9606.ENSP00000322570	MCM4	POLE	9606	0.872	0	0	0	0	0.872	0	0	MCM4	POLE	0.563893718564403	9.96577738102058e-44	4.13152656567453e-43
9606.ENSP00000262105	9606.ENSP00000360623	MCM4	ORC1	9606	0.931	0	0	0	0	0.811	0.65	0	MCM4	ORC1	0.763339781183087	1.63537457719748e-97	1.97979732784205e-96
9606.ENSP00000262105	9606.ENSP00000301019	MCM4	CDT1	9606	0.961	0	0	0	0	0.796	0.5	0.649	MCM4	CDT1	0.698128353207991	5.23604833399961e-75	3.96884648719657e-74
9606.ENSP00000262105	9606.ENSP00000393139	MCM4	CDC7	9606	0.966	0	0	0	0	0.861	0.5	0.557	MCM4	CDC7	0.614046901584568	1.16325737948793e-53	5.78892954603571e-53
9606.ENSP00000262105	9606.ENSP00000405726	MCM4	CDC45	9606	0.987	0	0	0	0	0.969	0.54	0.18	MCM4	CDC45	0.725310512417701	1.35062818218057e-83	1.21616404666738e-82
9606.ENSP00000262105	9606.ENSP00000264156	MCM4	MCM6	9606	0.999	0	0	0	0	0.99	0.9	0.987	MCM4	MCM6	0.873879499751217	1.12551198510859e-159	8.53121286025964e-158
9606.ENSP00000262105	9606.ENSP00000480987	MCM4	MCM3	9606	0.999	0	0	0	0	0.981	0.9	0.987	MCM4	MCM3	0.744542994672138	2.52193855698331e-90	2.62721332546456e-89
9606.ENSP00000262105	9606.ENSP00000307288	MCM4	MCM7	9606	0.999	0	0	0	0	0.991	0.9	0.987	MCM4	MCM7	0.396890403326047	1.68176971327497e-20	4.15512891698708e-20
9606.ENSP00000262105	9606.ENSP00000265056	MCM4	MCM2	9606	0.999	0	0	0	0	0.982	0.9	0.665	MCM4	MCM2	0.786106188258577	3.58476736873862e-107	5.45884290319013e-106
9606.ENSP00000262133	9606.ENSP00000262643	RBL2	CCNE1	9606	0.716	0	0	0	0	0.457	0.5	0	RBL2	CCNE1	-0.313083358025243	6.01970781105876e-13	1.18768788339013e-12
9606.ENSP00000262133	9606.ENSP00000481380	RBL2	CCNA2	9606	0.752	0	0	0	0	0.526	0.5	0	RBL2	CCNA2	-0.351910315255128	3.61613758885342e-16	7.8902490848516e-16
9606.ENSP00000262133	9606.ENSP00000341947	RBL2	LIN54	9606	0.833	0	0	0	0	0.46	0.5	0.431	RBL2	LIN54	0.490077951894568	7.1987900230581e-32	2.36017140943193e-31
9606.ENSP00000262133	9606.ENSP00000420616	RBL2	TFDP2	9606	0.859	0	0	0	0	0.667	0.5	0.221	RBL2	TFDP2	0.302892773749425	3.5554540801294e-12	6.81372586639139e-12
9606.ENSP00000262133	9606.ENSP00000301159	RBL2	LIN37	9606	0.913	0	0	0	0	0.651	0.5	0.542	RBL2	LIN37	-0.652052317032945	1.81654284402803e-62	1.08214813294972e-61
9606.ENSP00000262133	9606.ENSP00000362768	RBL2	RBL1	9606	0.952	0	0	0	0	0.457	0.9	0.203	RBL2	RBL1	0.335465875780125	9.51702265490404e-15	1.99225884389654e-14
9606.ENSP00000262133	9606.ENSP00000398124	RBL2	E2F5	9606	0.994	0	0	0	0	0.537	0.5	0.979	RBL2	E2F5	-0.436200856110456	7.16267692841499e-25	1.995920701287e-24
9606.ENSP00000262133	9606.ENSP00000368686	RBL2	E2F4	9606	0.996	0	0	0	0	0.537	0.5	0.986	RBL2	E2F4	-0.349942602955948	5.40302666329364e-16	1.17236790897401e-15
9606.ENSP00000262139	9606.ENSP00000425107	WIPI1	ATG12	9606	0.77	0	0	0	0	0.188	0	0.729	WIPI1	ATG12	0.306461733129835	1.92380163829892e-12	3.72404292742561e-12
9606.ENSP00000262144	9606.ENSP00000382779	WDR59	SEH1L	9606	0.999	0	0	0	0	0.972	0.9	0.985	WDR59	SEH1L	-0.346003917161902	1.19687821058127e-15	2.57447945465353e-15
9606.ENSP00000262158	9606.ENSP00000351905	SMAD7	TGFBR2	9606	0.785	0	0	0	0	0.457	0.5	0.275	SMAD7	TGFBR2	0.340951579630013	3.26616942451202e-15	6.93011966675759e-15
9606.ENSP00000262158	9606.ENSP00000369154	SMAD7	SMAD9	9606	0.787	0	0	0	0	0.292	0.54	0.398	SMAD7	SMAD9	0.446576210416073	4.00444658491924e-26	1.15058455340947e-25
9606.ENSP00000262158	9606.ENSP00000262320	SMAD7	AXIN1	9606	0.866	0	0	0	0	0.457	0	0.764	SMAD7	AXIN1	-0.419621216780063	5.87456676080468e-23	1.55183288919358e-22
9606.ENSP00000262158	9606.ENSP00000364683	SMAD7	BAMBI	9606	0.949	0	0	0	0	0.292	0.8	0.669	SMAD7	BAMBI	0.32998799879988	2.71106164993449e-14	5.59566209680648e-14
9606.ENSP00000262158	9606.ENSP00000288840	SMAD7	SMAD6	9606	0.98	0	0	0	0	0.457	0.9	0.675	SMAD7	SMAD6	0.573028793562586	2.06795089857087e-45	8.82528457007746e-45
9606.ENSP00000262158	9606.ENSP00000447297	SMAD7	TGFBR1	9606	0.997	0	0	0	0	0.457	0.8	0.982	SMAD7	TGFBR1	-0.330985738325385	2.24392623655468e-14	4.64470323714813e-14
9606.ENSP00000262160	9606.ENSP00000385571	SMAD2	HIPK2	9606	0.75	0	0	0	0	0.292	0	0.662	SMAD2	HIPK2	0.315949669501112	3.60753138607003e-13	7.16778096406755e-13
9606.ENSP00000262160	9606.ENSP00000327255	SMAD2	PPM1A	9606	0.756	0	0	0	0	0.292	0.5	0.368	SMAD2	PPM1A	0.626780100370285	1.78179241687251e-56	9.43569633898545e-56
9606.ENSP00000262160	9606.ENSP00000359424	SMAD2	CHUK	9606	0.877	0	0	0	0	0.292	0	0.834	SMAD2	CHUK	0.553135034000294	8.21559046810525e-42	3.28785470388278e-41
9606.ENSP00000262160	9606.ENSP00000263253	SMAD2	EP300	9606	0.883	0	0	0	0	0.457	0	0.794	SMAD2	EP300	0.406647621283867	1.56398406678178e-21	3.97830858159343e-21
9606.ENSP00000262160	9606.ENSP00000329357	SMAD2	SP1	9606	0.908	0	0	0	0	0.457	0.5	0.69	SMAD2	SP1	0.41251609633013	3.60769928775141e-22	9.33114379060123e-22
9606.ENSP00000262160	9606.ENSP00000305769	SMAD2	SMAD1	9606	0.909	0	0	0	0	0.476	0.72	0.434	SMAD2	SMAD1	0.425095553033564	1.40835063873566e-23	3.79533495294192e-23
9606.ENSP00000262160	9606.ENSP00000478927	SMAD2	YAP1	9606	0.914	0	0	0	0	0.345	0.8	0.401	SMAD2	YAP1	0.373914441133554	3.33627860634628e-18	7.7757186334693e-18
9606.ENSP00000262160	9606.ENSP00000262367	SMAD2	CREBBP	9606	0.929	0	0	0	0	0.457	0	0.874	SMAD2	CREBBP	0.320251559317422	1.65561102464982e-13	3.33387017790805e-13
9606.ENSP00000262160	9606.ENSP00000308369	SMAD2	LEMD3	9606	0.951	0	0	0	0	0.608	0	0.881	SMAD2	LEMD3	0.342192417999564	2.55678933186248e-15	5.44429963180864e-15
9606.ENSP00000262160	9606.ENSP00000369154	SMAD2	SMAD9	9606	0.956	0	0	0	0	0.548	0.72	0.684	SMAD2	SMAD9	0.542140984284764	6.3391651691071e-40	2.42877784317695e-39
9606.ENSP00000262160	9606.ENSP00000441954	SMAD2	SMAD5	9606	0.971	0	0	0	0	0.292	0.72	0.866	SMAD2	SMAD5	0.413156688339641	3.0685348785165e-22	7.94471291386493e-22
9606.ENSP00000262160	9606.ENSP00000287727	SMAD2	ZFYVE9	9606	0.999	0	0	0	0	0.96	0.5	0.981	SMAD2	ZFYVE9	0.649428452161986	8.08983909746225e-62	4.76615404367309e-61
9606.ENSP00000262160	9606.ENSP00000341551	SMAD2	SMAD4	9606	0.999	0	0	0	0	0.96	0.9	0.987	SMAD2	SMAD4	0.538981724259382	2.14594733331974e-39	8.16344084813803e-39
9606.ENSP00000262187	9606.ENSP00000298552	RHEB	TSC1	9606	0.768	0	0	0	0	0.525	0	0.532	RHEB	TSC1	-0.375522676491252	2.33505774348705e-18	5.47361677835172e-18
9606.ENSP00000262187	9606.ENSP00000457870	RHEB	MLST8	9606	0.989	0	0	0	0	0.8	0.5	0.9	RHEB	MLST8	0.317032759176539	2.9686580995998e-13	5.91576619926136e-13
9606.ENSP00000262187	9606.ENSP00000354558	RHEB	MTOR	9606	0.997	0	0	0	0	0.886	0.5	0.957	RHEB	MTOR	-0.341076064128152	3.18706906175558e-15	6.76652601593885e-15
9606.ENSP00000262193	9606.ENSP00000388107	PSMB1	UBA52	9606	0.835	0	0	0	0	0.835	0	0	PSMB1	UBA52	0.605661342531769	7.08515882332851e-52	3.41871535242507e-51
9606.ENSP00000262193	9606.ENSP00000370222	PSMB1	POMP	9606	0.837	0	0	0	0	0.837	0	0	PSMB1	POMP	0.819983954917231	5.6817067818256e-124	1.30268839239283e-122
9606.ENSP00000262193	9606.ENSP00000478771	PSMB1	UBB	9606	0.848	0	0	0	0	0.848	0	0	PSMB1	UBB	0.500853221968159	2.00526358703212e-33	6.7756028787376e-33
9606.ENSP00000262193	9606.ENSP00000441543	PSMB1	UBC	9606	0.849	0	0	0	0	0.849	0	0	PSMB1	UBC	0.386177748209604	2.08716765006989e-19	5.01878831007572e-19
9606.ENSP00000262193	9606.ENSP00000478877	PSMB1	ADRM1	9606	0.861	0	0	0	0	0.72	0.5	0.088	PSMB1	ADRM1	0.715716074713061	1.892831192365e-80	1.59945810489612e-79
9606.ENSP00000262193	9606.ENSP00000272317	PSMB1	RPS27A	9606	0.888	0	0	0	0	0.888	0	0	PSMB1	RPS27A	0.427893938462169	6.71786897751915e-24	1.82980410846506e-23
9606.ENSP00000262193	9606.ENSP00000372155	PSMB1	PSME1	9606	0.925	0	0	0	0	0.925	0	0	PSMB1	PSME1	0.632694604864213	7.91465129641779e-58	4.28285099721446e-57
9606.ENSP00000262193	9606.ENSP00000418695	PSMB1	PSMD6	9606	0.954	0	0	0	0	0.953	0	0	PSMB1	PSMD6	0.643023463837067	2.91599149669492e-60	1.65093230947215e-59
9606.ENSP00000262193	9606.ENSP00000310572	PSMB1	PSMC5	9606	0.955	0	0	0	0	0.955	0	0	PSMB1	PSMC5	0.773158123265743	1.53629848722941e-101	2.04779314104844e-100
9606.ENSP00000262193	9606.ENSP00000396937	PSMB1	PSMD13	9606	0.958	0	0	0	0	0.956	0	0.084	PSMB1	PSMD13	0.850941553782707	9.31453536338948e-143	3.79950745726695e-141
9606.ENSP00000262193	9606.ENSP00000484998	PSMB1	PSMC6	9606	0.96	0	0	0	0	0.959	0	0	PSMB1	PSMC6	0.568594965086571	1.37706971104518e-44	5.7892785824031e-44
9606.ENSP00000262193	9606.ENSP00000338039	PSMB1	PSMF1	9606	0.963	0	0	0	0	0.648	0.9	0	PSMB1	PSMF1	0.494795877103238	1.52464284957376e-32	5.07066058386402e-32
9606.ENSP00000262193	9606.ENSP00000264639	PSMB1	PSMD3	9606	0.965	0	0	0	0	0.944	0	0.405	PSMB1	PSMD3	0.43953314586117	2.86738635587664e-25	8.07207406226137e-25
9606.ENSP00000262193	9606.ENSP00000481029	PSMB1	PSMC3	9606	0.966	0	0	0	0	0.948	0	0.367	PSMB1	PSMC3	0.75826536069756	1.65556916424354e-95	1.90006960465781e-94
9606.ENSP00000262193	9606.ENSP00000391211	PSMB1	PSMC2	9606	0.973	0	0	0	0	0.943	0	0.55	PSMB1	PSMC2	0.508781188677874	1.32478450298983e-34	4.58305047577236e-34
9606.ENSP00000262193	9606.ENSP00000348442	PSMB1	PSMD12	9606	0.975	0	0	0	0	0.974	0	0.092	PSMB1	PSMD12	0.309989787798656	1.03965731118206e-12	2.03307649396922e-12
9606.ENSP00000262193	9606.ENSP00000386541	PSMB1	PSMD14	9606	0.978	0	0	0	0	0.97	0	0.314	PSMB1	PSMD14	0.464180517430625	2.37890466655285e-28	7.25166107388275e-28
9606.ENSP00000262193	9606.ENSP00000357876	PSMB1	PSMD4	9606	0.99	0	0	0	0	0.983	0	0.474	PSMB1	PSMD4	0.782317051580934	1.74812020949908e-105	2.58452066490279e-104
9606.ENSP00000262193	9606.ENSP00000351314	PSMB1	PSMB10	9606	0.991	0	0	0	0	0.967	0.72	0.176	PSMB1	PSMB10	0.573465607430308	1.71292960594546e-45	7.32556884530022e-45
9606.ENSP00000262193	9606.ENSP00000363993	PSMB1	PSMB9	9606	0.991	0	0	0	0	0.961	0.72	0.308	PSMB1	PSMB9	0.317544953253089	2.70650846801978e-13	5.40822477074107e-13
9606.ENSP00000262193	9606.ENSP00000364016	PSMB1	PSMB8	9606	0.997	0	0	0	0	0.985	0.72	0.34	PSMB1	PSMB8	0.410647431202747	5.77345716250731e-22	1.48721796600524e-21
9606.ENSP00000262193	9606.ENSP00000359910	PSMB1	PSMA7	9606	0.997	0	0	0	0	0.963	0.9	0.417	PSMB1	PSMA7	0.573058330677788	2.04179796984359e-45	8.717335846869e-45
9606.ENSP00000262193	9606.ENSP00000362334	PSMB1	PSMB2	9606	0.998	0	0	0	0	0.951	0.9	0.739	PSMB1	PSMB2	0.775945606983058	1.01390683707751e-102	1.38231567036191e-101
9606.ENSP00000262193	9606.ENSP00000270586	PSMB1	PSMB6	9606	0.998	0	0	0	0	0.963	0.9	0.722	PSMB1	PSMB6	0.817189669277487	1.86440584603114e-122	4.09886800392604e-121
9606.ENSP00000262193	9606.ENSP00000290541	PSMB1	PSMB4	9606	0.999	0	0	0	0	0.989	0.9	0.862	PSMB1	PSMB4	0.834696419952554	2.05790841672443e-132	6.02368178347838e-131
9606.ENSP00000262193	9606.ENSP00000483688	PSMB1	PSMB3	9606	0.999	0	0	0	0	0.972	0.9	0.698	PSMB1	PSMB3	0.877577229772667	1.03416941128146e-162	8.90174466981849e-161
9606.ENSP00000262193	9606.ENSP00000414359	PSMB1	PSMA1	9606	0.999	0	0	0	0	0.972	0.9	0.725	PSMB1	PSMA1	0.690366707478201	9.9153773956847e-73	7.21938983569674e-72
9606.ENSP00000262193	9606.ENSP00000355325	PSMB1	PSMB5	9606	0.999	0	0	0	0	0.985	0.9	0.849	PSMB1	PSMB5	0.525080458356395	3.94958938276133e-37	1.4363043093701e-36
9606.ENSP00000262193	9606.ENSP00000271308	PSMB1	PSMA5	9606	0.999	0	0	0	0	0.989	0.9	0.607	PSMB1	PSMA5	0.653873555057369	6.38527083297751e-63	3.83078534261976e-62
9606.ENSP00000262306	9606.ENSP00000341189	ELOB	PTK2	9606	0.8	0	0	0	0	0.8	0	0	ELOB	PTK2	-0.309907046605282	1.05487116147602e-12	2.06203356179983e-12
9606.ENSP00000262306	9606.ENSP00000381034	ELOB	SOCS6	9606	0.916	0	0	0	0	0.65	0.5	0.562	ELOB	SOCS6	-0.639990924558294	1.5452231580207e-59	8.60462259650013e-59
9606.ENSP00000262306	9606.ENSP00000452522	ELOB	SOCS4	9606	0.974	0	0	0	0	0.941	0	0.579	ELOB	SOCS4	-0.592484621132921	3.54673579272894e-49	1.63079200754857e-48
9606.ENSP00000262306	9606.ENSP00000496577	ELOB	SOCS1	9606	0.987	0	0	0	0	0.652	0.4	0.946	ELOB	SOCS1	0.449642572952947	1.67510881871691e-26	4.87649190934586e-26
9606.ENSP00000262306	9606.ENSP00000437955	ELOB	HIF1A	9606	0.995	0	0	0	0	0.92	0.5	0.902	ELOB	HIF1A	-0.404968198683222	2.36710906697008e-21	5.99270358754116e-21
9606.ENSP00000262306	9606.ENSP00000478121	ELOB	ELOC	9606	0.999	0	0	0	0	0.96	0.9	0.982	ELOB	ELOC	0.701734583396228	4.32323465103217e-76	3.34688219135166e-75
9606.ENSP00000262306	9606.ENSP00000414095	ELOB	CUL2	9606	0.999	0	0	0	0	0.932	0.9	0.982	ELOB	CUL2	-0.392337867327105	4.96006103948834e-20	1.20987848170228e-19
9606.ENSP00000262319	9606.ENSP00000278616	TELO2	ATM	9606	0.822	0	0	0	0	0.517	0	0.647	TELO2	ATM	-0.416014520706729	1.4840846655178e-22	3.8760215859255e-22
9606.ENSP00000262319	9606.ENSP00000296782	TELO2	RICTOR	9606	0.961	0	0	0	0	0.457	0.9	0.352	TELO2	RICTOR	-0.343851248478885	1.8398521511259e-15	3.93584210172404e-15
9606.ENSP00000262319	9606.ENSP00000354558	TELO2	MTOR	9606	0.988	0	0	0	0	0.804	0.9	0.458	TELO2	MTOR	-0.509999385031671	8.67094669147052e-35	3.01612347757761e-34
9606.ENSP00000262319	9606.ENSP00000362547	TELO2	TTI1	9606	0.999	0	0	0	0	0.962	0.9	0.985	TELO2	TTI1	-0.363384040267381	3.28677209067904e-17	7.4285144915503e-17
9606.ENSP00000262320	9606.ENSP00000359206	AXIN1	BTRC	9606	0.996	0	0	0	0	0.564	0.5	0.986	AXIN1	BTRC	-0.330633622368448	2.39898743695899e-14	4.95758197297915e-14
9606.ENSP00000262320	9606.ENSP00000302625	AXIN1	AXIN2	9606	0.998	0	0	0	0	0.457	0.9	0.982	AXIN1	AXIN2	-0.474087843566965	1.16268578399574e-29	3.64375177662597e-29
9606.ENSP00000262320	9606.ENSP00000368166	AXIN1	DVL1	9606	0.999	0	0	0	0	0.457	0.9	0.985	AXIN1	DVL1	0.712951419365539	1.44449309471422e-79	1.19185348196688e-78
9606.ENSP00000262367	9606.ENSP00000293328	CREBBP	STAT5B	9606	0.718	0	0	0	0	0.292	0	0.618	CREBBP	STAT5B	0.469464865741233	4.81388397485424e-29	1.48615864840713e-28
9606.ENSP00000262367	9606.ENSP00000341551	CREBBP	SMAD4	9606	0.836	0	0	0	0	0.292	0	0.778	CREBBP	SMAD4	0.701930907376452	3.77025600393167e-76	2.92324352915527e-75
9606.ENSP00000262367	9606.ENSP00000380697	CREBBP	IRF7	9606	0.895	0	0	0	0	0.317	0.7	0.53	CREBBP	IRF7	-0.426847560532451	8.86729930094954e-24	2.3998177191512e-23
9606.ENSP00000262367	9606.ENSP00000368880	CREBBP	FOXO1	9606	0.965	0	0	0	0	0.476	0.9	0.399	CREBBP	FOXO1	0.436402304826756	6.77898234041465e-25	1.89107727634143e-24
9606.ENSP00000262367	9606.ENSP00000336790	CREBBP	ATF4	9606	0.966	0	0	0	0	0.548	0.9	0.326	CREBBP	ATF4	-0.47283284229044	1.71356115808074e-29	5.34212421197854e-29
9606.ENSP00000262367	9606.ENSP00000332973	CREBBP	SMAD3	9606	0.967	0	0	0	0	0.457	0	0.941	CREBBP	SMAD3	0.352197393652409	3.40957111058546e-16	7.44913180688676e-16
9606.ENSP00000262367	9606.ENSP00000264110	CREBBP	ATF2	9606	0.968	0	0	0	0	0.457	0.8	0.729	CREBBP	ATF2	0.538042593079184	3.0758672586345e-39	1.16616587330909e-38
9606.ENSP00000262367	9606.ENSP00000329357	CREBBP	SP1	9606	0.973	0	0	0	0	0.457	0.8	0.772	CREBBP	SP1	0.614139333187977	1.11097574471459e-53	5.53146109758143e-53
9606.ENSP00000262367	9606.ENSP00000399968	CREBBP	NCOA2	9606	0.978	0	0	0	0	0.457	0.8	0.82	CREBBP	NCOA2	0.730588431513959	2.19757459925423e-85	2.06482564335108e-84
9606.ENSP00000262367	9606.ENSP00000339527	CREBBP	FOXO3	9606	0.985	0	0	0	0	0.961	0.5	0.321	CREBBP	FOXO3	0.603191592451171	2.32229006328155e-51	1.10480094485952e-50
9606.ENSP00000262367	9606.ENSP00000495360	CREBBP	CTNNB1	9606	0.994	0	0	0	0	0.457	0.5	0.982	CREBBP	CTNNB1	0.435276260545309	9.21753126805726e-25	2.56149015293181e-24
9606.ENSP00000262367	9606.ENSP00000471896	CREBBP	IRF3	9606	0.998	0	0	0	0	0.723	0.7	0.982	CREBBP	IRF3	-0.453426957602593	5.6440111815053e-27	1.66597563413395e-26
9606.ENSP00000262367	9606.ENSP00000263253	CREBBP	EP300	9606	0.998	0	0	0	0	0.457	0.9	0.982	CREBBP	EP300	0.732489149536072	4.86853774815816e-86	4.65628417213206e-85
9606.ENSP00000262367	9606.ENSP00000361066	CREBBP	NCOA3	9606	0.999	0	0	0	0	0.943	0.8	0.976	CREBBP	NCOA3	0.554583843477515	4.57780233372194e-42	1.84291471675044e-41
9606.ENSP00000262367	9606.ENSP00000387699	CREBBP	CREB1	9606	0.999	0	0	0	0	0.96	0.8	0.983	CREBBP	CREB1	0.668214802846744	1.30879634024821e-66	8.31359876666733e-66
9606.ENSP00000262367	9606.ENSP00000385216	CREBBP	NCOA1	9606	0.999	0	0	0	0	0.943	0.8	0.97	CREBBP	NCOA1	0.552882431100253	9.09481432781971e-42	3.63113322042707e-41
9606.ENSP00000262367	9606.ENSP00000437955	CREBBP	HIF1A	9606	0.999	0	0	0	0	0.96	0.9	0.982	CREBBP	HIF1A	0.301428031001858	4.56367155288404e-12	8.71464785911697e-12
9606.ENSP00000262395	9606.ENSP00000383382	TRAF4	GP1BB	9606	0.771	0	0	0	0	0.292	0	0.691	TRAF4	GP1BB	0.36352576251414	3.18889390500146e-17	7.21211208931193e-17
9606.ENSP00000262407	9606.ENSP00000358866	ITGA2B	FLNA	9606	0.977	0	0	0	0	0.937	0.65	0	ITGA2B	FLNA	-0.449837219746819	1.58447972317869e-26	4.61530270958587e-26
9606.ENSP00000262407	9606.ENSP00000346839	ITGA2B	FN1	9606	0.991	0	0	0	0	0.292	0.4	0.982	ITGA2B	FN1	-0.450817255638607	1.19680721834862e-26	3.49912807045681e-26
9606.ENSP00000262435	9606.ENSP00000478771	SMURF2	UBB	9606	0.922	0	0	0	0	0.922	0	0	SMURF2	UBB	-0.349627291921739	5.7606110594644e-16	1.24915727008924e-15
9606.ENSP00000262435	9606.ENSP00000272317	SMURF2	RPS27A	9606	0.96	0	0	0	0	0.96	0	0	SMURF2	RPS27A	-0.350263877319409	5.06112513437076e-16	1.09935517514551e-15
9606.ENSP00000262435	9606.ENSP00000354621	SMURF2	SMURF1	9606	0.965	0	0	0	0	0.671	0.9	0	SMURF2	SMURF1	0.636506010849532	1.02616186744795e-58	5.64611380697122e-58
9606.ENSP00000262435	9606.ENSP00000447297	SMURF2	TGFBR1	9606	0.973	0	0	0	0	0.457	0.8	0.779	SMURF2	TGFBR1	0.502717600952642	1.06523460168157e-33	3.61738142737535e-33
9606.ENSP00000262506	9606.ENSP00000365042	CSNK2A2	CSNK2B	9606	0.988	0	0	0	0	0.693	0.9	0.66	CSNK2A2	CSNK2B	0.581613192375138	4.84420157773487e-47	2.1392415402197e-46
9606.ENSP00000262643	9606.ENSP00000384849	CCNE1	CDKN1A	9606	0.919	0	0	0	0	0.77	0.5	0.358	CCNE1	CDKN1A	0.316725647720051	3.13760081709809e-13	6.2462978242386e-13
9606.ENSP00000262643	9606.ENSP00000266970	CCNE1	CDK2	9606	0.999	0	0	0	0	0.974	0.9	0.984	CCNE1	CDK2	0.305271489881907	2.3633111803238e-12	4.55746186796068e-12
9606.ENSP00000262719	9606.ENSP00000475727	PHLPP1	TBC1D7	9606	0.724	0	0	0	0	0.292	0	0.627	PHLPP1	TBC1D7	-0.381216351448809	6.49659294558262e-19	1.54316872189623e-18
9606.ENSP00000262741	9606.ENSP00000452522	PIK3R3	SOCS4	9606	0.722	0	0	0	0	0.421	0.54	0	PIK3R3	SOCS4	0.375236902572245	2.48826786835484e-18	5.82872157261996e-18
9606.ENSP00000262741	9606.ENSP00000304895	PIK3R3	IRS1	9606	0.93	0	0	0	0	0.457	0.4	0.802	PIK3R3	IRS1	0.491449144914491	4.59647958977336e-32	1.51235643645377e-31
9606.ENSP00000262768	9606.ENSP00000361405	TIMP2	MMP9	9606	0.971	0	0	0	0	0.151	0	0.967	TIMP2	MMP9	0.340777152249386	3.38025557784835e-15	7.16619826846289e-15
9606.ENSP00000262768	9606.ENSP00000308208	TIMP2	MMP14	9606	0.999	0	0	0	0	0.657	0.9	0.983	TIMP2	MMP14	0.633371349557316	5.518331200972e-58	2.99891332307504e-57
9606.ENSP00000262850	9606.ENSP00000357288	RRAGB	LAMTOR2	9606	0.861	0	0	0	0	0.734	0.5	0	RRAGB	LAMTOR2	-0.429538046972399	4.33462211940471e-24	1.18447018743055e-23
9606.ENSP00000262850	9606.ENSP00000354558	RRAGB	MTOR	9606	0.954	0	0	0	0	0.773	0.5	0.628	RRAGB	MTOR	0.340353662695462	3.67377230095442e-15	7.78358474359492e-15
9606.ENSP00000262850	9606.ENSP00000362092	RRAGB	RRAGC	9606	0.999	0	0	0	0	0.827	0.9	0.986	RRAGB	RRAGC	0.321374435580204	1.34825127240434e-13	2.72466935412074e-13
9606.ENSP00000262850	9606.ENSP00000358423	RRAGB	RRAGD	9606	0.999	0	0	0	0	0.827	0.9	0.986	RRAGB	RRAGD	0.310149400033171	1.01091308795636e-12	1.97877129203561e-12
9606.ENSP00000262904	9606.ENSP00000420616	E2F3	TFDP2	9606	0.918	0	0	0	0	0.468	0.8	0.294	E2F3	TFDP2	0.304830017163207	2.55013086706379e-12	4.909340260949e-12
9606.ENSP00000262904	9606.ENSP00000267163	E2F3	RB1	9606	0.955	0	0	0	0	0.567	0.5	0.81	E2F3	RB1	0.361984148725431	4.42699067919375e-17	9.96784400988051e-17
9606.ENSP00000262948	9606.ENSP00000263025	MAP2K2	MAPK3	9606	0.832	0	0	0	0	0.537	0.5	0.334	MAP2K2	MAPK3	0.492300876050338	3.47502242309384e-32	1.14708491229653e-31
9606.ENSP00000262948	9606.ENSP00000419060	MAP2K2	BRAF	9606	0.952	0	0	0	0	0.697	0.4	0.758	MAP2K2	BRAF	-0.50257438787357	1.11842928881315e-33	3.79675343799302e-33
9606.ENSP00000263025	9606.ENSP00000386135	MAPK3	DAPK1	9606	0.72	0	0	0	0	0.55	0	0.403	MAPK3	DAPK1	-0.399943907434222	8.06512028211929e-21	2.01024360013462e-20
9606.ENSP00000263025	9606.ENSP00000435412	MAPK3	RPS6KA1	9606	0.758	0	0	0	0	0.621	0	0.389	MAPK3	RPS6KA1	0.332402774438935	1.71334781465658e-14	3.5638897713428e-14
9606.ENSP00000263056	9606.ENSP00000384273	MAP3K8	RELA	9606	0.703	0	0	0	0	0.551	0	0.367	MAP3K8	RELA	-0.330277127091591	2.56667074472077e-14	5.29979157432992e-14
9606.ENSP00000263125	9606.ENSP00000346671	PRKCQ	FYN	9606	0.752	0	0	0	0	0.292	0	0.664	PRKCQ	FYN	-0.550071839482085	2.80255236915349e-41	1.10674667237527e-40
9606.ENSP00000263125	9606.ENSP00000498104	PRKCQ	BCL10	9606	0.864	0	0	0	0	0.457	0.5	0.54	PRKCQ	BCL10	-0.318339007813825	2.34428996642812e-13	4.69458856250205e-13
9606.ENSP00000263125	9606.ENSP00000380150	PRKCQ	CARD11	9606	0.936	0	0	0	0	0.457	0.7	0.642	PRKCQ	CARD11	-0.513220235066985	2.80401201234756e-35	9.87187175369642e-35
9606.ENSP00000263253	9606.ENSP00000364885	EP300	ZBTB17	9606	0.723	0	0	0	0	0.457	0	0.512	EP300	ZBTB17	-0.401629293364119	5.35834012831735e-21	1.34249286342672e-20
9606.ENSP00000263253	9606.ENSP00000345702	EP300	NFYA	9606	0.753	0	0	0	0	0.457	0.5	0.165	EP300	NFYA	0.624560903295298	5.6340096611287e-56	2.94972351175692e-55
9606.ENSP00000263253	9606.ENSP00000368686	EP300	E2F4	9606	0.779	0	0	0	0	0.292	0	0.701	EP300	E2F4	-0.309648200844929	1.10388602267691e-12	2.15660133339669e-12
9606.ENSP00000263253	9606.ENSP00000290921	EP300	CTBP1	9606	0.789	0	0	0	0	0.457	0	0.628	EP300	CTBP1	-0.39869244688444	1.09097659099837e-20	2.71328335817103e-20
9606.ENSP00000263253	9606.ENSP00000339527	EP300	FOXO3	9606	0.95	0	0	0	0	0.476	0.5	0.825	EP300	FOXO3	0.54221468730724	6.16041710394381e-40	2.36207461399612e-39
9606.ENSP00000263253	9606.ENSP00000341551	EP300	SMAD4	9606	0.956	0	0	0	0	0.457	0.5	0.853	EP300	SMAD4	0.580278897454963	8.74588625093347e-47	3.83889224938337e-46
9606.ENSP00000263253	9606.ENSP00000305422	EP300	CEBPB	9606	0.96	0	0	0	0	0.457	0	0.93	EP300	CEBPB	-0.364130481371118	2.80248872922004e-17	6.343855142119e-17
9606.ENSP00000263253	9606.ENSP00000264110	EP300	ATF2	9606	0.96	0	0	0	0	0.457	0.8	0.665	EP300	ATF2	0.497725828483469	5.74417425403611e-33	1.92426048477061e-32
9606.ENSP00000263253	9606.ENSP00000354394	EP300	STAT1	9606	0.974	0	0	0	0	0.457	0	0.955	EP300	STAT1	0.310599910922769	9.339116647905e-13	1.829105433721e-12
9606.ENSP00000263253	9606.ENSP00000362649	EP300	HDAC1	9606	0.981	0	0	0	0	0.457	0	0.968	EP300	HDAC1	-0.366258551320971	1.77495285071564e-17	4.03947929749469e-17
9606.ENSP00000263253	9606.ENSP00000264657	EP300	STAT3	9606	0.989	0	0	0	0	0.457	0	0.982	EP300	STAT3	0.589667041238285	1.29134265695152e-48	5.8764190710827e-48
9606.ENSP00000263253	9606.ENSP00000329357	EP300	SP1	9606	0.993	0	0	0	0	0.457	0.8	0.944	EP300	SP1	0.623865057313185	8.06779900035136e-56	4.20444507165566e-55
9606.ENSP00000263253	9606.ENSP00000399968	EP300	NCOA2	9606	0.993	0	0	0	0	0.457	0.8	0.942	EP300	NCOA2	0.731843805498562	8.1332234878973e-86	7.74945131018507e-85
9606.ENSP00000263253	9606.ENSP00000332973	EP300	SMAD3	9606	0.994	0	0	0	0	0.457	0.5	0.982	EP300	SMAD3	0.380227184209104	8.12828183879138e-19	1.92669681765704e-18
9606.ENSP00000263253	9606.ENSP00000495360	EP300	CTNNB1	9606	0.994	0	0	0	0	0.457	0.5	0.981	EP300	CTNNB1	0.469224189499695	5.18038534909884e-29	1.5978491949832e-28
9606.ENSP00000263253	9606.ENSP00000385216	EP300	NCOA1	9606	0.995	0	0	0	0	0.457	0.8	0.965	EP300	NCOA1	0.582319567360463	3.53922508704943e-47	1.56567548820388e-46
9606.ENSP00000263253	9606.ENSP00000351407	EP300	ARNT	9606	0.997	0	0	0	0	0.457	0.8	0.974	EP300	ARNT	0.617730468699044	1.83922359384962e-54	9.28017587815725e-54
9606.ENSP00000263253	9606.ENSP00000471896	EP300	IRF3	9606	0.997	0	0	0	0	0.607	0.7	0.981	EP300	IRF3	-0.406916530162333	1.46324832236801e-21	3.72673350308222e-21
9606.ENSP00000263253	9606.ENSP00000387699	EP300	CREB1	9606	0.998	0	0	0	0	0.457	0.8	0.983	EP300	CREB1	0.636914498903306	8.22973754700726e-59	4.53797200135465e-58
9606.ENSP00000263253	9606.ENSP00000361066	EP300	NCOA3	9606	0.998	0	0	0	0	0.618	0.8	0.982	EP300	NCOA3	0.591838158971177	4.77618550697494e-49	2.1871828762103e-48
9606.ENSP00000263253	9606.ENSP00000437955	EP300	HIF1A	9606	0.999	0	0	0	0	0.96	0.9	0.982	EP300	HIF1A	0.474110019697622	1.15472819926608e-29	3.61993034566221e-29
9606.ENSP00000263379	9606.ENSP00000497910	IL27RA	B2M	9606	0.8	0	0	0	0	0.8	0	0	IL27RA	B2M	0.302124808754167	4.05336259419927e-12	7.75767926687054e-12
9606.ENSP00000263379	9606.ENSP00000379873	IL27RA	HLA-A	9606	0.912	0	0	0	0	0.912	0	0	IL27RA	HLA-A	0.373673578537978	3.51881729859154e-18	8.19927214998722e-18
9606.ENSP00000263433	9606.ENSP00000389168	PPP1R12C	PPP1R12A	9606	0.93	0	0	0	0	0.33	0.9	0	PPP1R12C	PPP1R12A	-0.464385786404727	2.23691047559418e-28	6.82496236125265e-28
9606.ENSP00000263433	9606.ENSP00000341779	PPP1R12C	PPP1CC	9606	0.935	0	0	0	0	0.378	0.9	0	PPP1R12C	PPP1CC	-0.415216645888191	1.81903075569314e-22	4.7434904712645e-22
9606.ENSP00000263464	9606.ENSP00000358327	BIRC3	CASP7	9606	0.733	0	0	0	0	0.536	0	0.447	BIRC3	CASP7	0.605878910872454	6.37844775009257e-52	3.08357419313138e-51
9606.ENSP00000263464	9606.ENSP00000365435	BIRC3	TNFRSF1B	9606	0.818	0	0	0	0	0.292	0.5	0.528	BIRC3	TNFRSF1B	0.625988002526961	2.69011926244219e-56	1.41866777511035e-55
9606.ENSP00000263464	9606.ENSP00000398698	BIRC3	TNF	9606	0.843	0	0	0	0	0.457	0.5	0.47	BIRC3	TNF	0.517337083051232	6.50780516956622e-36	2.31766399394404e-35
9606.ENSP00000263464	9606.ENSP00000311032	BIRC3	CASP3	9606	0.892	0	0	0	0	0.536	0	0.778	BIRC3	CASP3	0.498294208302818	4.74801092280017e-33	1.59476015022756e-32
9606.ENSP00000263464	9606.ENSP00000499058	BIRC3	DIABLO	9606	0.939	0	0	0	0	0.743	0	0.772	BIRC3	DIABLO	-0.410082033048025	6.65226011607757e-22	1.71099027599392e-21
9606.ENSP00000263464	9606.ENSP00000477613	BIRC3	BIRC2	9606	0.996	0	0	0	0	0.292	0.9	0.951	BIRC3	BIRC2	0.486760477289965	2.11356000460389e-31	6.86737970785723e-31
9606.ENSP00000263464	9606.ENSP00000362994	BIRC3	TRAF1	9606	0.999	0	0	0	0	0.964	0.5	0.982	BIRC3	TRAF1	0.544855324041721	2.20050067684999e-40	8.5437635224638e-40
9606.ENSP00000263681	9606.ENSP00000480987	POLD3	MCM3	9606	0.886	0	0	0	0	0.61	0.72	0	POLD3	MCM3	0.306139899704256	2.03405566298966e-12	3.93222370936163e-12
9606.ENSP00000263681	9606.ENSP00000368358	POLD3	POLA1	9606	0.96	0	0	0	0	0.624	0.9	0	POLD3	POLA1	0.652795031055901	1.18700584265977e-62	7.08784147201366e-62
9606.ENSP00000263681	9606.ENSP00000311368	POLD3	POLD4	9606	0.989	0	0	0	0	0.624	0.9	0.739	POLD3	POLD4	-0.433069735544983	1.6775299283167e-24	4.63637319235721e-24
9606.ENSP00000263681	9606.ENSP00000480186	POLD3	POLD2	9606	0.999	0	0	0	0	0.958	0.9	0.982	POLD3	POLD2	-0.348316757141553	7.51293739834982e-16	1.62359372670296e-15
9606.ENSP00000263734	9606.ENSP00000355601	EPAS1	EGLN1	9606	0.804	0	0	0	0	0.625	0.5	0	EPAS1	EGLN1	0.378528660319448	1.19213213869196e-18	2.81330997506838e-18
9606.ENSP00000263734	9606.ENSP00000469686	EPAS1	EGLN2	9606	0.812	0	0	0	0	0.544	0	0.605	EPAS1	EGLN2	-0.318539804290988	2.26049247432889e-13	4.53124571970762e-13
9606.ENSP00000263754	9606.ENSP00000269305	KAT2B	TP53	9606	0.812	0	0	0	0	0.457	0	0.669	KAT2B	TP53	-0.342610596463373	2.35368520019278e-15	5.01497389938284e-15
9606.ENSP00000263754	9606.ENSP00000361066	KAT2B	NCOA3	9606	0.967	0	0	0	0	0.457	0.8	0.723	KAT2B	NCOA3	0.423108553091334	2.37224950378793e-23	6.34578304186831e-23
9606.ENSP00000263774	9606.ENSP00000270517	NDUFS3	ECSIT	9606	0.734	0	0	0	0	0.734	0	0	NDUFS3	ECSIT	0.602637096007737	3.02726834135517e-51	1.43816485234539e-50
9606.ENSP00000263774	9606.ENSP00000467262	NDUFS3	UQCR11	9606	0.807	0	0	0	0	0.807	0	0	NDUFS3	UQCR11	0.846320812205444	1.07895655380149e-139	3.93729641649101e-138
9606.ENSP00000263774	9606.ENSP00000292907	NDUFS3	COX7A1	9606	0.807	0	0	0	0	0.807	0	0	NDUFS3	COX7A1	0.433194406397161	1.62191357652002e-24	4.48388029306309e-24
9606.ENSP00000263774	9606.ENSP00000497474	NDUFS3	COX7B	9606	0.814	0	0	0	0	0.814	0	0	NDUFS3	COX7B	0.842314386718175	4.06258133725456e-137	1.35735653429258e-135
9606.ENSP00000263774	9606.ENSP00000478766	NDUFS3	NDUFC2-KCTD14	9606	0.816	0	0	0	0	0.31	0.744	0	NDUFS3	NDUFC2-KCTD14	0.746395446998116	5.26803727491499e-91	5.56789329878372e-90
9606.ENSP00000263774	9606.ENSP00000425759	NDUFS3	COX7C	9606	0.831	0	0	0	0	0.831	0	0	NDUFS3	COX7C	0.85405329352811	7.02650966853887e-145	3.11651784730783e-143
9606.ENSP00000263774	9606.ENSP00000466818	NDUFS3	COX6B1	9606	0.85	0	0	0	0	0.849	0	0	NDUFS3	COX6B1	0.885199575858207	2.70283511104344e-169	3.01677980471079e-167
9606.ENSP00000263774	9606.ENSP00000317780	NDUFS3	COX5A	9606	0.867	0	0	0	0	0.866	0	0	NDUFS3	COX5A	0.781567349281512	3.73729652555792e-105	5.49344729523759e-104
9606.ENSP00000263774	9606.ENSP00000367939	NDUFS3	UQCRQ	9606	0.868	0	0	0	0	0.867	0	0	NDUFS3	UQCRQ	0.87520354519924	9.443015148906e-161	7.43509340057661e-159
9606.ENSP00000263774	9606.ENSP00000309565	NDUFS3	UQCRH	9606	0.887	0	0	0	0	0.887	0	0	NDUFS3	UQCRH	0.80549390342761	2.21319022423407e-116	4.2334035984078e-115
9606.ENSP00000263774	9606.ENSP00000457513	NDUFS3	COX4I1	9606	0.888	0	0	0	0	0.888	0	0	NDUFS3	COX4I1	0.88998542711414	1.13595990591873e-173	1.47922368774571e-171
9606.ENSP00000263774	9606.ENSP00000430494	NDUFS3	UQCRB	9606	0.905	0	0	0	0	0.905	0	0	NDUFS3	UQCRB	0.794821034898521	3.4506299134448e-111	5.91029477754786e-110
9606.ENSP00000263774	9606.ENSP00000306397	NDUFS3	UQCRFS1	9606	0.915	0	0	0	0	0.915	0	0	NDUFS3	UQCRFS1	0.424241865180307	1.76273126031121e-23	4.73527146548029e-23
9606.ENSP00000263774	9606.ENSP00000332887	NDUFS3	UQCR10	9606	0.926	0	0	0	0	0.918	0	0.128	NDUFS3	UQCR10	0.77990441901333	1.9946182138583e-104	2.87366485080267e-103
9606.ENSP00000263774	9606.ENSP00000317159	NDUFS3	CYC1	9606	0.94	0	0	0	0	0.94	0	0	NDUFS3	CYC1	0.778354139761802	9.37973715344757e-104	1.32135908831577e-102
9606.ENSP00000263774	9606.ENSP00000419087	NDUFS3	NDUFB2	9606	0.993	0	0	0	0	0.8	0.967	0	NDUFS3	NDUFB2	0.758494110280593	1.34778181861939e-95	1.55208842763232e-94
9606.ENSP00000263774	9606.ENSP00000483888	NDUFS3	NDUFB1	9606	0.993	0	0	0	0	0.934	0.9	0	NDUFS3	NDUFB1	0.835057294549331	1.24741541969393e-132	3.66184925370847e-131
9606.ENSP00000263774	9606.ENSP00000441126	NDUFS3	NDUFC1	9606	0.993	0	0	0	0	0.803	0.967	0	NDUFS3	NDUFC1	0.82506424555499	8.50099926344077e-127	2.12671550538837e-125
9606.ENSP00000263774	9606.ENSP00000281031	NDUFS3	NDUFC2	9606	0.993	0	0	0	0	0.884	0.944	0	NDUFS3	NDUFC2	0.768323167720499	1.56505168192937e-99	1.98207355777513e-98
9606.ENSP00000263774	9606.ENSP00000362058	NDUFS3	NDUFS5	9606	0.994	0	0	0	0	0.951	0.9	0	NDUFS3	NDUFS5	0.682794956514285	1.41107170426832e-70	9.85712193965154e-70
9606.ENSP00000263774	9606.ENSP00000458770	NDUFS3	NDUFAB1	9606	0.996	0	0	0	0	0.907	0.967	0	NDUFS3	NDUFAB1	0.733120330666607	2.94304033244912e-86	2.8200434581779e-85
9606.ENSP00000263774	9606.ENSP00000389160	NDUFS3	NDUFA11	9606	0.997	0	0	0	0	0.949	0.944	0	NDUFS3	NDUFA11	0.789799632137127	7.50817746108866e-109	1.20095367672878e-107
9606.ENSP00000263774	9606.ENSP00000360492	NDUFS3	NDUFA1	9606	0.997	0	0	0	0	0.929	0.967	0	NDUFS3	NDUFA1	0.86690175228703	3.38125134012505e-154	2.00838420243568e-152
9606.ENSP00000263774	9606.ENSP00000276062	NDUFS3	NDUFB11	9606	0.998	0	0	0	0	0.951	0.967	0.086	NDUFS3	NDUFB11	0.85323240398574	2.57874718822429e-144	1.12897996512043e-142
9606.ENSP00000263774	9606.ENSP00000330737	NDUFS3	NDUFA12	9606	0.998	0	0	0	0	0.951	0.967	0	NDUFS3	NDUFA12	0.835493456177916	6.80040319665783e-133	2.007898118269e-131
9606.ENSP00000263774	9606.ENSP00000418438	NDUFS3	NDUFA3	9606	0.998	0	0	0	0	0.943	0.967	0.421	NDUFS3	NDUFA3	0.863387301463065	1.48485174093812e-151	8.10840813586477e-150
9606.ENSP00000263774	9606.ENSP00000268668	NDUFS3	NDUFB10	9606	0.998	0	0	0	0	0.951	0.967	0.36	NDUFS3	NDUFB10	0.887669419115824	1.57790180734369e-171	1.93093357315541e-169
9606.ENSP00000263774	9606.ENSP00000346196	NDUFS3	NDUFV3	9606	0.998	0	0	0	0	0.951	0.967	0	NDUFS3	NDUFV3	0.679150244216968	1.45505689782208e-69	9.90550463215743e-69
9606.ENSP00000263774	9606.ENSP00000417142	NDUFS3	NDUFA5	9606	0.999	0	0	0	0	0.972	0.967	0.769	NDUFS3	NDUFA5	0.55395685531286	5.89824924713309e-42	2.36699002778075e-41
9606.ENSP00000263774	9606.ENSP00000497587	NDUFS3	NDUFV1	9606	0.999	0	0	0	0	0.951	0.98	0.968	NDUFS3	NDUFV1	0.643752294484107	1.94764247655527e-60	1.10700641490609e-59
9606.ENSP00000263774	9606.ENSP00000299166	NDUFS3	NDUFB8	9606	0.999	0	0	0	0	0.951	0.967	0.492	NDUFS3	NDUFB8	0.869722966085428	2.25180957687709e-156	1.42059812871681e-154
9606.ENSP00000263774	9606.ENSP00000482543	NDUFS3	NDUFA6	9606	0.999	0	0	0	0	0.972	0.967	0.705	NDUFS3	NDUFA6	0.654353137177072	4.84270432966556e-63	2.90877278985293e-62
9606.ENSP00000263774	9606.ENSP00000296684	NDUFS3	NDUFS4	9606	0.999	0	0	0	0	0.972	0.967	0	NDUFS3	NDUFS4	0.603960396039604	1.60660722356401e-51	7.69006106019775e-51
9606.ENSP00000263774	9606.ENSP00000327268	NDUFS3	NDUFV2	9606	0.999	0	0	0	0	0.951	0.98	0.953	NDUFS3	NDUFV2	0.829129279387566	4.00229498337754e-129	1.06696352089674e-127
9606.ENSP00000263774	9606.ENSP00000315774	NDUFS3	NDUFS8	9606	0.999	0	0	0	0	0.972	0.98	0.98	NDUFS3	NDUFS8	0.861734713844055	2.44880285749382e-150	1.26256297581547e-148
9606.ENSP00000263774	9606.ENSP00000407336	NDUFS3	NDUFB3	9606	0.999	0	0	0	0	0.978	0.967	0.115	NDUFS3	NDUFB3	0.71342065883607	1.02482990362121e-79	8.47654505788326e-79
9606.ENSP00000263774	9606.ENSP00000274137	NDUFS3	NDUFS6	9606	0.999	0	0	0	0	0.951	0.967	0.411	NDUFS3	NDUFS6	0.849895828092126	4.69422145889863e-142	1.86246903742318e-140
9606.ENSP00000263774	9606.ENSP00000369176	NDUFS3	NDUFB6	9606	0.999	0	0	0	0	0.944	0.967	0.744	NDUFS3	NDUFB6	0.777937358953286	1.41910116841536e-103	1.98410962229537e-102
9606.ENSP00000263774	9606.ENSP00000266544	NDUFS3	NDUFA9	9606	0.999	0	0	0	0	0.983	0.944	0.969	NDUFS3	NDUFA9	0.730680210878231	2.04393139494681e-85	1.92580808705703e-84
9606.ENSP00000263774	9606.ENSP00000362873	NDUFS3	NDUFA8	9606	0.999	0	0	0	0	0.975	0.967	0.312	NDUFS3	NDUFA8	0.856434245909063	1.5457414211946e-146	7.26856278475628e-145
9606.ENSP00000263774	9606.ENSP00000301457	NDUFS3	NDUFA7	9606	0.999	0	0	0	0	0.972	0.967	0	NDUFS3	NDUFA7	0.839586815824439	2.09673158172183e-135	6.76079450017417e-134
9606.ENSP00000263774	9606.ENSP00000356972	NDUFS3	NDUFS2	9606	0.999	0	0	0	0	0.972	0.98	0.981	NDUFS3	NDUFS2	0.483004138923209	7.05519315800466e-31	2.27346436884052e-30
9606.ENSP00000263774	9606.ENSP00000276689	NDUFS3	NDUFB9	9606	0.999	0	0	0	0	0.978	0.967	0.66	NDUFS3	NDUFB9	0.7932179242769	1.95547259340866e-110	3.26136865866203e-109
9606.ENSP00000263774	9606.ENSP00000423673	NDUFS3	NDUFA13	9606	0.999	0	0	0	0	0.951	0.967	0.477	NDUFS3	NDUFA13	0.885849578746694	7.06258019565194e-170	8.06007045474571e-168
9606.ENSP00000263851	9606.ENSP00000363318	IL7	IL2RG	9606	0.993	0	0	0	0	0.483	0.5	0.977	IL7	IL2RG	0.304491970936224	2.70287209089026e-12	5.19649286904645e-12
9606.ENSP00000263851	9606.ENSP00000306157	IL7	IL7R	9606	0.999	0	0	0	0	0.96	0.5	0.982	IL7	IL7R	0.397632930994963	1.40754138632798e-20	3.48600575516777e-20
9606.ENSP00000263904	9606.ENSP00000275493	STAM2	EGFR	9606	0.716	0	0	0	0	0.457	0.5	0	STAM2	EGFR	0.351319666128103	4.08056995826442e-16	8.88834421318716e-16
9606.ENSP00000263904	9606.ENSP00000388107	STAM2	UBA52	9606	0.947	0	0	0	0	0.9	0.5	0	STAM2	UBA52	-0.509670376975586	9.72423203687644e-35	3.37787362512155e-34
9606.ENSP00000263904	9606.ENSP00000272317	STAM2	RPS27A	9606	0.97	0	0	0	0	0.941	0.5	0.081	STAM2	RPS27A	-0.342750734700799	2.28923294512139e-15	4.8786695391519e-15
9606.ENSP00000263923	9606.ENSP00000346671	KDR	FYN	9606	0.742	0	0	0	0	0.292	0.5	0.331	KDR	FYN	-0.307048561999057	1.73761284574782e-12	3.37004652936043e-12
9606.ENSP00000263923	9606.ENSP00000317272	KDR	MET	9606	0.768	0	0	0	0	0.292	0	0.686	KDR	MET	-0.499213958662947	3.48603596065587e-33	1.17438365679541e-32
9606.ENSP00000263923	9606.ENSP00000352798	KDR	COL18A1	9606	0.895	0	0	0	0	0.292	0	0.858	KDR	COL18A1	0.325434624207762	6.37028671160948e-14	1.3021332688633e-13
9606.ENSP00000263923	9606.ENSP00000363827	KDR	HSPG2	9606	0.962	0	0	0	0	0.457	0.9	0.359	KDR	HSPG2	0.580968500576766	6.44677558717131e-47	2.83831381182917e-46
9606.ENSP00000263923	9606.ENSP00000264498	KDR	FGF2	9606	0.968	0	0	0	0	0.064	0	0.967	KDR	FGF2	-0.301852918211076	4.24548526155484e-12	8.11773226686983e-12
9606.ENSP00000263923	9606.ENSP00000362680	KDR	SRC	9606	0.975	0	0	0	0	0.457	0.5	0.917	KDR	SRC	-0.327525889234886	4.31052327242062e-14	8.85020919304148e-14
9606.ENSP00000263923	9606.ENSP00000282397	KDR	FLT1	9606	0.989	0	0	0	0	0.457	0	0.982	KDR	FLT1	0.903807865258575	1.51176900554873e-187	3.33805169333879e-185
9606.ENSP00000263923	9606.ENSP00000297904	KDR	VEGFD	9606	0.995	0	0	0	0	0.292	0.7	0.982	KDR	VEGFD	0.452373549234202	7.65056194921953e-27	2.25106482381874e-26
9606.ENSP00000263967	9606.ENSP00000407586	PIK3CA	HRAS	9606	0.731	0	0	0	0	0.457	0.5	0.091	PIK3CA	HRAS	-0.555084204072581	3.73811338796221e-42	1.50606972159985e-41
9606.ENSP00000263967	9606.ENSP00000341189	PIK3CA	PTK2	9606	0.734	0	0	0	0	0.457	0.5	0.102	PIK3CA	PTK2	0.452682380039246	6.99860130943318e-27	2.06102619599631e-26
9606.ENSP00000263967	9606.ENSP00000365016	PIK3CA	IRS2	9606	0.802	0	0	0	0	0.457	0.4	0.442	PIK3CA	IRS2	0.476606884290914	5.31207904313211e-30	1.67665589935031e-29
9606.ENSP00000263967	9606.ENSP00000267101	PIK3CA	ERBB3	9606	0.81	0	0	0	0	0.457	0.4	0.465	PIK3CA	ERBB3	0.548304271420931	5.65676067288226e-41	2.22094001370178e-40
9606.ENSP00000263967	9606.ENSP00000275493	PIK3CA	EGFR	9606	0.899	0	0	0	0	0.55	0.4	0.657	PIK3CA	EGFR	0.622436839957287	1.68106526488266e-55	8.68935363634257e-55
9606.ENSP00000263967	9606.ENSP00000489597	PIK3CA	PTPN11	9606	0.953	0	0	0	0	0.511	0.9	0.126	PIK3CA	PTPN11	0.671808454137339	1.44578253685331e-67	9.40731148418899e-67
9606.ENSP00000263967	9606.ENSP00000428056	PIK3CA	PIK3R1	9606	0.999	0	0	0	0	0.963	0.967	0.984	PIK3CA	PIK3R1	0.555317612506592	3.40054931484258e-42	1.37224391699865e-41
9606.ENSP00000263980	9606.ENSP00000499797	SLC9A1	CALM2	9606	0.9	0	0	0	0	0.9	0	0	SLC9A1	CALM2	-0.306015508383136	2.07830537031514e-12	4.01547415755962e-12
9606.ENSP00000263980	9606.ENSP00000291295	SLC9A1	CALM3	9606	0.983	0	0	0	0	0.925	0	0.787	SLC9A1	CALM3	0.341084077351835	3.18204219770847e-15	6.75726585869223e-15
9606.ENSP00000264110	9606.ENSP00000378974	ATF2	MAPK8	9606	0.943	0	0	0	0	0.943	0	0	ATF2	MAPK8	0.566847989146741	2.88387437071218e-44	1.20789740137417e-43
9606.ENSP00000264110	9606.ENSP00000387699	ATF2	CREB1	9606	0.956	0	0	0	0	0.302	0.9	0.426	ATF2	CREB1	0.731810168594499	8.35335908582568e-86	7.9442947785329e-85
9606.ENSP00000264110	9606.ENSP00000471896	ATF2	IRF3	9606	0.966	0	0	0	0	0.9	0	0.683	ATF2	IRF3	-0.602757480717016	2.85807533688668e-51	1.35905764029766e-50
9606.ENSP00000264144	9606.ENSP00000375778	LAMC2	LAMB3	9606	0.996	0	0	0	0	0.303	0.8	0.977	LAMC2	LAMB3	0.593852925665237	1.88489605251109e-49	8.70617972048894e-49
9606.ENSP00000264156	9606.ENSP00000265728	MCM6	DBF4	9606	0.759	0	0	0	0	0.539	0.5	0	MCM6	DBF4	0.308868402368187	1.2654071113147e-12	2.46693666595458e-12
9606.ENSP00000264156	9606.ENSP00000414095	MCM6	CUL2	9606	0.8	0	0	0	0	0.8	0	0	MCM6	CUL2	0.349515293144221	5.89314017316477e-16	1.27735007978734e-15
9606.ENSP00000264156	9606.ENSP00000393139	MCM6	CDC7	9606	0.839	0	0	0	0	0.656	0.5	0.14	MCM6	CDC7	0.608662853863026	1.65068812552623e-52	8.06835384551008e-52
9606.ENSP00000264156	9606.ENSP00000322570	MCM6	POLE	9606	0.907	0	0	0	0	0.862	0	0.353	MCM6	POLE	0.536770540408078	4.99987564941641e-39	1.88857333473866e-38
9606.ENSP00000264156	9606.ENSP00000360623	MCM6	ORC1	9606	0.91	0	0	0	0	0.755	0.65	0	MCM6	ORC1	0.819846425636352	6.75633978854409e-124	1.54558881153699e-122
9606.ENSP00000264156	9606.ENSP00000405726	MCM6	CDC45	9606	0.996	0	0	0	0	0.981	0.54	0.622	MCM6	CDC45	0.762525414032086	3.45803632791147e-97	4.14678571223103e-96
9606.ENSP00000264156	9606.ENSP00000307288	MCM6	MCM7	9606	0.999	0	0	0	0	0.982	0.9	0.987	MCM6	MCM7	0.420248298121738	4.99459033388478e-23	1.32247273256694e-22
9606.ENSP00000264156	9606.ENSP00000480987	MCM6	MCM3	9606	0.999	0	0	0	0	0.983	0.9	0.987	MCM6	MCM3	0.764154614219186	7.70728812698311e-98	9.43167777177921e-97
9606.ENSP00000264156	9606.ENSP00000301019	MCM6	CDT1	9606	0.999	0	0	0	0	0.973	0.5	0.954	MCM6	CDT1	0.713620244011979	8.85438227557301e-80	7.33555960628019e-79
9606.ENSP00000264156	9606.ENSP00000265056	MCM6	MCM2	9606	0.999	0	0	0	0	0.991	0.9	0.351	MCM6	MCM2	0.763213992206674	1.83626767532807e-97	2.2203536640842e-96
9606.ENSP00000264187	9606.ENSP00000384169	NID1	FBLN2	9606	0.83	0	0	0	0	0.421	0	0.72	NID1	FBLN2	0.425228796171543	1.35978987135951e-23	3.66544207096565e-23
9606.ENSP00000264187	9606.ENSP00000363827	NID1	HSPG2	9606	0.996	0	0	0	0	0.598	0.5	0.982	NID1	HSPG2	0.501359918600556	1.68917396269195e-33	5.71897997968738e-33
9606.ENSP00000264246	9606.ENSP00000497910	CD80	B2M	9606	0.852	0	0	0	0	0.076	0	0.847	CD80	B2M	0.64056424275968	1.12902157206887e-59	6.30774043317027e-59
9606.ENSP00000264246	9606.ENSP00000332049	CD80	CD86	9606	0.998	0	0	0	0	0.393	0.9	0.982	CD80	CD86	0.816991202225813	2.38358571061442e-122	5.22895897682737e-121
9606.ENSP00000264335	9606.ENSP00000378040	YWHAE	BAD	9606	0.773	0	0	0	0	0.565	0.5	0	YWHAE	BAD	0.391086499954343	6.65774906392791e-20	1.61776931201712e-19
9606.ENSP00000264431	9606.ENSP00000346151	RAPGEF2	MAGI2	9606	0.724	0	0	0	0	0.292	0	0.627	RAPGEF2	MAGI2	0.316761054987486	3.11765306569539e-13	6.20780282067597e-13
9606.ENSP00000264433	9606.ENSP00000357288	FNIP2	LAMTOR2	9606	0.8	0	0	0	0	0.8	0	0	FNIP2	LAMTOR2	-0.431421527245892	2.61626566176297e-24	7.19561611874533e-24
9606.ENSP00000264433	9606.ENSP00000424183	FNIP2	LAMTOR3	9606	0.837	0	0	0	0	0.837	0	0	FNIP2	LAMTOR3	0.406234940264213	1.73202675255536e-21	4.3980489314262e-21
9606.ENSP00000264433	9606.ENSP00000343118	FNIP2	LAMTOR4	9606	0.889	0	0	0	0	0.889	0	0	FNIP2	LAMTOR4	-0.511683559660314	4.81226174166198e-35	1.68255223786784e-34
9606.ENSP00000264433	9606.ENSP00000362092	FNIP2	RRAGC	9606	0.913	0	0	0	0	0.9	0	0.171	FNIP2	RRAGC	0.552903116398596	9.0194375935868e-42	3.60245488155962e-41
9606.ENSP00000264433	9606.ENSP00000421985	FNIP2	FNIP1	9606	0.995	0	0	0	0	0.339	0.9	0.937	FNIP2	FNIP1	0.703909335032882	9.43318571279879e-77	7.39296815469887e-76
9606.ENSP00000264433	9606.ENSP00000285071	FNIP2	FLCN	9606	0.999	0	0	0	0	0.943	0.9	0.982	FNIP2	FLCN	0.530216841559932	5.9141937163283e-38	2.18676612947748e-37
9606.ENSP00000264498	9606.ENSP00000344468	FGF2	SDC3	9606	0.771	0	0	0	0	0.292	0.5	0.407	FGF2	SDC3	0.436034348776493	7.49595186796085e-25	2.08707190578066e-24
9606.ENSP00000264498	9606.ENSP00000282397	FGF2	FLT1	9606	0.903	0	0	0	0	0.064	0	0.9	FGF2	FLT1	-0.358727611891624	8.80101872296827e-17	1.9599199116244e-16
9606.ENSP00000264498	9606.ENSP00000361818	FGF2	SDC4	9606	0.986	0	0	0	0	0.575	0.5	0.943	FGF2	SDC4	0.369343642438778	9.0989319303181e-18	2.09326957228179e-17
9606.ENSP00000264634	9606.ENSP00000351605	WNT5A	FZD6	9606	0.986	0	0	0	0	0.077	0.5	0.972	WNT5A	FZD6	0.462173950314286	4.33215944378654e-28	1.31074600746321e-27
9606.ENSP00000264634	9606.ENSP00000286201	WNT5A	FZD7	9606	0.989	0	0	0	0	0.078	0.9	0.89	WNT5A	FZD7	0.381318752993312	6.34735136294291e-19	1.50913033224277e-18
9606.ENSP00000264634	9606.ENSP00000360120	WNT5A	ROR1	9606	0.99	0	0	0	0	0.292	0.5	0.976	WNT5A	ROR1	0.33837132160421	5.41569380782123e-15	1.1414650758672e-14
9606.ENSP00000264637	9606.ENSP00000323720	THRA	MED14	9606	0.739	0	0	0	0	0.287	0.65	0	THRA	MED14	-0.381092426012788	6.6818310648693e-19	1.58679817923492e-18
9606.ENSP00000264637	9606.ENSP00000300651	THRA	MED1	9606	0.805	0	0	0	0	0.457	0.65	0.057	THRA	MED1	-0.328541984633246	3.56154419903862e-14	7.32279441895451e-14
9606.ENSP00000264637	9606.ENSP00000399968	THRA	NCOA2	9606	0.808	0	0	0	0	0.476	0.65	0	THRA	NCOA2	-0.32966849479979	2.87989400524587e-14	5.94051247182824e-14
9606.ENSP00000264637	9606.ENSP00000361066	THRA	NCOA3	9606	0.827	0	0	0	0	0.317	0.65	0.335	THRA	NCOA3	-0.412495597385825	3.62641420053191e-22	9.37716115957295e-22
9606.ENSP00000264637	9606.ENSP00000419692	THRA	RXRA	9606	0.917	0	0	0	0	0.539	0	0.828	THRA	RXRA	0.333395855113462	1.41701136999977e-14	2.95232502258209e-14
9606.ENSP00000264639	9606.ENSP00000388107	PSMD3	UBA52	9606	0.835	0	0	0	0	0.835	0	0	PSMD3	UBA52	0.341494708477059	2.93460358258939e-15	6.24356275416011e-15
9606.ENSP00000264639	9606.ENSP00000478771	PSMD3	UBB	9606	0.871	0	0	0	0	0.871	0	0	PSMD3	UBB	0.493765618797905	2.14420765191605e-32	7.09866920486026e-32
9606.ENSP00000264639	9606.ENSP00000440485	PSMD3	PSMD9	9606	0.897	0	0	0	0	0.65	0.72	0	PSMD3	PSMD9	0.603712172459482	1.80975036476052e-51	8.65425350982702e-51
9606.ENSP00000264639	9606.ENSP00000478877	PSMD3	ADRM1	9606	0.943	0	0	0	0	0.793	0.54	0.448	PSMD3	ADRM1	0.587000874000443	4.33555560164857e-48	1.9536929124199e-47
9606.ENSP00000264639	9606.ENSP00000355325	PSMD3	PSMB5	9606	0.948	0	0	0	0	0.948	0	0.051	PSMD3	PSMB5	0.529674085420964	7.23943330368997e-38	2.67287982790182e-37
9606.ENSP00000264639	9606.ENSP00000270586	PSMD3	PSMB6	9606	0.953	0	0	0	0	0.952	0	0	PSMD3	PSMB6	0.542928982339228	4.66727172163536e-40	1.79226763238754e-39
9606.ENSP00000264639	9606.ENSP00000414359	PSMD3	PSMA1	9606	0.953	0	0	0	0	0.952	0	0.051	PSMD3	PSMA1	0.341408333379922	2.98503096264515e-15	6.34819084748467e-15
9606.ENSP00000264639	9606.ENSP00000290541	PSMD3	PSMB4	9606	0.959	0	0	0	0	0.95	0	0.219	PSMD3	PSMB4	0.45472873374294	3.86988747359969e-27	1.14596055595779e-26
9606.ENSP00000264639	9606.ENSP00000271308	PSMD3	PSMA5	9606	0.964	0	0	0	0	0.955	0	0.23	PSMD3	PSMA5	0.420438192887612	4.75476325174756e-23	1.26061420903158e-22
9606.ENSP00000264639	9606.ENSP00000362334	PSMD3	PSMB2	9606	0.964	0	0	0	0	0.963	0	0.051	PSMD3	PSMB2	0.478055600591115	3.37544772816291e-30	1.0703847197924e-29
9606.ENSP00000264639	9606.ENSP00000359910	PSMD3	PSMA7	9606	0.972	0	0	0	0	0.952	0	0.444	PSMD3	PSMA7	0.543171708475195	4.24652700650613e-40	1.63255014402281e-39
9606.ENSP00000264639	9606.ENSP00000483688	PSMD3	PSMB3	9606	0.978	0	0	0	0	0.956	0	0.521	PSMD3	PSMB3	0.524141793061294	5.56849953406247e-37	2.01493586631537e-36
9606.ENSP00000264639	9606.ENSP00000481021	PSMD3	SEM1	9606	0.993	0	0	0	0	0.506	0.36	0.98	PSMD3	SEM1	0.420666197054488	4.48178568435781e-23	1.18886124826384e-22
9606.ENSP00000264639	9606.ENSP00000481029	PSMD3	PSMC3	9606	0.995	0	0	0	0	0.978	0.72	0.326	PSMD3	PSMC3	0.435152335109287	9.5339048747614e-25	2.64795930579578e-24
9606.ENSP00000264639	9606.ENSP00000391211	PSMD3	PSMC2	9606	0.996	0	0	0	0	0.975	0.72	0.521	PSMD3	PSMC2	0.36652233546336	1.67685838143015e-17	3.82051381341095e-17
9606.ENSP00000264639	9606.ENSP00000310572	PSMD3	PSMC5	9606	0.997	0	0	0	0	0.981	0.72	0.488	PSMD3	PSMC5	0.493674305318731	2.20988056693712e-32	7.31132147178513e-32
9606.ENSP00000264639	9606.ENSP00000418695	PSMD3	PSMD6	9606	0.999	0	0	0	0	0.991	0.72	0.987	PSMD3	PSMD6	0.383324108808396	4.01991697208545e-19	9.58457668673049e-19
9606.ENSP00000264639	9606.ENSP00000386541	PSMD3	PSMD14	9606	0.999	0	0	0	0	0.99	0.72	0.984	PSMD3	PSMD14	0.308243184566904	1.4114103941071e-12	2.74577578489673e-12
9606.ENSP00000264639	9606.ENSP00000396937	PSMD3	PSMD13	9606	0.999	0	0	0	0	0.98	0.72	0.987	PSMD3	PSMD13	0.398658903157396	1.09982738309468e-20	2.73395661529434e-20
9606.ENSP00000264639	9606.ENSP00000357876	PSMD3	PSMD4	9606	0.999	0	0	0	0	0.983	0.72	0.843	PSMD3	PSMD4	0.412145531323319	3.96120595214552e-22	1.02350467707815e-21
9606.ENSP00000264649	9606.ENSP00000430282	ATP6V0A1	ATP6V1C1	9606	0.982	0	0	0	0	0.899	0.72	0.427	ATP6V0A1	ATP6V1C1	0.361930012877064	4.47813894319427e-17	1.00807750988529e-16
9606.ENSP00000264649	9606.ENSP00000358777	ATP6V0A1	ATP6AP1	9606	0.989	0	0	0	0	0.903	0.9	0	ATP6V0A1	ATP6AP1	0.486957826217404	1.98304153339684e-31	6.44948858620292e-31
9606.ENSP00000264649	9606.ENSP00000352522	ATP6V0A1	ATP6V1H	9606	0.989	0	0	0	0	0.885	0.9	0.124	ATP6V0A1	ATP6V1H	0.364436288349332	2.62500791238151e-17	5.94872944356515e-17
9606.ENSP00000264649	9606.ENSP00000273398	ATP6V0A1	ATP6V1A	9606	0.99	0	0	0	0	0.892	0.828	0.506	ATP6V0A1	ATP6V1A	0.340914122468147	3.29034552209098e-15	6.97995811776903e-15
9606.ENSP00000264649	9606.ENSP00000290949	ATP6V0A1	ATP6V0D1	9606	0.993	0	0	0	0	0.805	0.938	0.531	ATP6V0A1	ATP6V0D1	0.384619362557374	2.98783948867338e-19	7.14731174904747e-19
9606.ENSP00000264657	9606.ENSP00000357470	STAT3	IL6R	9606	0.704	0	0	0	0	0.292	0.5	0.232	STAT3	IL6R	0.51855433990604	4.20928242195821e-36	1.50118263903896e-35
9606.ENSP00000264657	9606.ENSP00000270800	STAT3	IL22RA1	9606	0.708	0	0	0	0	0.44	0.5	0	STAT3	IL22RA1	-0.378436228716039	1.21715998218574e-18	2.87103900117524e-18
9606.ENSP00000264657	9606.ENSP00000497069	STAT3	IGF1R	9606	0.753	0	0	0	0	0.542	0	0.484	STAT3	IGF1R	0.510918669506702	6.29018453906502e-35	2.19400427071715e-34
9606.ENSP00000264657	9606.ENSP00000270139	STAT3	IFNAR1	9606	0.784	0	0	0	0	0.292	0	0.708	STAT3	IFNAR1	0.539724345105318	1.6130107380202e-39	6.14759852385409e-39
9606.ENSP00000264657	9606.ENSP00000300134	STAT3	STAT6	9606	0.786	0	0	0	0	0.101	0.7	0.273	STAT3	STAT6	0.443709712586165	8.97246880944215e-26	2.55490231840493e-25
9606.ENSP00000264657	9606.ENSP00000437955	STAT3	HIF1A	9606	0.801	0	0	0	0	0.457	0	0.649	STAT3	HIF1A	0.703325301474247	1.42168636381962e-76	1.10992070694204e-75
9606.ENSP00000264657	9606.ENSP00000300289	STAT3	PDIA3	9606	0.805	0	0	0	0	0.457	0	0.657	STAT3	PDIA3	-0.45648847493445	2.31754754250796e-27	6.89696173139564e-27
9606.ENSP00000264657	9606.ENSP00000370698	STAT3	IL6ST	9606	0.813	0	0	0	0	0.292	0.5	0.516	STAT3	IL6ST	0.594421771369683	1.44798750870425e-49	6.69117794627346e-49
9606.ENSP00000264657	9606.ENSP00000315768	STAT3	STAT2	9606	0.833	0	0	0	0	0.292	0	0.774	STAT3	STAT2	0.485131929342002	3.57083680542137e-31	1.15727471067852e-30
9606.ENSP00000264657	9606.ENSP00000428924	STAT3	LYN	9606	0.841	0	0	0	0	0.457	0.5	0.462	STAT3	LYN	0.613528185116648	1.50532303098161e-53	7.45468845718195e-53
9606.ENSP00000264657	9606.ENSP00000428056	STAT3	PIK3R1	9606	0.847	0	0	0	0	0.421	0.5	0.514	STAT3	PIK3R1	0.560720295632048	3.72384692650755e-43	1.53192034153654e-42
9606.ENSP00000264657	9606.ENSP00000335153	STAT3	HSP90AA1	9606	0.856	0	0	0	0	0.292	0	0.806	STAT3	HSP90AA1	0.476748420183633	5.08236772229002e-30	1.60614838068761e-29
9606.ENSP00000264657	9606.ENSP00000362649	STAT3	HDAC1	9606	0.874	0	0	0	0	0.457	0	0.778	STAT3	HDAC1	-0.470812484975205	3.18858302591839e-29	9.8709045395468e-29
9606.ENSP00000264657	9606.ENSP00000423673	STAT3	NDUFA13	9606	0.878	0	0	0	0	0.292	0	0.835	STAT3	NDUFA13	-0.619131757896286	9.05957877832856e-55	4.59172363530355e-54
9606.ENSP00000264657	9606.ENSP00000378402	STAT3	SIN3A	9606	0.895	0	0	0	0	0.292	0.7	0.548	STAT3	SIN3A	0.407701360198132	1.20442375285544e-21	3.07602013018676e-21
9606.ENSP00000264657	9606.ENSP00000432511	STAT3	JAK3	9606	0.907	0	0	0	0	0.292	0.5	0.76	STAT3	JAK3	0.343367380216282	2.02561774814196e-15	4.32231081257938e-15
9606.ENSP00000264657	9606.ENSP00000489597	STAT3	PTPN11	9606	0.915	0	0	0	0	0.457	0.5	0.713	STAT3	PTPN11	0.505339974991288	4.34658846112581e-34	1.4884793998535e-33
9606.ENSP00000264657	9606.ENSP00000384273	STAT3	RELA	9606	0.937	0	0	0	0	0.457	0	0.89	STAT3	RELA	0.361224849192994	5.19991299711552e-17	1.16770984549419e-16
9606.ENSP00000264657	9606.ENSP00000317272	STAT3	MET	9606	0.942	0	0	0	0	0.292	0.5	0.85	STAT3	MET	0.613294590328598	1.69035641008797e-53	8.36693472576192e-53
9606.ENSP00000264657	9606.ENSP00000275493	STAT3	EGFR	9606	0.968	0	0	0	0	0.621	0	0.921	STAT3	EGFR	0.572752430522555	2.32932744958494e-45	9.93240088389348e-45
9606.ENSP00000264657	9606.ENSP00000346839	STAT3	FN1	9606	0.968	0	0	0	0	0.9	0.5	0.427	STAT3	FN1	0.594887376936451	1.16642563248952e-49	5.39744198141051e-49
9606.ENSP00000264657	9606.ENSP00000376765	STAT3	PIAS3	9606	0.971	0	0	0	0	0.457	0	0.949	STAT3	PIAS3	0.451554565394428	9.68462226377702e-27	2.83886604136171e-26
9606.ENSP00000264657	9606.ENSP00000371067	STAT3	JAK2	9606	0.992	0	0	0	0	0.457	0.5	0.976	STAT3	JAK2	0.449497309979445	1.74606547578964e-26	5.07869044604679e-26
9606.ENSP00000264657	9606.ENSP00000499900	STAT3	JAK1	9606	0.994	0	0	0	0	0.457	0.5	0.981	STAT3	JAK1	0.722533837234655	1.13452064973726e-82	1.00552584985876e-81
9606.ENSP00000264657	9606.ENSP00000293328	STAT3	STAT5B	9606	0.997	0	0	0	0	0.387	0.9	0.957	STAT3	STAT5B	0.444392047900442	7.4098992062118e-26	2.11648892681365e-25
9606.ENSP00000264657	9606.ENSP00000354394	STAT3	STAT1	9606	0.999	0	0	0	0	0.657	0.9	0.981	STAT3	STAT1	0.655622208183551	2.32403590322636e-63	1.41010947843908e-62
9606.ENSP00000264741	9606.ENSP00000379350	ITGA9	ITGB1	9606	0.986	0	0	0	0	0.573	0.9	0.716	ITGA9	ITGB1	0.397408188023771	1.48552514589828e-20	3.67473913952479e-20
9606.ENSP00000264832	9606.ENSP00000275493	ICAM1	EGFR	9606	0.744	0	0	0	0	0.135	0	0.717	ICAM1	EGFR	0.315746077713361	3.74182684615298e-13	7.4302512759288e-13
9606.ENSP00000264832	9606.ENSP00000379097	ICAM1	AREG	9606	0.908	0	0	0	0	0.472	0	0.833	ICAM1	AREG	0.478402591811976	3.02707322915826e-30	9.60511802204324e-30
9606.ENSP00000264832	9606.ENSP00000380948	ICAM1	ITGB2	9606	0.998	0	0	0	0	0.457	0.9	0.982	ICAM1	ITGB2	0.643094651080015	2.80341503028226e-60	1.58808067275945e-59
9606.ENSP00000264832	9606.ENSP00000496959	ICAM1	ITGAM	9606	0.998	0	0	0	0	0.292	0.9	0.982	ICAM1	ITGAM	0.615259600494211	6.35516829144244e-54	3.17508334167147e-53
9606.ENSP00000264832	9606.ENSP00000349252	ICAM1	ITGAL	9606	0.999	0	0	0	0	0.96	0.9	0.982	ICAM1	ITGAL	0.416617655554375	1.27201297077922e-22	3.32985457324858e-22
9606.ENSP00000264932	9606.ENSP00000315774	SDHA	NDUFS8	9606	0.831	0	0	0	0	0.221	0.736	0.248	SDHA	NDUFS8	0.346956372655899	9.88479943976985e-16	2.13027600063107e-15
9606.ENSP00000264932	9606.ENSP00000356953	SDHA	SDHC	9606	0.999	0	0	0	0	0.799	0.98	0.982	SDHA	SDHC	0.477788089367943	3.67085051651952e-30	1.16297032739516e-29
9606.ENSP00000264932	9606.ENSP00000364649	SDHA	SDHB	9606	0.999	0	0	0	0	0.89	0.98	0.982	SDHA	SDHB	0.621684808232376	2.47060381216009e-55	1.27122203242705e-54
9606.ENSP00000264932	9606.ENSP00000364699	SDHA	SDHD	9606	0.999	0	0	0	0	0.604	0.979	0.982	SDHA	SDHD	0.447740923160639	2.87890560564381e-26	8.31893150398981e-26
9606.ENSP00000264972	9606.ENSP00000391592	ZAP70	PTPN6	9606	0.718	0	0	0	0	0.292	0.36	0.429	ZAP70	PTPN6	0.655400167345927	2.6432624901312e-63	1.60093125296736e-62
9606.ENSP00000264972	9606.ENSP00000300574	ZAP70	CRK	9606	0.725	0	0	0	0	0.457	0	0.515	ZAP70	CRK	-0.345815140520263	1.24303444607822e-15	2.67149827947873e-15
9606.ENSP00000264972	9606.ENSP00000378845	ZAP70	LAT	9606	0.981	0	0	0	0	0.457	0.5	0.936	ZAP70	LAT	0.784994865946222	1.13010441991077e-106	1.69799860843693e-105
9606.ENSP00000264972	9606.ENSP00000472929	ZAP70	VAV1	9606	0.982	0	0	0	0	0.457	0	0.969	ZAP70	VAV1	0.775287684047908	1.932661601716e-102	2.61385404642203e-101
9606.ENSP00000264972	9606.ENSP00000477713	ZAP70	LCK	9606	0.993	0	0	0	0	0.457	0.4	0.982	ZAP70	LCK	0.862788452758319	4.1173907789818e-151	2.22448607138926e-149
9606.ENSP00000265056	9606.ENSP00000414095	MCM2	CUL2	9606	0.8	0	0	0	0	0.8	0	0	MCM2	CUL2	0.346563351987373	1.06975712413228e-15	2.30299345269426e-15
9606.ENSP00000265056	9606.ENSP00000393139	MCM2	CDC7	9606	0.917	0	0	0	0	0.841	0.5	0	MCM2	CDC7	0.373992896184028	3.27885845590683e-18	7.64715621966605e-18
9606.ENSP00000265056	9606.ENSP00000322570	MCM2	POLE	9606	0.918	0	0	0	0	0.918	0	0	MCM2	POLE	0.522948009086623	8.60597150482483e-37	3.10518126374799e-36
9606.ENSP00000265056	9606.ENSP00000360623	MCM2	ORC1	9606	0.939	0	0	0	0	0.755	0.65	0.353	MCM2	ORC1	0.617592473533068	1.97167366500367e-54	9.93860516895396e-54
9606.ENSP00000265056	9606.ENSP00000301019	MCM2	CDT1	9606	0.955	0	0	0	0	0.695	0.5	0.733	MCM2	CDT1	0.665218229897524	8.02579795388183e-66	5.02267589757103e-65
9606.ENSP00000265056	9606.ENSP00000405726	MCM2	CDC45	9606	0.995	0	0	0	0	0.985	0.54	0.353	MCM2	CDC45	0.551685572283936	1.47059713976881e-41	5.84155461424785e-41
9606.ENSP00000265056	9606.ENSP00000480987	MCM2	MCM3	9606	0.998	0	0	0	0	0.983	0.9	0.349	MCM2	MCM3	0.714482038265938	4.70295918921435e-80	3.94450507719654e-79
9606.ENSP00000265056	9606.ENSP00000307288	MCM2	MCM7	9606	0.999	0	0	0	0	0.984	0.9	0.55	MCM2	MCM7	0.533025476460689	2.06516814944096e-38	7.69475894859567e-38
9606.ENSP00000265077	9606.ENSP00000325527	VCAN	FBN1	9606	0.789	0	0	0	0	0.292	0	0.715	VCAN	FBN1	0.37346737779368	3.68287135917883e-18	8.57760247539083e-18
9606.ENSP00000265094	9606.ENSP00000358983	FBXW11	NFKB2	9606	0.8	0	0	0	0	0.618	0.5	0	FBXW11	NFKB2	-0.389641510734924	9.33834150025075e-20	2.26209240682201e-19
9606.ENSP00000265094	9606.ENSP00000324806	FBXW11	GSK3B	9606	0.815	0	0	0	0	0.362	0	0.723	FBXW11	GSK3B	0.668809924470708	9.10656501193669e-67	5.81731954882019e-66
9606.ENSP00000265094	9606.ENSP00000359206	FBXW11	BTRC	9606	0.981	0	0	0	0	0.647	0.9	0.522	FBXW11	BTRC	0.404580209573752	2.60408095649266e-21	6.58606829559161e-21
9606.ENSP00000265094	9606.ENSP00000326804	FBXW11	CUL1	9606	0.995	0	0	0	0	0.714	0.9	0.846	FBXW11	CUL1	0.512360397530436	3.7947125601972e-35	1.33182085258891e-34
9606.ENSP00000265131	9606.ENSP00000359663	TNC	CD40LG	9606	0.9	0	0	0	0	0.9	0	0	TNC	CD40LG	0.455764926028093	2.86246392442013e-27	8.50366951750081e-27
9606.ENSP00000265164	9606.ENSP00000358327	CASP6	CASP7	9606	0.725	0	0	0	0	0.292	0.54	0.225	CASP6	CASP7	0.308435595112306	1.36480588513833e-12	2.65714651626413e-12
9606.ENSP00000265164	9606.ENSP00000311032	CASP6	CASP3	9606	0.922	0	0	0	0	0.657	0.54	0.547	CASP6	CASP3	0.426031982080196	1.10019021493333e-23	2.97118639007652e-23
9606.ENSP00000265164	9606.ENSP00000351273	CASP6	CASP8	9606	0.978	0	0	0	0	0.636	0.54	0.879	CASP6	CASP8	0.332321337723834	1.74018462942604e-14	3.6182303543665e-14
9606.ENSP00000265171	9606.ENSP00000267101	EGF	ERBB3	9606	0.992	0	0	0	0	0.292	0.4	0.982	EGF	ERBB3	-0.441437963672144	1.69133906380554e-25	4.78521751283366e-25
9606.ENSP00000265171	9606.ENSP00000269571	EGF	ERBB2	9606	0.992	0	0	0	0	0.292	0.4	0.982	EGF	ERBB2	-0.461697443036229	4.99197620028785e-28	1.50679055769164e-27
9606.ENSP00000265433	9606.ENSP00000343741	NBN	ATR	9606	0.716	0	0	0	0	0.457	0.5	0	NBN	ATR	0.511335077607139	5.4372363924423e-35	1.89845342172693e-34
9606.ENSP00000265433	9606.ENSP00000382628	NBN	RBBP8	9606	0.959	0	0	0	0	0.532	0.54	0.827	NBN	RBBP8	0.552648743135183	9.99100129972022e-42	3.98580519250818e-41
9606.ENSP00000265433	9606.ENSP00000278616	NBN	ATM	9606	0.979	0	0	0	0	0.943	0.5	0.311	NBN	ATM	0.599871136181941	1.12723352797061e-50	5.30551943632877e-50
9606.ENSP00000265433	9606.ENSP00000325863	NBN	MRE11	9606	0.999	0	0	0	0	0.967	0.8	0.985	NBN	MRE11	0.605086906206148	9.34689934703084e-52	4.49722674882957e-51
9606.ENSP00000265433	9606.ENSP00000368100	NBN	RAD50	9606	0.999	0	0	0	0	0.743	0.9	0.984	NBN	RAD50	0.757403100558503	3.58731769688751e-95	4.05750399190272e-94
9606.ENSP00000265465	9606.ENSP00000472445	POLA2	POLD1	9606	0.956	0	0	0	0	0.377	0.9	0.352	POLA2	POLD1	0.51639803731926	9.0968470584714e-36	3.23178298611032e-35
9606.ENSP00000265465	9606.ENSP00000322570	POLA2	POLE	9606	0.956	0	0	0	0	0.377	0.9	0.353	POLA2	POLE	0.524947494749475	4.14679703040603e-37	1.50694158990462e-36
9606.ENSP00000265465	9606.ENSP00000350491	POLA2	PRIM1	9606	0.999	0	0	0	0	0.966	0.9	0.914	POLA2	PRIM1	0.363769234066264	3.02739417215619e-17	6.84990924628881e-17
9606.ENSP00000265465	9606.ENSP00000484105	POLA2	PRIM2	9606	0.999	0	0	0	0	0.991	0.9	0.907	POLA2	PRIM2	0.336808929340139	7.33906474596544e-15	1.54141605923844e-14
9606.ENSP00000265686	9606.ENSP00000304891	TCIRG1	ATP6V1E2	9606	0.825	0	0	0	0	0.352	0.694	0.188	TCIRG1	ATP6V1E2	-0.524703184604175	4.53492117628794e-37	1.64563038183482e-36
9606.ENSP00000265686	9606.ENSP00000430282	TCIRG1	ATP6V1C1	9606	0.861	0	0	0	0	0.618	0.54	0.271	TCIRG1	ATP6V1C1	-0.496998115960664	7.3266385219025e-33	2.44711172203103e-32
9606.ENSP00000265686	9606.ENSP00000276390	TCIRG1	ATP6V1B2	9606	0.916	0	0	0	0	0.613	0.718	0.293	TCIRG1	ATP6V1B2	0.300023853317009	5.78999917917629e-12	1.10088022581231e-11
9606.ENSP00000265686	9606.ENSP00000417378	TCIRG1	ATP6V1F	9606	0.932	0	0	0	0	0.638	0.8	0.142	TCIRG1	ATP6V1F	0.371456617711461	5.73356477361172e-18	1.32655620513837e-17
9606.ENSP00000265686	9606.ENSP00000352522	TCIRG1	ATP6V1H	9606	0.94	0	0	0	0	0.378	0.9	0.124	TCIRG1	ATP6V1H	-0.397233853820165	1.54893712489343e-20	3.83066821951366e-20
9606.ENSP00000265686	9606.ENSP00000329757	TCIRG1	ATP6V0C	9606	0.971	0	0	0	0	0.497	0.925	0.303	TCIRG1	ATP6V0C	0.33952885971827	4.31902028210509e-15	9.13732326709881e-15
9606.ENSP00000265728	9606.ENSP00000266970	DBF4	CDK2	9606	0.742	0	0	0	0	0.292	0.5	0.332	DBF4	CDK2	0.314861548266628	4.38437471964696e-13	8.68579949823566e-13
9606.ENSP00000265728	9606.ENSP00000360623	DBF4	ORC1	9606	0.8	0	0	0	0	0.618	0.5	0	DBF4	ORC1	0.335693507238923	9.10775622661489e-15	1.90737072152015e-14
9606.ENSP00000265728	9606.ENSP00000393139	DBF4	CDC7	9606	0.999	0	0	0	0	0.793	0.9	0.987	DBF4	CDC7	0.323047615320538	9.9124612559056e-14	2.01200777330602e-13
9606.ENSP00000265734	9606.ENSP00000362082	CDK6	CCND3	9606	0.999	0	0	0	0	0.739	0.9	0.984	CDK6	CCND3	-0.401835307754378	5.09628726888778e-21	1.27809851333563e-20
9606.ENSP00000265960	9606.ENSP00000286234	MAPKAP1	DEPTOR	9606	0.996	0	0	0	0	0.8	0	0.982	MAPKAP1	DEPTOR	0.345289808483954	1.3808780156553e-15	2.96461171105705e-15
9606.ENSP00000266000	9606.ENSP00000349547	DAXX	RASSF1	9606	0.817	0	0	0	0	0.524	0	0.633	DAXX	RASSF1	0.317250047986165	2.85454146927548e-13	5.69506535129268e-13
9606.ENSP00000266000	9606.ENSP00000269305	DAXX	TP53	9606	0.953	0	0	0	0	0.657	0	0.87	DAXX	TP53	0.333865280938032	1.29504482067224e-14	2.6998707396486e-14
9606.ENSP00000266000	9606.ENSP00000362441	DAXX	ATRX	9606	0.999	0	0	0	0	0.96	0.9	0.984	DAXX	ATRX	-0.465529068434794	1.58652972665883e-28	4.85372964869689e-28
9606.ENSP00000266376	9606.ENSP00000334198	CACNA1C	CACNA1H	9606	0.843	0	0	0	0	0.08	0.72	0.44	CACNA1C	CACNA1H	0.442215432723397	1.36219948679851e-25	3.86476541547835e-25
9606.ENSP00000266376	9606.ENSP00000320025	CACNA1C	CACNB2	9606	0.982	0	0	0	0	0.641	0.72	0.836	CACNA1C	CACNB2	0.42039775406112	4.80486365545109e-23	1.27356472203593e-22
9606.ENSP00000266544	9606.ENSP00000478766	NDUFA9	NDUFC2-KCTD14	9606	0.76	0	0	0	0	0.249	0.693	0	NDUFA9	NDUFC2-KCTD14	0.513932107496464	2.18126799312638e-35	7.68741811456787e-35
9606.ENSP00000266544	9606.ENSP00000497474	NDUFA9	COX7B	9606	0.807	0	0	0	0	0.807	0	0	NDUFA9	COX7B	0.739419004012202	1.78894735676686e-88	1.79904339630505e-87
9606.ENSP00000266544	9606.ENSP00000467262	NDUFA9	UQCR11	9606	0.813	0	0	0	0	0.813	0	0	NDUFA9	UQCR11	0.712819480705834	1.59064942905092e-79	1.31031843072751e-78
9606.ENSP00000266544	9606.ENSP00000317780	NDUFA9	COX5A	9606	0.821	0	0	0	0	0.821	0	0	NDUFA9	COX5A	0.804637792971844	5.93429201778436e-116	1.12243210474182e-114
9606.ENSP00000266544	9606.ENSP00000425759	NDUFA9	COX7C	9606	0.832	0	0	0	0	0.832	0	0	NDUFA9	COX7C	0.75676278808005	6.35683447148473e-95	7.13440527368734e-94
9606.ENSP00000266544	9606.ENSP00000466818	NDUFA9	COX6B1	9606	0.837	0	0	0	0	0.837	0	0	NDUFA9	COX6B1	0.680071951294508	8.09117307124839e-70	5.52670106823604e-69
9606.ENSP00000266544	9606.ENSP00000367939	NDUFA9	UQCRQ	9606	0.848	0	0	0	0	0.848	0	0	NDUFA9	UQCRQ	0.700701902488385	8.86454668116105e-76	6.82100004852673e-75
9606.ENSP00000266544	9606.ENSP00000309565	NDUFA9	UQCRH	9606	0.865	0	0	0	0	0.865	0	0	NDUFA9	UQCRH	0.729774250716997	4.17458946904528e-85	3.87935089085937e-84
9606.ENSP00000266544	9606.ENSP00000430494	NDUFA9	UQCRB	9606	0.869	0	0	0	0	0.869	0	0	NDUFA9	UQCRB	0.605333266245879	8.30035148491092e-52	3.99936764858824e-51
9606.ENSP00000266544	9606.ENSP00000457513	NDUFA9	COX4I1	9606	0.882	0	0	0	0	0.882	0	0	NDUFA9	COX4I1	0.704636674847609	5.65182815756761e-77	4.45695796556011e-76
9606.ENSP00000266544	9606.ENSP00000268379	NDUFA9	UQCRC2	9606	0.9	0	0	0	0	0.874	0	0.232	NDUFA9	UQCRC2	0.482669912954028	7.84827736706367e-31	2.52582234528725e-30
9606.ENSP00000266544	9606.ENSP00000317159	NDUFA9	CYC1	9606	0.906	0	0	0	0	0.906	0	0	NDUFA9	CYC1	0.760663364473093	1.89465094906462e-96	2.21960434713372e-95
9606.ENSP00000266544	9606.ENSP00000332887	NDUFA9	UQCR10	9606	0.964	0	0	0	0	0.963	0	0	NDUFA9	UQCR10	0.665220372968974	8.01545552252516e-66	5.01929603836548e-65
9606.ENSP00000266544	9606.ENSP00000306397	NDUFA9	UQCRFS1	9606	0.969	0	0	0	0	0.969	0	0	NDUFA9	UQCRFS1	0.680839823112746	4.9540989672195e-70	3.41607489545475e-69
9606.ENSP00000266544	9606.ENSP00000441126	NDUFA9	NDUFC1	9606	0.988	0	0	0	0	0.801	0.944	0	NDUFA9	NDUFC1	0.498041139517678	5.16844373430422e-33	1.73368173742827e-32
9606.ENSP00000266544	9606.ENSP00000419087	NDUFA9	NDUFB2	9606	0.988	0	0	0	0	0.8	0.944	0	NDUFA9	NDUFB2	0.712157271627784	2.57816238613272e-79	2.11521771857432e-78
9606.ENSP00000266544	9606.ENSP00000281031	NDUFA9	NDUFC2	9606	0.993	0	0	0	0	0.909	0.933	0.073	NDUFA9	NDUFC2	0.522918285617382	8.6995681294014e-37	3.13783783701456e-36
9606.ENSP00000266544	9606.ENSP00000483888	NDUFA9	NDUFB1	9606	0.994	0	0	0	0	0.95	0.9	0	NDUFA9	NDUFB1	0.608412114503376	1.86542086824968e-52	9.10917296096732e-52
9606.ENSP00000266544	9606.ENSP00000360492	NDUFA9	NDUFA1	9606	0.995	0	0	0	0	0.924	0.944	0.09	NDUFA9	NDUFA1	0.644656763813027	1.17849498200896e-60	6.75125410731245e-60
9606.ENSP00000266544	9606.ENSP00000389160	NDUFA9	NDUFA11	9606	0.996	0	0	0	0	0.952	0.933	0.054	NDUFA9	NDUFA11	0.5543299360992	5.07291880872878e-42	2.03900420816218e-41
9606.ENSP00000266544	9606.ENSP00000362058	NDUFA9	NDUFS5	9606	0.996	0	0	0	0	0.959	0.9	0.083	NDUFA9	NDUFS5	0.424195928909661	1.78411685488865e-23	4.79145290721946e-23
9606.ENSP00000266544	9606.ENSP00000418438	NDUFA9	NDUFA3	9606	0.996	0	0	0	0	0.91	0.944	0.384	NDUFA9	NDUFA3	0.621457829012715	2.77449447461792e-55	1.42469870468626e-54
9606.ENSP00000266544	9606.ENSP00000458770	NDUFA9	NDUFAB1	9606	0.997	0	0	0	0	0.963	0.944	0	NDUFA9	NDUFAB1	0.718333417192651	2.70249930826958e-81	2.33809927377292e-80
9606.ENSP00000266544	9606.ENSP00000276062	NDUFA9	NDUFB11	9606	0.997	0	0	0	0	0.959	0.944	0.162	NDUFA9	NDUFB11	0.684826495071867	3.78677804050253e-71	2.67099337204057e-70
9606.ENSP00000266544	9606.ENSP00000346196	NDUFA9	NDUFV3	9606	0.997	0	0	0	0	0.956	0.944	0	NDUFA9	NDUFV3	0.521669993086265	1.36889970943342e-36	4.92348241810029e-36
9606.ENSP00000266544	9606.ENSP00000301457	NDUFA9	NDUFA7	9606	0.998	0	0	0	0	0.95	0.944	0.424	NDUFA9	NDUFA7	0.582813871449257	2.84001495651978e-47	1.25965204861884e-46
9606.ENSP00000266544	9606.ENSP00000330737	NDUFA9	NDUFA12	9606	0.998	0	0	0	0	0.969	0.944	0	NDUFA9	NDUFA12	0.59277831509859	3.09750290783823e-49	1.42552501290951e-48
9606.ENSP00000266544	9606.ENSP00000362873	NDUFA9	NDUFA8	9606	0.998	0	0	0	0	0.958	0.944	0.53	NDUFA9	NDUFA8	0.669724270563702	5.20751315522272e-67	3.34129571178756e-66
9606.ENSP00000266544	9606.ENSP00000417142	NDUFA9	NDUFA5	9606	0.998	0	0	0	0	0.969	0.944	0.345	NDUFA9	NDUFA5	0.36318054165665	3.43250209427839e-17	7.75270708729945e-17
9606.ENSP00000266544	9606.ENSP00000407336	NDUFA9	NDUFB3	9606	0.998	0	0	0	0	0.969	0.944	0.348	NDUFA9	NDUFB3	0.677163430628777	5.11801145658808e-69	3.45406261558572e-68
9606.ENSP00000266544	9606.ENSP00000482543	NDUFA9	NDUFA6	9606	0.999	0	0	0	0	0.983	0.944	0.895	NDUFA9	NDUFA6	0.597152230751025	4.05384180423386e-50	1.88962235913737e-49
9606.ENSP00000266544	9606.ENSP00000274137	NDUFA9	NDUFS6	9606	0.999	0	0	0	0	0.983	0.944	0.254	NDUFA9	NDUFS6	0.737772379722444	6.88872379270571e-88	6.83956672165317e-87
9606.ENSP00000266544	9606.ENSP00000369176	NDUFA9	NDUFB6	9606	0.999	0	0	0	0	0.928	0.944	0.844	NDUFA9	NDUFB6	0.653647600784923	7.27251037028361e-63	4.3553589522978e-62
9606.ENSP00000266544	9606.ENSP00000299166	NDUFA9	NDUFB8	9606	0.999	0	0	0	0	0.969	0.944	0.57	NDUFA9	NDUFB8	0.617310426694843	2.27255752901026e-54	1.14382392577588e-53
9606.ENSP00000266544	9606.ENSP00000497587	NDUFA9	NDUFV1	9606	0.999	0	0	0	0	0.969	0.944	0.753	NDUFA9	NDUFV1	0.658325087167102	4.80836635621493e-64	2.9491894372026e-63
9606.ENSP00000266544	9606.ENSP00000423673	NDUFA9	NDUFA13	9606	0.999	0	0	0	0	0.969	0.944	0.639	NDUFA9	NDUFA13	0.605812475657504	6.58648050094605e-52	3.18262999277398e-51
9606.ENSP00000266544	9606.ENSP00000276689	NDUFA9	NDUFB9	9606	0.999	0	0	0	0	0.954	0.944	0.653	NDUFA9	NDUFB9	0.747100237974108	2.89296686266634e-91	3.07684444231435e-90
9606.ENSP00000266544	9606.ENSP00000315774	NDUFA9	NDUFS8	9606	0.999	0	0	0	0	0.983	0.944	0.469	NDUFA9	NDUFS8	0.722922571760281	8.43517128836473e-83	7.50227975270758e-82
9606.ENSP00000266544	9606.ENSP00000268668	NDUFA9	NDUFB10	9606	0.999	0	0	0	0	0.969	0.944	0.731	NDUFA9	NDUFB10	0.663031644779385	2.97480685091547e-65	1.8435090411683e-64
9606.ENSP00000266544	9606.ENSP00000356972	NDUFA9	NDUFS2	9606	0.999	0	0	0	0	0.969	0.944	0.698	NDUFA9	NDUFS2	0.606514937208006	4.68929296149949e-52	2.27346771407877e-51
9606.ENSP00000266544	9606.ENSP00000327268	NDUFA9	NDUFV2	9606	0.999	0	0	0	0	0.969	0.944	0.875	NDUFA9	NDUFV2	0.649685248027908	6.99416867020713e-62	4.13021925484267e-61
9606.ENSP00000266544	9606.ENSP00000296684	NDUFA9	NDUFS4	9606	0.999	0	0	0	0	0.983	0.944	0.303	NDUFA9	NDUFS4	0.626212559144113	2.39388017525144e-56	1.26441190535772e-55
9606.ENSP00000266970	9606.ENSP00000398124	CDK2	E2F5	9606	0.716	0	0	0	0	0.457	0.5	0	CDK2	E2F5	-0.388870005012924	1.11796435644324e-19	2.70425433874588e-19
9606.ENSP00000266970	9606.ENSP00000393139	CDK2	CDC7	9606	0.716	0	0	0	0	0.457	0.5	0	CDK2	CDC7	0.484205004351367	4.80681236357957e-31	1.55338190190511e-30
9606.ENSP00000266970	9606.ENSP00000360623	CDK2	ORC1	9606	0.752	0	0	0	0	0.524	0.5	0	CDK2	ORC1	0.591557882496324	5.4328593650746e-49	2.48341820751858e-48
9606.ENSP00000266970	9606.ENSP00000405726	CDK2	CDC45	9606	0.756	0	0	0	0	0.292	0.5	0.367	CDK2	CDC45	0.476068693825904	6.28325839767737e-30	1.98072798091896e-29
9606.ENSP00000266970	9606.ENSP00000345571	CDK2	E2F1	9606	0.826	0	0	0	0	0.457	0.5	0.411	CDK2	E2F1	0.370011442138003	7.86614197583497e-18	1.81459014418705e-17
9606.ENSP00000266970	9606.ENSP00000480987	CDK2	MCM3	9606	0.856	0	0	0	0	0.683	0.5	0.166	CDK2	MCM3	0.495451097904821	1.22664378325757e-32	4.08224800345582e-32
9606.ENSP00000266970	9606.ENSP00000288207	CDK2	CCNB2	9606	0.889	0	0	0	0	0.767	0	0.545	CDK2	CCNB2	0.330881473240492	2.28878719351496e-14	4.73659566514496e-14
9606.ENSP00000266970	9606.ENSP00000362768	CDK2	RBL1	9606	0.893	0	0	0	0	0.658	0.5	0.425	CDK2	RBL1	0.449356705856921	1.81757325648997e-26	5.28365528510836e-26
9606.ENSP00000266970	9606.ENSP00000478771	CDK2	UBB	9606	0.895	0	0	0	0	0.8	0.5	0	CDK2	UBB	-0.499825013557256	2.83766536531744e-33	9.5691125881571e-33
9606.ENSP00000267082	9606.ENSP00000346839	ITGB7	FN1	9606	0.736	0	0	0	0	0.292	0	0.643	ITGB7	FN1	0.43173292484528	2.40600814302923e-24	6.62630821820712e-24
9606.ENSP00000267082	9606.ENSP00000358866	ITGB7	FLNA	9606	0.926	0	0	0	0	0.579	0.65	0.54	ITGB7	FLNA	0.339350518902822	4.47251995608927e-15	9.45812725255023e-15
9606.ENSP00000267082	9606.ENSP00000380227	ITGB7	ITGA4	9606	0.999	0	0	0	0	0.967	0.9	0.969	ITGB7	ITGA4	0.371661793508543	5.48113486079819e-18	1.26930886413879e-17
9606.ENSP00000267101	9606.ENSP00000428056	ERBB3	PIK3R1	9606	0.899	0	0	0	0	0.621	0.4	0.593	ERBB3	PIK3R1	0.306305475268024	1.97658237035602e-12	3.82402802584879e-12
9606.ENSP00000267101	9606.ENSP00000317272	ERBB3	MET	9606	0.954	0	0	0	0	0.457	0.8	0.613	ERBB3	MET	0.834286441066467	3.62900982422997e-132	1.05615624024939e-130
9606.ENSP00000267101	9606.ENSP00000401303	ERBB3	SHC1	9606	0.987	0	0	0	0	0.681	0.4	0.941	ERBB3	SHC1	0.37865249257845	1.15939452154973e-18	2.73668839307008e-18
9606.ENSP00000267101	9606.ENSP00000275493	ERBB3	EGFR	9606	0.999	0	0	0	0	0.95	0.8	0.982	ERBB3	EGFR	0.451687622178367	9.32109193227558e-27	2.73309268926452e-26
9606.ENSP00000267101	9606.ENSP00000269571	ERBB3	ERBB2	9606	0.999	0	0	0	0	0.964	0.9	0.982	ERBB3	ERBB2	0.482548037412437	8.15891412085309e-31	2.62413206857204e-30
9606.ENSP00000267163	9606.ENSP00000314004	RB1	ANAPC2	9606	0.716	0	0	0	0	0.457	0.5	0	RB1	ANAPC2	-0.463913006207453	2.57740691319392e-28	7.84498711936188e-28
9606.ENSP00000267163	9606.ENSP00000434614	RB1	CDC27	9606	0.716	0	0	0	0	0.457	0.5	0	RB1	CDC27	0.381301328890653	6.37250496256153e-19	1.51475621120378e-18
9606.ENSP00000267163	9606.ENSP00000378529	RB1	FZR1	9606	0.716	0	0	0	0	0.457	0.5	0	RB1	FZR1	-0.419050693889265	6.80717402315378e-23	1.79538993905928e-22
9606.ENSP00000267163	9606.ENSP00000362592	RB1	RBBP4	9606	0.72	0	0	0	0	0.49	0	0.473	RB1	RBBP4	0.387287672866666	1.61466759109101e-19	3.88906301226261e-19
9606.ENSP00000267163	9606.ENSP00000398124	RB1	E2F5	9606	0.754	0	0	0	0	0.639	0	0.348	RB1	E2F5	-0.34228112252219	2.51231703279272e-15	5.35072428225532e-15
9606.ENSP00000267163	9606.ENSP00000329102	RB1	LIN9	9606	0.805	0	0	0	0	0.475	0	0.644	RB1	LIN9	0.379412817058103	9.76936433587937e-19	2.31191597296195e-18
9606.ENSP00000267163	9606.ENSP00000364519	RB1	TFDP1	9606	0.98	0	0	0	0	0.951	0.54	0.204	RB1	TFDP1	0.480550415289976	1.53809661888118e-30	4.91581099999251e-30
9606.ENSP00000267199	9606.ENSP00000309457	VPS33A	VPS41	9606	0.989	0	0	0	0	0.795	0.9	0.528	VPS33A	VPS41	0.507070179067596	2.39575254161641e-34	8.25149493563847e-34
9606.ENSP00000267257	9606.ENSP00000401303	PXN	SHC1	9606	0.725	0	0	0	0	0.276	0	0.636	PXN	SHC1	0.308464573165391	1.35791870798211e-12	2.64475173863362e-12
9606.ENSP00000267257	9606.ENSP00000346671	PXN	FYN	9606	0.769	0	0	0	0	0.292	0	0.688	PXN	FYN	0.366121767456249	1.82801999709675e-17	4.15745613759777e-17
9606.ENSP00000267257	9606.ENSP00000346839	PXN	FN1	9606	0.87	0	0	0	0	0.201	0	0.845	PXN	FN1	0.526729225717603	2.15464202585656e-37	7.86088328183372e-37
9606.ENSP00000267257	9606.ENSP00000274376	PXN	RASA1	9606	0.921	0	0	0	0	0.292	0	0.894	PXN	RASA1	0.443831122242659	8.67240531887719e-26	2.47153818248697e-25
9606.ENSP00000267257	9606.ENSP00000324422	PXN	ZYX	9606	0.985	0	0	0	0	0.175	0	0.982	PXN	ZYX	0.372343662937722	4.71829056577912e-18	1.09564877175625e-17
9606.ENSP00000267257	9606.ENSP00000334008	PXN	PARVA	9606	0.999	0	0	0	0	0.96	0.9	0.975	PXN	PARVA	0.362718104108547	3.78770573057881e-17	8.54927269010865e-17
9606.ENSP00000267953	9606.ENSP00000318822	BCL2A1	BID	9606	0.964	0	0	0	0	0.963	0	0	BCL2A1	BID	0.387059109637672	1.70244607964426e-19	4.09854108341948e-19
9606.ENSP00000267953	9606.ENSP00000326119	BCL2A1	PMAIP1	9606	0.998	0	0	0	0	0.9	0	0.982	BCL2A1	PMAIP1	0.532821605141881	2.2298100738651e-38	8.30211910566268e-38
9606.ENSP00000268379	9606.ENSP00000419087	UQCRC2	NDUFB2	9606	0.8	0	0	0	0	0.8	0	0	UQCRC2	NDUFB2	0.388335727982736	1.26599676993735e-19	3.05650800861747e-19
9606.ENSP00000268379	9606.ENSP00000367938	UQCRC2	COX7A2L	9606	0.828	0	0	0	0	0.743	0.36	0	UQCRC2	COX7A2L	0.491197194253587	4.99219293472722e-32	1.64202408154224e-31
9606.ENSP00000268379	9606.ENSP00000364649	UQCRC2	SDHB	9606	0.839	0	0	0	0	0.147	0	0.819	UQCRC2	SDHB	0.589289860663085	1.53373941995525e-48	6.96387630240746e-48
9606.ENSP00000268379	9606.ENSP00000407336	UQCRC2	NDUFB3	9606	0.844	0	0	0	0	0.844	0	0	UQCRC2	NDUFB3	0.341938417444229	2.68845246799657e-15	5.72225727523913e-15
9606.ENSP00000268379	9606.ENSP00000356972	UQCRC2	NDUFS2	9606	0.881	0	0	0	0	0.881	0	0	UQCRC2	NDUFS2	0.577922450630156	2.46641461815287e-46	1.07608991737881e-45
9606.ENSP00000268379	9606.ENSP00000276689	UQCRC2	NDUFB9	9606	0.881	0	0	0	0	0.881	0	0	UQCRC2	NDUFB9	0.343682877604531	1.9025120112483e-15	4.06645927993456e-15
9606.ENSP00000268379	9606.ENSP00000417142	UQCRC2	NDUFA5	9606	0.885	0	0	0	0	0.885	0	0	UQCRC2	NDUFA5	0.300039227525237	5.77497096732039e-12	1.09822842379841e-11
9606.ENSP00000268379	9606.ENSP00000497587	UQCRC2	NDUFV1	9606	0.885	0	0	0	0	0.885	0	0	UQCRC2	NDUFV1	0.424108808396367	1.82538168625499e-23	4.90097853219454e-23
9606.ENSP00000268379	9606.ENSP00000296684	UQCRC2	NDUFS4	9606	0.889	0	0	0	0	0.888	0	0	UQCRC2	NDUFS4	0.505326464323451	4.36679565617931e-34	1.49489529760072e-33
9606.ENSP00000268379	9606.ENSP00000392709	UQCRC2	NDUFS1	9606	0.895	0	0	0	0	0.895	0	0	UQCRC2	NDUFS1	0.71457810377311	4.38204744328276e-80	3.67838478358868e-79
9606.ENSP00000268379	9606.ENSP00000497474	UQCRC2	COX7B	9606	0.935	0	0	0	0	0.865	0.54	0	UQCRC2	COX7B	0.313549429477109	5.54091091122502e-13	1.09407138657295e-12
9606.ENSP00000268379	9606.ENSP00000485401	UQCRC2	UQCRHL	9606	0.97	0	0	0	0	0.495	0.944	0	UQCRC2	UQCRHL	0.403219079671942	3.63571835002659e-21	9.15191853314003e-21
9606.ENSP00000268379	9606.ENSP00000317780	UQCRC2	COX5A	9606	0.994	0	0	0	0	0.95	0.9	0	UQCRC2	COX5A	0.372046987307426	5.03642002757028e-18	1.16765391965376e-17
9606.ENSP00000268379	9606.ENSP00000317159	UQCRC2	CYC1	9606	0.997	0	0	0	0	0.954	0.907	0.454	UQCRC2	CYC1	0.44918749638939	1.90747528316043e-26	5.53865821928544e-26
9606.ENSP00000268379	9606.ENSP00000425759	UQCRC2	COX7C	9606	0.997	0	0	0	0	0.978	0.9	0	UQCRC2	COX7C	0.306943365143968	1.76964043390894e-12	3.43150780588261e-12
9606.ENSP00000268379	9606.ENSP00000309565	UQCRC2	UQCRH	9606	0.998	0	0	0	0	0.961	0.944	0.524	UQCRC2	UQCRH	0.416790778456728	1.21687043786342e-22	3.18879077331754e-22
9606.ENSP00000268379	9606.ENSP00000306397	UQCRC2	UQCRFS1	9606	0.999	0	0	0	0	0.973	0.967	0.909	UQCRC2	UQCRFS1	0.666980114160484	2.7701814977901e-66	1.7487093519611e-65
9606.ENSP00000268668	9606.ENSP00000292907	NDUFB10	COX7A1	9606	0.807	0	0	0	0	0.807	0	0	NDUFB10	COX7A1	0.406044113728143	1.81563537418563e-21	4.60919982394487e-21
9606.ENSP00000268668	9606.ENSP00000467262	NDUFB10	UQCR11	9606	0.807	0	0	0	0	0.807	0	0	NDUFB10	UQCR11	0.846483685635644	8.44762473228963e-140	3.12009179657694e-138
9606.ENSP00000268668	9606.ENSP00000497474	NDUFB10	COX7B	9606	0.814	0	0	0	0	0.814	0	0	NDUFB10	COX7B	0.787479337995911	8.59382906582713e-108	1.33876567211052e-106
9606.ENSP00000268668	9606.ENSP00000466818	NDUFB10	COX6B1	9606	0.821	0	0	0	0	0.821	0	0	NDUFB10	COX6B1	0.882059603475875	1.57990283538845e-166	1.6374564386776e-164
9606.ENSP00000268668	9606.ENSP00000478766	NDUFB10	NDUFC2-KCTD14	9606	0.827	0	0	0	0	0.353	0.744	0	NDUFB10	NDUFC2-KCTD14	0.652982689573305	1.06580953920602e-62	6.37164655074489e-62
9606.ENSP00000268668	9606.ENSP00000425759	NDUFB10	COX7C	9606	0.831	0	0	0	0	0.831	0	0	NDUFB10	COX7C	0.820099214890433	4.91335975851844e-124	1.13163254120798e-122
9606.ENSP00000268668	9606.ENSP00000367939	NDUFB10	UQCRQ	9606	0.857	0	0	0	0	0.857	0	0	NDUFB10	UQCRQ	0.884122263157993	2.45540492506187e-168	2.65314338551632e-166
9606.ENSP00000268668	9606.ENSP00000457513	NDUFB10	COX4I1	9606	0.859	0	0	0	0	0.859	0	0	NDUFB10	COX4I1	0.892578636745662	3.96679458541827e-176	5.92510773589608e-174
9606.ENSP00000268668	9606.ENSP00000317780	NDUFB10	COX5A	9606	0.863	0	0	0	0	0.863	0	0	NDUFB10	COX5A	0.770923738336566	1.320080224698e-100	1.71678038953363e-99
9606.ENSP00000268668	9606.ENSP00000309565	NDUFB10	UQCRH	9606	0.873	0	0	0	0	0.873	0	0	NDUFB10	UQCRH	0.763739137888944	1.13150448343049e-97	1.37802050817787e-96
9606.ENSP00000268668	9606.ENSP00000430494	NDUFB10	UQCRB	9606	0.895	0	0	0	0	0.895	0	0	NDUFB10	UQCRB	0.724131264058083	3.345480661853e-83	2.98594438334278e-82
9606.ENSP00000268668	9606.ENSP00000332887	NDUFB10	UQCR10	9606	0.898	0	0	0	0	0.898	0	0	NDUFB10	UQCR10	0.761642561771705	7.76094079847997e-97	9.19811851693829e-96
9606.ENSP00000268668	9606.ENSP00000306397	NDUFB10	UQCRFS1	9606	0.898	0	0	0	0	0.898	0	0	NDUFB10	UQCRFS1	0.326055928574224	5.67413462301069e-14	1.16170500636806e-13
9606.ENSP00000268668	9606.ENSP00000317159	NDUFB10	CYC1	9606	0.948	0	0	0	0	0.948	0	0	NDUFB10	CYC1	0.771122484919299	1.09129381976694e-100	1.42288463766019e-99
9606.ENSP00000268668	9606.ENSP00000389160	NDUFB10	NDUFA11	9606	0.991	0	0	0	0	0.844	0.944	0.13	NDUFB10	NDUFA11	0.82051776606232	2.89639230251678e-124	6.73195803584965e-123
9606.ENSP00000268668	9606.ENSP00000441126	NDUFB10	NDUFC1	9606	0.993	0	0	0	0	0.803	0.967	0	NDUFB10	NDUFC1	0.821826623656154	5.49839611206117e-125	1.32339358554989e-123
9606.ENSP00000268668	9606.ENSP00000419087	NDUFB10	NDUFB2	9606	0.993	0	0	0	0	0.8	0.967	0.143	NDUFB10	NDUFB2	0.726981549086586	3.70507015746298e-84	3.3751029228118e-83
9606.ENSP00000268668	9606.ENSP00000362058	NDUFB10	NDUFS5	9606	0.995	0	0	0	0	0.951	0.9	0.087	NDUFB10	NDUFS5	0.674680915296499	2.42987611909839e-68	1.61308834912957e-67
9606.ENSP00000268668	9606.ENSP00000418438	NDUFB10	NDUFA3	9606	0.995	0	0	0	0	0.861	0.967	0	NDUFB10	NDUFA3	0.874523912018531	3.38120177269314e-160	2.62159285536216e-158
9606.ENSP00000268668	9606.ENSP00000458770	NDUFB10	NDUFAB1	9606	0.997	0	0	0	0	0.9	0.967	0.318	NDUFB10	NDUFAB1	0.715441295682363	2.31902437411576e-80	1.95796596574346e-79
9606.ENSP00000268668	9606.ENSP00000360492	NDUFB10	NDUFA1	9606	0.997	0	0	0	0	0.931	0.967	0	NDUFB10	NDUFA1	0.829102071697853	4.15039138224707e-129	1.10066645612228e-127
9606.ENSP00000268668	9606.ENSP00000346196	NDUFB10	NDUFV3	9606	0.997	0	0	0	0	0.927	0.967	0	NDUFB10	NDUFV3	0.715347186892602	2.48591650170142e-80	2.09539036579098e-79
9606.ENSP00000268668	9606.ENSP00000330737	NDUFB10	NDUFA12	9606	0.998	0	0	0	0	0.951	0.967	0.307	NDUFB10	NDUFA12	0.803562623343079	2.03385961415063e-115	3.82553927794961e-114
9606.ENSP00000268668	9606.ENSP00000482543	NDUFB10	NDUFA6	9606	0.998	0	0	0	0	0.951	0.967	0	NDUFB10	NDUFA6	0.624191642766761	6.81737351378647e-56	3.56193738577825e-55
9606.ENSP00000268668	9606.ENSP00000301457	NDUFB10	NDUFA7	9606	0.998	0	0	0	0	0.941	0.967	0.263	NDUFB10	NDUFA7	0.823839060924726	4.15975966692111e-126	1.03050436431507e-124
9606.ENSP00000268668	9606.ENSP00000417142	NDUFB10	NDUFA5	9606	0.998	0	0	0	0	0.967	0.967	0	NDUFB10	NDUFA5	0.484051075915045	5.04958488011742e-31	1.63079916144205e-30
9606.ENSP00000268668	9606.ENSP00000497587	NDUFB10	NDUFV1	9606	0.998	0	0	0	0	0.957	0.967	0	NDUFB10	NDUFV1	0.623981994472739	7.59586532147632e-56	3.96256826246713e-55
9606.ENSP00000268668	9606.ENSP00000483888	NDUFB10	NDUFB1	9606	0.998	0	0	0	0	0.941	0.9	0.774	NDUFB10	NDUFB1	0.825820749776841	3.16938446006658e-127	8.0277900151861e-126
9606.ENSP00000268668	9606.ENSP00000315774	NDUFB10	NDUFS8	9606	0.998	0	0	0	0	0.954	0.967	0.092	NDUFB10	NDUFS8	0.86349780940827	1.22946377332939e-151	6.75008840308464e-150
9606.ENSP00000268668	9606.ENSP00000281031	NDUFB10	NDUFC2	9606	0.998	0	0	0	0	0.97	0.944	0.179	NDUFB10	NDUFC2	0.680497024857765	6.16815237814403e-70	4.24457477674857e-69
9606.ENSP00000268668	9606.ENSP00000296684	NDUFB10	NDUFS4	9606	0.998	0	0	0	0	0.951	0.967	0.232	NDUFB10	NDUFS4	0.523162409408643	7.95976432805087e-37	2.87406065695033e-36
9606.ENSP00000268668	9606.ENSP00000362873	NDUFB10	NDUFA8	9606	0.999	0	0	0	0	0.954	0.967	0.585	NDUFB10	NDUFA8	0.83938732382555	2.78964792185626e-135	8.96659934882722e-134
9606.ENSP00000268668	9606.ENSP00000276062	NDUFB10	NDUFB11	9606	0.999	0	0	0	0	0.976	0.967	0.782	NDUFB10	NDUFB11	0.870107134937096	1.12775693592484e-156	7.295940890566e-155
9606.ENSP00000268668	9606.ENSP00000299166	NDUFB10	NDUFB8	9606	0.999	0	0	0	0	0.973	0.967	0	NDUFB10	NDUFB8	0.853208923376809	2.67614552018954e-144	1.1616072670327e-142
9606.ENSP00000268668	9606.ENSP00000369176	NDUFB10	NDUFB6	9606	0.999	0	0	0	0	0.946	0.967	0.605	NDUFB10	NDUFB6	0.730631945182096	2.12334949728436e-85	1.99878228395896e-84
9606.ENSP00000268668	9606.ENSP00000274137	NDUFB10	NDUFS6	9606	0.999	0	0	0	0	0.978	0.967	0.248	NDUFB10	NDUFS6	0.895800139020113	2.86371476458687e-179	5.01495704550153e-177
9606.ENSP00000268668	9606.ENSP00000407336	NDUFB10	NDUFB3	9606	0.999	0	0	0	0	0.97	0.967	0.414	NDUFB10	NDUFB3	0.609519802911968	1.08589311463656e-52	5.33079572999686e-52
9606.ENSP00000268668	9606.ENSP00000276689	NDUFB10	NDUFB9	9606	0.999	0	0	0	0	0.963	0.967	0.714	NDUFB10	NDUFB9	0.772941859403332	1.8938951064611e-101	2.5112653520007e-100
9606.ENSP00000268668	9606.ENSP00000423673	NDUFB10	NDUFA13	9606	0.999	0	0	0	0	0.977	0.967	0	NDUFB10	NDUFA13	0.852705581117118	5.91538855818761e-144	2.51391638433103e-142
9606.ENSP00000268668	9606.ENSP00000327268	NDUFB10	NDUFV2	9606	0.999	0	0	0	0	0.98	0.967	0.203	NDUFB10	NDUFV2	0.811081077051805	3.13392285610841e-119	6.49617437744758e-118
9606.ENSP00000268668	9606.ENSP00000356972	NDUFB10	NDUFS2	9606	0.999	0	0	0	0	0.947	0.967	0.493	NDUFB10	NDUFS2	0.437837324105081	4.57479475675758e-25	1.28288764065121e-24
9606.ENSP00000268712	9606.ENSP00000341551	NCOR1	SMAD4	9606	0.776	0	0	0	0	0.292	0.5	0.42	NCOR1	SMAD4	0.655174119896462	3.01299105645992e-63	1.82052053304363e-62
9606.ENSP00000268712	9606.ENSP00000367797	NCOR1	SKI	9606	0.809	0	0	0	0	0.457	0.5	0.356	NCOR1	SKI	0.323243007530567	9.56151953946945e-14	1.94193869150952e-13
9606.ENSP00000268712	9606.ENSP00000405574	NCOR1	TBL1XR1	9606	0.993	0	0	0	0	0.571	0.5	0.973	NCOR1	TBL1XR1	0.40775521651544	1.18841988776069e-21	3.03591066398022e-21
9606.ENSP00000268712	9606.ENSP00000495556	NCOR1	TBL1X	9606	0.996	0	0	0	0	0.571	0.5	0.985	NCOR1	TBL1X	0.419777567818894	5.64180182101893e-23	1.49112102774107e-22
9606.ENSP00000268712	9606.ENSP00000356426	NCOR1	TAB2	9606	0.998	0	0	0	0	0.364	0.9	0.974	NCOR1	TAB2	0.70359886920369	1.17331033019656e-76	9.18128892435013e-76
9606.ENSP00000268712	9606.ENSP00000378402	NCOR1	SIN3A	9606	0.999	0	0	0	0	0.457	0.9	0.984	NCOR1	SIN3A	0.66309901176453	2.85759682236076e-65	1.77520556114485e-64
9606.ENSP00000269305	9606.ENSP00000313950	TP53	AURKB	9606	0.716	0	0	0	0	0.457	0.5	0	TP53	AURKB	0.397736077955622	1.37311523253803e-20	3.40164180899726e-20
9606.ENSP00000269305	9606.ENSP00000384273	TP53	RELA	9606	0.858	0	0	0	0	0.448	0	0.755	TP53	RELA	0.331595209210362	1.99843904274015e-14	4.1441701423258e-14
9606.ENSP00000269305	9606.ENSP00000300093	TP53	PLK1	9606	0.877	0	0	0	0	0.465	0	0.781	TP53	PLK1	0.329094338005229	3.20957838568279e-14	6.60581310301521e-14
9606.ENSP00000269305	9606.ENSP00000379287	TP53	YWHAZ	9606	0.948	0	0	0	0	0.465	0	0.908	TP53	YWHAZ	0.301821331201443	4.26837415773547e-12	8.15996166386583e-12
9606.ENSP00000269305	9606.ENSP00000493712	TP53	RAD51	9606	0.99	0	0	0	0	0.642	0	0.974	TP53	RAD51	0.371766897186613	5.35609405001269e-18	1.24063505737694e-17
9606.ENSP00000269305	9606.ENSP00000365230	TP53	BCL2L1	9606	0.999	0	0	0	0	0.955	0	0.982	TP53	BCL2L1	0.327999321671298	3.94408795106644e-14	8.1011327237577e-14
9606.ENSP00000269571	9606.ENSP00000351209	ERBB2	EPHA2	9606	0.72	0	0	0	0	0.622	0	0.292	ERBB2	EPHA2	0.481664346558879	1.08059641565705e-30	3.47329677019893e-30
9606.ENSP00000269571	9606.ENSP00000317272	ERBB2	MET	9606	0.73	0	0	0	0	0.596	0	0.36	ERBB2	MET	0.434719341499367	1.07258555331969e-24	2.97413362409723e-24
9606.ENSP00000269571	9606.ENSP00000404131	ERBB2	TGFA	9606	0.956	0	0	0	0	0.409	0	0.93	ERBB2	TGFA	0.345956210527885	1.20838109905927e-15	2.59867178131379e-15
9606.ENSP00000269571	9606.ENSP00000360609	ERBB2	HSP90AB1	9606	0.967	0	0	0	0	0.457	0	0.943	ERBB2	HSP90AB1	0.416503793236466	1.30961686606612e-22	3.4238812120035e-22
9606.ENSP00000269571	9606.ENSP00000497069	ERBB2	IGF1R	9606	0.988	0	0	0	0	0.657	0	0.969	ERBB2	IGF1R	0.510583045882228	7.07306367086857e-35	2.46453199674141e-34
9606.ENSP00000269571	9606.ENSP00000275493	ERBB2	EGFR	9606	0.999	0	0	0	0	0.964	0.9	0.982	ERBB2	EGFR	0.421504324345478	3.60489490589816e-23	9.59761928157472e-23
9606.ENSP00000270139	9606.ENSP00000354394	IFNAR1	STAT1	9606	0.913	0	0	0	0	0.292	0.5	0.776	IFNAR1	STAT1	0.387632521016077	1.49060355816575e-19	3.59280027059551e-19
9606.ENSP00000270139	9606.ENSP00000496577	IFNAR1	SOCS1	9606	0.948	0	0	0	0	0.292	0.5	0.865	IFNAR1	SOCS1	-0.364283012152147	2.71253708906747e-17	6.14160481802459e-17
9606.ENSP00000270139	9606.ENSP00000499900	IFNAR1	JAK1	9606	0.998	0	0	0	0	0.362	0.9	0.982	IFNAR1	JAK1	0.603256630010827	2.25111357716706e-51	1.07194376949301e-50
9606.ENSP00000270517	9606.ENSP00000423673	ECSIT	NDUFA13	9606	0.734	0	0	0	0	0.734	0	0	ECSIT	NDUFA13	0.533300628199466	1.86191480813714e-38	6.9450858267532e-38
9606.ENSP00000270517	9606.ENSP00000276062	ECSIT	NDUFB11	9606	0.734	0	0	0	0	0.734	0	0	ECSIT	NDUFB11	0.697541617515789	7.82907185889952e-75	5.91225894950501e-74
9606.ENSP00000270517	9606.ENSP00000356972	ECSIT	NDUFS2	9606	0.734	0	0	0	0	0.734	0	0	ECSIT	NDUFS2	0.461905786851977	4.69207494263164e-28	1.41795314466854e-27
9606.ENSP00000270586	9606.ENSP00000370222	PSMB6	POMP	9606	0.735	0	0	0	0	0.735	0	0	PSMB6	POMP	0.737219280934304	1.08101254918761e-87	1.06911825336889e-86
9606.ENSP00000270586	9606.ENSP00000478877	PSMB6	ADRM1	9606	0.81	0	0	0	0	0.636	0.5	0	PSMB6	ADRM1	0.777138552364553	3.1302055372609e-103	4.33153918827779e-102
9606.ENSP00000270586	9606.ENSP00000388107	PSMB6	UBA52	9606	0.826	0	0	0	0	0.826	0	0	PSMB6	UBA52	0.613940959313323	1.22619094482918e-53	6.0931611676272e-53
9606.ENSP00000270586	9606.ENSP00000478771	PSMB6	UBB	9606	0.836	0	0	0	0	0.836	0	0	PSMB6	UBB	0.567646423027396	2.05823783057274e-44	8.64221647173514e-44
9606.ENSP00000270586	9606.ENSP00000441543	PSMB6	UBC	9606	0.837	0	0	0	0	0.836	0	0	PSMB6	UBC	0.384736951956065	2.90824043282937e-19	6.9618190139637e-19
9606.ENSP00000270586	9606.ENSP00000272317	PSMB6	RPS27A	9606	0.875	0	0	0	0	0.875	0	0	PSMB6	RPS27A	0.423868970748006	1.94391174233478e-23	5.21508493578827e-23
9606.ENSP00000270586	9606.ENSP00000372155	PSMB6	PSME1	9606	0.929	0	0	0	0	0.929	0	0	PSMB6	PSME1	0.52745852224974	1.64627693805979e-37	6.03001617737948e-37
9606.ENSP00000270586	9606.ENSP00000351314	PSMB6	PSMB10	9606	0.941	0	0	0	0	0.771	0.72	0.16	PSMB6	PSMB10	0.46587708460287	1.42862957947611e-28	4.37857291452591e-28
9606.ENSP00000270586	9606.ENSP00000481029	PSMB6	PSMC3	9606	0.951	0	0	0	0	0.951	0	0	PSMB6	PSMC3	0.812855167504328	3.72850861147103e-120	7.9061507237393e-119
9606.ENSP00000270586	9606.ENSP00000418695	PSMB6	PSMD6	9606	0.952	0	0	0	0	0.952	0	0	PSMB6	PSMD6	0.628611587866861	6.84206898430956e-57	3.6557019817797e-56
9606.ENSP00000270586	9606.ENSP00000310572	PSMB6	PSMC5	9606	0.956	0	0	0	0	0.95	0	0.162	PSMB6	PSMC5	0.82566020577213	3.90915204564178e-127	9.85242117309766e-126
9606.ENSP00000270586	9606.ENSP00000396937	PSMB6	PSMD13	9606	0.957	0	0	0	0	0.952	0	0.131	PSMB6	PSMD13	0.766729561154873	7.00950583116633e-99	8.73565039597011e-98
9606.ENSP00000270586	9606.ENSP00000364016	PSMB6	PSMB8	9606	0.958	0	0	0	0	0.827	0.72	0.204	PSMB6	PSMB8	0.302844321699251	3.58501707543246e-12	6.8690847830914e-12
9606.ENSP00000270586	9606.ENSP00000357876	PSMB6	PSMD4	9606	0.96	0	0	0	0	0.96	0	0	PSMB6	PSMD4	0.726177151876678	6.91392337329521e-84	6.26447098149504e-83
9606.ENSP00000270586	9606.ENSP00000391211	PSMB6	PSMC2	9606	0.963	0	0	0	0	0.95	0	0.279	PSMB6	PSMC2	0.490683136636645	5.90713396671228e-32	1.94045147800442e-31
9606.ENSP00000270586	9606.ENSP00000386541	PSMB6	PSMD14	9606	0.968	0	0	0	0	0.961	0	0.22	PSMB6	PSMD14	0.421169818845239	3.93245459421522e-23	1.04560055794356e-22
9606.ENSP00000270586	9606.ENSP00000484998	PSMB6	PSMC6	9606	0.976	0	0	0	0	0.969	0	0.253	PSMB6	PSMC6	0.466456366133508	1.19955508168005e-28	3.67981907720456e-28
9606.ENSP00000270586	9606.ENSP00000271308	PSMB6	PSMA5	9606	0.996	0	0	0	0	0.963	0.9	0.191	PSMB6	PSMA5	0.625157888459653	4.13732894536728e-56	2.17284643733689e-55
9606.ENSP00000270586	9606.ENSP00000359910	PSMB6	PSMA7	9606	0.998	0	0	0	0	0.963	0.9	0.533	PSMB6	PSMA7	0.642866646913138	3.18007196068214e-60	1.79944239023111e-59
9606.ENSP00000270586	9606.ENSP00000483688	PSMB6	PSMB3	9606	0.998	0	0	0	0	0.97	0.9	0.555	PSMB6	PSMB3	0.881610210710512	3.87400805544454e-166	3.82022328341264e-164
9606.ENSP00000270586	9606.ENSP00000362334	PSMB6	PSMB2	9606	0.998	0	0	0	0	0.963	0.9	0.592	PSMB6	PSMB2	0.676853710215742	6.22104184203201e-69	4.18735069513049e-68
9606.ENSP00000270586	9606.ENSP00000355325	PSMB6	PSMB5	9606	0.999	0	0	0	0	0.963	0.9	0.964	PSMB6	PSMB5	0.639090648195254	2.52592008736211e-59	1.40272117700038e-58
9606.ENSP00000270586	9606.ENSP00000414359	PSMB6	PSMA1	9606	0.999	0	0	0	0	0.97	0.9	0.773	PSMB6	PSMA1	0.586009470512269	6.78260309964744e-48	3.04154082486177e-47
9606.ENSP00000270586	9606.ENSP00000290541	PSMB6	PSMB4	9606	0.999	0	0	0	0	0.981	0.9	0.636	PSMB6	PSMB4	0.812408197341473	6.38847906689783e-120	1.34621954113032e-118
9606.ENSP00000271308	9606.ENSP00000370222	PSMA5	POMP	9606	0.825	0	0	0	0	0.825	0	0	PSMA5	POMP	0.692657650858253	2.14617471605983e-73	1.58190831574889e-72
9606.ENSP00000271308	9606.ENSP00000478877	PSMA5	ADRM1	9606	0.837	0	0	0	0	0.661	0.5	0.119	PSMA5	ADRM1	0.54927769174433	3.84430484163151e-41	1.51637298160976e-40
9606.ENSP00000271308	9606.ENSP00000441543	PSMA5	UBC	9606	0.849	0	0	0	0	0.849	0	0	PSMA5	UBC	0.303521159569373	3.1929719680427e-12	6.12830995453699e-12
9606.ENSP00000271308	9606.ENSP00000388107	PSMA5	UBA52	9606	0.861	0	0	0	0	0.86	0	0	PSMA5	UBA52	0.619836362518239	6.33705713021969e-55	3.22634031436799e-54
9606.ENSP00000271308	9606.ENSP00000272317	PSMA5	RPS27A	9606	0.862	0	0	0	0	0.862	0	0	PSMA5	RPS27A	0.407912872032545	1.14276721932364e-21	2.92075657943388e-21
9606.ENSP00000271308	9606.ENSP00000396937	PSMA5	PSMD13	9606	0.959	0	0	0	0	0.957	0	0.064	PSMA5	PSMD13	0.544786000339164	2.26104669075973e-40	8.77548767216149e-40
9606.ENSP00000271308	9606.ENSP00000418695	PSMA5	PSMD6	9606	0.959	0	0	0	0	0.959	0	0	PSMA5	PSMD6	0.533976068414295	1.44320965072086e-38	5.39715774019578e-38
9606.ENSP00000271308	9606.ENSP00000338039	PSMA5	PSMF1	9606	0.963	0	0	0	0	0.653	0.9	0	PSMA5	PSMF1	0.320913395687395	1.46701743307398e-13	2.9582084708621e-13
9606.ENSP00000271308	9606.ENSP00000310572	PSMA5	PSMC5	9606	0.964	0	0	0	0	0.951	0	0.301	PSMA5	PSMC5	0.375466956633551	2.36418299846397e-18	5.54061068652481e-18
9606.ENSP00000271308	9606.ENSP00000372155	PSMA5	PSME1	9606	0.967	0	0	0	0	0.967	0	0	PSMA5	PSME1	0.583016251935753	2.59500068417382e-47	1.15248893524939e-46
9606.ENSP00000271308	9606.ENSP00000357876	PSMA5	PSMD4	9606	0.971	0	0	0	0	0.969	0	0.105	PSMA5	PSMD4	0.541572418111376	7.90233332627796e-40	3.02426524472514e-39
9606.ENSP00000271308	9606.ENSP00000484998	PSMA5	PSMC6	9606	0.971	0	0	0	0	0.959	0	0.321	PSMA5	PSMC6	0.569680477364507	8.67994564128233e-45	3.65970144784162e-44
9606.ENSP00000271308	9606.ENSP00000386541	PSMA5	PSMD14	9606	0.978	0	0	0	0	0.977	0	0.081	PSMA5	PSMD14	0.62760015131948	1.1616729098862e-56	6.18402083108706e-56
9606.ENSP00000271308	9606.ENSP00000309474	PSMA5	PSMD1	9606	0.979	0	0	0	0	0.962	0	0.463	PSMA5	PSMD1	0.378907145372922	1.0948287950203e-18	2.58909803749038e-18
9606.ENSP00000271308	9606.ENSP00000310129	PSMA5	PSMD2	9606	0.985	0	0	0	0	0.964	0	0.616	PSMA5	PSMD2	0.399026672853621	1.00653606283044e-20	2.50573205641393e-20
9606.ENSP00000271308	9606.ENSP00000351314	PSMA5	PSMB10	9606	0.987	0	0	0	0	0.956	0.72	0	PSMA5	PSMB10	0.501632554559804	1.54006283518777e-33	5.21935876443181e-33
9606.ENSP00000271308	9606.ENSP00000391211	PSMA5	PSMC2	9606	0.989	0	0	0	0	0.987	0	0.201	PSMA5	PSMC2	0.620814348515597	3.85289717881724e-55	1.97147993175046e-54
9606.ENSP00000271308	9606.ENSP00000363993	PSMA5	PSMB9	9606	0.99	0	0	0	0	0.96	0.72	0.191	PSMA5	PSMB9	0.467667481033818	8.31508063275871e-29	2.55695652397609e-28
9606.ENSP00000271308	9606.ENSP00000481029	PSMA5	PSMC3	9606	0.992	0	0	0	0	0.986	0	0.486	PSMA5	PSMC3	0.461332375473572	5.56386163728832e-28	1.67841231511546e-27
9606.ENSP00000271308	9606.ENSP00000364016	PSMA5	PSMB8	9606	0.993	0	0	0	0	0.978	0.72	0	PSMA5	PSMB8	0.583279290661985	2.30764583843535e-47	1.02621535818686e-46
9606.ENSP00000271308	9606.ENSP00000362334	PSMA5	PSMB2	9606	0.998	0	0	0	0	0.981	0.9	0.285	PSMA5	PSMB2	0.746867388602214	3.52727136980623e-91	3.74362542352371e-90
9606.ENSP00000271308	9606.ENSP00000290541	PSMA5	PSMB4	9606	0.998	0	0	0	0	0.981	0.9	0.42	PSMA5	PSMB4	0.651376597287058	2.6725057310324e-62	1.58833474020457e-61
9606.ENSP00000271308	9606.ENSP00000359910	PSMA5	PSMA7	9606	0.998	0	0	0	0	0.985	0.9	0.338	PSMA5	PSMA7	0.752297093063343	3.27275102155691e-93	3.57049754306698e-92
9606.ENSP00000271308	9606.ENSP00000355325	PSMA5	PSMB5	9606	0.998	0	0	0	0	0.981	0.9	0.051	PSMA5	PSMB5	0.705503314306586	3.06352830102241e-77	2.4290598714664e-76
9606.ENSP00000271308	9606.ENSP00000414359	PSMA5	PSMA1	9606	0.998	0	0	0	0	0.972	0.9	0.604	PSMA5	PSMA1	0.77134098503018	8.85056459016456e-101	1.15546509694475e-99
9606.ENSP00000271308	9606.ENSP00000483688	PSMA5	PSMB3	9606	0.999	0	0	0	0	0.98	0.9	0.671	PSMA5	PSMB3	0.603632040222656	1.88062328202717e-51	8.98893678849412e-51
9606.ENSP00000272238	9606.ENSP00000411672	ATP6V1C2	ATP6V0E2	9606	0.701	0	0	0	0	0.378	0.54	0	ATP6V1C2	ATP6V0E2	0.446227169300781	4.41960668135069e-26	1.26736152067981e-25
9606.ENSP00000272238	9606.ENSP00000290949	ATP6V1C2	ATP6V0D1	9606	0.757	0	0	0	0	0.378	0.54	0.218	ATP6V1C2	ATP6V0D1	0.388443440617354	1.23467590437739e-19	2.98301692691749e-19
9606.ENSP00000272238	9606.ENSP00000434729	ATP6V1C2	ATP6V0B	9606	0.76	0	0	0	0	0.5	0.54	0	ATP6V1C2	ATP6V0B	0.452347781361987	7.70759812465296e-27	2.2665337044615e-26
9606.ENSP00000272238	9606.ENSP00000276390	ATP6V1C2	ATP6V1B2	9606	0.912	0	0	0	0	0.769	0.54	0.238	ATP6V1C2	ATP6V1B2	-0.458586262352943	1.25281554220129e-27	3.75032344890612e-27
9606.ENSP00000272238	9606.ENSP00000302194	ATP6V1C2	ATP6V1G2	9606	0.924	0	0	0	0	0.803	0.54	0.237	ATP6V1C2	ATP6V1G2	0.36724902303895	1.43337489271463e-17	3.27310898950145e-17
9606.ENSP00000272317	9606.ENSP00000359910	RPS27A	PSMA7	9606	0.848	0	0	0	0	0.848	0	0	RPS27A	PSMA7	0.478309973854528	3.11641773617322e-30	9.8855262168368e-30
9606.ENSP00000272317	9606.ENSP00000355325	RPS27A	PSMB5	9606	0.848	0	0	0	0	0.848	0	0	RPS27A	PSMB5	0.505943016661915	3.53303130167669e-34	1.21192161199359e-33
9606.ENSP00000272317	9606.ENSP00000290541	RPS27A	PSMB4	9606	0.862	0	0	0	0	0.862	0	0	RPS27A	PSMB4	0.451297583174466	1.04268584218155e-26	3.0529144130983e-26
9606.ENSP00000272317	9606.ENSP00000483688	RPS27A	PSMB3	9606	0.888	0	0	0	0	0.888	0	0	RPS27A	PSMB3	0.379406387843753	9.78353823620343e-19	2.3147309076431e-18
9606.ENSP00000272317	9606.ENSP00000310572	RPS27A	PSMC5	9606	0.888	0	0	0	0	0.888	0	0	RPS27A	PSMC5	0.373342613764482	3.78576562189491e-18	8.80916871055821e-18
9606.ENSP00000272317	9606.ENSP00000484998	RPS27A	PSMC6	9606	0.888	0	0	0	0	0.888	0	0	RPS27A	PSMC6	0.349417829981756	6.01090332520114e-16	1.30231964748438e-15
9606.ENSP00000272317	9606.ENSP00000396937	RPS27A	PSMD13	9606	0.888	0	0	0	0	0.887	0	0	RPS27A	PSMD13	0.463359534711235	3.04157015342558e-28	9.23564366168719e-28
9606.ENSP00000272317	9606.ENSP00000414359	RPS27A	PSMA1	9606	0.888	0	0	0	0	0.888	0	0	RPS27A	PSMA1	0.372289433912335	4.77492555021206e-18	1.10829339153345e-17
9606.ENSP00000272317	9606.ENSP00000481029	RPS27A	PSMC3	9606	0.892	0	0	0	0	0.892	0	0	RPS27A	PSMC3	0.488228015348119	1.31439705721534e-31	4.29547326580959e-31
9606.ENSP00000272317	9606.ENSP00000359206	RPS27A	BTRC	9606	0.895	0	0	0	0	0.8	0.5	0	RPS27A	BTRC	-0.418128800457686	8.63197219726651e-23	2.27196013494781e-22
9606.ENSP00000272317	9606.ENSP00000433623	RPS27A	TRAF6	9606	0.902	0	0	0	0	0.812	0.5	0	RPS27A	TRAF6	-0.405258910984266	2.2036129559676e-21	5.58296253274205e-21
9606.ENSP00000272317	9606.ENSP00000356426	RPS27A	TAB2	9606	0.943	0	0	0	0	0.943	0	0	RPS27A	TAB2	-0.31549561788477	3.91376563032592e-13	7.76560216980277e-13
9606.ENSP00000272317	9606.ENSP00000392025	RPS27A	CYLD	9606	0.966	0	0	0	0	0.935	0.5	0	RPS27A	CYLD	-0.305156136731686	2.4107921933641e-12	4.64549730753162e-12
9606.ENSP00000272317	9606.ENSP00000357876	RPS27A	PSMD4	9606	0.975	0	0	0	0	0.974	0	0.092	RPS27A	PSMD4	0.504309157623837	6.18839589113591e-34	2.11066276246701e-33
9606.ENSP00000272317	9606.ENSP00000499786	RPS27A	ITCH	9606	0.979	0	0	0	0	0.96	0.5	0	RPS27A	ITCH	-0.369899257006446	8.06109409238385e-18	1.85829624821477e-17
9606.ENSP00000272317	9606.ENSP00000369757	RPS27A	RPS6	9606	0.995	0	0	0	0	0.957	0.9	0	RPS27A	RPS6	0.736390005460173	2.11987628837794e-87	2.07833817191648e-86
9606.ENSP00000272317	9606.ENSP00000388107	RPS27A	UBA52	9606	0.999	0	0	0	0	0.99	0.9	0	RPS27A	UBA52	0.711004392364702	5.95711445836447e-79	4.85605229162183e-78
9606.ENSP00000273317	9606.ENSP00000437550	LIMD1	LATS1	9606	0.865	0	0	0	0	0.457	0	0.763	LIMD1	LATS1	0.347214007114997	9.38524900323037e-16	2.02433582768764e-15
9606.ENSP00000273317	9606.ENSP00000355601	LIMD1	EGLN1	9606	0.876	0	0	0	0	0.359	0.5	0.646	LIMD1	EGLN1	0.322526569427129	1.09111780906231e-13	2.2107487705258e-13
9606.ENSP00000273398	9606.ENSP00000332247	ATP6V1A	ATP6V0A2	9606	0.853	0	0	0	0	0.353	0.718	0.257	ATP6V1A	ATP6V0A2	0.471806870128007	2.35007347904004e-29	7.30630435464024e-29
9606.ENSP00000273398	9606.ENSP00000358777	ATP6V1A	ATP6AP1	9606	0.972	0	0	0	0	0.936	0.54	0.146	ATP6V1A	ATP6AP1	0.358999968319813	8.31200278882898e-17	1.85345800935534e-16
9606.ENSP00000273398	9606.ENSP00000430282	ATP6V1A	ATP6V1C1	9606	0.995	0	0	0	0	0.949	0.72	0.715	ATP6V1A	ATP6V1C1	0.728114674821519	1.53285283267129e-84	1.40389415883159e-83
9606.ENSP00000273398	9606.ENSP00000352522	ATP6V1A	ATP6V1H	9606	0.996	0	0	0	0	0.958	0.909	0.095	ATP6V1A	ATP6V1H	0.449611824536491	1.68988669542478e-26	4.91669411785435e-26
9606.ENSP00000273398	9606.ENSP00000276390	ATP6V1A	ATP6V1B2	9606	0.999	0	0	0	0	0.977	0.956	0.777	ATP6V1A	ATP6V1B2	0.402293738690639	4.5576576777478e-21	1.14442840625178e-20
9606.ENSP00000273550	9606.ENSP00000366525	FTH1	FTL	9606	0.999	0	0	0	0	0.534	0.9	0.982	FTH1	FTL	0.551120733191331	1.84371543130205e-41	7.3036730248576e-41
9606.ENSP00000274137	9606.ENSP00000478766	NDUFS6	NDUFC2-KCTD14	9606	0.798	0	0	0	0	0.244	0.744	0	NDUFS6	NDUFC2-KCTD14	0.66425869295004	1.42811041052353e-65	8.90990014722818e-65
9606.ENSP00000274137	9606.ENSP00000292907	NDUFS6	COX7A1	9606	0.807	0	0	0	0	0.807	0	0	NDUFS6	COX7A1	0.404103329587617	2.92758538710904e-21	7.39137081204735e-21
9606.ENSP00000274137	9606.ENSP00000467262	NDUFS6	UQCR11	9606	0.807	0	0	0	0	0.807	0	0	NDUFS6	UQCR11	0.869831610490241	1.85224376338665e-156	1.18322263551687e-154
9606.ENSP00000274137	9606.ENSP00000425759	NDUFS6	COX7C	9606	0.807	0	0	0	0	0.807	0	0	NDUFS6	COX7C	0.823440729166084	6.95213499307174e-126	1.70975387710968e-124
9606.ENSP00000274137	9606.ENSP00000497474	NDUFS6	COX7B	9606	0.814	0	0	0	0	0.814	0	0	NDUFS6	COX7B	0.78989327504179	6.80029895302276e-109	1.08944221554972e-107
9606.ENSP00000274137	9606.ENSP00000367939	NDUFS6	UQCRQ	9606	0.832	0	0	0	0	0.832	0	0	NDUFS6	UQCRQ	0.894828489060086	2.60131788724429e-178	4.33140750503939e-176
9606.ENSP00000274137	9606.ENSP00000317780	NDUFS6	COX5A	9606	0.838	0	0	0	0	0.838	0	0	NDUFS6	COX5A	0.810532357583584	6.02655988397957e-119	1.23410824075767e-117
9606.ENSP00000274137	9606.ENSP00000466818	NDUFS6	COX6B1	9606	0.843	0	0	0	0	0.842	0	0	NDUFS6	COX6B1	0.831737863227316	1.19200099540168e-130	3.34451771002619e-129
9606.ENSP00000274137	9606.ENSP00000457513	NDUFS6	COX4I1	9606	0.862	0	0	0	0	0.862	0	0	NDUFS6	COX4I1	0.859872384754003	5.51992545006814e-149	2.76186614760306e-147
9606.ENSP00000274137	9606.ENSP00000309565	NDUFS6	UQCRH	9606	0.873	0	0	0	0	0.873	0	0	NDUFS6	UQCRH	0.743491026121246	6.09992960226939e-90	6.30926527191957e-89
9606.ENSP00000274137	9606.ENSP00000332887	NDUFS6	UQCR10	9606	0.884	0	0	0	0	0.884	0	0	NDUFS6	UQCR10	0.752019891430137	4.16827256346057e-93	4.52803683711968e-92
9606.ENSP00000274137	9606.ENSP00000430494	NDUFS6	UQCRB	9606	0.884	0	0	0	0	0.884	0	0	NDUFS6	UQCRB	0.693302715364704	1.39121352221201e-73	1.02917376147905e-72
9606.ENSP00000274137	9606.ENSP00000317159	NDUFS6	CYC1	9606	0.945	0	0	0	0	0.945	0	0	NDUFS6	CYC1	0.767479542985354	3.46648816798108e-99	4.35217803735276e-98
9606.ENSP00000274137	9606.ENSP00000306397	NDUFS6	UQCRFS1	9606	0.946	0	0	0	0	0.946	0	0	NDUFS6	UQCRFS1	0.449322789421799	1.83525113132755e-26	5.33351809467638e-26
9606.ENSP00000274137	9606.ENSP00000483888	NDUFS6	NDUFB1	9606	0.993	0	0	0	0	0.926	0.9	0.234	NDUFS6	NDUFB1	0.827816694712949	2.29307112711762e-128	5.98733250337625e-127
9606.ENSP00000274137	9606.ENSP00000419087	NDUFS6	NDUFB2	9606	0.993	0	0	0	0	0.8	0.967	0	NDUFS6	NDUFB2	0.795289622129915	2.07215994115067e-111	3.56727602072329e-110
9606.ENSP00000274137	9606.ENSP00000441126	NDUFS6	NDUFC1	9606	0.993	0	0	0	0	0.803	0.967	0	NDUFS6	NDUFC1	0.781092426012787	6.03840167918667e-105	8.812075553951e-104
9606.ENSP00000274137	9606.ENSP00000362058	NDUFS6	NDUFS5	9606	0.994	0	0	0	0	0.951	0.9	0	NDUFS6	NDUFS5	0.633543727043512	5.03327701706116e-58	2.73824288496466e-57
9606.ENSP00000274137	9606.ENSP00000418438	NDUFS6	NDUFA3	9606	0.996	0	0	0	0	0.909	0.967	0	NDUFS6	NDUFA3	0.839057011291191	4.47200693517042e-135	1.41502101060829e-133
9606.ENSP00000274137	9606.ENSP00000281031	NDUFS6	NDUFC2	9606	0.996	0	0	0	0	0.925	0.944	0.281	NDUFS6	NDUFC2	0.684678436787778	4.16929348566785e-71	2.93672079985634e-70
9606.ENSP00000274137	9606.ENSP00000458770	NDUFS6	NDUFAB1	9606	0.997	0	0	0	0	0.916	0.967	0	NDUFS6	NDUFAB1	0.796516018061433	5.4203075324822e-112	9.42706568620235e-111
9606.ENSP00000274137	9606.ENSP00000389160	NDUFS6	NDUFA11	9606	0.997	0	0	0	0	0.949	0.944	0	NDUFS6	NDUFA11	0.785141806106076	9.713058571422e-107	1.46156349496197e-105
9606.ENSP00000274137	9606.ENSP00000276062	NDUFS6	NDUFB11	9606	0.997	0	0	0	0	0.93	0.967	0	NDUFS6	NDUFB11	0.868254496257079	3.10263172541015e-155	1.8870317625743e-153
9606.ENSP00000274137	9606.ENSP00000369176	NDUFS6	NDUFB6	9606	0.998	0	0	0	0	0.942	0.967	0.353	NDUFS6	NDUFB6	0.776747208882379	4.60644090600038e-103	6.33978594610377e-102
9606.ENSP00000274137	9606.ENSP00000360492	NDUFS6	NDUFA1	9606	0.998	0	0	0	0	0.931	0.967	0.51	NDUFS6	NDUFA1	0.8196990195914	8.13346654200875e-124	1.85227846787406e-122
9606.ENSP00000274137	9606.ENSP00000417142	NDUFS6	NDUFA5	9606	0.999	0	0	0	0	0.97	0.967	0.055	NDUFS6	NDUFA5	0.454846043610572	3.74019914374248e-27	1.1085264868104e-26
9606.ENSP00000274137	9606.ENSP00000497587	NDUFS6	NDUFV1	9606	0.999	0	0	0	0	0.951	0.967	0.667	NDUFS6	NDUFV1	0.665842981813709	5.50851816084209e-66	3.46439745880329e-65
9606.ENSP00000274137	9606.ENSP00000299166	NDUFS6	NDUFB8	9606	0.999	0	0	0	0	0.973	0.967	0	NDUFS6	NDUFB8	0.820755460639231	2.14410408957495e-124	5.04112621245667e-123
9606.ENSP00000274137	9606.ENSP00000362873	NDUFS6	NDUFA8	9606	0.999	0	0	0	0	0.977	0.967	0.379	NDUFS6	NDUFA8	0.781476222156377	4.09806246140242e-105	6.00635215302516e-104
9606.ENSP00000274137	9606.ENSP00000330737	NDUFS6	NDUFA12	9606	0.999	0	0	0	0	0.972	0.967	0.327	NDUFS6	NDUFA12	0.778994265886216	4.95724282307142e-104	7.04205809145963e-103
9606.ENSP00000274137	9606.ENSP00000482543	NDUFS6	NDUFA6	9606	0.999	0	0	0	0	0.951	0.967	0.514	NDUFS6	NDUFA6	0.633068058358631	6.48707444244563e-58	3.51784383939777e-57
9606.ENSP00000274137	9606.ENSP00000301457	NDUFS6	NDUFA7	9606	0.999	0	0	0	0	0.946	0.967	0.495	NDUFS6	NDUFA7	0.778847791611459	5.7371227966086e-104	8.11587134333615e-103
9606.ENSP00000274137	9606.ENSP00000296684	NDUFS6	NDUFS4	9606	0.999	0	0	0	0	0.974	0.967	0.826	NDUFS6	NDUFS4	0.585389470624081	8.96601840296952e-48	4.01533725392246e-47
9606.ENSP00000274137	9606.ENSP00000327268	NDUFS6	NDUFV2	9606	0.999	0	0	0	0	0.972	0.967	0.809	NDUFS6	NDUFV2	0.757699030772642	2.75215875239591e-95	3.13031091243956e-94
9606.ENSP00000274137	9606.ENSP00000356972	NDUFS6	NDUFS2	9606	0.999	0	0	0	0	0.972	0.967	0.357	NDUFS6	NDUFS2	0.52400118893877	5.86198811753305e-37	2.12037796687262e-36
9606.ENSP00000274137	9606.ENSP00000276689	NDUFS6	NDUFB9	9606	0.999	0	0	0	0	0.975	0.967	0.248	NDUFS6	NDUFB9	0.771420930912967	8.19711160686652e-101	1.07153233707778e-99
9606.ENSP00000274137	9606.ENSP00000315774	NDUFS6	NDUFS8	9606	0.999	0	0	0	0	0.972	0.967	0.416	NDUFS6	NDUFS8	0.844980088070919	8.00038682955807e-139	2.81176225009762e-137
9606.ENSP00000274137	9606.ENSP00000346196	NDUFS6	NDUFV3	9606	0.999	0	0	0	0	0.951	0.967	0.66	NDUFS6	NDUFV3	0.659300557384931	2.71213088627242e-64	1.66649203943551e-63
9606.ENSP00000274137	9606.ENSP00000423673	NDUFS6	NDUFA13	9606	0.999	0	0	0	0	0.975	0.967	0.095	NDUFS6	NDUFA13	0.822603906353368	2.03648523864121e-125	4.93665407371808e-124
9606.ENSP00000274137	9606.ENSP00000407336	NDUFS6	NDUFB3	9606	0.999	0	0	0	0	0.972	0.967	0.264	NDUFS6	NDUFB3	0.713773054324066	7.91604548765213e-80	6.57426606852679e-79
9606.ENSP00000274276	9606.ENSP00000370698	OSMR	IL6ST	9606	0.957	0	0	0	0	0.457	0.8	0.644	OSMR	IL6ST	0.484834881003628	3.92808666943492e-31	1.27224414226564e-30
9606.ENSP00000274276	9606.ENSP00000499900	OSMR	JAK1	9606	0.98	0	0	0	0	0.53	0.9	0.613	OSMR	JAK1	0.573271892406632	1.86222017319074e-45	7.95398246387651e-45
9606.ENSP00000274376	9606.ENSP00000358548	RASA1	NRAS	9606	0.8	0	0	0	0	0.33	0.5	0.451	RASA1	NRAS	0.370093624269259	7.72627976292297e-18	1.78273111204018e-17
9606.ENSP00000274376	9606.ENSP00000275493	RASA1	EGFR	9606	0.815	0	0	0	0	0.457	0	0.673	RASA1	EGFR	0.688259509180732	4.00120845434539e-72	2.87616944591551e-71
9606.ENSP00000274376	9606.ENSP00000407586	RASA1	HRAS	9606	0.999	0	0	0	0	0.96	0.7	0.934	RASA1	HRAS	-0.415503351577394	1.69086381885413e-22	4.41266798769307e-22
9606.ENSP00000274938	9606.ENSP00000351905	SCUBE3	TGFBR2	9606	0.822	0	0	0	0	0.292	0	0.759	SCUBE3	TGFBR2	0.309299625614735	1.17342713448332e-12	2.28893785384043e-12
9606.ENSP00000275364	9606.ENSP00000367872	GNA12	GNB1	9606	0.704	0	0	0	0	0.323	0.54	0.126	GNA12	GNB1	0.555873786136378	2.71316086217525e-42	1.09922516462362e-41
9606.ENSP00000275364	9606.ENSP00000321326	GNA12	F2R	9606	0.746	0	0	0	0	0.292	0	0.657	GNA12	F2R	0.416554761066169	1.29265062462218e-22	3.38213611393288e-22
9606.ENSP00000275364	9606.ENSP00000363553	GNA12	LPAR1	9606	0.865	0	0	0	0	0.043	0	0.865	GNA12	LPAR1	0.376964404514986	1.69293668959834e-18	3.98036063802092e-18
9606.ENSP00000275364	9606.ENSP00000360021	GNA12	GNG12	9606	0.913	0	0	0	0	0.13	0.9	0.082	GNA12	GNG12	0.393089992229036	4.15323290296239e-20	1.01526802876989e-19
9606.ENSP00000275493	9606.ENSP00000381034	EGFR	SOCS6	9606	0.718	0	0	0	0	0.523	0	0.435	EGFR	SOCS6	0.461725396142099	4.95066388968737e-28	1.49520942990052e-27
9606.ENSP00000275493	9606.ENSP00000346300	EGFR	CRKL	9606	0.725	0	0	0	0	0.677	0	0.184	EGFR	CRKL	0.483372374504531	6.27301929556244e-31	2.02334255271603e-30
9606.ENSP00000275493	9606.ENSP00000360916	EGFR	VAV2	9606	0.737	0	0	0	0	0.541	0	0.45	EGFR	VAV2	0.316961944641669	3.00680500629992e-13	5.98825851940947e-13
9606.ENSP00000275493	9606.ENSP00000284981	EGFR	APP	9606	0.741	0	0	0	0	0.523	0	0.481	EGFR	APP	0.321100588319701	1.41760835873733e-13	2.86141655399344e-13
9606.ENSP00000275493	9606.ENSP00000346839	EGFR	FN1	9606	0.802	0	0	0	0	0.292	0	0.733	EGFR	FN1	0.463930243956073	2.56413630190447e-28	7.80693417819055e-28
9606.ENSP00000275493	9606.ENSP00000495360	EGFR	CTNNB1	9606	0.821	0	0	0	0	0.457	0	0.684	EGFR	CTNNB1	0.414109982426814	2.41009828156338e-22	6.25590806180406e-22
9606.ENSP00000275493	9606.ENSP00000499900	EGFR	JAK1	9606	0.832	0	0	0	0	0.385	0.65	0.283	EGFR	JAK1	0.54971925764005	3.2250833076281e-41	1.27311197650908e-40
9606.ENSP00000275493	9606.ENSP00000351209	EGFR	EPHA2	9606	0.839	0	0	0	0	0.4	0	0.742	EGFR	EPHA2	0.514387184060021	1.85715728744152e-35	6.55653339191642e-35
9606.ENSP00000275493	9606.ENSP00000354394	EGFR	STAT1	9606	0.839	0	0	0	0	0.57	0	0.642	EGFR	STAT1	0.412137797630695	3.96893645099818e-22	1.02524129025403e-21
9606.ENSP00000275493	9606.ENSP00000405330	EGFR	ESR1	9606	0.85	0	0	0	0	0.457	0	0.736	EGFR	ESR1	0.385988039797768	2.18056014879359e-19	5.23839863559519e-19
9606.ENSP00000275493	9606.ENSP00000313420	EGFR	PRKDC	9606	0.882	0	0	0	0	0.358	0	0.824	EGFR	PRKDC	0.544632351433901	2.40119092961423e-40	9.30873903514953e-40
9606.ENSP00000275493	9606.ENSP00000300574	EGFR	CRK	9606	0.883	0	0	0	0	0.564	0	0.744	EGFR	CRK	0.344506935165566	1.61457543849162e-15	3.45975584994923e-15
9606.ENSP00000275493	9606.ENSP00000379350	EGFR	ITGB1	9606	0.903	0	0	0	0	0.483	0	0.821	EGFR	ITGB1	0.582332239435123	3.51932783297707e-47	1.5575517559716e-46
9606.ENSP00000275493	9606.ENSP00000428056	EGFR	PIK3R1	9606	0.944	0	0	0	0	0.657	0.4	0.75	EGFR	PIK3R1	0.461579015044362	5.17081754425532e-28	1.5603087877897e-27
9606.ENSP00000275493	9606.ENSP00000384675	EGFR	SOS1	9606	0.948	0	0	0	0	0.734	0.4	0.704	EGFR	SOS1	0.349556663740908	5.84384074747501e-16	1.26693469524234e-15
9606.ENSP00000275493	9606.ENSP00000497069	EGFR	IGF1R	9606	0.974	0	0	0	0	0.457	0	0.955	EGFR	IGF1R	0.646349044842372	4.58263915600614e-61	2.65218609159854e-60
9606.ENSP00000275493	9606.ENSP00000317272	EGFR	MET	9606	0.98	0	0	0	0	0.457	0	0.966	EGFR	MET	0.566137793903614	3.88985847265216e-44	1.62455972478322e-43
9606.ENSP00000275493	9606.ENSP00000360609	EGFR	HSP90AB1	9606	0.989	0	0	0	0	0.564	0	0.978	EGFR	HSP90AB1	0.406486611394059	1.62754222917629e-21	4.13687347891482e-21
9606.ENSP00000275493	9606.ENSP00000489597	EGFR	PTPN11	9606	0.993	0	0	0	0	0.734	0.4	0.965	EGFR	PTPN11	0.395941395381774	2.11001201566444e-20	5.19297117593985e-20
9606.ENSP00000275493	9606.ENSP00000335153	EGFR	HSP90AA1	9606	0.993	0	0	0	0	0.523	0.5	0.975	EGFR	HSP90AA1	0.345393794037789	1.35245146575488e-15	2.90481064446443e-15
9606.ENSP00000275493	9606.ENSP00000339191	EGFR	CAV1	9606	0.996	0	0	0	0	0.523	0.8	0.964	EGFR	CAV1	0.563494082327487	1.17745842519135e-43	4.87146444996682e-43
9606.ENSP00000275493	9606.ENSP00000379097	EGFR	AREG	9606	0.996	0	0	0	0	0.662	0.4	0.982	EGFR	AREG	0.33736398484569	6.58926277376804e-15	1.38594205825558e-14
9606.ENSP00000275493	9606.ENSP00000404131	EGFR	TGFA	9606	0.999	0	0	0	0	0.964	0.4	0.982	EGFR	TGFA	0.391647425612126	5.83566707532851e-20	1.42004960431508e-19
9606.ENSP00000275517	9606.ENSP00000378699	CDCA5	CDK1	9606	0.826	0	0	0	0	0.292	0	0.765	CDCA5	CDK1	0.543450587294754	3.80936272042741e-40	1.46837560346798e-39
9606.ENSP00000276062	9606.ENSP00000467262	NDUFB11	UQCR11	9606	0.807	0	0	0	0	0.807	0	0	NDUFB11	UQCR11	0.857593088501397	2.35226467688117e-147	1.14315561354459e-145
9606.ENSP00000276062	9606.ENSP00000292907	NDUFB11	COX7A1	9606	0.807	0	0	0	0	0.807	0	0	NDUFB11	COX7A1	0.419667991643885	5.80395520409266e-23	1.53357890239254e-22
9606.ENSP00000276062	9606.ENSP00000317780	NDUFB11	COX5A	9606	0.807	0	0	0	0	0.807	0	0	NDUFB11	COX5A	0.75395899838431	7.62453248299224e-94	8.40850992722607e-93
9606.ENSP00000276062	9606.ENSP00000466818	NDUFB11	COX6B1	9606	0.818	0	0	0	0	0.818	0	0	NDUFB11	COX6B1	0.788757633527328	2.25219356560834e-108	3.55762520153715e-107
9606.ENSP00000276062	9606.ENSP00000478766	NDUFB11	NDUFC2-KCTD14	9606	0.821	0	0	0	0	0.33	0.744	0	NDUFB11	NDUFC2-KCTD14	0.739253428448435	2.04963744766376e-88	2.0571311814151e-87
9606.ENSP00000276062	9606.ENSP00000306397	NDUFB11	UQCRFS1	9606	0.83	0	0	0	0	0.83	0	0	NDUFB11	UQCRFS1	0.435215229597494	9.37202146962435e-25	2.60370957513607e-24
9606.ENSP00000276062	9606.ENSP00000317159	NDUFB11	CYC1	9606	0.83	0	0	0	0	0.83	0	0	NDUFB11	CYC1	0.805926990214549	1.34125750060214e-116	2.58995293414751e-115
9606.ENSP00000276062	9606.ENSP00000367939	NDUFB11	UQCRQ	9606	0.83	0	0	0	0	0.83	0	0	NDUFB11	UQCRQ	0.835831502404899	4.24419809704124e-133	1.26789176681317e-131
9606.ENSP00000276062	9606.ENSP00000332887	NDUFB11	UQCR10	9606	0.83	0	0	0	0	0.83	0	0	NDUFB11	UQCR10	0.717217808737395	6.21236591434028e-81	5.32481017653622e-80
9606.ENSP00000276062	9606.ENSP00000425759	NDUFB11	COX7C	9606	0.836	0	0	0	0	0.807	0	0.187	NDUFB11	COX7C	0.793690704474174	1.17428391061805e-110	1.97470226492508e-109
9606.ENSP00000276062	9606.ENSP00000430494	NDUFB11	UQCRB	9606	0.844	0	0	0	0	0.843	0	0	NDUFB11	UQCRB	0.667016453198115	2.70985790684899e-66	1.71169320645928e-65
9606.ENSP00000276062	9606.ENSP00000497474	NDUFB11	COX7B	9606	0.848	0	0	0	0	0.814	0	0.218	NDUFB11	COX7B	0.757733972154979	2.66730547944996e-95	3.03719974829296e-94
9606.ENSP00000276062	9606.ENSP00000457513	NDUFB11	COX4I1	9606	0.852	0	0	0	0	0.852	0	0	NDUFB11	COX4I1	0.859196758185135	1.69025421851387e-148	8.41564318502224e-147
9606.ENSP00000276062	9606.ENSP00000309565	NDUFB11	UQCRH	9606	0.893	0	0	0	0	0.832	0	0.392	NDUFB11	UQCRH	0.754241511107632	5.94504628485085e-94	6.57775981647386e-93
9606.ENSP00000276062	9606.ENSP00000419087	NDUFB11	NDUFB2	9606	0.993	0	0	0	0	0.8	0.967	0.144	NDUFB11	NDUFB2	0.812907253458265	3.50140221103406e-120	7.44011344298597e-119
9606.ENSP00000276062	9606.ENSP00000441126	NDUFB11	NDUFC1	9606	0.993	0	0	0	0	0.803	0.967	0	NDUFB11	NDUFC1	0.773718303507369	8.92487630718909e-102	1.19433423784084e-100
9606.ENSP00000276062	9606.ENSP00000362058	NDUFB11	NDUFS5	9606	0.994	0	0	0	0	0.951	0.9	0	NDUFB11	NDUFS5	0.572540825511122	2.55138243449446e-45	1.08746921473606e-44
9606.ENSP00000276062	9606.ENSP00000362873	NDUFB11	NDUFA8	9606	0.995	0	0	0	0	0.861	0.967	0	NDUFB11	NDUFA8	0.807895727460945	1.35454892835497e-117	2.67668355356059e-116
9606.ENSP00000276062	9606.ENSP00000389160	NDUFB11	NDUFA11	9606	0.997	0	0	0	0	0.949	0.944	0.242	NDUFB11	NDUFA11	0.779742011468227	2.34719893877049e-104	3.36730220636891e-103
9606.ENSP00000276062	9606.ENSP00000458770	NDUFB11	NDUFAB1	9606	0.997	0	0	0	0	0.917	0.967	0	NDUFB11	NDUFAB1	0.738586094634308	3.54270177552525e-88	3.53817324818191e-87
9606.ENSP00000276062	9606.ENSP00000418438	NDUFB11	NDUFA3	9606	0.998	0	0	0	0	0.94	0.967	0.101	NDUFB11	NDUFA3	0.810435639837275	6.76126709450944e-119	1.37899979676571e-117
9606.ENSP00000276062	9606.ENSP00000299166	NDUFB11	NDUFB8	9606	0.998	0	0	0	0	0.937	0.967	0.462	NDUFB11	NDUFB8	0.82087584534851	1.84086255837433e-124	4.33819976923622e-123
9606.ENSP00000276062	9606.ENSP00000417142	NDUFB11	NDUFA5	9606	0.998	0	0	0	0	0.941	0.967	0.313	NDUFB11	NDUFA5	0.552210811143226	1.19126967586745e-41	4.74127198189095e-41
9606.ENSP00000276062	9606.ENSP00000296684	NDUFB11	NDUFS4	9606	0.998	0	0	0	0	0.943	0.967	0.075	NDUFB11	NDUFS4	0.570086170107694	7.30154774544424e-45	3.082369927285e-44
9606.ENSP00000276062	9606.ENSP00000327268	NDUFB11	NDUFV2	9606	0.998	0	0	0	0	0.949	0.967	0.154	NDUFB11	NDUFV2	0.73924578793283	2.06253911916938e-88	2.06803650872689e-87
9606.ENSP00000276062	9606.ENSP00000497587	NDUFB11	NDUFV1	9606	0.998	0	0	0	0	0.949	0.967	0.137	NDUFB11	NDUFV1	0.688672190200386	3.04748333437259e-72	2.19526866859733e-71
9606.ENSP00000276062	9606.ENSP00000483888	NDUFB11	NDUFB1	9606	0.998	0	0	0	0	0.947	0.9	0.75	NDUFB11	NDUFB1	0.786955869499993	1.4831603653056e-107	2.29641155951357e-106
9606.ENSP00000276062	9606.ENSP00000330737	NDUFB11	NDUFA12	9606	0.998	0	0	0	0	0.951	0.967	0	NDUFB11	NDUFA12	0.770663494920921	1.6932034192752e-100	2.19081109930933e-99
9606.ENSP00000276062	9606.ENSP00000482543	NDUFB11	NDUFA6	9606	0.998	0	0	0	0	0.951	0.967	0.356	NDUFB11	NDUFA6	0.610422967762615	6.97426269574421e-53	3.43039158356775e-52
9606.ENSP00000276062	9606.ENSP00000360492	NDUFB11	NDUFA1	9606	0.998	0	0	0	0	0.926	0.967	0.335	NDUFB11	NDUFA1	0.797924947774281	1.14810018581334e-112	2.03868069708148e-111
9606.ENSP00000276062	9606.ENSP00000407336	NDUFB11	NDUFB3	9606	0.998	0	0	0	0	0.939	0.967	0.253	NDUFB11	NDUFB3	0.647267397547208	2.73786973325179e-61	1.58996814640586e-60
9606.ENSP00000276062	9606.ENSP00000346196	NDUFB11	NDUFV3	9606	0.998	0	0	0	0	0.943	0.967	0	NDUFB11	NDUFV3	0.704512469880528	6.16917888838858e-77	4.86115981143233e-76
9606.ENSP00000276062	9606.ENSP00000423673	NDUFB11	NDUFA13	9606	0.998	0	0	0	0	0.921	0.967	0.499	NDUFB11	NDUFA13	0.820546091876268	2.79449094331085e-124	6.51001020899273e-123
9606.ENSP00000276062	9606.ENSP00000315774	NDUFB11	NDUFS8	9606	0.998	0	0	0	0	0.951	0.967	0.044	NDUFB11	NDUFS8	0.772995249835542	1.79857721610398e-101	2.39111895078117e-100
9606.ENSP00000276062	9606.ENSP00000281031	NDUFB11	NDUFC2	9606	0.998	0	0	0	0	0.971	0.944	0	NDUFB11	NDUFC2	0.770844071984838	1.42465616449097e-100	1.85041338398143e-99
9606.ENSP00000276062	9606.ENSP00000356972	NDUFB11	NDUFS2	9606	0.999	0	0	0	0	0.972	0.967	0	NDUFB11	NDUFS2	0.498841343761705	3.9513066062014e-33	1.32936141766107e-32
9606.ENSP00000276062	9606.ENSP00000369176	NDUFB11	NDUFB6	9606	0.999	0	0	0	0	0.974	0.967	0.697	NDUFB11	NDUFB6	0.758281573498965	1.63162157562147e-95	1.87470365877684e-94
9606.ENSP00000276062	9606.ENSP00000301457	NDUFB11	NDUFA7	9606	0.999	0	0	0	0	0.938	0.967	0.543	NDUFB11	NDUFA7	0.794563120908364	4.56618623437408e-111	7.78167006418414e-110
9606.ENSP00000276062	9606.ENSP00000276689	NDUFB11	NDUFB9	9606	0.999	0	0	0	0	0.974	0.967	0.37	NDUFB11	NDUFB9	0.729820000633604	4.02700248834306e-85	3.74562859652934e-84
9606.ENSP00000276390	9606.ENSP00000411672	ATP6V1B2	ATP6V0E2	9606	0.818	0	0	0	0	0.378	0.72	0	ATP6V1B2	ATP6V0E2	-0.338630167364562	5.1489090166228e-15	1.08681356778549e-14
9606.ENSP00000276390	9606.ENSP00000302194	ATP6V1B2	ATP6V1G2	9606	0.938	0	0	0	0	0.789	0.72	0	ATP6V1B2	ATP6V1G2	-0.450714015500929	1.23276476945656e-26	3.60114804813639e-26
9606.ENSP00000276390	9606.ENSP00000332247	ATP6V1B2	ATP6V0A2	9606	0.938	0	0	0	0	0.699	0.718	0.334	ATP6V1B2	ATP6V0A2	0.366979927806445	1.51918699151619e-17	3.4675016343438e-17
9606.ENSP00000276390	9606.ENSP00000285393	ATP6V1B2	ATP6V0D2	9606	0.984	0	0	0	0	0.625	0.956	0.11	ATP6V1B2	ATP6V0D2	0.355735634515218	1.64325841836752e-16	3.6228729662164e-16
9606.ENSP00000276431	9606.ENSP00000312455	TNFRSF10B	CFLAR	9606	0.907	0	0	0	0	0.577	0.5	0.596	TNFRSF10B	CFLAR	0.429299700156351	4.61956325870517e-24	1.26131462415775e-23
9606.ENSP00000276431	9606.ENSP00000498466	TNFRSF10B	FAS	9606	0.963	0	0	0	0	0.448	0.5	0.879	TNFRSF10B	FAS	0.705030440932292	4.28020471164275e-77	3.38056292816138e-76
9606.ENSP00000276689	9606.ENSP00000467262	NDUFB9	UQCR11	9606	0.807	0	0	0	0	0.807	0	0	NDUFB9	UQCR11	0.754348571503113	5.40962808460098e-94	5.9918857639359e-93
9606.ENSP00000276689	9606.ENSP00000292907	NDUFB9	COX7A1	9606	0.807	0	0	0	0	0.807	0	0	NDUFB9	COX7A1	0.331335524856833	2.09963629543361e-14	4.35135806013449e-14
9606.ENSP00000276689	9606.ENSP00000478766	NDUFB9	NDUFC2-KCTD14	9606	0.819	0	0	0	0	0.324	0.744	0	NDUFB9	NDUFC2-KCTD14	0.664433306684706	1.28613607726239e-65	8.02906216149603e-65
9606.ENSP00000276689	9606.ENSP00000457513	NDUFB9	COX4I1	9606	0.856	0	0	0	0	0.855	0	0	NDUFB9	COX4I1	0.769801700666961	3.85204992859155e-100	4.94630481981092e-99
9606.ENSP00000276689	9606.ENSP00000367939	NDUFB9	UQCRQ	9606	0.859	0	0	0	0	0.859	0	0	NDUFB9	UQCRQ	0.752475992940909	2.7992803065088e-93	3.06052638032399e-92
9606.ENSP00000276689	9606.ENSP00000317780	NDUFB9	COX5A	9606	0.866	0	0	0	0	0.859	0	0.085	NDUFB9	COX5A	0.785328439676266	8.01224254548944e-107	1.21101707640679e-105
9606.ENSP00000276689	9606.ENSP00000497474	NDUFB9	COX7B	9606	0.873	0	0	0	0	0.828	0	0.291	NDUFB9	COX7B	0.741321771928746	3.71891825628503e-89	3.77730527290871e-88
9606.ENSP00000276689	9606.ENSP00000425759	NDUFB9	COX7C	9606	0.896	0	0	0	0	0.831	0	0.408	NDUFB9	COX7C	0.842605844435375	2.6537395149849e-137	8.92517624294755e-136
9606.ENSP00000276689	9606.ENSP00000430494	NDUFB9	UQCRB	9606	0.896	0	0	0	0	0.896	0	0	NDUFB9	UQCRB	0.758413978043767	1.44851480315e-95	1.66620213540142e-94
9606.ENSP00000276689	9606.ENSP00000332887	NDUFB9	UQCR10	9606	0.896	0	0	0	0	0.896	0	0	NDUFB9	UQCR10	0.68548609519337	2.4647926887173e-71	1.74337739131627e-70
9606.ENSP00000276689	9606.ENSP00000317159	NDUFB9	CYC1	9606	0.903	0	0	0	0	0.903	0	0	NDUFB9	CYC1	0.737531889834946	8.38083813472975e-88	8.30479735945855e-87
9606.ENSP00000276689	9606.ENSP00000309565	NDUFB9	UQCRH	9606	0.912	0	0	0	0	0.871	0	0.348	NDUFB9	UQCRH	0.712476961981912	2.04235777053673e-79	1.67969456480499e-78
9606.ENSP00000276689	9606.ENSP00000466818	NDUFB9	COX6B1	9606	0.932	0	0	0	0	0.881	0	0.449	NDUFB9	COX6B1	0.790529580908401	3.46508787485563e-109	5.59537321858644e-108
9606.ENSP00000276689	9606.ENSP00000306397	NDUFB9	UQCRFS1	9606	0.966	0	0	0	0	0.903	0	0.67	NDUFB9	UQCRFS1	0.509250428148405	1.12545324645973e-34	3.90011212019497e-34
9606.ENSP00000276689	9606.ENSP00000483888	NDUFB9	NDUFB1	9606	0.989	0	0	0	0	0.878	0.9	0.188	NDUFB9	NDUFB1	0.67753995896484	4.03566958011055e-69	2.72904766479247e-68
9606.ENSP00000276689	9606.ENSP00000441126	NDUFB9	NDUFC1	9606	0.993	0	0	0	0	0.803	0.967	0	NDUFB9	NDUFC1	0.679102910291029	1.49948942746872e-69	1.02011481010046e-68
9606.ENSP00000276689	9606.ENSP00000362058	NDUFB9	NDUFS5	9606	0.994	0	0	0	0	0.951	0.9	0	NDUFB9	NDUFS5	0.601227048170656	5.92674421848753e-51	2.79730209234098e-50
9606.ENSP00000276689	9606.ENSP00000281031	NDUFB9	NDUFC2	9606	0.995	0	0	0	0	0.916	0.944	0	NDUFB9	NDUFC2	0.672869647213168	7.49870333610773e-68	4.92654138323714e-67
9606.ENSP00000276689	9606.ENSP00000418438	NDUFB9	NDUFA3	9606	0.995	0	0	0	0	0.861	0.967	0	NDUFB9	NDUFA3	0.743148227866265	8.12675104269789e-90	8.38004165895253e-89
9606.ENSP00000276689	9606.ENSP00000389160	NDUFB9	NDUFA11	9606	0.996	0	0	0	0	0.844	0.944	0.645	NDUFB9	NDUFA11	0.666915915194004	2.88003170198757e-66	1.8169243476452e-65
9606.ENSP00000276689	9606.ENSP00000360492	NDUFB9	NDUFA1	9606	0.997	0	0	0	0	0.907	0.967	0.203	NDUFB9	NDUFA1	0.715417908250452	2.35942915133716e-80	1.9904254061571e-79
9606.ENSP00000276689	9606.ENSP00000346196	NDUFB9	NDUFV3	9606	0.997	0	0	0	0	0.918	0.967	0	NDUFB9	NDUFV3	0.597900535395154	2.85373201138773e-50	1.33388661020088e-49
9606.ENSP00000276689	9606.ENSP00000369176	NDUFB9	NDUFB6	9606	0.997	0	0	0	0	0.935	0.967	0.078	NDUFB9	NDUFB6	0.692018456504035	3.29407264722146e-73	2.41747802585465e-72
9606.ENSP00000276689	9606.ENSP00000419087	NDUFB9	NDUFB2	9606	0.997	0	0	0	0	0.8	0.967	0.635	NDUFB9	NDUFB2	0.719126539983191	1.49176611615765e-81	1.29282153940386e-80
9606.ENSP00000276689	9606.ENSP00000296684	NDUFB9	NDUFS4	9606	0.998	0	0	0	0	0.947	0.967	0	NDUFB9	NDUFS4	0.696616742419583	1.47313158500071e-74	1.10588303834828e-73
9606.ENSP00000276689	9606.ENSP00000301457	NDUFB9	NDUFA7	9606	0.998	0	0	0	0	0.926	0.967	0.569	NDUFB9	NDUFA7	0.757170717071707	4.41605884766928e-95	4.97823637245026e-94
9606.ENSP00000276689	9606.ENSP00000330737	NDUFB9	NDUFA12	9606	0.998	0	0	0	0	0.951	0.967	0	NDUFB9	NDUFA12	0.686860922117056	1.00340221762407e-71	7.1419455672093e-71
9606.ENSP00000276689	9606.ENSP00000497587	NDUFB9	NDUFV1	9606	0.998	0	0	0	0	0.954	0.967	0	NDUFB9	NDUFV1	0.691577076962354	4.42521316595263e-73	3.23591721573657e-72
9606.ENSP00000276689	9606.ENSP00000417142	NDUFB9	NDUFA5	9606	0.998	0	0	0	0	0.963	0.967	0.062	NDUFB9	NDUFA5	0.427333292335445	7.79613722480897e-24	2.11668981000761e-23
9606.ENSP00000276689	9606.ENSP00000407336	NDUFB9	NDUFB3	9606	0.999	0	0	0	0	0.984	0.967	0.653	NDUFB9	NDUFB3	0.635306729430707	1.95762275918245e-58	1.07362712554083e-57
9606.ENSP00000276689	9606.ENSP00000423673	NDUFB9	NDUFA13	9606	0.999	0	0	0	0	0.968	0.967	0.461	NDUFB9	NDUFA13	0.759964909534432	3.57169247270092e-96	4.14602062231123e-95
9606.ENSP00000276689	9606.ENSP00000315774	NDUFB9	NDUFS8	9606	0.999	0	0	0	0	0.954	0.967	0.429	NDUFB9	NDUFS8	0.791007113133673	2.08590255671246e-109	3.40619168304315e-108
9606.ENSP00000276689	9606.ENSP00000356972	NDUFB9	NDUFS2	9606	0.999	0	0	0	0	0.947	0.967	0.503	NDUFB9	NDUFS2	0.512393102664304	3.75135170054152e-35	1.31705769866575e-34
9606.ENSP00000276689	9606.ENSP00000327268	NDUFB9	NDUFV2	9606	0.999	0	0	0	0	0.971	0.967	0.668	NDUFB9	NDUFV2	0.68326540728607	1.04152671014517e-70	7.28065161386404e-70
9606.ENSP00000276689	9606.ENSP00000482543	NDUFB9	NDUFA6	9606	0.999	0	0	0	0	0.951	0.967	0.454	NDUFB9	NDUFA6	0.566510781512934	3.32445667737094e-44	1.39071278715225e-43
9606.ENSP00000276689	9606.ENSP00000362873	NDUFB9	NDUFA8	9606	0.999	0	0	0	0	0.978	0.967	0	NDUFB9	NDUFA8	0.696124860933298	2.05977714695834e-74	1.54058589702915e-73
9606.ENSP00000276689	9606.ENSP00000458770	NDUFB9	NDUFAB1	9606	0.999	0	0	0	0	0.951	0.967	0.568	NDUFB9	NDUFAB1	0.751527357704714	6.40109641338631e-93	6.93873386027372e-92
9606.ENSP00000276689	9606.ENSP00000299166	NDUFB9	NDUFB8	9606	0.999	0	0	0	0	0.988	0.967	0.871	NDUFB9	NDUFB8	0.764170454312512	7.59516531880279e-98	9.30568083752472e-97
9606.ENSP00000276925	9606.ENSP00000418915	CDKN2B	CDKN2A	9606	0.941	0	0	0	0	0.44	0.9	0	CDKN2B	CDKN2A	0.657277404759109	8.87282206274008e-64	5.41919745587799e-63
9606.ENSP00000277746	9606.ENSP00000355231	NRBF2	BECN1	9606	0.999	0	0	0	0	0.734	0.8	0.986	NRBF2	BECN1	0.37228412282222	4.7805081157002e-18	1.10933563927729e-17
9606.ENSP00000278568	9606.ENSP00000358866	PAK1	FLNA	9606	0.919	0	0	0	0	0.23	0.9	0	PAK1	FLNA	-0.374383121541968	3.0073982023131e-18	7.02210196342395e-18
9606.ENSP00000278616	9606.ENSP00000325863	ATM	MRE11	9606	0.811	0	0	0	0	0.547	0.5	0.234	ATM	MRE11	0.608303097390484	1.96722548680598e-52	9.59246724411346e-52
9606.ENSP00000278616	9606.ENSP00000362649	ATM	HDAC1	9606	0.886	0	0	0	0	0.292	0	0.846	ATM	HDAC1	-0.32965367965368	2.88796783231976e-14	5.95595721276585e-14
9606.ENSP00000278616	9606.ENSP00000369497	ATM	BRCA2	9606	0.924	0	0	0	0	0.292	0.8	0.512	ATM	BRCA2	0.499951547949826	2.71914374324764e-33	9.17248189975632e-33
9606.ENSP00000278616	9606.ENSP00000347232	ATM	BLM	9606	0.928	0	0	0	0	0.457	0.8	0.398	ATM	BLM	0.326070836897354	5.6583816353543e-14	1.15871335222366e-13
9606.ENSP00000278616	9606.ENSP00000313420	ATM	PRKDC	9606	0.938	0	0	0	0	0.413	0.9	0	ATM	PRKDC	0.596008016950763	6.92159915064163e-50	3.20870299283738e-49
9606.ENSP00000278616	9606.ENSP00000343741	ATM	ATR	9606	0.939	0	0	0	0	0.292	0.9	0.214	ATM	ATR	0.624141233999176	6.99699662804984e-56	3.65390718514664e-55
9606.ENSP00000278671	9606.ENSP00000482753	LAMTOR1	C9orf72	9606	0.736	0	0	0	0	0.096	0.72	0	LAMTOR1	C9orf72	-0.488705547573391	1.12560388454305e-31	3.68204787610426e-31
9606.ENSP00000278671	9606.ENSP00000483814	LAMTOR1	NPRL3	9606	0.8	0	0	0	0	0.8	0	0	LAMTOR1	NPRL3	0.559019535493922	7.50368639739616e-43	3.07690523772115e-42
9606.ENSP00000278671	9606.ENSP00000358423	LAMTOR1	RRAGD	9606	0.867	0	0	0	0	0.734	0.5	0.084	LAMTOR1	RRAGD	0.36170154282509	4.70047822334316e-17	1.05719126028557e-16
9606.ENSP00000278671	9606.ENSP00000457870	LAMTOR1	MLST8	9606	0.895	0	0	0	0	0.8	0.5	0	LAMTOR1	MLST8	0.622596265837764	1.54909044958491e-55	8.01533963139784e-55
9606.ENSP00000278671	9606.ENSP00000380074	LAMTOR1	SLC38A9	9606	0.975	0	0	0	0	0.944	0.5	0.192	LAMTOR1	SLC38A9	-0.400341214245648	7.32554677998903e-21	1.82814689543854e-20
9606.ENSP00000278671	9606.ENSP00000369899	LAMTOR1	RRAGA	9606	0.99	0	0	0	0	0.972	0.5	0.359	LAMTOR1	RRAGA	0.376861164377307	1.73246532476425e-18	4.07235600639447e-18
9606.ENSP00000278671	9606.ENSP00000357288	LAMTOR1	LAMTOR2	9606	0.999	0	0	0	0	0.972	0.9	0.982	LAMTOR1	LAMTOR2	0.456053617784139	2.63132208401383e-27	7.81929151765024e-27
9606.ENSP00000278671	9606.ENSP00000424183	LAMTOR1	LAMTOR3	9606	0.999	0	0	0	0	0.972	0.9	0.982	LAMTOR1	LAMTOR3	0.305875183791671	2.12935345631038e-12	4.11253908646978e-12
9606.ENSP00000278671	9606.ENSP00000343118	LAMTOR1	LAMTOR4	9606	0.999	0	0	0	0	0.972	0.9	0.982	LAMTOR1	LAMTOR4	0.645701091848315	6.58397476583926e-61	3.79101086715586e-60
9606.ENSP00000279022	9606.ENSP00000463559	MYL9	MYL12B	9606	0.959	0	0	0	0	0.616	0.9	0	MYL9	MYL12B	0.446805891769301	3.75253291539333e-26	1.07911882281002e-25
9606.ENSP00000279804	9606.ENSP00000398368	CTF1	LIFR	9606	0.961	0	0	0	0	0.608	0.5	0.821	CTF1	LIFR	-0.503477273193158	8.22275446179491e-34	2.79606685866926e-33
9606.ENSP00000281031	9606.ENSP00000292907	NDUFC2	COX7A1	9606	0.803	0	0	0	0	0.803	0	0	NDUFC2	COX7A1	0.427136968355221	8.21275678176687e-24	2.22623353702712e-23
9606.ENSP00000281031	9606.ENSP00000467262	NDUFC2	UQCR11	9606	0.803	0	0	0	0	0.803	0	0	NDUFC2	UQCR11	0.731310646592609	1.24135541943477e-85	1.17616110029841e-84
9606.ENSP00000281031	9606.ENSP00000425759	NDUFC2	COX7C	9606	0.803	0	0	0	0	0.803	0	0	NDUFC2	COX7C	0.70062167707454	9.37187979506357e-76	7.20046770638885e-75
9606.ENSP00000281031	9606.ENSP00000497474	NDUFC2	COX7B	9606	0.807	0	0	0	0	0.807	0	0	NDUFC2	COX7B	0.697725455775391	6.90265545090323e-75	5.22042229447685e-74
9606.ENSP00000281031	9606.ENSP00000430494	NDUFC2	UQCRB	9606	0.81	0	0	0	0	0.81	0	0	NDUFC2	UQCRB	0.6483279383839	1.50699378309677e-61	8.82221086738552e-61
9606.ENSP00000281031	9606.ENSP00000457513	NDUFC2	COX4I1	9606	0.813	0	0	0	0	0.813	0	0	NDUFC2	COX4I1	0.730599705933326	2.17809877024416e-85	2.04842122308981e-84
9606.ENSP00000281031	9606.ENSP00000317780	NDUFC2	COX5A	9606	0.818	0	0	0	0	0.818	0	0	NDUFC2	COX5A	0.574665354734231	1.01961122665829e-45	4.38821662252894e-45
9606.ENSP00000281031	9606.ENSP00000367939	NDUFC2	UQCRQ	9606	0.823	0	0	0	0	0.823	0	0	NDUFC2	UQCRQ	0.727026087701938	3.57904456466074e-84	3.26322761609149e-83
9606.ENSP00000281031	9606.ENSP00000332887	NDUFC2	UQCR10	9606	0.828	0	0	0	0	0.828	0	0	NDUFC2	UQCR10	0.64729050544806	2.70255121761337e-61	1.5710133059152e-60
9606.ENSP00000281031	9606.ENSP00000309565	NDUFC2	UQCRH	9606	0.828	0	0	0	0	0.828	0	0	NDUFC2	UQCRH	0.623148526032727	1.1665867224279e-55	6.04850502281787e-55
9606.ENSP00000281031	9606.ENSP00000306397	NDUFC2	UQCRFS1	9606	0.828	0	0	0	0	0.828	0	0	NDUFC2	UQCRFS1	0.336212037352804	8.2388613081913e-15	1.72896930386981e-14
9606.ENSP00000281031	9606.ENSP00000317159	NDUFC2	CYC1	9606	0.842	0	0	0	0	0.842	0	0	NDUFC2	CYC1	0.68793394867437	4.95835791140282e-72	3.55162491580525e-71
9606.ENSP00000281031	9606.ENSP00000466818	NDUFC2	COX6B1	9606	0.854	0	0	0	0	0.853	0	0	NDUFC2	COX6B1	0.670761330791464	2.75599280210147e-67	1.78183442972276e-66
9606.ENSP00000281031	9606.ENSP00000419087	NDUFC2	NDUFB2	9606	0.99	0	0	0	0	0.8	0.944	0.192	NDUFC2	NDUFB2	0.774444432020842	4.40393487364062e-102	5.94034083818961e-101
9606.ENSP00000281031	9606.ENSP00000458770	NDUFC2	NDUFAB1	9606	0.992	0	0	0	0	0.871	0.944	0	NDUFC2	NDUFAB1	0.672125069649822	1.18894136487068e-67	7.75599065060466e-67
9606.ENSP00000281031	9606.ENSP00000389160	NDUFC2	NDUFA11	9606	0.992	0	0	0	0	0.832	0.933	0.402	NDUFC2	NDUFA11	0.640750783152849	1.01928411402952e-59	5.70091891310454e-59
9606.ENSP00000281031	9606.ENSP00000417142	NDUFC2	NDUFA5	9606	0.992	0	0	0	0	0.865	0.944	0	NDUFC2	NDUFA5	0.673764146600995	4.30259172714396e-68	2.83591331425057e-67
9606.ENSP00000281031	9606.ENSP00000315774	NDUFC2	NDUFS8	9606	0.993	0	0	0	0	0.859	0.944	0.179	NDUFC2	NDUFS8	0.629765864785236	3.73064279270996e-57	1.99853052982885e-56
9606.ENSP00000281031	9606.ENSP00000360492	NDUFC2	NDUFA1	9606	0.994	0	0	0	0	0.902	0.944	0	NDUFC2	NDUFA1	0.707608462709625	6.85642518802976e-78	5.47920618684644e-77
9606.ENSP00000281031	9606.ENSP00000356972	NDUFC2	NDUFS2	9606	0.994	0	0	0	0	0.865	0.944	0.284	NDUFC2	NDUFS2	0.44506133843198	6.13929569732471e-26	1.75653032106274e-25
9606.ENSP00000281031	9606.ENSP00000418438	NDUFC2	NDUFA3	9606	0.994	0	0	0	0	0.912	0.944	0	NDUFC2	NDUFA3	0.696738245253097	1.35592490554956e-74	1.01864861432447e-73
9606.ENSP00000281031	9606.ENSP00000346196	NDUFC2	NDUFV3	9606	0.995	0	0	0	0	0.913	0.944	0	NDUFC2	NDUFV3	0.603487149957232	2.01583619803497e-51	9.62163922154192e-51
9606.ENSP00000281031	9606.ENSP00000301457	NDUFC2	NDUFA7	9606	0.995	0	0	0	0	0.904	0.944	0.145	NDUFC2	NDUFA7	0.722207065427039	1.45493504506881e-82	1.28614231964873e-81
9606.ENSP00000281031	9606.ENSP00000330737	NDUFC2	NDUFA12	9606	0.995	0	0	0	0	0.92	0.944	0.144	NDUFC2	NDUFA12	0.748760652462762	6.99294884113564e-92	7.48444482396361e-91
9606.ENSP00000281031	9606.ENSP00000362058	NDUFC2	NDUFS5	9606	0.995	0	0	0	0	0.958	0.9	0.103	NDUFC2	NDUFS5	0.54908695838528	4.14696477605748e-41	1.63321912487072e-40
9606.ENSP00000281031	9606.ENSP00000327268	NDUFC2	NDUFV2	9606	0.995	0	0	0	0	0.924	0.944	0.052	NDUFC2	NDUFV2	0.67679836306612	6.44167994398136e-69	4.33012198484571e-68
9606.ENSP00000281031	9606.ENSP00000296684	NDUFC2	NDUFS4	9606	0.995	0	0	0	0	0.912	0.944	0.181	NDUFC2	NDUFS4	0.603754661180404	1.77325344358506e-51	8.4837189008448e-51
9606.ENSP00000281031	9606.ENSP00000407336	NDUFC2	NDUFB3	9606	0.996	0	0	0	0	0.907	0.944	0.347	NDUFC2	NDUFB3	0.681036706155087	4.36751071053034e-70	3.01979620741025e-69
9606.ENSP00000281031	9606.ENSP00000483888	NDUFC2	NDUFB1	9606	0.996	0	0	0	0	0.969	0.9	0	NDUFC2	NDUFB1	0.728512447518044	1.12328041933021e-84	1.03250309675447e-83
9606.ENSP00000281031	9606.ENSP00000369176	NDUFC2	NDUFB6	9606	0.996	0	0	0	0	0.931	0.944	0.161	NDUFC2	NDUFB6	0.810814311244789	4.30789155454454e-119	8.83944535747655e-118
9606.ENSP00000281031	9606.ENSP00000299166	NDUFC2	NDUFB8	9606	0.996	0	0	0	0	0.907	0.944	0.286	NDUFC2	NDUFB8	0.789296942116572	1.27651329431014e-108	2.02903685920315e-107
9606.ENSP00000281031	9606.ENSP00000423673	NDUFC2	NDUFA13	9606	0.997	0	0	0	0	0.948	0.944	0.23	NDUFC2	NDUFA13	0.786280429285164	2.99231645626707e-107	4.584156598236e-106
9606.ENSP00000281031	9606.ENSP00000441126	NDUFC2	NDUFC1	9606	0.997	0	0	0	0	0.903	0.944	0.614	NDUFC2	NDUFC1	0.765921716395242	1.4920854924862e-98	1.84818443258322e-97
9606.ENSP00000281031	9606.ENSP00000482543	NDUFC2	NDUFA6	9606	0.997	0	0	0	0	0.949	0.944	0.259	NDUFC2	NDUFA6	0.568874682499306	1.22286207799902e-44	5.14310978312053e-44
9606.ENSP00000281031	9606.ENSP00000497587	NDUFC2	NDUFV1	9606	0.997	0	0	0	0	0.925	0.944	0.379	NDUFC2	NDUFV1	0.542955630966823	4.61912984516032e-40	1.77445165799143e-39
9606.ENSP00000281031	9606.ENSP00000362873	NDUFC2	NDUFA8	9606	0.998	0	0	0	0	0.972	0.944	0.277	NDUFC2	NDUFA8	0.737142130362105	1.15103367139228e-87	1.13505330100305e-86
9606.ENSP00000281456	9606.ENSP00000303754	SLC25A4	PPID	9606	0.904	0	0	0	0	0.082	0.9	0	SLC25A4	PPID	0.310585188953678	9.3633471739677e-13	1.8334975370347e-12
9606.ENSP00000281456	9606.ENSP00000378487	SLC25A4	VDAC1	9606	0.95	0	0	0	0	0.166	0.938	0.112	SLC25A4	VDAC1	0.31300900276363	6.09974880395525e-13	1.20277904488009e-12
9606.ENSP00000281456	9606.ENSP00000428845	SLC25A4	VDAC3	9606	0.961	0	0	0	0	0.133	0.938	0.347	SLC25A4	VDAC3	0.57875973932797	1.70804234307768e-46	7.4681816954972e-46
9606.ENSP00000281456	9606.ENSP00000360671	SLC25A4	SLC25A5	9606	0.975	0	0	0	0	0.687	0.9	0.287	SLC25A4	SLC25A5	0.456275192736665	2.46652441488044e-27	7.33601419676154e-27
9606.ENSP00000281928	9606.ENSP00000323720	MED13L	MED14	9606	0.917	0	0	0	0	0.542	0.8	0.172	MED13L	MED14	0.600338325758042	9.03576477074956e-51	4.25875929357324e-50
9606.ENSP00000281928	9606.ENSP00000325612	MED13L	MED16	9606	0.929	0	0	0	0	0.664	0.8	0	MED13L	MED16	-0.431753796497662	2.39252799859066e-24	6.59097013335647e-24
9606.ENSP00000281928	9606.ENSP00000300651	MED13L	MED1	9606	0.931	0	0	0	0	0.671	0.8	0	MED13L	MED1	0.719842419024511	8.7096781293363e-82	7.58047992799218e-81
9606.ENSP00000281928	9606.ENSP00000292035	MED13L	MED27	9606	0.931	0	0	0	0	0.672	0.8	0	MED13L	MED27	-0.593839601351439	1.89656260587456e-49	8.75608472175813e-49
9606.ENSP00000281928	9606.ENSP00000363193	MED13L	MED12	9606	0.996	0	0	0	0	0.731	0.8	0.938	MED13L	MED12	0.573495703607628	1.69082626793993e-45	7.23408694333019e-45
9606.ENSP00000282111	9606.ENSP00000495360	TCF7L1	CTNNB1	9606	0.997	0	0	0	0	0.729	0.9	0.918	TCF7L1	CTNNB1	-0.372311144157894	4.75217223182975e-18	1.10326430534159e-17
9606.ENSP00000282185	9606.ENSP00000346437	ATG10	ATG7	9606	0.995	0	0	0	0	0.395	0.5	0.984	ATG10	ATG7	0.305078147566309	2.44342084341079e-12	4.70658553129592e-12
9606.ENSP00000282397	9606.ENSP00000451040	FLT1	PGF	9606	0.999	0	0	0	0	0.96	0.7	0.982	FLT1	PGF	0.533177727710659	1.95012681778781e-38	7.27145304268384e-38
9606.ENSP00000282516	9606.ENSP00000313851	NIPBL	PDS5B	9606	0.908	0	0	0	0	0.072	0.5	0.819	NIPBL	PDS5B	0.78932741100197	1.23615484917506e-108	1.96796627007383e-107
9606.ENSP00000282516	9606.ENSP00000372689	NIPBL	STAG1	9606	0.958	0	0	0	0	0.92	0.5	0	NIPBL	STAG1	0.758564365753345	1.26521546833693e-95	1.45865987649241e-94
9606.ENSP00000282516	9606.ENSP00000303427	NIPBL	PDS5A	9606	0.967	0	0	0	0	0.072	0.5	0.936	NIPBL	PDS5A	0.614888383248263	7.64921239749844e-54	3.81596514348682e-53
9606.ENSP00000282516	9606.ENSP00000298767	NIPBL	WAPL	9606	0.979	0	0	0	0	0.081	0.5	0.958	NIPBL	WAPL	0.820628926246662	2.51651624921677e-124	5.88945980260247e-123
9606.ENSP00000282516	9606.ENSP00000297338	NIPBL	RAD21	9606	0.989	0	0	0	0	0.956	0.5	0.572	NIPBL	RAD21	0.600811292309355	7.22049540554273e-51	3.40634332717592e-50
9606.ENSP00000282516	9606.ENSP00000323421	NIPBL	SMC1A	9606	0.998	0	0	0	0	0.969	0.5	0.902	NIPBL	SMC1A	0.715817544487368	1.75597179070549e-80	1.48504625130688e-79
9606.ENSP00000282516	9606.ENSP00000354720	NIPBL	SMC3	9606	0.999	0	0	0	0	0.98	0.5	0.951	NIPBL	SMC3	0.780490036581298	1.10779598211491e-104	1.60283244876654e-103
9606.ENSP00000283249	9606.ENSP00000346839	ITGB6	FN1	9606	0.766	0	0	0	0	0.292	0	0.684	ITGB6	FN1	0.738250750540892	4.66107167867756e-88	4.63687610581078e-87
9606.ENSP00000283249	9606.ENSP00000358866	ITGB6	FLNA	9606	0.817	0	0	0	0	0.262	0.65	0.351	ITGB6	FLNA	0.691356340603004	5.1281599901463e-73	3.74455219409892e-72
9606.ENSP00000283249	9606.ENSP00000420213	ITGB6	FLNB	9606	0.818	0	0	0	0	0.262	0.65	0.352	ITGB6	FLNB	0.321959959971152	1.21092159703575e-13	2.4515309270664e-13
9606.ENSP00000283290	9606.ENSP00000450524	ATG3	MAP1LC3B2	9606	0.764	0	0	0	0	0.653	0	0.348	ATG3	MAP1LC3B2	0.336845827439887	7.28672350533988e-15	1.53101612697646e-14
9606.ENSP00000283290	9606.ENSP00000498476	ATG3	MAP1LC3B	9606	0.802	0	0	0	0	0.695	0	0.378	ATG3	MAP1LC3B	0.36658224828694	1.65533277563328e-17	3.77231658113243e-17
9606.ENSP00000283290	9606.ENSP00000306866	ATG3	GABARAP	9606	0.904	0	0	0	0	0.695	0	0.698	ATG3	GABARAP	0.377458149541662	1.51583616001135e-18	3.56727244606935e-18
9606.ENSP00000283290	9606.ENSP00000358072	ATG3	ATG5	9606	0.989	0	0	0	0	0.921	0	0.868	ATG3	ATG5	0.421888865905224	3.26151465446618e-23	8.69480429013464e-23
9606.ENSP00000284818	9606.ENSP00000363089	LY96	TLR4	9606	0.999	0	0	0	0	0.964	0.9	0.982	LY96	TLR4	0.351132193964738	4.23988049903231e-16	9.23139683358439e-16
9606.ENSP00000284981	9606.ENSP00000351015	APP	NF1	9606	0.737	0	0	0	0	0.292	0	0.644	APP	NF1	0.401701039669184	5.26560394274559e-21	1.31990965563838e-20
9606.ENSP00000284981	9606.ENSP00000362108	APP	LCN2	9606	0.749	0	0	0	0	0.749	0	0	APP	LCN2	-0.322798925855318	1.03774297171066e-13	2.10470354705774e-13
9606.ENSP00000285071	9606.ENSP00000357288	FLCN	LAMTOR2	9606	0.8	0	0	0	0	0.8	0	0	FLCN	LAMTOR2	-0.306438438874943	1.93158162002469e-12	3.73839072305465e-12
9606.ENSP00000285071	9606.ENSP00000362092	FLCN	RRAGC	9606	0.935	0	0	0	0	0.926	0	0.162	FLCN	RRAGC	0.625534789503795	3.40336720962368e-56	1.7901605773251e-55
9606.ENSP00000285071	9606.ENSP00000421985	FLCN	FNIP1	9606	0.999	0	0	0	0	0.457	0.9	0.984	FLCN	FNIP1	0.602001069672185	4.10049741943009e-51	1.94076198924284e-50
9606.ENSP00000286186	9606.ENSP00000311032	CASP10	CASP3	9606	0.742	0	0	0	0	0.544	0.36	0.189	CASP10	CASP3	0.321781246447626	1.25131529882031e-13	2.53229916121098e-13
9606.ENSP00000286186	9606.ENSP00000351273	CASP10	CASP8	9606	0.999	0	0	0	0	0.636	0.9	0.982	CASP10	CASP8	0.41256110083058	3.56694517167101e-22	9.22808510154419e-22
9606.ENSP00000286301	9606.ENSP00000376345	CSF1R	GRB2	9606	0.868	0	0	0	0	0.457	0.65	0.364	CSF1R	GRB2	0.421619118433582	3.49881306807162e-23	9.31763092092382e-23
9606.ENSP00000286301	9606.ENSP00000327513	CSF1R	CSF1	9606	0.999	0	0	0	0	0.967	0.7	0.983	CSF1R	CSF1	0.798407604735629	6.72728874352766e-113	1.20297661563399e-111
9606.ENSP00000287020	9606.ENSP00000401907	GDF6	BMPR1B	9606	0.792	0	0	0	0	0.498	0	0.602	GDF6	BMPR1B	0.370762566921028	6.67525155094325e-18	1.54127142539056e-17
9606.ENSP00000287598	9606.ENSP00000481380	BUB1B	CCNA2	9606	0.824	0	0	0	0	0.292	0.5	0.543	BUB1B	CCNA2	0.454239088505124	4.46093496730824e-27	1.31982861820419e-26
9606.ENSP00000287598	9606.ENSP00000369497	BUB1B	BRCA2	9606	0.841	0	0	0	0	0.457	0.72	0	BUB1B	BRCA2	0.609327299189546	1.19314223647166e-52	5.8459940645647e-52
9606.ENSP00000287598	9606.ENSP00000300093	BUB1B	PLK1	9606	0.947	0	0	0	0	0.457	0.72	0.683	BUB1B	PLK1	0.580820442292676	6.88349007101765e-47	3.02927247189455e-46
9606.ENSP00000287598	9606.ENSP00000313950	BUB1B	AURKB	9606	0.953	0	0	0	0	0.292	0	0.937	BUB1B	AURKB	0.545410286370252	1.77033254463555e-40	6.89201519964096e-40
9606.ENSP00000287598	9606.ENSP00000302530	BUB1B	BUB1	9606	0.994	0	0	0	0	0.725	0	0.981	BUB1B	BUB1	0.662710277238904	3.60310657711581e-65	2.23014951272183e-64
9606.ENSP00000287598	9606.ENSP00000335463	BUB1B	KNL1	9606	0.997	0	0	0	0	0.956	0	0.945	BUB1B	KNL1	0.724606000972768	2.32338792435866e-83	2.08284652671764e-82
9606.ENSP00000287598	9606.ENSP00000357858	BUB1B	BUB3	9606	0.999	0	0	0	0	0.847	0.8	0.987	BUB1B	BUB3	0.326100839897654	5.62680858842274e-14	1.15248023457572e-13
9606.ENSP00000287598	9606.ENSP00000296509	BUB1B	MAD2L1	9606	0.999	0	0	0	0	0.983	0.8	0.87	BUB1B	MAD2L1	0.566957285790691	2.75390111563264e-44	1.15441079783247e-43
9606.ENSP00000287598	9606.ENSP00000361540	BUB1B	CDC20	9606	0.999	0	0	0	0	0.979	0.8	0.984	BUB1B	CDC20	0.520056726169511	2.45245264159629e-36	8.79101798879187e-36
9606.ENSP00000287727	9606.ENSP00000341779	ZFYVE9	PPP1CC	9606	0.747	0	0	0	0	0.515	0.5	0	ZFYVE9	PPP1CC	0.39716415740953	1.57502847473733e-20	3.89424640163269e-20
9606.ENSP00000287727	9606.ENSP00000426848	ZFYVE9	ZFYVE16	9606	0.913	0	0	0	0	0.166	0.9	0	ZFYVE9	ZFYVE16	0.403646948545786	3.27417470515731e-21	8.25410585263907e-21
9606.ENSP00000287820	9606.ENSP00000352900	PPARG	RXRG	9606	0.948	0	0	0	0	0.359	0.9	0.258	PPARG	RXRG	-0.447420114682276	3.15324200784462e-26	9.09613151765913e-26
9606.ENSP00000288135	9606.ENSP00000493728	KIT	GRB10	9606	0.714	0	0	0	0	0.292	0.5	0.257	KIT	GRB10	0.315438966256874	3.95371630036692e-13	7.84180754985879e-13
9606.ENSP00000288135	9606.ENSP00000354394	KIT	STAT1	9606	0.761	0	0	0	0	0.542	0.5	0	KIT	STAT1	-0.33177131377734	1.93255056234355e-14	4.00835533218776e-14
9606.ENSP00000288135	9606.ENSP00000428924	KIT	LYN	9606	0.879	0	0	0	0	0.457	0.5	0.593	KIT	LYN	-0.427664536639999	7.14000320722051e-24	1.94114059356902e-23
9606.ENSP00000288135	9606.ENSP00000495951	KIT	KITLG	9606	0.999	0	0	0	0	0.96	0.8	0.983	KIT	KITLG	0.430201746882763	3.62946133806738e-24	9.936506417992e-24
9606.ENSP00000288207	9606.ENSP00000429089	CCNB2	CCNE2	9606	0.723	0	0	0	0	0.616	0	0.31	CCNB2	CCNE2	0.416951788346536	1.1677067353878e-22	3.06232824976346e-22
9606.ENSP00000288207	9606.ENSP00000378699	CCNB2	CDK1	9606	0.999	0	0	0	0	0.66	0.9	0.978	CCNB2	CDK1	0.592486205142253	3.54414739684895e-49	1.63033990533491e-48
9606.ENSP00000288828	9606.ENSP00000353010	WIPI2	ATG2B	9606	0.974	0	0	0	0	0.468	0.9	0.551	WIPI2	ATG2B	-0.331079753938127	2.20421528281128e-14	4.56436587716905e-14
9606.ENSP00000288840	9606.ENSP00000447297	SMAD6	TGFBR1	9606	0.873	0	0	0	0	0.457	0	0.776	SMAD6	TGFBR1	-0.378036126594026	1.3315970154399e-18	3.13951506170453e-18
9606.ENSP00000290167	9606.ENSP00000363826	WNT4	FZD8	9606	0.79	0	0	0	0	0.078	0.5	0.582	WNT4	FZD8	0.624340260112968	6.31401905569412e-56	3.30064290008673e-55
9606.ENSP00000290167	9606.ENSP00000434034	WNT4	FZD4	9606	0.845	0	0	0	0	0.078	0.5	0.691	WNT4	FZD4	0.456057251687902	2.62853348657773e-27	7.81329078816799e-27
9606.ENSP00000290167	9606.ENSP00000351605	WNT4	FZD6	9606	0.931	0	0	0	0	0.077	0.5	0.862	WNT4	FZD6	-0.354961210406755	1.92942480247246e-16	4.24364827170047e-16
9606.ENSP00000290378	9606.ENSP00000494750	ACTC1	ACTB	9606	0.744	0	0	0	0	0.598	0	0.39	ACTC1	ACTB	0.313977027534185	5.13455203979591e-13	1.01501839369807e-12
9606.ENSP00000290378	9606.ENSP00000386857	ACTC1	ACTG2	9606	0.904	0	0	0	0	0.8	0.54	0	ACTC1	ACTG2	0.555476774232424	3.18787996392626e-42	1.28693548464225e-41
9606.ENSP00000290524	9606.ENSP00000485010	RFX5	CIITA	9606	0.88	0	0	0	0	0.457	0	0.788	RFX5	CIITA	0.332597141701748	1.65092556628082e-14	3.4354540005561e-14
9606.ENSP00000290541	9606.ENSP00000370222	PSMB4	POMP	9606	0.735	0	0	0	0	0.735	0	0	PSMB4	POMP	0.737195986679413	1.10169558405211e-87	1.0885138178227e-86
9606.ENSP00000290541	9606.ENSP00000478877	PSMB4	ADRM1	9606	0.83	0	0	0	0	0.675	0.5	0	PSMB4	ADRM1	0.79751571430435	1.80431050651123e-112	3.18166350948517e-111
9606.ENSP00000290541	9606.ENSP00000388107	PSMB4	UBA52	9606	0.835	0	0	0	0	0.835	0	0	PSMB4	UBA52	0.709679228792444	1.55206475558078e-78	1.25512115624474e-77
9606.ENSP00000290541	9606.ENSP00000441543	PSMB4	UBC	9606	0.848	0	0	0	0	0.848	0	0	PSMB4	UBC	0.354550299750472	2.10060687811115e-16	4.61315979696755e-16
9606.ENSP00000290541	9606.ENSP00000478771	PSMB4	UBB	9606	0.848	0	0	0	0	0.848	0	0	PSMB4	UBB	0.416504165944545	1.30949200437825e-22	3.4238812120035e-22
9606.ENSP00000290541	9606.ENSP00000481029	PSMB4	PSMC3	9606	0.949	0	0	0	0	0.948	0	0	PSMB4	PSMC3	0.735053381114509	6.24317017029304e-87	6.08559303451693e-86
9606.ENSP00000290541	9606.ENSP00000384211	PSMB4	PSME4	9606	0.95	0	0	0	0	0.949	0	0	PSMB4	PSME4	-0.34478907518081	1.52619051785558e-15	3.27174273741223e-15
9606.ENSP00000290541	9606.ENSP00000310572	PSMB4	PSMC5	9606	0.952	0	0	0	0	0.951	0	0	PSMB4	PSMC5	0.732838190651363	3.68628793017554e-86	3.52889976501348e-85
9606.ENSP00000290541	9606.ENSP00000418695	PSMB4	PSMD6	9606	0.96	0	0	0	0	0.96	0	0	PSMB4	PSMD6	0.597508446496823	3.43039586681789e-50	1.60121924720907e-49
9606.ENSP00000290541	9606.ENSP00000372155	PSMB4	PSME1	9606	0.961	0	0	0	0	0.939	0	0.392	PSMB4	PSME1	0.614354572103173	9.98098318004547e-54	4.97189044432182e-53
9606.ENSP00000290541	9606.ENSP00000338039	PSMB4	PSMF1	9606	0.963	0	0	0	0	0.651	0.9	0	PSMB4	PSMF1	0.441096842603515	1.85948685257357e-25	5.25655662721674e-25
9606.ENSP00000290541	9606.ENSP00000396937	PSMB4	PSMD13	9606	0.973	0	0	0	0	0.96	0	0.334	PSMB4	PSMD13	0.802773227633322	5.00007414857848e-115	9.30141998665048e-114
9606.ENSP00000290541	9606.ENSP00000484998	PSMB4	PSMC6	9606	0.978	0	0	0	0	0.977	0	0	PSMB4	PSMC6	0.550783711911564	2.10958811477898e-41	8.35038444341782e-41
9606.ENSP00000290541	9606.ENSP00000386541	PSMB4	PSMD14	9606	0.982	0	0	0	0	0.981	0	0	PSMB4	PSMD14	0.403345800418551	3.5247224852567e-21	8.88132133037764e-21
9606.ENSP00000290541	9606.ENSP00000357876	PSMB4	PSMD4	9606	0.985	0	0	0	0	0.982	0	0.156	PSMB4	PSMD4	0.86272621050925	4.5765616473772e-151	2.45947812975716e-149
9606.ENSP00000290541	9606.ENSP00000391211	PSMB4	PSMC2	9606	0.986	0	0	0	0	0.955	0	0.708	PSMB4	PSMC2	0.430562714656559	3.29483030491678e-24	9.03986801918957e-24
9606.ENSP00000290541	9606.ENSP00000363993	PSMB4	PSMB9	9606	0.995	0	0	0	0	0.98	0.72	0.3	PSMB4	PSMB9	0.312701984484163	6.44141845688604e-13	1.2689194582349e-12
9606.ENSP00000290541	9606.ENSP00000364016	PSMB4	PSMB8	9606	0.995	0	0	0	0	0.97	0.72	0.454	PSMB4	PSMB8	0.42449409537227	1.64973821445431e-23	4.43642865878009e-23
9606.ENSP00000290541	9606.ENSP00000351314	PSMB4	PSMB10	9606	0.996	0	0	0	0	0.985	0.72	0.247	PSMB4	PSMB10	0.594968627297512	1.12319200897044e-49	5.19975443715257e-49
9606.ENSP00000290541	9606.ENSP00000355325	PSMB4	PSMB5	9606	0.998	0	0	0	0	0.97	0.9	0.527	PSMB4	PSMB5	0.562232931367671	1.99014750735345e-43	8.21704399682477e-43
9606.ENSP00000290541	9606.ENSP00000359910	PSMB4	PSMA7	9606	0.998	0	0	0	0	0.97	0.9	0.472	PSMB4	PSMA7	0.645977734419405	5.64085569714226e-61	3.2535020622302e-60
9606.ENSP00000290541	9606.ENSP00000483688	PSMB4	PSMB3	9606	0.998	0	0	0	0	0.967	0.9	0.663	PSMB4	PSMB3	0.870774002866125	3.37770990758695e-157	2.22775321632212e-155
9606.ENSP00000290541	9606.ENSP00000414359	PSMB4	PSMA1	9606	0.999	0	0	0	0	0.983	0.9	0.675	PSMB4	PSMA1	0.647172356987251	2.88801647383891e-61	1.67429128566106e-60
9606.ENSP00000290541	9606.ENSP00000362334	PSMB4	PSMB2	9606	0.999	0	0	0	0	0.981	0.9	0.797	PSMB4	PSMB2	0.694413571791962	6.57664734677637e-74	4.88296835535143e-73
9606.ENSP00000290949	9606.ENSP00000411672	ATP6V0D1	ATP6V0E2	9606	0.821	0	0	0	0	0.378	0.72	0.059	ATP6V0D1	ATP6V0E2	0.481040805943948	1.31691038543786e-30	4.21951381226886e-30
9606.ENSP00000290949	9606.ENSP00000380074	ATP6V0D1	SLC38A9	9606	0.849	0	0	0	0	0.621	0.5	0.271	ATP6V0D1	SLC38A9	-0.308304308691739	1.39643905791223e-12	2.71769141812887e-12
9606.ENSP00000290949	9606.ENSP00000429690	ATP6V0D1	ATP6V0E1	9606	0.951	0	0	0	0	0.895	0.5	0.154	ATP6V0D1	ATP6V0E1	0.518143149718699	4.87769244113404e-36	1.73895128552469e-35
9606.ENSP00000290949	9606.ENSP00000434729	ATP6V0D1	ATP6V0B	9606	0.995	0	0	0	0	0.895	0.935	0.373	ATP6V0D1	ATP6V0B	0.496384638463846	8.99075004461565e-33	2.99996873203552e-32
9606.ENSP00000290949	9606.ENSP00000358777	ATP6V0D1	ATP6AP1	9606	0.995	0	0	0	0	0.959	0.9	0	ATP6V0D1	ATP6AP1	0.528264223937922	1.22195705822197e-37	4.4871358786553e-37
9606.ENSP00000290949	9606.ENSP00000352522	ATP6V0D1	ATP6V1H	9606	0.996	0	0	0	0	0.958	0.9	0.182	ATP6V0D1	ATP6V1H	0.564058828243073	9.30156721033137e-44	3.85931446712973e-43
9606.ENSP00000291232	9606.ENSP00000365048	TNFRSF13C	TNFSF13B	9606	0.999	0	0	0	0	0.96	0.9	0.982	TNFRSF13C	TNFSF13B	0.554425163013196	4.88129467015983e-42	1.96353702830944e-41
9606.ENSP00000292035	9606.ENSP00000498750	MED27	CCNH	9606	0.832	0	0	0	0	0.832	0	0	MED27	CCNH	0.454635184015296	3.97648626135661e-27	1.17684064558855e-26
9606.ENSP00000292035	9606.ENSP00000363193	MED27	MED12	9606	0.944	0	0	0	0	0.734	0.8	0	MED27	MED12	-0.373105944134786	3.98878346811018e-18	9.27307706239303e-18
9606.ENSP00000292035	9606.ENSP00000300651	MED27	MED1	9606	0.988	0	0	0	0	0.944	0.8	0	MED27	MED1	-0.5282345936457	1.2354427115832e-37	4.53501684913283e-37
9606.ENSP00000292035	9606.ENSP00000323720	MED27	MED14	9606	0.996	0	0	0	0	0.966	0.8	0.554	MED27	MED14	-0.432494926511285	1.95930908200531e-24	5.40339460926634e-24
9606.ENSP00000292035	9606.ENSP00000325612	MED27	MED16	9606	0.997	0	0	0	0	0.964	0.8	0.702	MED27	MED16	0.338971661141269	4.8165921652177e-15	1.01793854810895e-14
9606.ENSP00000292408	9606.ENSP00000352414	FGFR4	FGF17	9606	0.98	0	0	0	0	0.064	0.4	0.967	FGFR4	FGF17	0.333802533991036	1.31073090955448e-14	2.73201187119739e-14
9606.ENSP00000292907	9606.ENSP00000429707	COX7A1	COX6C	9606	0.779	0	0	0	0	0.646	0.36	0.104	COX7A1	COX6C	0.443171056236058	1.04323159220401e-25	2.96560405318111e-25
9606.ENSP00000292907	9606.ENSP00000441126	COX7A1	NDUFC1	9606	0.8	0	0	0	0	0.8	0	0	COX7A1	NDUFC1	0.427303941574282	7.85706909684106e-24	2.13266303625373e-23
9606.ENSP00000292907	9606.ENSP00000301457	COX7A1	NDUFA7	9606	0.8	0	0	0	0	0.8	0	0	COX7A1	NDUFA7	0.420259758895144	4.97978335356429e-23	1.31889594581884e-22
9606.ENSP00000292907	9606.ENSP00000419087	COX7A1	NDUFB2	9606	0.8	0	0	0	0	0.8	0	0	COX7A1	NDUFB2	0.406675201681659	1.55334514554379e-21	3.95322642026768e-21
9606.ENSP00000292907	9606.ENSP00000389160	COX7A1	NDUFA11	9606	0.803	0	0	0	0	0.803	0	0	COX7A1	NDUFA11	0.402111484440369	4.76471889493729e-21	1.19523956077743e-20
9606.ENSP00000292907	9606.ENSP00000407336	COX7A1	NDUFB3	9606	0.807	0	0	0	0	0.807	0	0	COX7A1	NDUFB3	0.349182464830334	6.30490725342389e-16	1.36514480863412e-15
9606.ENSP00000292907	9606.ENSP00000362873	COX7A1	NDUFA8	9606	0.807	0	0	0	0	0.807	0	0	COX7A1	NDUFA8	0.439002316380706	3.31983647433447e-25	9.33284779125802e-25
9606.ENSP00000292907	9606.ENSP00000327268	COX7A1	NDUFV2	9606	0.807	0	0	0	0	0.807	0	0	COX7A1	NDUFV2	0.428036592479124	6.46789300500824e-24	1.76218855289347e-23
9606.ENSP00000292907	9606.ENSP00000418438	COX7A1	NDUFA3	9606	0.807	0	0	0	0	0.807	0	0	COX7A1	NDUFA3	0.45831045837503	1.35867317077803e-27	4.06481396041015e-27
9606.ENSP00000292907	9606.ENSP00000330737	COX7A1	NDUFA12	9606	0.807	0	0	0	0	0.807	0	0	COX7A1	NDUFA12	0.439989247371942	2.52768954045548e-25	7.1256571363881e-25
9606.ENSP00000292907	9606.ENSP00000482543	COX7A1	NDUFA6	9606	0.807	0	0	0	0	0.807	0	0	COX7A1	NDUFA6	0.305475920262834	2.28140105213238e-12	4.4011757809133e-12
9606.ENSP00000292907	9606.ENSP00000369176	COX7A1	NDUFB6	9606	0.807	0	0	0	0	0.807	0	0	COX7A1	NDUFB6	0.393681666303276	3.61072365495887e-20	8.84139830362035e-20
9606.ENSP00000292907	9606.ENSP00000362058	COX7A1	NDUFS5	9606	0.807	0	0	0	0	0.807	0	0	COX7A1	NDUFS5	0.313673075382072	5.42027726418142e-13	1.07045996835098e-12
9606.ENSP00000292907	9606.ENSP00000315774	COX7A1	NDUFS8	9606	0.807	0	0	0	0	0.807	0	0	COX7A1	NDUFS8	0.391919502509257	5.47379116506505e-20	1.33326850991764e-19
9606.ENSP00000292907	9606.ENSP00000483888	COX7A1	NDUFB1	9606	0.807	0	0	0	0	0.807	0	0	COX7A1	NDUFB1	0.433827357891069	1.36645044388303e-24	3.78484787524406e-24
9606.ENSP00000292907	9606.ENSP00000423673	COX7A1	NDUFA13	9606	0.807	0	0	0	0	0.807	0	0	COX7A1	NDUFA13	0.451783128623421	9.06850313009793e-27	2.6621036500695e-26
9606.ENSP00000292907	9606.ENSP00000360492	COX7A1	NDUFA1	9606	0.813	0	0	0	0	0.807	0	0.07	COX7A1	NDUFA1	0.423526545201104	2.1264173155957e-23	5.70019020176975e-23
9606.ENSP00000292907	9606.ENSP00000346196	COX7A1	NDUFV3	9606	0.836	0	0	0	0	0.8	0	0.216	COX7A1	NDUFV3	0.374693866902218	2.80716010165753e-18	6.56059023298103e-18
9606.ENSP00000292907	9606.ENSP00000299166	COX7A1	NDUFB8	9606	0.878	0	0	0	0	0.807	0	0.394	COX7A1	NDUFB8	0.46243670950946	4.0060158736198e-28	1.21423763737261e-27
9606.ENSP00000292907	9606.ENSP00000497474	COX7A1	COX7B	9606	0.906	0	0	0	0	0.857	0.36	0.055	COX7A1	COX7B	0.422378604320059	2.87059731174723e-23	7.66070859049306e-23
9606.ENSP00000292907	9606.ENSP00000309565	COX7A1	UQCRH	9606	0.914	0	0	0	0	0.871	0.36	0	COX7A1	UQCRH	0.3434622344222	1.98780612999626e-15	4.24430247264496e-15
9606.ENSP00000292907	9606.ENSP00000317159	COX7A1	CYC1	9606	0.93	0	0	0	0	0.896	0.36	0	COX7A1	CYC1	0.354750537165518	2.01540266505704e-16	4.42891494352755e-16
9606.ENSP00000292907	9606.ENSP00000367939	COX7A1	UQCRQ	9606	0.934	0	0	0	0	0.896	0.36	0.093	COX7A1	UQCRQ	0.446342429273983	4.27801351346866e-26	1.22779834010458e-25
9606.ENSP00000292907	9606.ENSP00000332887	COX7A1	UQCR10	9606	0.936	0	0	0	0	0.896	0.36	0.128	COX7A1	UQCR10	0.352872740690218	2.96826129480621e-16	6.49614953056381e-16
9606.ENSP00000292907	9606.ENSP00000317780	COX7A1	COX5A	9606	0.945	0	0	0	0	0.896	0.36	0.251	COX7A1	COX5A	0.31520397381353	4.12373870668157e-13	8.17424161665979e-13
9606.ENSP00000292907	9606.ENSP00000425759	COX7A1	COX7C	9606	0.952	0	0	0	0	0.896	0.36	0.335	COX7A1	COX7C	0.34840527531014	7.37965767016457e-16	1.59547005014605e-15
9606.ENSP00000292907	9606.ENSP00000457513	COX7A1	COX4I1	9606	0.959	0	0	0	0	0.92	0.36	0.263	COX7A1	COX4I1	0.420771114378519	4.36142808636819e-23	1.15753919710587e-22
9606.ENSP00000292907	9606.ENSP00000430494	COX7A1	UQCRB	9606	0.971	0	0	0	0	0.876	0.36	0.669	COX7A1	UQCRB	0.368650219059173	1.05800919265654e-17	2.42851963159604e-17
9606.ENSP00000292907	9606.ENSP00000466818	COX7A1	COX6B1	9606	0.993	0	0	0	0	0.919	0.36	0.888	COX7A1	COX6B1	0.424481982359727	1.65499726571947e-23	4.44939312544009e-23
9606.ENSP00000292907	9606.ENSP00000467262	COX7A1	UQCR11	9606	0.994	0	0	0	0	0.94	0.36	0.869	COX7A1	UQCR11	0.449409257695956	1.79051415201302e-26	5.20648503922023e-26
9606.ENSP00000293288	9606.ENSP00000404503	BAX	BBC3	9606	0.732	0	0	0	0	0.441	0.54	0	BAX	BBC3	0.712932318076528	1.46479562190991e-79	1.20762411783595e-78
9606.ENSP00000293288	9606.ENSP00000340989	BAX	SFN	9606	0.778	0	0	0	0	0.292	0.7	0	BAX	SFN	0.525909081591389	2.913851200243e-37	1.0615490186825e-36
9606.ENSP00000293288	9606.ENSP00000471896	BAX	IRF3	9606	0.846	0	0	0	0	0.292	0	0.792	BAX	IRF3	0.515390980091798	1.3013060874196e-35	4.60695919481382e-35
9606.ENSP00000293288	9606.ENSP00000376943	BAX	BCL2L11	9606	0.981	0	0	0	0	0.751	0.9	0.308	BAX	BCL2L11	-0.373238721387667	3.87360169905881e-18	9.00942808732318e-18
9606.ENSP00000293288	9606.ENSP00000363591	BAX	BAK1	9606	0.99	0	0	0	0	0.671	0.9	0.736	BAX	BAK1	0.327062333562549	4.70157478674069e-14	9.64530299109779e-14
9606.ENSP00000293288	9606.ENSP00000318822	BAX	BID	9606	0.99	0	0	0	0	0.689	0.9	0.705	BAX	BID	0.383138407008403	4.19415842885823e-19	9.99766889507463e-19
9606.ENSP00000293288	9606.ENSP00000381185	BAX	BCL2	9606	0.999	0	0	0	0	0.946	0.72	0.958	BAX	BCL2	-0.463782651557081	2.67998482716836e-28	8.152322818074e-28
9606.ENSP00000293288	9606.ENSP00000365230	BAX	BCL2L1	9606	0.999	0	0	0	0	0.966	0.9	0.834	BAX	BCL2L1	0.531780538302277	3.29628297047084e-38	1.2245920311292e-37
9606.ENSP00000293328	9606.ENSP00000489597	STAT5B	PTPN11	9606	0.882	0	0	0	0	0.292	0.8	0.24	STAT5B	PTPN11	0.414412900917421	2.23168290814011e-22	5.80169011977964e-22
9606.ENSP00000293328	9606.ENSP00000342235	STAT5B	ERBB4	9606	0.903	0	0	0	0	0.616	0	0.76	STAT5B	ERBB4	0.323368982861019	9.34174294549724e-14	1.89806127420315e-13
9606.ENSP00000293328	9606.ENSP00000499900	STAT5B	JAK1	9606	0.942	0	0	0	0	0.292	0.5	0.85	STAT5B	JAK1	0.407196247575068	1.36525473256822e-21	3.47889922696825e-21
9606.ENSP00000293362	9606.ENSP00000386541	PSME3	PSMD14	9606	0.787	0	0	0	0	0.647	0.36	0.133	PSME3	PSMD14	0.360208381086556	6.44557836779872e-17	1.44233838911063e-16
9606.ENSP00000293379	9606.ENSP00000352798	ITGA5	COL18A1	9606	0.716	0	0	0	0	0.457	0.5	0	ITGA5	COL18A1	0.638741141194865	3.05552052309586e-59	1.69312176503462e-58
9606.ENSP00000293883	9606.ENSP00000333298	WDR24	LAMP1	9606	0.734	0	0	0	0	0.734	0	0	WDR24	LAMP1	0.360056129836586	6.65584095020758e-17	1.48840547184629e-16
9606.ENSP00000293883	9606.ENSP00000483814	WDR24	NPRL3	9606	0.984	0	0	0	0	0.853	0.9	0	WDR24	NPRL3	0.503314958825075	8.69086104911354e-34	2.95326449233343e-33
9606.ENSP00000294728	9606.ENSP00000379350	VCAM1	ITGB1	9606	0.998	0	0	0	0	0.316	0.9	0.982	VCAM1	ITGB1	0.320626410467134	1.54605943091562e-13	3.115739214248e-13
9606.ENSP00000294728	9606.ENSP00000380227	VCAM1	ITGA4	9606	0.998	0	0	0	0	0.074	0.9	0.982	VCAM1	ITGA4	0.674197792450052	3.28446776373823e-68	2.17048399975857e-67
9606.ENSP00000294785	9606.ENSP00000326366	NCSTN	PSEN1	9606	0.999	0	0	0	0	0.974	0.9	0.987	NCSTN	PSEN1	0.495226541287669	1.32163386493285e-32	4.3969325797979e-32
9606.ENSP00000295006	9606.ENSP00000422176	CAPN2	CAST	9606	0.964	0	0	0	0	0.681	0.5	0.793	CAPN2	CAST	0.767247439029617	4.31172397746327e-99	5.39337197525793e-98
9606.ENSP00000295006	9606.ENSP00000431984	CAPN2	CAPN1	9606	0.975	0	0	0	0	0.394	0.9	0.634	CAPN2	CAPN1	0.644608870824971	1.21031743647765e-60	6.92184358237809e-60
9606.ENSP00000295228	9606.ENSP00000442656	INHBB	ACVR1B	9606	0.75	0	0	0	0	0.295	0.5	0.349	INHBB	ACVR1B	-0.361465618611551	4.94146115941682e-17	1.1106532639123e-16
9606.ENSP00000295797	9606.ENSP00000361027	PRKCI	AMOT	9606	0.912	0	0	0	0	0.165	0.9	0	PRKCI	AMOT	0.329258143205625	3.11192235129147e-14	6.41001730319763e-14
9606.ENSP00000295797	9606.ENSP00000363921	PRKCI	PARD3	9606	0.997	0	0	0	0	0.949	0.8	0.772	PRKCI	PARD3	0.355889253521625	1.59166868306802e-16	3.51218310100411e-16
9606.ENSP00000295888	9606.ENSP00000433623	WDFY3	TRAF6	9606	0.888	0	0	0	0	0.457	0	0.803	WDFY3	TRAF6	0.587333702314331	3.72947653535748e-48	1.68431717072592e-47
9606.ENSP00000295888	9606.ENSP00000374455	WDFY3	SQSTM1	9606	0.962	0	0	0	0	0.457	0	0.933	WDFY3	SQSTM1	-0.332935933344887	1.54741062508063e-14	3.22202741265763e-14
9606.ENSP00000295888	9606.ENSP00000306866	WDFY3	GABARAP	9606	0.968	0	0	0	0	0.951	0	0.369	WDFY3	GABARAP	-0.677456286001271	4.25460325791275e-69	2.87518331940251e-68
9606.ENSP00000295888	9606.ENSP00000358072	WDFY3	ATG5	9606	0.983	0	0	0	0	0.292	0	0.977	WDFY3	ATG5	0.309345468708361	1.16404232365557e-12	2.27106759150397e-12
9606.ENSP00000296026	9606.ENSP00000296027	CXCL3	CXCL5	9606	0.95	0	0	0	0	0.734	0.4	0.716	CXCL3	CXCL5	0.71127188173351	4.90686977178235e-79	4.01604160128874e-78
9606.ENSP00000296026	9606.ENSP00000427279	CXCL3	CXCL2	9606	0.98	0	0	0	0	0.61	0.9	0.546	CXCL3	CXCL2	0.891791146560056	2.24468788743499e-175	3.25704212466817e-173
9606.ENSP00000296026	9606.ENSP00000379110	CXCL3	CXCL1	9606	0.986	0	0	0	0	0.61	0.9	0.681	CXCL3	CXCL1	0.830176076993206	9.84139033710815e-130	2.68706993693569e-128
9606.ENSP00000296027	9606.ENSP00000351671	CXCL5	CCL20	9606	0.734	0	0	0	0	0.734	0	0	CXCL5	CCL20	0.809673407787322	1.67012232484875e-118	3.3590955353443e-117
9606.ENSP00000296027	9606.ENSP00000427279	CXCL5	CXCL2	9606	0.877	0	0	0	0	0.734	0.4	0.292	CXCL5	CXCL2	0.642457898614368	3.98539325131377e-60	2.24886884742189e-59
9606.ENSP00000296027	9606.ENSP00000379110	CXCL5	CXCL1	9606	0.949	0	0	0	0	0.734	0.4	0.709	CXCL5	CXCL1	0.748091379684302	1.24111591775025e-91	1.32416117401148e-90
9606.ENSP00000296181	9606.ENSP00000358866	ITGB5	FLNA	9606	0.773	0	0	0	0	0.081	0.65	0.351	ITGB5	FLNA	0.330040643815934	2.68419043518508e-14	5.54132566060464e-14
9606.ENSP00000296343	9606.ENSP00000355231	RUBCN	BECN1	9606	0.993	0	0	0	0	0.622	0	0.983	RUBCN	BECN1	0.36797133129462	1.22591972123376e-17	2.80569324212963e-17
9606.ENSP00000296509	9606.ENSP00000302530	MAD2L1	BUB1	9606	0.804	0	0	0	0	0.576	0	0.556	MAD2L1	BUB1	0.747660884100832	1.79332133182293e-91	1.91130795040142e-90
9606.ENSP00000296509	9606.ENSP00000314004	MAD2L1	ANAPC2	9606	0.93	0	0	0	0	0.866	0.5	0	MAD2L1	ANAPC2	-0.368542599601575	1.08303053022701e-17	2.48426854008937e-17
9606.ENSP00000296509	9606.ENSP00000339109	MAD2L1	ANAPC1	9606	0.958	0	0	0	0	0.92	0.5	0	MAD2L1	ANAPC1	0.315696321184914	3.77538495956581e-13	7.49542318887997e-13
9606.ENSP00000296509	9606.ENSP00000357858	MAD2L1	BUB3	9606	0.989	0	0	0	0	0.643	0.8	0.869	MAD2L1	BUB3	0.448758043506214	2.15585909073331e-26	6.25273009268368e-26
9606.ENSP00000296509	9606.ENSP00000361540	MAD2L1	CDC20	9606	0.999	0	0	0	0	0.981	0.9	0.794	MAD2L1	CDC20	0.359600680564951	7.32591661946668e-17	1.63608916235539e-16
9606.ENSP00000296545	9606.ENSP00000363318	IL15	IL2RG	9606	0.999	0	0	0	0	0.933	0.5	0.981	IL15	IL2RG	0.471976825011694	2.23043194796645e-29	6.9364657977634e-29
9606.ENSP00000296545	9606.ENSP00000380421	IL15	IL15RA	9606	0.999	0	0	0	0	0.96	0.9	0.982	IL15	IL15RA	0.358833367808831	8.60786327798496e-17	1.91816733906304e-16
9606.ENSP00000296585	9606.ENSP00000374309	ITGA2	LAMA1	9606	0.768	0	0	0	0	0.292	0.5	0.398	ITGA2	LAMA1	0.460759336803245	6.5947719470292e-28	1.98468440491779e-27
9606.ENSP00000296585	9606.ENSP00000379350	ITGA2	ITGB1	9606	0.998	0	0	0	0	0.457	0.9	0.98	ITGA2	ITGB1	0.606971411426857	3.75864615689953e-52	1.82314083169191e-51
9606.ENSP00000296684	9606.ENSP00000367938	NDUFS4	COX7A2L	9606	0.734	0	0	0	0	0.734	0	0	NDUFS4	COX7A2L	0.730177427680656	3.03910297012337e-85	2.83194209793973e-84
9606.ENSP00000296684	9606.ENSP00000467262	NDUFS4	UQCR11	9606	0.807	0	0	0	0	0.807	0	0	NDUFS4	UQCR11	0.621220227612823	3.13240594389908e-55	1.60443001372582e-54
9606.ENSP00000296684	9606.ENSP00000497474	NDUFS4	COX7B	9606	0.814	0	0	0	0	0.814	0	0	NDUFS4	COX7B	0.590124913112429	1.04765047230808e-48	4.77388328722886e-48
9606.ENSP00000296684	9606.ENSP00000425759	NDUFS4	COX7C	9606	0.828	0	0	0	0	0.827	0	0	NDUFS4	COX7C	0.743171335767117	7.97121454073974e-90	8.22801078153389e-89
9606.ENSP00000296684	9606.ENSP00000478766	NDUFS4	NDUFC2-KCTD14	9606	0.83	0	0	0	0	0.256	0.744	0.181	NDUFS4	NDUFC2-KCTD14	0.607041107837492	3.63369485243532e-52	1.76421790708344e-51
9606.ENSP00000296684	9606.ENSP00000317780	NDUFS4	COX5A	9606	0.837	0	0	0	0	0.837	0	0	NDUFS4	COX5A	0.645347578236084	8.02023702622344e-61	4.60755359023481e-60
9606.ENSP00000296684	9606.ENSP00000466818	NDUFS4	COX6B1	9606	0.868	0	0	0	0	0.867	0	0	NDUFS4	COX6B1	0.559465108001483	6.247799630968e-43	2.56399599400978e-42
9606.ENSP00000296684	9606.ENSP00000367939	NDUFS4	UQCRQ	9606	0.869	0	0	0	0	0.859	0	0.113	NDUFS4	UQCRQ	0.584468508962697	1.35567934335249e-47	6.04727057111603e-47
9606.ENSP00000296684	9606.ENSP00000457513	NDUFS4	COX4I1	9606	0.871	0	0	0	0	0.871	0	0	NDUFS4	COX4I1	0.584567183426417	1.2970183210441e-47	5.79068795026149e-47
9606.ENSP00000296684	9606.ENSP00000332887	NDUFS4	UQCR10	9606	0.896	0	0	0	0	0.896	0	0	NDUFS4	UQCR10	0.554526632787502	4.68500326027948e-42	1.88532401405145e-41
9606.ENSP00000296684	9606.ENSP00000309565	NDUFS4	UQCRH	9606	0.925	0	0	0	0	0.924	0	0	NDUFS4	UQCRH	0.650256236803804	5.05803696753442e-62	2.99385090205403e-61
9606.ENSP00000296684	9606.ENSP00000306397	NDUFS4	UQCRFS1	9606	0.946	0	0	0	0	0.946	0	0	NDUFS4	UQCRFS1	0.689202367441713	2.14651036970663e-72	1.55064764047726e-71
9606.ENSP00000296684	9606.ENSP00000430494	NDUFS4	UQCRB	9606	0.953	0	0	0	0	0.953	0	0	NDUFS4	UQCRB	0.676713758332355	6.79406887510545e-69	4.56397867489723e-68
9606.ENSP00000296684	9606.ENSP00000317159	NDUFS4	CYC1	9606	0.97	0	0	0	0	0.97	0	0	NDUFS4	CYC1	0.630386796443619	2.68922673755397e-57	1.44521036895956e-56
9606.ENSP00000296684	9606.ENSP00000483888	NDUFS4	NDUFB1	9606	0.985	0	0	0	0	0.861	0.9	0	NDUFS4	NDUFB1	0.537168126750563	4.29644458353436e-39	1.62347424237197e-38
9606.ENSP00000296684	9606.ENSP00000441126	NDUFS4	NDUFC1	9606	0.993	0	0	0	0	0.803	0.967	0	NDUFS4	NDUFC1	0.549190478054016	3.97987879400762e-41	1.56863131201923e-40
9606.ENSP00000296684	9606.ENSP00000419087	NDUFS4	NDUFB2	9606	0.993	0	0	0	0	0.8	0.967	0	NDUFS4	NDUFB2	0.670097164996003	4.14373344338713e-67	2.67055206754334e-66
9606.ENSP00000296684	9606.ENSP00000362058	NDUFS4	NDUFS5	9606	0.994	0	0	0	0	0.951	0.9	0	NDUFS4	NDUFS5	0.423995318786537	1.88055229725102e-23	5.04643848961126e-23
9606.ENSP00000296684	9606.ENSP00000369176	NDUFS4	NDUFB6	9606	0.995	0	0	0	0	0.867	0.967	0.112	NDUFS4	NDUFB6	0.72579941223936	9.26012903307316e-84	8.37534555555869e-83
9606.ENSP00000296684	9606.ENSP00000418438	NDUFS4	NDUFA3	9606	0.995	0	0	0	0	0.867	0.967	0	NDUFS4	NDUFA3	0.515801052154905	1.12493501964601e-35	3.99230083666823e-35
9606.ENSP00000296684	9606.ENSP00000458770	NDUFS4	NDUFAB1	9606	0.996	0	0	0	0	0.9	0.967	0	NDUFS4	NDUFAB1	0.717047201614571	7.05317743466763e-81	6.03022922591912e-80
9606.ENSP00000296684	9606.ENSP00000389160	NDUFS4	NDUFA11	9606	0.997	0	0	0	0	0.949	0.944	0	NDUFS4	NDUFA11	0.484685890949343	4.12037054692115e-31	1.33367124426635e-30
9606.ENSP00000296684	9606.ENSP00000360492	NDUFS4	NDUFA1	9606	0.997	0	0	0	0	0.908	0.967	0.151	NDUFS4	NDUFA1	0.574394302784316	1.14661506217976e-45	4.93063894435219e-45
9606.ENSP00000296684	9606.ENSP00000301457	NDUFS4	NDUFA7	9606	0.998	0	0	0	0	0.951	0.967	0.386	NDUFS4	NDUFA7	0.578559036027826	1.86547709492323e-46	8.1530339299205e-46
9606.ENSP00000296684	9606.ENSP00000299166	NDUFS4	NDUFB8	9606	0.998	0	0	0	0	0.951	0.967	0.262	NDUFS4	NDUFB8	0.532192008020678	2.82488412265543e-38	1.05100175948026e-37
9606.ENSP00000296684	9606.ENSP00000423673	NDUFS4	NDUFA13	9606	0.998	0	0	0	0	0.951	0.967	0.323	NDUFS4	NDUFA13	0.566458229673899	3.39888737893985e-44	1.42126385787946e-43
9606.ENSP00000296684	9606.ENSP00000356972	NDUFS4	NDUFS2	9606	0.998	0	0	0	0	0.951	0.967	0.28	NDUFS4	NDUFS2	0.539968096188501	1.46850457308194e-39	5.59894930510258e-39
9606.ENSP00000296684	9606.ENSP00000362873	NDUFS4	NDUFA8	9606	0.999	0	0	0	0	0.976	0.967	0	NDUFS4	NDUFA8	0.531706648925762	3.38883559089345e-38	1.25805566873921e-37
9606.ENSP00000296684	9606.ENSP00000330737	NDUFS4	NDUFA12	9606	0.999	0	0	0	0	0.972	0.967	0.515	NDUFS4	NDUFA12	0.584996263601515	1.06987314404833e-47	4.78287919194495e-47
9606.ENSP00000296684	9606.ENSP00000482543	NDUFS4	NDUFA6	9606	0.999	0	0	0	0	0.972	0.967	0.526	NDUFS4	NDUFA6	0.506884570444622	2.55426403666755e-34	8.79446095607873e-34
9606.ENSP00000296684	9606.ENSP00000417142	NDUFS4	NDUFA5	9606	0.999	0	0	0	0	0.973	0.967	0	NDUFS4	NDUFA5	0.449932073952737	1.54208854687066e-26	4.49440268882793e-26
9606.ENSP00000296684	9606.ENSP00000497587	NDUFS4	NDUFV1	9606	0.999	0	0	0	0	0.972	0.967	0.797	NDUFS4	NDUFV1	0.544064717030709	2.99775443148133e-40	1.15728588979688e-39
9606.ENSP00000296684	9606.ENSP00000315774	NDUFS4	NDUFS8	9606	0.999	0	0	0	0	0.972	0.967	0.242	NDUFS4	NDUFS8	0.475160497416201	8.33575857951191e-30	2.61962561547347e-29
9606.ENSP00000296684	9606.ENSP00000346196	NDUFS4	NDUFV3	9606	0.999	0	0	0	0	0.972	0.967	0.679	NDUFS4	NDUFV3	0.385382948232711	2.50681229612567e-19	6.00936806508104e-19
9606.ENSP00000296684	9606.ENSP00000407336	NDUFS4	NDUFB3	9606	0.999	0	0	0	0	0.976	0.967	0.09	NDUFS4	NDUFB3	0.68014025004985	7.74619405633003e-70	5.30533331288902e-69
9606.ENSP00000296684	9606.ENSP00000327268	NDUFS4	NDUFV2	9606	0.999	0	0	0	0	0.972	0.967	0.819	NDUFS4	NDUFV2	0.481358073695568	1.19089825696621e-30	3.82178628625777e-30
9606.ENSP00000296782	9606.ENSP00000379975	RICTOR	ILK	9606	0.956	0	0	0	0	0.292	0	0.94	RICTOR	ILK	-0.350034568674259	5.30290326745165e-16	1.15162686524495e-15
9606.ENSP00000296782	9606.ENSP00000362547	RICTOR	TTI1	9606	0.998	0	0	0	0	0.292	0.9	0.983	RICTOR	TTI1	0.311344302132077	8.19075211844617e-13	1.60698221493254e-12
9606.ENSP00000296782	9606.ENSP00000457870	RICTOR	MLST8	9606	0.999	0	0	0	0	0.896	0.9	0.982	RICTOR	MLST8	-0.561446796853598	2.75725436650424e-43	1.13566231145919e-42
9606.ENSP00000296795	9606.ENSP00000433623	TLR3	TRAF6	9606	0.8	0	0	0	0	0.524	0.5	0.23	TLR3	TRAF6	0.403904676181904	3.07376051110984e-21	7.756567828905e-21
9606.ENSP00000296795	9606.ENSP00000329967	TLR3	TBK1	9606	0.929	0	0	0	0	0.49	0.5	0.745	TLR3	TBK1	0.357903833861647	1.04587822487441e-16	2.32094934018995e-16
9606.ENSP00000296795	9606.ENSP00000376500	TLR3	TRAF3	9606	0.968	0	0	0	0	0.188	0.5	0.928	TLR3	TRAF3	0.326953968688794	4.79788982614997e-14	9.83891923363724e-14
9606.ENSP00000296795	9606.ENSP00000498321	TLR3	MYD88	9606	0.989	0	0	0	0	0.292	0	0.985	TLR3	MYD88	0.306896497103126	1.78409483452383e-12	3.45887597523546e-12
9606.ENSP00000296871	9606.ENSP00000362195	CSF2	CSF3R	9606	0.771	0	0	0	0	0.287	0	0.693	CSF2	CSF3R	0.309383633978422	1.15628533343913e-12	2.25636698016162e-12
9606.ENSP00000296871	9606.ENSP00000394227	CSF2	CSF2RA	9606	0.999	0	0	0	0	0.96	0.9	0.982	CSF2	CSF2RA	0.619532368942563	7.39441944057701e-55	3.76278147584873e-54
9606.ENSP00000296871	9606.ENSP00000384053	CSF2	CSF2RB	9606	0.999	0	0	0	0	0.96	0.72	0.968	CSF2	CSF2RB	0.604057525869113	1.53342889530586e-51	7.34325190458349e-51
9606.ENSP00000297268	9606.ENSP00000360882	COL1A2	COL5A1	9606	0.962	0	0	0	0	0.23	0.72	0.842	COL1A2	COL5A1	0.862057013154731	1.42166183049991e-150	7.48177161263605e-149
9606.ENSP00000297268	9606.ENSP00000304408	COL1A2	COL3A1	9606	0.996	0	0	0	0	0.229	0.9	0.963	COL1A2	COL3A1	0.904219614508034	5.42461379888868e-188	1.25222278080255e-185
9606.ENSP00000297338	9606.ENSP00000298767	RAD21	WAPL	9606	0.971	0	0	0	0	0.724	0.5	0.811	RAD21	WAPL	0.543377629688435	3.91922127703478e-40	1.50957643196216e-39
9606.ENSP00000297338	9606.ENSP00000313851	RAD21	PDS5B	9606	0.972	0	0	0	0	0.817	0.5	0.721	RAD21	PDS5B	0.608329000601923	1.94254740579308e-52	9.47668299742572e-52
9606.ENSP00000297338	9606.ENSP00000303427	RAD21	PDS5A	9606	0.996	0	0	0	0	0.771	0.5	0.973	RAD21	PDS5A	0.512169198286288	4.05832495357376e-35	1.42237427720665e-34
9606.ENSP00000297338	9606.ENSP00000323421	RAD21	SMC1A	9606	0.999	0	0	0	0	0.981	0.9	0.987	RAD21	SMC1A	0.437559936117835	4.93684232981388e-25	1.38403277791663e-24
9606.ENSP00000297338	9606.ENSP00000354720	RAD21	SMC3	9606	0.999	0	0	0	0	0.985	0.9	0.987	RAD21	SMC3	0.613721247901187	1.36768322635364e-53	6.78298756351264e-53
9606.ENSP00000297338	9606.ENSP00000372689	RAD21	STAG1	9606	0.999	0	0	0	0	0.981	0.9	0.985	RAD21	STAG1	0.60351100327424	1.99293041944099e-51	9.52125788817598e-51
9606.ENSP00000297347	9606.ENSP00000498750	MED30	CCNH	9606	0.832	0	0	0	0	0.832	0	0	MED30	CCNH	0.325210347121669	6.64160699523523e-14	1.35677397929614e-13
9606.ENSP00000297347	9606.ENSP00000300651	MED30	MED1	9606	0.994	0	0	0	0	0.944	0.9	0	MED30	MED1	-0.312810815243015	6.3182142003717e-13	1.24537360048856e-12
9606.ENSP00000297431	9606.ENSP00000441953	ORC5	ORC4	9606	0.999	0	0	0	0	0.991	0.9	0.957	ORC5	ORC4	0.363515699396026	3.19574824843991e-17	7.22600511117636e-17
9606.ENSP00000297494	9606.ENSP00000499717	NOS3	CALM1	9606	0.979	0	0	0	0	0.96	0.5	0	NOS3	CALM1	0.317488674333272	2.73416581117054e-13	5.46241584265523e-13
9606.ENSP00000298552	9606.ENSP00000430684	TSC1	IKBKB	9606	0.726	0	0	0	0	0.294	0	0.627	TSC1	IKBKB	0.320862614211732	1.48070947196697e-13	2.98522550749672e-13
9606.ENSP00000298552	9606.ENSP00000475727	TSC1	TBC1D7	9606	0.999	0	0	0	0	0.97	0.8	0.986	TSC1	TBC1D7	-0.383514748990427	3.84846048656702e-19	9.17793218174718e-19
9606.ENSP00000298767	9606.ENSP00000354720	WAPL	SMC3	9606	0.934	0	0	0	0	0.724	0.5	0.564	WAPL	SMC3	0.78064172876915	9.50988321549556e-105	1.37791560370597e-103
9606.ENSP00000298767	9606.ENSP00000323421	WAPL	SMC1A	9606	0.942	0	0	0	0	0.724	0.5	0.616	WAPL	SMC1A	0.725010855122779	1.70149166961431e-83	1.53073967123761e-82
9606.ENSP00000298767	9606.ENSP00000372689	WAPL	STAG1	9606	0.975	0	0	0	0	0.724	0.5	0.835	WAPL	STAG1	0.712611509598165	1.85143097897405e-79	1.52390473690757e-78
9606.ENSP00000298767	9606.ENSP00000303427	WAPL	PDS5A	9606	0.998	0	0	0	0	0.724	0.5	0.987	WAPL	PDS5A	0.682316119810739	1.92098184792817e-70	1.33731409385925e-69
9606.ENSP00000298767	9606.ENSP00000313851	WAPL	PDS5B	9606	0.999	0	0	0	0	0.971	0.5	0.979	WAPL	PDS5B	0.729575317780225	4.88144173492389e-85	4.53206615188501e-84
9606.ENSP00000299106	9606.ENSP00000363921	JAM3	PARD3	9606	0.943	0	0	0	0	0.457	0.9	0	JAM3	PARD3	-0.421433323456569	3.67208984619096e-23	9.77139548539733e-23
9606.ENSP00000299106	9606.ENSP00000383376	JAM3	JAM2	9606	0.984	0	0	0	0	0.191	0.9	0.827	JAM3	JAM2	0.720873236391962	4.00134160051623e-82	3.51267300228551e-81
9606.ENSP00000299166	9606.ENSP00000467262	NDUFB8	UQCR11	9606	0.807	0	0	0	0	0.807	0	0	NDUFB8	UQCR11	0.83374564164491	7.65124183972023e-132	2.20777452744427e-130
9606.ENSP00000299166	9606.ENSP00000497474	NDUFB8	COX7B	9606	0.814	0	0	0	0	0.814	0	0	NDUFB8	COX7B	0.767970119993366	2.18392181162069e-99	2.75553960753185e-98
9606.ENSP00000299166	9606.ENSP00000478766	NDUFB8	NDUFC2-KCTD14	9606	0.826	0	0	0	0	0.254	0.744	0.162	NDUFB8	NDUFC2-KCTD14	0.769720636659939	4.16093528145321e-100	5.3361893502172e-99
9606.ENSP00000299166	9606.ENSP00000317780	NDUFB8	COX5A	9606	0.83	0	0	0	0	0.807	0	0.157	NDUFB8	COX5A	0.676838615538572	6.28046004760864e-69	4.22454521215636e-68
9606.ENSP00000299166	9606.ENSP00000317159	NDUFB8	CYC1	9606	0.83	0	0	0	0	0.83	0	0	NDUFB8	CYC1	0.72320154375686	6.81685971950125e-83	6.07358282201528e-82
9606.ENSP00000299166	9606.ENSP00000332887	NDUFB8	UQCR10	9606	0.83	0	0	0	0	0.83	0	0	NDUFB8	UQCR10	0.729912804945091	3.74336849962139e-85	3.48500401930838e-84
9606.ENSP00000299166	9606.ENSP00000309565	NDUFB8	UQCRH	9606	0.832	0	0	0	0	0.832	0	0	NDUFB8	UQCRH	0.689726488176768	1.51684310347072e-72	1.10046967156801e-71
9606.ENSP00000299166	9606.ENSP00000457513	NDUFB8	COX4I1	9606	0.836	0	0	0	0	0.835	0	0	NDUFB8	COX4I1	0.88384627282604	4.30619242526941e-168	4.60399962773278e-166
9606.ENSP00000299166	9606.ENSP00000430494	NDUFB8	UQCRB	9606	0.843	0	0	0	0	0.842	0	0	NDUFB8	UQCRB	0.730304893843421	2.74856377976859e-85	2.57301035125434e-84
9606.ENSP00000299166	9606.ENSP00000367939	NDUFB8	UQCRQ	9606	0.856	0	0	0	0	0.856	0	0	NDUFB8	UQCRQ	0.862155221733353	1.20425138498739e-150	6.40396927608216e-149
9606.ENSP00000299166	9606.ENSP00000425759	NDUFB8	COX7C	9606	0.886	0	0	0	0	0.807	0	0.432	NDUFB8	COX7C	0.808503241628511	6.64055906768641e-118	1.32511116798607e-116
9606.ENSP00000299166	9606.ENSP00000466818	NDUFB8	COX6B1	9606	0.896	0	0	0	0	0.818	0	0.451	NDUFB8	COX6B1	0.872752523699575	9.07542551518768e-159	6.35717910053526e-157
9606.ENSP00000299166	9606.ENSP00000483888	NDUFB8	NDUFB1	9606	0.985	0	0	0	0	0.861	0.9	0	NDUFB8	NDUFB1	0.834615355945532	2.30246033915158e-132	6.72014070826511e-131
9606.ENSP00000299166	9606.ENSP00000441126	NDUFB8	NDUFC1	9606	0.993	0	0	0	0	0.803	0.967	0	NDUFB8	NDUFC1	0.867224331128765	1.91755206303068e-154	1.14568095907074e-152
9606.ENSP00000299166	9606.ENSP00000362058	NDUFB8	NDUFS5	9606	0.994	0	0	0	0	0.951	0.9	0	NDUFB8	NDUFS5	0.732007331167899	7.14252628102402e-86	6.81189102688835e-85
9606.ENSP00000299166	9606.ENSP00000418438	NDUFB8	NDUFA3	9606	0.995	0	0	0	0	0.861	0.967	0	NDUFB8	NDUFA3	0.89474407068036	3.1477830082126e-178	5.15677935716377e-176
9606.ENSP00000299166	9606.ENSP00000301457	NDUFB8	NDUFA7	9606	0.996	0	0	0	0	0.901	0.967	0	NDUFB8	NDUFA7	0.886421872000864	2.15202960216065e-170	2.51243272059147e-168
9606.ENSP00000299166	9606.ENSP00000346196	NDUFB8	NDUFV3	9606	0.997	0	0	0	0	0.922	0.967	0	NDUFB8	NDUFV3	0.664047087938608	1.62117227304873e-65	1.01081932334905e-64
9606.ENSP00000299166	9606.ENSP00000360492	NDUFB8	NDUFA1	9606	0.997	0	0	0	0	0.903	0.967	0.134	NDUFB8	NDUFA1	0.826961516027379	7.09400694703464e-128	1.82877737464545e-126
9606.ENSP00000299166	9606.ENSP00000369176	NDUFB8	NDUFB6	9606	0.997	0	0	0	0	0.861	0.967	0.497	NDUFB8	NDUFB6	0.775730461244882	1.25232406493889e-102	1.7050744675046e-101
9606.ENSP00000299166	9606.ENSP00000356972	NDUFB8	NDUFS2	9606	0.998	0	0	0	0	0.946	0.967	0.269	NDUFB8	NDUFS2	0.388644423448556	1.17826169948509e-19	2.84875126914308e-19
9606.ENSP00000299166	9606.ENSP00000423673	NDUFB8	NDUFA13	9606	0.998	0	0	0	0	0.945	0.967	0.387	NDUFB8	NDUFA13	0.928850866453105	4.53029475046594e-219	2.09155471729466e-216
9606.ENSP00000299166	9606.ENSP00000419087	NDUFB8	NDUFB2	9606	0.998	0	0	0	0	0.9	0.967	0.615	NDUFB8	NDUFB2	0.719359109824026	1.25273253932049e-81	1.08659303175732e-80
9606.ENSP00000299166	9606.ENSP00000417142	NDUFB8	NDUFA5	9606	0.998	0	0	0	0	0.946	0.967	0.288	NDUFB8	NDUFA5	0.545173989448634	1.94222380395254e-40	7.54673572178499e-40
9606.ENSP00000299166	9606.ENSP00000497587	NDUFB8	NDUFV1	9606	0.998	0	0	0	0	0.956	0.967	0.155	NDUFB8	NDUFV1	0.580151058584119	9.25390203313838e-47	4.06012453350266e-46
9606.ENSP00000299166	9606.ENSP00000330737	NDUFB8	NDUFA12	9606	0.998	0	0	0	0	0.951	0.967	0.143	NDUFB8	NDUFA12	0.829121732048981	4.04284128084273e-129	1.07495127983036e-127
9606.ENSP00000299166	9606.ENSP00000482543	NDUFB8	NDUFA6	9606	0.998	0	0	0	0	0.951	0.967	0.277	NDUFB8	NDUFA6	0.597112816871749	4.12938674494325e-50	1.92395326460498e-49
9606.ENSP00000299166	9606.ENSP00000389160	NDUFB8	NDUFA11	9606	0.998	0	0	0	0	0.949	0.944	0.374	NDUFB8	NDUFA11	0.838138751763375	1.6513405187083e-134	5.16082019954467e-133
9606.ENSP00000299166	9606.ENSP00000327268	NDUFB8	NDUFV2	9606	0.999	0	0	0	0	0.969	0.967	0.327	NDUFB8	NDUFV2	0.798264391656557	7.88471741070552e-113	1.40500131123747e-111
9606.ENSP00000299166	9606.ENSP00000315774	NDUFB8	NDUFS8	9606	0.999	0	0	0	0	0.953	0.967	0.431	NDUFB8	NDUFS8	0.836943383779371	8.93465202143131e-134	2.73341146330355e-132
9606.ENSP00000299166	9606.ENSP00000407336	NDUFB8	NDUFB3	9606	0.999	0	0	0	0	0.97	0.967	0.775	NDUFB8	NDUFB3	0.631238061694368	1.71479522424276e-57	9.23988068574732e-57
9606.ENSP00000299166	9606.ENSP00000458770	NDUFB8	NDUFAB1	9606	0.999	0	0	0	0	0.951	0.967	0.514	NDUFB8	NDUFAB1	0.660450734514445	1.37684761904993e-64	8.4961368570414e-64
9606.ENSP00000299166	9606.ENSP00000362873	NDUFB8	NDUFA8	9606	0.999	0	0	0	0	0.977	0.967	0.461	NDUFB8	NDUFA8	0.821372012977695	9.8073029955132e-125	2.34935793692046e-123
9606.ENSP00000299767	9606.ENSP00000327801	HSP90B1	P4HB	9606	0.897	0	0	0	0	0.662	0.36	0.564	HSP90B1	P4HB	0.534880537743215	1.02516738730981e-38	3.84513484228423e-38
9606.ENSP00000299767	9606.ENSP00000320866	HSP90B1	CALR	9606	0.924	0	0	0	0	0.68	0	0.773	HSP90B1	CALR	0.830672943070704	5.03977380551852e-130	1.38348601466626e-128
9606.ENSP00000299767	9606.ENSP00000324173	HSP90B1	HSPA5	9606	0.982	0	0	0	0	0.485	0.36	0.952	HSP90B1	HSPA5	0.894863337265403	2.40429652686866e-178	4.07007330390082e-176
9606.ENSP00000299767	9606.ENSP00000300026	HSP90B1	PPIB	9606	0.984	0	0	0	0	0.501	0.36	0.955	HSP90B1	PPIB	0.565008115718404	6.25178737349346e-44	2.6013684699948e-43
9606.ENSP00000300026	9606.ENSP00000324173	PPIB	HSPA5	9606	0.857	0	0	0	0	0.428	0.36	0.643	PPIB	HSPA5	0.558157368531884	1.06869897820555e-42	4.36285189776275e-42
9606.ENSP00000300026	9606.ENSP00000327801	PPIB	P4HB	9606	0.861	0	0	0	0	0.401	0.36	0.668	PPIB	P4HB	0.647207298369588	2.83188777471764e-61	1.64268898502611e-60
9606.ENSP00000300026	9606.ENSP00000320866	PPIB	CALR	9606	0.953	0	0	0	0	0.306	0	0.936	PPIB	CALR	0.767550357520224	3.24306909813156e-99	4.08176614990362e-98
9606.ENSP00000300093	9606.ENSP00000302530	PLK1	BUB1	9606	0.728	0	0	0	0	0.292	0	0.632	PLK1	BUB1	0.545793802982783	1.52289133634212e-40	5.93781470373394e-40
9606.ENSP00000300093	9606.ENSP00000361540	PLK1	CDC20	9606	0.785	0	0	0	0	0.734	0	0.227	PLK1	CDC20	0.653906819253354	6.26407218373265e-63	3.76029439540027e-62
9606.ENSP00000300093	9606.ENSP00000415430	PLK1	GTSE1	9606	0.926	0	0	0	0	0.292	0.9	0	PLK1	GTSE1	0.7866115804127	2.12178311795027e-107	3.27025055068602e-106
9606.ENSP00000300093	9606.ENSP00000342307	PLK1	FOXM1	9606	0.944	0	0	0	0	0.292	0.9	0.279	PLK1	FOXM1	0.809026151062311	3.58789350801616e-118	7.18781742818937e-117
9606.ENSP00000300093	9606.ENSP00000369497	PLK1	BRCA2	9606	0.979	0	0	0	0	0.96	0	0.515	PLK1	BRCA2	0.369462815846802	8.86579383466848e-18	2.04055898433555e-17
9606.ENSP00000300134	9606.ENSP00000432511	STAT6	JAK3	9606	0.702	0	0	0	0	0.292	0.5	0.226	STAT6	JAK3	0.356678369700324	1.35074111219176e-16	2.98769108809489e-16
9606.ENSP00000300134	9606.ENSP00000499900	STAT6	JAK1	9606	0.807	0	0	0	0	0.292	0.5	0.499	STAT6	JAK1	0.345817283591713	1.24250077849251e-15	2.67091648828538e-15
9606.ENSP00000300134	9606.ENSP00000379111	STAT6	IL4R	9606	0.873	0	0	0	0	0.483	0.5	0.548	STAT6	IL4R	0.391065348770902	6.69088469424554e-20	1.62543209374437e-19
9606.ENSP00000300134	9606.ENSP00000315768	STAT6	STAT2	9606	0.985	0	0	0	0	0.292	0.9	0.808	STAT6	STAT2	0.332330655425791	1.73709328944174e-14	3.61254228928332e-14
9606.ENSP00000300289	9606.ENSP00000399168	PDIA3	HLA-B	9606	0.926	0	0	0	0	0.292	0.9	0	PDIA3	HLA-B	-0.429174377065036	4.7767261733212e-24	1.30387551041181e-23
9606.ENSP00000300289	9606.ENSP00000346206	PDIA3	TAP1	9606	0.944	0	0	0	0	0.457	0.9	0.066	PDIA3	TAP1	-0.429619670041538	4.24108933669392e-24	1.15922347666308e-23
9606.ENSP00000300289	9606.ENSP00000324173	PDIA3	HSPA5	9606	0.974	0	0	0	0	0.425	0.5	0.916	PDIA3	HSPA5	0.81361791458649	1.48250973271592e-120	3.1834780877792e-119
9606.ENSP00000300289	9606.ENSP00000379873	PDIA3	HLA-A	9606	0.988	0	0	0	0	0.886	0.9	0	PDIA3	HLA-A	-0.36595432835209	1.89510847035306e-17	4.3081058042471e-17
9606.ENSP00000300289	9606.ENSP00000497910	PDIA3	B2M	9606	0.999	0	0	0	0	0.8	0.9	0.97	PDIA3	B2M	-0.402234757637254	4.62367644407331e-21	1.16071877514712e-20
9606.ENSP00000300289	9606.ENSP00000320866	PDIA3	CALR	9606	0.999	0	0	0	0	0.95	0.9	0.984	PDIA3	CALR	0.884592993460837	9.38792819551914e-169	1.02530308260095e-166
9606.ENSP00000300574	9606.ENSP00000384675	CRK	SOS1	9606	0.805	0	0	0	0	0.669	0	0.436	CRK	SOS1	0.446629787202323	3.94422910628098e-26	1.13392400318415e-25
9606.ENSP00000300574	9606.ENSP00000428056	CRK	PIK3R1	9606	0.814	0	0	0	0	0.657	0	0.481	CRK	PIK3R1	0.37395385501283	3.30730949506479e-18	7.71174071197728e-18
9606.ENSP00000300574	9606.ENSP00000341189	CRK	PTK2	9606	0.977	0	0	0	0	0.564	0.8	0.766	CRK	PTK2	0.414503003095341	2.18117505546013e-22	5.67474258153395e-22
9606.ENSP00000300574	9606.ENSP00000361264	CRK	RAPGEF1	9606	0.998	0	0	0	0	0.457	0.9	0.982	CRK	RAPGEF1	0.341324474062313	3.03480306618372e-15	6.44998843758696e-15
9606.ENSP00000300574	9606.ENSP00000485033	CRK	DOCK1	9606	0.999	0	0	0	0	0.474	0.9	0.985	CRK	DOCK1	0.326974467633099	4.77952316612118e-14	9.80323440999451e-14
9606.ENSP00000300651	9606.ENSP00000498750	MED1	CCNH	9606	0.8	0	0	0	0	0.8	0	0	MED1	CCNH	-0.36112710649947	5.30858716899132e-17	1.19158717956784e-16
9606.ENSP00000300651	9606.ENSP00000380888	MED1	MED13	9606	0.972	0	0	0	0	0.734	0.9	0	MED1	MED13	0.417450658109289	1.02749238411348e-22	2.6994930536577e-22
9606.ENSP00000300651	9606.ENSP00000363193	MED1	MED12	9606	0.975	0	0	0	0	0.734	0.9	0.161	MED1	MED12	0.507720368310123	1.91355036819434e-34	6.60412201486574e-34
9606.ENSP00000300651	9606.ENSP00000325612	MED1	MED16	9606	0.994	0	0	0	0	0.944	0.9	0.142	MED1	MED16	-0.319226798456243	1.9953899884282e-13	4.00853957920594e-13
9606.ENSP00000300651	9606.ENSP00000323720	MED1	MED14	9606	0.998	0	0	0	0	0.944	0.9	0.815	MED1	MED14	0.728534903179759	1.10372052423111e-84	1.01544287722966e-83
9606.ENSP00000300935	9606.ENSP00000368022	RAB8A	OPTN	9606	0.993	0	0	0	0	0.457	0.7	0.964	RAB8A	OPTN	0.427716343062878	7.04243897307058e-24	1.91512858499271e-23
9606.ENSP00000301019	9606.ENSP00000360623	CDT1	ORC1	9606	0.938	0	0	0	0	0.826	0.5	0.353	CDT1	ORC1	0.680996080974557	4.48260766738692e-70	3.09726844065639e-69
9606.ENSP00000301019	9606.ENSP00000480987	CDT1	MCM3	9606	0.944	0	0	0	0	0.523	0.5	0.786	CDT1	MCM3	0.712424223788838	2.1224253450087e-79	1.74413221919525e-78
9606.ENSP00000301019	9606.ENSP00000368458	CDT1	PCNA	9606	0.96	0	0	0	0	0.96	0	0	CDT1	PCNA	0.670976103821562	2.41493654425022e-67	1.56431827040494e-66
9606.ENSP00000301019	9606.ENSP00000307288	CDT1	MCM7	9606	0.982	0	0	0	0	0.669	0.5	0.905	CDT1	MCM7	0.584252617808365	1.49336434274134e-47	6.65851695751701e-47
9606.ENSP00000301159	9606.ENSP00000364519	LIN37	TFDP1	9606	0.779	0	0	0	0	0.578	0.5	0	LIN37	TFDP1	-0.354845111840377	1.97634977245391e-16	4.34403476278174e-16
9606.ENSP00000301159	9606.ENSP00000420616	LIN37	TFDP2	9606	0.827	0	0	0	0	0.669	0.5	0	LIN37	TFDP2	-0.375010855122779	2.61642929930674e-18	6.12328856982917e-18
9606.ENSP00000301159	9606.ENSP00000398124	LIN37	E2F5	9606	0.831	0	0	0	0	0.586	0.5	0.252	LIN37	E2F5	0.593330761647593	2.40000029787007e-49	1.10602554562007e-48
9606.ENSP00000301159	9606.ENSP00000368686	LIN37	E2F4	9606	0.914	0	0	0	0	0.67	0.5	0.521	LIN37	E2F4	0.429420830281786	4.47251530267223e-24	1.22149335652707e-23
9606.ENSP00000301159	9606.ENSP00000341947	LIN37	LIN54	9606	0.999	0	0	0	0	0.653	0.9	0.985	LIN37	LIN54	-0.457092355198253	1.94230539664146e-27	5.78873119533078e-27
9606.ENSP00000301159	9606.ENSP00000451812	LIN37	LIN52	9606	0.999	0	0	0	0	0.693	0.9	0.984	LIN37	LIN52	-0.317633564598696	2.6635162579101e-13	5.32336376064402e-13
9606.ENSP00000301457	9606.ENSP00000478766	NDUFA7	NDUFC2-KCTD14	9606	0.777	0	0	0	0	0.166	0.744	0	NDUFA7	NDUFC2-KCTD14	0.707005141507939	1.05441300013116e-77	8.39316053474308e-77
9606.ENSP00000301457	9606.ENSP00000425759	NDUFA7	COX7C	9606	0.8	0	0	0	0	0.8	0	0	NDUFA7	COX7C	0.807906256464156	1.33794582083524e-117	2.64902840199289e-116
9606.ENSP00000301457	9606.ENSP00000467262	NDUFA7	UQCR11	9606	0.8	0	0	0	0	0.8	0	0	NDUFA7	UQCR11	0.843525967503583	6.87883161063985e-138	2.37647253977105e-136
9606.ENSP00000301457	9606.ENSP00000317780	NDUFA7	COX5A	9606	0.8	0	0	0	0	0.8	0	0	NDUFA7	COX5A	0.671507865072221	1.74039682131444e-67	1.13025642673215e-66
9606.ENSP00000301457	9606.ENSP00000367939	NDUFA7	UQCRQ	9606	0.804	0	0	0	0	0.804	0	0	NDUFA7	UQCRQ	0.851847886652019	2.26993627734707e-143	9.41050725265885e-142
9606.ENSP00000301457	9606.ENSP00000457513	NDUFA7	COX4I1	9606	0.807	0	0	0	0	0.807	0	0	NDUFA7	COX4I1	0.84347714274533	7.39133982627802e-138	2.54487588527138e-136
9606.ENSP00000301457	9606.ENSP00000332887	NDUFA7	UQCR10	9606	0.808	0	0	0	0	0.808	0	0	NDUFA7	UQCR10	0.708051798968717	4.9939518674473e-78	3.99926191416507e-77
9606.ENSP00000301457	9606.ENSP00000497474	NDUFA7	COX7B	9606	0.811	0	0	0	0	0.8	0	0.098	NDUFA7	COX7B	0.772235670772046	3.74469647989074e-101	4.91406746075585e-100
9606.ENSP00000301457	9606.ENSP00000430494	NDUFA7	UQCRB	9606	0.819	0	0	0	0	0.819	0	0	NDUFA7	UQCRB	0.78391280121801	3.43402968601421e-106	5.11428731977219e-105
9606.ENSP00000301457	9606.ENSP00000317159	NDUFA7	CYC1	9606	0.827	0	0	0	0	0.827	0	0	NDUFA7	CYC1	0.689170687255061	2.19198336919355e-72	1.58237207398002e-71
9606.ENSP00000301457	9606.ENSP00000466818	NDUFA7	COX6B1	9606	0.862	0	0	0	0	0.862	0	0	NDUFA7	COX6B1	0.877044629928831	2.87090652562226e-162	2.39014734268404e-160
9606.ENSP00000301457	9606.ENSP00000309565	NDUFA7	UQCRH	9606	0.874	0	0	0	0	0.818	0	0.335	NDUFA7	UQCRH	0.709317422425472	2.01394420503592e-78	1.62475228677918e-77
9606.ENSP00000301457	9606.ENSP00000483888	NDUFA7	NDUFB1	9606	0.992	0	0	0	0	0.927	0.9	0	NDUFA7	NDUFB1	0.814557511651786	4.73204992822083e-121	1.02699639147306e-119
9606.ENSP00000301457	9606.ENSP00000441126	NDUFA7	NDUFC1	9606	0.993	0	0	0	0	0.803	0.967	0	NDUFA7	NDUFC1	0.833139338778598	1.76006207008609e-131	5.03576068897588e-130
9606.ENSP00000301457	9606.ENSP00000389160	NDUFA7	NDUFA11	9606	0.993	0	0	0	0	0.825	0.944	0.428	NDUFA7	NDUFA11	0.845920989614489	1.96494900481041e-139	7.05229224093968e-138
9606.ENSP00000301457	9606.ENSP00000362058	NDUFA7	NDUFS5	9606	0.994	0	0	0	0	0.951	0.9	0	NDUFA7	NDUFS5	0.728757968964598	9.26900950653853e-85	8.55866632344653e-84
9606.ENSP00000301457	9606.ENSP00000419087	NDUFA7	NDUFB2	9606	0.996	0	0	0	0	0.899	0.967	0	NDUFA7	NDUFB2	0.683636624532018	8.19281887712919e-71	5.73497321399043e-70
9606.ENSP00000301457	9606.ENSP00000346196	NDUFA7	NDUFV3	9606	0.997	0	0	0	0	0.928	0.967	0.169	NDUFA7	NDUFV3	0.672929746390788	7.22442652727643e-68	4.74941749110335e-67
9606.ENSP00000301457	9606.ENSP00000458770	NDUFA7	NDUFAB1	9606	0.997	0	0	0	0	0.911	0.967	0	NDUFA7	NDUFAB1	0.65535441742932	2.71426150870744e-63	1.64295316710021e-62
9606.ENSP00000301457	9606.ENSP00000418438	NDUFA7	NDUFA3	9606	0.997	0	0	0	0	0.91	0.967	0.258	NDUFA7	NDUFA3	0.89322426031423	9.48279751097971e-177	1.43756379580628e-174
9606.ENSP00000301457	9606.ENSP00000360492	NDUFA7	NDUFA1	9606	0.998	0	0	0	0	0.92	0.967	0.314	NDUFA7	NDUFA1	0.843338588517237	9.06208096883042e-138	3.09910964311147e-136
9606.ENSP00000301457	9606.ENSP00000407336	NDUFA7	NDUFB3	9606	0.998	0	0	0	0	0.906	0.967	0.444	NDUFA7	NDUFB3	0.632466507520317	8.93581779016358e-58	4.83285949386004e-57
9606.ENSP00000301457	9606.ENSP00000362873	NDUFA7	NDUFA8	9606	0.998	0	0	0	0	0.947	0.967	0.219	NDUFA7	NDUFA8	0.791164582296739	1.76393481695857e-109	2.88972353804004e-108
9606.ENSP00000301457	9606.ENSP00000356972	NDUFA7	NDUFS2	9606	0.998	0	0	0	0	0.957	0.967	0	NDUFA7	NDUFS2	0.360652555938824	5.86877957820787e-17	1.3155858348236e-16
9606.ENSP00000301457	9606.ENSP00000369176	NDUFA7	NDUFB6	9606	0.998	0	0	0	0	0.928	0.967	0.212	NDUFA7	NDUFB6	0.730396393676635	2.55719787869987e-85	2.40050451515292e-84
9606.ENSP00000301457	9606.ENSP00000417142	NDUFA7	NDUFA5	9606	0.998	0	0	0	0	0.933	0.967	0.15	NDUFA7	NDUFA5	0.501328704299001	1.7071326445907e-33	5.77785613832315e-33
9606.ENSP00000301457	9606.ENSP00000327268	NDUFA7	NDUFV2	9606	0.998	0	0	0	0	0.932	0.967	0.418	NDUFA7	NDUFV2	0.801703648625732	1.68061053260452e-114	3.09238427167828e-113
9606.ENSP00000301457	9606.ENSP00000330737	NDUFA7	NDUFA12	9606	0.999	0	0	0	0	0.972	0.967	0.529	NDUFA7	NDUFA12	0.837661219538103	3.24691497298499e-134	1.00239864378749e-132
9606.ENSP00000301457	9606.ENSP00000482543	NDUFA7	NDUFA6	9606	0.999	0	0	0	0	0.951	0.967	0.645	NDUFA7	NDUFA6	0.563614467036766	1.11978881433985e-43	4.63475753351664e-43
9606.ENSP00000301457	9606.ENSP00000423673	NDUFA7	NDUFA13	9606	0.999	0	0	0	0	0.962	0.967	0.621	NDUFA7	NDUFA13	0.897617556786735	4.35349214713579e-181	8.03971267971968e-179
9606.ENSP00000301457	9606.ENSP00000315774	NDUFA7	NDUFS8	9606	0.999	0	0	0	0	0.966	0.967	0.41	NDUFA7	NDUFS8	0.798585106957901	5.52470345305805e-113	9.93175450844436e-112
9606.ENSP00000301457	9606.ENSP00000497587	NDUFA7	NDUFV1	9606	0.999	0	0	0	0	0.968	0.967	0.272	NDUFA7	NDUFV1	0.534410366502489	1.22479592956723e-38	4.58711366394334e-38
9606.ENSP00000301633	9606.ENSP00000378699	BIRC5	CDK1	9606	0.79	0	0	0	0	0.457	0	0.63	BIRC5	CDK1	0.64687046344386	3.42134779609471e-61	1.98235194323639e-60
9606.ENSP00000301633	9606.ENSP00000313950	BIRC5	AURKB	9606	0.998	0	0	0	0	0.5	0.8	0.983	BIRC5	AURKB	0.911835251848166	1.31016784589633e-196	3.80210708879116e-194
9606.ENSP00000301838	9606.ENSP00000304226	FADD	HIPK3	9606	0.72	0	0	0	0	0.292	0	0.622	FADD	HIPK3	-0.335750904282975	9.00731708574237e-15	1.88672550298794e-14
9606.ENSP00000301838	9606.ENSP00000357055	FADD	PEA15	9606	0.861	0	0	0	0	0.457	0	0.756	FADD	PEA15	0.392510151636282	4.76259371221443e-20	1.16254901069363e-19
9606.ENSP00000301838	9606.ENSP00000341268	FADD	TRADD	9606	0.998	0	0	0	0	0.457	0.9	0.982	FADD	TRADD	0.33898219014448	4.80668798467139e-15	1.01605681290962e-14
9606.ENSP00000302194	9606.ENSP00000352522	ATP6V1G2	ATP6V1H	9606	0.825	0	0	0	0	0.402	0.72	0	ATP6V1G2	ATP6V1H	0.314374791516419	4.78282022908687e-13	9.46776555580497e-13
9606.ENSP00000302194	9606.ENSP00000304891	ATP6V1G2	ATP6V1E2	9606	0.962	0	0	0	0	0.822	0.5	0.608	ATP6V1G2	ATP6V1E2	0.307146677400659	1.70825260618363e-12	3.3143690011475e-12
9606.ENSP00000302486	9606.ENSP00000361930	MAP2K1	YWHAB	9606	0.793	0	0	0	0	0.6	0.5	0.049	MAP2K1	YWHAB	0.351086257694092	4.27983918678987e-16	9.31440467542848e-16
9606.ENSP00000302530	9606.ENSP00000378699	BUB1	CDK1	9606	0.901	0	0	0	0	0.292	0	0.865	BUB1	CDK1	0.480162985242624	1.73851000428961e-30	5.55284468980176e-30
9606.ENSP00000302530	9606.ENSP00000361540	BUB1	CDC20	9606	0.983	0	0	0	0	0.806	0	0.919	BUB1	CDC20	0.418066465031596	8.77147718500601e-23	2.3080801494328e-22
9606.ENSP00000302530	9606.ENSP00000335463	BUB1	KNL1	9606	0.996	0	0	0	0	0.971	0	0.877	BUB1	KNL1	0.715291280680863	2.59065852168045e-80	2.18186721432075e-79
9606.ENSP00000302530	9606.ENSP00000357858	BUB1	BUB3	9606	0.999	0	0	0	0	0.75	0.9	0.987	BUB1	BUB3	0.474240840233092	1.10886979904174e-29	3.47724314568292e-29
9606.ENSP00000302625	9606.ENSP00000359206	AXIN2	BTRC	9606	0.867	0	0	0	0	0.106	0	0.857	AXIN2	BTRC	0.300340282475452	5.48825613527752e-12	1.04448599524103e-11
9606.ENSP00000302961	9606.ENSP00000335153	HSPA4	HSP90AA1	9606	0.991	0	0	0	0	0.507	0	0.984	HSPA4	HSP90AA1	0.442268543624549	1.34218125185409e-25	3.81009921047568e-25
9606.ENSP00000302961	9606.ENSP00000437125	HSPA4	HSPA8	9606	0.996	0	0	0	0	0.657	0.5	0.979	HSPA4	HSPA8	0.535985058133142	6.74212835655851e-39	2.53628880435425e-38
9606.ENSP00000303315	9606.ENSP00000310170	JUNB	FOSL1	9606	0.999	0	0	0	0	0.583	0.9	0.983	JUNB	FOSL1	0.462254921144288	4.22895249483314e-28	1.28028227988138e-27
9606.ENSP00000303315	9606.ENSP00000306245	JUNB	FOS	9606	0.999	0	0	0	0	0.676	0.9	0.983	JUNB	FOS	0.639064185921698	2.56260830902802e-59	1.42231762813102e-58
9606.ENSP00000303315	9606.ENSP00000360266	JUNB	JUN	9606	0.999	0	0	0	0	0.563	0.9	0.982	JUNB	JUN	0.648919146573042	1.07922398041153e-61	6.33989471893574e-61
9606.ENSP00000303427	9606.ENSP00000313851	PDS5A	PDS5B	9606	0.931	0	0	0	0	0.724	0.4	0.622	PDS5A	PDS5B	0.596902143630512	4.55751659082018e-50	2.12050829193589e-49
9606.ENSP00000303427	9606.ENSP00000323421	PDS5A	SMC1A	9606	0.979	0	0	0	0	0.76	0.5	0.84	PDS5A	SMC1A	0.555612890481595	3.01650379892299e-42	1.21872032958078e-41
9606.ENSP00000303427	9606.ENSP00000372689	PDS5A	STAG1	9606	0.994	0	0	0	0	0.508	0.5	0.979	PDS5A	STAG1	0.469867204111715	4.25763064930781e-29	1.31643088295341e-28
9606.ENSP00000303427	9606.ENSP00000354720	PDS5A	SMC3	9606	0.996	0	0	0	0	0.726	0.5	0.976	PDS5A	SMC3	0.689520566963529	1.73869589723028e-72	1.25962440999772e-71
9606.ENSP00000303754	9606.ENSP00000360671	PPID	SLC25A5	9606	0.904	0	0	0	0	0.082	0.9	0	PPID	SLC25A5	0.409486818247042	7.72006484751077e-22	1.98212079515083e-21
9606.ENSP00000303830	9606.ENSP00000493728	INSR	GRB10	9606	0.84	0	0	0	0	0.457	0.5	0.459	INSR	GRB10	0.419796948638963	5.61359071514853e-23	1.48405103835928e-22
9606.ENSP00000303830	9606.ENSP00000497069	INSR	IGF1R	9606	0.997	0	0	0	0	0.927	0.9	0.683	INSR	IGF1R	0.322474576650212	1.10160853274909e-13	2.2315592076451e-13
9606.ENSP00000303963	9606.ENSP00000354294	CTRB2	CTRB1	9606	0.916	0	0	0	0	0.198	0.9	0	CTRB2	CTRB1	0.503654970197037	7.7388822239618e-34	2.63505956248005e-33
9606.ENSP00000304643	9606.ENSP00000378323	CALML6	PPP3CA	9606	0.945	0	0	0	0	0.05	0.65	0.848	CALML6	PPP3CA	-0.451533689767838	9.74291545417994e-27	2.85430609368635e-26
9606.ENSP00000304669	9606.ENSP00000377941	CTNNA1	ACTN1	9606	0.956	0	0	0	0	0.548	0.9	0.116	CTNNA1	ACTN1	0.519112936138334	3.44442116743729e-36	1.23056580364617e-35
9606.ENSP00000304669	9606.ENSP00000495360	CTNNA1	CTNNB1	9606	0.999	0	0	0	0	0.787	0.9	0.982	CTNNA1	CTNNB1	0.620502391854092	4.51649693097549e-55	2.30870957865717e-54
9606.ENSP00000304891	9606.ENSP00000352522	ATP6V1E2	ATP6V1H	9606	0.805	0	0	0	0	0.495	0.5	0.293	ATP6V1E2	ATP6V1H	0.371298403132239	5.9359986816743e-18	1.37307990457221e-17
9606.ENSP00000304891	9606.ENSP00000430282	ATP6V1E2	ATP6V1C1	9606	0.82	0	0	0	0	0.495	0.5	0.346	ATP6V1E2	ATP6V1C1	0.411460027990377	4.70754110403816e-22	1.21387395262035e-21
9606.ENSP00000304891	9606.ENSP00000417378	ATP6V1E2	ATP6V1F	9606	0.943	0	0	0	0	0.495	0.891	0.043	ATP6V1E2	ATP6V1F	-0.335976019962245	8.62377120229405e-15	1.80750400540034e-14
9606.ENSP00000304895	9606.ENSP00000493712	IRS1	RAD51	9606	0.847	0	0	0	0	0.292	0	0.793	IRS1	RAD51	-0.406657311693902	1.56023790272795e-21	3.96977364178553e-21
9606.ENSP00000304895	9606.ENSP00000379287	IRS1	YWHAZ	9606	0.86	0	0	0	0	0.163	0	0.84	IRS1	YWHAZ	-0.457147609170855	1.9111331221995e-27	5.6974990085648e-27
9606.ENSP00000304895	9606.ENSP00000346671	IRS1	FYN	9606	0.88	0	0	0	0	0.292	0	0.838	IRS1	FYN	-0.529637466852275	7.33876757034882e-38	2.70857057456515e-37
9606.ENSP00000304895	9606.ENSP00000365016	IRS1	IRS2	9606	0.997	0	0	0	0	0.287	0.9	0.963	IRS1	IRS2	-0.308439788078187	1.36380723795043e-12	2.65571129521905e-12
9606.ENSP00000305260	9606.ENSP00000359675	GNB2	GNG5	9606	0.892	0	0	0	0	0.769	0.54	0.07	GNB2	GNG5	0.431217283219005	2.76392286618092e-24	7.59760880968865e-24
9606.ENSP00000305422	9606.ENSP00000387699	CEBPB	CREB1	9606	0.765	0	0	0	0	0.292	0	0.683	CEBPB	CREB1	-0.477611984800964	3.87913415075155e-30	1.22857391859007e-29
9606.ENSP00000305422	9606.ENSP00000341551	CEBPB	SMAD4	9606	0.848	0	0	0	0	0.457	0	0.733	CEBPB	SMAD4	-0.424538354456564	1.63066235058887e-23	4.3862917094627e-23
9606.ENSP00000305422	9606.ENSP00000368880	CEBPB	FOXO1	9606	0.875	0	0	0	0	0.292	0	0.832	CEBPB	FOXO1	-0.31267673351186	6.47033872324087e-13	1.27412234222484e-12
9606.ENSP00000305422	9606.ENSP00000336790	CEBPB	ATF4	9606	0.995	0	0	0	0	0.918	0.9	0.48	CEBPB	ATF4	0.454904931486937	3.67672680762879e-27	1.09035077912659e-26
9606.ENSP00000305480	9606.ENSP00000311368	FEN1	POLD4	9606	0.727	0	0	0	0	0.477	0.5	0	FEN1	POLD4	0.313043944145967	6.062006655654e-13	1.19556896313549e-12
9606.ENSP00000305480	9606.ENSP00000472445	FEN1	POLD1	9606	0.883	0	0	0	0	0.735	0.5	0.192	FEN1	POLD1	0.419196795455943	6.55528315011649e-23	1.72985219422534e-22
9606.ENSP00000305480	9606.ENSP00000368458	FEN1	PCNA	9606	0.992	0	0	0	0	0.977	0.5	0.351	FEN1	PCNA	0.73068030405525	2.04378097096812e-85	1.92580808705703e-84
9606.ENSP00000305651	9606.ENSP00000379140	CXCL10	CXCL12	9606	0.744	0	0	0	0	0.734	0	0.08	CXCL10	CXCL12	0.408641423148526	9.53288495427397e-22	2.44015908469155e-21
9606.ENSP00000305651	9606.ENSP00000474412	CXCL10	CCL5	9606	0.748	0	0	0	0	0.734	0	0.092	CXCL10	CCL5	0.821234483696817	1.16798257421157e-124	2.78478849912369e-123
9606.ENSP00000305651	9606.ENSP00000306884	CXCL10	CXCL11	9606	0.974	0	0	0	0	0.734	0.9	0.111	CXCL10	CXCL11	0.954877419920814	2.33100535872347e-267	3.38228877550775e-264
9606.ENSP00000305651	9606.ENSP00000354901	CXCL10	CXCL9	9606	0.981	0	0	0	0	0.734	0.9	0.353	CXCL10	CXCL9	0.924044423075848	3.3570119190185e-212	1.36388680245884e-209
9606.ENSP00000305769	9606.ENSP00000367797	SMAD1	SKI	9606	0.799	0	0	0	0	0.572	0.5	0.139	SMAD1	SKI	0.300886765695203	5.00292711222057e-12	9.54267242794824e-12
9606.ENSP00000305769	9606.ENSP00000441954	SMAD1	SMAD5	9606	0.938	0	0	0	0	0.132	0.9	0.349	SMAD1	SMAD5	0.540455784708906	1.2168027574096e-39	4.6445192059411e-39
9606.ENSP00000305769	9606.ENSP00000478927	SMAD1	YAP1	9606	0.939	0	0	0	0	0.647	0.8	0.207	SMAD1	YAP1	0.481659780884921	1.0821640089038e-30	3.47723500108697e-30
9606.ENSP00000305769	9606.ENSP00000308369	SMAD1	LEMD3	9606	0.967	0	0	0	0	0.967	0	0	SMAD1	LEMD3	0.506702223017333	2.72009529019113e-34	9.35908125422469e-34
9606.ENSP00000305769	9606.ENSP00000341551	SMAD1	SMAD4	9606	0.977	0	0	0	0	0.628	0.9	0.438	SMAD1	SMAD4	0.4845237629353	4.34020362047033e-31	1.40348450089516e-30
9606.ENSP00000305769	9606.ENSP00000354621	SMAD1	SMURF1	9606	0.978	0	0	0	0	0.963	0	0.449	SMAD1	SMURF1	0.460465083775458	7.19537773531056e-28	2.16415314354603e-27
9606.ENSP00000306157	9606.ENSP00000432511	IL7R	JAK3	9606	0.932	0	0	0	0	0.292	0.8	0.564	IL7R	JAK3	0.576154416683904	5.33953463549949e-46	2.31174992722798e-45
9606.ENSP00000306157	9606.ENSP00000363318	IL7R	IL2RG	9606	0.996	0	0	0	0	0.201	0.8	0.982	IL7R	IL2RG	0.839305234871313	3.13709393623271e-135	1.00199569529294e-133
9606.ENSP00000306157	9606.ENSP00000370978	IL7R	CRLF2	9606	0.999	0	0	0	0	0.922	0.9	0.982	IL7R	CRLF2	0.405724363963714	1.96474162451367e-21	4.98398618386248e-21
9606.ENSP00000306245	9606.ENSP00000360266	FOS	JUN	9606	0.999	0	0	0	0	0.972	0.9	0.987	FOS	JUN	0.861163911422198	6.39342996957554e-150	3.23074966174024e-148
9606.ENSP00000306253	9606.ENSP00000363435	ITPR1	ITPR3	9606	0.964	0	0	0	0	0.627	0.9	0.115	ITPR1	ITPR3	-0.526511471022879	2.33461922300228e-37	8.51444432604456e-37
9606.ENSP00000306253	9606.ENSP00000378487	ITPR1	VDAC1	9606	0.986	0	0	0	0	0.201	0	0.984	ITPR1	VDAC1	-0.37422406836957	3.11526323896235e-18	7.26894755757882e-18
9606.ENSP00000306253	9606.ENSP00000381185	ITPR1	BCL2	9606	0.989	0	0	0	0	0.457	0	0.982	ITPR1	BCL2	0.667108791624504	2.56238214664999e-66	1.61954669965924e-65
9606.ENSP00000306330	9606.ENSP00000419060	YWHAG	BRAF	9606	0.762	0	0	0	0	0.709	0	0.215	YWHAG	BRAF	0.348814415603051	6.79319450820715e-16	1.46992919940051e-15
9606.ENSP00000306330	9606.ENSP00000340989	YWHAG	SFN	9606	0.8	0	0	0	0	0.618	0.5	0	YWHAG	SFN	0.304771967880018	2.57574554562655e-12	4.95771224311709e-12
9606.ENSP00000306330	9606.ENSP00000371267	YWHAG	YWHAQ	9606	0.808	0	0	0	0	0.457	0.5	0.353	YWHAG	YWHAQ	0.398437141850831	1.16014826964671e-20	2.88319695982422e-20
9606.ENSP00000306330	9606.ENSP00000361930	YWHAG	YWHAB	9606	0.887	0	0	0	0	0.619	0.5	0.457	YWHAG	YWHAB	0.347614668299128	8.65723528138857e-16	1.86889561643068e-15
9606.ENSP00000306330	9606.ENSP00000312664	YWHAG	CASP2	9606	0.9	0	0	0	0	0.9	0	0	YWHAG	CASP2	0.487356810215183	1.74305057166013e-31	5.68351995388507e-31
9606.ENSP00000306330	9606.ENSP00000379287	YWHAG	YWHAZ	9606	0.965	0	0	0	0	0.673	0.5	0.806	YWHAG	YWHAZ	0.455739145343106	2.88405630851892e-27	8.56530991977389e-27
9606.ENSP00000306397	9606.ENSP00000419087	UQCRFS1	NDUFB2	9606	0.8	0	0	0	0	0.8	0	0	UQCRFS1	NDUFB2	0.568258409691901	1.588362695734e-44	6.67480343424504e-44
9606.ENSP00000306397	9606.ENSP00000360492	UQCRFS1	NDUFA1	9606	0.807	0	0	0	0	0.807	0	0	UQCRFS1	NDUFA1	0.387900032239249	1.40087553843086e-19	3.37733036882084e-19
9606.ENSP00000306397	9606.ENSP00000346196	UQCRFS1	NDUFV3	9606	0.808	0	0	0	0	0.808	0	0	UQCRFS1	NDUFV3	0.300168929936472	5.64969550856881e-12	1.07480721634264e-11
9606.ENSP00000306397	9606.ENSP00000429707	UQCRFS1	COX6C	9606	0.823	0	0	0	0	0.631	0.54	0	UQCRFS1	COX6C	0.389390864552294	9.90112096484815e-20	2.39727498545799e-19
9606.ENSP00000306397	9606.ENSP00000407336	UQCRFS1	NDUFB3	9606	0.83	0	0	0	0	0.83	0	0	UQCRFS1	NDUFB3	0.578962678876583	1.56226155594721e-46	6.83371689222904e-46
9606.ENSP00000306397	9606.ENSP00000483888	UQCRFS1	NDUFB1	9606	0.83	0	0	0	0	0.83	0	0	UQCRFS1	NDUFB1	0.333956408063166	1.27259141296879e-14	2.65415009887556e-14
9606.ENSP00000306397	9606.ENSP00000369176	UQCRFS1	NDUFB6	9606	0.842	0	0	0	0	0.842	0	0	UQCRFS1	NDUFB6	0.492865342434865	2.8858202274773e-32	9.53522317842775e-32
9606.ENSP00000306397	9606.ENSP00000485401	UQCRFS1	UQCRHL	9606	0.866	0	0	0	0	0.5	0.744	0	UQCRFS1	UQCRHL	0.519280654773552	3.24291355237892e-36	1.15939010740981e-35
9606.ENSP00000306397	9606.ENSP00000307786	UQCRFS1	CYCS	9606	0.878	0	0	0	0	0.508	0	0.762	UQCRFS1	CYCS	0.576199421184354	5.23588740745894e-46	2.26784257558893e-45
9606.ENSP00000306397	9606.ENSP00000356972	UQCRFS1	NDUFS2	9606	0.898	0	0	0	0	0.898	0	0	UQCRFS1	NDUFS2	0.668650405413212	1.00371902444586e-66	6.40375259503557e-66
9606.ENSP00000306397	9606.ENSP00000458770	UQCRFS1	NDUFAB1	9606	0.901	0	0	0	0	0.901	0	0	UQCRFS1	NDUFAB1	0.555486169734986	3.17574654150253e-42	1.28254702274518e-41
9606.ENSP00000306397	9606.ENSP00000362873	UQCRFS1	NDUFA8	9606	0.913	0	0	0	0	0.913	0	0	UQCRFS1	NDUFA8	0.374861678714455	2.70454391343237e-18	6.32367691729571e-18
9606.ENSP00000306397	9606.ENSP00000497474	UQCRFS1	COX7B	9606	0.935	0	0	0	0	0.865	0.54	0	UQCRFS1	COX7B	0.490405003233243	6.46946608796232e-32	2.12242787646748e-31
9606.ENSP00000306397	9606.ENSP00000482543	UQCRFS1	NDUFA6	9606	0.945	0	0	0	0	0.945	0	0	UQCRFS1	NDUFA6	0.41488670606191	1.9784206303935e-22	5.15516119623057e-22
9606.ENSP00000306397	9606.ENSP00000315774	UQCRFS1	NDUFS8	9606	0.946	0	0	0	0	0.946	0	0	UQCRFS1	NDUFS8	0.357435432984292	1.15345201017602e-16	2.55520437674107e-16
9606.ENSP00000306397	9606.ENSP00000392709	UQCRFS1	NDUFS1	9606	0.946	0	0	0	0	0.946	0	0	UQCRFS1	NDUFS1	0.451690231134915	9.31410042930489e-27	2.7318313040846e-26
9606.ENSP00000306397	9606.ENSP00000423673	UQCRFS1	NDUFA13	9606	0.951	0	0	0	0	0.951	0	0	UQCRFS1	NDUFA13	0.300724171796062	5.14276494254562e-12	9.80019953497858e-12
9606.ENSP00000306397	9606.ENSP00000330737	UQCRFS1	NDUFA12	9606	0.951	0	0	0	0	0.951	0	0	UQCRFS1	NDUFA12	0.330503081364037	2.45910407933844e-14	5.08001700298023e-14
9606.ENSP00000306397	9606.ENSP00000457513	UQCRFS1	COX4I1	9606	0.953	0	0	0	0	0.903	0.54	0	UQCRFS1	COX4I1	0.368365656441421	1.12544081230133e-17	2.58038427326064e-17
9606.ENSP00000306397	9606.ENSP00000327268	UQCRFS1	NDUFV2	9606	0.956	0	0	0	0	0.945	0	0.223	UQCRFS1	NDUFV2	0.343648495284311	1.91556279251409e-15	4.09263173823426e-15
9606.ENSP00000306397	9606.ENSP00000466818	UQCRFS1	COX6B1	9606	0.957	0	0	0	0	0.91	0.54	0	UQCRFS1	COX6B1	0.355769893759562	1.63161262732965e-16	3.59797860525124e-16
9606.ENSP00000306397	9606.ENSP00000497587	UQCRFS1	NDUFV1	9606	0.973	0	0	0	0	0.954	0	0.434	UQCRFS1	NDUFV1	0.55268797066042	9.8346727638183e-42	3.92498118908065e-41
9606.ENSP00000306397	9606.ENSP00000309565	UQCRFS1	UQCRH	9606	0.983	0	0	0	0	0.904	0.744	0.382	UQCRFS1	UQCRH	0.555259935931481	3.48103976019984e-42	1.40416683257942e-41
9606.ENSP00000306397	9606.ENSP00000425759	UQCRFS1	COX7C	9606	0.994	0	0	0	0	0.947	0.9	0	UQCRFS1	COX7C	0.508740283966285	1.34373423729032e-34	4.64702371404759e-34
9606.ENSP00000306397	9606.ENSP00000317780	UQCRFS1	COX5A	9606	0.994	0	0	0	0	0.947	0.9	0.044	UQCRFS1	COX5A	0.593362162303187	2.36541337623613e-49	1.09058119212121e-48
9606.ENSP00000306397	9606.ENSP00000430494	UQCRFS1	UQCRB	9606	0.994	0	0	0	0	0.966	0.851	0	UQCRFS1	UQCRB	0.422171564982585	3.02986919132736e-23	8.07938602686059e-23
9606.ENSP00000306397	9606.ENSP00000467262	UQCRFS1	UQCR11	9606	0.996	0	0	0	0	0.95	0.851	0.614	UQCRFS1	UQCR11	0.458175072165602	1.41382566130777e-27	4.2285710370739e-27
9606.ENSP00000306397	9606.ENSP00000367939	UQCRFS1	UQCRQ	9606	0.997	0	0	0	0	0.978	0.851	0.357	UQCRFS1	UQCRQ	0.395053325208297	2.60729063073544e-20	6.39977064678102e-20
9606.ENSP00000306397	9606.ENSP00000332887	UQCRFS1	UQCR10	9606	0.997	0	0	0	0	0.977	0.851	0.356	UQCRFS1	UQCR10	0.421034898520908	4.07273777627015e-23	1.08205068254188e-22
9606.ENSP00000306397	9606.ENSP00000317159	UQCRFS1	CYC1	9606	0.999	0	0	0	0	0.977	0.98	0.966	UQCRFS1	CYC1	0.58449590300645	1.33913483935567e-47	5.9760951508504e-47
9606.ENSP00000306496	9606.ENSP00000358072	RAB33B	ATG5	9606	0.906	0	0	0	0	0.607	0	0.773	RAB33B	ATG5	0.321734844291883	1.26201740485453e-13	2.55344836277041e-13
9606.ENSP00000306512	9606.ENSP00000384273	CXCL8	RELA	9606	0.74	0	0	0	0	0.457	0	0.542	CXCL8	RELA	0.386514676312352	1.93091494407703e-19	4.64526363974192e-19
9606.ENSP00000306512	9606.ENSP00000367872	CXCL8	GNB1	9606	0.8	0	0	0	0	0.8	0	0	CXCL8	GNB1	0.380051359173184	8.45787920582296e-19	2.00295358110384e-18
9606.ENSP00000306866	9606.ENSP00000384259	GABARAP	ATG4B	9606	0.757	0	0	0	0	0.597	0	0.421	GABARAP	ATG4B	0.30831893748381	1.3928790823775e-12	2.71128264463554e-12
9606.ENSP00000306866	9606.ENSP00000346437	GABARAP	ATG7	9606	0.879	0	0	0	0	0.728	0	0.572	GABARAP	ATG7	0.494622661023866	1.6147414688646e-32	5.36679617122308e-32
9606.ENSP00000306866	9606.ENSP00000374455	GABARAP	SQSTM1	9606	0.999	0	0	0	0	0.51	0.9	0.984	GABARAP	SQSTM1	0.553005424766079	8.65564066688824e-42	3.46123394699149e-41
9606.ENSP00000306866	9606.ENSP00000343479	GABARAP	NBR1	9606	0.999	0	0	0	0	0.695	0.9	0.986	GABARAP	NBR1	-0.317440501814157	2.7580590916722e-13	5.5079839154767e-13
9606.ENSP00000306884	9606.ENSP00000427279	CXCL11	CXCL2	9606	0.734	0	0	0	0	0.734	0	0	CXCL11	CXCL2	0.310101514268698	1.01945408422942e-12	1.99472069611216e-12
9606.ENSP00000306884	9606.ENSP00000351671	CXCL11	CCL20	9606	0.734	0	0	0	0	0.734	0	0	CXCL11	CCL20	0.409298113960837	8.09265045289715e-22	2.07620739202012e-21
9606.ENSP00000306884	9606.ENSP00000379140	CXCL11	CXCL12	9606	0.744	0	0	0	0	0.734	0	0.08	CXCL11	CXCL12	0.400474839420468	7.09216321390978e-21	1.77033919301257e-20
9606.ENSP00000306884	9606.ENSP00000474412	CXCL11	CCL5	9606	0.858	0	0	0	0	0.734	0	0.489	CXCL11	CCL5	0.801376243246442	2.43212030797345e-114	4.45903356824663e-113
9606.ENSP00000306884	9606.ENSP00000354901	CXCL11	CXCL9	9606	0.972	0	0	0	0	0.734	0.9	0	CXCL11	CXCL9	0.918015006112762	3.38377904122305e-204	1.22746584720366e-201
9606.ENSP00000307235	9606.ENSP00000324173	EIF2AK3	HSPA5	9606	0.998	0	0	0	0	0.457	0.9	0.982	EIF2AK3	HSPA5	0.397430830039526	1.47747948030024e-20	3.65661770989511e-20
9606.ENSP00000307241	9606.ENSP00000369134	PDHB	PDHA1	9606	0.999	0	0	0	0	0.971	0.972	0.932	PDHB	PDHA1	0.572088544258152	3.09886254734624e-45	1.31750300935101e-44
9606.ENSP00000307272	9606.ENSP00000432412	RPTOR	ATG13	9606	0.755	0	0	0	0	0.457	0.5	0.172	RPTOR	ATG13	0.416918337796512	1.17775669713723e-22	3.08709026395429e-22
9606.ENSP00000307272	9606.ENSP00000362547	RPTOR	TTI1	9606	0.998	0	0	0	0	0.292	0.9	0.978	RPTOR	TTI1	0.440023350161103	2.50395084262641e-25	7.06069647655649e-25
9606.ENSP00000307272	9606.ENSP00000354558	RPTOR	MTOR	9606	0.999	0	0	0	0	0.984	0.9	0.987	RPTOR	MTOR	0.465774962589427	1.47327894245225e-28	4.51269427578031e-28
9606.ENSP00000307288	9606.ENSP00000322570	MCM7	POLE	9606	0.867	0	0	0	0	0.867	0	0	MCM7	POLE	0.493473322487528	2.36152521063583e-32	7.81048894966724e-32
9606.ENSP00000307288	9606.ENSP00000360623	MCM7	ORC1	9606	0.936	0	0	0	0	0.784	0.65	0.228	MCM7	ORC1	0.426236412461122	1.04234403910698e-23	2.81871363290992e-23
9606.ENSP00000307288	9606.ENSP00000405726	MCM7	CDC45	9606	0.997	0	0	0	0	0.981	0.54	0.763	MCM7	CDC45	0.434491430509511	1.14112071161457e-24	3.16330869756254e-24
9606.ENSP00000307288	9606.ENSP00000480987	MCM7	MCM3	9606	0.999	0	0	0	0	0.99	0.9	0.986	MCM7	MCM3	0.550891145015123	2.02094967426855e-41	8.0026455522595e-41
9606.ENSP00000307786	9606.ENSP00000429707	CYCS	COX6C	9606	0.723	0	0	0	0	0.32	0	0.61	CYCS	COX6C	0.551480582840893	1.59644450736825e-41	6.33401830521068e-41
9606.ENSP00000307786	9606.ENSP00000317159	CYCS	CYC1	9606	0.977	0	0	0	0	0.602	0	0.945	CYCS	CYC1	0.579461548639336	1.25428141319158e-46	5.48889974743078e-46
9606.ENSP00000307959	9606.ENSP00000497653	DST	COL17A1	9606	0.994	0	0	0	0	0.421	0.5	0.982	DST	COL17A1	0.461120304577041	5.92534008649074e-28	1.78586585336755e-27
9606.ENSP00000308193	9606.ENSP00000337623	RNASEH2C	RNASEH2B	9606	0.999	0	0	0	0	0.966	0.9	0.982	RNASEH2C	RNASEH2B	0.317035181779047	2.96736149283022e-13	5.91434275562727e-13
9606.ENSP00000308219	9606.ENSP00000405004	RGMB	ACVR1	9606	0.926	0	0	0	0	0.292	0.9	0	RGMB	ACVR1	0.317334000480793	2.81161116742433e-13	5.61162008794044e-13
9606.ENSP00000308219	9606.ENSP00000341198	RGMB	NEO1	9606	0.982	0	0	0	0	0.903	0.5	0.666	RGMB	NEO1	0.374464744611107	2.95347995652435e-18	6.89779165748857e-18
9606.ENSP00000308351	9606.ENSP00000398698	MLKL	TNF	9606	0.734	0	0	0	0	0.734	0	0	MLKL	TNF	0.334157946441296	1.22428066028613e-14	2.55444097504647e-14
9606.ENSP00000308351	9606.ENSP00000351273	MLKL	CASP8	9606	0.824	0	0	0	0	0.189	0	0.792	MLKL	CASP8	0.303556566836808	3.17365987199167e-12	6.09239525984113e-12
9606.ENSP00000308369	9606.ENSP00000332973	LEMD3	SMAD3	9606	0.861	0	0	0	0	0.694	0	0.565	LEMD3	SMAD3	0.400879591064696	6.42906703688646e-21	1.60718764198021e-20
9606.ENSP00000308413	9606.ENSP00000419060	RPS6KB2	BRAF	9606	0.883	0	0	0	0	0.457	0	0.794	RPS6KB2	BRAF	-0.479386820669645	2.22095271916046e-30	7.07819791920704e-30
9606.ENSP00000308782	9606.ENSP00000428924	GP6	LYN	9606	0.988	0	0	0	0	0.457	0.9	0.806	GP6	LYN	-0.362793399591358	3.72750101728582e-17	8.41525401924251e-17
9606.ENSP00000309338	9606.ENSP00000368265	CLCF1	CNTFR	9606	0.901	0	0	0	0	0.549	0.72	0.286	CLCF1	CNTFR	-0.349022693916419	6.51248627377739e-16	1.40948909189765e-15
9606.ENSP00000309457	9606.ENSP00000335193	VPS41	VPS39	9606	0.999	0	0	0	0	0.867	0.9	0.931	VPS41	VPS39	0.300670781363851	5.18951067678222e-12	9.88557013204744e-12
9606.ENSP00000309457	9606.ENSP00000481126	VPS41	VPS11	9606	0.999	0	0	0	0	0.89	0.9	0.927	VPS41	VPS11	0.355829433875064	1.6115657844427e-16	3.55454368568611e-16
9606.ENSP00000309457	9606.ENSP00000369810	VPS41	VPS16	9606	0.999	0	0	0	0	0.906	0.9	0.923	VPS41	VPS16	-0.466647006315538	1.13242678606339e-28	3.47494225560297e-28
9606.ENSP00000309474	9606.ENSP00000362334	PSMD1	PSMB2	9606	0.972	0	0	0	0	0.965	0	0.226	PSMD1	PSMB2	0.357552556497886	1.12557493581335e-16	2.49453733865507e-16
9606.ENSP00000309474	9606.ENSP00000414359	PSMD1	PSMA1	9606	0.972	0	0	0	0	0.961	0	0.308	PSMD1	PSMA1	0.345851386380874	1.23403872110425e-15	2.65328774137509e-15
9606.ENSP00000309474	9606.ENSP00000391211	PSMD1	PSMC2	9606	0.998	0	0	0	0	0.968	0.72	0.793	PSMD1	PSMC2	0.438130365831614	4.22079431094143e-25	1.18394387783021e-24
9606.ENSP00000309474	9606.ENSP00000386541	PSMD1	PSMD14	9606	0.998	0	0	0	0	0.984	0.72	0.763	PSMD1	PSMD14	0.557366575166833	1.47682101530172e-42	6.01205252601987e-42
9606.ENSP00000309474	9606.ENSP00000310129	PSMD1	PSMD2	9606	0.999	0	0	0	0	0.972	0.72	0.925	PSMD1	PSMD2	0.647979549507746	1.83402974099576e-61	1.07120414487026e-60
9606.ENSP00000309565	9606.ENSP00000429707	UQCRH	COX6C	9606	0.705	0	0	0	0	0.385	0.54	0	UQCRH	COX6C	0.794467055401192	5.06783059692428e-111	8.60768484497658e-110
9606.ENSP00000309565	9606.ENSP00000441126	UQCRH	NDUFC1	9606	0.8	0	0	0	0	0.8	0	0	UQCRH	NDUFC1	0.642598949335927	3.68687534395848e-60	2.0838949843398e-59
9606.ENSP00000309565	9606.ENSP00000367938	UQCRH	COX7A2L	9606	0.806	0	0	0	0	0.709	0.36	0	UQCRH	COX7A2L	0.527619066254451	1.55144729344516e-37	5.6888267723908e-37
9606.ENSP00000309565	9606.ENSP00000419087	UQCRH	NDUFB2	9606	0.815	0	0	0	0	0.8	0	0.115	UQCRH	NDUFB2	0.760749180508113	1.75240144735112e-96	2.05532811786898e-95
9606.ENSP00000309565	9606.ENSP00000360492	UQCRH	NDUFA1	9606	0.816	0	0	0	0	0.816	0	0	UQCRH	NDUFA1	0.792837016620917	2.94625874797573e-110	4.8897304090179e-109
9606.ENSP00000309565	9606.ENSP00000346196	UQCRH	NDUFV3	9606	0.818	0	0	0	0	0.818	0	0	UQCRH	NDUFV3	0.655128929041972	3.09284955371631e-63	1.86655216382036e-62
9606.ENSP00000309565	9606.ENSP00000483888	UQCRH	NDUFB1	9606	0.832	0	0	0	0	0.832	0	0	UQCRH	NDUFB1	0.740950181974719	5.05953812203615e-89	5.12360206435904e-88
9606.ENSP00000309565	9606.ENSP00000407336	UQCRH	NDUFB3	9606	0.832	0	0	0	0	0.832	0	0	UQCRH	NDUFB3	0.702307901597613	2.8979924531671e-76	2.25209711911386e-75
9606.ENSP00000309565	9606.ENSP00000369176	UQCRH	NDUFB6	9606	0.842	0	0	0	0	0.842	0	0	UQCRH	NDUFB6	0.697983556119587	5.78306339716173e-75	4.37694298993828e-74
9606.ENSP00000309565	9606.ENSP00000418438	UQCRH	NDUFA3	9606	0.842	0	0	0	0	0.842	0	0	UQCRH	NDUFA3	0.720275971696548	6.28222333860249e-82	5.48654707224295e-81
9606.ENSP00000309565	9606.ENSP00000458770	UQCRH	NDUFAB1	9606	0.865	0	0	0	0	0.865	0	0	UQCRH	NDUFAB1	0.648646883321872	1.25871398086185e-61	7.38576424241124e-61
9606.ENSP00000309565	9606.ENSP00000356972	UQCRH	NDUFS2	9606	0.871	0	0	0	0	0.871	0	0	UQCRH	NDUFS2	0.602359894374531	3.4556036768745e-51	1.63858854089703e-50
9606.ENSP00000309565	9606.ENSP00000417142	UQCRH	NDUFA5	9606	0.872	0	0	0	0	0.872	0	0	UQCRH	NDUFA5	0.503641264747593	7.77517681293584e-34	2.64653052577042e-33
9606.ENSP00000309565	9606.ENSP00000365243	UQCRH	COX4I2	9606	0.873	0	0	0	0	0.323	0.54	0.625	UQCRH	COX4I2	0.324624263668603	7.40523010902239e-14	1.50973348489242e-13
9606.ENSP00000309565	9606.ENSP00000362058	UQCRH	NDUFS5	9606	0.875	0	0	0	0	0.875	0	0	UQCRH	NDUFS5	0.516600976867873	8.46241504611861e-36	3.00955005684267e-35
9606.ENSP00000309565	9606.ENSP00000327268	UQCRH	NDUFV2	9606	0.888	0	0	0	0	0.888	0	0	UQCRH	NDUFV2	0.757609301302801	2.98256243829084e-95	3.38857792905147e-94
9606.ENSP00000309565	9606.ENSP00000497587	UQCRH	NDUFV1	9606	0.888	0	0	0	0	0.888	0	0	UQCRH	NDUFV1	0.602609795141005	3.06700006836401e-51	1.45635903199501e-50
9606.ENSP00000309565	9606.ENSP00000362873	UQCRH	NDUFA8	9606	0.888	0	0	0	0	0.888	0	0	UQCRH	NDUFA8	0.761835065494127	6.50866058832493e-97	7.73198428018904e-96
9606.ENSP00000309565	9606.ENSP00000389160	UQCRH	NDUFA11	9606	0.889	0	0	0	0	0.825	0	0.392	UQCRH	NDUFA11	0.668246203502338	1.28401483615088e-66	8.16639867926392e-66
9606.ENSP00000309565	9606.ENSP00000315774	UQCRH	NDUFS8	9606	0.89	0	0	0	0	0.89	0	0	UQCRH	NDUFS8	0.711026754849398	5.86135151706492e-79	4.78567100955212e-78
9606.ENSP00000309565	9606.ENSP00000423673	UQCRH	NDUFA13	9606	0.916	0	0	0	0	0.869	0	0.388	UQCRH	NDUFA13	0.712011729123223	2.86633516274088e-79	2.34974707408871e-78
9606.ENSP00000309565	9606.ENSP00000482543	UQCRH	NDUFA6	9606	0.917	0	0	0	0	0.873	0	0.375	UQCRH	NDUFA6	0.649647511334984	7.14542176918758e-62	4.21463698662243e-61
9606.ENSP00000309565	9606.ENSP00000425759	UQCRH	COX7C	9606	0.935	0	0	0	0	0.864	0.54	0	UQCRH	COX7C	0.850531295365561	1.75941374117721e-142	7.03557691698305e-141
9606.ENSP00000309565	9606.ENSP00000466818	UQCRH	COX6B1	9606	0.935	0	0	0	0	0.864	0.54	0	UQCRH	COX6B1	0.790984005232821	2.13783158568468e-109	3.48538610205447e-108
9606.ENSP00000309565	9606.ENSP00000497474	UQCRH	COX7B	9606	0.948	0	0	0	0	0.86	0.54	0.266	UQCRH	COX7B	0.803699314030782	1.73978169340097e-115	3.27847173652573e-114
9606.ENSP00000309565	9606.ENSP00000317780	UQCRH	COX5A	9606	0.949	0	0	0	0	0.866	0.54	0.24	UQCRH	COX5A	0.81767558743452	1.02041088742845e-122	2.26295052043903e-121
9606.ENSP00000309565	9606.ENSP00000330737	UQCRH	NDUFA12	9606	0.95	0	0	0	0	0.949	0	0	UQCRH	NDUFA12	0.752064336868469	4.00980519047919e-93	4.36055581581339e-92
9606.ENSP00000309565	9606.ENSP00000457513	UQCRH	COX4I1	9606	0.979	0	0	0	0	0.889	0.54	0.624	UQCRH	COX4I1	0.820207766118227	4.2845941983835e-124	9.89059619840482e-123
9606.ENSP00000309565	9606.ENSP00000467262	UQCRH	UQCR11	9606	0.996	0	0	0	0	0.89	0.944	0.479	UQCRH	UQCR11	0.798539543395333	5.81128780323362e-113	1.04284894377109e-111
9606.ENSP00000309565	9606.ENSP00000317159	UQCRH	CYC1	9606	0.998	0	0	0	0	0.98	0.744	0.733	UQCRH	CYC1	0.788414928449367	3.22790425955427e-108	5.08307342082058e-107
9606.ENSP00000309565	9606.ENSP00000430494	UQCRH	UQCRB	9606	0.999	0	0	0	0	0.956	0.944	0.638	UQCRH	UQCRB	0.781519083585377	3.92425467504024e-105	5.75992120439071e-104
9606.ENSP00000309565	9606.ENSP00000367939	UQCRH	UQCRQ	9606	0.999	0	0	0	0	0.977	0.944	0.618	UQCRH	UQCRQ	0.788864507568769	2.01279094721597e-108	3.18441084904558e-107
9606.ENSP00000309565	9606.ENSP00000332887	UQCRH	UQCR10	9606	0.999	0	0	0	0	0.946	0.944	0.83	UQCRH	UQCR10	0.706191519773095	1.88071121899884e-77	1.49354056695631e-76
9606.ENSP00000309591	9606.ENSP00000339191	PRKACA	CAV1	9606	0.846	0	0	0	0	0.292	0	0.792	PRKACA	CAV1	-0.39484274514408	2.74120294974861e-20	6.72521699531319e-20
9606.ENSP00000309597	9606.ENSP00000381070	MAP3K11	MAP2K7	9606	0.724	0	0	0	0	0.457	0	0.513	MAP3K11	MAP2K7	0.552491553503176	1.0642535935305e-41	4.242395506079e-41
9606.ENSP00000310129	9606.ENSP00000355325	PSMD2	PSMB5	9606	0.962	0	0	0	0	0.946	0	0.312	PSMD2	PSMB5	0.435054965123841	9.7899880034717e-25	2.71834084612526e-24
9606.ENSP00000310129	9606.ENSP00000359910	PSMD2	PSMA7	9606	0.971	0	0	0	0	0.953	0	0.398	PSMD2	PSMA7	0.354368977270398	2.18081086784348e-16	4.78515791416854e-16
9606.ENSP00000310129	9606.ENSP00000386541	PSMD2	PSMD14	9606	0.995	0	0	0	0	0.983	0.72	0.083	PSMD2	PSMD14	0.357988531772432	1.02750814577674e-16	2.282677217116e-16
9606.ENSP00000310219	9606.ENSP00000364805	HSPA6	HSPA1L	9606	0.773	0	0	0	0	0.424	0.5	0.277	HSPA6	HSPA1L	-0.34524983554256	1.3919608543208e-15	2.98714269962737e-15
9606.ENSP00000310219	9606.ENSP00000364801	HSPA6	HSPA1B	9606	0.88	0	0	0	0	0.649	0.5	0.376	HSPA6	HSPA1B	0.334645452122852	1.11473757545983e-14	2.32827257946648e-14
9606.ENSP00000310572	9606.ENSP00000354558	PSMC5	MTOR	9606	0.734	0	0	0	0	0.734	0	0	PSMC5	MTOR	-0.598120992223446	2.57289791637952e-50	1.20483744290764e-49
9606.ENSP00000310572	9606.ENSP00000478771	PSMC5	UBB	9606	0.847	0	0	0	0	0.847	0	0	PSMC5	UBB	0.599260640349749	1.50413573082814e-50	7.05984594178437e-50
9606.ENSP00000310572	9606.ENSP00000388107	PSMC5	UBA52	9606	0.864	0	0	0	0	0.864	0	0	PSMC5	UBA52	0.481034376729598	1.31959580891282e-30	4.22678480956402e-30
9606.ENSP00000310572	9606.ENSP00000440485	PSMC5	PSMD9	9606	0.895	0	0	0	0	0.642	0.72	0	PSMC5	PSMD9	0.670871186497532	2.57595538326429e-67	1.66755760534196e-66
9606.ENSP00000310572	9606.ENSP00000441543	PSMC5	UBC	9606	0.898	0	0	0	0	0.898	0	0	PSMC5	UBC	0.33976674064922	4.12229772042058e-15	8.72840899443648e-15
9606.ENSP00000310572	9606.ENSP00000478877	PSMC5	ADRM1	9606	0.943	0	0	0	0	0.825	0.54	0.353	PSMC5	ADRM1	0.713957172114727	6.91589667657116e-80	5.75776742163387e-79
9606.ENSP00000310572	9606.ENSP00000414359	PSMC5	PSMA1	9606	0.946	0	0	0	0	0.946	0	0	PSMC5	PSMA1	0.41013253499263	6.56867498107275e-22	1.69034790430089e-21
9606.ENSP00000310572	9606.ENSP00000359910	PSMC5	PSMA7	9606	0.95	0	0	0	0	0.95	0	0	PSMC5	PSMA7	0.426139694714813	1.06932726937338e-23	2.88937405560667e-23
9606.ENSP00000310572	9606.ENSP00000362334	PSMC5	PSMB2	9606	0.96	0	0	0	0	0.959	0	0	PSMC5	PSMB2	0.549174451606651	4.00530262857668e-41	1.57803951894699e-40
9606.ENSP00000310572	9606.ENSP00000483688	PSMC5	PSMB3	9606	0.961	0	0	0	0	0.96	0	0	PSMC5	PSMB3	0.826019310005535	2.44435238972896e-127	6.23801186494398e-126
9606.ENSP00000310572	9606.ENSP00000355325	PSMC5	PSMB5	9606	0.964	0	0	0	0	0.963	0	0	PSMC5	PSMB5	0.426244332507785	1.04016444654912e-23	2.81356865075883e-23
9606.ENSP00000310572	9606.ENSP00000396937	PSMC5	PSMD13	9606	0.994	0	0	0	0	0.979	0.72	0	PSMC5	PSMD13	0.770589605544405	1.81709554049015e-100	2.3481220616741e-99
9606.ENSP00000310572	9606.ENSP00000481029	PSMC5	PSMC3	9606	0.994	0	0	0	0	0.959	0.72	0.524	PSMC5	PSMC3	0.810157040548775	9.41402485194034e-119	1.91236500842316e-117
9606.ENSP00000310572	9606.ENSP00000357876	PSMC5	PSMD4	9606	0.996	0	0	0	0	0.983	0.72	0.353	PSMC5	PSMD4	0.734994493238144	6.54646052816563e-87	6.36900379162627e-86
9606.ENSP00000310572	9606.ENSP00000484998	PSMC5	PSMC6	9606	0.996	0	0	0	0	0.959	0.72	0.703	PSMC5	PSMC6	0.369591959195919	8.61978585541562e-18	1.98528718669969e-17
9606.ENSP00000310572	9606.ENSP00000418695	PSMC5	PSMD6	9606	0.997	0	0	0	0	0.988	0.72	0.175	PSMC5	PSMD6	0.542867205975256	4.7807948944524e-40	1.8351675639816e-39
9606.ENSP00000310572	9606.ENSP00000391211	PSMC5	PSMC2	9606	0.997	0	0	0	0	0.972	0.72	0.757	PSMC5	PSMC2	0.356043088780928	1.54160254555452e-16	3.40244612238097e-16
9606.ENSP00000311032	9606.ENSP00000312455	CASP3	CFLAR	9606	0.738	0	0	0	0	0.457	0.36	0.308	CASP3	CFLAR	0.329511305167784	2.96669810459316e-14	6.11460078091573e-14
9606.ENSP00000311032	9606.ENSP00000358327	CASP3	CASP7	9606	0.939	0	0	0	0	0.421	0.9	0	CASP3	CASP7	0.506428096225772	2.98965696485161e-34	1.02691734162996e-33
9606.ENSP00000311032	9606.ENSP00000448165	CASP3	APAF1	9606	0.947	0	0	0	0	0.704	0	0.829	CASP3	APAF1	0.307237897702814	1.68139126560323e-12	3.26287563712877e-12
9606.ENSP00000311032	9606.ENSP00000330237	CASP3	CASP9	9606	0.991	0	0	0	0	0.657	0.54	0.949	CASP3	CASP9	-0.360617241848408	5.9127171187332e-17	1.3248503810936e-16
9606.ENSP00000311032	9606.ENSP00000351273	CASP3	CASP8	9606	0.999	0	0	0	0	0.636	0.9	0.98	CASP3	CASP8	0.506848790469109	2.58599365672258e-34	8.90069046808919e-34
9606.ENSP00000311360	9606.ENSP00000343741	RAD9A	ATR	9606	0.735	0	0	0	0	0.292	0.5	0.312	RAD9A	ATR	-0.49159310340972	4.38448890281475e-32	1.4440095261313e-31
9606.ENSP00000311360	9606.ENSP00000369411	RAD9A	RFC3	9606	0.953	0	0	0	0	0.91	0.5	0	RAD9A	RFC3	-0.439363284154502	3.00510549736961e-25	8.45508491323634e-25
9606.ENSP00000311360	9606.ENSP00000371469	RAD9A	RAD1	9606	0.999	0	0	0	0	0.978	0.9	0.872	RAD9A	RAD1	-0.360581275518856	5.95779861892091e-17	1.33465726891001e-16
9606.ENSP00000311368	9606.ENSP00000368458	POLD4	PCNA	9606	0.982	0	0	0	0	0.962	0.54	0	POLD4	PCNA	0.331895518744421	1.88736612638782e-14	3.91943932646108e-14
9606.ENSP00000311368	9606.ENSP00000472445	POLD4	POLD1	9606	0.995	0	0	0	0	0.781	0.9	0.819	POLD4	POLD1	0.306148471990056	2.03104041250231e-12	3.92714210351912e-12
9606.ENSP00000312082	9606.ENSP00000353874	TLR8	TLR9	9606	0.836	0	0	0	0	0.292	0.4	0.645	TLR8	TLR9	0.367914586489705	1.24108724081664e-17	2.83912682544473e-17
9606.ENSP00000312082	9606.ENSP00000370034	TLR8	TLR7	9606	0.996	0	0	0	0	0.292	0.9	0.958	TLR8	TLR7	0.778934818947733	5.2601605674848e-104	7.46193448099764e-103
9606.ENSP00000312455	9606.ENSP00000477613	CFLAR	BIRC2	9606	0.751	0	0	0	0	0.076	0	0.742	CFLAR	BIRC2	0.529013180821188	9.25579516085763e-38	3.4074342678083e-37
9606.ENSP00000312455	9606.ENSP00000362994	CFLAR	TRAF1	9606	0.866	0	0	0	0	0.457	0	0.764	CFLAR	TRAF1	0.316260601215401	3.41149000964514e-13	6.78357557321176e-13
9606.ENSP00000312455	9606.ENSP00000498466	CFLAR	FAS	9606	0.952	0	0	0	0	0.457	0.9	0.195	CFLAR	FAS	0.566391794458949	3.49535126437333e-44	1.46039830490497e-43
9606.ENSP00000312455	9606.ENSP00000351273	CFLAR	CASP8	9606	0.999	0	0	0	0	0.96	0.9	0.987	CFLAR	CASP8	0.414579315074364	2.13928096582874e-22	5.56859988978024e-22
9606.ENSP00000312617	9606.ENSP00000345702	NFYC	NFYA	9606	0.999	0	0	0	0	0.991	0.9	0.986	NFYC	NFYA	-0.447746141073735	2.87464440114983e-26	8.30898212364225e-26
9606.ENSP00000313419	9606.ENSP00000482457	CD19	PLCG2	9606	0.754	0	0	0	0	0.292	0	0.667	CD19	PLCG2	0.42320807268247	2.31128927603343e-23	6.18597237856959e-23
9606.ENSP00000313419	9606.ENSP00000376345	CD19	GRB2	9606	0.852	0	0	0	0	0.292	0.8	0	CD19	GRB2	0.317077078531082	2.94502536053479e-13	5.87097597388654e-13
9606.ENSP00000313419	9606.ENSP00000428924	CD19	LYN	9606	0.962	0	0	0	0	0.292	0	0.949	CD19	LYN	0.359658834974885	7.23679764011767e-17	1.61725310518537e-16
9606.ENSP00000313419	9606.ENSP00000472929	CD19	VAV1	9606	0.986	0	0	0	0	0.457	0.9	0.768	CD19	VAV1	0.714309920582292	5.33744255038163e-80	4.45825690659755e-79
9606.ENSP00000313420	9606.ENSP00000418960	PRKDC	BRCA1	9606	0.746	0	0	0	0	0.292	0.54	0.285	PRKDC	BRCA1	0.337025006848511	7.03771456141551e-15	1.47904131595898e-14
9606.ENSP00000313420	9606.ENSP00000355759	PRKDC	PARP1	9606	0.955	0	0	0	0	0.457	0	0.921	PRKDC	PARP1	0.505966963155943	3.50404666549764e-34	1.20279155057315e-33
9606.ENSP00000313851	9606.ENSP00000369497	PDS5B	BRCA2	9606	0.764	0	0	0	0	0.457	0	0.584	PDS5B	BRCA2	0.382734205097528	4.59953903420496e-19	1.09536970622321e-18
9606.ENSP00000313851	9606.ENSP00000372689	PDS5B	STAG1	9606	0.898	0	0	0	0	0.754	0.5	0.239	PDS5B	STAG1	0.684363405284628	5.11568743446107e-71	3.59336357343161e-70
9606.ENSP00000313851	9606.ENSP00000354720	PDS5B	SMC3	9606	0.937	0	0	0	0	0.769	0.5	0.501	PDS5B	SMC3	0.77971564237169	2.41002596925616e-104	3.44898226022306e-103
9606.ENSP00000313851	9606.ENSP00000323421	PDS5B	SMC1A	9606	0.956	0	0	0	0	0.764	0.5	0.659	PDS5B	SMC1A	0.632915061692505	7.0380545109061e-58	3.8145954998545e-57
9606.ENSP00000313950	9606.ENSP00000361540	AURKB	CDC20	9606	0.81	0	0	0	0	0.292	0	0.743	AURKB	CDC20	0.624019824342683	7.44914104455907e-56	3.8880228977177e-55
9606.ENSP00000313950	9606.ENSP00000378699	AURKB	CDK1	9606	0.851	0	0	0	0	0.292	0	0.798	AURKB	CDK1	0.609516634893303	1.08757816338496e-52	5.3364886016913e-52
9606.ENSP00000314004	9606.ENSP00000369497	ANAPC2	BRCA2	9606	0.748	0	0	0	0	0.138	0.72	0	ANAPC2	BRCA2	-0.41414725323464	2.38740887476524e-22	6.20018203553836e-22
9606.ENSP00000314004	9606.ENSP00000478771	ANAPC2	UBB	9606	0.947	0	0	0	0	0.9	0.5	0	ANAPC2	UBB	0.370800092431603	6.62065487813425e-18	1.52901299675329e-17
9606.ENSP00000314004	9606.ENSP00000378529	ANAPC2	FZR1	9606	0.991	0	0	0	0	0.953	0.8	0.156	ANAPC2	FZR1	0.479802669707965	1.94799152056839e-30	6.21802321634606e-30
9606.ENSP00000314004	9606.ENSP00000437360	ANAPC2	ANAPC15	9606	0.993	0	0	0	0	0.935	0.9	0	ANAPC2	ANAPC15	0.370469220835127	7.11759438095092e-18	1.64265862593316e-17
9606.ENSP00000314004	9606.ENSP00000434614	ANAPC2	CDC27	9606	0.997	0	0	0	0	0.958	0.9	0.538	ANAPC2	CDC27	-0.310574473596428	9.38102198604079e-13	1.83660447787618e-12
9606.ENSP00000314004	9606.ENSP00000378350	ANAPC2	CDC23	9606	0.998	0	0	0	0	0.975	0.9	0.488	ANAPC2	CDC23	-0.329766051139275	2.82727862603834e-14	5.83316453476974e-14
9606.ENSP00000314004	9606.ENSP00000349957	ANAPC2	ANAPC11	9606	0.998	0	0	0	0	0.93	0.9	0.824	ANAPC2	ANAPC11	0.40058300861142	6.90862231615438e-21	1.72494780887857e-20
9606.ENSP00000314004	9606.ENSP00000426654	ANAPC2	ANAPC4	9606	0.999	0	0	0	0	0.972	0.9	0.782	ANAPC2	ANAPC4	0.369396287454832	8.99520829412186e-18	2.06987609069768e-17
9606.ENSP00000314004	9606.ENSP00000339109	ANAPC2	ANAPC1	9606	0.999	0	0	0	0	0.972	0.9	0.703	ANAPC2	ANAPC1	-0.471802397631067	2.35330620469277e-29	7.31411601011764e-29
9606.ENSP00000314067	9606.ENSP00000497733	PAK2	CDC42	9606	0.93	0	0	0	0	0.533	0.8	0.312	PAK2	CDC42	0.434475869947243	1.14595459542126e-24	3.1758419715399e-24
9606.ENSP00000314807	9606.ENSP00000358997	IL1RAP	IRAK1	9606	0.868	0	0	0	0	0.457	0.5	0.554	IL1RAP	IRAK1	-0.353358658847251	2.68596219206237e-16	5.8859369977945e-16
9606.ENSP00000314807	9606.ENSP00000387211	IL1RAP	IL18R1	9606	0.937	0	0	0	0	0.292	0	0.916	IL1RAP	IL18R1	0.510307241904315	7.78806188870493e-35	2.71087541479013e-34
9606.ENSP00000314807	9606.ENSP00000386380	IL1RAP	IL1R1	9606	0.999	0	0	0	0	0.96	0.5	0.982	IL1RAP	IL1R1	0.551630877373452	1.50317967991224e-41	5.96864582051159e-41
9606.ENSP00000315190	9606.ENSP00000324101	ITGA3	CD151	9606	0.934	0	0	0	0	0.571	0	0.854	ITGA3	CD151	0.551696194464167	1.46435104804586e-41	5.81901940336534e-41
9606.ENSP00000315190	9606.ENSP00000346839	ITGA3	FN1	9606	0.973	0	0	0	0	0.292	0	0.964	ITGA3	FN1	0.875329147821614	7.45381180643986e-161	5.9147161342195e-159
9606.ENSP00000315190	9606.ENSP00000379350	ITGA3	ITGB1	9606	0.997	0	0	0	0	0.457	0.9	0.956	ITGA3	ITGB1	0.404293690238589	2.7939530630981e-21	7.05924907012123e-21
9606.ENSP00000315768	9606.ENSP00000323720	STAT2	MED14	9606	0.702	0	0	0	0	0.292	0	0.597	STAT2	MED14	0.306510930596165	1.90747089443982e-12	3.69383829834609e-12
9606.ENSP00000315768	9606.ENSP00000343957	STAT2	IFNAR2	9606	0.944	0	0	0	0	0.457	0.8	0.532	STAT2	IFNAR2	0.599020802701388	1.68433254412321e-50	7.89467727303157e-50
9606.ENSP00000315768	9606.ENSP00000431885	STAT2	TYK2	9606	0.958	0	0	0	0	0.457	0.8	0.645	STAT2	TYK2	0.39842241988174	1.16426626553862e-20	2.8927232042749e-20
9606.ENSP00000315768	9606.ENSP00000380073	STAT2	IRF9	9606	0.999	0	0	0	0	0.695	0.9	0.985	STAT2	IRF9	0.590884212644867	7.40080711593687e-49	3.3769091588756e-48
9606.ENSP00000315768	9606.ENSP00000354394	STAT2	STAT1	9606	0.999	0	0	0	0	0.534	0.9	0.983	STAT2	STAT1	0.648226748140653	1.59550094230141e-61	9.33496720677153e-61
9606.ENSP00000315774	9606.ENSP00000467262	NDUFS8	UQCR11	9606	0.807	0	0	0	0	0.807	0	0	NDUFS8	UQCR11	0.810949790631237	3.66537224747396e-119	7.55155900965376e-118
9606.ENSP00000315774	9606.ENSP00000497474	NDUFS8	COX7B	9606	0.814	0	0	0	0	0.814	0	0	NDUFS8	COX7B	0.769691751783874	4.27685060071276e-100	5.47792831670107e-99
9606.ENSP00000315774	9606.ENSP00000478766	NDUFS8	NDUFC2-KCTD14	9606	0.82	0	0	0	0	0.327	0.744	0	NDUFS8	NDUFC2-KCTD14	0.623374200774115	1.03876714733699e-55	5.39956904580443e-55
9606.ENSP00000315774	9606.ENSP00000466818	NDUFS8	COX6B1	9606	0.828	0	0	0	0	0.828	0	0	NDUFS8	COX6B1	0.870048153883711	1.25425250337865e-156	8.06293840304868e-155
9606.ENSP00000315774	9606.ENSP00000425759	NDUFS8	COX7C	9606	0.831	0	0	0	0	0.831	0	0	NDUFS8	COX7C	0.786325806493693	2.85472304870336e-107	4.37997311264049e-106
9606.ENSP00000315774	9606.ENSP00000457513	NDUFS8	COX4I1	9606	0.856	0	0	0	0	0.856	0	0	NDUFS8	COX4I1	0.833518941956307	1.0451536177752e-131	2.99876420783692e-130
9606.ENSP00000315774	9606.ENSP00000317780	NDUFS8	COX5A	9606	0.885	0	0	0	0	0.825	0	0.373	NDUFS8	COX5A	0.763905458868868	9.70383429916227e-98	1.1846375598148e-96
9606.ENSP00000315774	9606.ENSP00000430494	NDUFS8	UQCRB	9606	0.891	0	0	0	0	0.891	0	0	NDUFS8	UQCRB	0.695089477891889	4.1619015414189e-74	3.10142582217108e-73
9606.ENSP00000315774	9606.ENSP00000332887	NDUFS8	UQCR10	9606	0.896	0	0	0	0	0.896	0	0	NDUFS8	UQCR10	0.716969212449195	7.47431921142378e-81	6.37419481363823e-80
9606.ENSP00000315774	9606.ENSP00000367939	NDUFS8	UQCRQ	9606	0.914	0	0	0	0	0.914	0	0	NDUFS8	UQCRQ	0.856111667067328	2.60292649358575e-146	1.20721115960504e-144
9606.ENSP00000315774	9606.ENSP00000317159	NDUFS8	CYC1	9606	0.975	0	0	0	0	0.975	0	0	NDUFS8	CYC1	0.694894458389938	4.74988627589944e-74	3.53181514672845e-73
9606.ENSP00000315774	9606.ENSP00000483888	NDUFS8	NDUFB1	9606	0.985	0	0	0	0	0.861	0.9	0	NDUFS8	NDUFB1	0.756951564721689	5.37114789547746e-95	6.04150046227736e-94
9606.ENSP00000315774	9606.ENSP00000419087	NDUFS8	NDUFB2	9606	0.993	0	0	0	0	0.8	0.967	0	NDUFS8	NDUFB2	0.667727580211437	1.76018755795682e-66	1.11599407154603e-65
9606.ENSP00000315774	9606.ENSP00000441126	NDUFS8	NDUFC1	9606	0.993	0	0	0	0	0.803	0.967	0	NDUFS8	NDUFC1	0.72125740524363	2.99174193740209e-82	2.63091972798208e-81
9606.ENSP00000315774	9606.ENSP00000369176	NDUFS8	NDUFB6	9606	0.995	0	0	0	0	0.867	0.967	0	NDUFS8	NDUFB6	0.647981878933235	1.83162448140082e-61	1.07041483645502e-60
9606.ENSP00000315774	9606.ENSP00000362058	NDUFS8	NDUFS5	9606	0.996	0	0	0	0	0.951	0.9	0.269	NDUFS8	NDUFS5	0.693693499784761	1.06928963147173e-73	7.92179050828476e-73
9606.ENSP00000315774	9606.ENSP00000458770	NDUFS8	NDUFAB1	9606	0.996	0	0	0	0	0.9	0.967	0	NDUFS8	NDUFAB1	0.680863117367637	4.8808049249386e-70	3.36782171349194e-69
9606.ENSP00000315774	9606.ENSP00000346196	NDUFS8	NDUFV3	9606	0.997	0	0	0	0	0.922	0.967	0	NDUFS8	NDUFV3	0.651216053282347	2.92882216625084e-62	1.73965185629297e-61
9606.ENSP00000315774	9606.ENSP00000482543	NDUFS8	NDUFA6	9606	0.998	0	0	0	0	0.951	0.967	0	NDUFS8	NDUFA6	0.5757353064499	6.40795694942158e-46	2.76960079724574e-45
9606.ENSP00000315774	9606.ENSP00000389160	NDUFS8	NDUFA11	9606	0.998	0	0	0	0	0.949	0.944	0.576	NDUFS8	NDUFA11	0.827410722438703	3.92277743350278e-128	1.02163206133558e-126
9606.ENSP00000315774	9606.ENSP00000418438	NDUFS8	NDUFA3	9606	0.998	0	0	0	0	0.933	0.967	0.283	NDUFS8	NDUFA3	0.856727194458576	9.61878507851084e-147	4.54409302522952e-145
9606.ENSP00000315774	9606.ENSP00000417142	NDUFS8	NDUFA5	9606	0.999	0	0	0	0	0.976	0.967	0.454	NDUFS8	NDUFA5	0.329439745216758	3.00706024297275e-14	6.19653294539951e-14
9606.ENSP00000315774	9606.ENSP00000497587	NDUFS8	NDUFV1	9606	0.999	0	0	0	0	0.951	0.98	0.955	NDUFS8	NDUFV1	0.641190858216256	8.00591046461113e-60	4.49011775754032e-59
9606.ENSP00000315774	9606.ENSP00000330737	NDUFS8	NDUFA12	9606	0.999	0	0	0	0	0.972	0.967	0.409	NDUFS8	NDUFA12	0.722899743390488	8.5833923493546e-83	7.62742922943085e-82
9606.ENSP00000315774	9606.ENSP00000327268	NDUFS8	NDUFV2	9606	0.999	0	0	0	0	0.98	0.98	0.928	NDUFS8	NDUFV2	0.776676953409627	4.93687535157464e-103	6.77619499269508e-102
9606.ENSP00000315774	9606.ENSP00000407336	NDUFS8	NDUFB3	9606	0.999	0	0	0	0	0.97	0.967	0.211	NDUFS8	NDUFB3	0.591686932668422	5.12005901152663e-49	2.34359798918774e-48
9606.ENSP00000315774	9606.ENSP00000362873	NDUFS8	NDUFA8	9606	0.999	0	0	0	0	0.98	0.967	0.332	NDUFS8	NDUFA8	0.780181620646537	1.51030432205436e-104	2.18209971537784e-103
9606.ENSP00000315774	9606.ENSP00000356972	NDUFS8	NDUFS2	9606	0.999	0	0	0	0	0.988	0.98	0.982	NDUFS8	NDUFS2	0.430741800888163	3.14030903070022e-24	8.62290316972753e-24
9606.ENSP00000315774	9606.ENSP00000423673	NDUFS8	NDUFA13	9606	0.999	0	0	0	0	0.989	0.967	0.48	NDUFS8	NDUFA13	0.844696177692303	1.21984228690512e-138	4.27239245106734e-137
9606.ENSP00000315774	9606.ENSP00000360492	NDUFS8	NDUFA1	9606	0.999	0	0	0	0	0.968	0.967	0.331	NDUFS8	NDUFA1	0.744417578403803	2.80262725993741e-90	2.91662756958855e-89
9606.ENSP00000316029	9606.ENSP00000346839	TLN1	FN1	9606	0.953	0	0	0	0	0.071	0.4	0.923	TLN1	FN1	0.349861725302965	5.49261167613761e-16	1.19155183243336e-15
9606.ENSP00000316029	9606.ENSP00000452786	TLN1	ITGB3	9606	0.991	0	0	0	0	0.49	0.65	0.958	TLN1	ITGB3	0.417200477811756	1.09559699478435e-22	2.87544668631129e-22
9606.ENSP00000316029	9606.ENSP00000341189	TLN1	PTK2	9606	0.998	0	0	0	0	0.457	0.9	0.982	TLN1	PTK2	0.337912424782851	5.92240461287349e-15	1.24671220006126e-14
9606.ENSP00000316029	9606.ENSP00000379350	TLN1	ITGB1	9606	0.998	0	0	0	0	0.457	0.9	0.971	TLN1	ITGB1	0.567596759675968	2.1019309914385e-44	8.82203019836397e-44
9606.ENSP00000317159	9606.ENSP00000365243	CYC1	COX4I2	9606	0.754	0	0	0	0	0.489	0.54	0	CYC1	COX4I2	0.368469082933138	1.10045681088842e-17	2.52367121882902e-17
9606.ENSP00000317159	9606.ENSP00000429707	CYC1	COX6C	9606	0.795	0	0	0	0	0.574	0.54	0	CYC1	COX6C	0.7722711712165	3.61875376606762e-101	4.75493945691447e-100
9606.ENSP00000317159	9606.ENSP00000441126	CYC1	NDUFC1	9606	0.8	0	0	0	0	0.8	0	0	CYC1	NDUFC1	0.634930201094644	2.3963130795692e-58	1.31280215475644e-57
9606.ENSP00000317159	9606.ENSP00000419087	CYC1	NDUFB2	9606	0.8	0	0	0	0	0.8	0	0	CYC1	NDUFB2	0.845143520563237	6.27320138171786e-139	2.22010126948112e-137
9606.ENSP00000317159	9606.ENSP00000360492	CYC1	NDUFA1	9606	0.807	0	0	0	0	0.807	0	0	CYC1	NDUFA1	0.718259248285077	2.85662358340959e-81	2.46723858305197e-80
9606.ENSP00000317159	9606.ENSP00000346196	CYC1	NDUFV3	9606	0.808	0	0	0	0	0.808	0	0	CYC1	NDUFV3	0.619116849573156	9.12825920229533e-55	4.62422587120766e-54
9606.ENSP00000317159	9606.ENSP00000389160	CYC1	NDUFA11	9606	0.836	0	0	0	0	0.823	0	0.112	CYC1	NDUFA11	0.604788273858442	1.07924633017907e-51	5.18048439301931e-51
9606.ENSP00000317159	9606.ENSP00000407336	CYC1	NDUFB3	9606	0.842	0	0	0	0	0.842	0	0	CYC1	NDUFB3	0.66665296964479	3.3769706484047e-66	2.12910557888557e-65
9606.ENSP00000317159	9606.ENSP00000418438	CYC1	NDUFA3	9606	0.842	0	0	0	0	0.842	0	0	CYC1	NDUFA3	0.689691546794431	1.55239947599168e-72	1.12546191846163e-71
9606.ENSP00000317159	9606.ENSP00000483888	CYC1	NDUFB1	9606	0.851	0	0	0	0	0.83	0	0.159	CYC1	NDUFB1	0.675932655377339	1.10998372401055e-68	7.4367445150232e-68
9606.ENSP00000317159	9606.ENSP00000369176	CYC1	NDUFB6	9606	0.863	0	0	0	0	0.863	0	0	CYC1	NDUFB6	0.753800038388932	8.7689804423846e-94	9.64967869483211e-93
9606.ENSP00000317159	9606.ENSP00000485401	CYC1	UQCRHL	9606	0.864	0	0	0	0	0.491	0.744	0	CYC1	UQCRHL	0.649233991722154	9.03151625627818e-62	5.31478045278201e-61
9606.ENSP00000317159	9606.ENSP00000362058	CYC1	NDUFS5	9606	0.879	0	0	0	0	0.879	0	0	CYC1	NDUFS5	0.396804307759968	1.7167909112064e-20	4.23959282400278e-20
9606.ENSP00000317159	9606.ENSP00000458770	CYC1	NDUFAB1	9606	0.892	0	0	0	0	0.892	0	0	CYC1	NDUFAB1	0.702407880539607	2.70247462033687e-76	2.10176376100778e-75
9606.ENSP00000317159	9606.ENSP00000423673	CYC1	NDUFA13	9606	0.897	0	0	0	0	0.897	0	0	CYC1	NDUFA13	0.705019539221003	4.31329916404297e-77	3.40405435968799e-76
9606.ENSP00000317159	9606.ENSP00000362873	CYC1	NDUFA8	9606	0.898	0	0	0	0	0.898	0	0	CYC1	NDUFA8	0.749730066174319	3.03648250042992e-92	3.26020642250176e-91
9606.ENSP00000317159	9606.ENSP00000356972	CYC1	NDUFS2	9606	0.925	0	0	0	0	0.925	0	0	CYC1	NDUFS2	0.663670932310622	2.03052084969501e-65	1.26450032313625e-64
9606.ENSP00000317159	9606.ENSP00000482543	CYC1	NDUFA6	9606	0.945	0	0	0	0	0.945	0	0	CYC1	NDUFA6	0.617314992368802	2.2673414781733e-54	1.14176437252386e-53
9606.ENSP00000317159	9606.ENSP00000417142	CYC1	NDUFA5	9606	0.945	0	0	0	0	0.945	0	0	CYC1	NDUFA5	0.544319835710279	2.7133534320148e-40	1.04988688796093e-39
9606.ENSP00000317159	9606.ENSP00000466818	CYC1	COX6B1	9606	0.947	0	0	0	0	0.875	0.54	0.162	CYC1	COX6B1	0.694696736754421	5.43028747624247e-74	4.03477907067994e-73
9606.ENSP00000317159	9606.ENSP00000497474	CYC1	COX7B	9606	0.947	0	0	0	0	0.881	0.54	0.115	CYC1	COX7B	0.738453690089506	3.94821875528028e-88	3.9392984182104e-87
9606.ENSP00000317159	9606.ENSP00000327268	CYC1	NDUFV2	9606	0.953	0	0	0	0	0.953	0	0	CYC1	NDUFV2	0.673444363069847	5.2490020350063e-68	3.45746521851874e-67
9606.ENSP00000317159	9606.ENSP00000497587	CYC1	NDUFV1	9606	0.953	0	0	0	0	0.953	0	0	CYC1	NDUFV1	0.733515773937642	2.14546117797791e-86	2.06749992264911e-85
9606.ENSP00000317159	9606.ENSP00000457513	CYC1	COX4I1	9606	0.955	0	0	0	0	0.906	0.54	0	CYC1	COX4I1	0.786844988846711	1.66457599146037e-107	2.57337874357123e-106
9606.ENSP00000317159	9606.ENSP00000425759	CYC1	COX7C	9606	0.966	0	0	0	0	0.929	0.54	0	CYC1	COX7C	0.778672525637657	6.83214386038269e-104	9.65147221000098e-103
9606.ENSP00000317159	9606.ENSP00000330737	CYC1	NDUFA12	9606	0.967	0	0	0	0	0.967	0	0	CYC1	NDUFA12	0.680736489798048	5.29264367576922e-70	3.64704082868303e-69
9606.ENSP00000317159	9606.ENSP00000317780	CYC1	COX5A	9606	0.979	0	0	0	0	0.957	0.54	0	CYC1	COX5A	0.768205857852866	1.74839929912932e-99	2.2115182666571e-98
9606.ENSP00000317159	9606.ENSP00000467262	CYC1	UQCR11	9606	0.991	0	0	0	0	0.942	0.851	0.102	CYC1	UQCR11	0.781015461794627	6.52588698187859e-105	9.50981837517085e-104
9606.ENSP00000317159	9606.ENSP00000430494	CYC1	UQCRB	9606	0.999	0	0	0	0	0.989	0.907	0.686	CYC1	UQCRB	0.620622031147214	4.24955120894013e-55	2.17334801758333e-54
9606.ENSP00000317159	9606.ENSP00000367939	CYC1	UQCRQ	9606	0.999	0	0	0	0	0.988	0.907	0.344	CYC1	UQCRQ	0.751347432879934	7.4851541877402e-93	8.09656135089214e-92
9606.ENSP00000317159	9606.ENSP00000332887	CYC1	UQCR10	9606	0.999	0	0	0	0	0.99	0.907	0.567	CYC1	UQCR10	0.680454815667902	6.33675631115951e-70	4.35764616468837e-69
9606.ENSP00000317272	9606.ENSP00000489597	MET	PTPN11	9606	0.847	0	0	0	0	0.365	0.4	0.632	MET	PTPN11	0.303437207074745	3.23922226233612e-12	6.21472998083642e-12
9606.ENSP00000317272	9606.ENSP00000357721	MET	S100A8	9606	0.877	0	0	0	0	0.08	0	0.872	MET	S100A8	0.360349637448217	6.2563482851664e-17	1.40030254588883e-16
9606.ENSP00000317272	9606.ENSP00000362680	MET	SRC	9606	0.909	0	0	0	0	0.457	0.4	0.744	MET	SRC	0.426045772279091	1.09619034006571e-23	2.96117161809773e-23
9606.ENSP00000317272	9606.ENSP00000401303	MET	SHC1	9606	0.91	0	0	0	0	0.365	0.4	0.784	MET	SHC1	0.37528945441128	2.45936974271302e-18	5.76235720339934e-18
9606.ENSP00000317780	9606.ENSP00000346196	COX5A	NDUFV3	9606	0.8	0	0	0	0	0.8	0	0	COX5A	NDUFV3	0.641392679640635	7.16559865741507e-60	4.02327172821254e-59
9606.ENSP00000317780	9606.ENSP00000441126	COX5A	NDUFC1	9606	0.8	0	0	0	0	0.8	0	0	COX5A	NDUFC1	0.613981864024912	1.20150116409878e-53	5.97339565528697e-53
9606.ENSP00000317780	9606.ENSP00000419087	COX5A	NDUFB2	9606	0.8	0	0	0	0	0.8	0	0	COX5A	NDUFB2	0.737689452175031	7.3707382032355e-88	7.31099491506474e-87
9606.ENSP00000317780	9606.ENSP00000389160	COX5A	NDUFA11	9606	0.803	0	0	0	0	0.803	0	0	COX5A	NDUFA11	0.622985466248488	1.2685474197203e-55	6.57044168388529e-55
9606.ENSP00000317780	9606.ENSP00000360492	COX5A	NDUFA1	9606	0.807	0	0	0	0	0.807	0	0	COX5A	NDUFA1	0.768692241894997	1.10401648764947e-99	1.40696304454902e-98
9606.ENSP00000317780	9606.ENSP00000482543	COX5A	NDUFA6	9606	0.807	0	0	0	0	0.807	0	0	COX5A	NDUFA6	0.669461325014489	6.11675766259286e-67	3.92221638756033e-66
9606.ENSP00000317780	9606.ENSP00000407336	COX5A	NDUFB3	9606	0.807	0	0	0	0	0.807	0	0	COX5A	NDUFB3	0.74262615702564	1.25685527022869e-89	1.28948272522352e-88
9606.ENSP00000317780	9606.ENSP00000362873	COX5A	NDUFA8	9606	0.807	0	0	0	0	0.807	0	0	COX5A	NDUFA8	0.741244155471448	3.96607787800883e-89	4.02432097971385e-88
9606.ENSP00000317780	9606.ENSP00000483888	COX5A	NDUFB1	9606	0.807	0	0	0	0	0.807	0	0	COX5A	NDUFB1	0.741461071572996	3.31313209632674e-89	3.36851678702609e-88
9606.ENSP00000317780	9606.ENSP00000418438	COX5A	NDUFA3	9606	0.807	0	0	0	0	0.807	0	0	COX5A	NDUFA3	0.731279711822114	1.27214710982978e-85	1.2030910795662e-84
9606.ENSP00000317780	9606.ENSP00000417142	COX5A	NDUFA5	9606	0.807	0	0	0	0	0.807	0	0	COX5A	NDUFA5	0.427858624371754	6.78120942033142e-24	1.84656150354708e-23
9606.ENSP00000317780	9606.ENSP00000423673	COX5A	NDUFA13	9606	0.825	0	0	0	0	0.825	0	0	COX5A	NDUFA13	0.672192995697085	1.14004836771883e-67	7.45619528069553e-67
9606.ENSP00000317780	9606.ENSP00000362058	COX5A	NDUFS5	9606	0.831	0	0	0	0	0.831	0	0	COX5A	NDUFS5	0.525259171879921	3.69909405396866e-37	1.34569120007735e-36
9606.ENSP00000317780	9606.ENSP00000369176	COX5A	NDUFB6	9606	0.831	0	0	0	0	0.831	0	0	COX5A	NDUFB6	0.720093065207142	7.21117336232778e-82	6.28702899924148e-81
9606.ENSP00000317780	9606.ENSP00000458770	COX5A	NDUFAB1	9606	0.841	0	0	0	0	0.841	0	0	COX5A	NDUFAB1	0.768848220225749	9.52447729150324e-100	1.21685680314212e-98
9606.ENSP00000317780	9606.ENSP00000356972	COX5A	NDUFS2	9606	0.842	0	0	0	0	0.842	0	0	COX5A	NDUFS2	0.535279801272053	8.8121836284242e-39	3.31133367051071e-38
9606.ENSP00000317780	9606.ENSP00000330737	COX5A	NDUFA12	9606	0.843	0	0	0	0	0.843	0	0	COX5A	NDUFA12	0.71949104848373	1.1344834996381e-81	9.84867427848221e-81
9606.ENSP00000317780	9606.ENSP00000327268	COX5A	NDUFV2	9606	0.843	0	0	0	0	0.843	0	0	COX5A	NDUFV2	0.745464608572658	1.15910602700336e-90	1.21748086000757e-89
9606.ENSP00000317780	9606.ENSP00000497587	COX5A	NDUFV1	9606	0.886	0	0	0	0	0.886	0	0	COX5A	NDUFV1	0.584852491460326	1.1412024100923e-47	5.09951292534424e-47
9606.ENSP00000317780	9606.ENSP00000359098	COX5A	COX7A2	9606	0.904	0	0	0	0	0.8	0.54	0	COX5A	COX7A2	0.850533904322109	1.75232282880175e-142	7.03491817080609e-141
9606.ENSP00000317780	9606.ENSP00000367938	COX5A	COX7A2L	9606	0.932	0	0	0	0	0.675	0.8	0	COX5A	COX7A2L	0.517133576711708	6.99835144726394e-36	2.49149161058044e-35
9606.ENSP00000317780	9606.ENSP00000467262	COX5A	UQCR11	9606	0.937	0	0	0	0	0.869	0.54	0	COX5A	UQCR11	0.77835236939843	9.39626660908144e-104	1.32185429291468e-102
9606.ENSP00000317780	9606.ENSP00000332887	COX5A	UQCR10	9606	0.971	0	0	0	0	0.941	0.54	0	COX5A	UQCR10	0.716581409693764	9.96982100417641e-81	8.45977209184793e-80
9606.ENSP00000317780	9606.ENSP00000367939	COX5A	UQCRQ	9606	0.973	0	0	0	0	0.943	0.54	0	COX5A	UQCRQ	0.805609349754851	1.93683428163694e-116	3.71879504699177e-115
9606.ENSP00000317780	9606.ENSP00000497474	COX5A	COX7B	9606	0.973	0	0	0	0	0.865	0.8	0.083	COX5A	COX7B	0.820332902855503	3.65851394466916e-124	8.4839100767134e-123
9606.ENSP00000317780	9606.ENSP00000430494	COX5A	UQCRB	9606	0.98	0	0	0	0	0.938	0.54	0.352	COX5A	UQCRB	0.743111702474595	8.37877661236788e-90	8.63115964014407e-89
9606.ENSP00000317780	9606.ENSP00000321260	COX5A	COX8A	9606	0.986	0	0	0	0	0.825	0.8	0.636	COX5A	COX8A	0.740077113301392	1.04070973547468e-88	1.04970097152098e-87
9606.ENSP00000317780	9606.ENSP00000466818	COX5A	COX6B1	9606	0.999	0	0	0	0	0.929	0.876	0.913	COX5A	COX6B1	0.772653942412875	2.50144377595912e-101	3.30822453547094e-100
9606.ENSP00000317780	9606.ENSP00000425759	COX5A	COX7C	9606	0.999	0	0	0	0	0.949	0.979	0.557	COX5A	COX7C	0.827090379845438	5.98627531418215e-128	1.54713990753557e-126
9606.ENSP00000317780	9606.ENSP00000429707	COX5A	COX6C	9606	0.999	0	0	0	0	0.965	0.935	0.849	COX5A	COX6C	0.78913220514598	1.51852674656206e-108	2.40618972930278e-107
9606.ENSP00000317780	9606.ENSP00000457513	COX5A	COX4I1	9606	0.999	0	0	0	0	0.978	0.888	0.976	COX5A	COX4I1	0.764452501150736	5.84965313395443e-98	7.2018093189788e-97
9606.ENSP00000317985	9606.ENSP00000382697	ROCK2	ROCK1	9606	0.975	0	0	0	0	0.664	0.9	0.322	ROCK2	ROCK1	0.656744525384215	1.21054473409534e-63	7.37140459484792e-63
9606.ENSP00000318297	9606.ENSP00000495240	RUVBL1	CHD8	9606	0.915	0	0	0	0	0.189	0.9	0	RUVBL1	CHD8	0.37119087685166	6.07757530750129e-18	1.4048687391509e-17
9606.ENSP00000318822	9606.ENSP00000365230	BID	BCL2L1	9606	0.983	0	0	0	0	0.967	0.5	0	BID	BCL2L1	0.617179047097256	2.42786465778103e-54	1.22138788157909e-53
9606.ENSP00000318822	9606.ENSP00000381185	BID	BCL2	9606	0.985	0	0	0	0	0.656	0.9	0.608	BID	BCL2	-0.643355174026719	2.42701348573395e-60	1.37639173504186e-59
9606.ENSP00000320025	9606.ENSP00000419101	CACNB2	CACNA2D3	9606	0.782	0	0	0	0	0.185	0.54	0.466	CACNB2	CACNA2D3	0.442722315709832	1.18258358543695e-25	3.35986055308619e-25
9606.ENSP00000320025	9606.ENSP00000489829	CACNB2	CACNA1A	9606	0.783	0	0	0	0	0.354	0.54	0.33	CACNB2	CACNA1A	0.518581920303832	4.16784674878949e-36	1.48692727177572e-35
9606.ENSP00000320025	9606.ENSP00000349320	CACNB2	CACNA2D1	9606	0.915	0	0	0	0	0.247	0.72	0.633	CACNB2	CACNA2D1	0.300092804311487	5.72289719214952e-12	1.08852934046185e-11
9606.ENSP00000320025	9606.ENSP00000418081	CACNB2	CACNA2D2	9606	0.955	0	0	0	0	0.247	0.8	0.73	CACNB2	CACNA2D2	0.415949576324092	1.5089035683959e-22	3.93982867460082e-22
9606.ENSP00000320866	9606.ENSP00000324173	CALR	HSPA5	9606	0.742	0	0	0	0	0.235	0	0.677	CALR	HSPA5	0.825981293781552	2.56905654915037e-127	6.5398264084512e-126
9606.ENSP00000320866	9606.ENSP00000327801	CALR	P4HB	9606	0.865	0	0	0	0	0.675	0	0.603	CALR	P4HB	0.673075382072369	6.60043350264856e-68	4.34200797191719e-67
9606.ENSP00000320866	9606.ENSP00000399168	CALR	HLA-B	9606	0.934	0	0	0	0	0.292	0.9	0.154	CALR	HLA-B	-0.442681131467184	1.19625886936392e-25	3.39776323717262e-25
9606.ENSP00000320866	9606.ENSP00000346206	CALR	TAP1	9606	0.947	0	0	0	0	0.457	0.9	0.116	CALR	TAP1	-0.43158495973821	2.50374757427425e-24	6.88988461444151e-24
9606.ENSP00000320866	9606.ENSP00000379873	CALR	HLA-A	9606	0.993	0	0	0	0	0.926	0.9	0.228	CALR	HLA-A	-0.378812757052103	1.11833656850593e-18	2.64222947809136e-18
9606.ENSP00000320866	9606.ENSP00000497910	CALR	B2M	9606	0.999	0	0	0	0	0.873	0.9	0.981	CALR	B2M	-0.445714322985093	5.10787559062269e-26	1.46183974003817e-25
9606.ENSP00000321260	9606.ENSP00000367938	COX8A	COX7A2L	9606	0.825	0	0	0	0	0.161	0.8	0	COX8A	COX7A2L	0.332767096585435	1.59817553900378e-14	3.32636658804537e-14
9606.ENSP00000321260	9606.ENSP00000359098	COX8A	COX7A2	9606	0.939	0	0	0	0	0.8	0.54	0.398	COX8A	COX7A2	0.714454271514108	4.79999372235125e-80	4.02256899652819e-79
9606.ENSP00000321260	9606.ENSP00000466818	COX8A	COX6B1	9606	0.962	0	0	0	0	0.8	0.8	0.14	COX8A	COX6B1	0.713425410864068	1.02127022792327e-79	8.45398671965496e-79
9606.ENSP00000321260	9606.ENSP00000457513	COX8A	COX4I1	9606	0.981	0	0	0	0	0.913	0.8	0	COX8A	COX4I1	0.796460764088831	5.75903054679395e-112	9.99905525876687e-111
9606.ENSP00000321260	9606.ENSP00000497474	COX8A	COX7B	9606	0.99	0	0	0	0	0.825	0.8	0.761	COX8A	COX7B	0.772520047035759	2.84658489178751e-101	3.7500340785844e-100
9606.ENSP00000321260	9606.ENSP00000425759	COX8A	COX7C	9606	0.993	0	0	0	0	0.912	0.8	0.648	COX8A	COX7C	0.74433893699929	2.99426031175411e-90	3.11286611939473e-89
9606.ENSP00000321260	9606.ENSP00000429707	COX8A	COX6C	9606	0.996	0	0	0	0	0.825	0.8	0.896	COX8A	COX6C	0.812836718454454	3.81241737895118e-120	8.06723402458482e-119
9606.ENSP00000321537	9606.ENSP00000360672	LLGL1	PARD6B	9606	0.736	0	0	0	0	0.716	0	0.11	LLGL1	PARD6B	0.535936978791047	6.86646656597874e-39	2.58210666089026e-38
9606.ENSP00000322570	9606.ENSP00000405726	POLE	CDC45	9606	0.924	0	0	0	0	0.888	0	0.353	POLE	CDC45	0.573292670881995	1.84560790538495e-45	7.88966308711909e-45
9606.ENSP00000322570	9606.ENSP00000368458	POLE	PCNA	9606	0.927	0	0	0	0	0.794	0.5	0.353	POLE	PCNA	0.382714172038322	4.62060435405096e-19	1.10012842063046e-18
9606.ENSP00000322570	9606.ENSP00000484105	POLE	PRIM2	9606	0.955	0	0	0	0	0.371	0.9	0.353	POLE	PRIM2	0.362955891862478	3.60076444195502e-17	8.13093918117766e-17
9606.ENSP00000322570	9606.ENSP00000480987	POLE	MCM3	9606	0.962	0	0	0	0	0.872	0.72	0	POLE	MCM3	0.477419481078543	4.12020606518252e-30	1.30411134322402e-29
9606.ENSP00000322570	9606.ENSP00000350491	POLE	PRIM1	9606	0.974	0	0	0	0	0.461	0.9	0.556	POLE	PRIM1	0.321948219666687	1.21353552587555e-13	2.45633326750059e-13
9606.ENSP00000323421	9606.ENSP00000376658	SMC1A	SYCP3	9606	0.762	0	0	0	0	0.292	0.5	0.383	SMC1A	SYCP3	-0.448065738250844	2.62519188599969e-26	7.5922761919416e-26
9606.ENSP00000323421	9606.ENSP00000418960	SMC1A	BRCA1	9606	0.828	0	0	0	0	0.401	0.5	0.474	SMC1A	BRCA1	0.367888217393168	1.2481982176475e-17	2.8547510237887e-17
9606.ENSP00000323421	9606.ENSP00000354720	SMC1A	SMC3	9606	0.999	0	0	0	0	0.981	0.9	0.987	SMC1A	SMC3	0.659462964930033	2.4649947121109e-64	1.51555395223429e-63
9606.ENSP00000323421	9606.ENSP00000372689	SMC1A	STAG1	9606	0.999	0	0	0	0	0.971	0.9	0.985	SMC1A	STAG1	0.555620624174219	3.00704584825848e-42	1.2153825977223e-41
9606.ENSP00000323720	9606.ENSP00000363193	MED14	MED12	9606	0.993	0	0	0	0	0.734	0.9	0.769	MED14	MED12	0.438834970453567	3.47658772050095e-25	9.77080837773331e-25
9606.ENSP00000323720	9606.ENSP00000380888	MED14	MED13	9606	0.994	0	0	0	0	0.654	0.9	0.847	MED14	MED13	0.581031115533914	6.27046325915517e-47	2.76308439580213e-46
9606.ENSP00000323720	9606.ENSP00000325612	MED14	MED16	9606	0.999	0	0	0	0	0.965	0.9	0.736	MED14	MED16	-0.337724579911407	6.1429903690275e-15	1.29287926187759e-14
9606.ENSP00000323929	9606.ENSP00000324173	A2M	HSPA5	9606	0.952	0	0	0	0	0.292	0	0.936	A2M	HSPA5	0.339688844660864	4.18572747833711e-15	8.86086577687996e-15
9606.ENSP00000324105	9606.ENSP00000495530	ENO3	ENO1	9606	0.861	0	0	0	0	0.711	0.54	0	ENO3	ENO1	0.391203343936878	6.47759354614358e-20	1.57436988868582e-19
9606.ENSP00000324173	9606.ENSP00000364805	HSPA5	HSPA1L	9606	0.728	0	0	0	0	0.303	0.5	0.284	HSPA5	HSPA1L	0.38839908835604	1.24747917493626e-19	3.0125168758506e-19
9606.ENSP00000324173	9606.ENSP00000327801	HSPA5	P4HB	9606	0.792	0	0	0	0	0.454	0.36	0.454	HSPA5	P4HB	0.565196053766867	5.77798578607629e-44	2.40619112870754e-43
9606.ENSP00000324422	9606.ENSP00000494750	ZYX	ACTB	9606	0.911	0	0	0	0	0.124	0.9	0.068	ZYX	ACTB	0.463591545489953	2.83770798200809e-28	8.62435666464876e-28
9606.ENSP00000324422	9606.ENSP00000377941	ZYX	ACTN1	9606	0.966	0	0	0	0	0.457	0.9	0.439	ZYX	ACTN1	0.630958064750574	1.98863575797438e-57	1.07097419903212e-56
9606.ENSP00000324532	9606.ENSP00000375778	LAMA3	LAMB3	9606	0.995	0	0	0	0	0.253	0.8	0.975	LAMA3	LAMB3	0.323409608041549	9.27192964612252e-14	1.88463056665332e-13
9606.ENSP00000324729	9606.ENSP00000349547	SAV1	RASSF1	9606	0.847	0	0	0	0	0.492	0	0.713	SAV1	RASSF1	-0.367246693613461	1.43409685806566e-17	3.27402153009055e-17
9606.ENSP00000324729	9606.ENSP00000437550	SAV1	LATS1	9606	0.989	0	0	0	0	0.457	0	0.981	SAV1	LATS1	0.338814844217341	4.96649560745659e-15	1.04874627619411e-14
9606.ENSP00000324804	9606.ENSP00000417963	PPP2R1A	PPP2R5D	9606	0.985	0	0	0	0	0.815	0.8	0.639	PPP2R1A	PPP2R5D	0.401309789364029	5.79125654234584e-21	1.44916956641061e-20
9606.ENSP00000324804	9606.ENSP00000399970	PPP2R1A	PPP2R2D	9606	0.986	0	0	0	0	0.734	0.9	0.55	PPP2R1A	PPP2R2D	0.367415437195893	1.38271245921786e-17	3.15813142529251e-17
9606.ENSP00000324806	9606.ENSP00000326366	GSK3B	PSEN1	9606	0.724	0	0	0	0	0.457	0	0.512	GSK3B	PSEN1	0.622253001697685	1.84715831694074e-55	9.53332674043044e-55
9606.ENSP00000324806	9606.ENSP00000379287	GSK3B	YWHAZ	9606	0.776	0	0	0	0	0.46	0	0.603	GSK3B	YWHAZ	0.396728182134984	1.74835484319175e-20	4.31649006861902e-20
9606.ENSP00000324806	9606.ENSP00000329967	GSK3B	TBK1	9606	0.911	0	0	0	0	0.292	0	0.88	GSK3B	TBK1	0.413651831021611	2.70700895578519e-22	7.01763398772594e-22
9606.ENSP00000324806	9606.ENSP00000359206	GSK3B	BTRC	9606	0.995	0	0	0	0	0.507	0.5	0.982	GSK3B	BTRC	0.30549809639349	2.27268433839857e-12	4.38519278592597e-12
9606.ENSP00000324806	9606.ENSP00000360060	GSK3B	FRAT1	9606	0.997	0	0	0	0	0.702	0.9	0.934	GSK3B	FRAT1	-0.327227350064199	4.55853752815172e-14	9.35564066951646e-14
9606.ENSP00000324806	9606.ENSP00000495360	GSK3B	CTNNB1	9606	0.998	0	0	0	0	0.564	0.8	0.982	GSK3B	CTNNB1	0.571935174883948	3.30980085939514e-45	1.40542003883263e-44
9606.ENSP00000324856	9606.ENSP00000336655	STK11	STRADA	9606	0.999	0	0	0	0	0.964	0.8	0.983	STK11	STRADA	0.394089595294933	3.27800608815165e-20	8.03056146583606e-20
9606.ENSP00000325074	9606.ENSP00000378306	PPP2R2A	PPP3CB	9606	0.925	0	0	0	0	0.197	0.9	0.143	PPP2R2A	PPP3CB	0.428738681321548	5.36532263843109e-24	1.46336149405329e-23
9606.ENSP00000325074	9606.ENSP00000378323	PPP2R2A	PPP3CA	9606	0.933	0	0	0	0	0.289	0.9	0.143	PPP2R2A	PPP3CA	0.397832982055969	1.34152955977314e-20	3.32501604163392e-20
9606.ENSP00000325074	9606.ENSP00000412324	PPP2R2A	PPP2R5C	9606	0.981	0	0	0	0	0.491	0.9	0.673	PPP2R2A	PPP2R5C	0.311647313799703	7.76394985814182e-13	1.52501331868394e-12
9606.ENSP00000325526	9606.ENSP00000434034	WNT11	FZD4	9606	0.915	0	0	0	0	0.078	0.5	0.831	WNT11	FZD4	0.362673099608097	3.82414595742086e-17	8.62768780309278e-17
9606.ENSP00000325526	9606.ENSP00000363826	WNT11	FZD8	9606	0.918	0	0	0	0	0.078	0.5	0.836	WNT11	FZD8	0.427768242662776	6.94601944844413e-24	1.88992015906368e-23
9606.ENSP00000325527	9606.ENSP00000424571	FBN1	FBN2	9606	0.81	0	0	0	0	0.236	0	0.762	FBN1	FBN2	0.422298099375155	2.93152161042749e-23	7.82124113399317e-23
9606.ENSP00000325527	9606.ENSP00000345008	FBN1	FBLN5	9606	0.881	0	0	0	0	0.236	0	0.851	FBN1	FBLN5	0.428387776665865	5.89097169337822e-24	1.60586686767694e-23
9606.ENSP00000325527	9606.ENSP00000384169	FBN1	FBLN2	9606	0.951	0	0	0	0	0.292	0	0.933	FBN1	FBLN2	0.352180621788887	3.42131362527204e-16	7.47317903051358e-16
9606.ENSP00000325527	9606.ENSP00000386043	FBN1	LTBP1	9606	0.982	0	0	0	0	0.236	0	0.978	FBN1	LTBP1	0.451432783029856	1.00296145697137e-26	2.93745084153928e-26
9606.ENSP00000325527	9606.ENSP00000351807	FBN1	ELN	9606	0.989	0	0	0	0	0.549	0	0.976	FBN1	ELN	0.309445727181414	1.14377299662315e-12	2.23237938637613e-12
9606.ENSP00000325612	9606.ENSP00000440100	MED16	MED24	9606	0.998	0	0	0	0	0.965	0.8	0.808	MED16	MED24	0.489915171641388	7.59155357642191e-32	2.48813842128807e-31
9606.ENSP00000325863	9606.ENSP00000368100	MRE11	RAD50	9606	0.999	0	0	0	0	0.861	0.9	0.985	MRE11	RAD50	0.573924970136765	1.40470058298779e-45	6.0276906723308e-45
9606.ENSP00000326031	9606.ENSP00000341957	PPP1CA	TP53BP2	9606	0.902	0	0	0	0	0.528	0.8	0.048	PPP1CA	TP53BP2	-0.351322275084651	4.07839494000285e-16	8.88551209901523e-16
9606.ENSP00000326031	9606.ENSP00000389168	PPP1CA	PPP1R12A	9606	0.935	0	0	0	0	0.382	0.9	0	PPP1CA	PPP1R12A	-0.607075210626653	3.57406685336046e-52	1.73609741891833e-51
9606.ENSP00000326119	9606.ENSP00000381185	PMAIP1	BCL2	9606	0.995	0	0	0	0	0.549	0.5	0.982	PMAIP1	BCL2	-0.427195763054566	8.08573442728377e-24	2.19355781458123e-23
9606.ENSP00000326119	9606.ENSP00000365230	PMAIP1	BCL2L1	9606	0.995	0	0	0	0	0.549	0.54	0.982	PMAIP1	BCL2L1	0.696252886158181	1.88780861718569e-74	1.41404661686984e-73
9606.ENSP00000326119	9606.ENSP00000358022	PMAIP1	MCL1	9606	0.997	0	0	0	0	0.759	0.54	0.982	PMAIP1	MCL1	0.442228850214214	1.35711457071842e-25	3.85141455568231e-25
9606.ENSP00000326340	9606.ENSP00000358072	ATG16L2	ATG5	9606	0.99	0	0	0	0	0.711	0.9	0.706	ATG16L2	ATG5	-0.531054689319864	4.3254676132574e-38	1.60166877680844e-37
9606.ENSP00000326366	9606.ENSP00000495360	PSEN1	CTNNB1	9606	0.934	0	0	0	0	0.457	0	0.885	PSEN1	CTNNB1	0.487327179922961	1.75983903368885e-31	5.73642011077587e-31
9606.ENSP00000327054	9606.ENSP00000357283	LMNB2	LMNA	9606	0.978	0	0	0	0	0.457	0.9	0.635	LMNB2	LMNA	0.447090733918112	3.46178258412193e-26	9.96636216182723e-26
9606.ENSP00000327268	9606.ENSP00000467262	NDUFV2	UQCR11	9606	0.807	0	0	0	0	0.807	0	0	NDUFV2	UQCR11	0.81409367644839	8.32200722815256e-121	1.80227350567901e-119
9606.ENSP00000327268	9606.ENSP00000497474	NDUFV2	COX7B	9606	0.814	0	0	0	0	0.814	0	0	NDUFV2	COX7B	0.887337988457231	3.16851410331775e-171	3.83126163659504e-169
9606.ENSP00000327268	9606.ENSP00000425759	NDUFV2	COX7C	9606	0.816	0	0	0	0	0.816	0	0	NDUFV2	COX7C	0.732182690318721	6.21316069984786e-86	5.93111590492055e-85
9606.ENSP00000327268	9606.ENSP00000466818	NDUFV2	COX6B1	9606	0.821	0	0	0	0	0.821	0	0	NDUFV2	COX6B1	0.87343094557903	2.58939854228829e-159	1.87860864243015e-157
9606.ENSP00000327268	9606.ENSP00000478766	NDUFV2	NDUFC2-KCTD14	9606	0.823	0	0	0	0	0.339	0.744	0	NDUFV2	NDUFC2-KCTD14	0.640543743815375	1.14177426466054e-59	6.37548169662294e-59
9606.ENSP00000327268	9606.ENSP00000457513	NDUFV2	COX4I1	9606	0.837	0	0	0	0	0.837	0	0	NDUFV2	COX4I1	0.820885722112584	1.81796649703495e-124	4.29420597915907e-123
9606.ENSP00000327268	9606.ENSP00000367939	NDUFV2	UQCRQ	9606	0.859	0	0	0	0	0.859	0	0	NDUFV2	UQCRQ	0.864874220341289	1.15536500811734e-152	6.48344883284412e-151
9606.ENSP00000327268	9606.ENSP00000430494	NDUFV2	UQCRB	9606	0.896	0	0	0	0	0.896	0	0	NDUFV2	UQCRB	0.76731536507688	4.04510858018528e-99	5.06611194191638e-98
9606.ENSP00000327268	9606.ENSP00000332887	NDUFV2	UQCR10	9606	0.898	0	0	0	0	0.898	0	0	NDUFV2	UQCR10	0.762606571216128	3.2098057001283e-97	3.85366388844009e-96
9606.ENSP00000327268	9606.ENSP00000419087	NDUFV2	NDUFB2	9606	0.993	0	0	0	0	0.8	0.967	0	NDUFV2	NDUFB2	0.675704185325365	1.28099829121757e-68	8.56556921915527e-68
9606.ENSP00000327268	9606.ENSP00000483888	NDUFV2	NDUFB1	9606	0.993	0	0	0	0	0.94	0.9	0	NDUFV2	NDUFB1	0.85799328380043	1.22302215302209e-147	5.97222885011799e-146
9606.ENSP00000327268	9606.ENSP00000441126	NDUFV2	NDUFC1	9606	0.993	0	0	0	0	0.803	0.967	0	NDUFV2	NDUFC1	0.778856363897259	5.68829218210674e-104	8.05801725155622e-103
9606.ENSP00000327268	9606.ENSP00000362058	NDUFV2	NDUFS5	9606	0.994	0	0	0	0	0.951	0.9	0	NDUFV2	NDUFS5	0.626001606371817	2.67117985582763e-56	1.4094116257476e-55
9606.ENSP00000327268	9606.ENSP00000458770	NDUFV2	NDUFAB1	9606	0.996	0	0	0	0	0.9	0.967	0	NDUFV2	NDUFAB1	0.604851913762805	1.04668765329455e-51	5.02895293023307e-51
9606.ENSP00000327268	9606.ENSP00000418438	NDUFV2	NDUFA3	9606	0.997	0	0	0	0	0.924	0.967	0	NDUFV2	NDUFA3	0.851947213354876	1.94342814028992e-143	8.08991787742814e-142
9606.ENSP00000327268	9606.ENSP00000389160	NDUFV2	NDUFA11	9606	0.997	0	0	0	0	0.949	0.944	0.282	NDUFV2	NDUFA11	0.725706048865756	9.95284960968114e-84	8.9938695271825e-83
9606.ENSP00000327268	9606.ENSP00000360492	NDUFV2	NDUFA1	9606	0.998	0	0	0	0	0.931	0.967	0.32	NDUFV2	NDUFA1	0.856287957988345	1.95813546493409e-146	9.16533728909475e-145
9606.ENSP00000327268	9606.ENSP00000423673	NDUFV2	NDUFA13	9606	0.998	0	0	0	0	0.951	0.967	0.387	NDUFV2	NDUFA13	0.790596575185469	3.22719833946169e-109	5.23620663481029e-108
9606.ENSP00000327268	9606.ENSP00000417142	NDUFV2	NDUFA5	9606	0.998	0	0	0	0	0.947	0.967	0	NDUFV2	NDUFA5	0.572144916354989	3.02472954091325e-45	1.28652336461708e-44
9606.ENSP00000327268	9606.ENSP00000356972	NDUFV2	NDUFS2	9606	0.999	0	0	0	0	0.951	0.98	0.928	NDUFV2	NDUFS2	0.407358841474209	1.31129858525974e-21	3.34392662075902e-21
9606.ENSP00000327268	9606.ENSP00000407336	NDUFV2	NDUFB3	9606	0.999	0	0	0	0	0.97	0.967	0	NDUFV2	NDUFB3	0.707467485879023	7.58256395220349e-78	6.0499687401831e-77
9606.ENSP00000327268	9606.ENSP00000346196	NDUFV2	NDUFV3	9606	0.999	0	0	0	0	0.972	0.967	0.733	NDUFV2	NDUFV3	0.691981278873229	3.37707367672975e-73	2.47481510350246e-72
9606.ENSP00000327268	9606.ENSP00000369176	NDUFV2	NDUFB6	9606	0.999	0	0	0	0	0.943	0.967	0.677	NDUFV2	NDUFB6	0.730755497910039	1.92590844396811e-85	1.81797881648551e-84
9606.ENSP00000327268	9606.ENSP00000497587	NDUFV2	NDUFV1	9606	0.999	0	0	0	0	0.972	0.98	0.981	NDUFV2	NDUFV1	0.444600019008112	6.9895095635418e-26	1.99697464520096e-25
9606.ENSP00000327268	9606.ENSP00000330737	NDUFV2	NDUFA12	9606	0.999	0	0	0	0	0.951	0.967	0.588	NDUFV2	NDUFA12	0.861759219400201	2.34973522279239e-150	1.21766636009706e-148
9606.ENSP00000327268	9606.ENSP00000482543	NDUFV2	NDUFA6	9606	0.999	0	0	0	0	0.951	0.967	0.829	NDUFV2	NDUFA6	0.665416790126217	7.12167199713947e-66	4.46511249845343e-65
9606.ENSP00000327268	9606.ENSP00000362873	NDUFV2	NDUFA8	9606	0.999	0	0	0	0	0.979	0.967	0	NDUFV2	NDUFA8	0.842494404719975	3.12332052615716e-137	1.04698239551744e-135
9606.ENSP00000327336	9606.ENSP00000364685	BGN	MFAP2	9606	0.748	0	0	0	0	0.292	0	0.66	BGN	MFAP2	0.433609789550384	1.44942974828647e-24	4.01031270862046e-24
9606.ENSP00000327336	9606.ENSP00000398698	BGN	TNF	9606	0.901	0	0	0	0	0.292	0	0.867	BGN	TNF	0.335550810288792	9.36224811151706e-15	1.96026291627868e-14
9606.ENSP00000327336	9606.ENSP00000351807	BGN	ELN	9606	0.954	0	0	0	0	0.292	0	0.938	BGN	ELN	0.641354197531554	7.31876496979364e-60	4.10699976785602e-59
9606.ENSP00000327959	9606.ENSP00000362649	TGIF1	HDAC1	9606	0.716	0	0	0	0	0.457	0.5	0	TGIF1	HDAC1	-0.365459372024159	2.10790817011266e-17	4.7843627449909e-17
9606.ENSP00000329102	9606.ENSP00000362768	LIN9	RBL1	9606	0.739	0	0	0	0	0.64	0	0.305	LIN9	RBL1	0.370971910855682	6.37623287455294e-18	1.47323469760769e-17
9606.ENSP00000329102	9606.ENSP00000364519	LIN9	TFDP1	9606	0.783	0	0	0	0	0.457	0.5	0.267	LIN9	TFDP1	0.384369834498978	3.163927340319e-19	7.56319369160275e-19
9606.ENSP00000329102	9606.ENSP00000341947	LIN9	LIN54	9606	0.999	0	0	0	0	0.622	0.9	0.987	LIN9	LIN54	0.437354480789694	5.22311410646649e-25	1.46227039634455e-24
9606.ENSP00000329357	9606.ENSP00000341551	SP1	SMAD4	9606	0.716	0	0	0	0	0.457	0.5	0	SP1	SMAD4	0.509257136893814	1.12283043129593e-34	3.89310796398745e-34
9606.ENSP00000329357	9606.ENSP00000345702	SP1	NFYA	9606	0.716	0	0	0	0	0.457	0.5	0	SP1	NFYA	0.583566462236286	2.02988597110361e-47	9.04278588092079e-47
9606.ENSP00000329357	9606.ENSP00000362649	SP1	HDAC1	9606	0.771	0	0	0	0	0.457	0	0.595	SP1	HDAC1	-0.372110813565829	4.96624320830377e-18	1.15164685540505e-17
9606.ENSP00000329357	9606.ENSP00000437955	SP1	HIF1A	9606	0.783	0	0	0	0	0.534	0	0.554	SP1	HIF1A	0.41132221917844	4.8735343312781e-22	1.256038777031e-21
9606.ENSP00000329357	9606.ENSP00000332973	SP1	SMAD3	9606	0.889	0	0	0	0	0.457	0.5	0.627	SP1	SMAD3	0.306246773745698	1.99677429914097e-12	3.86162158346817e-12
9606.ENSP00000329757	9606.ENSP00000411672	ATP6V0C	ATP6V0E2	9606	0.861	0	0	0	0	0.499	0.72	0.089	ATP6V0C	ATP6V0E2	0.368580988533636	1.07403907566743e-17	2.46420033692208e-17
9606.ENSP00000329757	9606.ENSP00000363162	ATP6V0C	ATP6V1G1	9606	0.966	0	0	0	0	0.875	0.72	0.103	ATP6V0C	ATP6V1G1	0.343322468892852	2.04376617076175e-15	4.36012035211658e-15
9606.ENSP00000329757	9606.ENSP00000429690	ATP6V0C	ATP6V0E1	9606	0.98	0	0	0	0	0.947	0.5	0.332	ATP6V0C	ATP6V0E1	0.333101788439713	1.49908349875373e-14	3.12204041354144e-14
9606.ENSP00000329757	9606.ENSP00000358777	ATP6V0C	ATP6AP1	9606	0.995	0	0	0	0	0.954	0.9	0.064	ATP6V0C	ATP6AP1	0.446179089958685	4.48003052834218e-26	1.28432599707512e-25
9606.ENSP00000329757	9606.ENSP00000417378	ATP6V0C	ATP6V1F	9606	0.999	0	0	0	0	0.968	0.909	0.68	ATP6V0C	ATP6V1F	0.607577714293168	2.80013755809403e-52	1.36342268348806e-51
9606.ENSP00000329757	9606.ENSP00000434729	ATP6V0C	ATP6V0B	9606	0.999	0	0	0	0	0.947	0.967	0.672	ATP6V0C	ATP6V0B	0.624416292560933	6.07095433480069e-56	3.17685127143589e-55
9606.ENSP00000329967	9606.ENSP00000481570	TBK1	TNFAIP3	9606	0.716	0	0	0	0	0.457	0.5	0	TBK1	TNFAIP3	0.38861563174951	1.18618462819824e-19	2.86722448086853e-19
9606.ENSP00000329967	9606.ENSP00000379612	TBK1	TAX1BP1	9606	0.716	0	0	0	0	0.457	0.5	0	TBK1	TAX1BP1	0.459010963208122	1.10554950401248e-27	3.31143211803444e-27
9606.ENSP00000329967	9606.ENSP00000360242	TBK1	XIAP	9606	0.716	0	0	0	0	0.457	0.5	0	TBK1	XIAP	0.323398519976221	9.29093330294264e-14	1.8881154373347e-13
9606.ENSP00000329967	9606.ENSP00000335153	TBK1	HSP90AA1	9606	0.768	0	0	0	0	0.458	0.5	0.214	TBK1	HSP90AA1	0.388571279488197	1.19849235068519e-19	2.89628522624541e-19
9606.ENSP00000329967	9606.ENSP00000392025	TBK1	CYLD	9606	0.853	0	0	0	0	0.457	0.5	0.503	TBK1	CYLD	0.531531755660038	3.61829345864268e-38	1.34225736520941e-37
9606.ENSP00000329967	9606.ENSP00000363089	TBK1	TLR4	9606	0.853	0	0	0	0	0.329	0.5	0.599	TBK1	TLR4	0.321116335236008	1.41352713161538e-13	2.85374579125768e-13
9606.ENSP00000329967	9606.ENSP00000368022	TBK1	OPTN	9606	0.998	0	0	0	0	0.96	0	0.972	TBK1	OPTN	0.38605205241021	2.14859584577851e-19	5.16283132376918e-19
9606.ENSP00000330237	9606.ENSP00000365230	CASP9	BCL2L1	9606	0.718	0	0	0	0	0.657	0	0.213	CASP9	BCL2L1	-0.319345505979169	1.95277684948107e-13	3.92371008114326e-13
9606.ENSP00000330341	9606.ENSP00000362195	SOCS3	CSF3R	9606	0.734	0	0	0	0	0.419	0.5	0.158	SOCS3	CSF3R	0.322945586484114	1.0100698838922e-13	2.04980615598264e-13
9606.ENSP00000330341	9606.ENSP00000371067	SOCS3	JAK2	9606	0.996	0	0	0	0	0.669	0.5	0.981	SOCS3	JAK2	0.310696908200137	9.18099808329211e-13	1.79952523218831e-12
9606.ENSP00000330393	9606.ENSP00000489597	LEPR	PTPN11	9606	0.804	0	0	0	0	0.549	0.5	0.203	LEPR	PTPN11	0.405171697293953	2.25145572363892e-21	5.70275206608491e-21
9606.ENSP00000330393	9606.ENSP00000371067	LEPR	JAK2	9606	0.989	0	0	0	0	0.926	0.7	0.565	LEPR	JAK2	0.441370969395076	1.72313152733341e-25	4.87380866698007e-25
9606.ENSP00000330737	9606.ENSP00000425759	NDUFA12	COX7C	9606	0.807	0	0	0	0	0.807	0	0	NDUFA12	COX7C	0.787101505181574	1.27443748788717e-107	1.97927546857339e-106
9606.ENSP00000330737	9606.ENSP00000467262	NDUFA12	UQCR11	9606	0.807	0	0	0	0	0.807	0	0	NDUFA12	UQCR11	0.829174097533977	3.76972184441216e-129	1.0076069677288e-127
9606.ENSP00000330737	9606.ENSP00000497474	NDUFA12	COX7B	9606	0.814	0	0	0	0	0.814	0	0	NDUFA12	COX7B	0.875982411905787	2.16901900344718e-161	1.74847031888992e-159
9606.ENSP00000330737	9606.ENSP00000478766	NDUFA12	NDUFC2-KCTD14	9606	0.839	0	0	0	0	0.324	0.744	0.144	NDUFA12	NDUFC2-KCTD14	0.72051133684797	5.25984284882644e-82	4.60553653582156e-81
9606.ENSP00000330737	9606.ENSP00000466818	NDUFA12	COX6B1	9606	0.842	0	0	0	0	0.842	0	0	NDUFA12	COX6B1	0.866855816016384	3.66524631188608e-154	2.16441318545505e-152
9606.ENSP00000330737	9606.ENSP00000457513	NDUFA12	COX4I1	9606	0.842	0	0	0	0	0.842	0	0	NDUFA12	COX4I1	0.821511685330023	8.21132822480272e-125	1.9716893801258e-123
9606.ENSP00000330737	9606.ENSP00000367939	NDUFA12	UQCRQ	9606	0.859	0	0	0	0	0.859	0	0	NDUFA12	UQCRQ	0.866152329518666	1.25566565253918e-153	7.24647501865932e-152
9606.ENSP00000330737	9606.ENSP00000332887	NDUFA12	UQCR10	9606	0.896	0	0	0	0	0.896	0	0	NDUFA12	UQCR10	0.771482986807997	7.7231660903848e-101	1.01087883994895e-99
9606.ENSP00000330737	9606.ENSP00000430494	NDUFA12	UQCRB	9606	0.942	0	0	0	0	0.942	0	0	NDUFA12	UQCRB	0.794871257312066	3.26729760830029e-111	5.60573341343008e-110
9606.ENSP00000330737	9606.ENSP00000483888	NDUFA12	NDUFB1	9606	0.985	0	0	0	0	0.861	0.9	0	NDUFA12	NDUFB1	0.881627448459132	3.74324444364834e-166	3.72746409942512e-164
9606.ENSP00000330737	9606.ENSP00000441126	NDUFA12	NDUFC1	9606	0.993	0	0	0	0	0.803	0.967	0.088	NDUFA12	NDUFC1	0.84660891554994	6.9974888603484e-140	2.59392315162623e-138
9606.ENSP00000330737	9606.ENSP00000419087	NDUFA12	NDUFB2	9606	0.993	0	0	0	0	0.8	0.967	0	NDUFA12	NDUFB2	0.736136657143975	2.60281919652673e-87	2.54444991136882e-86
9606.ENSP00000330737	9606.ENSP00000362058	NDUFA12	NDUFS5	9606	0.994	0	0	0	0	0.951	0.9	0	NDUFA12	NDUFS5	0.669873912857124	4.75141961303068e-67	3.05637549142195e-66
9606.ENSP00000330737	9606.ENSP00000418438	NDUFA12	NDUFA3	9606	0.995	0	0	0	0	0.861	0.967	0	NDUFA12	NDUFA3	0.870825250226886	3.07797300897261e-157	2.04333149360358e-155
9606.ENSP00000330737	9606.ENSP00000458770	NDUFA12	NDUFAB1	9606	0.996	0	0	0	0	0.9	0.967	0	NDUFA12	NDUFAB1	0.632132654259215	1.06706884107919e-57	5.76194482660355e-57
9606.ENSP00000330737	9606.ENSP00000360492	NDUFA12	NDUFA1	9606	0.997	0	0	0	0	0.921	0.967	0.044	NDUFA12	NDUFA1	0.909169830026481	1.65729345025046e-193	4.31618707030612e-191
9606.ENSP00000330737	9606.ENSP00000389160	NDUFA12	NDUFA11	9606	0.997	0	0	0	0	0.949	0.944	0.116	NDUFA12	NDUFA11	0.736846386502004	1.46381180592192e-87	1.43929685505798e-86
9606.ENSP00000330737	9606.ENSP00000407336	NDUFA12	NDUFB3	9606	0.998	0	0	0	0	0.951	0.967	0	NDUFA12	NDUFB3	0.768525455029975	1.29270164207284e-99	1.64330044787657e-98
9606.ENSP00000330737	9606.ENSP00000356972	NDUFA12	NDUFS2	9606	0.998	0	0	0	0	0.951	0.967	0.195	NDUFA12	NDUFS2	0.391951648581007	5.43252406215157e-20	1.32353434634861e-19
9606.ENSP00000330737	9606.ENSP00000482543	NDUFA12	NDUFA6	9606	0.998	0	0	0	0	0.951	0.967	0.298	NDUFA12	NDUFA6	0.688505962397482	3.40091801931922e-72	2.44813071029237e-71
9606.ENSP00000330737	9606.ENSP00000417142	NDUFA12	NDUFA5	9606	0.998	0	0	0	0	0.951	0.967	0	NDUFA12	NDUFA5	0.633274631811007	5.81052995908113e-58	3.15433205742315e-57
9606.ENSP00000330737	9606.ENSP00000369176	NDUFA12	NDUFB6	9606	0.998	0	0	0	0	0.951	0.967	0	NDUFA12	NDUFB6	0.810382528936123	7.20194481254621e-119	1.46593493909884e-117
9606.ENSP00000330737	9606.ENSP00000423673	NDUFA12	NDUFA13	9606	0.999	0	0	0	0	0.951	0.967	0.44	NDUFA12	NDUFA13	0.820982626212932	1.60782493720735e-124	3.80668482219465e-123
9606.ENSP00000330737	9606.ENSP00000346196	NDUFA12	NDUFV3	9606	0.999	0	0	0	0	0.951	0.967	0.629	NDUFA12	NDUFV3	0.709012081332357	2.50837707730944e-78	2.01882614692805e-77
9606.ENSP00000330737	9606.ENSP00000362873	NDUFA12	NDUFA8	9606	0.999	0	0	0	0	0.977	0.967	0.356	NDUFA12	NDUFA8	0.866403814294473	8.09193173285355e-154	4.6965571777482e-152
9606.ENSP00000330737	9606.ENSP00000497587	NDUFA12	NDUFV1	9606	0.999	0	0	0	0	0.951	0.967	0.683	NDUFA12	NDUFV1	0.468351773065505	6.75556305136336e-29	2.0805413557519e-28
9606.ENSP00000331172	9606.ENSP00000386559	CD8B	CD8A	9606	0.957	0	0	0	0	0.49	0.9	0.237	CD8B	CD8A	0.72865901496982	1.00156620331954e-84	9.23131390845425e-84
9606.ENSP00000331544	9606.ENSP00000351807	FBLN1	ELN	9606	0.72	0	0	0	0	0.292	0	0.621	FBLN1	ELN	0.647689023560741	2.15997856244618e-61	1.26013223772348e-60
9606.ENSP00000331544	9606.ENSP00000346839	FBLN1	FN1	9606	0.981	0	0	0	0	0.36	0	0.972	FBLN1	FN1	0.343375020731887	2.02254604683502e-15	4.3166632060734e-15
9606.ENSP00000331902	9606.ENSP00000378340	COL4A5	COL4A6	9606	0.876	0	0	0	0	0.09	0.8	0.378	COL4A5	COL4A6	0.789900729203355	6.74689041070503e-109	1.08259345816005e-107
9606.ENSP00000332247	9606.ENSP00000430282	ATP6V0A2	ATP6V1C1	9606	0.895	0	0	0	0	0.712	0.54	0.273	ATP6V0A2	ATP6V1C1	0.437356437507105	5.22031184591425e-25	1.4618888177268e-24
9606.ENSP00000332887	9606.ENSP00000365243	UQCR10	COX4I2	9606	0.735	0	0	0	0	0.448	0.54	0	UQCR10	COX4I2	0.35251438187297	3.19494032055095e-16	6.98622364603573e-16
9606.ENSP00000332887	9606.ENSP00000367938	UQCR10	COX7A2L	9606	0.764	0	0	0	0	0.647	0.36	0	UQCR10	COX7A2L	0.396301897270472	1.93596713048607e-20	4.77388155968609e-20
9606.ENSP00000332887	9606.ENSP00000429707	UQCR10	COX6C	9606	0.766	0	0	0	0	0.513	0.54	0	UQCR10	COX6C	0.823641898351326	5.36465414741411e-126	1.32576136679526e-124
9606.ENSP00000332887	9606.ENSP00000441126	UQCR10	NDUFC1	9606	0.8	0	0	0	0	0.8	0	0	UQCR10	NDUFC1	0.750653264084172	1.36709660646984e-92	1.47405522631785e-91
9606.ENSP00000332887	9606.ENSP00000419087	UQCR10	NDUFB2	9606	0.8	0	0	0	0	0.8	0	0	UQCR10	NDUFB2	0.721548024367654	2.40022716041667e-82	2.11624195037778e-81
9606.ENSP00000332887	9606.ENSP00000346196	UQCR10	NDUFV3	9606	0.804	0	0	0	0	0.804	0	0	UQCR10	NDUFV3	0.625231125597032	3.98335618095012e-56	2.09306511794673e-55
9606.ENSP00000332887	9606.ENSP00000360492	UQCR10	NDUFA1	9606	0.807	0	0	0	0	0.807	0	0	UQCR10	NDUFA1	0.827220827672829	5.04026154175585e-128	1.3059677673371e-126
9606.ENSP00000332887	9606.ENSP00000407336	UQCR10	NDUFB3	9606	0.83	0	0	0	0	0.83	0	0	UQCR10	NDUFB3	0.743094837434054	8.49775373270695e-90	8.74485153628211e-89
9606.ENSP00000332887	9606.ENSP00000362058	UQCR10	NDUFS5	9606	0.83	0	0	0	0	0.83	0	0	UQCR10	NDUFS5	0.563374722565424	1.23754366558381e-43	5.11588563749888e-43
9606.ENSP00000332887	9606.ENSP00000369176	UQCR10	NDUFB6	9606	0.83	0	0	0	0	0.83	0	0	UQCR10	NDUFB6	0.767128731506691	4.82028857014576e-99	6.01470159790792e-98
9606.ENSP00000332887	9606.ENSP00000483888	UQCR10	NDUFB1	9606	0.836	0	0	0	0	0.83	0	0.077	UQCR10	NDUFB1	0.794791777314377	3.56211265509906e-111	6.09097276731332e-110
9606.ENSP00000332887	9606.ENSP00000418438	UQCR10	NDUFA3	9606	0.842	0	0	0	0	0.842	0	0	UQCR10	NDUFA3	0.785149167090622	9.63962772255932e-107	1.45266615397678e-105
9606.ENSP00000332887	9606.ENSP00000458770	UQCR10	NDUFAB1	9606	0.87	0	0	0	0	0.87	0	0	UQCR10	NDUFAB1	0.609224804468024	1.25446888834021e-52	6.14054963801035e-52
9606.ENSP00000332887	9606.ENSP00000423673	UQCR10	NDUFA13	9606	0.884	0	0	0	0	0.884	0	0	UQCR10	NDUFA13	0.724662279892585	2.22499606193472e-83	1.99640326864584e-82
9606.ENSP00000332887	9606.ENSP00000362873	UQCR10	NDUFA8	9606	0.896	0	0	0	0	0.896	0	0	UQCR10	NDUFA8	0.764180424253605	7.5254273752948e-98	9.23137268730306e-97
9606.ENSP00000332887	9606.ENSP00000356972	UQCR10	NDUFS2	9606	0.896	0	0	0	0	0.896	0	0	UQCR10	NDUFS2	0.410117253961421	6.5938564979088e-22	1.69639818767122e-21
9606.ENSP00000332887	9606.ENSP00000482543	UQCR10	NDUFA6	9606	0.897	0	0	0	0	0.897	0	0	UQCR10	NDUFA6	0.855119052277899	1.28362650665902e-145	5.84654458660791e-144
9606.ENSP00000332887	9606.ENSP00000417142	UQCR10	NDUFA5	9606	0.897	0	0	0	0	0.897	0	0	UQCR10	NDUFA5	0.550079666351728	2.79382420325832e-41	1.10372899387377e-40
9606.ENSP00000332887	9606.ENSP00000497587	UQCR10	NDUFV1	9606	0.898	0	0	0	0	0.898	0	0	UQCR10	NDUFV1	0.565957962255853	4.19556994912216e-44	1.75151680942186e-43
9606.ENSP00000332887	9606.ENSP00000457513	UQCR10	COX4I1	9606	0.944	0	0	0	0	0.884	0.54	0	UQCR10	COX4I1	0.777059724606001	3.38375223801199e-103	4.67602333081467e-102
9606.ENSP00000332887	9606.ENSP00000497474	UQCR10	COX7B	9606	0.949	0	0	0	0	0.865	0.54	0.241	UQCR10	COX7B	0.805836701682591	1.48902687816058e-116	2.86983795094441e-115
9606.ENSP00000332887	9606.ENSP00000389160	UQCR10	NDUFA11	9606	0.951	0	0	0	0	0.949	0	0.074	UQCR10	NDUFA11	0.687718337051096	5.71425033868676e-72	4.08729864014376e-71
9606.ENSP00000332887	9606.ENSP00000466818	UQCR10	COX6B1	9606	0.962	0	0	0	0	0.909	0.54	0.183	UQCR10	COX6B1	0.809916364307238	1.25246098868109e-118	2.53411280120196e-117
9606.ENSP00000332887	9606.ENSP00000485401	UQCR10	UQCRHL	9606	0.97	0	0	0	0	0.497	0.944	0	UQCR10	UQCRHL	0.617463982423087	2.10349787507667e-54	1.0597831308112e-53
9606.ENSP00000332887	9606.ENSP00000425759	UQCR10	COX7C	9606	0.971	0	0	0	0	0.94	0.54	0	UQCR10	COX7C	0.775668218995812	1.33116576790999e-102	1.80757362361788e-101
9606.ENSP00000332887	9606.ENSP00000367939	UQCR10	UQCRQ	9606	0.999	0	0	0	0	0.977	0.979	0.727	UQCR10	UQCRQ	0.797276808426184	2.34811005778402e-112	4.13340621436955e-111
9606.ENSP00000332887	9606.ENSP00000467262	UQCR10	UQCR11	9606	0.999	0	0	0	0	0.973	0.967	0.402	UQCR10	UQCR11	0.764949880081176	3.68767357798637e-98	4.54559472470965e-97
9606.ENSP00000332887	9606.ENSP00000430494	UQCR10	UQCRB	9606	0.999	0	0	0	0	0.981	0.979	0.81	UQCR10	UQCRB	0.717739786401	4.2105445327219e-81	3.61814727739901e-80
9606.ENSP00000332973	9606.ENSP00000478927	SMAD3	YAP1	9606	0.869	0	0	0	0	0.345	0.8	0.08	SMAD3	YAP1	0.38904443239355	1.07343427896879e-19	2.59777745329664e-19
9606.ENSP00000332973	9606.ENSP00000447297	SMAD3	TGFBR1	9606	0.967	0	0	0	0	0.457	0.4	0.909	SMAD3	TGFBR1	0.305526608561477	2.26152497685783e-12	4.36614886712507e-12
9606.ENSP00000332973	9606.ENSP00000339527	SMAD3	FOXO3	9606	0.987	0	0	0	0	0.457	0.9	0.791	SMAD3	FOXO3	0.358913220514598	8.46478560318277e-17	1.88711210209674e-16
9606.ENSP00000333298	9606.ENSP00000408411	LAMP1	LAMP2	9606	0.968	0	0	0	0	0.734	0	0.888	LAMP1	LAMP2	0.433751418620123	1.39486594138128e-24	3.86144817841636e-24
9606.ENSP00000333685	9606.ENSP00000449381	MAPK11	MAPKAPK5	9606	0.763	0	0	0	0	0.244	0.7	0	MAPK11	MAPKAPK5	-0.390285270763101	8.03331613817278e-20	1.9492210228242e-19
9606.ENSP00000333769	9606.ENSP00000367123	BSG	SLC3A2	9606	0.909	0	0	0	0	0.308	0.5	0.76	BSG	SLC3A2	0.357030951542359	1.25504451176631e-16	2.77783549923957e-16
9606.ENSP00000334008	9606.ENSP00000494750	PARVA	ACTB	9606	0.949	0	0	0	0	0.488	0.9	0.099	PARVA	ACTB	0.316551499870484	3.23754563402119e-13	6.44400372423147e-13
9606.ENSP00000335076	9606.ENSP00000433623	EDARADD	TRAF6	9606	0.943	0	0	0	0	0.457	0.9	0	EDARADD	TRAF6	0.301734303865169	4.33206252382058e-12	8.28015789507821e-12
9606.ENSP00000335153	9606.ENSP00000428924	HSP90AA1	LYN	9606	0.7	0	0	0	0	0.441	0	0.484	HSP90AA1	LYN	0.403690555390943	3.23938179820935e-21	8.16842128212819e-21
9606.ENSP00000335153	9606.ENSP00000447297	HSP90AA1	TGFBR1	9606	0.801	0	0	0	0	0.458	0	0.647	HSP90AA1	TGFBR1	0.40338894137861	3.48770277770853e-21	8.79022260873091e-21
9606.ENSP00000335153	9606.ENSP00000364802	HSP90AA1	HSPA1A	9606	0.861	0	0	0	0	0.305	0.5	0.634	HSP90AA1	HSPA1A	0.312290421588743	6.92895859361935e-13	1.36337528933343e-12
9606.ENSP00000335153	9606.ENSP00000364801	HSP90AA1	HSPA1B	9606	0.947	0	0	0	0	0.656	0.5	0.717	HSP90AA1	HSPA1B	0.414724578047867	2.06171633747041e-22	5.36944944607358e-22
9606.ENSP00000335153	9606.ENSP00000360609	HSP90AA1	HSP90AB1	9606	0.965	0	0	0	0	0.669	0.9	0	HSP90AA1	HSP90AB1	0.582932113087085	2.69420751514183e-47	1.19550309005223e-46
9606.ENSP00000335153	9606.ENSP00000359424	HSP90AA1	CHUK	9606	0.976	0	0	0	0	0.528	0	0.952	HSP90AA1	CHUK	0.359619409145884	7.29709876149885e-17	1.6303702622205e-16
9606.ENSP00000335153	9606.ENSP00000448165	HSP90AA1	APAF1	9606	0.986	0	0	0	0	0.292	0	0.981	HSP90AA1	APAF1	0.332120541246671	1.80812953775821e-14	3.75565883742538e-14
9606.ENSP00000335153	9606.ENSP00000437955	HSP90AA1	HIF1A	9606	0.991	0	0	0	0	0.549	0	0.982	HSP90AA1	HIF1A	0.504511538110333	5.77426192104191e-34	1.97073851922119e-33
9606.ENSP00000335153	9606.ENSP00000437125	HSP90AA1	HSPA8	9606	0.997	0	0	0	0	0.717	0.5	0.984	HSP90AA1	HSPA8	0.617045803959278	2.59613595771811e-54	1.30345788050137e-53
9606.ENSP00000335193	9606.ENSP00000481126	VPS39	VPS11	9606	0.999	0	0	0	0	0.923	0.9	0.987	VPS39	VPS11	0.354579557334615	2.08793997946838e-16	4.58633355784177e-16
9606.ENSP00000335463	9606.ENSP00000357858	KNL1	BUB3	9606	0.97	0	0	0	0	0.267	0	0.961	KNL1	BUB3	0.302270537612767	3.95391348223306e-12	7.5716250450681e-12
9606.ENSP00000336790	9606.ENSP00000359206	ATF4	BTRC	9606	0.705	0	0	0	0	0.618	0	0.26	ATF4	BTRC	-0.41697666661076	1.16028717654537e-22	3.04365621182111e-22
9606.ENSP00000336790	9606.ENSP00000448665	ATF4	DDIT3	9606	0.871	0	0	0	0	0.424	0.72	0.265	ATF4	DDIT3	0.501201517667295	1.78228306085713e-33	6.03019621889602e-33
9606.ENSP00000336799	9606.ENSP00000443475	TUBA1B	TUBA1C	9606	0.835	0	0	0	0	0.655	0	0.542	TUBA1B	TUBA1C	0.78549904679909	6.71827717487315e-107	1.01695292496552e-105
9606.ENSP00000336799	9606.ENSP00000439020	TUBA1B	TUBA1A	9606	0.922	0	0	0	0	0.922	0	0	TUBA1B	TUBA1A	0.675079619763218	1.89402027972113e-68	1.2598273726999e-67
9606.ENSP00000337386	9606.ENSP00000361930	ZFP36L1	YWHAB	9606	0.858	0	0	0	0	0.292	0.7	0.388	ZFP36L1	YWHAB	0.308941173620468	1.24940494108741e-12	2.43620771484447e-12
9606.ENSP00000337641	9606.ENSP00000412324	PPP2R5E	PPP2R5C	9606	0.825	0	0	0	0	0.627	0.54	0.065	PPP2R5E	PPP2R5C	0.438685794045243	3.6224704564133e-25	1.01751748965127e-24
9606.ENSP00000338039	9606.ENSP00000483688	PSMF1	PSMB3	9606	0.959	0	0	0	0	0.614	0.9	0	PSMF1	PSMB3	0.523516016197893	6.99740798148231e-37	2.52837683628303e-36
9606.ENSP00000338039	9606.ENSP00000359910	PSMF1	PSMA7	9606	0.963	0	0	0	0	0.652	0.9	0	PSMF1	PSMA7	0.301904631456934	4.20827101913444e-12	8.049606165979e-12
9606.ENSP00000338039	9606.ENSP00000414359	PSMF1	PSMA1	9606	0.963	0	0	0	0	0.652	0.9	0	PSMF1	PSMA1	0.317949341518003	2.5156781115932e-13	5.0328427377294e-13
9606.ENSP00000338039	9606.ENSP00000362334	PSMF1	PSMB2	9606	0.964	0	0	0	0	0.662	0.9	0	PSMF1	PSMB2	0.426939246719703	8.65454898751229e-24	2.34411344176433e-23
9606.ENSP00000338130	9606.ENSP00000497910	KLRD1	B2M	9606	0.933	0	0	0	0	0.893	0.4	0	KLRD1	B2M	0.478929507857618	2.56495730697327e-30	8.15407554520423e-30
9606.ENSP00000338130	9606.ENSP00000365402	KLRD1	HLA-C	9606	0.975	0	0	0	0	0.118	0	0.973	KLRD1	HLA-C	0.473079947746327	1.58777867584367e-29	4.95759852768035e-29
9606.ENSP00000338130	9606.ENSP00000366024	KLRD1	HLA-G	9606	0.988	0	0	0	0	0.405	0	0.981	KLRD1	HLA-G	0.302926037945409	3.53529605244009e-12	6.77637327885148e-12
9606.ENSP00000338130	9606.ENSP00000365817	KLRD1	HLA-E	9606	0.999	0	0	0	0	0.952	0.4	0.983	KLRD1	HLA-E	0.579812919180117	1.07431603745194e-46	4.70540232531234e-46
9606.ENSP00000338130	9606.ENSP00000438038	KLRD1	KLRC1	9606	0.999	0	0	0	0	0.96	0.9	0.982	KLRD1	KLRC1	0.51282658725831	3.22094244190557e-35	1.13240264390567e-34
9606.ENSP00000338191	9606.ENSP00000378965	SNTB2	SNTB1	9606	0.908	0	0	0	0	0.654	0.54	0.474	SNTB2	SNTB1	0.354438021441896	2.14992199542343e-16	4.71942029555129e-16
9606.ENSP00000338191	9606.ENSP00000356515	SNTB2	UTRN	9606	0.942	0	0	0	0	0.63	0.36	0.776	SNTB2	UTRN	0.34124359640933	3.08357687951756e-15	6.55227831909202e-15
9606.ENSP00000338990	9606.ENSP00000339527	ATG101	FOXO3	9606	0.76	0	0	0	0	0.452	0	0.58	ATG101	FOXO3	-0.441706033957433	1.56982211282128e-25	4.44637010594693e-25
9606.ENSP00000339109	9606.ENSP00000478771	ANAPC1	UBB	9606	0.895	0	0	0	0	0.8	0.5	0	ANAPC1	UBB	-0.60715729958089	3.4344893838267e-52	1.66909610868554e-51
9606.ENSP00000339109	9606.ENSP00000349957	ANAPC1	ANAPC11	9606	0.987	0	0	0	0	0.742	0.9	0.542	ANAPC1	ANAPC11	-0.70805105355256	4.99661649017966e-78	3.99926191416507e-77
9606.ENSP00000339109	9606.ENSP00000437360	ANAPC1	ANAPC15	9606	0.99	0	0	0	0	0.906	0.9	0	ANAPC1	ANAPC15	-0.676311233607833	8.751317996132e-69	5.87489338312708e-68
9606.ENSP00000339109	9606.ENSP00000394394	ANAPC1	ANAPC7	9606	0.996	0	0	0	0	0.95	0.9	0.368	ANAPC1	ANAPC7	-0.301052341258971	4.86434550390036e-12	9.28182552754386e-12
9606.ENSP00000339109	9606.ENSP00000477760	ANAPC1	ANAPC16	9606	0.997	0	0	0	0	0.972	0.9	0	ANAPC1	ANAPC16	-0.408651579443659	9.50879332831205e-22	2.43460584410551e-21
9606.ENSP00000339109	9606.ENSP00000421842	ANAPC1	ANAPC13	9606	0.997	0	0	0	0	0.971	0.9	0	ANAPC1	ANAPC13	-0.415817730841407	1.56055574133049e-22	4.0736480762513e-22
9606.ENSP00000339109	9606.ENSP00000434614	ANAPC1	CDC27	9606	0.999	0	0	0	0	0.979	0.9	0.84	ANAPC1	CDC27	0.324769619819125	7.20818113903372e-14	1.47015051865794e-13
9606.ENSP00000339109	9606.ENSP00000378350	ANAPC1	CDC23	9606	0.999	0	0	0	0	0.991	0.9	0.736	ANAPC1	CDC23	0.390542439337101	7.56377675611651e-20	1.83572952238651e-19
9606.ENSP00000339191	9606.ENSP00000447297	CAV1	TGFBR1	9606	0.853	0	0	0	0	0.368	0	0.777	CAV1	TGFBR1	0.405535460378336	2.05844040213703e-21	5.2190661918387e-21
9606.ENSP00000339191	9606.ENSP00000497069	CAV1	IGF1R	9606	0.947	0	0	0	0	0.226	0	0.935	CAV1	IGF1R	0.479519877453584	2.12973283429422e-30	6.79174141222177e-30
9606.ENSP00000339191	9606.ENSP00000379350	CAV1	ITGB1	9606	0.963	0	0	0	0	0.076	0.65	0.897	CAV1	ITGB1	0.368092088711977	1.1942464853628e-17	2.73505333750393e-17
9606.ENSP00000339191	9606.ENSP00000405330	CAV1	ESR1	9606	0.994	0	0	0	0	0.457	0.5	0.982	CAV1	ESR1	0.356117164511482	1.51804978022232e-16	3.35264875358081e-16
9606.ENSP00000339398	9606.ENSP00000364114	HLA-DQA1	HLA-DRB5	9606	0.72	0	0	0	0	0.417	0.54	0	HLA-DQA1	HLA-DRB5	0.825529664767719	4.63548101403307e-127	1.1654104123647e-125
9606.ENSP00000339398	9606.ENSP00000408146	HLA-DQA1	HLA-DPB1	9606	0.878	0	0	0	0	0.353	0.54	0.623	HLA-DQA1	HLA-DPB1	0.909033046161759	2.37684144012101e-193	6.03539462682729e-191
9606.ENSP00000339398	9606.ENSP00000353099	HLA-DQA1	HLA-DRB1	9606	0.978	0	0	0	0	0.32	0.54	0.937	HLA-DQA1	HLA-DRB1	0.938641628137969	1.08198616881409e-234	6.10540750924705e-232
9606.ENSP00000339398	9606.ENSP00000364080	HLA-DQA1	HLA-DQB1	9606	0.999	0	0	0	0	0.975	0.54	0.918	HLA-DQA1	HLA-DQB1	0.857308898591722	3.73828413999893e-147	1.79102603820609e-145
9606.ENSP00000339527	9606.ENSP00000341551	FOXO3	SMAD4	9606	0.949	0	0	0	0	0.457	0.5	0.828	FOXO3	SMAD4	0.494477770758442	1.69414025744111e-32	5.62700542669369e-32
9606.ENSP00000339527	9606.ENSP00000437955	FOXO3	HIF1A	9606	0.986	0	0	0	0	0.292	0	0.982	FOXO3	HIF1A	0.347710920160339	8.4907800606046e-16	1.83335146844305e-15
9606.ENSP00000339527	9606.ENSP00000495360	FOXO3	CTNNB1	9606	0.991	0	0	0	0	0.457	0.36	0.978	FOXO3	CTNNB1	0.398968250862353	1.02081654214084e-20	2.54003763315151e-20
9606.ENSP00000339824	9606.ENSP00000410294	FGFR3	FGFR2	9606	0.98	0	0	0	0	0.523	0.9	0.632	FGFR3	FGFR2	0.313984193450401	5.12799693750644e-13	1.01391989282174e-12
9606.ENSP00000339824	9606.ENSP00000371790	FGFR3	FGF9	9606	0.995	0	0	0	0	0.645	0.4	0.981	FGFR3	FGF9	0.302553655176065	3.7674779641487e-12	7.21596712839117e-12
9606.ENSP00000339881	9606.ENSP00000362092	MIOS	RRAGC	9606	0.734	0	0	0	0	0.734	0	0	MIOS	RRAGC	0.366677661554975	1.62161240276676e-17	3.69713067899034e-17
9606.ENSP00000339881	9606.ENSP00000483814	MIOS	NPRL3	9606	0.978	0	0	0	0	0.789	0.9	0	MIOS	NPRL3	-0.545621984558704	1.62919380949053e-40	6.34985476707417e-40
9606.ENSP00000339881	9606.ENSP00000498382	MIOS	DEPDC5	9606	0.982	0	0	0	0	0.831	0.9	0	MIOS	DEPDC5	0.355076936265055	1.88374074305033e-16	4.14586234608064e-16
9606.ENSP00000340361	9606.ENSP00000405004	ACVR2B	ACVR1	9606	0.99	0	0	0	0	0.312	0.8	0.933	ACVR2B	ACVR1	0.346864686468647	1.00688050763982e-15	2.16855074556778e-15
9606.ENSP00000340361	9606.ENSP00000361107	ACVR2B	BMPR1A	9606	0.992	0	0	0	0	0.825	0.8	0.807	ACVR2B	BMPR1A	0.334375145589093	1.17422972795546e-14	2.45152134570269e-14
9606.ENSP00000340820	9606.ENSP00000379287	MAPT	YWHAZ	9606	0.86	0	0	0	0	0.57	0	0.689	MAPT	YWHAZ	-0.391344693475559	6.26606582309292e-20	1.52368758834462e-19
9606.ENSP00000340820	9606.ENSP00000346671	MAPT	FYN	9606	0.955	0	0	0	0	0.549	0	0.904	MAPT	FYN	-0.362121398475251	4.29987596236166e-17	9.68592595912782e-17
9606.ENSP00000340989	9606.ENSP00000379287	SFN	YWHAZ	9606	0.81	0	0	0	0	0.636	0.5	0	SFN	YWHAZ	0.54420392349794	2.83909204667137e-40	1.09728530890567e-39
9606.ENSP00000340989	9606.ENSP00000384273	SFN	RELA	9606	0.9	0	0	0	0	0.9	0	0	SFN	RELA	0.618758397578888	1.09445367611239e-54	5.54155831917925e-54
9606.ENSP00000340989	9606.ENSP00000419465	SFN	WWTR1	9606	0.9	0	0	0	0	0.9	0	0	SFN	WWTR1	-0.436438271156308	6.71264703023016e-25	1.87308670016615e-24
9606.ENSP00000340989	9606.ENSP00000384675	SFN	SOS1	9606	0.9	0	0	0	0	0.9	0	0	SFN	SOS1	-0.321976918188713	1.20715565844524e-13	2.44439394394503e-13
9606.ENSP00000340989	9606.ENSP00000361027	SFN	AMOT	9606	0.915	0	0	0	0	0.9	0	0.185	SFN	AMOT	0.634465154589993	3.07492356265418e-58	1.68004295997195e-57
9606.ENSP00000340989	9606.ENSP00000368880	SFN	FOXO1	9606	0.957	0	0	0	0	0.928	0	0.423	SFN	FOXO1	-0.574029607929737	1.3425776659195e-45	5.76842696816597e-45
9606.ENSP00000341189	9606.ENSP00000428056	PTK2	PIK3R1	9606	0.72	0	0	0	0	0.457	0.5	0.054	PTK2	PIK3R1	0.320266281286514	1.65116847376265e-13	3.3255836184825e-13
9606.ENSP00000341189	9606.ENSP00000489597	PTK2	PTPN11	9606	0.801	0	0	0	0	0.734	0	0.285	PTK2	PTPN11	0.604467931265176	1.25904265265217e-51	6.0378169135921e-51
9606.ENSP00000341189	9606.ENSP00000485033	PTK2	DOCK1	9606	0.804	0	0	0	0	0.292	0.5	0.491	PTK2	DOCK1	0.409613911701729	7.47871621240822e-22	1.92064021667333e-21
9606.ENSP00000341189	9606.ENSP00000361021	PTK2	PTEN	9606	0.811	0	0	0	0	0.618	0	0.528	PTK2	PTEN	0.355873040720221	1.59703737532559e-16	3.52326425308036e-16
9606.ENSP00000341189	9606.ENSP00000452786	PTK2	ITGB3	9606	0.933	0	0	0	0	0.457	0.8	0.433	PTK2	ITGB3	0.334742728931278	1.09405975728575e-14	2.28743617841733e-14
9606.ENSP00000341189	9606.ENSP00000379350	PTK2	ITGB1	9606	0.936	0	0	0	0	0.457	0.8	0.465	PTK2	ITGB1	0.532441442902054	2.5723237131349e-38	9.57387026541266e-38
9606.ENSP00000341189	9606.ENSP00000384675	PTK2	SOS1	9606	0.947	0	0	0	0	0.734	0.8	0.093	PTK2	SOS1	0.409936676897503	6.89873805116424e-22	1.77316254657973e-21
9606.ENSP00000341208	9606.ENSP00000384053	STAT5A	CSF2RB	9606	0.7	0	0	0	0	0.292	0.5	0.221	STAT5A	CSF2RB	0.444768017174388	6.66720354269875e-26	1.90649736439164e-25
9606.ENSP00000341208	9606.ENSP00000483403	STAT5A	GHR	9606	0.714	0	0	0	0	0.407	0.5	0.115	STAT5A	GHR	-0.417248557153852	1.0821717658774e-22	2.8416800997975e-22
9606.ENSP00000341208	9606.ENSP00000369293	STAT5A	IL2RA	9606	0.908	0	0	0	0	0.627	0.5	0.548	STAT5A	IL2RA	0.512546192507449	3.55482055296795e-35	1.24935336873687e-34
9606.ENSP00000341208	9606.ENSP00000380073	STAT5A	IRF9	9606	0.916	0	0	0	0	0.074	0.9	0.166	STAT5A	IRF9	0.343498200751752	1.97365086680677e-15	4.21585107342932e-15
9606.ENSP00000341208	9606.ENSP00000354394	STAT5A	STAT1	9606	0.923	0	0	0	0	0.387	0.4	0.809	STAT5A	STAT1	0.536193961011008	6.22729307769419e-39	2.34522120096922e-38
9606.ENSP00000341208	9606.ENSP00000432511	STAT5A	JAK3	9606	0.923	0	0	0	0	0.457	0.5	0.739	STAT5A	JAK3	0.520937528535462	1.78448260628337e-36	6.40911945969596e-36
9606.ENSP00000341208	9606.ENSP00000499900	STAT5A	JAK1	9606	0.949	0	0	0	0	0.292	0.5	0.869	STAT5A	JAK1	0.335828986625371	8.87242370146355e-15	1.85885329075423e-14
9606.ENSP00000341268	9606.ENSP00000359424	TRADD	CHUK	9606	0.796	0	0	0	0	0.287	0.5	0.473	TRADD	CHUK	-0.425434624207762	1.28800619425012e-23	3.4737862227824e-23
9606.ENSP00000341268	9606.ENSP00000483825	TRADD	IKBKG	9606	0.924	0	0	0	0	0.225	0.5	0.82	TRADD	IKBKG	0.431665837391193	2.44984725345249e-24	6.74521511339576e-24
9606.ENSP00000341268	9606.ENSP00000433623	TRADD	TRAF6	9606	0.961	0	0	0	0	0.292	0	0.947	TRADD	TRAF6	-0.430407109033885	3.4351720892047e-24	9.41982799947411e-24
9606.ENSP00000341268	9606.ENSP00000362994	TRADD	TRAF1	9606	0.997	0	0	0	0	0.457	0.8	0.978	TRADD	TRAF1	0.300716344926418	5.14959188951235e-12	9.81136837774845e-12
9606.ENSP00000341268	9606.ENSP00000477613	TRADD	BIRC2	9606	0.998	0	0	0	0	0.734	0.8	0.982	TRADD	BIRC2	-0.386814426784293	1.80162768360682e-19	4.33525998161442e-19
9606.ENSP00000341551	9606.ENSP00000368880	SMAD4	FOXO1	9606	0.723	0	0	0	0	0.292	0.5	0.282	SMAD4	FOXO1	0.468289810347494	6.88395465495305e-29	2.11944005548221e-28
9606.ENSP00000341551	9606.ENSP00000419465	SMAD4	WWTR1	9606	0.822	0	0	0	0	0.114	0.8	0.081	SMAD4	WWTR1	0.31140356271652	8.10551430980015e-13	1.59056624506646e-12
9606.ENSP00000341551	9606.ENSP00000478927	SMAD4	YAP1	9606	0.886	0	0	0	0	0.114	0.8	0.409	SMAD4	YAP1	0.655253506717131	2.87763237366513e-63	1.73976857257838e-62
9606.ENSP00000341551	9606.ENSP00000495360	SMAD4	CTNNB1	9606	0.988	0	0	0	0	0.292	0.5	0.97	SMAD4	CTNNB1	0.365850622329314	1.93786929791319e-17	4.4043272452236e-17
9606.ENSP00000341551	9606.ENSP00000369154	SMAD4	SMAD9	9606	0.999	0	0	0	0	0.56	0.9	0.985	SMAD4	SMAD9	0.44765277770013	2.95184027367889e-26	8.52241093227869e-26
9606.ENSP00000341551	9606.ENSP00000441954	SMAD4	SMAD5	9606	0.999	0	0	0	0	0.43	0.9	0.985	SMAD4	SMAD5	0.677868687489867	3.27871067563194e-69	2.21864519203155e-68
9606.ENSP00000341779	9606.ENSP00000389168	PPP1CC	PPP1R12A	9606	0.998	0	0	0	0	0.378	0.9	0.972	PPP1CC	PPP1R12A	0.340542346160082	3.54003028489729e-15	7.501791696996e-15
9606.ENSP00000341947	9606.ENSP00000420616	LIN54	TFDP2	9606	0.778	0	0	0	0	0.575	0.5	0	LIN54	TFDP2	0.409212225570383	8.26805345678983e-22	2.1190668423067e-21
9606.ENSP00000341947	9606.ENSP00000368686	LIN54	E2F4	9606	0.914	0	0	0	0	0.457	0.5	0.709	LIN54	E2F4	-0.349988446049574	5.35288713860328e-16	1.1619849255566e-15
9606.ENSP00000341947	9606.ENSP00000362592	LIN54	RBBP4	9606	0.999	0	0	0	0	0.472	0.9	0.985	LIN54	RBBP4	0.426853617038722	8.85308776753834e-24	2.39661014005562e-23
9606.ENSP00000341957	9606.ENSP00000343899	TP53BP2	FRMD6	9606	0.777	0	0	0	0	0.674	0	0.345	TP53BP2	FRMD6	0.316100988980886	3.51078505497927e-13	6.97692111199852e-13
9606.ENSP00000341957	9606.ENSP00000378769	TP53BP2	PPP1CB	9606	0.931	0	0	0	0	0.441	0.8	0.44	TP53BP2	PPP1CB	0.475421299893965	7.6865288960466e-30	2.41784063168614e-29
9606.ENSP00000342307	9606.ENSP00000378699	FOXM1	CDK1	9606	0.85	0	0	0	0	0.457	0	0.736	FOXM1	CDK1	0.635733293826277	1.55631486723921e-58	8.54921044161636e-58
9606.ENSP00000342307	9606.ENSP00000495360	FOXM1	CTNNB1	9606	0.985	0	0	0	0	0.457	0	0.974	FOXM1	CTNNB1	-0.307307966821527	1.66103921178255e-12	3.22461301110003e-12
9606.ENSP00000343118	9606.ENSP00000483814	LAMTOR4	NPRL3	9606	0.8	0	0	0	0	0.8	0	0	LAMTOR4	NPRL3	0.717277814737996	5.9409755575981e-81	5.09649398129425e-80
9606.ENSP00000343118	9606.ENSP00000498382	LAMTOR4	DEPDC5	9606	0.8	0	0	0	0	0.8	0	0	LAMTOR4	DEPDC5	-0.369915656161889	8.03230220537955e-18	1.8520793076059e-17
9606.ENSP00000343118	9606.ENSP00000457870	LAMTOR4	MLST8	9606	0.895	0	0	0	0	0.8	0.5	0	LAMTOR4	MLST8	0.624381910240714	6.17969686763725e-56	3.23208965420142e-55
9606.ENSP00000343118	9606.ENSP00000354558	LAMTOR4	MTOR	9606	0.93	0	0	0	0	0.867	0.5	0	LAMTOR4	MTOR	-0.674060263169174	3.57830156497541e-68	2.36312152116094e-67
9606.ENSP00000343118	9606.ENSP00000369899	LAMTOR4	RRAGA	9606	0.979	0	0	0	0	0.944	0.5	0.328	LAMTOR4	RRAGA	0.374739337287766	2.77898260164849e-18	6.4962315960745e-18
9606.ENSP00000343118	9606.ENSP00000357288	LAMTOR4	LAMTOR2	9606	0.999	0	0	0	0	0.944	0.9	0.982	LAMTOR4	LAMTOR2	0.705356001438653	3.40016469119433e-77	2.69387463092518e-76
9606.ENSP00000343325	9606.ENSP00000359552	PKN1	PKN2	9606	0.919	0	0	0	0	0.224	0.9	0	PKN1	PKN2	-0.473825829787948	1.26091423066833e-29	3.94793644910549e-29
9606.ENSP00000343325	9606.ENSP00000345083	PKN1	MAP2K3	9606	0.961	0	0	0	0	0.292	0	0.948	PKN1	MAP2K3	0.392916030733508	4.32749695764601e-20	1.05684988215462e-19
9606.ENSP00000343479	9606.ENSP00000363970	NBR1	MAP1LC3A	9606	0.782	0	0	0	0	0.695	0	0.316	NBR1	MAP1LC3A	-0.34972345060593	5.64916513550894e-16	1.22525240831442e-15
9606.ENSP00000343479	9606.ENSP00000388107	NBR1	UBA52	9606	0.9	0	0	0	0	0.9	0	0	NBR1	UBA52	-0.359350407090398	7.72192387566449e-17	1.72339223918093e-16
9606.ENSP00000343479	9606.ENSP00000411256	NBR1	GABARAPL1	9606	0.999	0	0	0	0	0.64	0.9	0.986	NBR1	GABARAPL1	0.380351761884263	7.90244021329895e-19	1.87447653541517e-18
9606.ENSP00000343741	9606.ENSP00000363017	ATR	RPA2	9606	0.79	0	0	0	0	0.457	0.5	0.289	ATR	RPA2	-0.413264960036376	2.98561798735047e-22	7.73594946365272e-22
9606.ENSP00000343741	9606.ENSP00000418960	ATR	BRCA1	9606	0.823	0	0	0	0	0.566	0.5	0.252	ATR	BRCA1	0.309907698844419	1.05475038493919e-12	2.06203356179983e-12
9606.ENSP00000343957	9606.ENSP00000354394	IFNAR2	STAT1	9606	0.934	0	0	0	0	0.457	0.5	0.777	IFNAR2	STAT1	0.646005967056333	5.55250304138457e-61	3.20618381986032e-60
9606.ENSP00000344220	9606.ENSP00000367830	PDPK1	PRKCZ	9606	0.881	0	0	0	0	0.457	0.7	0.331	PDPK1	PRKCZ	-0.321690119322491	1.27241753954479e-13	2.57397828105088e-13
9606.ENSP00000344220	9606.ENSP00000359552	PDPK1	PKN2	9606	0.97	0	0	0	0	0.943	0.5	0	PDPK1	PKN2	0.654571078225835	4.27013180998503e-63	2.56789394872812e-62
9606.ENSP00000344635	9606.ENSP00000412324	CCNG1	PPP2R5C	9606	0.716	0	0	0	0	0.457	0.5	0	CCNG1	PPP2R5C	0.387468622638661	1.54835075782879e-19	3.73021789546181e-19
9606.ENSP00000345008	9606.ENSP00000351807	FBLN5	ELN	9606	0.989	0	0	0	0	0.405	0.5	0.966	FBLN5	ELN	0.660010938982097	1.78492196751177e-64	1.09875469236467e-63
9606.ENSP00000345083	9606.ENSP00000375986	MAP2K3	MAP3K4	9606	0.703	0	0	0	0	0.657	0	0.171	MAP2K3	MAP3K4	-0.389602096855648	9.42470186568256e-20	2.28246773604525e-19
9606.ENSP00000345571	9606.ENSP00000384849	E2F1	CDKN1A	9606	0.71	0	0	0	0	0.226	0	0.641	E2F1	CDKN1A	0.40419268634938	2.86409023735174e-21	7.23465917452912e-21
9606.ENSP00000345571	9606.ENSP00000355249	E2F1	E2F2	9606	0.989	0	0	0	0	0.55	0.9	0.779	E2F1	E2F2	0.5390337170363	2.10353051563674e-39	8.00508034744189e-39
9606.ENSP00000345731	9606.ENSP00000494788	DLG1	CASK	9606	0.928	0	0	0	0	0.616	0.5	0.657	DLG1	CASK	0.341149487619569	3.14129898897175e-15	6.67214007339733e-15
9606.ENSP00000345731	9606.ENSP00000361021	DLG1	PTEN	9606	0.929	0	0	0	0	0.457	0	0.875	DLG1	PTEN	0.509790295799766	9.32640507774427e-35	3.24189925991268e-34
9606.ENSP00000345731	9606.ENSP00000477713	DLG1	LCK	9606	0.943	0	0	0	0	0.547	0	0.881	DLG1	LCK	-0.39468406467976	2.84656883569858e-20	6.98034757706193e-20
9606.ENSP00000346148	9606.ENSP00000360290	PRKAA1	PRKAA2	9606	0.984	0	0	0	0	0.433	0.9	0.742	PRKAA1	PRKAA2	0.364610995261017	2.52862539283769e-17	5.73286788282421e-17
9606.ENSP00000346151	9606.ENSP00000385450	MAGI2	MAGI1	9606	0.913	0	0	0	0	0.168	0.9	0	MAGI2	MAGI1	0.456686569278046	2.18716485463658e-27	6.51467255969025e-27
9606.ENSP00000346196	9606.ENSP00000466818	NDUFV3	COX6B1	9606	0.8	0	0	0	0	0.8	0	0	NDUFV3	COX6B1	0.691419794153328	4.9154351765408e-73	3.59180396317445e-72
9606.ENSP00000346196	9606.ENSP00000467262	NDUFV3	UQCR11	9606	0.8	0	0	0	0	0.8	0	0	NDUFV3	UQCR11	0.669114892855745	7.55950505698027e-67	4.84122905824392e-66
9606.ENSP00000346196	9606.ENSP00000497474	NDUFV3	COX7B	9606	0.8	0	0	0	0	0.8	0	0	NDUFV3	COX7B	0.697146453775812	1.02597188548435e-74	7.73056115791139e-74
9606.ENSP00000346196	9606.ENSP00000425759	NDUFV3	COX7C	9606	0.8	0	0	0	0	0.8	0	0	NDUFV3	COX7C	0.623133990417675	1.17533530688148e-55	6.09075546530365e-55
9606.ENSP00000346196	9606.ENSP00000478766	NDUFV3	NDUFC2-KCTD14	9606	0.801	0	0	0	0	0.256	0.744	0	NDUFV3	NDUFC2-KCTD14	0.562201903420156	2.01595541374671e-43	8.32021907250114e-43
9606.ENSP00000346196	9606.ENSP00000430494	NDUFV3	UQCRB	9606	0.804	0	0	0	0	0.804	0	0	NDUFV3	UQCRB	0.591945405720696	4.54630615278833e-49	2.08379203943462e-48
9606.ENSP00000346196	9606.ENSP00000367939	NDUFV3	UQCRQ	9606	0.804	0	0	0	0	0.804	0	0	NDUFV3	UQCRQ	0.696931960276773	1.18793621673957e-74	8.93768011364729e-74
9606.ENSP00000346196	9606.ENSP00000457513	NDUFV3	COX4I1	9606	0.826	0	0	0	0	0.826	0	0	NDUFV3	COX4I1	0.668335932972179	1.21574035980829e-66	7.74672197902935e-66
9606.ENSP00000346196	9606.ENSP00000483888	NDUFV3	NDUFB1	9606	0.992	0	0	0	0	0.922	0.9	0	NDUFV3	NDUFB1	0.710690292631747	7.47862949441292e-79	6.0865736999e-78
9606.ENSP00000346196	9606.ENSP00000441126	NDUFV3	NDUFC1	9606	0.993	0	0	0	0	0.803	0.967	0	NDUFV3	NDUFC1	0.64350733209967	2.23086694935734e-60	1.26586120696215e-59
9606.ENSP00000346196	9606.ENSP00000362058	NDUFV3	NDUFS5	9606	0.994	0	0	0	0	0.951	0.9	0	NDUFV3	NDUFS5	0.454161192516767	4.56285544837981e-27	1.34919716999108e-26
9606.ENSP00000346196	9606.ENSP00000419087	NDUFV3	NDUFB2	9606	0.996	0	0	0	0	0.891	0.967	0	NDUFV3	NDUFB2	0.641007392664732	8.85436765355595e-60	4.96049709085316e-59
9606.ENSP00000346196	9606.ENSP00000369176	NDUFV3	NDUFB6	9606	0.997	0	0	0	0	0.929	0.967	0	NDUFV3	NDUFB6	0.554079476270608	5.6132669134931e-42	2.25440696086791e-41
9606.ENSP00000346196	9606.ENSP00000418438	NDUFV3	NDUFA3	9606	0.997	0	0	0	0	0.918	0.967	0	NDUFV3	NDUFA3	0.730228209156319	2.91986484450001e-85	2.72834105111192e-84
9606.ENSP00000346196	9606.ENSP00000356972	NDUFV3	NDUFS2	9606	0.997	0	0	0	0	0.921	0.967	0	NDUFV3	NDUFS2	0.403832743522799	3.12844661755888e-21	7.89064621170736e-21
9606.ENSP00000346196	9606.ENSP00000417142	NDUFV3	NDUFA5	9606	0.997	0	0	0	0	0.921	0.967	0	NDUFV3	NDUFA5	0.507837957708814	1.83723934130757e-34	6.34290958180185e-34
9606.ENSP00000346196	9606.ENSP00000458770	NDUFV3	NDUFAB1	9606	0.997	0	0	0	0	0.914	0.967	0	NDUFV3	NDUFAB1	0.443954768147622	8.37700880473677e-26	2.39003591094695e-25
9606.ENSP00000346196	9606.ENSP00000423673	NDUFV3	NDUFA13	9606	0.997	0	0	0	0	0.927	0.967	0	NDUFV3	NDUFA13	0.626624122039533	1.93254408631039e-56	1.02180376286594e-55
9606.ENSP00000346196	9606.ENSP00000360492	NDUFV3	NDUFA1	9606	0.997	0	0	0	0	0.909	0.967	0.145	NDUFV3	NDUFA1	0.722315803008872	1.33940537288866e-82	1.18504707076917e-81
9606.ENSP00000346196	9606.ENSP00000407336	NDUFV3	NDUFB3	9606	0.997	0	0	0	0	0.918	0.967	0	NDUFV3	NDUFB3	0.550304875208018	2.55390647639953e-41	1.00973250606423e-40
9606.ENSP00000346196	9606.ENSP00000389160	NDUFV3	NDUFA11	9606	0.997	0	0	0	0	0.949	0.944	0	NDUFV3	NDUFA11	0.55950004938382	6.15862779788536e-43	2.52842289988365e-42
9606.ENSP00000346196	9606.ENSP00000482543	NDUFV3	NDUFA6	9606	0.998	0	0	0	0	0.951	0.967	0.375	NDUFV3	NDUFA6	0.530054713545889	6.2826352071675e-38	2.32215159385736e-37
9606.ENSP00000346196	9606.ENSP00000362873	NDUFV3	NDUFA8	9606	0.998	0	0	0	0	0.943	0.967	0	NDUFV3	NDUFA8	0.762744659559123	2.8275104711549e-97	3.40676439567264e-96
9606.ENSP00000346196	9606.ENSP00000497587	NDUFV3	NDUFV1	9606	0.999	0	0	0	0	0.972	0.967	0.861	NDUFV3	NDUFV1	0.489652971508331	8.26926204029796e-32	2.70938369494537e-31
9606.ENSP00000346206	9606.ENSP00000379873	TAP1	HLA-A	9606	0.943	0	0	0	0	0.457	0.9	0	TAP1	HLA-A	0.900396654572289	6.18769285448305e-184	1.30934159006217e-181
9606.ENSP00000346206	9606.ENSP00000497910	TAP1	B2M	9606	0.943	0	0	0	0	0.457	0.9	0	TAP1	B2M	0.899217778920749	1.022075878743e-182	2.11861728579442e-180
9606.ENSP00000346206	9606.ENSP00000404833	TAP1	TAPBP	9606	0.96	0	0	0	0	0.457	0.9	0.338	TAP1	TAPBP	0.565219441198778	5.7215745292887e-44	2.38367647637347e-43
9606.ENSP00000346206	9606.ENSP00000364032	TAP1	TAP2	9606	0.999	0	0	0	0	0.952	0.9	0.98	TAP1	TAP2	0.871635238057967	7.04843501939156e-158	4.80476204644027e-156
9606.ENSP00000346300	9606.ENSP00000497069	CRKL	IGF1R	9606	0.735	0	0	0	0	0.405	0	0.574	CRKL	IGF1R	0.436093329829877	7.37618144725748e-25	2.05428776966806e-24
9606.ENSP00000346300	9606.ENSP00000489597	CRKL	PTPN11	9606	0.856	0	0	0	0	0.508	0	0.72	CRKL	PTPN11	0.404550392927492	2.62323121486405e-21	6.63285024878619e-21
9606.ENSP00000346300	9606.ENSP00000361423	CRKL	ABL1	9606	0.864	0	0	0	0	0.457	0	0.761	CRKL	ABL1	0.368599717114569	1.06967916529094e-17	2.4547517582151e-17
9606.ENSP00000346300	9606.ENSP00000384675	CRKL	SOS1	9606	0.882	0	0	0	0	0.508	0.5	0.559	CRKL	SOS1	0.494187524342496	1.86500136586707e-32	6.18642027208094e-32
9606.ENSP00000346300	9606.ENSP00000485033	CRKL	DOCK1	9606	0.988	0	0	0	0	0.559	0.9	0.762	CRKL	DOCK1	0.339615887054544	4.24600425875611e-15	8.98472192837204e-15
9606.ENSP00000346300	9606.ENSP00000361264	CRKL	RAPGEF1	9606	0.998	0	0	0	0	0.457	0.9	0.982	CRKL	RAPGEF1	0.384297808662854	3.21662917794791e-19	7.68555694199409e-19
9606.ENSP00000346437	9606.ENSP00000363970	ATG7	MAP1LC3A	9606	0.816	0	0	0	0	0.634	0	0.518	ATG7	MAP1LC3A	0.320973867573093	1.45087433681291e-13	2.92623721981905e-13
9606.ENSP00000346643	9606.ENSP00000494664	HKDC1	HK1	9606	0.968	0	0	0	0	0.702	0.9	0	HKDC1	HK1	0.538404678977214	2.67759575025503e-39	1.01592603792829e-38
9606.ENSP00000346671	9606.ENSP00000433623	FYN	TRAF6	9606	0.928	0	0	0	0	0.292	0.9	0.076	FYN	TRAF6	-0.393034645079415	4.20791250063955e-20	1.02838708539451e-19
9606.ENSP00000346671	9606.ENSP00000401303	FYN	SHC1	9606	0.959	0	0	0	0	0.292	0.8	0.735	FYN	SHC1	0.421358688663897	3.74405691738664e-23	9.96028970924465e-23
9606.ENSP00000346671	9606.ENSP00000415743	FYN	CD36	9606	0.959	0	0	0	0	0.457	0	0.928	FYN	CD36	-0.349428452161986	5.99795729703284e-16	1.29979202615666e-15
9606.ENSP00000346671	9606.ENSP00000497806	FYN	DLG4	9606	0.988	0	0	0	0	0.457	0	0.98	FYN	DLG4	0.385708415562053	2.32576984637846e-19	5.58459676824257e-19
9606.ENSP00000346671	9606.ENSP00000362680	FYN	SRC	9606	0.998	0	0	0	0	0.897	0.9	0.845	FYN	SRC	0.465860312739348	1.43586954801266e-28	4.39943499220651e-28
9606.ENSP00000346839	9606.ENSP00000361405	FN1	MMP9	9606	0.771	0	0	0	0	0.359	0	0.658	FN1	MMP9	0.492059268038605	3.76225886502371e-32	1.24069036662487e-31
9606.ENSP00000346839	9606.ENSP00000424571	FN1	FBN2	9606	0.78	0	0	0	0	0.236	0	0.725	FN1	FBN2	0.389713070685951	9.18353385403315e-20	2.22565386197601e-19
9606.ENSP00000346839	9606.ENSP00000386043	FN1	LTBP1	9606	0.887	0	0	0	0	0.292	0	0.847	FN1	LTBP1	0.541143990175415	9.32748465764757e-40	3.56724735467239e-39
9606.ENSP00000346839	9606.ENSP00000362108	FN1	LCN2	9606	0.919	0	0	0	0	0.9	0	0.226	FN1	LCN2	0.776962168266516	3.72598979883106e-103	5.134990283138e-102
9606.ENSP00000346839	9606.ENSP00000368678	FN1	AGRN	9606	0.966	0	0	0	0	0.292	0	0.954	FN1	AGRN	0.449203616013775	1.89872478114124e-26	5.51482630885089e-26
9606.ENSP00000346839	9606.ENSP00000384169	FN1	FBLN2	9606	0.978	0	0	0	0	0.292	0	0.971	FN1	FBLN2	0.462481993540969	3.95231483021389e-28	1.19831826061142e-27
9606.ENSP00000346839	9606.ENSP00000380227	FN1	ITGA4	9606	0.987	0	0	0	0	0.329	0	0.982	FN1	ITGA4	0.403115839534264	3.7286895388597e-21	9.37897465235214e-21
9606.ENSP00000346839	9606.ENSP00000379350	FN1	ITGB1	9606	0.999	0	0	0	0	0.952	0.5	0.982	FN1	ITGB1	0.539124471453356	2.03147329825414e-39	7.73376097839853e-39
9606.ENSP00000347232	9606.ENSP00000493712	BLM	RAD51	9606	0.797	0	0	0	0	0.457	0.5	0.314	BLM	RAD51	0.664658981426093	1.12322981677022e-65	7.02070476857548e-65
9606.ENSP00000347232	9606.ENSP00000351185	BLM	DNA2	9606	0.899	0	0	0	0	0.292	0.5	0.739	BLM	DNA2	0.484171367447304	4.85885750483523e-31	1.56970151643166e-30
9606.ENSP00000347507	9606.ENSP00000386041	MYH7	MYH6	9606	0.989	0	0	0	0	0.9	0.9	0	MYH7	MYH6	0.436321089058721	6.9311659341174e-25	1.93299979112659e-24
9606.ENSP00000347672	9606.ENSP00000368166	VANGL1	DVL1	9606	0.971	0	0	0	0	0.072	0.9	0.721	VANGL1	DVL1	-0.368301177943881	1.14129796545211e-17	2.61615062854821e-17
9606.ENSP00000347942	9606.ENSP00000362680	RET	SRC	9606	0.82	0	0	0	0	0.36	0.5	0.484	RET	SRC	0.322882039756771	1.02197045329519e-13	2.07354252779051e-13
9606.ENSP00000347942	9606.ENSP00000401303	RET	SHC1	9606	0.937	0	0	0	0	0.457	0.4	0.822	RET	SHC1	0.348324397657157	7.50134062626188e-16	1.62143257588725e-15
9606.ENSP00000348056	9606.ENSP00000376765	UBE2I	PIAS3	9606	0.753	0	0	0	0	0.575	0	0.443	UBE2I	PIAS3	0.411642189063627	4.49665786424791e-22	1.16067481390511e-21
9606.ENSP00000348056	9606.ENSP00000465676	UBE2I	PIAS2	9606	0.788	0	0	0	0	0.617	0	0.47	UBE2I	PIAS2	-0.530961791831357	4.47832619389578e-38	1.65766614983234e-37
9606.ENSP00000348056	9606.ENSP00000438574	UBE2I	PIAS1	9606	0.983	0	0	0	0	0.617	0	0.957	UBE2I	PIAS1	-0.474377624097813	1.06284755373613e-29	3.33498381319056e-29
9606.ENSP00000348215	9606.ENSP00000357668	SH3PXD2A	ADAM12	9606	0.919	0	0	0	0	0.15	0.5	0.825	SH3PXD2A	ADAM12	0.597614947830187	3.26320099594807e-50	1.52387735705032e-49
9606.ENSP00000348442	9606.ENSP00000414359	PSMD12	PSMA1	9606	0.976	0	0	0	0	0.976	0	0.046	PSMD12	PSMA1	0.301520742136325	4.49231341909035e-12	8.58161132174172e-12
9606.ENSP00000348442	9606.ENSP00000391211	PSMD12	PSMC2	9606	0.996	0	0	0	0	0.98	0.72	0.464	PSMD12	PSMC2	0.547014608293127	9.41826116216282e-41	3.68069559923385e-40
9606.ENSP00000348442	9606.ENSP00000386541	PSMD12	PSMD14	9606	0.999	0	0	0	0	0.99	0.72	0.986	PSMD12	PSMD14	0.444324680915296	7.55135863125914e-26	2.15628759116388e-25
9606.ENSP00000348442	9606.ENSP00000418695	PSMD12	PSMD6	9606	0.999	0	0	0	0	0.98	0.72	0.985	PSMD12	PSMD6	0.424051131821257	1.85321726297195e-23	4.97439950845827e-23
9606.ENSP00000348455	9606.ENSP00000479919	UVRAG	SH3GLB1	9606	0.99	0	0	0	0	0.457	0	0.982	UVRAG	SH3GLB1	0.351355911988714	4.05045455186663e-16	8.82653226417278e-16
9606.ENSP00000348455	9606.ENSP00000349205	UVRAG	PIK3R4	9606	0.999	0	0	0	0	0.892	0.8	0.982	UVRAG	PIK3R4	0.427842877455447	6.80964334052496e-24	1.8538072208446e-23
9606.ENSP00000348461	9606.ENSP00000359552	RAC1	PKN2	9606	0.743	0	0	0	0	0.226	0.5	0.39	RAC1	PKN2	-0.4501628734302	1.4435676221839e-26	4.212098919426e-26
9606.ENSP00000348461	9606.ENSP00000479322	RAC1	CLIP1	9606	0.745	0	0	0	0	0.292	0.5	0.339	RAC1	CLIP1	-0.329970388343182	2.72010917086917e-14	5.61319562139742e-14
9606.ENSP00000348461	9606.ENSP00000485033	RAC1	DOCK1	9606	0.757	0	0	0	0	0.514	0.5	0.083	RAC1	DOCK1	-0.431565113033042	2.51715222692345e-24	6.92489576621384e-24
9606.ENSP00000348461	9606.ENSP00000497733	RAC1	CDC42	9606	0.798	0	0	0	0	0.165	0.7	0.259	RAC1	CDC42	0.477533157042412	3.97611438805382e-30	1.25889631669148e-29
9606.ENSP00000348554	9606.ENSP00000349957	CDC16	ANAPC11	9606	0.997	0	0	0	0	0.922	0.9	0.69	CDC16	ANAPC11	0.321548769783811	1.30584140203672e-13	2.64001415614788e-13
9606.ENSP00000348554	9606.ENSP00000477760	CDC16	ANAPC16	9606	0.997	0	0	0	0	0.971	0.9	0.247	CDC16	ANAPC16	0.311924049547812	7.39322232798055e-13	1.4533183507896e-12
9606.ENSP00000348554	9606.ENSP00000394394	CDC16	ANAPC7	9606	0.997	0	0	0	0	0.95	0.9	0.433	CDC16	ANAPC7	0.350343357317098	4.97987736656968e-16	1.08240133559273e-15
9606.ENSP00000348848	9606.ENSP00000353010	WDR45	ATG2B	9606	0.98	0	0	0	0	0.654	0	0.946	WDR45	ATG2B	-0.573890121931448	1.42601626816383e-45	6.11399207924864e-45
9606.ENSP00000348944	9606.ENSP00000443824	RSPO1	ZNRF3	9606	0.99	0	0	0	0	0.671	0.5	0.947	RSPO1	ZNRF3	0.306259090677614	1.99252091353446e-12	3.85412967411342e-12
9606.ENSP00000349156	9606.ENSP00000495360	SIAH1	CTNNB1	9606	0.943	0	0	0	0	0.457	0.9	0	SIAH1	CTNNB1	-0.361078561272276	5.36338867609753e-17	1.20362215605662e-16
9606.ENSP00000349252	9606.ENSP00000380948	ITGAL	ITGB2	9606	0.999	0	0	0	0	0.926	0.9	0.982	ITGAL	ITGB2	0.835103137642957	1.17045438508555e-132	3.44588556211998e-131
9606.ENSP00000349320	9606.ENSP00000438949	CACNA2D1	CACNB4	9606	0.921	0	0	0	0	0.247	0.9	0	CACNA2D1	CACNB4	0.448372104291174	2.40619539502104e-26	6.96486937225098e-26
9606.ENSP00000349436	9606.ENSP00000362680	ADAM15	SRC	9606	0.718	0	0	0	0	0.457	0	0.503	ADAM15	SRC	0.512538365637806	3.56461630638798e-35	1.25236277495617e-34
9606.ENSP00000349547	9606.ENSP00000407586	RASSF1	HRAS	9606	0.77	0	0	0	0	0.483	0	0.573	RASSF1	HRAS	0.417982233005909	8.96352687275722e-23	2.35739364180723e-22
9606.ENSP00000349595	9606.ENSP00000440045	ATP2A1	ATP2A2	9606	0.933	0	0	0	0	0.36	0.9	0	ATP2A1	ATP2A2	-0.448406113903316	2.38302725061977e-26	6.90174159810235e-26
9606.ENSP00000349790	9606.ENSP00000496793	COL9A1	COL9A3	9606	0.991	0	0	0	0	0.9	0.8	0.587	COL9A1	COL9A3	0.436804533438551	6.07259397081009e-25	1.6968180732192e-24
9606.ENSP00000349957	9606.ENSP00000377536	ANAPC11	PTTG1	9606	0.716	0	0	0	0	0.457	0.5	0	ANAPC11	PTTG1	0.385575638309172	2.39801701625757e-19	5.75226475285739e-19
9606.ENSP00000349957	9606.ENSP00000437360	ANAPC11	ANAPC15	9606	0.958	0	0	0	0	0.345	0.9	0.419	ANAPC11	ANAPC15	0.672799391740416	7.83247260916772e-68	5.14249672212777e-67
9606.ENSP00000349957	9606.ENSP00000394394	ANAPC11	ANAPC7	9606	0.958	0	0	0	0	0.345	0.9	0.422	ANAPC11	ANAPC7	0.509394945705751	1.07027321964692e-34	3.71396142533438e-34
9606.ENSP00000349957	9606.ENSP00000477760	ANAPC11	ANAPC16	9606	0.961	0	0	0	0	0.345	0.9	0.458	ANAPC11	ANAPC16	0.574189033810213	1.25312897322632e-45	5.38638636523898e-45
9606.ENSP00000349957	9606.ENSP00000421842	ANAPC11	ANAPC13	9606	0.97	0	0	0	0	0.345	0.9	0.581	ANAPC11	ANAPC13	0.392346439612905	4.95004772323229e-20	1.20772603230532e-19
9606.ENSP00000349957	9606.ENSP00000434614	ANAPC11	CDC27	9606	0.997	0	0	0	0	0.89	0.9	0.806	ANAPC11	CDC27	-0.453072325866127	6.25335069935847e-27	1.84423005381487e-26
9606.ENSP00000350132	9606.ENSP00000354490	PLN	ATP1A2	9606	0.751	0	0	0	0	0.149	0.72	0	PLN	ATP1A2	0.509851792632679	9.128688418282e-35	3.17425841371073e-34
9606.ENSP00000350491	9606.ENSP00000368358	PRIM1	POLA1	9606	0.999	0	0	0	0	0.98	0.9	0.962	PRIM1	POLA1	0.543827301984857	3.28888274528979e-40	1.26871181328934e-39
9606.ENSP00000350491	9606.ENSP00000484105	PRIM1	PRIM2	9606	0.999	0	0	0	0	0.982	0.9	0.98	PRIM1	PRIM2	0.418224959141877	8.42105498288537e-23	2.21759542289776e-22
9606.ENSP00000351015	9606.ENSP00000358548	NF1	NRAS	9606	0.777	0	0	0	0	0.528	0.5	0.131	NF1	NRAS	0.49288351195368	2.86859681768847e-32	9.48139859331655e-32
9606.ENSP00000351015	9606.ENSP00000407586	NF1	HRAS	9606	0.809	0	0	0	0	0.597	0.5	0.131	NF1	HRAS	-0.678622862286229	2.03371598294421e-69	1.37893546320189e-68
9606.ENSP00000351209	9606.ENSP00000428924	EPHA2	LYN	9606	0.752	0	0	0	0	0.09	0	0.739	EPHA2	LYN	0.385798610916992	2.27791988936287e-19	5.47099369029525e-19
9606.ENSP00000351209	9606.ENSP00000414378	EPHA2	EFNA4	9606	0.977	0	0	0	0	0.097	0.5	0.953	EPHA2	EFNA4	0.360073553939245	6.63144021410182e-17	1.48327545154442e-16
9606.ENSP00000351209	9606.ENSP00000357392	EPHA2	EFNA1	9606	0.999	0	0	0	0	0.96	0.5	0.983	EPHA2	EFNA1	0.380173234714776	8.22804574275226e-19	1.94988942158504e-18
9606.ENSP00000351255	9606.ENSP00000380073	STAT4	IRF9	9606	0.941	0	0	0	0	0.128	0.9	0.383	STAT4	IRF9	0.631543495964503	1.45864103704658e-57	7.86798566823266e-57
9606.ENSP00000351255	9606.ENSP00000354394	STAT4	STAT1	9606	0.993	0	0	0	0	0.457	0.9	0.882	STAT4	STAT1	0.641990410221146	5.15715973872138e-60	2.903618152228e-59
9606.ENSP00000351273	9606.ENSP00000448165	CASP8	APAF1	9606	0.731	0	0	0	0	0.317	0	0.623	CASP8	APAF1	0.366332999759603	1.74670952452518e-17	3.97609337530305e-17
9606.ENSP00000351273	9606.ENSP00000362994	CASP8	TRAF1	9606	0.771	0	0	0	0	0.457	0	0.596	CASP8	TRAF1	0.422388387907114	2.86327903030112e-23	7.64318662569475e-23
9606.ENSP00000351273	9606.ENSP00000398698	CASP8	TNF	9606	0.796	0	0	0	0	0.734	0	0.265	CASP8	TNF	0.307819975205353	1.5194626314494e-12	2.95371903303954e-12
9606.ENSP00000351273	9606.ENSP00000374455	CASP8	SQSTM1	9606	0.907	0	0	0	0	0.457	0	0.836	CASP8	SQSTM1	-0.317728325627594	2.61828036011857e-13	5.23398417983158e-13
9606.ENSP00000351273	9606.ENSP00000358327	CASP8	CASP7	9606	0.948	0	0	0	0	0.628	0.54	0.723	CASP8	CASP7	0.408163890923254	1.07362444147801e-21	2.74611016169533e-21
9606.ENSP00000351273	9606.ENSP00000356694	CASP8	FASLG	9606	0.97	0	0	0	0	0.593	0.5	0.864	CASP8	FASLG	0.422776272500891	2.58751165220789e-23	6.9161462767041e-23
9606.ENSP00000351273	9606.ENSP00000498104	CASP8	BCL10	9606	0.977	0	0	0	0	0.292	0	0.969	CASP8	BCL10	0.334462638810465	1.15464010587979e-14	2.4111183296507e-14
9606.ENSP00000351273	9606.ENSP00000497997	CASP8	MALT1	9606	0.989	0	0	0	0	0.292	0.7	0.956	CASP8	MALT1	0.409924097999862	6.92048666465595e-22	1.77817816981813e-21
9606.ENSP00000351273	9606.ENSP00000498466	CASP8	FAS	9606	0.999	0	0	0	0	0.593	0.9	0.979	CASP8	FAS	0.427797127538841	6.89292271591026e-24	1.87597577774653e-23
9606.ENSP00000351314	9606.ENSP00000384211	PSMB10	PSME4	9606	0.799	0	0	0	0	0.313	0.72	0	PSMB10	PSME4	-0.314358578715014	4.7966840913099e-13	9.49335937557183e-13
9606.ENSP00000351314	9606.ENSP00000372155	PSMB10	PSME1	9606	0.838	0	0	0	0	0.47	0	0.708	PSMB10	PSME1	0.835630612750716	5.6172195404615e-133	1.66824850504291e-131
9606.ENSP00000351314	9606.ENSP00000370222	PSMB10	POMP	9606	0.85	0	0	0	0	0.85	0	0	PSMB10	POMP	0.513696928699081	2.37012277268616e-35	8.35009954983464e-35
9606.ENSP00000351314	9606.ENSP00000359910	PSMB10	PSMA7	9606	0.97	0	0	0	0	0.87	0.72	0.253	PSMB10	PSMA7	0.459701218569062	9.01879733396999e-28	2.70937369184067e-27
9606.ENSP00000351314	9606.ENSP00000362334	PSMB10	PSMB2	9606	0.979	0	0	0	0	0.894	0.72	0.362	PSMB10	PSMB2	0.571843861404774	3.44209145012268e-45	1.46098298616365e-44
9606.ENSP00000351314	9606.ENSP00000414359	PSMB10	PSMA1	9606	0.993	0	0	0	0	0.97	0.72	0.292	PSMB10	PSMA1	0.456281249242937	2.46216616712818e-27	7.32519676611627e-27
9606.ENSP00000351314	9606.ENSP00000483688	PSMB10	PSMB3	9606	0.996	0	0	0	0	0.985	0.72	0.149	PSMB10	PSMB3	0.613686120164811	1.39176148937387e-53	6.89903438143993e-53
9606.ENSP00000351314	9606.ENSP00000364016	PSMB10	PSMB8	9606	0.999	0	0	0	0	0.963	0.72	0.984	PSMB10	PSMB8	0.777855456353089	1.53923445634357e-103	2.13871468852006e-102
9606.ENSP00000351314	9606.ENSP00000363993	PSMB10	PSMB9	9606	0.999	0	0	0	0	0.972	0.72	0.984	PSMB10	PSMB9	0.789554110690572	9.73169879187543e-109	1.55416453819306e-107
9606.ENSP00000351407	9606.ENSP00000437955	ARNT	HIF1A	9606	0.999	0	0	0	0	0.96	0.9	0.985	ARNT	HIF1A	0.387142875778261	1.66974351347347e-19	4.02076454868421e-19
9606.ENSP00000351671	9606.ENSP00000474412	CCL20	CCL5	9606	0.761	0	0	0	0	0.734	0	0.14	CCL20	CCL5	0.381280656911125	6.40247456953091e-19	1.521523963564e-18
9606.ENSP00000351671	9606.ENSP00000367872	CCL20	GNB1	9606	0.8	0	0	0	0	0.8	0	0	CCL20	GNB1	0.421339684952688	3.76260265083895e-23	1.00070057932891e-22
9606.ENSP00000351807	9606.ENSP00000384169	ELN	FBLN2	9606	0.933	0	0	0	0	0.292	0	0.91	ELN	FBLN2	0.74509982054106	1.57735263501149e-90	1.64996608793118e-89
9606.ENSP00000351908	9606.ENSP00000379287	MAP3K5	YWHAZ	9606	0.844	0	0	0	0	0.457	0	0.724	MAP3K5	YWHAZ	0.542976968504304	4.58093784468143e-40	1.76044592086376e-39
9606.ENSP00000351908	9606.ENSP00000410402	MAP3K5	MAP2K4	9606	0.943	0	0	0	0	0.457	0	0.901	MAP3K5	MAP2K4	0.325551654544336	6.23305308073563e-14	1.2748513922882e-13
9606.ENSP00000352271	9606.ENSP00000493712	XRCC2	RAD51	9606	0.938	0	0	0	0	0.457	0.5	0.791	XRCC2	RAD51	0.574014606429587	1.35131370846251e-45	5.8010538194648e-45
9606.ENSP00000352522	9606.ENSP00000411672	ATP6V1H	ATP6V0E2	9606	0.887	0	0	0	0	0.496	0.72	0.266	ATP6V1H	ATP6V0E2	0.398302501057559	1.1983508593906e-20	2.97668126163617e-20
9606.ENSP00000352522	9606.ENSP00000429690	ATP6V1H	ATP6V0E1	9606	0.972	0	0	0	0	0.941	0.5	0.142	ATP6V1H	ATP6V0E1	0.479088188321938	2.4400016569415e-30	7.76169647026458e-30
9606.ENSP00000352522	9606.ENSP00000363162	ATP6V1H	ATP6V1G1	9606	0.98	0	0	0	0	0.932	0.72	0	ATP6V1H	ATP6V1G1	0.464502816741301	2.15974149670473e-28	6.59545832291942e-28
9606.ENSP00000352522	9606.ENSP00000430282	ATP6V1H	ATP6V1C1	9606	0.987	0	0	0	0	0.942	0.72	0.294	ATP6V1H	ATP6V1C1	0.574023365069426	1.34620633439662e-45	5.78157198243827e-45
9606.ENSP00000352522	9606.ENSP00000358777	ATP6V1H	ATP6AP1	9606	0.993	0	0	0	0	0.941	0.9	0	ATP6V1H	ATP6AP1	0.647353399936267	2.60869786589292e-61	1.51755694294813e-60
9606.ENSP00000352522	9606.ENSP00000434729	ATP6V1H	ATP6V0B	9606	0.999	0	0	0	0	0.947	0.967	0.637	ATP6V1H	ATP6V0B	0.47087593852553	3.12719232829058e-29	9.68676196353993e-29
9606.ENSP00000352926	9606.ENSP00000435233	TEAD4	TEAD1	9606	0.828	0	0	0	0	0.671	0.5	0	TEAD4	TEAD1	-0.335405590248466	9.62840036017343e-15	2.0147437671669e-14
9606.ENSP00000352926	9606.ENSP00000478927	TEAD4	YAP1	9606	0.999	0	0	0	0	0.957	0.9	0.961	TEAD4	YAP1	-0.361132324412565	5.30272967125144e-17	1.19053548344166e-16
9606.ENSP00000353099	9606.ENSP00000495530	HLA-DRB1	ENO1	9606	0.9	0	0	0	0	0.9	0	0	HLA-DRB1	ENO1	0.440683229813665	2.08564568045499e-25	5.88932532009489e-25
9606.ENSP00000353099	9606.ENSP00000364076	HLA-DRB1	HLA-DQA2	9606	0.901	0	0	0	0	0.32	0.54	0.709	HLA-DRB1	HLA-DQA2	0.755601802416266	1.78563842852505e-94	1.99085944220954e-93
9606.ENSP00000353099	9606.ENSP00000364114	HLA-DRB1	HLA-DRB5	9606	0.907	0	0	0	0	0.641	0.54	0.484	HLA-DRB1	HLA-DRB5	0.881968103642662	1.89701337963755e-166	1.94625908050289e-164
9606.ENSP00000353099	9606.ENSP00000408146	HLA-DRB1	HLA-DPB1	9606	0.909	0	0	0	0	0.131	0.9	0	HLA-DRB1	HLA-DPB1	0.954459824864474	2.24177375556534e-266	2.84621200440964e-263
9606.ENSP00000353099	9606.ENSP00000365817	HLA-DRB1	HLA-E	9606	0.913	0	0	0	0	0.166	0.9	0	HLA-DRB1	HLA-E	0.752325046169213	3.19383624708185e-93	3.4881499743667e-92
9606.ENSP00000353099	9606.ENSP00000365402	HLA-DRB1	HLA-C	9606	0.936	0	0	0	0	0.134	0.9	0.323	HLA-DRB1	HLA-C	0.829744434070736	1.75704776998328e-129	4.75902245325871e-128
9606.ENSP00000353099	9606.ENSP00000393566	HLA-DRB1	HLA-DPA1	9606	0.936	0	0	0	0	0.081	0.9	0.369	HLA-DRB1	HLA-DPA1	0.946610872267351	1.91760666177198e-249	1.77064826032891e-246
9606.ENSP00000353099	9606.ENSP00000363976	HLA-DRB1	HLA-DMA	9606	0.991	0	0	0	0	0.92	0.9	0	HLA-DRB1	HLA-DMA	0.939146088521895	1.44776261097386e-235	8.6499557880362e-233
9606.ENSP00000353099	9606.ENSP00000398890	HLA-DRB1	HLA-DMB	9606	0.994	0	0	0	0	0.946	0.9	0	HLA-DRB1	HLA-DMB	0.576424816394683	4.74607299485953e-46	2.05656413860018e-45
9606.ENSP00000353099	9606.ENSP00000378786	HLA-DRB1	HLA-DRA	9606	0.999	0	0	0	0	0.973	0.9	0.953	HLA-DRB1	HLA-DRA	0.957333683678927	2.45430348079382e-273	4.1547267424038e-270
9606.ENSP00000353452	9606.ENSP00000499797	MYLK	CALM2	9606	0.91	0	0	0	0	0.91	0	0	MYLK	CALM2	-0.325104032142345	6.77414790638233e-14	1.38329353206927e-13
9606.ENSP00000353452	9606.ENSP00000499717	MYLK	CALM1	9606	0.988	0	0	0	0	0.964	0.7	0	MYLK	CALM1	0.318262043595664	2.37720923257319e-13	4.75957306825269e-13
9606.ENSP00000353654	9606.ENSP00000364979	COL4A2	COL4A1	9606	0.999	0	0	0	0	0.948	0.9	0.956	COL4A2	COL4A1	0.944147365047064	1.18213458183295e-244	8.00462729845149e-242
9606.ENSP00000353874	9606.ENSP00000483570	TLR9	BTK	9606	0.719	0	0	0	0	0.23	0	0.651	TLR9	BTK	0.505569842698556	4.0166412955008e-34	1.37641786904189e-33
9606.ENSP00000354158	9606.ENSP00000359424	ERC1	CHUK	9606	0.992	0	0	0	0	0.292	0.54	0.98	ERC1	CHUK	0.542225029956412	6.13573672047683e-40	2.35349991955752e-39
9606.ENSP00000354218	9606.ENSP00000384273	PPP1R13L	RELA	9606	0.825	0	0	0	0	0.457	0	0.691	PPP1R13L	RELA	0.552001162849204	1.29582124030756e-41	5.15335017141892e-41
9606.ENSP00000354394	9606.ENSP00000362680	STAT1	SRC	9606	0.728	0	0	0	0	0.457	0.5	0.082	STAT1	SRC	0.314213036210453	4.92291481803259e-13	9.73939341775555e-13
9606.ENSP00000354394	9606.ENSP00000370698	STAT1	IL6ST	9606	0.741	0	0	0	0	0.37	0.5	0.244	STAT1	IL6ST	0.371849545202967	5.25974408407838e-18	1.21887338950454e-17
9606.ENSP00000354394	9606.ENSP00000362649	STAT1	HDAC1	9606	0.943	0	0	0	0	0.292	0	0.923	STAT1	HDAC1	-0.434850162034837	1.03510016278806e-24	2.87175972505828e-24
9606.ENSP00000354394	9606.ENSP00000356713	STAT1	IFNGR1	9606	0.944	0	0	0	0	0.618	0.5	0.734	STAT1	IFNGR1	0.570134528980848	7.15246514391246e-45	3.02068974913592e-44
9606.ENSP00000354394	9606.ENSP00000371067	STAT1	JAK2	9606	0.99	0	0	0	0	0.457	0.5	0.969	STAT1	JAK2	0.558462709625	9.43007846695309e-43	3.85593023304519e-42
9606.ENSP00000354394	9606.ENSP00000499900	STAT1	JAK1	9606	0.992	0	0	0	0	0.457	0.4	0.978	STAT1	JAK1	0.542301900997553	5.95534743153598e-40	2.28517052746925e-39
9606.ENSP00000354394	9606.ENSP00000380073	STAT1	IRF9	9606	0.999	0	0	0	0	0.569	0.9	0.985	STAT1	IRF9	0.671089407077354	2.25226531037935e-67	1.45987611726376e-66
9606.ENSP00000354558	9606.ENSP00000484998	MTOR	PSMC6	9606	0.734	0	0	0	0	0.734	0	0	MTOR	PSMC6	-0.355707837864532	1.65276737711172e-16	3.64304649507893e-16
9606.ENSP00000354558	9606.ENSP00000357288	MTOR	LAMTOR2	9606	0.948	0	0	0	0	0.901	0.5	0	MTOR	LAMTOR2	-0.518982115602864	3.61016637095267e-36	1.2893269982337e-35
9606.ENSP00000354558	9606.ENSP00000362092	MTOR	RRAGC	9606	0.99	0	0	0	0	0.944	0.5	0.674	MTOR	RRAGC	0.343210563292354	2.08968399766668e-15	4.45620834858292e-15
9606.ENSP00000354558	9606.ENSP00000362547	MTOR	TTI1	9606	0.994	0	0	0	0	0.734	0.9	0.825	MTOR	TTI1	0.558397299357265	9.68636419439414e-43	3.95753825914969e-42
9606.ENSP00000354558	9606.ENSP00000384848	MTOR	PRR5	9606	0.998	0	0	0	0	0.457	0.9	0.982	MTOR	PRR5	-0.396077433830339	2.0425939198362e-20	5.03192491966438e-20
9606.ENSP00000354558	9606.ENSP00000375711	MTOR	AKT1S1	9606	0.999	0	0	0	0	0.959	0.9	0.982	MTOR	AKT1S1	-0.392357620855253	4.9370168103954e-20	1.20483613030241e-19
9606.ENSP00000354558	9606.ENSP00000457870	MTOR	MLST8	9606	0.999	0	0	0	0	0.991	0.9	0.987	MTOR	MLST8	-0.345727460944852	1.26506248658909e-15	2.71826521605361e-15
9606.ENSP00000354621	9606.ENSP00000447297	SMURF1	TGFBR1	9606	0.767	0	0	0	0	0.457	0.5	0.214	SMURF1	TGFBR1	0.418222350185329	8.42670983708904e-23	2.21850937831294e-22
9606.ENSP00000354720	9606.ENSP00000372689	SMC3	STAG1	9606	0.999	0	0	0	0	0.962	0.9	0.987	SMC3	STAG1	0.738356879166177	4.27363117079167e-88	4.25561488252265e-87
9606.ENSP00000354901	9606.ENSP00000427279	CXCL9	CXCL2	9606	0.734	0	0	0	0	0.734	0	0	CXCL9	CXCL2	0.337470672533092	6.45401247662737e-15	1.35777557425651e-14
9606.ENSP00000354901	9606.ENSP00000474412	CXCL9	CCL5	9606	0.882	0	0	0	0	0.734	0	0.577	CXCL9	CCL5	0.828900809335592	5.42913760589904e-129	1.432305212029e-127
9606.ENSP00000354901	9606.ENSP00000379140	CXCL9	CXCL12	9606	0.924	0	0	0	0	0.734	0	0.729	CXCL9	CXCL12	0.464160577548438	2.39316410885801e-28	7.29075220566009e-28
9606.ENSP00000354923	9606.ENSP00000384084	DMD	DTNB	9606	0.839	0	0	0	0	0.645	0	0.567	DMD	DTNB	-0.301026531224551	4.88569817082649e-12	9.3208182421271e-12
9606.ENSP00000354932	9606.ENSP00000363089	TLR1	TLR4	9606	0.982	0	0	0	0	0.292	0	0.976	TLR1	TLR4	0.592963364659447	2.84394659732919e-49	1.30942727058353e-48
9606.ENSP00000354932	9606.ENSP00000389600	TLR1	TLR6	9606	0.998	0	0	0	0	0.421	0.9	0.982	TLR1	TLR6	0.849564304256513	7.81856543468124e-142	3.07802981085494e-140
9606.ENSP00000355231	9606.ENSP00000477613	BECN1	BIRC2	9606	0.734	0	0	0	0	0.734	0	0	BECN1	BIRC2	0.384593925231032	3.00533890100652e-19	7.18747991936032e-19
9606.ENSP00000355231	9606.ENSP00000356426	BECN1	TAB2	9606	0.752	0	0	0	0	0.457	0	0.563	BECN1	TAB2	0.303678162847341	3.10820358167819e-12	5.96786838924488e-12
9606.ENSP00000355231	9606.ENSP00000363435	BECN1	ITPR3	9606	0.977	0	0	0	0	0.292	0	0.97	BECN1	ITPR3	0.421055490642232	4.05101204516666e-23	1.07656016072103e-22
9606.ENSP00000355231	9606.ENSP00000479919	BECN1	SH3GLB1	9606	0.987	0	0	0	0	0.33	0	0.982	BECN1	SH3GLB1	0.433479621254051	1.5014346048259e-24	4.15193881873583e-24
9606.ENSP00000355231	9606.ENSP00000358022	BECN1	MCL1	9606	0.992	0	0	0	0	0.574	0	0.983	BECN1	MCL1	0.312174416199384	7.07278402603931e-13	1.39086674448173e-12
9606.ENSP00000355231	9606.ENSP00000365230	BECN1	BCL2L1	9606	0.996	0	0	0	0	0.733	0	0.985	BECN1	BCL2L1	0.393273271426521	3.97711574767095e-20	9.72918223725766e-20
9606.ENSP00000355231	9606.ENSP00000431926	BECN1	AMBRA1	9606	0.996	0	0	0	0	0.483	0.5	0.987	BECN1	AMBRA1	0.343474813319841	1.98284415639486e-15	4.23459800178777e-15
9606.ENSP00000355325	9606.ENSP00000388107	PSMB5	UBA52	9606	0.826	0	0	0	0	0.826	0	0	PSMB5	UBA52	0.592155333545777	4.12764574298562e-49	1.89446442889765e-48
9606.ENSP00000355325	9606.ENSP00000441543	PSMB5	UBC	9606	0.837	0	0	0	0	0.836	0	0	PSMB5	UBC	0.352787856425394	3.02048237773124e-16	6.60901325088674e-16
9606.ENSP00000355325	9606.ENSP00000478877	PSMB5	ADRM1	9606	0.861	0	0	0	0	0.72	0.5	0.088	PSMB5	ADRM1	0.519335815569134	3.17922734688673e-36	1.13702155501157e-35
9606.ENSP00000355325	9606.ENSP00000370222	PSMB5	POMP	9606	0.884	0	0	0	0	0.831	0	0.343	PSMB5	POMP	0.52298500036339	8.49088169087876e-37	3.06474361528982e-36
9606.ENSP00000355325	9606.ENSP00000372155	PSMB5	PSME1	9606	0.897	0	0	0	0	0.896	0	0	PSMB5	PSME1	0.3286803525073	3.46997616803711e-14	7.13596840225814e-14
9606.ENSP00000355325	9606.ENSP00000396937	PSMB5	PSMD13	9606	0.95	0	0	0	0	0.95	0	0	PSMB5	PSMD13	0.449717300922639	1.63972442542412e-26	4.77485120098418e-26
9606.ENSP00000355325	9606.ENSP00000418695	PSMB5	PSMD6	9606	0.953	0	0	0	0	0.949	0	0.107	PSMB5	PSMD6	0.379431266107977	9.72880356973445e-19	2.30285383029114e-18
9606.ENSP00000355325	9606.ENSP00000391211	PSMB5	PSMC2	9606	0.963	0	0	0	0	0.963	0	0	PSMB5	PSMC2	0.454836912262655	3.75013790892604e-27	1.11114792126493e-26
9606.ENSP00000355325	9606.ENSP00000481029	PSMB5	PSMC3	9606	0.964	0	0	0	0	0.962	0	0.083	PSMB5	PSMC3	0.534070922620212	1.39242960689746e-38	5.20917403950553e-38
9606.ENSP00000355325	9606.ENSP00000386541	PSMB5	PSMD14	9606	0.965	0	0	0	0	0.963	0	0.081	PSMB5	PSMD14	0.48329764653484	6.42447852721297e-31	2.07153740955245e-30
9606.ENSP00000355325	9606.ENSP00000357876	PSMB5	PSMD4	9606	0.968	0	0	0	0	0.967	0	0.084	PSMB5	PSMD4	0.500037363984846	2.64156512815885e-33	8.91374651385696e-33
9606.ENSP00000355325	9606.ENSP00000484998	PSMB5	PSMC6	9606	0.976	0	0	0	0	0.968	0	0.273	PSMB5	PSMC6	0.414064698395305	2.43795238237209e-22	6.32659232185827e-22
9606.ENSP00000355325	9606.ENSP00000414359	PSMB5	PSMA1	9606	0.997	0	0	0	0	0.97	0.9	0.349	PSMB5	PSMA1	0.538963275209508	2.16120136820532e-39	8.21839097598706e-39
9606.ENSP00000355325	9606.ENSP00000359910	PSMB5	PSMA7	9606	0.998	0	0	0	0	0.977	0.9	0.22	PSMB5	PSMA7	0.745003848210908	1.71038484317297e-90	1.78728177490822e-89
9606.ENSP00000355325	9606.ENSP00000483688	PSMB5	PSMB3	9606	0.998	0	0	0	0	0.985	0.9	0	PSMB5	PSMB3	0.538045761097849	3.07213995752685e-39	1.16518766051532e-38
9606.ENSP00000355325	9606.ENSP00000362334	PSMB5	PSMB2	9606	0.999	0	0	0	0	0.985	0.9	0.669	PSMB5	PSMB2	0.571781525978685	3.53539928198653e-45	1.49996033864399e-44
9606.ENSP00000355645	9606.ENSP00000386857	ACTA1	ACTG2	9606	0.954	0	0	0	0	0.8	0.54	0.542	ACTA1	ACTG2	0.395089356532984	2.58503272542203e-20	6.34761341948425e-20
9606.ENSP00000355751	9606.ENSP00000361405	THBS2	MMP9	9606	0.886	0	0	0	0	0.292	0	0.846	THBS2	MMP9	0.479093592589073	2.43585376788793e-30	7.75092942369602e-30
9606.ENSP00000355837	9606.ENSP00000422176	CAPN8	CAST	9606	0.8	0	0	0	0	0.8	0	0	CAPN8	CAST	0.413248467703913	2.99810394095679e-22	7.7663202571533e-22
9606.ENSP00000356070	9606.ENSP00000468348	MAPKAPK2	MAP2K6	9606	0.926	0	0	0	0	0.292	0.9	0	MAPKAPK2	MAP2K6	-0.344037788872055	1.77279535221586e-15	3.79319199335507e-15
9606.ENSP00000356070	9606.ENSP00000396467	MAPKAPK2	MAPKAPK3	9606	0.963	0	0	0	0	0.652	0.9	0	MAPKAPK2	MAPKAPK3	0.573850335344093	1.45074517144832e-45	6.21739185924075e-45
9606.ENSP00000356150	9606.ENSP00000388107	MDM4	UBA52	9606	0.9	0	0	0	0	0.9	0	0	MDM4	UBA52	-0.372164297175059	4.9081798942998e-18	1.13844218283633e-17
9606.ENSP00000356150	9606.ENSP00000441543	MDM4	UBC	9606	0.926	0	0	0	0	0.926	0	0	MDM4	UBC	-0.321568896020037	1.30103030710884e-13	2.63081123418365e-13
9606.ENSP00000356426	9606.ENSP00000478771	TAB2	UBB	9606	0.9	0	0	0	0	0.9	0	0	TAB2	UBB	-0.362584488262491	3.896905351142e-17	8.78988844138336e-17
9606.ENSP00000356426	9606.ENSP00000388107	TAB2	UBA52	9606	0.9	0	0	0	0	0.9	0	0	TAB2	UBA52	-0.439554390221631	2.85060682363537e-25	8.02706224221359e-25
9606.ENSP00000356426	9606.ENSP00000483825	TAB2	IKBKG	9606	0.993	0	0	0	0	0.734	0.5	0.952	TAB2	IKBKG	-0.331849116588677	1.90412417143813e-14	3.95062274510946e-14
9606.ENSP00000356426	9606.ENSP00000368215	TAB2	TAB3	9606	0.999	0	0	0	0	0.621	0.9	0.982	TAB2	TAB3	0.633929479904512	4.09582904241103e-58	2.23302928522646e-57
9606.ENSP00000356426	9606.ENSP00000433623	TAB2	TRAF6	9606	0.999	0	0	0	0	0.509	0.9	0.987	TAB2	TRAF6	0.461717103387357	4.96288447532471e-28	1.49845474482381e-27
9606.ENSP00000356426	9606.ENSP00000358335	TAB2	MAP3K7	9606	0.999	0	0	0	0	0.734	0.9	0.985	TAB2	MAP3K7	0.634613865113219	2.83939469162342e-58	1.55386486437603e-57
9606.ENSP00000356515	9606.ENSP00000378965	UTRN	SNTB1	9606	0.769	0	0	0	0	0.492	0.36	0.348	UTRN	SNTB1	0.390990900332269	6.808814156767e-20	1.6536854469221e-19
9606.ENSP00000356515	9606.ENSP00000442600	UTRN	DAG1	9606	0.984	0	0	0	0	0.457	0.5	0.949	UTRN	DAG1	0.692461326878029	2.44830973129315e-73	1.80068659961944e-72
9606.ENSP00000356713	9606.ENSP00000499900	IFNGR1	JAK1	9606	0.998	0	0	0	0	0.457	0.9	0.982	IFNGR1	JAK1	0.446812786868749	3.74521769155712e-26	1.07732019521795e-25
9606.ENSP00000356713	9606.ENSP00000371067	IFNGR1	JAK2	9606	0.998	0	0	0	0	0.457	0.9	0.982	IFNGR1	JAK2	0.36469820895133	2.48182243064496e-17	5.62801304488967e-17
9606.ENSP00000356953	9606.ENSP00000364699	SDHC	SDHD	9606	0.999	0	0	0	0	0.897	0.979	0.982	SDHC	SDHD	0.572238000197535	2.90615015692039e-45	1.23660524272478e-44
9606.ENSP00000356953	9606.ENSP00000364649	SDHC	SDHB	9606	0.999	0	0	0	0	0.844	0.98	0.982	SDHC	SDHB	0.479122943350236	2.41344799283152e-30	7.68204050867746e-30
9606.ENSP00000356972	9606.ENSP00000467262	NDUFS2	UQCR11	9606	0.807	0	0	0	0	0.807	0	0	NDUFS2	UQCR11	0.522038135490568	1.19782979112641e-36	4.3158414999897e-36
9606.ENSP00000356972	9606.ENSP00000497474	NDUFS2	COX7B	9606	0.814	0	0	0	0	0.814	0	0	NDUFS2	COX7B	0.509766535659777	9.40392647272673e-35	3.26772771753286e-34
9606.ENSP00000356972	9606.ENSP00000425759	NDUFS2	COX7C	9606	0.831	0	0	0	0	0.831	0	0	NDUFS2	COX7C	0.492147227145075	3.65506530215677e-32	1.20612405048754e-31
9606.ENSP00000356972	9606.ENSP00000466818	NDUFS2	COX6B1	9606	0.832	0	0	0	0	0.832	0	0	NDUFS2	COX6B1	0.409234867586137	8.22145275093664e-22	2.10765511335849e-21
9606.ENSP00000356972	9606.ENSP00000478766	NDUFS2	NDUFC2-KCTD14	9606	0.844	0	0	0	0	0.356	0.744	0.133	NDUFS2	NDUFC2-KCTD14	0.466695831073791	1.11584093493694e-28	3.42508201153051e-28
9606.ENSP00000356972	9606.ENSP00000367939	NDUFS2	UQCRQ	9606	0.856	0	0	0	0	0.856	0	0	NDUFS2	UQCRQ	0.478017491190113	3.41604741715232e-30	1.08292114906417e-29
9606.ENSP00000356972	9606.ENSP00000430494	NDUFS2	UQCRB	9606	0.876	0	0	0	0	0.876	0	0	NDUFS2	UQCRB	0.401365136513651	5.71386872788625e-21	1.43086204805574e-20
9606.ENSP00000356972	9606.ENSP00000457513	NDUFS2	COX4I1	9606	0.88	0	0	0	0	0.88	0	0	NDUFS2	COX4I1	0.463170758069596	3.21807638157771e-28	9.76576092252309e-28
9606.ENSP00000356972	9606.ENSP00000483888	NDUFS2	NDUFB1	9606	0.986	0	0	0	0	0.861	0.9	0.123	NDUFS2	NDUFB1	0.418448583988834	7.9500187133869e-23	2.09518266922342e-22
9606.ENSP00000356972	9606.ENSP00000441126	NDUFS2	NDUFC1	9606	0.993	0	0	0	0	0.803	0.967	0	NDUFS2	NDUFC1	0.313964905807351	5.14565920322393e-13	1.01701616125988e-12
9606.ENSP00000356972	9606.ENSP00000419087	NDUFS2	NDUFB2	9606	0.993	0	0	0	0	0.8	0.967	0	NDUFS2	NDUFB2	0.627348573366653	1.32475350970118e-56	7.03740658893037e-56
9606.ENSP00000356972	9606.ENSP00000369176	NDUFS2	NDUFB6	9606	0.995	0	0	0	0	0.869	0.967	0	NDUFS2	NDUFB6	0.455028856922959	3.54661165110992e-27	1.05207168634122e-26
9606.ENSP00000356972	9606.ENSP00000458770	NDUFS2	NDUFAB1	9606	0.996	0	0	0	0	0.901	0.967	0	NDUFS2	NDUFAB1	0.551291806199253	1.72175649858198e-41	6.82320747409174e-41
9606.ENSP00000356972	9606.ENSP00000360492	NDUFS2	NDUFA1	9606	0.997	0	0	0	0	0.916	0.967	0	NDUFS2	NDUFA1	0.4374730951356	5.05590036156391e-25	1.4162377267624e-24
9606.ENSP00000356972	9606.ENSP00000418438	NDUFS2	NDUFA3	9606	0.997	0	0	0	0	0.895	0.967	0.348	NDUFS2	NDUFA3	0.399239395989288	9.56183458753746e-21	2.38154864898524e-20
9606.ENSP00000356972	9606.ENSP00000362873	NDUFS2	NDUFA8	9606	0.999	0	0	0	0	0.974	0.967	0.261	NDUFS2	NDUFA8	0.429779282276054	4.06391023020354e-24	1.11169232987281e-23
9606.ENSP00000356972	9606.ENSP00000482543	NDUFS2	NDUFA6	9606	0.999	0	0	0	0	0.972	0.967	0.318	NDUFS2	NDUFA6	0.377883595812997	1.37795852683914e-18	3.24580815331752e-18
9606.ENSP00000356972	9606.ENSP00000497587	NDUFS2	NDUFV1	9606	0.999	0	0	0	0	0.951	0.98	0.95	NDUFS2	NDUFV1	0.609114669230898	1.32385797485259e-52	6.47708355037462e-52
9606.ENSP00000356972	9606.ENSP00000407336	NDUFS2	NDUFB3	9606	0.999	0	0	0	0	0.968	0.967	0.183	NDUFS2	NDUFB3	0.581370373062151	5.39515424313376e-47	2.37944340631826e-46
9606.ENSP00000356972	9606.ENSP00000423673	NDUFS2	NDUFA13	9606	0.999	0	0	0	0	0.972	0.967	0.388	NDUFS2	NDUFA13	0.420085238337498	5.21002688143149e-23	1.37879736932516e-22
9606.ENSP00000356972	9606.ENSP00000392709	NDUFS2	NDUFS1	9606	0.999	0	0	0	0	0.987	0.98	0.955	NDUFS2	NDUFS1	0.34054924125953	3.53523453894221e-15	7.49319223957347e-15
9606.ENSP00000357005	9606.ENSP00000363921	F11R	PARD3	9606	0.98	0	0	0	0	0.457	0.9	0.673	F11R	PARD3	0.647585969777102	2.28892099916555e-61	1.33459073412884e-60
9606.ENSP00000357288	9606.ENSP00000498382	LAMTOR2	DEPDC5	9606	0.8	0	0	0	0	0.8	0	0	LAMTOR2	DEPDC5	-0.354516662846409	2.11526312583951e-16	4.64434231931515e-16
9606.ENSP00000357288	9606.ENSP00000483814	LAMTOR2	NPRL3	9606	0.8	0	0	0	0	0.8	0	0	LAMTOR2	NPRL3	0.646056934886035	5.3964682920919e-61	3.1178571355391e-60
9606.ENSP00000357288	9606.ENSP00000457870	LAMTOR2	MLST8	9606	0.895	0	0	0	0	0.8	0.5	0	LAMTOR2	MLST8	0.448797177854431	2.13196026696293e-26	6.18518150001213e-26
9606.ENSP00000357470	9606.ENSP00000499900	IL6R	JAK1	9606	0.921	0	0	0	0	0.292	0.8	0.493	IL6R	JAK1	0.376650677490109	1.81589249866992e-18	4.26451331999778e-18
9606.ENSP00000357470	9606.ENSP00000370698	IL6R	IL6ST	9606	0.999	0	0	0	0	0.943	0.9	0.98	IL6R	IL6ST	0.351120640014312	4.24989631965442e-16	9.25122094271965e-16
9606.ENSP00000357470	9606.ENSP00000385675	IL6R	IL6	9606	0.999	0	0	0	0	0.967	0.9	0.983	IL6R	IL6	0.439498804492141	2.89471695287087e-25	8.1467553589109e-25
9606.ENSP00000357622	9606.ENSP00000387699	CRTC2	CREB1	9606	0.999	0	0	0	0	0.92	0.9	0.982	CRTC2	CREB1	-0.357121240074318	1.23163069174582e-16	2.72660700437278e-16
9606.ENSP00000357721	9606.ENSP00000376345	S100A8	GRB2	9606	0.862	0	0	0	0	0.163	0	0.843	S100A8	GRB2	0.311865720733564	7.46989247424834e-13	1.46810560876433e-12
9606.ENSP00000357721	9606.ENSP00000357727	S100A8	S100A9	9606	0.999	0	0	0	0	0.944	0.9	0.986	S100A8	S100A9	0.908931296856393	3.10692052506436e-193	7.6968272617265e-191
9606.ENSP00000357876	9606.ENSP00000364016	PSMD4	PSMB8	9606	0.701	0	0	0	0	0.687	0	0.084	PSMD4	PSMB8	0.435473609472748	8.73499043539485e-25	2.42938931687584e-24
9606.ENSP00000357876	9606.ENSP00000363993	PSMD4	PSMB9	9606	0.737	0	0	0	0	0.737	0	0	PSMD4	PSMB9	0.322649283561896	1.06674408582763e-13	2.16222703647001e-13
9606.ENSP00000357876	9606.ENSP00000481021	PSMD4	SEM1	9606	0.805	0	0	0	0	0.709	0.36	0	PSMD4	SEM1	0.668285803735653	1.25342592621811e-66	7.98184773203592e-66
9606.ENSP00000357876	9606.ENSP00000440485	PSMD4	PSMD9	9606	0.903	0	0	0	0	0.67	0.72	0	PSMD4	PSMD9	0.527374569755112	1.69813036809047e-37	6.21546311664679e-37
9606.ENSP00000357876	9606.ENSP00000388107	PSMD4	UBA52	9606	0.953	0	0	0	0	0.953	0	0	PSMD4	UBA52	0.670190062484509	3.91423081885885e-67	2.52584767643896e-66
9606.ENSP00000357876	9606.ENSP00000441543	PSMD4	UBC	9606	0.958	0	0	0	0	0.956	0	0.092	PSMD4	UBC	0.313454388917152	5.63541869855984e-13	1.11251599069528e-12
9606.ENSP00000357876	9606.ENSP00000478771	PSMD4	UBB	9606	0.965	0	0	0	0	0.963	0	0.092	PSMD4	UBB	0.350269747471641	5.05508013969256e-16	1.09827698350497e-15
9606.ENSP00000357876	9606.ENSP00000359910	PSMD4	PSMA7	9606	0.973	0	0	0	0	0.966	0	0.224	PSMD4	PSMA7	0.552975608119818	8.76013614019791e-42	3.50026368119552e-41
9606.ENSP00000357876	9606.ENSP00000362334	PSMD4	PSMB2	9606	0.983	0	0	0	0	0.983	0	0.084	PSMD4	PSMB2	0.652999368259807	1.05565226764965e-62	6.31464080242488e-62
9606.ENSP00000357876	9606.ENSP00000483688	PSMD4	PSMB3	9606	0.987	0	0	0	0	0.982	0	0.301	PSMD4	PSMB3	0.793452916720243	1.51788765797839e-110	2.5398986725019e-109
9606.ENSP00000357876	9606.ENSP00000414359	PSMD4	PSMA1	9606	0.991	0	0	0	0	0.983	0	0.489	PSMD4	PSMA1	0.515153658222965	1.41561830072965e-35	5.00641889989938e-35
9606.ENSP00000357876	9606.ENSP00000418695	PSMD4	PSMD6	9606	0.998	0	0	0	0	0.983	0.72	0.728	PSMD4	PSMD6	0.437542512015177	4.96050634093976e-25	1.39028319274076e-24
9606.ENSP00000357876	9606.ENSP00000478877	PSMD4	ADRM1	9606	0.998	0	0	0	0	0.861	0.54	0.979	PSMD4	ADRM1	0.709005186232909	2.5208351663185e-78	2.02724645956429e-77
9606.ENSP00000357876	9606.ENSP00000481029	PSMD4	PSMC3	9606	0.998	0	0	0	0	0.991	0.72	0.509	PSMD4	PSMC3	0.774387128153809	4.65683940977948e-102	6.27314560810746e-101
9606.ENSP00000357876	9606.ENSP00000484998	PSMD4	PSMC6	9606	0.998	0	0	0	0	0.984	0.72	0.594	PSMD4	PSMC6	0.450318106344796	1.38083013053229e-26	4.03135718189608e-26
9606.ENSP00000357876	9606.ENSP00000386541	PSMD4	PSMD14	9606	0.999	0	0	0	0	0.987	0.72	0.945	PSMD4	PSMD14	0.30783683958458	1.51500611560526e-12	2.94561966236651e-12
9606.ENSP00000357876	9606.ENSP00000396937	PSMD4	PSMD13	9606	0.999	0	0	0	0	0.99	0.72	0.846	PSMD4	PSMD13	0.799378975164597	2.28414253417507e-113	4.12078787204551e-112
9606.ENSP00000358022	9606.ENSP00000365230	MCL1	BCL2L1	9606	0.982	0	0	0	0	0.362	0.9	0.748	MCL1	BCL2L1	0.358076490878902	1.00876653817618e-16	2.24202226001214e-16
9606.ENSP00000358022	9606.ENSP00000376943	MCL1	BCL2L11	9606	0.999	0	0	0	0	0.971	0.9	0.982	MCL1	BCL2L11	0.329089679154251	3.21239935887056e-14	6.61027963696279e-14
9606.ENSP00000358072	9606.ENSP00000498476	ATG5	MAP1LC3B	9606	0.73	0	0	0	0	0.242	0.5	0.344	ATG5	MAP1LC3B	0.338958057296413	4.82941837930056e-15	1.02043691446964e-14
9606.ENSP00000358072	9606.ENSP00000375873	ATG5	ATG16L1	9606	0.999	0	0	0	0	0.98	0.9	0.987	ATG5	ATG16L1	0.31534774595472	4.01888528995104e-13	7.96950759274361e-13
9606.ENSP00000358335	9606.ENSP00000477613	MAP3K7	BIRC2	9606	0.701	0	0	0	0	0.159	0.5	0.348	MAP3K7	BIRC2	0.715890408916668	1.66380735142349e-80	1.40827427236737e-79
9606.ENSP00000358335	9606.ENSP00000497997	MAP3K7	MALT1	9606	0.716	0	0	0	0	0.457	0.5	0	MAP3K7	MALT1	0.420343618212753	4.87275009721321e-23	1.29122156893803e-22
9606.ENSP00000358335	9606.ENSP00000420176	MAP3K7	POLE4	9606	0.774	0	0	0	0	0.226	0.72	0	MAP3K7	POLE4	-0.473126722610149	1.5650188307571e-29	4.88803698154977e-29
9606.ENSP00000358335	9606.ENSP00000360242	MAP3K7	XIAP	9606	0.805	0	0	0	0	0.457	0.5	0.341	MAP3K7	XIAP	0.643542366659026	2.18798265094223e-60	1.24222134072779e-59
9606.ENSP00000358335	9606.ENSP00000359424	MAP3K7	CHUK	9606	0.885	0	0	0	0	0.542	0.5	0.541	MAP3K7	CHUK	0.621836407243209	2.28628745458667e-55	1.17757716410937e-54
9606.ENSP00000358335	9606.ENSP00000498321	MAP3K7	MYD88	9606	0.938	0	0	0	0	0.254	0	0.921	MAP3K7	MYD88	0.304583936654535	2.66045492146185e-12	5.11784860554698e-12
9606.ENSP00000358335	9606.ENSP00000498104	MAP3K7	BCL10	9606	0.952	0	0	0	0	0.292	0.9	0.384	MAP3K7	BCL10	0.36923378673271	9.31917952950115e-18	2.14345349821429e-17
9606.ENSP00000358335	9606.ENSP00000483825	MAP3K7	IKBKG	9606	0.974	0	0	0	0	0.734	0.5	0.827	MAP3K7	IKBKG	-0.392001311932435	5.36937137856837e-20	1.30846221430228e-19
9606.ENSP00000358335	9606.ENSP00000368215	MAP3K7	TAB3	9606	0.999	0	0	0	0	0.621	0.9	0.985	MAP3K7	TAB3	0.742890034345049	1.00838823110742e-89	1.03665984446944e-88
9606.ENSP00000358423	9606.ENSP00000424183	RRAGD	LAMTOR3	9606	0.861	0	0	0	0	0.734	0.5	0	RRAGD	LAMTOR3	0.496035876879613	1.00983473529662e-32	3.3662262574361e-32
9606.ENSP00000358423	9606.ENSP00000362092	RRAGD	RRAGC	9606	0.998	0	0	0	0	0.734	0.9	0.944	RRAGD	RRAGC	0.678794680710307	1.82368507162199e-69	1.23817976420217e-68
9606.ENSP00000358474	9606.ENSP00000369497	BRCC3	BRCA2	9606	0.959	0	0	0	0	0.642	0.72	0.632	BRCC3	BRCA2	0.318416065209005	2.31177824460566e-13	4.63222166708616e-13
9606.ENSP00000358548	9606.ENSP00000419060	NRAS	BRAF	9606	0.771	0	0	0	0	0.537	0.5	0.091	NRAS	BRAF	0.400725010389238	6.67476817282447e-21	1.66737875876483e-20
9606.ENSP00000358548	9606.ENSP00000419260	NRAS	PIK3CG	9606	0.828	0	0	0	0	0.292	0	0.767	NRAS	PIK3CG	0.515420144498922	1.28790492838497e-35	4.56110542454887e-35
9606.ENSP00000358548	9606.ENSP00000407586	NRAS	HRAS	9606	0.93	0	0	0	0	0.33	0.9	0	NRAS	HRAS	-0.4150819119179	1.88252735183006e-22	4.90655127342519e-22
9606.ENSP00000358777	9606.ENSP00000411672	ATP6AP1	ATP6V0E2	9606	0.834	0	0	0	0	0.341	0.54	0.499	ATP6AP1	ATP6V0E2	0.336051679702132	8.49849835851749e-15	1.78235077075082e-14
9606.ENSP00000358777	9606.ENSP00000417378	ATP6AP1	ATP6V1F	9606	0.957	0	0	0	0	0.91	0.54	0	ATP6AP1	ATP6V1F	0.380684776552189	7.32862722245606e-19	1.73877287312512e-18
9606.ENSP00000358777	9606.ENSP00000430282	ATP6AP1	ATP6V1C1	9606	0.958	0	0	0	0	0.912	0.54	0	ATP6AP1	ATP6V1C1	0.352599079783755	3.139876384487e-16	6.86877545492881e-16
9606.ENSP00000358777	9606.ENSP00000363162	ATP6AP1	ATP6V1G1	9606	0.973	0	0	0	0	0.928	0.54	0.273	ATP6AP1	ATP6V1G1	0.366943868299873	1.53106345560613e-17	3.49382420098663e-17
9606.ENSP00000358777	9606.ENSP00000429690	ATP6AP1	ATP6V0E1	9606	0.974	0	0	0	0	0.925	0.5	0.36	ATP6AP1	ATP6V0E1	0.435618033853075	8.39775241072765e-25	2.33687592426742e-24
9606.ENSP00000358777	9606.ENSP00000434729	ATP6AP1	ATP6V0B	9606	0.997	0	0	0	0	0.947	0.9	0.482	ATP6AP1	ATP6V0B	0.525824849565702	3.00545895554644e-37	1.09453017610202e-36
9606.ENSP00000358866	9606.ENSP00000360609	FLNA	HSP90AB1	9606	0.709	0	0	0	0	0.623	0	0.261	FLNA	HSP90AB1	0.397066414716006	1.61235043873753e-20	3.98458477037885e-20
9606.ENSP00000358866	9606.ENSP00000380227	FLNA	ITGA4	9606	0.746	0	0	0	0	0.306	0.65	0	FLNA	ITGA4	0.356148378813037	1.50823128823182e-16	3.33168882004579e-16
9606.ENSP00000358866	9606.ENSP00000380948	FLNA	ITGB2	9606	0.75	0	0	0	0	0.422	0	0.586	FLNA	ITGB2	0.527264807226064	1.76837381106749e-37	6.46790522110642e-37
9606.ENSP00000358866	9606.ENSP00000420213	FLNA	FLNB	9606	0.951	0	0	0	0	0.457	0.9	0.175	FLNA	FLNB	0.345636706527796	1.28826675503322e-15	2.76753921972767e-15
9606.ENSP00000358866	9606.ENSP00000379350	FLNA	ITGB1	9606	0.965	0	0	0	0	0.552	0.65	0.8	FLNA	ITGB1	0.618717865575377	1.11712651891265e-54	5.65353963756644e-54
9606.ENSP00000358866	9606.ENSP00000369497	FLNA	BRCA2	9606	0.972	0	0	0	0	0.292	0	0.963	FLNA	BRCA2	0.493255101907706	2.53785539900216e-32	8.39094963791175e-32
9606.ENSP00000358866	9606.ENSP00000452786	FLNA	ITGB3	9606	0.988	0	0	0	0	0.954	0.65	0.35	FLNA	ITGB3	0.401321436491475	5.77488583588462e-21	1.44542916301331e-20
9606.ENSP00000358983	9606.ENSP00000482657	NFKB2	MAP3K14	9606	0.716	0	0	0	0	0.457	0.5	0	NFKB2	MAP3K14	0.5896252047565	1.31623400048266e-48	5.98700794576909e-48
9606.ENSP00000358983	9606.ENSP00000359206	NFKB2	BTRC	9606	0.716	0	0	0	0	0.457	0.5	0	NFKB2	BTRC	-0.473826295673046	1.26073248419322e-29	3.94793644910549e-29
9606.ENSP00000358983	9606.ENSP00000359424	NFKB2	CHUK	9606	0.716	0	0	0	0	0.457	0.5	0	NFKB2	CHUK	-0.309130882032303	1.20861363283138e-12	2.35712148015905e-12
9606.ENSP00000358983	9606.ENSP00000384273	NFKB2	RELA	9606	0.999	0	0	0	0	0.617	0.9	0.982	NFKB2	RELA	0.580399002633182	8.29385245263464e-47	3.64205185306572e-46
9606.ENSP00000358997	9606.ENSP00000483825	IRAK1	IKBKG	9606	0.935	0	0	0	0	0.734	0.5	0.554	IRAK1	IKBKG	0.313063511320076	6.04097099353421e-13	1.19165162907996e-12
9606.ENSP00000358997	9606.ENSP00000363089	IRAK1	TLR4	9606	0.981	0	0	0	0	0.329	0	0.973	IRAK1	TLR4	0.334264730820908	1.19941734246523e-14	2.50359267312358e-14
9606.ENSP00000358997	9606.ENSP00000359424	IRAK1	CHUK	9606	0.992	0	0	0	0	0.457	0.5	0.976	IRAK1	CHUK	0.352151457381763	3.44182725624967e-16	7.51637055294084e-16
9606.ENSP00000358997	9606.ENSP00000433623	IRAK1	TRAF6	9606	0.999	0	0	0	0	0.457	0.9	0.984	IRAK1	TRAF6	0.31969687651995	1.83180004456403e-13	3.6842758520073e-13
9606.ENSP00000359098	9606.ENSP00000497474	COX7A2	COX7B	9606	0.904	0	0	0	0	0.8	0.54	0	COX7A2	COX7B	0.86852014393986	1.93493879175138e-155	1.18392610288065e-153
9606.ENSP00000359098	9606.ENSP00000429707	COX7A2	COX6C	9606	0.905	0	0	0	0	0.8	0.54	0.057	COX7A2	COX6C	0.844536938165866	1.5448693027429e-138	5.39217783778683e-137
9606.ENSP00000359098	9606.ENSP00000367938	COX7A2	COX7A2L	9606	0.912	0	0	0	0	0.162	0.9	0	COX7A2	COX7A2L	0.476294461744311	5.85613351642455e-30	1.84722820268087e-29
9606.ENSP00000359098	9606.ENSP00000457513	COX7A2	COX4I1	9606	0.946	0	0	0	0	0.889	0.54	0	COX7A2	COX4I1	0.807864326805351	1.40529155622845e-117	2.77156239545872e-116
9606.ENSP00000359098	9606.ENSP00000425759	COX7A2	COX7C	9606	0.952	0	0	0	0	0.9	0.54	0	COX7A2	COX7C	0.830826685152987	4.09530859054992e-130	1.13032742810368e-128
9606.ENSP00000359098	9606.ENSP00000466818	COX7A2	COX6B1	9606	0.981	0	0	0	0	0.925	0.54	0.506	COX7A2	COX6B1	0.846056003115839	1.60516351728637e-139	5.78143469683603e-138
9606.ENSP00000359114	9606.ENSP00000362776	COL11A1	COL16A1	9606	0.71	0	0	0	0	0.125	0.54	0.339	COL11A1	COL16A1	0.564874231681281	6.61262832245232e-44	2.74813690143814e-43
9606.ENSP00000359206	9606.ENSP00000384273	BTRC	RELA	9606	0.716	0	0	0	0	0.457	0.5	0	BTRC	RELA	-0.321030332846949	1.43595799978288e-13	2.8967279848649e-13
9606.ENSP00000359206	9606.ENSP00000388107	BTRC	UBA52	9606	0.895	0	0	0	0	0.8	0.5	0	BTRC	UBA52	-0.514523967924743	1.76941591440612e-35	6.25111563221667e-35
9606.ENSP00000359424	9606.ENSP00000380697	CHUK	IRF7	9606	0.847	0	0	0	0	0.292	0	0.793	CHUK	IRF7	-0.407553301914042	1.24952427545811e-21	3.18879850900202e-21
9606.ENSP00000359424	9606.ENSP00000433623	CHUK	TRAF6	9606	0.994	0	0	0	0	0.292	0.54	0.983	CHUK	TRAF6	0.333872362391519	1.2932861369568e-14	2.69675781011501e-14
9606.ENSP00000359663	9606.ENSP00000361359	CD40LG	CD40	9606	0.999	0	0	0	0	0.943	0.9	0.982	CD40LG	CD40	0.45154143631118	9.72124361153383e-27	2.84877874674983e-26
9606.ENSP00000359910	9606.ENSP00000388107	PSMA7	UBA52	9606	0.826	0	0	0	0	0.826	0	0	PSMA7	UBA52	0.665103901694517	8.59719934920605e-66	5.37695528262844e-65
9606.ENSP00000359910	9606.ENSP00000478877	PSMA7	ADRM1	9606	0.835	0	0	0	0	0.659	0.5	0.11	PSMA7	ADRM1	0.678387497134807	2.36095146887745e-69	1.59974543491583e-68
9606.ENSP00000359910	9606.ENSP00000441543	PSMA7	UBC	9606	0.837	0	0	0	0	0.836	0	0	PSMA7	UBC	0.346335906882614	1.11975473107986e-15	2.40960779736825e-15
9606.ENSP00000359910	9606.ENSP00000370222	PSMA7	POMP	9606	0.851	0	0	0	0	0.851	0	0	PSMA7	POMP	0.628697869786979	6.53937878949675e-57	3.49581422973255e-56
9606.ENSP00000359910	9606.ENSP00000481029	PSMA7	PSMC3	9606	0.945	0	0	0	0	0.945	0	0	PSMA7	PSMC3	0.512274767849456	3.91060720112354e-35	1.37154825075317e-34
9606.ENSP00000359910	9606.ENSP00000418695	PSMA7	PSMD6	9606	0.957	0	0	0	0	0.957	0	0	PSMA7	PSMD6	0.491677614966466	4.26457814145218e-32	1.40542894817423e-31
9606.ENSP00000359910	9606.ENSP00000396937	PSMA7	PSMD13	9606	0.958	0	0	0	0	0.955	0	0.093	PSMA7	PSMD13	0.554250269747472	5.23894761976217e-42	2.10490470624701e-41
9606.ENSP00000359910	9606.ENSP00000484998	PSMA7	PSMC6	9606	0.969	0	0	0	0	0.969	0	0	PSMA7	PSMC6	0.476674903515196	5.20043019160044e-30	1.64243686119669e-29
9606.ENSP00000359910	9606.ENSP00000386541	PSMA7	PSMD14	9606	0.97	0	0	0	0	0.965	0	0.165	PSMA7	PSMD14	0.483262984683561	6.49595467159029e-31	2.09391975878587e-30
9606.ENSP00000359910	9606.ENSP00000372155	PSMA7	PSME1	9606	0.976	0	0	0	0	0.964	0	0.359	PSMA7	PSME1	0.510829499098978	6.48939263513374e-35	2.26271064178007e-34
9606.ENSP00000359910	9606.ENSP00000391211	PSMA7	PSMC2	9606	0.985	0	0	0	0	0.984	0	0	PSMA7	PSMC2	0.472786440134697	1.73825714739453e-29	5.41579075033321e-29
9606.ENSP00000359910	9606.ENSP00000363993	PSMA7	PSMB9	9606	0.992	0	0	0	0	0.963	0.72	0.279	PSMA7	PSMB9	0.357919021715836	1.0425605493058e-16	2.31409254792374e-16
9606.ENSP00000359910	9606.ENSP00000364016	PSMA7	PSMB8	9606	0.994	0	0	0	0	0.977	0.72	0.22	PSMA7	PSMB8	0.44336355995848	9.88546449835095e-26	2.81093681158316e-25
9606.ENSP00000359910	9606.ENSP00000414359	PSMA7	PSMA1	9606	0.998	0	0	0	0	0.97	0.9	0.645	PSMA7	PSMA1	0.640142616746147	1.42219535159187e-59	7.92388271317531e-59
9606.ENSP00000359910	9606.ENSP00000362334	PSMA7	PSMB2	9606	0.999	0	0	0	0	0.985	0.9	0.608	PSMA7	PSMB2	0.621584736113363	2.6002817801895e-55	1.3365922085721e-54
9606.ENSP00000359910	9606.ENSP00000483688	PSMA7	PSMB3	9606	0.999	0	0	0	0	0.97	0.9	0.722	PSMA7	PSMB3	0.625714807505595	3.09998538480899e-56	1.63227327908268e-55
9606.ENSP00000360021	9606.ENSP00000367872	GNG12	GNB1	9606	0.892	0	0	0	0	0.769	0.54	0.07	GNG12	GNB1	0.575555008917041	6.93046823777477e-46	2.99161775992683e-45
9606.ENSP00000360242	9606.ENSP00000448165	XIAP	APAF1	9606	0.787	0	0	0	0	0.457	0.5	0.28	XIAP	APAF1	0.528424674765613	1.15142542337863e-37	4.2327282031331e-37
9606.ENSP00000360242	9606.ENSP00000388107	XIAP	UBA52	9606	0.8	0	0	0	0	0.8	0	0	XIAP	UBA52	-0.385292566523733	2.55950423095593e-19	6.13278708983708e-19
9606.ENSP00000360242	9606.ENSP00000477613	XIAP	BIRC2	9606	0.991	0	0	0	0	0.571	0.9	0.81	XIAP	BIRC2	0.474930816062973	8.95226234671757e-30	2.81163044698857e-29
9606.ENSP00000360266	9606.ENSP00000389377	JUN	NFATC1	9606	0.856	0	0	0	0	0.33	0	0.794	JUN	NFATC1	0.35961586841914	7.30253835609612e-17	1.63122678871494e-16
9606.ENSP00000360492	9606.ENSP00000478766	NDUFA1	NDUFC2-KCTD14	9606	0.776	0	0	0	0	0.161	0.744	0	NDUFA1	NDUFC2-KCTD14	0.670674769340288	2.90661567280671e-67	1.87682742458346e-66
9606.ENSP00000360492	9606.ENSP00000430494	NDUFA1	UQCRB	9606	0.8	0	0	0	0	0.8	0	0	NDUFA1	UQCRB	0.812911539601165	3.48333844438295e-120	7.41724708167665e-119
9606.ENSP00000360492	9606.ENSP00000467262	NDUFA1	UQCR11	9606	0.807	0	0	0	0	0.807	0	0	NDUFA1	UQCR11	0.854667702795124	2.64137712860781e-145	1.18187081476958e-143
9606.ENSP00000360492	9606.ENSP00000457513	NDUFA1	COX4I1	9606	0.816	0	0	0	0	0.816	0	0	NDUFA1	COX4I1	0.84946628203193	9.08939057265474e-142	3.56451505970866e-140
9606.ENSP00000360492	9606.ENSP00000466818	NDUFA1	COX6B1	9606	0.818	0	0	0	0	0.818	0	0	NDUFA1	COX6B1	0.888482202257493	2.82825215806188e-172	3.59081964617931e-170
9606.ENSP00000360492	9606.ENSP00000367939	NDUFA1	UQCRQ	9606	0.821	0	0	0	0	0.807	0	0.11	NDUFA1	UQCRQ	0.890861197921034	1.70833563260468e-174	2.31354200271544e-172
9606.ENSP00000360492	9606.ENSP00000497474	NDUFA1	COX7B	9606	0.832	0	0	0	0	0.814	0	0.136	NDUFA1	COX7B	0.898742576120966	3.13458922838237e-182	6.12269669089995e-180
9606.ENSP00000360492	9606.ENSP00000425759	NDUFA1	COX7C	9606	0.841	0	0	0	0	0.807	0	0.208	NDUFA1	COX7C	0.821321324679052	1.0459870327397e-124	2.49978595094991e-123
9606.ENSP00000360492	9606.ENSP00000389160	NDUFA1	NDUFA11	9606	0.992	0	0	0	0	0.825	0.944	0.242	NDUFA1	NDUFA11	0.724307275448042	2.9227589448426e-83	2.61094657895922e-82
9606.ENSP00000360492	9606.ENSP00000441126	NDUFA1	NDUFC1	9606	0.993	0	0	0	0	0.803	0.967	0	NDUFA1	NDUFC1	0.84669025908802	6.19119400448967e-140	2.30344166679859e-138
9606.ENSP00000360492	9606.ENSP00000483888	NDUFA1	NDUFB1	9606	0.994	0	0	0	0	0.93	0.9	0.291	NDUFA1	NDUFB1	0.915853044931822	1.77909810344329e-201	5.82912885053983e-199
9606.ENSP00000360492	9606.ENSP00000458770	NDUFA1	NDUFAB1	9606	0.997	0	0	0	0	0.918	0.967	0.076	NDUFA1	NDUFAB1	0.649038506335105	1.00878397398635e-61	5.93295820716813e-61
9606.ENSP00000360492	9606.ENSP00000419087	NDUFA1	NDUFB2	9606	0.997	0	0	0	0	0.914	0.967	0.091	NDUFA1	NDUFB2	0.757379619949572	3.66349055414326e-95	4.13905156378566e-94
9606.ENSP00000360492	9606.ENSP00000362058	NDUFA1	NDUFS5	9606	0.997	0	0	0	0	0.956	0.9	0.522	NDUFA1	NDUFS5	0.642134182362335	4.76436833644866e-60	2.68544335145999e-59
9606.ENSP00000360492	9606.ENSP00000418438	NDUFA1	NDUFA3	9606	0.997	0	0	0	0	0.907	0.967	0.371	NDUFA1	NDUFA3	0.886045064133742	4.70954217247526e-170	5.43577498248082e-168
9606.ENSP00000360492	9606.ENSP00000497587	NDUFA1	NDUFV1	9606	0.997	0	0	0	0	0.931	0.967	0	NDUFA1	NDUFV1	0.536046368612016	6.58680570065482e-39	2.47877678775661e-38
9606.ENSP00000360492	9606.ENSP00000407336	NDUFA1	NDUFB3	9606	0.997	0	0	0	0	0.906	0.967	0.193	NDUFA1	NDUFB3	0.796868693080488	3.67960763338404e-112	6.41059600896769e-111
9606.ENSP00000360492	9606.ENSP00000423673	NDUFA1	NDUFA13	9606	0.998	0	0	0	0	0.961	0.967	0.251	NDUFA1	NDUFA13	0.819442130548458	1.12331434834326e-123	2.54676424913448e-122
9606.ENSP00000360492	9606.ENSP00000369176	NDUFA1	NDUFB6	9606	0.998	0	0	0	0	0.93	0.967	0.274	NDUFA1	NDUFB6	0.808201534439158	9.46440952156799e-118	1.88121345421851e-116
9606.ENSP00000360492	9606.ENSP00000417142	NDUFA1	NDUFA5	9606	0.998	0	0	0	0	0.928	0.967	0.428	NDUFA1	NDUFA5	0.592121510287675	4.19241654878958e-49	1.92332316558518e-48
9606.ENSP00000360492	9606.ENSP00000482543	NDUFA1	NDUFA6	9606	0.999	0	0	0	0	0.951	0.967	0.554	NDUFA1	NDUFA6	0.709775667007695	1.44785137990459e-78	1.17271343426563e-77
9606.ENSP00000360492	9606.ENSP00000362873	NDUFA1	NDUFA8	9606	0.999	0	0	0	0	0.972	0.967	0.321	NDUFA1	NDUFA8	0.849416525503482	9.81111051239862e-142	3.83274805670895e-140
9606.ENSP00000360609	9606.ENSP00000364801	HSP90AB1	HSPA1B	9606	0.909	0	0	0	0	0.469	0.5	0.685	HSP90AB1	HSPA1B	0.371658532312859	5.48506027788509e-18	1.26992836203508e-17
9606.ENSP00000360609	9606.ENSP00000430684	HSP90AB1	IKBKB	9606	0.943	0	0	0	0	0.658	0	0.84	HSP90AB1	IKBKB	-0.312862062603776	6.26100017507287e-13	1.2343357682107e-12
9606.ENSP00000360609	9606.ENSP00000437125	HSP90AB1	HSPA8	9606	0.997	0	0	0	0	0.717	0.54	0.984	HSP90AB1	HSPA8	0.308303097390484	1.39673423164173e-12	2.71774513233431e-12
9606.ENSP00000360623	9606.ENSP00000480987	ORC1	MCM3	9606	0.775	0	0	0	0	0.386	0.65	0	ORC1	MCM3	0.669078181110036	7.73094247700584e-67	4.94790061367034e-66
9606.ENSP00000360623	9606.ENSP00000393139	ORC1	CDC7	9606	0.799	0	0	0	0	0.616	0.5	0	ORC1	CDC7	0.632135542746821	1.06543298756399e-57	5.75617173121674e-57
9606.ENSP00000360623	9606.ENSP00000405726	ORC1	CDC45	9606	0.8	0	0	0	0	0.617	0.5	0	ORC1	CDC45	0.800014349261013	1.12324104058548e-113	2.03727843736192e-112
9606.ENSP00000360671	9606.ENSP00000428845	SLC25A5	VDAC3	9606	0.944	0	0	0	0	0.143	0.938	0	SLC25A5	VDAC3	0.407831808025523	1.16602075228036e-21	2.97943969331111e-21
9606.ENSP00000360671	9606.ENSP00000370808	SLC25A5	SLC25A6	9606	0.955	0	0	0	0	0.57	0.9	0	SLC25A5	SLC25A6	0.451732533501797	9.20145897636409e-27	2.7003530431358e-26
9606.ENSP00000360671	9606.ENSP00000361635	SLC25A5	VDAC2	9606	0.97	0	0	0	0	0.225	0.938	0.427	SLC25A5	VDAC2	0.451924571339121	8.70680643260713e-27	2.55666472784014e-26
9606.ENSP00000360671	9606.ENSP00000378487	SLC25A5	VDAC1	9606	0.975	0	0	0	0	0.168	0.938	0.559	SLC25A5	VDAC1	0.447513943940978	3.07043599248912e-26	8.85977794764546e-26
9606.ENSP00000360672	9606.ENSP00000363921	PARD6B	PARD3	9606	0.989	0	0	0	0	0.618	0.9	0.747	PARD6B	PARD3	0.391702959115787	5.75993912132226e-20	1.40229390352997e-19
9606.ENSP00000360730	9606.ENSP00000379111	IL13RA1	IL4R	9606	0.999	0	0	0	0	0.946	0.8	0.982	IL13RA1	IL4R	0.481553559082616	1.11927651943544e-30	3.59534838959701e-30
9606.ENSP00000361027	9606.ENSP00000437550	AMOT	LATS1	9606	0.702	0	0	0	0	0.457	0	0.475	AMOT	LATS1	0.390251913390097	8.09628694887797e-20	1.96403120467527e-19
9606.ENSP00000361027	9606.ENSP00000478927	AMOT	YAP1	9606	0.984	0	0	0	0	0.457	0.9	0.743	AMOT	YAP1	0.447244569177415	3.31413483782149e-26	9.55483041378168e-26
9606.ENSP00000361027	9606.ENSP00000494277	AMOT	PATJ	9606	0.998	0	0	0	0	0.457	0.9	0.978	AMOT	PATJ	0.530921259827846	4.54668595326737e-38	1.6823566203037e-37
9606.ENSP00000361043	9606.ENSP00000493712	RAD54L	RAD51	9606	0.732	0	0	0	0	0.34	0	0.61	RAD54L	RAD51	0.490082424391507	7.18828745175471e-32	2.35748904254028e-31
9606.ENSP00000361066	9606.ENSP00000363817	NCOA3	RXRB	9606	0.759	0	0	0	0	0.34	0.65	0	NCOA3	RXRB	-0.31984474845	1.78311128149875e-13	3.58848054015906e-13
9606.ENSP00000361066	9606.ENSP00000379904	NCOA3	THRB	9606	0.808	0	0	0	0	0.476	0.65	0	NCOA3	THRB	0.317264863132276	2.84691917008199e-13	5.68097406886498e-13
9606.ENSP00000361066	9606.ENSP00000385216	NCOA3	NCOA1	9606	0.989	0	0	0	0	0.457	0.9	0.826	NCOA3	NCOA1	0.547421791868628	8.01994342652575e-41	3.1378492058252e-40
9606.ENSP00000361066	9606.ENSP00000399968	NCOA3	NCOA2	9606	0.997	0	0	0	0	0.457	0.9	0.95	NCOA3	NCOA2	0.651690976551071	2.2333766903438e-62	1.32968388299074e-61
9606.ENSP00000361107	9606.ENSP00000363708	BMPR1A	BMPR2	9606	0.998	0	0	0	0	0.457	0.9	0.981	BMPR1A	BMPR2	0.375562649432645	2.31438141364821e-18	5.42640166630306e-18
9606.ENSP00000361202	9606.ENSP00000376345	IRS4	GRB2	9606	0.87	0	0	0	0	0.457	0	0.771	IRS4	GRB2	-0.311767953221953	7.60015136766757e-13	1.49312838377949e-12
9606.ENSP00000361359	9606.ENSP00000362994	CD40	TRAF1	9606	0.779	0	0	0	0	0.457	0	0.611	CD40	TRAF1	0.471492956749091	2.58798587655531e-29	8.02876375936843e-29
9606.ENSP00000361359	9606.ENSP00000433623	CD40	TRAF6	9606	0.999	0	0	0	0	0.618	0.9	0.98	CD40	TRAF6	-0.452196368705193	8.05133612940948e-27	2.3662448225235e-26
9606.ENSP00000361405	9606.ENSP00000362108	MMP9	LCN2	9606	0.992	0	0	0	0	0.422	0	0.987	MMP9	LCN2	0.443691263536291	9.01895469590846e-26	2.56741936228538e-25
9606.ENSP00000361423	9606.ENSP00000495360	ABL1	CTNNB1	9606	0.845	0	0	0	0	0.457	0.5	0.477	ABL1	CTNNB1	0.405544219018175	2.05400016160594e-21	5.20910852470201e-21
9606.ENSP00000361540	9606.ENSP00000378699	CDC20	CDK1	9606	0.972	0	0	0	0	0.563	0.5	0.885	CDC20	CDK1	0.543225564792504	4.1583951708669e-40	1.5998795360036e-39
9606.ENSP00000361540	9606.ENSP00000481380	CDC20	CCNA2	9606	0.997	0	0	0	0	0.972	0.5	0.864	CDC20	CCNA2	0.569724363740722	8.5191793588878e-45	3.59340966562389e-44
9606.ENSP00000361635	9606.ENSP00000378487	VDAC2	VDAC1	9606	0.993	0	0	0	0	0.587	0.967	0.564	VDAC2	VDAC1	0.647289760031904	2.70368342890595e-61	1.5710133059152e-60
9606.ENSP00000361635	9606.ENSP00000428845	VDAC2	VDAC3	9606	0.995	0	0	0	0	0.68	0.967	0.62	VDAC2	VDAC3	0.338706945228684	5.07228712872401e-15	1.07086302985761e-14
9606.ENSP00000361818	9606.ENSP00000408695	SDC4	PRKCA	9606	0.987	0	0	0	0	0.292	0.7	0.946	SDC4	PRKCA	-0.36995833123685	7.95785131122851e-18	1.83532915004877e-17
9606.ENSP00000361892	9606.ENSP00000462099	STK4	RASSF5	9606	0.967	0	0	0	0	0.957	0	0.259	STK4	RASSF5	0.526757551531551	2.13226469258643e-37	7.78203826180393e-37
9606.ENSP00000361892	9606.ENSP00000379364	STK4	MOB1A	9606	0.98	0	0	0	0	0.943	0	0.668	STK4	MOB1A	0.574805213440599	9.59642691083802e-46	4.1353800650565e-45
9606.ENSP00000361930	9606.ENSP00000378040	YWHAB	BAD	9606	0.756	0	0	0	0	0.457	0.5	0.174	YWHAB	BAD	-0.304228466324893	2.82810277469775e-12	5.43211798082545e-12
9606.ENSP00000361930	9606.ENSP00000371267	YWHAB	YWHAQ	9606	0.943	0	0	0	0	0.457	0.9	0	YWHAB	YWHAQ	0.484687195427617	4.11864724185926e-31	1.33353841362973e-30
9606.ENSP00000361930	9606.ENSP00000379287	YWHAB	YWHAZ	9606	0.98	0	0	0	0	0.676	0.9	0.455	YWHAB	YWHAZ	0.358320521493143	9.58512335371156e-17	2.13313097948397e-16
9606.ENSP00000362058	9606.ENSP00000367938	NDUFS5	COX7A2L	9606	0.734	0	0	0	0	0.734	0	0	NDUFS5	COX7A2L	0.321685740002572	1.27344038822398e-13	2.5755344530448e-13
9606.ENSP00000362058	9606.ENSP00000467262	NDUFS5	UQCR11	9606	0.807	0	0	0	0	0.807	0	0	NDUFS5	UQCR11	0.620445926580236	4.64820466037873e-55	2.37398354513636e-54
9606.ENSP00000362058	9606.ENSP00000497474	NDUFS5	COX7B	9606	0.814	0	0	0	0	0.814	0	0	NDUFS5	COX7B	0.563961551434646	9.68738654653692e-44	4.01775357914151e-43
9606.ENSP00000362058	9606.ENSP00000457513	NDUFS5	COX4I1	9606	0.823	0	0	0	0	0.823	0	0	NDUFS5	COX4I1	0.67444918404884	2.80797113997096e-68	1.85801712499577e-67
9606.ENSP00000362058	9606.ENSP00000430494	NDUFS5	UQCRB	9606	0.828	0	0	0	0	0.828	0	0	NDUFS5	UQCRB	0.642119646747283	4.80269048566018e-60	2.70554227747368e-59
9606.ENSP00000362058	9606.ENSP00000425759	NDUFS5	COX7C	9606	0.831	0	0	0	0	0.831	0	0	NDUFS5	COX7C	0.673136878905282	6.35330742932516e-68	4.18214799479298e-67
9606.ENSP00000362058	9606.ENSP00000466818	NDUFS5	COX6B1	9606	0.841	0	0	0	0	0.841	0	0	NDUFS5	COX6B1	0.744790379659084	2.04764107829052e-90	2.1353070258929e-89
9606.ENSP00000362058	9606.ENSP00000367939	NDUFS5	UQCRQ	9606	0.878	0	0	0	0	0.878	0	0	NDUFS5	UQCRQ	0.697531368043637	7.88421384219924e-75	5.94947696844114e-74
9606.ENSP00000362058	9606.ENSP00000441126	NDUFS5	NDUFC1	9606	0.979	0	0	0	0	0.803	0.9	0	NDUFS5	NDUFC1	0.716710087157784	9.06141063904178e-81	7.70181990466505e-80
9606.ENSP00000362058	9606.ENSP00000419087	NDUFS5	NDUFB2	9606	0.98	0	0	0	0	0.8	0.9	0.098	NDUFS5	NDUFB2	0.443502114186574	9.50949598931649e-26	2.70630290735466e-25
9606.ENSP00000362058	9606.ENSP00000458770	NDUFS5	NDUFAB1	9606	0.989	0	0	0	0	0.9	0.9	0	NDUFS5	NDUFAB1	0.559907885198458	5.20666093872515e-43	2.13932261952392e-42
9606.ENSP00000362058	9606.ENSP00000407336	NDUFS5	NDUFB3	9606	0.991	0	0	0	0	0.919	0.9	0	NDUFS5	NDUFB3	0.478707001134896	2.75090419871597e-30	8.73973536013704e-30
9606.ENSP00000362058	9606.ENSP00000483888	NDUFS5	NDUFB1	9606	0.992	0	0	0	0	0.922	0.9	0	NDUFS5	NDUFB1	0.654905211017996	3.52024249899584e-63	2.11944890707177e-62
9606.ENSP00000362058	9606.ENSP00000369176	NDUFS5	NDUFB6	9606	0.994	0	0	0	0	0.951	0.9	0	NDUFS5	NDUFB6	0.561514722900861	2.68075748688e-43	1.10460258800163e-42
9606.ENSP00000362058	9606.ENSP00000389160	NDUFS5	NDUFA11	9606	0.994	0	0	0	0	0.949	0.9	0	NDUFS5	NDUFA11	0.746428431663042	5.12254312599435e-91	5.41975734695048e-90
9606.ENSP00000362058	9606.ENSP00000482543	NDUFS5	NDUFA6	9606	0.994	0	0	0	0	0.951	0.9	0	NDUFS5	NDUFA6	0.459170948150716	1.054630294375e-27	3.16171189491349e-27
9606.ENSP00000362058	9606.ENSP00000418438	NDUFS5	NDUFA3	9606	0.995	0	0	0	0	0.959	0.9	0	NDUFS5	NDUFA3	0.700833188908953	8.09254894973694e-76	6.2316921669809e-75
9606.ENSP00000362058	9606.ENSP00000497587	NDUFS5	NDUFV1	9606	0.996	0	0	0	0	0.951	0.9	0.36	NDUFS5	NDUFV1	0.362714283850745	3.79078568979218e-17	8.55432353948438e-17
9606.ENSP00000362058	9606.ENSP00000392709	NDUFS5	NDUFS1	9606	0.996	0	0	0	0	0.951	0.9	0.334	NDUFS5	NDUFS1	-0.386498836219026	1.9379956356395e-19	4.66119386009718e-19
9606.ENSP00000362058	9606.ENSP00000362873	NDUFS5	NDUFA8	9606	0.996	0	0	0	0	0.95	0.9	0.294	NDUFS5	NDUFA8	0.588534008680371	2.16357493597088e-48	9.81484172606353e-48
9606.ENSP00000362058	9606.ENSP00000423673	NDUFS5	NDUFA13	9606	0.998	0	0	0	0	0.972	0.9	0.461	NDUFS5	NDUFA13	0.773960004696122	7.05699803002504e-102	9.45619115975782e-101
9606.ENSP00000362092	9606.ENSP00000375711	RRAGC	AKT1S1	9606	0.895	0	0	0	0	0.8	0.5	0	RRAGC	AKT1S1	-0.322793148880105	1.03884809034304e-13	2.10652426704217e-13
9606.ENSP00000362092	9606.ENSP00000498382	RRAGC	DEPDC5	9606	0.972	0	0	0	0	0.972	0	0	RRAGC	DEPDC5	0.322855670660234	1.02694890192963e-13	2.08322748090658e-13
9606.ENSP00000362092	9606.ENSP00000424183	RRAGC	LAMTOR3	9606	0.987	0	0	0	0	0.972	0.5	0.145	RRAGC	LAMTOR3	0.411403283185461	4.77520463919224e-22	1.23100897259583e-21
9606.ENSP00000362108	9606.ENSP00000367123	LCN2	SLC3A2	9606	0.9	0	0	0	0	0.9	0	0	LCN2	SLC3A2	0.365623177224555	2.03500224750677e-17	4.61991904960354e-17
9606.ENSP00000362195	9606.ENSP00000431885	CSF3R	TYK2	9606	0.717	0	0	0	0	0.133	0.65	0.143	CSF3R	TYK2	0.351062870262181	4.3003251806267e-16	9.3569843315393e-16
9606.ENSP00000362195	9606.ENSP00000432511	CSF3R	JAK3	9606	0.844	0	0	0	0	0.133	0.8	0.175	CSF3R	JAK3	0.463907415586279	2.58172546504446e-28	7.85577757593066e-28
9606.ENSP00000362195	9606.ENSP00000371067	CSF3R	JAK2	9606	0.942	0	0	0	0	0.133	0.8	0.695	CSF3R	JAK2	0.329178849561975	3.15882558457861e-14	6.50267358381941e-14
9606.ENSP00000362334	9606.ENSP00000388107	PSMB2	UBA52	9606	0.863	0	0	0	0	0.863	0	0	PSMB2	UBA52	0.544089595294933	2.96876779617059e-40	1.14653135002679e-39
9606.ENSP00000362334	9606.ENSP00000478771	PSMB2	UBB	9606	0.871	0	0	0	0	0.871	0	0	PSMB2	UBB	0.30741446815489	1.63056581146045e-12	3.16605944312823e-12
9606.ENSP00000362334	9606.ENSP00000478877	PSMB2	ADRM1	9606	0.882	0	0	0	0	0.762	0.5	0.088	PSMB2	ADRM1	0.626727362177211	1.83140902327583e-56	9.69339314716654e-56
9606.ENSP00000362334	9606.ENSP00000370222	PSMB2	POMP	9606	0.89	0	0	0	0	0.89	0	0	PSMB2	POMP	0.701808565949763	4.10597200426287e-76	3.18111042313485e-75
9606.ENSP00000362334	9606.ENSP00000441543	PSMB2	UBC	9606	0.896	0	0	0	0	0.896	0	0	PSMB2	UBC	0.422242099986396	2.97465165429311e-23	7.93422711466783e-23
9606.ENSP00000362334	9606.ENSP00000372155	PSMB2	PSME1	9606	0.93	0	0	0	0	0.93	0	0	PSMB2	PSME1	0.612204512376703	2.89985291798189e-53	1.43327523542297e-52
9606.ENSP00000362334	9606.ENSP00000484998	PSMB2	PSMC6	9606	0.96	0	0	0	0	0.959	0	0	PSMB2	PSMC6	0.399059191633449	9.98672795979581e-21	2.48676626348728e-20
9606.ENSP00000362334	9606.ENSP00000418695	PSMB2	PSMD6	9606	0.963	0	0	0	0	0.963	0	0	PSMB2	PSMD6	0.506683773967459	2.73745595449219e-34	9.41562483229841e-34
9606.ENSP00000362334	9606.ENSP00000481029	PSMB2	PSMC3	9606	0.965	0	0	0	0	0.965	0	0	PSMB2	PSMC3	0.560379174563419	4.28709115721493e-43	1.762200926096e-42
9606.ENSP00000362334	9606.ENSP00000391211	PSMB2	PSMC2	9606	0.966	0	0	0	0	0.963	0	0.111	PSMB2	PSMC2	0.529281716991575	8.3769214154642e-38	3.08948405290014e-37
9606.ENSP00000362334	9606.ENSP00000396937	PSMB2	PSMD13	9606	0.974	0	0	0	0	0.965	0	0.284	PSMB2	PSMD13	0.677199396958329	5.00324214373798e-69	3.37885175890602e-68
9606.ENSP00000362334	9606.ENSP00000386541	PSMB2	PSMD14	9606	0.983	0	0	0	0	0.982	0	0.081	PSMB2	PSMD14	0.545585179635976	1.65290415982701e-40	6.43979576193439e-40
9606.ENSP00000362334	9606.ENSP00000363993	PSMB2	PSMB9	9606	0.995	0	0	0	0	0.961	0.72	0.604	PSMB2	PSMB9	0.436783119305719	6.10829701220715e-25	1.70607329140283e-24
9606.ENSP00000362334	9606.ENSP00000364016	PSMB2	PSMB8	9606	0.996	0	0	0	0	0.978	0.72	0.527	PSMB2	PSMB8	0.522249647324981	1.10931092552167e-36	3.99832188450094e-36
9606.ENSP00000362334	9606.ENSP00000414359	PSMB2	PSMA1	9606	0.996	0	0	0	0	0.951	0.9	0.372	PSMB2	PSMA1	0.735035491126752	6.33380084418009e-87	6.16801679523847e-86
9606.ENSP00000362334	9606.ENSP00000483688	PSMB2	PSMB3	9606	0.998	0	0	0	0	0.972	0.9	0.55	PSMB2	PSMB3	0.69949628503223	2.04189347026666e-75	1.56053513750929e-74
9606.ENSP00000362413	9606.ENSP00000495530	PGK1	ENO1	9606	0.855	0	0	0	0	0.626	0	0.628	PGK1	ENO1	0.308684005046467	1.30685860185794e-12	2.54628099349149e-12
9606.ENSP00000362592	9606.ENSP00000362674	RBBP4	HDAC8	9606	0.901	0	0	0	0	0.246	0	0.874	RBBP4	HDAC8	0.317344622661024	2.8062246283319e-13	5.6019700373363e-13
9606.ENSP00000362592	9606.ENSP00000430432	RBBP4	HDAC2	9606	0.999	0	0	0	0	0.72	0.9	0.984	RBBP4	HDAC2	0.308690900145915	1.30528498702412e-12	2.54370291888027e-12
9606.ENSP00000362649	9606.ENSP00000362981	HDAC1	TGIF2	9606	0.719	0	0	0	0	0.292	0.5	0.271	HDAC1	TGIF2	0.357730338251216	1.08452144046327e-16	2.40512757004048e-16
9606.ENSP00000362649	9606.ENSP00000495556	HDAC1	TBL1X	9606	0.72	0	0	0	0	0.131	0.5	0.407	HDAC1	TBL1X	-0.527391993857771	1.68723690127906e-37	6.1778173058008e-37
9606.ENSP00000362649	9606.ENSP00000437955	HDAC1	HIF1A	9606	0.912	0	0	0	0	0.457	0	0.845	HDAC1	HIF1A	-0.429665513135164	4.18943422658378e-24	1.14572114807247e-23
9606.ENSP00000362649	9606.ENSP00000478887	HDAC1	MYC	9606	0.928	0	0	0	0	0.457	0	0.874	HDAC1	MYC	-0.378443030638467	1.21530071308244e-18	2.86731924338637e-18
9606.ENSP00000362649	9606.ENSP00000430432	HDAC1	HDAC2	9606	0.999	0	0	0	0	0.673	0.9	0.982	HDAC1	HDAC2	-0.324085234610418	8.1831181432663e-14	1.6659837839478e-13
9606.ENSP00000362680	9606.ENSP00000377941	SRC	ACTN1	9606	0.785	0	0	0	0	0.292	0	0.71	SRC	ACTN1	0.416948061265754	1.16882230519316e-22	3.06446261069875e-22
9606.ENSP00000362680	9606.ENSP00000477713	SRC	LCK	9606	0.867	0	0	0	0	0.422	0.4	0.648	SRC	LCK	0.323804399073448	8.61957351011666e-14	1.75343497180563e-13
9606.ENSP00000362680	9606.ENSP00000428924	SRC	LYN	9606	0.983	0	0	0	0	0.592	0.9	0.629	SRC	LYN	0.341328853382233	3.03218381314788e-15	6.44577040396464e-15
9606.ENSP00000362680	9606.ENSP00000433623	SRC	TRAF6	9606	0.989	0	0	0	0	0.457	0	0.981	SRC	TRAF6	-0.47297437818316	1.64035755847987e-29	5.11704905450861e-29
9606.ENSP00000362680	9606.ENSP00000401303	SRC	SHC1	9606	0.997	0	0	0	0	0.457	0.8	0.982	SRC	SHC1	0.592377188029362	3.72673944637681e-49	1.71278246863571e-48
9606.ENSP00000362768	9606.ENSP00000420616	RBL1	TFDP2	9606	0.945	0	0	0	0	0.679	0.8	0.221	RBL1	TFDP2	0.315515371412918	3.89992861015094e-13	7.73965902565517e-13
9606.ENSP00000362768	9606.ENSP00000398124	RBL1	E2F5	9606	0.989	0	0	0	0	0.931	0.8	0.279	RBL1	E2F5	-0.30591403860883	2.1150971479955e-12	4.08578199547172e-12
9606.ENSP00000362873	9606.ENSP00000425759	NDUFA8	COX7C	9606	0.807	0	0	0	0	0.807	0	0	NDUFA8	COX7C	0.776332477968294	6.93128598402213e-103	9.48801505926049e-102
9606.ENSP00000362873	9606.ENSP00000467262	NDUFA8	UQCR11	9606	0.807	0	0	0	0	0.807	0	0	NDUFA8	UQCR11	0.831517499576044	1.60769107607301e-130	4.49843478227922e-129
9606.ENSP00000362873	9606.ENSP00000497474	NDUFA8	COX7B	9606	0.814	0	0	0	0	0.814	0	0	NDUFA8	COX7B	0.870310913078886	7.80776651291184e-157	5.08355669690036e-155
9606.ENSP00000362873	9606.ENSP00000466818	NDUFA8	COX6B1	9606	0.818	0	0	0	0	0.818	0	0	NDUFA8	COX6B1	0.846430015672375	9.15727148711897e-140	3.35777640774973e-138
9606.ENSP00000362873	9606.ENSP00000478766	NDUFA8	NDUFC2-KCTD14	9606	0.827	0	0	0	0	0.354	0.744	0	NDUFA8	NDUFC2-KCTD14	0.698494632071903	4.0712217943118e-75	3.09516465305576e-74
9606.ENSP00000362873	9606.ENSP00000367939	NDUFA8	UQCRQ	9606	0.857	0	0	0	0	0.857	0	0	NDUFA8	UQCRQ	0.852826338534474	4.89167481774514e-144	2.08759416486712e-142
9606.ENSP00000362873	9606.ENSP00000457513	NDUFA8	COX4I1	9606	0.879	0	0	0	0	0.879	0	0	NDUFA8	COX4I1	0.837669512292844	3.20907485564321e-134	9.93736991120977e-133
9606.ENSP00000362873	9606.ENSP00000430494	NDUFA8	UQCRB	9606	0.933	0	0	0	0	0.933	0	0	NDUFA8	UQCRB	0.717917381800292	3.68789662903914e-81	3.17709635802803e-80
9606.ENSP00000362873	9606.ENSP00000419087	NDUFA8	NDUFB2	9606	0.993	0	0	0	0	0.8	0.967	0	NDUFA8	NDUFB2	0.773130263336893	1.57829727062417e-101	2.10101774282172e-100
9606.ENSP00000362873	9606.ENSP00000441126	NDUFA8	NDUFC1	9606	0.993	0	0	0	0	0.803	0.967	0	NDUFA8	NDUFC1	0.781104073140233	5.96785511856175e-105	8.72165531499737e-104
9606.ENSP00000362873	9606.ENSP00000483888	NDUFA8	NDUFB1	9606	0.997	0	0	0	0	0.975	0.9	0	NDUFA8	NDUFB1	0.84587803500847	2.09545028865582e-139	7.4941861203793e-138
9606.ENSP00000362873	9606.ENSP00000389160	NDUFA8	NDUFA11	9606	0.997	0	0	0	0	0.939	0.944	0.302	NDUFA8	NDUFA11	0.716881719227823	7.97659797988736e-81	6.79683772497617e-80
9606.ENSP00000362873	9606.ENSP00000458770	NDUFA8	NDUFAB1	9606	0.997	0	0	0	0	0.9	0.967	0.265	NDUFA8	NDUFAB1	0.609250428148405	1.23884998864668e-52	6.06701992993457e-52
9606.ENSP00000362873	9606.ENSP00000369176	NDUFA8	NDUFB6	9606	0.998	0	0	0	0	0.949	0.967	0.178	NDUFA8	NDUFB6	0.79078488594201	2.64205464548608e-109	4.30053670419906e-108
9606.ENSP00000362873	9606.ENSP00000482543	NDUFA8	NDUFA6	9606	0.998	0	0	0	0	0.951	0.967	0.193	NDUFA8	NDUFA6	0.668236513092303	1.29161238601137e-66	8.20957885151283e-66
9606.ENSP00000362873	9606.ENSP00000497587	NDUFA8	NDUFV1	9606	0.999	0	0	0	0	0.98	0.967	0.122	NDUFA8	NDUFV1	0.537693645140911	3.51508637382264e-39	1.33169460271975e-38
9606.ENSP00000362873	9606.ENSP00000417142	NDUFA8	NDUFA5	9606	0.999	0	0	0	0	0.954	0.967	0.395	NDUFA8	NDUFA5	0.627992147040791	9.46422761312779e-57	5.04609763078945e-56
9606.ENSP00000362873	9606.ENSP00000418438	NDUFA8	NDUFA3	9606	0.999	0	0	0	0	0.972	0.967	0.834	NDUFA8	NDUFA3	0.826847467355431	8.24324937055293e-128	2.11966288244826e-126
9606.ENSP00000362873	9606.ENSP00000407336	NDUFA8	NDUFB3	9606	0.999	0	0	0	0	0.978	0.967	0.328	NDUFA8	NDUFB3	0.686953726428543	9.44170110734143e-72	6.72506017863022e-71
9606.ENSP00000362873	9606.ENSP00000423673	NDUFA8	NDUFA13	9606	0.999	0	0	0	0	0.987	0.967	0.552	NDUFA8	NDUFA13	0.810501795521167	6.24969929285832e-119	1.27722727801936e-117
9606.ENSP00000362994	9606.ENSP00000365435	TRAF1	TNFRSF1B	9606	0.967	0	0	0	0	0.457	0	0.943	TRAF1	TNFRSF1B	0.495613505449924	1.16218674693899e-32	3.86900386386737e-32
9606.ENSP00000363089	9606.ENSP00000433623	TLR4	TRAF6	9606	0.989	0	0	0	0	0.508	0.5	0.962	TLR4	TRAF6	0.325900043420491	5.84144824233114e-14	1.19571926234094e-13
9606.ENSP00000363089	9606.ENSP00000376445	TLR4	TIRAP	9606	0.99	0	0	0	0	0.457	0	0.984	TLR4	TIRAP	0.343041540178863	2.16096531065137e-15	4.60628009659726e-15
9606.ENSP00000363089	9606.ENSP00000415139	TLR4	TICAM2	9606	0.991	0	0	0	0	0.458	0.5	0.97	TLR4	TICAM2	0.397631999224767	1.40785621814494e-20	3.48600575516777e-20
9606.ENSP00000363089	9606.ENSP00000498321	TLR4	MYD88	9606	0.992	0	0	0	0	0.508	0	0.985	TLR4	MYD88	0.388983401445735	1.0888126227322e-19	2.63436631945948e-19
9606.ENSP00000363089	9606.ENSP00000389600	TLR4	TLR6	9606	0.998	0	0	0	0	0.292	0.9	0.983	TLR4	TLR6	0.564903384748413	6.53233643722329e-44	2.71699185884017e-43
9606.ENSP00000363162	9606.ENSP00000429690	ATP6V1G1	ATP6V0E1	9606	0.94	0	0	0	0	0.869	0.5	0.163	ATP6V1G1	ATP6V0E1	0.355026434320451	1.90354469210133e-16	4.18763340647026e-16
9606.ENSP00000363162	9606.ENSP00000434729	ATP6V1G1	ATP6V0B	9606	0.972	0	0	0	0	0.875	0.72	0.269	ATP6V1G1	ATP6V0B	0.395088732475732	2.58541663054114e-20	6.34761341948425e-20
9606.ENSP00000363162	9606.ENSP00000417378	ATP6V1G1	ATP6V1F	9606	0.996	0	0	0	0	0.953	0.9	0.221	ATP6V1G1	ATP6V1F	0.431043414900496	2.89608339683131e-24	7.95874433485271e-24
9606.ENSP00000363286	9606.ENSP00000368358	POLE3	POLA1	9606	0.952	0	0	0	0	0.333	0.9	0.35	POLE3	POLA1	0.403311138567273	3.55474669749738e-21	8.95475253136926e-21
9606.ENSP00000363318	9606.ENSP00000371067	IL2RG	JAK2	9606	0.922	0	0	0	0	0.292	0.8	0.495	IL2RG	JAK2	0.487946341217973	1.44011847214529e-31	4.70330653427001e-31
9606.ENSP00000363318	9606.ENSP00000432511	IL2RG	JAK3	9606	0.998	0	0	0	0	0.457	0.9	0.982	IL2RG	JAK3	0.696141260088742	2.03690819006864e-74	1.52460401521939e-73
9606.ENSP00000363318	9606.ENSP00000380421	IL2RG	IL15RA	9606	0.998	0	0	0	0	0.893	0.5	0.981	IL2RG	IL15RA	0.692614323544156	2.20949461381468e-73	1.62739933230716e-72
9606.ENSP00000363318	9606.ENSP00000379111	IL2RG	IL4R	9606	0.999	0	0	0	0	0.96	0.9	0.982	IL2RG	IL4R	0.613915894695059	1.24156796361318e-53	6.16655540656192e-53
9606.ENSP00000363318	9606.ENSP00000369293	IL2RG	IL2RA	9606	0.999	0	0	0	0	0.8	0.9	0.978	IL2RG	IL2RA	0.791083331935678	1.9233547178253e-109	3.1458154378344e-108
9606.ENSP00000363322	9606.ENSP00000478771	CDC26	UBB	9606	0.895	0	0	0	0	0.8	0.5	0	CDC26	UBB	0.375665330508206	2.26209132133175e-18	5.30624978077751e-18
9606.ENSP00000363322	9606.ENSP00000437360	CDC26	ANAPC15	9606	0.995	0	0	0	0	0.911	0.9	0.494	CDC26	ANAPC15	0.312793111609298	6.33809771889208e-13	1.24905041774907e-12
9606.ENSP00000363708	9606.ENSP00000405004	BMPR2	ACVR1	9606	0.999	0	0	0	0	0.654	0.9	0.981	BMPR2	ACVR1	0.382814710042433	4.5158354817217e-19	1.07568810947109e-18
9606.ENSP00000363827	9606.ENSP00000480791	HSPG2	FGF1	9606	0.78	0	0	0	0	0.366	0	0.668	HSPG2	FGF1	0.320206647993992	1.66923608392552e-13	3.36064041713212e-13
9606.ENSP00000363827	9606.ENSP00000384169	HSPG2	FBLN2	9606	0.967	0	0	0	0	0.457	0	0.943	HSPG2	FBLN2	0.311178726568309	8.43358488103528e-13	1.65398574312947e-12
9606.ENSP00000363921	9606.ENSP00000495360	PARD3	CTNNB1	9606	0.726	0	0	0	0	0.55	0	0.417	PARD3	CTNNB1	0.458464014103274	1.29869032716495e-27	3.88650490660413e-27
9606.ENSP00000363921	9606.ENSP00000494277	PARD3	PATJ	9606	0.745	0	0	0	0	0.453	0	0.553	PARD3	PATJ	0.591433491175204	5.75229631000548e-49	2.62825342423417e-48
9606.ENSP00000363921	9606.ENSP00000383376	PARD3	JAM2	9606	0.943	0	0	0	0	0.457	0.9	0	PARD3	JAM2	-0.375221807895075	2.49663001084238e-18	5.84696126818677e-18
9606.ENSP00000363970	9606.ENSP00000432412	MAP1LC3A	ATG13	9606	0.816	0	0	0	0	0.549	0	0.609	MAP1LC3A	ATG13	0.301959885429537	4.16886110850946e-12	7.9757246711491e-12
9606.ENSP00000363976	9606.ENSP00000408146	HLA-DMA	HLA-DPB1	9606	0.91	0	0	0	0	0.13	0.9	0.057	HLA-DMA	HLA-DPB1	0.946313358043879	7.46748451310732e-249	6.32060334996926e-246
9606.ENSP00000363976	9606.ENSP00000496848	HLA-DMA	HLA-DOB	9606	0.976	0	0	0	0	0.658	0.9	0.378	HLA-DMA	HLA-DOB	0.849805632737187	5.39381190170132e-142	2.13171001889418e-140
9606.ENSP00000363976	9606.ENSP00000378786	HLA-DMA	HLA-DRA	9606	0.995	0	0	0	0	0.952	0.9	0	HLA-DMA	HLA-DRA	0.944821966668716	6.06698771311173e-246	4.74018416939045e-243
9606.ENSP00000363976	9606.ENSP00000398890	HLA-DMA	HLA-DMB	9606	0.997	0	0	0	0	0.96	0.9	0.52	HLA-DMA	HLA-DMB	0.607514633450923	2.88731502191424e-52	1.40519687003272e-51
9606.ENSP00000363993	9606.ENSP00000370222	PSMB9	POMP	9606	0.735	0	0	0	0	0.735	0	0	PSMB9	POMP	0.341574002120709	2.8890473148495e-15	6.14792658221796e-15
9606.ENSP00000363993	9606.ENSP00000396937	PSMB9	PSMD13	9606	0.739	0	0	0	0	0.739	0	0	PSMB9	PSMD13	0.332177099697547	1.78873254548352e-14	3.71688962039201e-14
9606.ENSP00000363993	9606.ENSP00000372155	PSMB9	PSME1	9606	0.834	0	0	0	0	0.612	0	0.591	PSMB9	PSME1	0.745746375879824	9.13299291688265e-91	9.60287878434545e-90
9606.ENSP00000363993	9606.ENSP00000483688	PSMB9	PSMB3	9606	0.991	0	0	0	0	0.96	0.72	0.273	PSMB9	PSMB3	0.317157336851698	2.90269661871758e-13	5.79000187673105e-13
9606.ENSP00000363993	9606.ENSP00000414359	PSMB9	PSMA1	9606	0.994	0	0	0	0	0.97	0.72	0.349	PSMB9	PSMA1	0.389652785154292	9.31378169350807e-20	2.25668131347714e-19
9606.ENSP00000363993	9606.ENSP00000364016	PSMB9	PSMB8	9606	0.999	0	0	0	0	0.963	0.72	0.985	PSMB9	PSMB8	0.910916340081213	1.57679923826599e-195	4.44876385085213e-193
9606.ENSP00000364016	9606.ENSP00000478877	PSMB8	ADRM1	9606	0.823	0	0	0	0	0.644	0.5	0.088	PSMB8	ADRM1	0.338578454118704	5.20115625548289e-15	1.09692990213745e-14
9606.ENSP00000364016	9606.ENSP00000372155	PSMB8	PSME1	9606	0.832	0	0	0	0	0.503	0	0.676	PSMB8	PSME1	0.763351241956494	1.61819585654268e-97	1.96133834306731e-96
9606.ENSP00000364016	9606.ENSP00000370222	PSMB8	POMP	9606	0.94	0	0	0	0	0.831	0	0.66	PSMB8	POMP	0.401768965716447	5.17926490998895e-21	1.29858784721693e-20
9606.ENSP00000364016	9606.ENSP00000414359	PSMB8	PSMA1	9606	0.993	0	0	0	0	0.962	0.72	0.461	PSMB8	PSMA1	0.482411812609832	8.52054117804932e-31	2.73957381277135e-30
9606.ENSP00000364016	9606.ENSP00000483688	PSMB8	PSMB3	9606	0.995	0	0	0	0	0.985	0.72	0	PSMB8	PSMB3	0.395358945832471	2.42433577179953e-20	5.95645341900528e-20
9606.ENSP00000364032	9606.ENSP00000497910	TAP2	B2M	9606	0.926	0	0	0	0	0.292	0.9	0	TAP2	B2M	0.749603997666847	3.38516178896176e-92	3.6307379398611e-91
9606.ENSP00000364032	9606.ENSP00000379873	TAP2	HLA-A	9606	0.943	0	0	0	0	0.457	0.9	0	TAP2	HLA-A	0.738766205813128	3.05677480557143e-88	3.058882926127e-87
9606.ENSP00000364032	9606.ENSP00000404833	TAP2	TAPBP	9606	0.953	0	0	0	0	0.457	0.9	0.22	TAP2	TAPBP	0.48087765298269	1.38676034676946e-30	4.4377204921668e-30
9606.ENSP00000364076	9606.ENSP00000496848	HLA-DQA2	HLA-DOB	9606	0.708	0	0	0	0	0.33	0.54	0.131	HLA-DQA2	HLA-DOB	0.789445373108739	1.09152385595141e-108	1.74044078569835e-107
9606.ENSP00000364076	9606.ENSP00000396330	HLA-DQA2	HLA-DQB2	9606	0.773	0	0	0	0	0.357	0.54	0.295	HLA-DQA2	HLA-DQB2	0.863107304519272	2.39356155028037e-151	1.30007511583945e-149
9606.ENSP00000364076	9606.ENSP00000364114	HLA-DQA2	HLA-DRB5	9606	0.79	0	0	0	0	0.357	0.54	0.35	HLA-DQA2	HLA-DRB5	0.690110004789299	1.17597198046929e-72	8.54999814289663e-72
9606.ENSP00000364076	9606.ENSP00000408146	HLA-DQA2	HLA-DPB1	9606	0.809	0	0	0	0	0.33	0.54	0.431	HLA-DQA2	HLA-DPB1	0.847873327705441	1.03509571000396e-140	3.93762813726976e-139
9606.ENSP00000364076	9606.ENSP00000364080	HLA-DQA2	HLA-DQB1	9606	0.96	0	0	0	0	0.357	0.54	0.876	HLA-DQA2	HLA-DQB1	0.552025388874291	1.28328935792687e-41	5.10551116665224e-41
9606.ENSP00000364080	9606.ENSP00000379873	HLA-DQB1	HLA-A	9606	0.751	0	0	0	0	0.482	0.54	0	HLA-DQB1	HLA-A	0.718309470698623	2.75133460963166e-81	2.37832388340671e-80
9606.ENSP00000364080	9606.ENSP00000378786	HLA-DQB1	HLA-DRA	9606	0.758	0	0	0	0	0.437	0.54	0.14	HLA-DQB1	HLA-DRA	0.792091320933336	6.55682814623197e-110	1.08288948750046e-108
9606.ENSP00000364114	9606.ENSP00000393566	HLA-DRB5	HLA-DPA1	9606	0.735	0	0	0	0	0.081	0.54	0.425	HLA-DRB5	HLA-DPA1	0.848790189577964	2.56098717506332e-141	9.92822394546493e-140
9606.ENSP00000364114	9606.ENSP00000379873	HLA-DRB5	HLA-A	9606	0.746	0	0	0	0	0.165	0.54	0.393	HLA-DRB5	HLA-A	0.77052205220522	1.93823515200235e-100	2.50148086898194e-99
9606.ENSP00000364114	9606.ENSP00000378786	HLA-DRB5	HLA-DRA	9606	0.995	0	0	0	0	0.966	0.54	0.713	HLA-DRB5	HLA-DRA	0.864989107606413	9.47294883148975e-153	5.34537451563563e-151
9606.ENSP00000364649	9606.ENSP00000364699	SDHB	SDHD	9606	0.999	0	0	0	0	0.781	0.979	0.982	SDHB	SDHD	0.560669607333404	3.80264592623366e-43	1.56370342804677e-42
9606.ENSP00000364683	9606.ENSP00000447297	BAMBI	TGFBR1	9606	0.884	0	0	0	0	0.292	0.5	0.699	BAMBI	TGFBR1	-0.380916507799848	6.95374869636286e-19	1.65060120376157e-18
9606.ENSP00000364801	9606.ENSP00000364802	HSPA1B	HSPA1A	9606	0.975	0	0	0	0	0.9	0.5	0.55	HSPA1B	HSPA1A	0.891681342047248	2.85528058003612e-175	4.08465983822914e-173
9606.ENSP00000365016	9606.ENSP00000499900	IRS2	JAK1	9606	0.717	0	0	0	0	0.292	0.4	0.389	IRS2	JAK1	0.355462223240958	1.73917446672128e-16	3.83184274587592e-16
9606.ENSP00000365016	9606.ENSP00000497069	IRS2	IGF1R	9606	0.964	0	0	0	0	0.268	0.5	0.91	IRS2	IGF1R	0.526205850398704	2.61260059006924e-37	9.52141521109913e-37
9606.ENSP00000365042	9606.ENSP00000473553	CSNK2B	CSNK2A3	9606	0.941	0	0	0	0	0.325	0.9	0.203	CSNK2B	CSNK2A3	-0.575689649710313	6.53645517316917e-46	2.8239376943377e-45
9606.ENSP00000365230	9606.ENSP00000404503	BCL2L1	BBC3	9606	0.993	0	0	0	0	0.701	0.54	0.954	BCL2L1	BBC3	0.577804395346367	2.59733291382022e-46	1.13272264515552e-45
9606.ENSP00000365230	9606.ENSP00000381185	BCL2L1	BCL2	9606	0.999	0	0	0	0	0.69	0.9	0.982	BCL2L1	BCL2	-0.559040593500344	7.43905755912451e-43	3.05163601082503e-42
9606.ENSP00000365243	9606.ENSP00000430494	COX4I2	UQCRB	9606	0.815	0	0	0	0	0.616	0.54	0	COX4I2	UQCRB	0.326530665488909	5.19300636840397e-14	1.06427291533251e-13
9606.ENSP00000365243	9606.ENSP00000429707	COX4I2	COX6C	9606	0.825	0	0	0	0	0.635	0.54	0	COX4I2	COX6C	0.503375710241832	8.51264483972488e-34	2.89367247781411e-33
9606.ENSP00000365243	9606.ENSP00000367939	COX4I2	UQCRQ	9606	0.861	0	0	0	0	0.676	0.54	0.145	COX4I2	UQCRQ	0.447140676800599	3.41314951915574e-26	9.83471196200422e-26
9606.ENSP00000365243	9606.ENSP00000425759	COX4I2	COX7C	9606	0.871	0	0	0	0	0.378	0.744	0.258	COX4I2	COX7C	0.321094252282371	1.41925376430156e-13	2.86359961939033e-13
9606.ENSP00000365243	9606.ENSP00000466818	COX4I2	COX6B1	9606	0.897	0	0	0	0	0.491	0.655	0.459	COX4I2	COX6B1	0.419942397966505	5.4062690572417e-23	1.42961402797199e-22
9606.ENSP00000365272	9606.ENSP00000497806	DLG2	DLG4	9606	0.962	0	0	0	0	0.318	0.4	0.915	DLG2	DLG4	-0.425506743220906	1.26375011744914e-23	3.41108422613098e-23
9606.ENSP00000365402	9606.ENSP00000366024	HLA-C	HLA-G	9606	0.848	0	0	0	0	0.629	0.54	0.183	HLA-C	HLA-G	0.684695954067456	4.12210585071055e-71	2.90549820441825e-70
9606.ENSP00000365402	9606.ENSP00000404833	HLA-C	TAPBP	9606	0.951	0	0	0	0	0.128	0.9	0.488	HLA-C	TAPBP	0.540194143637966	1.34599706802969e-39	5.13379354862093e-39
9606.ENSP00000365402	9606.ENSP00000386559	HLA-C	CD8A	9606	0.959	0	0	0	0	0.483	0.9	0.283	HLA-C	CD8A	0.536262912005486	6.06607275082691e-39	2.28620040557139e-38
9606.ENSP00000365402	9606.ENSP00000365817	HLA-C	HLA-E	9606	0.976	0	0	0	0	0.501	0.9	0.56	HLA-C	HLA-E	0.817326266788169	1.57410590857245e-122	3.48326660422013e-121
9606.ENSP00000365402	9606.ENSP00000379873	HLA-C	HLA-A	9606	0.99	0	0	0	0	0.427	0.9	0.845	HLA-C	HLA-A	0.91248600015281	2.21311834179417e-197	6.81170999927376e-195
9606.ENSP00000365402	9606.ENSP00000399168	HLA-C	HLA-B	9606	0.992	0	0	0	0	0.484	0.9	0.867	HLA-C	HLA-B	0.954062052167949	1.89858043291533e-265	2.14265349523567e-262
9606.ENSP00000365402	9606.ENSP00000497910	HLA-C	B2M	9606	0.999	0	0	0	0	0.971	0.9	0.867	HLA-C	B2M	0.884870754156161	5.31290620608321e-169	5.86556394947687e-167
9606.ENSP00000365435	9606.ENSP00000403495	TNFRSF1B	LTA	9606	0.995	0	0	0	0	0.526	0.5	0.981	TNFRSF1B	LTA	0.623240184008928	1.11289061797889e-55	5.77599898150823e-55
9606.ENSP00000365435	9606.ENSP00000398698	TNFRSF1B	TNF	9606	0.999	0	0	0	0	0.972	0.7	0.982	TNFRSF1B	TNF	0.398251160839681	1.2132423242575e-20	3.01293454461697e-20
9606.ENSP00000365817	9606.ENSP00000408146	HLA-E	HLA-DPB1	9606	0.905	0	0	0	0	0.089	0.9	0	HLA-E	HLA-DPB1	0.780661948182396	9.31828413555813e-105	1.35208302806949e-103
9606.ENSP00000365817	9606.ENSP00000379873	HLA-E	HLA-A	9606	0.952	0	0	0	0	0.217	0.9	0.446	HLA-E	HLA-A	0.830228488687378	9.1715436289036e-130	2.51092637840361e-128
9606.ENSP00000365817	9606.ENSP00000366024	HLA-E	HLA-G	9606	0.954	0	0	0	0	0.592	0.54	0.776	HLA-E	HLA-G	0.56661877367861	3.17654144629543e-44	1.32938324969191e-43
9606.ENSP00000365817	9606.ENSP00000399168	HLA-E	HLA-B	9606	0.973	0	0	0	0	0.448	0.9	0.566	HLA-E	HLA-B	0.845823526452024	2.2735405966919e-139	8.10257959319287e-138
9606.ENSP00000365817	9606.ENSP00000386559	HLA-E	CD8A	9606	0.994	0	0	0	0	0.3	0.9	0.932	HLA-E	CD8A	0.627227350064199	1.41125868921579e-56	7.48910893749466e-56
9606.ENSP00000365817	9606.ENSP00000497910	HLA-E	B2M	9606	0.999	0	0	0	0	0.971	0.9	0.769	HLA-E	B2M	0.781388076695868	4.47993559084243e-105	6.5565858495946e-104
9606.ENSP00000365817	9606.ENSP00000438038	HLA-E	KLRC1	9606	0.999	0	0	0	0	0.937	0.5	0.982	HLA-E	KLRC1	0.570403435854505	6.37690300831015e-45	2.69651140114097e-44
9606.ENSP00000366024	9606.ENSP00000399168	HLA-G	HLA-B	9606	0.838	0	0	0	0	0.421	0.54	0.444	HLA-G	HLA-B	0.728463529582772	1.16709143632554e-84	1.07180359120782e-83
9606.ENSP00000366024	9606.ENSP00000379873	HLA-G	HLA-A	9606	0.853	0	0	0	0	0.476	0.54	0.44	HLA-G	HLA-A	0.66362201437535	2.09080142017087e-65	1.30124203582571e-64
9606.ENSP00000366024	9606.ENSP00000438038	HLA-G	KLRC1	9606	0.988	0	0	0	0	0.549	0	0.975	HLA-G	KLRC1	0.550197540327913	2.6655898338449e-41	1.05347844133707e-40
9606.ENSP00000366024	9606.ENSP00000386559	HLA-G	CD8A	9606	0.993	0	0	0	0	0.457	0.9	0.893	HLA-G	CD8A	0.314343670391884	4.8094671852321e-13	9.51680463674313e-13
9606.ENSP00000366024	9606.ENSP00000497910	HLA-G	B2M	9606	0.998	0	0	0	0	0.973	0.9	0.369	HLA-G	B2M	0.691600743925324	4.35577930240539e-73	3.18743878779046e-72
9606.ENSP00000366475	9606.ENSP00000386710	ATG2A	ATG9A	9606	0.718	0	0	0	0	0.292	0	0.618	ATG2A	ATG9A	0.453459942267519	5.5904131184132e-27	1.6506344780152e-26
9606.ENSP00000366563	9606.ENSP00000419260	PIK3CD	PIK3CG	9606	0.992	0	0	0	0	0.292	0.9	0.906	PIK3CD	PIK3CG	0.318377489922905	2.32799817668803e-13	4.66288256371924e-13
9606.ENSP00000366746	9606.ENSP00000478771	STAM	UBB	9606	0.952	0	0	0	0	0.904	0.5	0.081	STAM	UBB	-0.557273491324288	1.53404480730596e-42	6.2425052515251e-42
9606.ENSP00000366863	9606.ENSP00000379287	TBC1D4	YWHAZ	9606	0.882	0	0	0	0	0.457	0.5	0.602	TBC1D4	YWHAZ	-0.347504719416041	8.85130183309618e-16	1.90997817545694e-15
9606.ENSP00000367545	9606.ENSP00000478927	TP73	YAP1	9606	0.969	0	0	0	0	0.576	0.8	0.671	TP73	YAP1	-0.385574892893016	2.39842879081924e-19	5.75226475285739e-19
9606.ENSP00000367872	9606.ENSP00000371594	GNB1	GNG7	9606	0.984	0	0	0	0	0.769	0.9	0.382	GNB1	GNG7	-0.307257837585001	1.67557489278567e-12	3.25220985782993e-12
9606.ENSP00000367888	9606.ENSP00000368678	LRP4	AGRN	9606	0.997	0	0	0	0	0.743	0.5	0.981	LRP4	AGRN	0.304254649067391	2.81540985059324e-12	5.40876070597229e-12
9606.ENSP00000367938	9606.ENSP00000497474	COX7A2L	COX7B	9606	0.818	0	0	0	0	0.132	0.8	0	COX7A2L	COX7B	0.367880297346505	1.2503418407359e-17	2.85900992263722e-17
9606.ENSP00000367938	9606.ENSP00000367939	COX7A2L	UQCRQ	9606	0.838	0	0	0	0	0.757	0.36	0	COX7A2L	UQCRQ	0.35787094237374	1.05309874859605e-16	2.33646220827656e-16
9606.ENSP00000367938	9606.ENSP00000430494	COX7A2L	UQCRB	9606	0.839	0	0	0	0	0.758	0.36	0	COX7A2L	UQCRB	0.593685486561078	2.03682437361826e-49	9.39937535794667e-49
9606.ENSP00000367938	9606.ENSP00000466818	COX7A2L	COX6B1	9606	0.874	0	0	0	0	0.4	0.8	0	COX7A2L	COX6B1	0.406765583390637	1.51897890297409e-21	3.86673401441298e-21
9606.ENSP00000367938	9606.ENSP00000429707	COX7A2L	COX6C	9606	0.877	0	0	0	0	0.411	0.8	0	COX7A2L	COX6C	0.360979886808557	5.47650003694862e-17	1.22873450133172e-16
9606.ENSP00000367938	9606.ENSP00000457513	COX7A2L	COX4I1	9606	0.927	0	0	0	0	0.653	0.8	0	COX7A2L	COX4I1	0.418727649162432	7.39853941706322e-23	1.95034946429045e-22
9606.ENSP00000367938	9606.ENSP00000425759	COX7A2L	COX7C	9606	0.945	0	0	0	0	0.739	0.8	0	COX7A2L	COX7C	0.596382402215377	5.81149545347968e-50	2.69531321100425e-49
9606.ENSP00000367939	9606.ENSP00000429707	UQCRQ	COX6C	9606	0.753	0	0	0	0	0.486	0.54	0	UQCRQ	COX6C	0.911946412032508	9.67886302137281e-197	2.89141799141422e-194
9606.ENSP00000367939	9606.ENSP00000441126	UQCRQ	NDUFC1	9606	0.8	0	0	0	0	0.8	0	0	UQCRQ	NDUFC1	0.836060717873029	3.08109420320346e-133	9.28625335962537e-132
9606.ENSP00000367939	9606.ENSP00000419087	UQCRQ	NDUFB2	9606	0.8	0	0	0	0	0.8	0	0	UQCRQ	NDUFB2	0.794397918052675	5.46243622293201e-111	9.26243150522879e-110
9606.ENSP00000367939	9606.ENSP00000423673	UQCRQ	NDUFA13	9606	0.823	0	0	0	0	0.823	0	0	UQCRQ	NDUFA13	0.878034822115752	4.28505216581196e-163	3.75200645242691e-161
9606.ENSP00000367939	9606.ENSP00000482543	UQCRQ	NDUFA6	9606	0.83	0	0	0	0	0.83	0	0	UQCRQ	NDUFA6	0.680199696988332	7.45784883201995e-70	5.11474480667297e-69
9606.ENSP00000367939	9606.ENSP00000407336	UQCRQ	NDUFB3	9606	0.83	0	0	0	0	0.83	0	0	UQCRQ	NDUFB3	0.780822585364126	7.92642569309425e-105	1.15176975343002e-103
9606.ENSP00000367939	9606.ENSP00000418438	UQCRQ	NDUFA3	9606	0.83	0	0	0	0	0.83	0	0	UQCRQ	NDUFA3	0.900433739026076	5.66197509792407e-184	1.22358895892797e-181
9606.ENSP00000367939	9606.ENSP00000483888	UQCRQ	NDUFB1	9606	0.83	0	0	0	0	0.83	0	0	UQCRQ	NDUFB1	0.910073833470303	1.50712270485208e-194	4.13725549004935e-192
9606.ENSP00000367939	9606.ENSP00000369176	UQCRQ	NDUFB6	9606	0.847	0	0	0	0	0.83	0	0.139	UQCRQ	NDUFB6	0.831026549859955	3.12599933432828e-130	8.67507520185036e-129
9606.ENSP00000367939	9606.ENSP00000417142	UQCRQ	NDUFA5	9606	0.857	0	0	0	0	0.857	0	0	UQCRQ	NDUFA5	0.523521140933969	6.98434452222994e-37	2.5245547086224e-36
9606.ENSP00000367939	9606.ENSP00000458770	UQCRQ	NDUFAB1	9606	0.861	0	0	0	0	0.861	0	0	UQCRQ	NDUFAB1	0.768596455918884	1.20874679992803e-99	1.53850140938208e-98
9606.ENSP00000367939	9606.ENSP00000497587	UQCRQ	NDUFV1	9606	0.878	0	0	0	0	0.878	0	0	UQCRQ	NDUFV1	0.54217387577267	6.25876862826079e-40	2.39887973423565e-39
9606.ENSP00000367939	9606.ENSP00000497474	UQCRQ	COX7B	9606	0.935	0	0	0	0	0.865	0.54	0	UQCRQ	COX7B	0.871216034646943	1.51339122989119e-157	1.02476764813365e-155
9606.ENSP00000367939	9606.ENSP00000389160	UQCRQ	NDUFA11	9606	0.961	0	0	0	0	0.823	0	0.79	UQCRQ	NDUFA11	0.818082584655981	6.15066200569745e-123	1.37907889606775e-121
9606.ENSP00000367939	9606.ENSP00000485401	UQCRQ	UQCRHL	9606	0.97	0	0	0	0	0.491	0.944	0	UQCRQ	UQCRHL	0.696260526673785	1.87800921966578e-74	1.40774462318416e-73
9606.ENSP00000367939	9606.ENSP00000466818	UQCRQ	COX6B1	9606	0.972	0	0	0	0	0.942	0.54	0	UQCRQ	COX6B1	0.894271756368183	9.12075884348019e-178	1.44749293083169e-175
9606.ENSP00000367939	9606.ENSP00000457513	UQCRQ	COX4I1	9606	0.973	0	0	0	0	0.938	0.54	0.145	UQCRQ	COX4I1	0.890470040792899	3.98962436171189e-174	5.26267722622178e-172
9606.ENSP00000367939	9606.ENSP00000425759	UQCRQ	COX7C	9606	0.976	0	0	0	0	0.951	0.54	0	UQCRQ	COX7C	0.850863191909253	1.05191967993636e-142	4.25671242594169e-141
9606.ENSP00000367939	9606.ENSP00000467262	UQCRQ	UQCR11	9606	0.998	0	0	0	0	0.915	0.967	0.465	UQCRQ	UQCR11	0.920895692053677	6.09692975638531e-208	2.29357464946687e-205
9606.ENSP00000367939	9606.ENSP00000430494	UQCRQ	UQCRB	9606	0.999	0	0	0	0	0.989	0.979	0.96	UQCRQ	UQCRB	0.777461969799464	2.2732446025517e-103	3.15428216231115e-102
9606.ENSP00000368022	9606.ENSP00000478771	OPTN	UBB	9606	0.944	0	0	0	0	0.944	0	0	OPTN	UBB	-0.395844118573348	2.15956091841935e-20	5.31362893613986e-20
9606.ENSP00000368022	9606.ENSP00000374455	OPTN	SQSTM1	9606	0.962	0	0	0	0	0.438	0	0.936	OPTN	SQSTM1	0.353011201741292	2.88497741419828e-16	6.31796369038637e-16
9606.ENSP00000368100	9606.ENSP00000418960	RAD50	BRCA1	9606	0.943	0	0	0	0	0.734	0.54	0.572	RAD50	BRCA1	0.324915255500705	7.01590959589936e-14	1.43237374403115e-13
9606.ENSP00000368100	9606.ENSP00000382628	RAD50	RBBP8	9606	0.972	0	0	0	0	0.734	0.9	0	RAD50	RBBP8	0.53129760180987	3.94977315556928e-38	1.46415496135464e-37
9606.ENSP00000368144	9606.ENSP00000457870	PRR5L	MLST8	9606	0.998	0	0	0	0	0.292	0.9	0.978	PRR5L	MLST8	-0.355373425541312	1.77149381546753e-16	3.90220400861065e-16
9606.ENSP00000368166	9606.ENSP00000381531	DVL1	CSNK1D	9606	0.852	0	0	0	0	0.292	0.8	0	DVL1	CSNK1D	0.314844590049067	4.3976931884371e-13	8.7104855138369e-13
9606.ENSP00000368166	9606.ENSP00000380044	DVL1	CSNK1E	9606	0.886	0	0	0	0	0.457	0.8	0	DVL1	CSNK1E	0.509609159673731	9.93375277895114e-35	3.44829552207132e-34
9606.ENSP00000368215	9606.ENSP00000433623	TAB3	TRAF6	9606	0.995	0	0	0	0	0.509	0.5	0.984	TAB3	TRAF6	0.378700758274585	1.14687565331276e-18	2.70776755246343e-18
9606.ENSP00000368265	9606.ENSP00000398368	CNTFR	LIFR	9606	0.997	0	0	0	0	0.457	0.8	0.982	CNTFR	LIFR	0.438574729022453	3.73499523946665e-25	1.04854468345115e-24
9606.ENSP00000368358	9606.ENSP00000480987	POLA1	MCM3	9606	0.86	0	0	0	0	0.393	0.72	0.245	POLA1	MCM3	0.378808564086222	1.11939229275112e-18	2.64410872499376e-18
9606.ENSP00000368358	9606.ENSP00000420176	POLA1	POLE4	9606	0.968	0	0	0	0	0.56	0.9	0.341	POLA1	POLE4	-0.47317163393358	1.54346958777774e-29	4.82221488866764e-29
9606.ENSP00000368358	9606.ENSP00000484105	POLA1	PRIM2	9606	0.999	0	0	0	0	0.99	0.9	0.975	POLA1	PRIM2	0.41261048465095	3.52274791944562e-22	9.11606385167111e-22
9606.ENSP00000368458	9606.ENSP00000388107	PCNA	UBA52	9606	0.956	0	0	0	0	0.915	0.5	0	PCNA	UBA52	0.392291465171362	5.01461103483506e-20	1.2225973183106e-19
9606.ENSP00000368458	9606.ENSP00000472445	PCNA	POLD1	9606	0.983	0	0	0	0	0.916	0.72	0.35	PCNA	POLD1	0.421070026257284	4.03574515279292e-23	1.07278365655372e-22
9606.ENSP00000368458	9606.ENSP00000369411	PCNA	RFC3	9606	0.99	0	0	0	0	0.973	0.5	0.35	PCNA	RFC3	0.478520460741726	2.9170271544268e-30	9.26172079009472e-30
9606.ENSP00000368458	9606.ENSP00000376272	PCNA	RFC4	9606	0.993	0	0	0	0	0.98	0.5	0.351	PCNA	RFC4	0.644219390883188	1.50288452310954e-60	8.58054980394805e-60
9606.ENSP00000368458	9606.ENSP00000384849	PCNA	CDKN1A	9606	0.996	0	0	0	0	0.966	0.9	0	PCNA	CDKN1A	0.422735006419897	2.61555643415048e-23	6.9892677457686e-23
9606.ENSP00000368678	9606.ENSP00000442600	AGRN	DAG1	9606	0.998	0	0	0	0	0.308	0.9	0.982	AGRN	DAG1	0.543379679582865	3.91609210985338e-40	1.50894338238925e-39
9606.ENSP00000368686	9606.ENSP00000420616	E2F4	TFDP2	9606	0.996	0	0	0	0	0.965	0.8	0.534	E2F4	TFDP2	-0.345214055567047	1.40195521604644e-15	3.00731977389308e-15
9606.ENSP00000369176	9606.ENSP00000430494	NDUFB6	UQCRB	9606	0.804	0	0	0	0	0.804	0	0	NDUFB6	UQCRB	0.714436474703371	4.86323100503909e-80	4.06884986146475e-79
9606.ENSP00000369176	9606.ENSP00000467262	NDUFB6	UQCR11	9606	0.807	0	0	0	0	0.807	0	0	NDUFB6	UQCR11	0.804791907762205	4.97067700719257e-116	9.43685352561774e-115
9606.ENSP00000369176	9606.ENSP00000425759	NDUFB6	COX7C	9606	0.807	0	0	0	0	0.807	0	0	NDUFB6	COX7C	0.800673949382516	5.36153250322892e-114	9.77685558981976e-113
9606.ENSP00000369176	9606.ENSP00000497474	NDUFB6	COX7B	9606	0.814	0	0	0	0	0.814	0	0	NDUFB6	COX7B	0.79057486493991	3.30245336166124e-109	5.34976376306113e-108
9606.ENSP00000369176	9606.ENSP00000466818	NDUFB6	COX6B1	9606	0.82	0	0	0	0	0.82	0	0	NDUFB6	COX6B1	0.72741156103188	2.65195732014474e-84	2.42229590833724e-83
9606.ENSP00000369176	9606.ENSP00000457513	NDUFB6	COX4I1	9606	0.82	0	0	0	0	0.82	0	0	NDUFB6	COX4I1	0.785185785659311	9.2824589640108e-107	1.40092029268139e-105
9606.ENSP00000369176	9606.ENSP00000478766	NDUFB6	NDUFC2-KCTD14	9606	0.823	0	0	0	0	0.339	0.744	0	NDUFB6	NDUFC2-KCTD14	0.783252176149292	6.74725074459904e-106	1.00339422859286e-104
9606.ENSP00000369176	9606.ENSP00000419087	NDUFB6	NDUFB2	9606	0.993	0	0	0	0	0.8	0.967	0	NDUFB6	NDUFB2	0.812181031767773	8.39487034132939e-120	1.7617086375389e-118
9606.ENSP00000369176	9606.ENSP00000441126	NDUFB6	NDUFC1	9606	0.993	0	0	0	0	0.803	0.967	0	NDUFB6	NDUFC1	0.806201117006111	9.7623635596286e-117	1.89229631059442e-115
9606.ENSP00000369176	9606.ENSP00000483888	NDUFB6	NDUFB1	9606	0.995	0	0	0	0	0.861	0.9	0.705	NDUFB6	NDUFB1	0.808110686845082	1.05287718319357e-117	2.08868624017521e-116
9606.ENSP00000369176	9606.ENSP00000418438	NDUFB6	NDUFA3	9606	0.996	0	0	0	0	0.861	0.967	0.198	NDUFB6	NDUFA3	0.725596938575845	1.08279360819465e-83	9.77594193638495e-83
9606.ENSP00000369176	9606.ENSP00000417142	NDUFB6	NDUFA5	9606	0.996	0	0	0	0	0.866	0.967	0.354	NDUFB6	NDUFA5	0.681183273606864	3.97614608896483e-70	2.75107056032805e-69
9606.ENSP00000369176	9606.ENSP00000389160	NDUFB6	NDUFA11	9606	0.997	0	0	0	0	0.949	0.944	0	NDUFB6	NDUFA11	0.665811394804076	5.61446509294224e-66	3.52884418001326e-65
9606.ENSP00000369176	9606.ENSP00000497587	NDUFB6	NDUFV1	9606	0.998	0	0	0	0	0.89	0.967	0.619	NDUFB6	NDUFV1	0.536658355276521	5.21823884598893e-39	1.97032163415277e-38
9606.ENSP00000369176	9606.ENSP00000423673	NDUFB6	NDUFA13	9606	0.998	0	0	0	0	0.88	0.967	0.588	NDUFB6	NDUFA13	0.762689126055463	2.97548300804878e-97	3.58080342568145e-96
9606.ENSP00000369176	9606.ENSP00000458770	NDUFB6	NDUFAB1	9606	0.998	0	0	0	0	0.951	0.967	0.226	NDUFB6	NDUFAB1	0.759996682898103	3.47031462382601e-96	4.03295030139597e-95
9606.ENSP00000369176	9606.ENSP00000407336	NDUFB6	NDUFB3	9606	0.998	0	0	0	0	0.922	0.967	0.395	NDUFB6	NDUFB3	0.818049879522114	6.40632556766714e-123	1.43323896014967e-121
9606.ENSP00000369176	9606.ENSP00000482543	NDUFB6	NDUFA6	9606	0.999	0	0	0	0	0.951	0.967	0.838	NDUFB6	NDUFA6	0.672147525311537	1.17255157764265e-67	7.65398867231133e-67
9606.ENSP00000369375	9606.ENSP00000428340	TEK	ANGPT1	9606	0.999	0	0	0	0	0.667	0.9	0.982	TEK	ANGPT1	0.44344928281648	9.6511579318939e-26	2.74584905081923e-25
9606.ENSP00000369411	9606.ENSP00000371469	RFC3	RAD1	9606	0.818	0	0	0	0	0.641	0.5	0.067	RFC3	RAD1	0.371543458693695	5.62535670590883e-18	1.30211367506645e-17
9606.ENSP00000369411	9606.ENSP00000371321	RFC3	RFC1	9606	0.999	0	0	0	0	0.99	0.9	0.628	RFC3	RFC1	0.42239136957174	2.86105236101238e-23	7.63925048128358e-23
9606.ENSP00000369411	9606.ENSP00000376272	RFC3	RFC4	9606	0.999	0	0	0	0	0.991	0.9	0.987	RFC3	RFC4	0.327132402681262	4.64030886103369e-14	9.52153880838771e-14
9606.ENSP00000369497	9606.ENSP00000481380	BRCA2	CCNA2	9606	0.728	0	0	0	0	0.292	0	0.632	BRCA2	CCNA2	0.305508718573721	2.26852064991013e-12	4.37799054553243e-12
9606.ENSP00000369497	9606.ENSP00000419881	BRCA2	RAD51B	9606	0.767	0	0	0	0	0.367	0.5	0.323	BRCA2	RAD51B	0.400914532447033	6.37477678509009e-21	1.59400807006795e-20
9606.ENSP00000369497	9606.ENSP00000418960	BRCA2	BRCA1	9606	0.998	0	0	0	0	0.642	0.8	0.985	BRCA2	BRCA1	0.391745634190748	5.70240429971676e-20	1.38861952702525e-19
9606.ENSP00000369497	9606.ENSP00000493712	BRCA2	RAD51	9606	0.999	0	0	0	0	0.796	0.9	0.984	BRCA2	RAD51	0.691002361105676	6.49407652586532e-73	4.73852983284584e-72
9606.ENSP00000369497	9606.ENSP00000481021	BRCA2	SEM1	9606	0.999	0	0	0	0	0.618	0.9	0.982	BRCA2	SEM1	-0.376084999804328	2.06020106027452e-18	4.83490345868953e-18
9606.ENSP00000369757	9606.ENSP00000388107	RPS6	UBA52	9606	0.976	0	0	0	0	0.947	0.54	0.116	RPS6	UBA52	0.76507976884645	3.26845642909727e-98	4.03374385787862e-97
9606.ENSP00000370034	9606.ENSP00000498321	TLR7	MYD88	9606	0.998	0	0	0	0	0.14	0.9	0.985	TLR7	MYD88	0.457260819249627	1.84880093089783e-27	5.51329156051944e-27
9606.ENSP00000370222	9606.ENSP00000414359	POMP	PSMA1	9606	0.867	0	0	0	0	0.867	0	0	POMP	PSMA1	0.757505036217907	3.27448224986598e-95	3.71193261293402e-94
9606.ENSP00000370222	9606.ENSP00000483688	POMP	PSMB3	9606	0.89	0	0	0	0	0.89	0	0	POMP	PSMB3	0.749791469830213	2.87982985436363e-92	3.09528379161602e-91
9606.ENSP00000370698	9606.ENSP00000489597	IL6ST	PTPN11	9606	0.867	0	0	0	0	0.457	0.5	0.552	IL6ST	PTPN11	0.64444832682026	1.32334667180855e-60	7.56400233289785e-60
9606.ENSP00000370698	9606.ENSP00000371067	IL6ST	JAK2	9606	0.967	0	0	0	0	0.292	0.8	0.788	IL6ST	JAK2	0.478478344728883	2.95588577648028e-30	9.38216619740943e-30
9606.ENSP00000370698	9606.ENSP00000499900	IL6ST	JAK1	9606	0.992	0	0	0	0	0.691	0.9	0.783	IL6ST	JAK1	0.616581689224823	3.27786095844382e-54	1.64411030888464e-53
9606.ENSP00000370808	9606.ENSP00000378487	SLC25A6	VDAC1	9606	0.991	0	0	0	0	0.33	0.938	0.809	SLC25A6	VDAC1	0.346434581346333	1.0977881147445e-15	2.36283828808219e-15
9606.ENSP00000370978	9606.ENSP00000499900	CRLF2	JAK1	9606	0.781	0	0	0	0	0.098	0.65	0.363	CRLF2	JAK1	0.34365558110511	1.9128659975566e-15	4.08772984161212e-15
9606.ENSP00000371067	9606.ENSP00000472929	JAK2	VAV1	9606	0.736	0	0	0	0	0.457	0.5	0.107	JAK2	VAV1	0.437189557465063	5.46472414827694e-25	1.52822695963791e-24
9606.ENSP00000371067	9606.ENSP00000428056	JAK2	PIK3R1	9606	0.773	0	0	0	0	0.457	0.4	0.362	JAK2	PIK3R1	0.427339907903834	7.78246794223303e-24	2.11354349971286e-23
9606.ENSP00000371067	9606.ENSP00000428924	JAK2	LYN	9606	0.907	0	0	0	0	0.292	0.8	0.4	JAK2	LYN	0.441569809154828	1.63045436873359e-25	4.61424492148985e-25
9606.ENSP00000371067	9606.ENSP00000489597	JAK2	PTPN11	9606	0.946	0	0	0	0	0.457	0.5	0.82	JAK2	PTPN11	0.425475622096371	1.27416138774056e-23	3.43827237387909e-23
9606.ENSP00000371067	9606.ENSP00000379111	JAK2	IL4R	9606	0.958	0	0	0	0	0.292	0.9	0.467	JAK2	IL4R	0.351971532556982	3.57108194468801e-16	7.79528891300154e-16
9606.ENSP00000371067	9606.ENSP00000384053	JAK2	CSF2RB	9606	0.968	0	0	0	0	0.457	0.9	0.46	JAK2	CSF2RB	0.645662330208176	6.72806732493115e-61	3.87178355916859e-60
9606.ENSP00000371067	9606.ENSP00000483403	JAK2	GHR	9606	0.996	0	0	0	0	0.457	0.9	0.934	JAK2	GHR	0.317375743785559	2.79050112443843e-13	5.57167680772973e-13
9606.ENSP00000371067	9606.ENSP00000499900	JAK2	JAK1	9606	0.998	0	0	0	0	0.457	0.9	0.98	JAK2	JAK1	0.510208287909536	8.06167120235695e-35	2.80515225770262e-34
9606.ENSP00000371267	9606.ENSP00000378040	YWHAQ	BAD	9606	0.716	0	0	0	0	0.457	0.5	0	YWHAQ	BAD	-0.345250767312756	1.3917015214799e-15	2.98714269962737e-15
9606.ENSP00000371267	9606.ENSP00000478927	YWHAQ	YAP1	9606	0.943	0	0	0	0	0.457	0.9	0	YWHAQ	YAP1	0.406513353198674	1.61681230318541e-21	4.11062892702233e-21
9606.ENSP00000371267	9606.ENSP00000379287	YWHAQ	YWHAZ	9606	0.976	0	0	0	0	0.506	0.9	0.56	YWHAQ	YWHAZ	0.497636471721706	5.91857993280874e-33	1.98072541606387e-32
9606.ENSP00000372035	9606.ENSP00000379366	LATS2	MOB1B	9606	0.969	0	0	0	0	0.671	0.7	0.715	LATS2	MOB1B	0.362480875416734	3.98371053141509e-17	8.98169763986305e-17
9606.ENSP00000372035	9606.ENSP00000437550	LATS2	LATS1	9606	0.978	0	0	0	0	0.611	0.9	0.498	LATS2	LATS1	0.446626619183657	3.94776476334112e-26	1.13461931808873e-25
9606.ENSP00000372155	9606.ENSP00000483688	PSME1	PSMB3	9606	0.915	0	0	0	0	0.914	0	0	PSME1	PSMB3	0.619529810123869	7.40402489722697e-55	3.76578271813392e-54
9606.ENSP00000372155	9606.ENSP00000414359	PSME1	PSMA1	9606	0.97	0	0	0	0	0.964	0	0.172	PSME1	PSMA1	0.551580002720769	1.53412856037795e-41	6.08915349267636e-41
9606.ENSP00000373312	9606.ENSP00000483814	SEC13	NPRL3	9606	0.934	0	0	0	0	0.371	0.9	0	SEC13	NPRL3	0.363207469815304	3.41285942709585e-17	7.7100563169512e-17
9606.ENSP00000373706	9606.ENSP00000400175	DIAPH1	RHOA	9606	0.968	0	0	0	0	0.576	0.8	0.656	DIAPH1	RHOA	0.432637114643141	1.88553422179224e-24	5.20276313250306e-24
9606.ENSP00000374309	9606.ENSP00000379350	LAMA1	ITGB1	9606	0.827	0	0	0	0	0.292	0.65	0.361	LAMA1	ITGB1	0.443862243367194	8.59710003427867e-26	2.45076466596038e-25
9606.ENSP00000374455	9606.ENSP00000430684	SQSTM1	IKBKB	9606	0.73	0	0	0	0	0.483	0.5	0	SQSTM1	IKBKB	-0.501624634513141	1.54420479030023e-33	5.23165045199447e-33
9606.ENSP00000374455	9606.ENSP00000378487	SQSTM1	VDAC1	9606	0.977	0	0	0	0	0.457	0.8	0.813	SQSTM1	VDAC1	0.572468986029038	2.63144618004345e-45	1.12112411286499e-44
9606.ENSP00000374455	9606.ENSP00000498476	SQSTM1	MAP1LC3B	9606	0.997	0	0	0	0	0.696	0.5	0.983	SQSTM1	MAP1LC3B	0.447582615404397	3.0111978015109e-26	8.69131459788185e-26
9606.ENSP00000374455	9606.ENSP00000433623	SQSTM1	TRAF6	9606	0.998	0	0	0	0	0.457	0.9	0.982	SQSTM1	TRAF6	-0.37354024222298	3.62405771972786e-18	8.44255831634768e-18
9606.ENSP00000375711	9606.ENSP00000457870	AKT1S1	MLST8	9606	0.999	0	0	0	0	0.9	0.8	0.984	AKT1S1	MLST8	0.555903043720521	2.68108917703532e-42	1.08666491504979e-41
9606.ENSP00000375821	9606.ENSP00000389168	PPP1R12B	PPP1R12A	9606	0.86	0	0	0	0	0.33	0.8	0	PPP1R12B	PPP1R12A	0.50483160117254	5.17465694540171e-34	1.7690673374098e-33
9606.ENSP00000375873	9606.ENSP00000379287	ATG16L1	YWHAZ	9606	0.855	0	0	0	0	0.054	0	0.854	ATG16L1	YWHAZ	0.384036074414895	3.4155244661033e-19	8.15694380489329e-19
9606.ENSP00000376345	9606.ENSP00000497733	GRB2	CDC42	9606	0.784	0	0	0	0	0.198	0.4	0.589	GRB2	CDC42	0.407308059998546	1.3279203288239e-21	3.38546354916275e-21
9606.ENSP00000376345	9606.ENSP00000391592	GRB2	PTPN6	9606	0.844	0	0	0	0	0.457	0.5	0.474	GRB2	PTPN6	0.411599048103568	4.54574270693914e-22	1.17304646022309e-21
9606.ENSP00000376345	9606.ENSP00000477713	GRB2	LCK	9606	0.964	0	0	0	0	0.292	0.4	0.922	GRB2	LCK	0.340042730981173	3.90506401313067e-15	8.27016997109429e-15
9606.ENSP00000376345	9606.ENSP00000483570	GRB2	BTK	9606	0.979	0	0	0	0	0.361	0.4	0.951	GRB2	BTK	0.416714186946645	1.24096889598763e-22	3.25110164471147e-22
9606.ENSP00000376345	9606.ENSP00000472929	GRB2	VAV1	9606	0.999	0	0	0	0	0.731	0.9	0.982	GRB2	VAV1	0.397415455831297	1.48293789093298e-20	3.66923268165806e-20
9606.ENSP00000376445	9606.ENSP00000496577	TIRAP	SOCS1	9606	0.858	0	0	0	0	0.42	0	0.766	TIRAP	SOCS1	-0.359065937649666	8.19763364625095e-17	1.82835671815922e-16
9606.ENSP00000376445	9606.ENSP00000433623	TIRAP	TRAF6	9606	0.98	0	0	0	0	0.457	0	0.965	TIRAP	TRAF6	0.512077139390958	4.19164072554411e-35	1.46808602928799e-34
9606.ENSP00000376500	9606.ENSP00000471896	TRAF3	IRF3	9606	0.716	0	0	0	0	0.457	0.5	0	TRAF3	IRF3	-0.420544041981838	4.62605315279688e-23	1.22680997057331e-22
9606.ENSP00000376765	9606.ENSP00000384273	PIAS3	RELA	9606	0.72	0	0	0	0	0.595	0	0.339	PIAS3	RELA	0.430367788331628	3.47156009595198e-24	9.51704072728319e-24
9606.ENSP00000377941	9606.ENSP00000385450	ACTN1	MAGI1	9606	0.912	0	0	0	0	0.162	0.9	0	ACTN1	MAGI1	-0.388756142695015	1.14800936165548e-19	2.77626930627018e-19
9606.ENSP00000377941	9606.ENSP00000379350	ACTN1	ITGB1	9606	0.948	0	0	0	0	0.292	0.9	0.335	ACTN1	ITGB1	0.567816377911083	1.91542002391877e-44	8.04587311122537e-44
9606.ENSP00000378306	9606.ENSP00000378323	PPP3CB	PPP3CA	9606	0.994	0	0	0	0	0.61	0.9	0.866	PPP3CB	PPP3CA	0.424654639376981	1.58157456243556e-23	4.25537823328689e-23
9606.ENSP00000378323	9606.ENSP00000419081	PPP3CA	CALML4	9606	0.947	0	0	0	0	0.05	0.65	0.853	PPP3CA	CALML4	-0.313782744734101	5.3154337201865e-13	1.05016262003373e-12
9606.ENSP00000378350	9606.ENSP00000481380	CDC23	CCNA2	9606	0.895	0	0	0	0	0.8	0.5	0	CDC23	CCNA2	-0.351279040947573	4.11458551387022e-16	8.96051566560459e-16
9606.ENSP00000378350	9606.ENSP00000378529	CDC23	FZR1	9606	0.996	0	0	0	0	0.98	0.8	0.262	CDC23	FZR1	-0.422700530922657	2.63921617905658e-23	7.05063617324505e-23
9606.ENSP00000378350	9606.ENSP00000478501	CDC23	ANAPC10	9606	0.999	0	0	0	0	0.971	0.9	0.896	CDC23	ANAPC10	0.318689912469508	2.19977181098947e-13	4.41126994752617e-13
9606.ENSP00000378529	9606.ENSP00000434614	FZR1	CDC27	9606	0.998	0	0	0	0	0.981	0.8	0.524	FZR1	CDC27	-0.326297722939996	5.4238655620317e-14	1.11136176141933e-13
9606.ENSP00000378699	9606.ENSP00000481380	CDK1	CCNA2	9606	0.999	0	0	0	0	0.592	0.9	0.984	CDK1	CCNA2	0.6217954093546	2.33474182849178e-55	1.20192461996913e-54
9606.ENSP00000378786	9606.ENSP00000396330	HLA-DRA	HLA-DQB2	9606	0.849	0	0	0	0	0.376	0.54	0.517	HLA-DRA	HLA-DQB2	0.835815196426475	4.34192307311612e-133	1.29328189600119e-131
9606.ENSP00000378786	9606.ENSP00000495530	HLA-DRA	ENO1	9606	0.9	0	0	0	0	0.9	0	0	HLA-DRA	ENO1	0.403877282138152	3.09447451385921e-21	7.80689956216295e-21
9606.ENSP00000378786	9606.ENSP00000408146	HLA-DRA	HLA-DPB1	9606	0.933	0	0	0	0	0.362	0.9	0	HLA-DRA	HLA-DPB1	0.968251514592453	5.12273199113518e-305	2.601579441698e-301
9606.ENSP00000378786	9606.ENSP00000496848	HLA-DRA	HLA-DOB	9606	0.933	0	0	0	0	0.362	0.9	0	HLA-DRA	HLA-DOB	0.875072351955692	1.2086399751333e-160	9.44319709802228e-159
9606.ENSP00000378786	9606.ENSP00000398890	HLA-DRA	HLA-DMB	9606	0.996	0	0	0	0	0.958	0.9	0.254	HLA-DRA	HLA-DMB	0.569389765063463	9.82357939746945e-45	4.13673697927435e-44
9606.ENSP00000378845	9606.ENSP00000384675	LAT	SOS1	9606	0.751	0	0	0	0	0.226	0.4	0.507	LAT	SOS1	-0.338139683533571	5.66590792839883e-15	1.19321225023319e-14
9606.ENSP00000378845	9606.ENSP00000477713	LAT	LCK	9606	0.866	0	0	0	0	0.457	0.5	0.548	LAT	LCK	0.638243855441445	4.00422993848776e-59	2.21278364990317e-58
9606.ENSP00000378845	9606.ENSP00000472929	LAT	VAV1	9606	0.942	0	0	0	0	0.457	0.5	0.806	LAT	VAV1	0.559549619558229	6.03428418898638e-43	2.47837543499938e-42
9606.ENSP00000378974	9606.ENSP00000407586	MAPK8	HRAS	9606	0.731	0	0	0	0	0.457	0	0.525	MAPK8	HRAS	-0.300318013167776	5.50897941958725e-12	1.04823349503087e-11
9606.ENSP00000378974	9606.ENSP00000418915	MAPK8	CDKN2A	9606	0.744	0	0	0	0	0.292	0	0.654	MAPK8	CDKN2A	-0.537737345163088	3.45684665284377e-39	1.31011908406471e-38
9606.ENSP00000378974	9606.ENSP00000394560	MAPK8	MAPK9	9606	0.986	0	0	0	0	0.734	0.9	0.542	MAPK8	MAPK9	0.332247727878378	1.76479665180472e-14	3.6679025153224e-14
9606.ENSP00000379110	9606.ENSP00000427279	CXCL1	CXCL2	9606	0.983	0	0	0	0	0.61	0.9	0.608	CXCL1	CXCL2	0.772966260812014	1.84972338848372e-101	2.455900713311e-100
9606.ENSP00000379111	9606.ENSP00000432511	IL4R	JAK3	9606	0.973	0	0	0	0	0.292	0.9	0.657	IL4R	JAK3	0.558614215458813	8.86199797372248e-43	3.62656379609586e-42
9606.ENSP00000379111	9606.ENSP00000499900	IL4R	JAK1	9606	0.998	0	0	0	0	0.457	0.9	0.971	IL4R	JAK1	0.460879907866563	6.36324204852008e-28	1.916709652634e-27
9606.ENSP00000379140	9606.ENSP00000474412	CXCL12	CCL5	9606	0.764	0	0	0	0	0.734	0	0.152	CXCL12	CCL5	0.465187201950009	1.75841510632994e-28	5.37311138236858e-28
9606.ENSP00000379140	9606.ENSP00000427279	CXCL12	CXCL2	9606	0.847	0	0	0	0	0.734	0	0.449	CXCL12	CXCL2	0.301542545558904	4.47569075818331e-12	8.55146558142737e-12
9606.ENSP00000379287	9606.ENSP00000380948	YWHAZ	ITGB2	9606	0.743	0	0	0	0	0.292	0	0.653	YWHAZ	ITGB2	0.356078216517304	1.5303890564185e-16	3.37843113367588e-16
9606.ENSP00000379287	9606.ENSP00000495360	YWHAZ	CTNNB1	9606	0.98	0	0	0	0	0.457	0.8	0.832	YWHAZ	CTNNB1	0.318147994923716	2.42682437268267e-13	4.85795332150923e-13
9606.ENSP00000379330	9606.ENSP00000389377	NFATC2	NFATC1	9606	0.973	0	0	0	0	0.166	0.9	0.708	NFATC2	NFATC1	0.380325299610706	7.94988974090861e-19	1.8852913868412e-18
9606.ENSP00000379350	9606.ENSP00000497069	ITGB1	IGF1R	9606	0.746	0	0	0	0	0.361	0	0.619	ITGB1	IGF1R	0.401331406432569	5.76090876531963e-21	1.44228618016642e-20
9606.ENSP00000379350	9606.ENSP00000420213	ITGB1	FLNB	9606	0.9	0	0	0	0	0.416	0.65	0.554	ITGB1	FLNB	0.431595768272479	2.49647706541661e-24	6.87173917437303e-24
9606.ENSP00000379350	9606.ENSP00000452786	ITGB1	ITGB3	9606	0.984	0	0	0	0	0.226	0.9	0.819	ITGB1	ITGB3	0.521191156382719	1.6280760306273e-36	5.85358167896691e-36
9606.ENSP00000379350	9606.ENSP00000386896	ITGB1	ITGA6	9606	0.999	0	0	0	0	0.959	0.9	0.983	ITGB1	ITGA6	0.462412017599275	4.03560064313468e-28	1.22283996814794e-27
9606.ENSP00000379350	9606.ENSP00000380227	ITGB1	ITGA4	9606	0.999	0	0	0	0	0.457	0.9	0.983	ITGB1	ITGA4	0.47903619554502	2.4802659960679e-30	7.8873079906267e-30
9606.ENSP00000379364	9606.ENSP00000429744	MOB1A	STK3	9606	0.943	0	0	0	0	0.943	0	0.044	MOB1A	STK3	0.496023950221109	1.01385226386974e-32	3.37850966014598e-32
9606.ENSP00000379364	9606.ENSP00000379366	MOB1A	MOB1B	9606	0.965	0	0	0	0	0.671	0.9	0	MOB1A	MOB1B	0.408159138895256	1.07489423571236e-21	2.74866584897543e-21
9606.ENSP00000379364	9606.ENSP00000437550	MOB1A	LATS1	9606	0.997	0	0	0	0	0.943	0.7	0.872	MOB1A	LATS1	0.599102891655625	1.62036607139129e-50	7.60187445132627e-50
9606.ENSP00000379366	9606.ENSP00000437550	MOB1B	LATS1	9606	0.998	0	0	0	0	0.943	0.7	0.936	MOB1B	LATS1	0.445995344876102	4.71856849541421e-26	1.35118410510071e-25
9606.ENSP00000379612	9606.ENSP00000499786	TAX1BP1	ITCH	9606	0.896	0	0	0	0	0.361	0	0.845	TAX1BP1	ITCH	0.627790977855549	1.05141585096665e-56	5.60001615011448e-56
9606.ENSP00000379612	9606.ENSP00000411256	TAX1BP1	GABARAPL1	9606	0.965	0	0	0	0	0.424	0.9	0.454	TAX1BP1	GABARAPL1	0.332799335834204	1.5883574637182e-14	3.30660929677921e-14
9606.ENSP00000379873	9606.ENSP00000393566	HLA-A	HLA-DPA1	9606	0.913	0	0	0	0	0.168	0.9	0	HLA-A	HLA-DPA1	0.806204098670736	9.72866410930488e-117	1.88936981564454e-115
9606.ENSP00000379873	9606.ENSP00000399168	HLA-A	HLA-B	9606	0.986	0	0	0	0	0.316	0.9	0.82	HLA-A	HLA-B	0.932831388728935	3.90062438692888e-225	1.98093209490183e-222
9606.ENSP00000379873	9606.ENSP00000404833	HLA-A	TAPBP	9606	0.994	0	0	0	0	0.946	0.9	0	HLA-A	TAPBP	0.621580263616424	2.60623262706358e-55	1.33897343414693e-54
9606.ENSP00000379873	9606.ENSP00000386559	HLA-A	CD8A	9606	0.998	0	0	0	0	0.97	0.9	0.618	HLA-A	CD8A	0.514545398639243	1.75604619277466e-35	6.20604077244684e-35
9606.ENSP00000379873	9606.ENSP00000497910	HLA-A	B2M	9606	0.999	0	0	0	0	0.971	0.9	0.974	HLA-A	B2M	0.880655518968046	2.57306815417512e-165	2.44249095719221e-163
9606.ENSP00000379904	9606.ENSP00000399968	THRB	NCOA2	9606	0.983	0	0	0	0	0.945	0.65	0.229	THRB	NCOA2	0.344805940221351	1.52106047395887e-15	3.26143365716703e-15
9606.ENSP00000379975	9606.ENSP00000451828	ILK	AKT1	9606	0.799	0	0	0	0	0.457	0	0.645	ILK	AKT1	0.334847832609348	1.07214109049726e-14	2.24207063129106e-14
9606.ENSP00000379975	9606.ENSP00000384515	ILK	PARVB	9606	0.999	0	0	0	0	0.738	0.9	0.987	ILK	PARVB	0.313451779960605	5.63803515621384e-13	1.11281622778204e-12
9606.ENSP00000380044	9606.ENSP00000381531	CSNK1E	CSNK1D	9606	0.975	0	0	0	0	0.642	0.9	0.383	CSNK1E	CSNK1D	0.331323970906407	2.10425369359334e-14	4.36003769192729e-14
9606.ENSP00000380070	9606.ENSP00000496166	GAPDH	ALDOA	9606	0.853	0	0	0	0	0.31	0	0.797	GAPDH	ALDOA	0.739700678142348	1.41902170604853e-88	1.42986145519196e-87
9606.ENSP00000380070	9606.ENSP00000495530	GAPDH	ENO1	9606	0.902	0	0	0	0	0.647	0	0.736	GAPDH	ENO1	0.479496117313595	2.14574567446395e-30	6.84065876193671e-30
9606.ENSP00000380150	9606.ENSP00000433623	CARD11	TRAF6	9606	0.86	0	0	0	0	0.292	0.5	0.637	CARD11	TRAF6	-0.339062322381306	4.73196315181921e-15	1.00046939494229e-14
9606.ENSP00000380150	9606.ENSP00000498104	CARD11	BCL10	9606	0.999	0	0	0	0	0.618	0.9	0.982	CARD11	BCL10	0.449042699300986	1.98788666164216e-26	5.76884709208555e-26
9606.ENSP00000380150	9606.ENSP00000497997	CARD11	MALT1	9606	0.999	0	0	0	0	0.621	0.9	0.982	CARD11	MALT1	0.422675373127375	2.65661461987875e-23	7.095249722353e-23
9606.ENSP00000380697	9606.ENSP00000433623	IRF7	TRAF6	9606	0.989	0	0	0	0	0.457	0.5	0.965	IRF7	TRAF6	-0.372495821010672	4.56288800486777e-18	1.06004696855997e-17
9606.ENSP00000380697	9606.ENSP00000498321	IRF7	MYD88	9606	0.994	0	0	0	0	0.483	0.5	0.982	IRF7	MYD88	0.320149530480998	1.68672298204203e-13	3.39517346979804e-13
9606.ENSP00000380697	9606.ENSP00000471896	IRF7	IRF3	9606	0.998	0	0	0	0	0.457	0.9	0.981	IRF7	IRF3	0.640912911166893	9.32555606598288e-60	5.21871476375692e-59
9606.ENSP00000380948	9606.ENSP00000453508	ITGB2	TLN2	9606	0.939	0	0	0	0	0.292	0	0.918	ITGB2	TLN2	-0.324103590483272	8.15535725777084e-14	1.66066486902924e-13
9606.ENSP00000380948	9606.ENSP00000454623	ITGB2	ITGAX	9606	0.999	0	0	0	0	0.967	0.9	0.982	ITGB2	ITGAX	0.847821987167661	1.11899361148294e-140	4.24090228053443e-139
9606.ENSP00000380948	9606.ENSP00000496959	ITGB2	ITGAM	9606	0.999	0	0	0	0	0.926	0.9	0.982	ITGB2	ITGAM	0.927081062143481	1.73928954833658e-216	7.68085388802378e-214
9606.ENSP00000381034	9606.ENSP00000478121	SOCS6	ELOC	9606	0.953	0	0	0	0	0.623	0.5	0.772	SOCS6	ELOC	-0.350002515779528	5.33759067155579e-16	1.15891210882839e-15
9606.ENSP00000381070	9606.ENSP00000481780	MAP2K7	MAPK8IP3	9606	0.986	0	0	0	0	0.457	0.9	0.763	MAP2K7	MAPK8IP3	0.358194452985671	9.84158816800482e-17	2.18972641889211e-16
9606.ENSP00000381185	9606.ENSP00000384273	BCL2	RELA	9606	0.758	0	0	0	0	0.292	0	0.673	BCL2	RELA	-0.534202395394819	1.32496205439589e-38	4.96042741854002e-38
9606.ENSP00000381185	9606.ENSP00000404503	BCL2	BBC3	9606	0.997	0	0	0	0	0.727	0.5	0.98	BCL2	BBC3	-0.488670606191054	1.13845683636889e-31	3.72289313811938e-31
9606.ENSP00000381775	9606.ENSP00000465500	TNFSF11	TNFRSF11A	9606	0.998	0	0	0	0	0.766	0.7	0.982	TNFSF11	TNFRSF11A	0.379844917300458	8.86169576886737e-19	2.0980942639717e-18
9606.ENSP00000382423	9606.ENSP00000410402	MAP3K1	MAP2K4	9606	0.72	0	0	0	0	0.463	0	0.5	MAP3K1	MAP2K4	0.305116722852409	2.42722833136037e-12	4.67628189712202e-12
9606.ENSP00000382697	9606.ENSP00000400175	ROCK1	RHOA	9606	0.998	0	0	0	0	0.72	0.9	0.958	ROCK1	RHOA	0.309597419369266	1.11376011828286e-12	2.17547336949981e-12
9606.ENSP00000383382	9606.ENSP00000428924	GP1BB	LYN	9606	0.926	0	0	0	0	0.292	0.9	0	GP1BB	LYN	-0.360797073496169	5.69229294460224e-17	1.27658687212022e-16
9606.ENSP00000384053	9606.ENSP00000391592	CSF2RB	PTPN6	9606	0.716	0	0	0	0	0.457	0.5	0	CSF2RB	PTPN6	0.509256577831696	1.12304876779396e-34	3.89310796398745e-34
9606.ENSP00000384053	9606.ENSP00000499900	CSF2RB	JAK1	9606	0.819	0	0	0	0	0.457	0.65	0.125	CSF2RB	JAK1	0.377940061086854	1.36061361519371e-18	3.20569531188181e-18
9606.ENSP00000384053	9606.ENSP00000394227	CSF2RB	CSF2RA	9606	0.999	0	0	0	0	0.9	0.9	0.912	CSF2RB	CSF2RA	0.829850562696021	1.52390138125784e-129	4.13857388487589e-128
9606.ENSP00000384169	9606.ENSP00000387356	FBLN2	ACAN	9606	0.798	0	0	0	0	0.292	0	0.727	FBLN2	ACAN	0.325619580591599	6.15473423671099e-14	1.25908631706493e-13
9606.ENSP00000384211	9606.ENSP00000483688	PSME4	PSMB3	9606	0.946	0	0	0	0	0.945	0	0	PSME4	PSMB3	-0.32918201758064	3.15693843616496e-14	6.50010616179353e-14
9606.ENSP00000384273	9606.ENSP00000418915	RELA	CDKN2A	9606	0.718	0	0	0	0	0.292	0	0.619	RELA	CDKN2A	0.423603136711187	2.08418075031318e-23	5.58844347437459e-23
9606.ENSP00000384273	9606.ENSP00000437955	RELA	HIF1A	9606	0.974	0	0	0	0	0.292	0	0.966	RELA	HIF1A	0.338258856941595	5.53579261652333e-15	1.16605237673222e-14
9606.ENSP00000384675	9606.ENSP00000428056	SOS1	PIK3R1	9606	0.824	0	0	0	0	0.613	0.5	0.165	SOS1	PIK3R1	0.392675727200049	4.58012471341906e-20	1.1182770844759e-19
9606.ENSP00000384675	9606.ENSP00000489597	SOS1	PTPN11	9606	0.99	0	0	0	0	0.734	0	0.967	SOS1	PTPN11	0.605035286137309	9.58225230560752e-52	4.60828298617687e-51
9606.ENSP00000384675	9606.ENSP00000407586	SOS1	HRAS	9606	0.997	0	0	0	0	0.96	0.54	0.884	SOS1	HRAS	-0.683715452290571	7.78535936412933e-71	5.45351000423874e-70
9606.ENSP00000384849	9606.ENSP00000405726	CDKN1A	CDC45	9606	0.708	0	0	0	0	0.708	0	0	CDKN1A	CDC45	0.365684674057468	2.00827674208038e-17	4.56128507811057e-17
9606.ENSP00000385216	9606.ENSP00000437955	NCOA1	HIF1A	9606	0.763	0	0	0	0	0.342	0	0.654	NCOA1	HIF1A	0.403016978716505	3.81991290023868e-21	9.60605479765393e-21
9606.ENSP00000385216	9606.ENSP00000399968	NCOA1	NCOA2	9606	0.992	0	0	0	0	0.457	0.9	0.88	NCOA1	NCOA2	0.533885407174258	1.49345912928833e-38	5.5809655541507e-38
9606.ENSP00000386380	9606.ENSP00000498321	IL1R1	MYD88	9606	0.994	0	0	0	0	0.457	0.5	0.982	IL1R1	MYD88	0.656045231852378	1.81810152805561e-63	1.10643841944043e-62
9606.ENSP00000386541	9606.ENSP00000440485	PSMD14	PSMD9	9606	0.899	0	0	0	0	0.657	0.72	0	PSMD14	PSMD9	0.385647011906159	2.3589104864503e-19	5.66149664718236e-19
9606.ENSP00000386541	9606.ENSP00000414359	PSMD14	PSMA1	9606	0.982	0	0	0	0	0.979	0	0.168	PSMD14	PSMA1	0.655738399926949	2.17256808551597e-63	1.3197831366379e-62
9606.ENSP00000386541	9606.ENSP00000483688	PSMD14	PSMB3	9606	0.986	0	0	0	0	0.981	0	0.285	PSMD14	PSMB3	0.352559852258518	3.16526212014027e-16	6.92281812107336e-16
9606.ENSP00000386541	9606.ENSP00000478877	PSMD14	ADRM1	9606	0.993	0	0	0	0	0.805	0.54	0.937	PSMD14	ADRM1	0.334707694371922	1.10146321255855e-14	2.3014939004232e-14
9606.ENSP00000386541	9606.ENSP00000484998	PSMD14	PSMC6	9606	0.996	0	0	0	0	0.979	0.72	0.481	PSMD14	PSMC6	0.413227596051531	3.01397925712763e-22	7.80545316538636e-22
9606.ENSP00000386541	9606.ENSP00000391211	PSMD14	PSMC2	9606	0.997	0	0	0	0	0.983	0.72	0.504	PSMD14	PSMC2	0.734650483681908	8.6346544439016e-87	8.39255360638359e-86
9606.ENSP00000386541	9606.ENSP00000396937	PSMD14	PSMD13	9606	0.999	0	0	0	0	0.99	0.72	0.985	PSMD14	PSMD13	0.377202471799975	1.60513857461166e-18	3.775681450285e-18
9606.ENSP00000386541	9606.ENSP00000418695	PSMD14	PSMD6	9606	0.999	0	0	0	0	0.969	0.72	0.97	PSMD14	PSMD6	0.52267220510871	9.51421265338428e-37	3.4304528903239e-36
9606.ENSP00000386559	9606.ENSP00000399168	CD8A	HLA-B	9606	0.958	0	0	0	0	0.483	0.9	0.254	CD8A	HLA-B	0.544306045511383	2.72801842371782e-40	1.05515929663754e-39
9606.ENSP00000386559	9606.ENSP00000497910	CD8A	B2M	9606	0.985	0	0	0	0	0.957	0.5	0.357	CD8A	B2M	0.554060374981598	5.65674499249878e-42	2.27097070706759e-41
9606.ENSP00000386559	9606.ENSP00000477713	CD8A	LCK	9606	0.999	0	0	0	0	0.9	0.9	0.982	CD8A	LCK	0.767845076433109	2.4571329743191e-99	3.09641434493289e-98
9606.ENSP00000388107	9606.ENSP00000481029	UBA52	PSMC3	9606	0.835	0	0	0	0	0.835	0	0	UBA52	PSMC3	0.562393382195362	1.86182882277047e-43	7.69036004590472e-43
9606.ENSP00000388107	9606.ENSP00000396937	UBA52	PSMD13	9606	0.835	0	0	0	0	0.835	0	0	UBA52	PSMD13	0.594814512507151	1.20659954725153e-49	5.57825744261893e-49
9606.ENSP00000388107	9606.ENSP00000418695	UBA52	PSMD6	9606	0.835	0	0	0	0	0.835	0	0	UBA52	PSMD6	0.34855529031164	7.15906768312116e-16	1.54810837678224e-15
9606.ENSP00000388107	9606.ENSP00000483688	UBA52	PSMB3	9606	0.835	0	0	0	0	0.835	0	0	UBA52	PSMB3	0.644171963780229	1.54299981833668e-60	8.80463435665484e-60
9606.ENSP00000388107	9606.ENSP00000433623	UBA52	TRAF6	9606	0.851	0	0	0	0	0.715	0.5	0	UBA52	TRAF6	-0.533740796439892	1.5772225121047e-38	5.88965038803214e-38
9606.ENSP00000388107	9606.ENSP00000414359	UBA52	PSMA1	9606	0.864	0	0	0	0	0.864	0	0	UBA52	PSMA1	0.575775558922352	6.29674936248791e-46	2.72269405171518e-45
9606.ENSP00000388107	9606.ENSP00000484998	UBA52	PSMC6	9606	0.887	0	0	0	0	0.887	0	0	UBA52	PSMC6	0.426874861399183	8.80341565111809e-24	2.38379879414573e-23
9606.ENSP00000388107	9606.ENSP00000481380	UBA52	CCNA2	9606	0.895	0	0	0	0	0.8	0.5	0	UBA52	CCNA2	0.368890708946671	1.00413319695735e-17	2.30746173789498e-17
9606.ENSP00000388107	9606.ENSP00000392025	UBA52	CYLD	9606	0.957	0	0	0	0	0.918	0.5	0	UBA52	CYLD	-0.311818200453586	7.53293008556725e-13	1.48020837452325e-12
9606.ENSP00000388107	9606.ENSP00000499786	UBA52	ITCH	9606	0.962	0	0	0	0	0.928	0.5	0	UBA52	ITCH	-0.371792614044013	5.32592900333665e-18	1.23392930855133e-17
9606.ENSP00000388107	9606.ENSP00000478877	UBA52	ADRM1	9606	0.975	0	0	0	0	0.975	0	0	UBA52	ADRM1	0.578520740272785	1.89711294538984e-46	8.28773169304285e-46
9606.ENSP00000388107	9606.ENSP00000441543	UBA52	UBC	9606	0.996	0	0	0	0	0.969	0.9	0	UBA52	UBC	0.324859349288966	7.08911636817982e-14	1.44702883745182e-13
9606.ENSP00000389160	9606.ENSP00000478766	NDUFA11	NDUFC2-KCTD14	9606	0.744	0	0	0	0	0.199	0.693	0	NDUFA11	NDUFC2-KCTD14	0.624679144933127	5.30005908467212e-56	2.77631253857734e-55
9606.ENSP00000389160	9606.ENSP00000457513	NDUFA11	COX4I1	9606	0.807	0	0	0	0	0.807	0	0	NDUFA11	COX4I1	0.837687402280601	3.12893031340129e-134	9.71882116000518e-133
9606.ENSP00000389160	9606.ENSP00000466818	NDUFA11	COX6B1	9606	0.808	0	0	0	0	0.808	0	0	NDUFA11	COX6B1	0.843692847545624	5.37978673516197e-138	1.87131828318631e-136
9606.ENSP00000389160	9606.ENSP00000425759	NDUFA11	COX7C	9606	0.81	0	0	0	0	0.803	0	0.078	NDUFA11	COX7C	0.756351597892708	9.17054193014945e-95	1.02809265325086e-93
9606.ENSP00000389160	9606.ENSP00000467262	NDUFA11	UQCR11	9606	0.851	0	0	0	0	0.803	0	0.276	NDUFA11	UQCR11	0.826159634597	2.03400718529199e-127	5.20388185919665e-126
9606.ENSP00000389160	9606.ENSP00000497474	NDUFA11	COX7B	9606	0.852	0	0	0	0	0.807	0	0.268	NDUFA11	COX7B	0.669358550761908	6.51357093758e-67	4.17402776107256e-66
9606.ENSP00000389160	9606.ENSP00000430494	NDUFA11	UQCRB	9606	0.948	0	0	0	0	0.923	0	0.356	NDUFA11	UQCRB	0.657195222627853	9.30866248484341e-64	5.6819762535189e-63
9606.ENSP00000389160	9606.ENSP00000483888	NDUFA11	NDUFB1	9606	0.987	0	0	0	0	0.844	0.9	0.235	NDUFA11	NDUFB1	0.733128996129426	2.92274339023522e-86	2.80323934037952e-85
9606.ENSP00000389160	9606.ENSP00000441126	NDUFA11	NDUFC1	9606	0.988	0	0	0	0	0.801	0.944	0	NDUFA11	NDUFC1	0.768842815958614	9.57335350906964e-100	1.22156471848769e-98
9606.ENSP00000389160	9606.ENSP00000419087	NDUFA11	NDUFB2	9606	0.988	0	0	0	0	0.8	0.944	0	NDUFA11	NDUFB2	0.615557114717683	5.47697422499067e-54	2.73902645018367e-53
9606.ENSP00000389160	9606.ENSP00000418438	NDUFA11	NDUFA3	9606	0.992	0	0	0	0	0.844	0.944	0.176	NDUFA11	NDUFA3	0.830898058749974	3.71891412284196e-130	1.02923735001923e-128
9606.ENSP00000389160	9606.ENSP00000423673	NDUFA11	NDUFA13	9606	0.993	0	0	0	0	0.825	0.944	0.374	NDUFA11	NDUFA13	0.880755032024941	2.11382331144099e-165	2.02548145040624e-163
9606.ENSP00000389160	9606.ENSP00000458770	NDUFA11	NDUFAB1	9606	0.997	0	0	0	0	0.961	0.944	0	NDUFA11	NDUFAB1	0.622767152491647	1.41903666843284e-55	7.34615465916022e-55
9606.ENSP00000389160	9606.ENSP00000392709	NDUFA11	NDUFS1	9606	0.997	0	0	0	0	0.949	0.944	0.049	NDUFA11	NDUFS1	-0.395989288369831	2.08603063430263e-20	5.13643955214831e-20
9606.ENSP00000389160	9606.ENSP00000417142	NDUFA11	NDUFA5	9606	0.997	0	0	0	0	0.949	0.944	0	NDUFA11	NDUFA5	0.359069105668331	8.19218045215122e-17	1.82754177141445e-16
9606.ENSP00000389160	9606.ENSP00000482543	NDUFA11	NDUFA6	9606	0.998	0	0	0	0	0.949	0.944	0.516	NDUFA11	NDUFA6	0.563027451813504	1.43020448785794e-43	5.909921474033e-43
9606.ENSP00000389160	9606.ENSP00000407336	NDUFA11	NDUFB3	9606	0.998	0	0	0	0	0.949	0.944	0.508	NDUFA11	NDUFB3	0.512962880138946	3.07006593067832e-35	1.08010598052995e-34
9606.ENSP00000389160	9606.ENSP00000497587	NDUFA11	NDUFV1	9606	0.998	0	0	0	0	0.949	0.944	0.373	NDUFA11	NDUFV1	0.537246861332096	4.16925494247935e-39	1.57717402051258e-38
9606.ENSP00000391090	9606.ENSP00000493712	CHEK1	RAD51	9606	0.903	0	0	0	0	0.457	0	0.829	CHEK1	RAD51	0.63056886433985	2.44277477259173e-57	1.31415589858126e-56
9606.ENSP00000391211	9606.ENSP00000478771	PSMC2	UBB	9606	0.866	0	0	0	0	0.866	0	0	PSMC2	UBB	0.319026374687158	2.06941335514053e-13	4.15395878422182e-13
9606.ENSP00000391211	9606.ENSP00000440485	PSMC2	PSMD9	9606	0.886	0	0	0	0	0.611	0.72	0	PSMC2	PSMD9	0.432483186206819	1.96552648319428e-24	5.41906962263961e-24
9606.ENSP00000391211	9606.ENSP00000478877	PSMC2	ADRM1	9606	0.946	0	0	0	0	0.833	0.54	0.353	PSMC2	ADRM1	0.39653605112064	1.83058439577633e-20	4.51730945284262e-20
9606.ENSP00000391211	9606.ENSP00000483688	PSMC2	PSMB3	9606	0.975	0	0	0	0	0.954	0	0.484	PSMC2	PSMB3	0.429442913235423	4.44620996522463e-24	1.21463568092487e-23
9606.ENSP00000391211	9606.ENSP00000414359	PSMC2	PSMA1	9606	0.986	0	0	0	0	0.981	0	0.302	PSMC2	PSMA1	0.644015985449476	1.68258232546711e-60	9.57959006713533e-60
9606.ENSP00000391211	9606.ENSP00000418695	PSMC2	PSMD6	9606	0.991	0	0	0	0	0.967	0.72	0.105	PSMC2	PSMD6	0.583136170759933	2.45984011688227e-47	1.09293946050626e-46
9606.ENSP00000391211	9606.ENSP00000484998	PSMC2	PSMC6	9606	0.994	0	0	0	0	0.979	0.72	0.109	PSMC2	PSMC6	0.423674696662213	2.04546776180417e-23	5.48608821141932e-23
9606.ENSP00000391211	9606.ENSP00000396937	PSMC2	PSMD13	9606	0.994	0	0	0	0	0.98	0.72	0	PSMC2	PSMD13	0.381493925790094	6.09984117836636e-19	1.45096222128026e-18
9606.ENSP00000391211	9606.ENSP00000481029	PSMC2	PSMC3	9606	0.997	0	0	0	0	0.979	0.72	0.649	PSMC2	PSMC3	0.301999392485832	4.14090410116054e-12	7.92373077533678e-12
9606.ENSP00000391592	9606.ENSP00000477713	PTPN6	LCK	9606	0.755	0	0	0	0	0.457	0.5	0.171	PTPN6	LCK	0.627113301392251	1.4977564002497e-56	7.94397480800846e-56
9606.ENSP00000391592	9606.ENSP00000438038	PTPN6	KLRC1	9606	0.9	0	0	0	0	0.9	0	0	PTPN6	KLRC1	0.397575100592539	1.42721358178685e-20	3.53307539610262e-20
9606.ENSP00000391592	9606.ENSP00000489597	PTPN6	PTPN11	9606	0.947	0	0	0	0	0.079	0.9	0.474	PTPN6	PTPN11	-0.527676742829562	1.51871782298585e-37	5.57082590396073e-37
9606.ENSP00000392025	9606.ENSP00000499786	CYLD	ITCH	9606	0.84	0	0	0	0	0.292	0	0.784	CYLD	ITCH	0.529132913291329	8.85317918519626e-38	3.2627627352699e-37
9606.ENSP00000392025	9606.ENSP00000433623	CYLD	TRAF6	9606	0.951	0	0	0	0	0.457	0.5	0.835	CYLD	TRAF6	0.344188083404614	1.72051894971533e-15	3.68211356347631e-15
9606.ENSP00000392812	9606.ENSP00000419260	PIK3R5	PIK3CG	9606	0.999	0	0	0	0	0.952	0.9	0.982	PIK3R5	PIK3CG	0.645985747643087	5.61563773690748e-61	3.24079730078235e-60
9606.ENSP00000393139	9606.ENSP00000480987	CDC7	MCM3	9606	0.908	0	0	0	0	0.814	0.5	0.089	CDC7	MCM3	0.510762970707009	6.64207671563864e-35	2.31515350723204e-34
9606.ENSP00000393566	9606.ENSP00000398890	HLA-DPA1	HLA-DMB	9606	0.904	0	0	0	0	0.081	0.9	0	HLA-DPA1	HLA-DMB	0.563874896806451	1.00444197428362e-43	4.16243049073797e-43
9606.ENSP00000393566	9606.ENSP00000496848	HLA-DPA1	HLA-DOB	9606	0.904	0	0	0	0	0.081	0.9	0	HLA-DPA1	HLA-DOB	0.873431131933069	2.58850408159341e-159	1.87860864243015e-157
9606.ENSP00000393566	9606.ENSP00000408146	HLA-DPA1	HLA-DPB1	9606	0.999	0	0	0	0	0.923	0.9	0.897	HLA-DPA1	HLA-DPB1	0.968764547262179	9.08498788563905e-307	9.22762219544359e-303
9606.ENSP00000394394	9606.ENSP00000437360	ANAPC7	ANAPC15	9606	0.99	0	0	0	0	0.911	0.9	0	ANAPC7	ANAPC15	0.398247619793035	1.21427612026649e-20	3.01476474053942e-20
9606.ENSP00000394394	9606.ENSP00000421842	ANAPC7	ANAPC13	9606	0.994	0	0	0	0	0.942	0.9	0	ANAPC7	ANAPC13	0.322737708553464	1.04951247080515e-13	2.12772418482394e-13
9606.ENSP00000394394	9606.ENSP00000477760	ANAPC7	ANAPC16	9606	0.998	0	0	0	0	0.971	0.9	0.405	ANAPC7	ANAPC16	0.508173581333289	1.63561962904602e-34	5.650676385109e-34
9606.ENSP00000394560	9606.ENSP00000410402	MAPK9	MAP2K4	9606	0.745	0	0	0	0	0.745	0	0	MAPK9	MAP2K4	0.484936164423896	3.8024704621924e-31	1.2319519133808e-30
9606.ENSP00000394560	9606.ENSP00000481780	MAPK9	MAPK8IP3	9606	0.945	0	0	0	0	0.457	0.9	0.083	MAPK9	MAPK8IP3	-0.372408980028438	4.65095276550016e-18	1.08025902673645e-17
9606.ENSP00000396937	9606.ENSP00000478771	PSMD13	UBB	9606	0.848	0	0	0	0	0.848	0	0	PSMD13	UBB	0.462004461315697	4.55632498228067e-28	1.3777491171487e-27
9606.ENSP00000396937	9606.ENSP00000441543	PSMD13	UBC	9606	0.861	0	0	0	0	0.861	0	0	PSMD13	UBC	0.401688926656641	5.28114889713909e-21	1.32347962862674e-20
9606.ENSP00000396937	9606.ENSP00000440485	PSMD13	PSMD9	9606	0.921	0	0	0	0	0.665	0.72	0.235	PSMD13	PSMD9	0.588322217314899	2.3821514858172e-48	1.07919324894939e-47
9606.ENSP00000396937	9606.ENSP00000478877	PSMD13	ADRM1	9606	0.957	0	0	0	0	0.902	0.54	0.136	PSMD13	ADRM1	0.755665162789571	1.68802522570735e-94	1.88409584807797e-93
9606.ENSP00000396937	9606.ENSP00000414359	PSMD13	PSMA1	9606	0.969	0	0	0	0	0.966	0	0.131	PSMD13	PSMA1	0.587852698313309	2.94794981749311e-48	1.3331400844291e-47
9606.ENSP00000396937	9606.ENSP00000483688	PSMD13	PSMB3	9606	0.969	0	0	0	0	0.959	0	0.272	PSMD13	PSMB3	0.82943070704586	2.67485064671315e-129	7.22565372836848e-128
9606.ENSP00000396937	9606.ENSP00000481021	PSMD13	SEM1	9606	0.97	0	0	0	0	0.457	0.36	0.922	PSMD13	SEM1	0.735483672590862	4.41269607384669e-87	4.30545187531804e-86
9606.ENSP00000396937	9606.ENSP00000484998	PSMD13	PSMC6	9606	0.996	0	0	0	0	0.984	0.72	0.179	PSMD13	PSMC6	0.457519199124881	1.71396910247451e-27	5.11571677162316e-27
9606.ENSP00000396937	9606.ENSP00000481029	PSMD13	PSMC3	9606	0.997	0	0	0	0	0.989	0.72	0.111	PSMD13	PSMC3	0.797130147797388	2.75978429797459e-112	4.83295329560825e-111
9606.ENSP00000396937	9606.ENSP00000418695	PSMD13	PSMD6	9606	0.999	0	0	0	0	0.983	0.72	0.984	PSMD13	PSMD6	0.547978245029472	6.43619546525867e-41	2.52305817601823e-40
9606.ENSP00000398124	9606.ENSP00000420616	E2F5	TFDP2	9606	0.972	0	0	0	0	0.656	0.8	0.633	E2F5	TFDP2	-0.330459194987822	2.47964450925114e-14	5.12113649460427e-14
9606.ENSP00000398523	9606.ENSP00000411256	CALCOCO2	GABARAPL1	9606	0.983	0	0	0	0	0.424	0	0.972	CALCOCO2	GABARAPL1	0.366889639274486	1.5490963560707e-17	3.53418052304809e-17
9606.ENSP00000398698	9606.ENSP00000481570	TNF	TNFAIP3	9606	0.861	0	0	0	0	0.734	0.5	0	TNF	TNFAIP3	0.46372624414065	2.72561457289022e-28	8.28864287929519e-28
9606.ENSP00000398698	9606.ENSP00000403495	TNF	LTA	9606	0.973	0	0	0	0	0.292	0.9	0.65	TNF	LTA	0.654656457212407	4.06462933667934e-63	2.44576067373531e-62
9606.ENSP00000398890	9606.ENSP00000408146	HLA-DMB	HLA-DPB1	9606	0.921	0	0	0	0	0.247	0.9	0	HLA-DMB	HLA-DPB1	0.548878614569531	4.50461344897568e-41	1.77132631828285e-40
9606.ENSP00000398890	9606.ENSP00000496848	HLA-DMB	HLA-DOB	9606	0.973	0	0	0	0	0.749	0.9	0	HLA-DMB	HLA-DOB	0.490481501566306	6.30972167282385e-32	2.07068959712025e-31
9606.ENSP00000399168	9606.ENSP00000404833	HLA-B	TAPBP	9606	0.992	0	0	0	0	0.908	0.9	0.196	HLA-B	TAPBP	0.5566534914361	1.97548625571392e-42	8.02600555971451e-42
9606.ENSP00000399168	9606.ENSP00000497910	HLA-B	B2M	9606	0.999	0	0	0	0	0.971	0.9	0.924	HLA-B	B2M	0.909865862362633	2.62220092556296e-194	7.00886705287972e-192
9606.ENSP00000399376	9606.ENSP00000480132	PRNP	NCAM1	9606	0.994	0	0	0	0	0.508	0.9	0.889	PRNP	NCAM1	-0.399705467441154	8.54382177331922e-21	2.12903821765465e-20
9606.ENSP00000399970	9606.ENSP00000417963	PPP2R2D	PPP2R5D	9606	0.865	0	0	0	0	0.658	0.54	0.214	PPP2R2D	PPP2R5D	0.431912104253904	2.29268323898091e-24	6.31762985847235e-24
9606.ENSP00000400175	9606.ENSP00000497733	RHOA	CDC42	9606	0.914	0	0	0	0	0.165	0.9	0.055	RHOA	CDC42	0.519340381243093	3.17401189038945e-36	1.13555613845317e-35
9606.ENSP00000401303	9606.ENSP00000447297	SHC1	TGFBR1	9606	0.721	0	0	0	0	0.041	0	0.721	SHC1	TGFBR1	0.380907096920872	6.96859827838737e-19	1.65373954938272e-18
9606.ENSP00000401303	9606.ENSP00000428924	SHC1	LYN	9606	0.868	0	0	0	0	0.457	0.5	0.554	SHC1	LYN	0.301450859371651	4.54599882861131e-12	8.68253292632665e-12
9606.ENSP00000401888	9606.ENSP00000403701	RAF1	ARRB2	9606	0.752	0	0	0	0	0.292	0.5	0.357	RAF1	ARRB2	-0.362552342190741	3.92363584728131e-17	8.84821698508798e-17
9606.ENSP00000401888	9606.ENSP00000419060	RAF1	BRAF	9606	0.999	0	0	0	0	0.664	0.9	0.982	RAF1	BRAF	0.36885660615751	1.0116055480646e-17	2.32358153588697e-17
9606.ENSP00000403495	9606.ENSP00000410481	LTA	LTB	9606	0.999	0	0	0	0	0.943	0.9	0.98	LTA	LTB	0.908106702897541	2.69198872116622e-192	6.51012605735364e-190
9606.ENSP00000403701	9606.ENSP00000433623	ARRB2	TRAF6	9606	0.924	0	0	0	0	0.457	0	0.866	ARRB2	TRAF6	-0.396459552787577	1.86437560201025e-20	4.59957808832113e-20
9606.ENSP00000403701	9606.ENSP00000409581	ARRB2	ARRB1	9606	0.968	0	0	0	0	0.544	0.9	0.365	ARRB2	ARRB1	0.529071975520533	9.05587274581669e-38	3.33504349090863e-37
9606.ENSP00000403701	9606.ENSP00000410402	ARRB2	MAP2K4	9606	0.995	0	0	0	0	0.422	0.9	0.934	ARRB2	MAP2K4	-0.310041594221534	1.03024103733906e-12	2.0154387935772e-12
9606.ENSP00000404833	9606.ENSP00000497910	TAPBP	B2M	9606	0.999	0	0	0	0	0.926	0.9	0.958	TAPBP	B2M	0.447700484334148	2.91214230048613e-26	8.41257944995381e-26
9606.ENSP00000405004	9606.ENSP00000447297	ACVR1	TGFBR1	9606	0.957	0	0	0	0	0.348	0.54	0.869	ACVR1	TGFBR1	0.726546039697137	5.19517398610416e-84	4.72402705253894e-83
9606.ENSP00000405004	9606.ENSP00000442656	ACVR1	ACVR1B	9606	0.971	0	0	0	0	0.52	0.72	0.804	ACVR1	ACVR1B	-0.366225473479025	1.78764520739222e-17	4.06745348823538e-17
9606.ENSP00000405330	9606.ENSP00000497069	ESR1	IGF1R	9606	0.994	0	0	0	0	0.457	0.5	0.982	ESR1	IGF1R	0.371216873240119	6.04304504662986e-18	1.39720483812018e-17
9606.ENSP00000405574	9606.ENSP00000495556	TBL1XR1	TBL1X	9606	0.999	0	0	0	0	0.457	0.9	0.986	TBL1XR1	TBL1X	0.373378766448073	3.75566240761686e-18	8.7411235275354e-18
9606.ENSP00000405726	9606.ENSP00000418915	CDC45	CDKN2A	9606	0.731	0	0	0	0	0.731	0	0	CDC45	CDKN2A	0.417990991645748	8.94336532875573e-23	2.35270037928443e-22
9606.ENSP00000405726	9606.ENSP00000480987	CDC45	MCM3	9606	0.998	0	0	0	0	0.981	0.54	0.868	CDC45	MCM3	0.699377297978245	2.21665938957505e-75	1.69155592936993e-74
9606.ENSP00000407336	9606.ENSP00000478766	NDUFB3	NDUFC2-KCTD14	9606	0.801	0	0	0	0	0.254	0.744	0	NDUFB3	NDUFC2-KCTD14	0.669982557261937	4.44536907459066e-67	2.86131899180085e-66
9606.ENSP00000407336	9606.ENSP00000430494	NDUFB3	UQCRB	9606	0.804	0	0	0	0	0.804	0	0	NDUFB3	UQCRB	0.724577209273722	2.37538469671577e-83	2.12758221909542e-82
9606.ENSP00000407336	9606.ENSP00000467262	NDUFB3	UQCR11	9606	0.807	0	0	0	0	0.807	0	0	NDUFB3	UQCR11	0.751548695242195	6.28337008134474e-93	6.81839635857036e-92
9606.ENSP00000407336	9606.ENSP00000497474	NDUFB3	COX7B	9606	0.814	0	0	0	0	0.814	0	0	NDUFB3	COX7B	0.815757258955709	1.09059641034384e-121	2.38219091179837e-120
9606.ENSP00000407336	9606.ENSP00000466818	NDUFB3	COX6B1	9606	0.818	0	0	0	0	0.818	0	0	NDUFB3	COX6B1	0.687492941840768	6.62703489499741e-72	4.73686090277894e-71
9606.ENSP00000407336	9606.ENSP00000425759	NDUFB3	COX7C	9606	0.83	0	0	0	0	0.807	0	0.157	NDUFB3	COX7C	0.714108584771521	6.18833350941691e-80	5.15626771576272e-79
9606.ENSP00000407336	9606.ENSP00000457513	NDUFB3	COX4I1	9606	0.832	0	0	0	0	0.832	0	0	NDUFB3	COX4I1	0.672449884740027	9.72541798794069e-68	6.37297229054926e-67
9606.ENSP00000407336	9606.ENSP00000441126	NDUFB3	NDUFC1	9606	0.993	0	0	0	0	0.803	0.967	0	NDUFB3	NDUFC1	0.663149700063174	2.77244117183936e-65	1.72335893404971e-64
9606.ENSP00000407336	9606.ENSP00000483888	NDUFB3	NDUFB1	9606	0.993	0	0	0	0	0.923	0.9	0.163	NDUFB3	NDUFB1	0.784220937621712	2.50400530596442e-106	3.74568216387049e-105
9606.ENSP00000407336	9606.ENSP00000423673	NDUFB3	NDUFA13	9606	0.998	0	0	0	0	0.951	0.967	0.3	NDUFB3	NDUFA13	0.642766854325184	3.36035383203806e-60	1.90039609532353e-59
9606.ENSP00000407336	9606.ENSP00000418438	NDUFB3	NDUFA3	9606	0.998	0	0	0	0	0.915	0.967	0.36	NDUFB3	NDUFA3	0.689341853440002	1.95719232721802e-72	1.4158976116491e-71
9606.ENSP00000407336	9606.ENSP00000482543	NDUFB3	NDUFA6	9606	0.998	0	0	0	0	0.951	0.967	0.305	NDUFB3	NDUFA6	0.672689070149251	8.38661720517856e-68	5.50276944140818e-67
9606.ENSP00000407336	9606.ENSP00000419087	NDUFB3	NDUFB2	9606	0.998	0	0	0	0	0.9	0.967	0.645	NDUFB3	NDUFB2	0.763575705396626	1.31570017490019e-97	1.59851276034225e-96
9606.ENSP00000407336	9606.ENSP00000458770	NDUFB3	NDUFAB1	9606	0.999	0	0	0	0	0.958	0.967	0.678	NDUFB3	NDUFAB1	0.717140192280097	6.58176033964488e-81	5.63192415920582e-80
9606.ENSP00000407336	9606.ENSP00000497587	NDUFB3	NDUFV1	9606	0.999	0	0	0	0	0.97	0.967	0.264	NDUFB3	NDUFV1	0.461746733679579	4.91935653193099e-28	1.48619584458129e-27
9606.ENSP00000407336	9606.ENSP00000417142	NDUFB3	NDUFA5	9606	0.999	0	0	0	0	0.97	0.967	0.382	NDUFB3	NDUFA5	0.520522611267338	2.07305847540923e-36	7.4403020970783e-36
9606.ENSP00000407586	9606.ENSP00000428056	HRAS	PIK3R1	9606	0.852	0	0	0	0	0.542	0.5	0.408	HRAS	PIK3R1	-0.452490621732981	7.39663633106662e-27	2.17761261491721e-26
9606.ENSP00000407586	9606.ENSP00000419060	HRAS	BRAF	9606	0.908	0	0	0	0	0.712	0.5	0.413	HRAS	BRAF	-0.597887024727317	2.8718998969219e-50	1.34176114319392e-49
9606.ENSP00000407586	9606.ENSP00000419260	HRAS	PIK3CG	9606	0.953	0	0	0	0	0.946	0	0.173	HRAS	PIK3CG	-0.443789472114913	8.77420893665312e-26	2.49914863066702e-25
9606.ENSP00000408411	9606.ENSP00000437125	LAMP2	HSPA8	9606	0.795	0	0	0	0	0.457	0.5	0.306	LAMP2	HSPA8	0.357558892535216	1.12408590119226e-16	2.49178099048665e-16
9606.ENSP00000408695	9606.ENSP00000496129	PRKCA	PRKCB	9606	0.957	0	0	0	0	0.596	0.9	0	PRKCA	PRKCB	0.376514079979426	1.87213668007901e-18	4.39558304659328e-18
9606.ENSP00000409581	9606.ENSP00000498587	ARRB1	NOTCH1	9606	0.716	0	0	0	0	0.457	0.5	0	ARRB1	NOTCH1	0.361802733068338	4.60069509785581e-17	1.03497807550214e-16
9606.ENSP00000410402	9606.ENSP00000420213	MAP2K4	FLNB	9606	0.965	0	0	0	0	0.292	0.9	0.552	MAP2K4	FLNB	0.465216366357133	1.74305997502874e-28	5.32779421196719e-28
9606.ENSP00000410402	9606.ENSP00000481780	MAP2K4	MAPK8IP3	9606	0.965	0	0	0	0	0.457	0.9	0.419	MAP2K4	MAPK8IP3	-0.32221759443025	1.15492939213151e-13	2.33910624843066e-13
9606.ENSP00000411672	9606.ENSP00000434729	ATP6V0E2	ATP6V0B	9606	0.925	0	0	0	0	0.499	0.72	0.513	ATP6V0E2	ATP6V0B	0.561421359527257	2.78645517510354e-43	1.14722437022808e-42
9606.ENSP00000412324	9606.ENSP00000418447	PPP2R5C	PPP2CA	9606	0.999	0	0	0	0	0.98	0.9	0.831	PPP2R5C	PPP2CA	0.373455637489215	3.69243520017814e-18	8.59790562315667e-18
9606.ENSP00000413720	9606.ENSP00000481380	CDKN1C	CCNA2	9606	0.919	0	0	0	0	0.585	0	0.814	CDKN1C	CCNA2	0.330857247215405	2.29933591397852e-14	4.75648775525048e-14
9606.ENSP00000414095	9606.ENSP00000437955	CUL2	HIF1A	9606	0.965	0	0	0	0	0.457	0.5	0.884	CUL2	HIF1A	0.343770277648883	1.8697286224534e-15	3.99807023542298e-15
9606.ENSP00000414095	9606.ENSP00000496577	CUL2	SOCS1	9606	0.98	0	0	0	0	0.42	0	0.967	CUL2	SOCS1	-0.38178417220604	5.71049812509671e-19	1.35866782517234e-18
9606.ENSP00000414359	9606.ENSP00000441543	PSMA1	UBC	9606	0.857	0	0	0	0	0.857	0	0	PSMA1	UBC	0.336012918061992	8.56245284254351e-15	1.79502236370928e-14
9606.ENSP00000414359	9606.ENSP00000478877	PSMA1	ADRM1	9606	0.875	0	0	0	0	0.748	0.5	0.088	PSMA1	ADRM1	0.502289545724759	1.23217170715189e-33	4.18008284219831e-33
9606.ENSP00000414359	9606.ENSP00000418695	PSMA1	PSMD6	9606	0.958	0	0	0	0	0.958	0	0	PSMA1	PSMD6	0.573919099984533	1.4082689245576e-45	6.04045078831568e-45
9606.ENSP00000414359	9606.ENSP00000484998	PSMA1	PSMC6	9606	0.971	0	0	0	0	0.959	0	0.325	PSMA1	PSMC6	0.582735043690704	2.94154262509264e-47	1.30411385609192e-46
9606.ENSP00000414359	9606.ENSP00000481029	PSMA1	PSMC3	9606	0.988	0	0	0	0	0.982	0	0.367	PSMA1	PSMC3	0.43850633510556	3.80599883072286e-25	1.06818265055684e-24
9606.ENSP00000414359	9606.ENSP00000483688	PSMA1	PSMB3	9606	0.998	0	0	0	0	0.951	0.9	0.688	PSMA1	PSMB3	0.601889070894667	4.32525997795038e-51	2.04523582849358e-50
9606.ENSP00000415139	9606.ENSP00000433623	TICAM2	TRAF6	9606	0.727	0	0	0	0	0.46	0.5	0.07	TICAM2	TRAF6	0.364379823075475	2.65692463217683e-17	6.01837276739966e-17
9606.ENSP00000415743	9606.ENSP00000428924	CD36	LYN	9606	0.975	0	0	0	0	0.457	0	0.957	CD36	LYN	-0.512850042768252	3.19446372877889e-35	1.12348227469554e-34
9606.ENSP00000417142	9606.ENSP00000467262	NDUFA5	UQCR11	9606	0.807	0	0	0	0	0.807	0	0	NDUFA5	UQCR11	0.511609111221681	4.93950352059809e-35	1.72644656774655e-34
9606.ENSP00000417142	9606.ENSP00000425759	NDUFA5	COX7C	9606	0.807	0	0	0	0	0.807	0	0	NDUFA5	COX7C	0.547549630739471	7.62495735660579e-41	2.98560878454298e-40
9606.ENSP00000417142	9606.ENSP00000497474	NDUFA5	COX7B	9606	0.814	0	0	0	0	0.814	0	0	NDUFA5	COX7B	0.592237142968955	3.97505935071366e-49	1.82525668287516e-48
9606.ENSP00000417142	9606.ENSP00000478766	NDUFA5	NDUFC2-KCTD14	9606	0.828	0	0	0	0	0.357	0.744	0	NDUFA5	NDUFC2-KCTD14	0.614005530987881	1.1874420213592e-53	5.90639011309764e-53
9606.ENSP00000417142	9606.ENSP00000466818	NDUFA5	COX6B1	9606	0.842	0	0	0	0	0.842	0	0	NDUFA5	COX6B1	0.465166982536763	1.76913912742246e-28	5.40425447134735e-28
9606.ENSP00000417142	9606.ENSP00000457513	NDUFA5	COX4I1	9606	0.883	0	0	0	0	0.883	0	0	NDUFA5	COX4I1	0.536434450898506	5.68271050113279e-39	2.14330822725606e-38
9606.ENSP00000417142	9606.ENSP00000430494	NDUFA5	UQCRB	9606	0.895	0	0	0	0	0.895	0	0	NDUFA5	UQCRB	0.484617685371021	4.21147591503391e-31	1.36272573650842e-30
9606.ENSP00000417142	9606.ENSP00000483888	NDUFA5	NDUFB1	9606	0.987	0	0	0	0	0.882	0.9	0.053	NDUFA5	NDUFB1	0.605609722462929	7.26392988300075e-52	3.50331129257543e-51
9606.ENSP00000417142	9606.ENSP00000441126	NDUFA5	NDUFC1	9606	0.993	0	0	0	0	0.803	0.967	0.045	NDUFA5	NDUFC1	0.647698713970776	2.14823145356704e-61	1.25399924562531e-60
9606.ENSP00000417142	9606.ENSP00000419087	NDUFA5	NDUFB2	9606	0.993	0	0	0	0	0.8	0.967	0	NDUFA5	NDUFB2	0.636887570744652	8.35040799980865e-59	4.60201269962325e-58
9606.ENSP00000417142	9606.ENSP00000418438	NDUFA5	NDUFA3	9606	0.995	0	0	0	0	0.866	0.967	0	NDUFA5	NDUFA3	0.475476087981469	7.55663859504461e-30	2.37771927539864e-29
9606.ENSP00000417142	9606.ENSP00000458770	NDUFA5	NDUFAB1	9606	0.996	0	0	0	0	0.899	0.967	0	NDUFA5	NDUFAB1	0.365662497926811	2.01787407783374e-17	4.5820583520137e-17
9606.ENSP00000417142	9606.ENSP00000482543	NDUFA5	NDUFA6	9606	0.998	0	0	0	0	0.951	0.967	0.174	NDUFA5	NDUFA6	0.508398697012558	1.51282856169679e-34	5.22824079658195e-34
9606.ENSP00000417142	9606.ENSP00000497587	NDUFA5	NDUFV1	9606	0.998	0	0	0	0	0.947	0.967	0	NDUFA5	NDUFV1	0.336025403782614	8.54180073265538e-15	1.79106255246864e-14
9606.ENSP00000417142	9606.ENSP00000423673	NDUFA5	NDUFA13	9606	0.998	0	0	0	0	0.951	0.967	0.383	NDUFA5	NDUFA13	0.498246874376879	4.82398675873086e-33	1.619743256477e-32
9606.ENSP00000417235	9606.ENSP00000440100	MED12L	MED24	9606	0.841	0	0	0	0	0.669	0.54	0	MED12L	MED24	-0.320672812622877	1.53300231358717e-13	3.09003859875073e-13
9606.ENSP00000417378	9606.ENSP00000429690	ATP6V1F	ATP6V0E1	9606	0.971	0	0	0	0	0.942	0.5	0.08	ATP6V1F	ATP6V0E1	0.622259803620113	1.84073217088904e-55	9.50499067601422e-55
9606.ENSP00000417378	9606.ENSP00000434729	ATP6V1F	ATP6V0B	9606	0.996	0	0	0	0	0.947	0.909	0.329	ATP6V1F	ATP6V0B	0.636062954121499	1.30314283465058e-58	7.16234944347726e-58
9606.ENSP00000418037	9606.ENSP00000498321	IRF5	MYD88	9606	0.98	0	0	0	0	0.322	0	0.972	IRF5	MYD88	0.544347322931051	2.68435529132553e-40	1.0390623740089e-39
9606.ENSP00000418037	9606.ENSP00000433623	IRF5	TRAF6	9606	0.985	0	0	0	0	0.457	0	0.973	IRF5	TRAF6	-0.494081395717211	1.9316466308238e-32	6.40330771190514e-32
9606.ENSP00000418081	9606.ENSP00000489829	CACNA2D2	CACNA1A	9606	0.859	0	0	0	0	0.131	0.8	0.257	CACNA2D2	CACNA1A	0.404864399483427	2.42833766922351e-21	6.14465015104714e-21
9606.ENSP00000418438	9606.ENSP00000478766	NDUFA3	NDUFC2-KCTD14	9606	0.801	0	0	0	0	0.256	0.744	0	NDUFA3	NDUFC2-KCTD14	0.675348901349762	1.60033594641719e-68	1.06727591646483e-67
9606.ENSP00000418438	9606.ENSP00000430494	NDUFA3	UQCRB	9606	0.804	0	0	0	0	0.804	0	0	NDUFA3	UQCRB	0.780966543859355	6.85587793118269e-105	9.97638282908633e-104
9606.ENSP00000418438	9606.ENSP00000467262	NDUFA3	UQCR11	9606	0.807	0	0	0	0	0.807	0	0	NDUFA3	UQCR11	0.855544498549234	6.48718730436471e-146	2.96803429956902e-144
9606.ENSP00000418438	9606.ENSP00000425759	NDUFA3	COX7C	9606	0.807	0	0	0	0	0.807	0	0	NDUFA3	COX7C	0.785868586858686	4.58484371822628e-107	6.97129605479407e-106
9606.ENSP00000418438	9606.ENSP00000497474	NDUFA3	COX7B	9606	0.814	0	0	0	0	0.814	0	0	NDUFA3	COX7B	0.836996215149465	8.29461744995788e-134	2.54526977157771e-132
9606.ENSP00000418438	9606.ENSP00000457513	NDUFA3	COX4I1	9606	0.816	0	0	0	0	0.816	0	0	NDUFA3	COX4I1	0.87313725161336	4.46041023673159e-159	3.1904497728509e-157
9606.ENSP00000418438	9606.ENSP00000466818	NDUFA3	COX6B1	9606	0.82	0	0	0	0	0.82	0	0	NDUFA3	COX6B1	0.925886625929673	8.8686177758023e-215	3.75327294786766e-212
9606.ENSP00000418438	9606.ENSP00000483888	NDUFA3	NDUFB1	9606	0.985	0	0	0	0	0.861	0.9	0	NDUFA3	NDUFB1	0.8763010773127	1.18478979531679e-161	9.70476608954242e-160
9606.ENSP00000418438	9606.ENSP00000419087	NDUFA3	NDUFB2	9606	0.993	0	0	0	0	0.8	0.967	0	NDUFA3	NDUFB2	0.692700884995332	2.08478908430215e-73	1.5377779759809e-72
9606.ENSP00000418438	9606.ENSP00000441126	NDUFA3	NDUFC1	9606	0.993	0	0	0	0	0.803	0.967	0	NDUFA3	NDUFC1	0.848831373820612	2.40473059504948e-141	9.35817956088794e-140
9606.ENSP00000418438	9606.ENSP00000497587	NDUFA3	NDUFV1	9606	0.996	0	0	0	0	0.868	0.967	0.178	NDUFA3	NDUFV1	0.53719663891855	4.24994722270261e-39	1.60650219356124e-38
9606.ENSP00000418438	9606.ENSP00000458770	NDUFA3	NDUFAB1	9606	0.996	0	0	0	0	0.9	0.967	0	NDUFA3	NDUFAB1	0.634348031076399	3.27399845389552e-58	1.78784958581811e-57
9606.ENSP00000418438	9606.ENSP00000482543	NDUFA3	NDUFA6	9606	0.998	0	0	0	0	0.951	0.967	0	NDUFA3	NDUFA6	0.638673960563758	3.1692940256487e-59	1.75520825618942e-58
9606.ENSP00000418438	9606.ENSP00000423673	NDUFA3	NDUFA13	9606	0.999	0	0	0	0	0.968	0.967	0.769	NDUFA3	NDUFA13	0.878631900457126	1.35008168341302e-163	1.21352032375452e-161
9606.ENSP00000418695	9606.ENSP00000478771	PSMD6	UBB	9606	0.848	0	0	0	0	0.848	0	0	PSMD6	UBB	0.414192816797208	2.35995725595152e-22	6.13202503164483e-22
9606.ENSP00000418695	9606.ENSP00000440485	PSMD6	PSMD9	9606	0.917	0	0	0	0	0.622	0.72	0.284	PSMD6	PSMD9	0.50576393043031	3.75745658403844e-34	1.28803531974615e-33
9606.ENSP00000418695	9606.ENSP00000481021	PSMD6	SEM1	9606	0.945	0	0	0	0	0.457	0.36	0.855	PSMD6	SEM1	0.641594966950111	6.41130934145315e-60	3.60374482463418e-59
9606.ENSP00000418695	9606.ENSP00000483688	PSMD6	PSMB3	9606	0.958	0	0	0	0	0.958	0	0	PSMD6	PSMB3	0.590039376608468	1.08941850864331e-48	4.96198376335879e-48
9606.ENSP00000418695	9606.ENSP00000478877	PSMD6	ADRM1	9606	0.979	0	0	0	0	0.867	0.54	0.697	PSMD6	ADRM1	0.586058947509658	6.63304503585514e-48	2.97578791648324e-47
9606.ENSP00000418695	9606.ENSP00000481029	PSMD6	PSMC3	9606	0.996	0	0	0	0	0.984	0.72	0.321	PSMD6	PSMC3	0.469590934248704	4.6322668954785e-29	1.43095908933623e-28
9606.ENSP00000418695	9606.ENSP00000484998	PSMD6	PSMC6	9606	0.997	0	0	0	0	0.984	0.72	0.511	PSMD6	PSMC6	0.556068805638328	2.50635626758831e-42	1.01706195005571e-41
9606.ENSP00000419087	9606.ENSP00000466818	NDUFB2	COX6B1	9606	0.8	0	0	0	0	0.8	0	0	NDUFB2	COX6B1	0.692163905831577	2.98838084148859e-73	2.19472047772954e-72
9606.ENSP00000419087	9606.ENSP00000467262	NDUFB2	UQCR11	9606	0.8	0	0	0	0	0.8	0	0	NDUFB2	UQCR11	0.821213146159336	1.20006362902349e-124	2.85457758313621e-123
9606.ENSP00000419087	9606.ENSP00000430494	NDUFB2	UQCRB	9606	0.8	0	0	0	0	0.8	0	0	NDUFB2	UQCRB	0.646599504670964	3.98274292866175e-61	2.30631242453919e-60
9606.ENSP00000419087	9606.ENSP00000457513	NDUFB2	COX4I1	9606	0.8	0	0	0	0	0.8	0	0	NDUFB2	COX4I1	0.779988185153919	1.8339007337416e-104	2.64587070349622e-103
9606.ENSP00000419087	9606.ENSP00000497474	NDUFB2	COX7B	9606	0.809	0	0	0	0	0.8	0	0.086	NDUFB2	COX7B	0.776741711438224	4.63148392694225e-103	6.36562682624526e-102
9606.ENSP00000419087	9606.ENSP00000425759	NDUFB2	COX7C	9606	0.815	0	0	0	0	0.8	0	0.115	NDUFB2	COX7C	0.794690028009012	3.97845757816469e-111	6.79146111284348e-110
9606.ENSP00000419087	9606.ENSP00000483888	NDUFB2	NDUFB1	9606	0.979	0	0	0	0	0.8	0.9	0	NDUFB2	NDUFB1	0.748508329093779	8.68332584852482e-92	9.27408418963896e-91
9606.ENSP00000419087	9606.ENSP00000423673	NDUFB2	NDUFA13	9606	0.993	0	0	0	0	0.8	0.967	0.1	NDUFB2	NDUFA13	0.725559108705902	1.11488637661618e-83	1.00567503794765e-82
9606.ENSP00000419087	9606.ENSP00000497587	NDUFB2	NDUFV1	9606	0.993	0	0	0	0	0.8	0.967	0	NDUFB2	NDUFV1	0.679686291610527	1.0345874375668e-69	7.05255342507784e-69
9606.ENSP00000419087	9606.ENSP00000441126	NDUFB2	NDUFC1	9606	0.994	0	0	0	0	0.8	0.967	0.17	NDUFB2	NDUFC1	0.688140056241649	4.32894784553422e-72	3.10735853477676e-71
9606.ENSP00000419087	9606.ENSP00000482543	NDUFB2	NDUFA6	9606	0.998	0	0	0	0	0.944	0.967	0	NDUFB2	NDUFA6	0.671514946525708	1.73281356894389e-67	1.12605165833417e-66
9606.ENSP00000419087	9606.ENSP00000458770	NDUFB2	NDUFAB1	9606	0.999	0	0	0	0	0.933	0.967	0.653	NDUFB2	NDUFAB1	0.721374901465302	2.73690084908384e-82	2.41098889194662e-81
9606.ENSP00000419101	9606.ENSP00000489829	CACNA2D3	CACNA1A	9606	0.719	0	0	0	0	0.131	0.54	0.354	CACNA2D3	CACNA1A	0.319033362963626	2.06678766800313e-13	4.14950827118163e-13
9606.ENSP00000419101	9606.ENSP00000438949	CACNA2D3	CACNB4	9606	0.737	0	0	0	0	0.185	0.54	0.357	CACNA2D3	CACNB4	0.543290136467063	4.05511599829942e-40	1.56073562693168e-39
9606.ENSP00000419260	9606.ENSP00000428924	PIK3CG	LYN	9606	0.808	0	0	0	0	0.457	0.5	0.351	PIK3CG	LYN	0.456540840419446	2.28235241090788e-27	6.79421261359653e-27
9606.ENSP00000419260	9606.ENSP00000428056	PIK3CG	PIK3R1	9606	0.996	0	0	0	0	0.323	0.904	0.947	PIK3CG	PIK3R1	0.340816845659721	3.35395471316097e-15	7.11340948456378e-15
9606.ENSP00000419260	9606.ENSP00000480157	PIK3CG	PIK3R6	9606	0.997	0	0	0	0	0.322	0.9	0.96	PIK3CG	PIK3R6	0.452368373483311	7.66198468525213e-27	2.2537729061137e-26
9606.ENSP00000419465	9606.ENSP00000478927	WWTR1	YAP1	9606	0.943	0	0	0	0	0.457	0.9	0	WWTR1	YAP1	0.304550579281531	2.67576451011691e-12	5.14632458421841e-12
9606.ENSP00000419881	9606.ENSP00000466399	RAD51B	RAD51D	9606	0.999	0	0	0	0	0.573	0.9	0.986	RAD51B	RAD51D	-0.440738763317325	2.05376982393069e-25	5.80092883806007e-25
9606.ENSP00000420213	9606.ENSP00000452786	FLNB	ITGB3	9606	0.814	0	0	0	0	0.262	0.65	0.337	FLNB	ITGB3	0.31708605643173	2.94026049699255e-13	5.86262777148671e-13
9606.ENSP00000421842	9606.ENSP00000478771	ANAPC13	UBB	9606	0.8	0	0	0	0	0.8	0	0	ANAPC13	UBB	0.536428860277332	5.69481749750973e-39	2.1470772576914e-38
9606.ENSP00000421842	9606.ENSP00000437360	ANAPC13	ANAPC15	9606	0.994	0	0	0	0	0.913	0.9	0.469	ANAPC13	ANAPC15	0.675081110595531	1.89225528290637e-68	1.25947817224639e-67
9606.ENSP00000421842	9606.ENSP00000477760	ANAPC13	ANAPC16	9606	0.998	0	0	0	0	0.942	0.9	0.763	ANAPC13	ANAPC16	0.555186326086025	3.58651544146219e-42	1.44556497376712e-41
9606.ENSP00000421842	9606.ENSP00000478501	ANAPC13	ANAPC10	9606	0.999	0	0	0	0	0.944	0.9	0.854	ANAPC13	ANAPC10	0.341153494231411	3.13882003626023e-15	6.66826921319707e-15
9606.ENSP00000422176	9606.ENSP00000431984	CAST	CAPN1	9606	0.938	0	0	0	0	0.766	0.5	0.512	CAST	CAPN1	0.501443964272204	1.64174423409507e-33	5.56025214594985e-33
9606.ENSP00000423673	9606.ENSP00000467262	NDUFA13	UQCR11	9606	0.807	0	0	0	0	0.807	0	0	NDUFA13	UQCR11	0.871211375795964	1.52627504231896e-157	1.02664739104858e-155
9606.ENSP00000423673	9606.ENSP00000425759	NDUFA13	COX7C	9606	0.807	0	0	0	0	0.807	0	0	NDUFA13	COX7C	0.823157284672566	1.00113821754185e-125	2.45617412453443e-124
9606.ENSP00000423673	9606.ENSP00000478766	NDUFA13	NDUFC2-KCTD14	9606	0.835	0	0	0	0	0.23	0.744	0.23	NDUFA13	NDUFC2-KCTD14	0.771050831791254	1.16883133662295e-100	1.52202819052298e-99
9606.ENSP00000423673	9606.ENSP00000466818	NDUFA13	COX6B1	9606	0.836	0	0	0	0	0.836	0	0	NDUFA13	COX6B1	0.889704964285248	2.07675573477451e-173	2.67007696178541e-171
9606.ENSP00000423673	9606.ENSP00000457513	NDUFA13	COX4I1	9606	0.861	0	0	0	0	0.861	0	0	NDUFA13	COX4I1	0.872964687773125	6.13576483486769e-159	4.35810933061197e-157
9606.ENSP00000423673	9606.ENSP00000497474	NDUFA13	COX7B	9606	0.869	0	0	0	0	0.814	0	0.327	NDUFA13	COX7B	0.777056183879257	3.39560831401652e-103	4.68603174530786e-102
9606.ENSP00000423673	9606.ENSP00000430494	NDUFA13	UQCRB	9606	0.87	0	0	0	0	0.87	0	0	NDUFA13	UQCRB	0.75211139126335	3.84856163817844e-93	4.19418890117794e-92
9606.ENSP00000423673	9606.ENSP00000483888	NDUFA13	NDUFB1	9606	0.992	0	0	0	0	0.927	0.9	0	NDUFA13	NDUFB1	0.822048757670798	4.14168618341535e-125	1.00159777535595e-123
9606.ENSP00000423673	9606.ENSP00000441126	NDUFA13	NDUFC1	9606	0.993	0	0	0	0	0.803	0.967	0	NDUFA13	NDUFC1	0.853196437656188	2.7294189375081e-144	1.17968970843701e-142
9606.ENSP00000423673	9606.ENSP00000458770	NDUFA13	NDUFAB1	9606	0.996	0	0	0	0	0.895	0.967	0	NDUFA13	NDUFAB1	0.702485776527963	2.55927887627491e-76	1.99345057870585e-75
9606.ENSP00000423673	9606.ENSP00000497587	NDUFA13	NDUFV1	9606	0.998	0	0	0	0	0.951	0.967	0.276	NDUFA13	NDUFV1	0.579634857895727	1.1620600131143e-46	5.08751877293186e-46
9606.ENSP00000423673	9606.ENSP00000482543	NDUFA13	NDUFA6	9606	0.999	0	0	0	0	0.951	0.967	0.67	NDUFA13	NDUFA6	0.590827188308893	7.59676261336825e-49	3.4647650590023e-48
9606.ENSP00000425759	9606.ENSP00000441126	COX7C	NDUFC1	9606	0.8	0	0	0	0	0.8	0	0	COX7C	NDUFC1	0.768500204057673	1.32393720358568e-99	1.68090377210247e-98
9606.ENSP00000425759	9606.ENSP00000482543	COX7C	NDUFA6	9606	0.807	0	0	0	0	0.807	0	0	COX7C	NDUFA6	0.662923652613709	3.17274327730666e-65	1.96497277241486e-64
9606.ENSP00000425759	9606.ENSP00000483888	COX7C	NDUFB1	9606	0.807	0	0	0	0	0.807	0	0	COX7C	NDUFB1	0.796144614461446	8.14367713334361e-112	1.41152437957971e-110
9606.ENSP00000425759	9606.ENSP00000458770	COX7C	NDUFAB1	9606	0.816	0	0	0	0	0.816	0	0	COX7C	NDUFAB1	0.781733204376338	3.15986228635908e-105	4.65815983201004e-104
9606.ENSP00000425759	9606.ENSP00000497587	COX7C	NDUFV1	9606	0.831	0	0	0	0	0.831	0	0	COX7C	NDUFV1	0.642579941223936	3.72577069465031e-60	2.10470817272321e-59
9606.ENSP00000425759	9606.ENSP00000467262	COX7C	UQCR11	9606	0.936	0	0	0	0	0.867	0.54	0	COX7C	UQCR11	0.836074973957023	3.02027935266879e-133	9.13005279317171e-132
9606.ENSP00000425759	9606.ENSP00000430494	COX7C	UQCRB	9606	0.98	0	0	0	0	0.958	0.54	0	COX7C	UQCRB	0.839162953562437	3.84430424067742e-135	1.22403129067588e-133
9606.ENSP00000425759	9606.ENSP00000457513	COX7C	COX4I1	9606	0.995	0	0	0	0	0.948	0.888	0.258	COX7C	COX4I1	0.877494302225253	1.21274860267304e-162	1.02649062977918e-160
9606.ENSP00000425759	9606.ENSP00000497474	COX7C	COX7B	9606	0.995	0	0	0	0	0.88	0.8	0.845	COX7C	COX7B	0.793645234088626	1.23338703877112e-110	2.07066316575177e-109
9606.ENSP00000425759	9606.ENSP00000466818	COX7C	COX6B1	9606	0.997	0	0	0	0	0.931	0.876	0.738	COX7C	COX6B1	0.841650314099733	1.06852868606858e-136	3.55837569324543e-135
9606.ENSP00000425759	9606.ENSP00000429707	COX7C	COX6C	9606	0.999	0	0	0	0	0.929	0.935	0.941	COX7C	COX6C	0.85359458306079	1.45445747864082e-144	6.42301070024124e-143
9606.ENSP00000427279	9606.ENSP00000474412	CXCL2	CCL5	9606	0.764	0	0	0	0	0.734	0	0.15	CXCL2	CCL5	0.336437712094191	7.88660739835365e-15	1.65573111502848e-14
9606.ENSP00000428056	9606.ENSP00000489597	PIK3R1	PTPN11	9606	0.957	0	0	0	0	0.511	0.9	0.203	PIK3R1	PTPN11	0.503900390039004	7.11664841013573e-34	2.42481710505698e-33
9606.ENSP00000428056	9606.ENSP00000501150	PIK3R1	PIK3CB	9606	0.999	0	0	0	0	0.678	0.904	0.984	PIK3R1	PIK3CB	0.366444905360101	1.70508595659158e-17	3.8822143154227e-17
9606.ENSP00000428924	9606.ENSP00000477713	LYN	LCK	9606	0.882	0	0	0	0	0.578	0.4	0.573	LYN	LCK	0.420718655716503	4.42120262982159e-23	1.17309705096912e-22
9606.ENSP00000428924	9606.ENSP00000483570	LYN	BTK	9606	0.979	0	0	0	0	0.292	0.4	0.955	LYN	BTK	0.599696895155354	1.22403955968288e-50	5.75315585733411e-50
9606.ENSP00000429690	9606.ENSP00000434729	ATP6V0E1	ATP6V0B	9606	0.984	0	0	0	0	0.946	0.5	0.455	ATP6V0E1	ATP6V0B	0.599917165629606	1.10295495408774e-50	5.19365483016651e-50
9606.ENSP00000429707	9606.ENSP00000485401	COX6C	UQCRHL	9606	0.705	0	0	0	0	0.385	0.54	0	COX6C	UQCRHL	0.669825367629931	4.89485310097718e-67	3.14465673286687e-66
9606.ENSP00000429707	9606.ENSP00000467262	COX6C	UQCR11	9606	0.753	0	0	0	0	0.486	0.54	0	COX6C	UQCR11	0.881750814833036	2.92722668082528e-166	2.97318413971424e-164
9606.ENSP00000429707	9606.ENSP00000430494	COX6C	UQCRB	9606	0.753	0	0	0	0	0.486	0.54	0	COX6C	UQCRB	0.790552595632234	3.38146025972366e-109	5.46902736592568e-108
9606.ENSP00000429707	9606.ENSP00000466818	COX6C	COX6B1	9606	0.994	0	0	0	0	0.891	0.8	0.749	COX6C	COX6B1	0.866607592436262	5.66427130585376e-154	3.30643699158372e-152
9606.ENSP00000429707	9606.ENSP00000457513	COX6C	COX4I1	9606	0.996	0	0	0	0	0.974	0.8	0.307	COX6C	COX4I1	0.885560170923925	1.28502425481259e-169	1.45022126179239e-167
9606.ENSP00000429707	9606.ENSP00000497474	COX6C	COX7B	9606	0.998	0	0	0	0	0.938	0.8	0.884	COX6C	COX7B	0.891391188808322	5.38548533313921e-175	7.49320199023218e-173
9606.ENSP00000430494	9606.ENSP00000441126	UQCRB	NDUFC1	9606	0.8	0	0	0	0	0.8	0	0	UQCRB	NDUFC1	0.72188122538962	1.86385636163808e-82	1.646190353492e-81
9606.ENSP00000430494	9606.ENSP00000483888	UQCRB	NDUFB1	9606	0.804	0	0	0	0	0.804	0	0	UQCRB	NDUFB1	0.778105543473602	1.20087052864983e-103	1.68237820130984e-102
9606.ENSP00000430494	9606.ENSP00000458770	UQCRB	NDUFAB1	9606	0.867	0	0	0	0	0.867	0	0	UQCRB	NDUFAB1	0.656768285524205	1.19390807643185e-63	7.27445970744948e-63
9606.ENSP00000430494	9606.ENSP00000482543	UQCRB	NDUFA6	9606	0.876	0	0	0	0	0.876	0	0	UQCRB	NDUFA6	0.655421318529368	2.61106477611322e-63	1.58237380256456e-62
9606.ENSP00000430494	9606.ENSP00000497474	UQCRB	COX7B	9606	0.93	0	0	0	0	0.855	0.54	0	UQCRB	COX7B	0.807354182623231	2.55173409953844e-117	4.98422370173307e-116
9606.ENSP00000430494	9606.ENSP00000497587	UQCRB	NDUFV1	9606	0.943	0	0	0	0	0.943	0	0	UQCRB	NDUFV1	0.450142560839935	1.4519826973014e-26	4.23543603000871e-26
9606.ENSP00000430494	9606.ENSP00000485401	UQCRB	UQCRHL	9606	0.97	0	0	0	0	0.495	0.944	0	UQCRB	UQCRHL	0.703078382372399	1.6903995197283e-76	1.31869338877729e-75
9606.ENSP00000430494	9606.ENSP00000466818	UQCRB	COX6B1	9606	0.97	0	0	0	0	0.937	0.54	0	UQCRB	COX6B1	0.829974767663101	1.289867509816e-129	3.51238184911558e-128
9606.ENSP00000430494	9606.ENSP00000457513	UQCRB	COX4I1	9606	0.974	0	0	0	0	0.946	0.54	0	UQCRB	COX4I1	0.797988214970565	1.0704999511009e-112	1.90421506187948e-111
9606.ENSP00000430494	9606.ENSP00000467262	UQCRB	UQCR11	9606	0.998	0	0	0	0	0.945	0.967	0.198	UQCRB	UQCR11	0.759812658284462	4.09986299150725e-96	4.74826777705121e-95
9606.ENSP00000431418	9606.ENSP00000498577	NTRK1	TPM3	9606	0.937	0	0	0	0	0.059	0.9	0.393	NTRK1	TPM3	0.369809094037668	8.22121607106975e-18	1.89477857122431e-17
9606.ENSP00000431885	9606.ENSP00000432511	TYK2	JAK3	9606	0.885	0	0	0	0	0.292	0	0.845	TYK2	JAK3	0.400246080508672	7.49630153913705e-21	1.87030053384954e-20
9606.ENSP00000431984	9606.ENSP00000464849	CAPN1	CAPNS1	9606	0.999	0	0	0	0	0.653	0.9	0.977	CAPN1	CAPNS1	0.337992836550736	5.83037080137382e-15	1.22759279082823e-14
9606.ENSP00000433623	9606.ENSP00000447297	TRAF6	TGFBR1	9606	0.967	0	0	0	0	0.457	0	0.942	TRAF6	TGFBR1	-0.317921761120211	2.52826347003988e-13	5.0570248257572e-13
9606.ENSP00000433623	9606.ENSP00000464030	TRAF6	IKBKE	9606	0.968	0	0	0	0	0.734	0.5	0.784	TRAF6	IKBKE	-0.395392489559515	2.40504296131172e-20	5.91048181902811e-20
9606.ENSP00000435233	9606.ENSP00000478927	TEAD1	YAP1	9606	0.999	0	0	0	0	0.957	0.9	0.982	TEAD1	YAP1	0.692543322655247	2.31729605477735e-73	1.70556348031692e-72
9606.ENSP00000437125	9606.ENSP00000437955	HSPA8	HIF1A	9606	0.787	0	0	0	0	0.457	0	0.624	HSPA8	HIF1A	0.3787060693647	1.14550625000478e-18	2.70516321350815e-18
9606.ENSP00000437360	9606.ENSP00000441543	ANAPC15	UBC	9606	0.895	0	0	0	0	0.8	0.5	0	ANAPC15	UBC	0.324413404073327	7.70049302915339e-14	1.56961484441323e-13
9606.ENSP00000437360	9606.ENSP00000478771	ANAPC15	UBB	9606	0.895	0	0	0	0	0.8	0.5	0	ANAPC15	UBB	0.651522978384795	2.45828395090145e-62	1.46272935496813e-61
9606.ENSP00000437360	9606.ENSP00000477760	ANAPC15	ANAPC16	9606	0.996	0	0	0	0	0.911	0.9	0.616	ANAPC15	ANAPC16	0.570182142437846	7.00863141431536e-45	2.96117592658906e-44
9606.ENSP00000437550	9606.ENSP00000478927	LATS1	YAP1	9606	0.865	0	0	0	0	0.624	0	0.658	LATS1	YAP1	0.713837066936507	7.55299470727172e-80	6.28302762012767e-79
9606.ENSP00000437955	9606.ENSP00000495360	HIF1A	CTNNB1	9606	0.975	0	0	0	0	0.457	0	0.957	HIF1A	CTNNB1	0.624918889404468	4.6820930543232e-56	2.45640594797318e-55
9606.ENSP00000438038	9606.ENSP00000497910	KLRC1	B2M	9606	0.958	0	0	0	0	0.92	0.5	0	KLRC1	B2M	0.654962212452915	3.40607601291842e-63	2.05192847350014e-62
9606.ENSP00000438949	9606.ENSP00000489829	CACNB4	CACNA1A	9606	0.899	0	0	0	0	0.519	0.8	0	CACNB4	CACNA1A	0.317474884134376	2.74098488150102e-13	5.47496232869339e-13
9606.ENSP00000439020	9606.ENSP00000479322	TUBA1A	CLIP1	9606	0.952	0	0	0	0	0.952	0	0	TUBA1A	CLIP1	-0.417882813126033	9.1955502153488e-23	2.41716365262158e-22
9606.ENSP00000440485	9606.ENSP00000484998	PSMD9	PSMC6	9606	0.962	0	0	0	0	0.807	0.72	0.353	PSMD9	PSMC6	0.41433379362781	2.27697773419926e-22	5.91792805687357e-22
9606.ENSP00000440485	9606.ENSP00000481029	PSMD9	PSMC3	9606	0.965	0	0	0	0	0.823	0.72	0.353	PSMD9	PSMC3	0.677087305003792	5.36963009709469e-69	3.62146964782143e-68
9606.ENSP00000441126	9606.ENSP00000478766	NDUFC1	NDUFC2-KCTD14	9606	0.752	0	0	0	0	0.072	0.744	0	NDUFC1	NDUFC2-KCTD14	0.727675251997249	2.15958999207675e-84	1.9743434338005e-83
9606.ENSP00000441126	9606.ENSP00000457513	NDUFC1	COX4I1	9606	0.8	0	0	0	0	0.8	0	0	NDUFC1	COX4I1	0.808598654896546	5.93582527820346e-118	1.18681451477781e-116
9606.ENSP00000441126	9606.ENSP00000497474	NDUFC1	COX7B	9606	0.8	0	0	0	0	0.8	0	0	NDUFC1	COX7B	0.743935387327553	4.20264260392801e-90	4.35573887021396e-89
9606.ENSP00000441126	9606.ENSP00000466818	NDUFC1	COX6B1	9606	0.8	0	0	0	0	0.8	0	0	NDUFC1	COX6B1	0.811028897920848	3.33528368540116e-119	6.88546268142674e-118
9606.ENSP00000441126	9606.ENSP00000467262	NDUFC1	UQCR11	9606	0.8	0	0	0	0	0.8	0	0	NDUFC1	UQCR11	0.794362324431201	5.67735962591855e-111	9.61082362007579e-110
9606.ENSP00000441126	9606.ENSP00000483888	NDUFC1	NDUFB1	9606	0.979	0	0	0	0	0.803	0.9	0	NDUFC1	NDUFB1	0.855046560556677	1.44159931931715e-145	6.53675191352872e-144
9606.ENSP00000441126	9606.ENSP00000497587	NDUFC1	NDUFV1	9606	0.993	0	0	0	0	0.803	0.967	0	NDUFC1	NDUFV1	0.494255170858701	1.82371486411382e-32	6.05342218130851e-32
9606.ENSP00000441126	9606.ENSP00000482543	NDUFC1	NDUFA6	9606	0.993	0	0	0	0	0.803	0.967	0	NDUFC1	NDUFA6	0.589448913835483	1.42645828923579e-48	6.47966764032555e-48
9606.ENSP00000441126	9606.ENSP00000458770	NDUFC1	NDUFAB1	9606	0.995	0	0	0	0	0.87	0.967	0	NDUFC1	NDUFAB1	0.629997689209915	3.30177539740064e-57	1.77346021741927e-56
9606.ENSP00000441543	9606.ENSP00000483688	UBC	PSMB3	9606	0.848	0	0	0	0	0.848	0	0	UBC	PSMB3	0.404178709796445	2.87393133411072e-21	7.25771272017965e-21
9606.ENSP00000441543	9606.ENSP00000481029	UBC	PSMC3	9606	0.908	0	0	0	0	0.908	0	0	UBC	PSMC3	0.358141435261538	9.95144796187746e-17	2.21271578259171e-16
9606.ENSP00000441543	9606.ENSP00000478877	UBC	ADRM1	9606	0.97	0	0	0	0	0.968	0	0.112	UBC	ADRM1	0.403125157236221	3.72020327858217e-21	9.35994666845654e-21
9606.ENSP00000442600	9606.ENSP00000496268	DAG1	SGCE	9606	0.959	0	0	0	0	0.073	0.9	0.601	DAG1	SGCE	0.321201219500832	1.39172462319518e-13	2.81084648991717e-13
9606.ENSP00000457513	9606.ENSP00000482543	COX4I1	NDUFA6	9606	0.829	0	0	0	0	0.828	0	0	COX4I1	NDUFA6	0.664606429587058	1.15923093137882e-65	7.24127218328083e-65
9606.ENSP00000457513	9606.ENSP00000483888	COX4I1	NDUFB1	9606	0.829	0	0	0	0	0.828	0	0	COX4I1	NDUFB1	0.851325629457356	5.12657578914359e-143	2.09962218912627e-141
9606.ENSP00000457513	9606.ENSP00000458770	COX4I1	NDUFAB1	9606	0.831	0	0	0	0	0.831	0	0	COX4I1	NDUFAB1	0.709781257628868	1.44202802156744e-78	1.16892885994098e-77
9606.ENSP00000457513	9606.ENSP00000497587	COX4I1	NDUFV1	9606	0.846	0	0	0	0	0.846	0	0	COX4I1	NDUFV1	0.626104846509496	2.53169823453933e-56	1.33651034138337e-55
9606.ENSP00000457513	9606.ENSP00000467262	COX4I1	UQCR11	9606	0.937	0	0	0	0	0.869	0.54	0	COX4I1	UQCR11	0.878737283666255	1.1004097581372e-163	9.9793409941067e-162
9606.ENSP00000457513	9606.ENSP00000497474	COX4I1	COX7B	9606	0.988	0	0	0	0	0.942	0.8	0	COX4I1	COX7B	0.813071058658661	2.87310806311707e-120	6.14361233622739e-119
9606.ENSP00000457513	9606.ENSP00000466818	COX4I1	COX6B1	9606	0.996	0	0	0	0	0.946	0.85	0.628	COX4I1	COX6B1	0.894487461168477	5.61431999875958e-178	9.05153146466684e-176
9606.ENSP00000458162	9606.ENSP00000494750	ACTG1	ACTB	9606	0.999	0	0	0	0	0.962	0.9	0.793	ACTG1	ACTB	0.512030830412234	4.26033424331064e-35	1.49163098618773e-34
9606.ENSP00000458770	9606.ENSP00000497474	NDUFAB1	COX7B	9606	0.814	0	0	0	0	0.814	0	0	NDUFAB1	COX7B	0.657445775633464	8.04220261167535e-64	4.91484066948174e-63
9606.ENSP00000458770	9606.ENSP00000467262	NDUFAB1	UQCR11	9606	0.816	0	0	0	0	0.816	0	0	NDUFAB1	UQCR11	0.730188888454063	3.01177622583382e-85	2.80905519979744e-84
9606.ENSP00000458770	9606.ENSP00000466818	NDUFAB1	COX6B1	9606	0.831	0	0	0	0	0.831	0	0	NDUFAB1	COX6B1	0.657505036217907	7.76862653001631e-64	4.750508107488e-63
9606.ENSP00000458770	9606.ENSP00000478766	NDUFAB1	NDUFC2-KCTD14	9606	0.836	0	0	0	0	0.386	0.744	0	NDUFAB1	NDUFC2-KCTD14	0.681984130090028	2.37826475704947e-70	1.65225958531816e-69
9606.ENSP00000458770	9606.ENSP00000483888	NDUFAB1	NDUFB1	9606	0.989	0	0	0	0	0.9	0.9	0	NDUFAB1	NDUFB1	0.66121497242892	8.76060022853987e-65	5.41249492221894e-64
9606.ENSP00000458770	9606.ENSP00000497587	NDUFAB1	NDUFV1	9606	0.996	0	0	0	0	0.9	0.967	0	NDUFAB1	NDUFV1	0.590282848160592	9.74662406271548e-49	4.44328817796235e-48
9606.ENSP00000458770	9606.ENSP00000482543	NDUFAB1	NDUFA6	9606	0.999	0	0	0	0	0.985	0.967	0.622	NDUFAB1	NDUFA6	0.525325141209773	3.61066165023018e-37	1.31399105630197e-36
9606.ENSP00000464030	9606.ENSP00000471896	IKBKE	IRF3	9606	0.993	0	0	0	0	0.457	0.9	0.889	IKBKE	IRF3	0.305172535887129	2.40398562310849e-12	4.63326033660587e-12
9606.ENSP00000466818	9606.ENSP00000497587	COX6B1	NDUFV1	9606	0.851	0	0	0	0	0.85	0	0	COX6B1	NDUFV1	0.548087075788324	6.16484590624122e-41	2.41855310427548e-40
9606.ENSP00000466818	9606.ENSP00000483888	COX6B1	NDUFB1	9606	0.858	0	0	0	0	0.818	0	0.254	COX6B1	NDUFB1	0.848123694357013	7.07526249077785e-141	2.71182796674833e-139
9606.ENSP00000466818	9606.ENSP00000482543	COX6B1	NDUFA6	9606	0.869	0	0	0	0	0.869	0	0	COX6B1	NDUFA6	0.680085555139365	8.02126321801787e-70	5.48632798016212e-69
9606.ENSP00000466818	9606.ENSP00000467262	COX6B1	UQCR11	9606	0.956	0	0	0	0	0.869	0.54	0.338	COX6B1	UQCR11	0.854525421486248	3.31438189599631e-145	1.47649898761555e-143
9606.ENSP00000466818	9606.ENSP00000497474	COX6B1	COX7B	9606	0.984	0	0	0	0	0.86	0.8	0.499	COX6B1	COX7B	0.870739061483788	3.59856172926532e-157	2.35810267639663e-155
9606.ENSP00000467262	9606.ENSP00000497587	UQCR11	NDUFV1	9606	0.807	0	0	0	0	0.807	0	0	UQCR11	NDUFV1	0.596925251531364	4.50848430838668e-50	2.09865605500841e-49
9606.ENSP00000467262	9606.ENSP00000482543	UQCR11	NDUFA6	9606	0.807	0	0	0	0	0.807	0	0	UQCR11	NDUFA6	0.667792151885996	1.69245876898597e-66	1.07372290547099e-65
9606.ENSP00000467262	9606.ENSP00000483888	UQCR11	NDUFB1	9606	0.859	0	0	0	0	0.807	0	0.3	UQCR11	NDUFB1	0.854797032498281	2.14852172378118e-145	9.65598900373693e-144
9606.ENSP00000467262	9606.ENSP00000497474	UQCR11	COX7B	9606	0.953	0	0	0	0	0.865	0.54	0.306	UQCR11	COX7B	0.855948420929049	3.38677775875424e-146	1.5636137134394e-144
9606.ENSP00000467262	9606.ENSP00000485401	UQCR11	UQCRHL	9606	0.969	0	0	0	0	0.477	0.944	0	UQCR11	UQCRHL	0.690338288487234	1.01045075471391e-72	7.35182544099511e-72
9606.ENSP00000472445	9606.ENSP00000480987	POLD1	MCM3	9606	0.87	0	0	0	0	0.556	0.72	0	POLD1	MCM3	0.364426784293336	2.63035351216252e-17	5.95951385746926e-17
9606.ENSP00000472445	9606.ENSP00000484105	POLD1	PRIM2	9606	0.957	0	0	0	0	0.371	0.9	0.383	POLD1	PRIM2	0.490710717034436	5.85408142403186e-32	1.92426877099973e-31
9606.ENSP00000472929	9606.ENSP00000477713	VAV1	LCK	9606	0.946	0	0	0	0	0.292	0.4	0.884	VAV1	LCK	0.805543566779038	2.08979873623835e-116	4.00492184225904e-115
9606.ENSP00000472929	9606.ENSP00000482457	VAV1	PLCG2	9606	0.987	0	0	0	0	0.292	0.4	0.973	VAV1	PLCG2	0.395534025452235	2.32529089792766e-20	5.71725481729637e-20
9606.ENSP00000472929	9606.ENSP00000483570	VAV1	BTK	9606	0.991	0	0	0	0	0.292	0.4	0.981	VAV1	BTK	0.872085655770546	3.0918559071407e-158	2.13632520060055e-156
9606.ENSP00000477613	9606.ENSP00000482657	BIRC2	MAP3K14	9606	0.716	0	0	0	0	0.457	0.5	0	BIRC2	MAP3K14	0.315202110273139	4.12511522220247e-13	8.17537469500693e-13
9606.ENSP00000477613	9606.ENSP00000481570	BIRC2	TNFAIP3	9606	0.716	0	0	0	0	0.457	0.5	0	BIRC2	TNFAIP3	0.374893545255147	2.68547913358779e-18	6.2805460648978e-18
9606.ENSP00000477613	9606.ENSP00000483825	BIRC2	IKBKG	9606	0.88	0	0	0	0	0.457	0.5	0.596	BIRC2	IKBKG	-0.33184855752656	1.90432696269134e-14	3.95062274510946e-14
9606.ENSP00000477613	9606.ENSP00000478771	BIRC2	UBB	9606	0.947	0	0	0	0	0.9	0.5	0	BIRC2	UBB	-0.511370484874574	5.37023186407233e-35	1.87570306201453e-34
9606.ENSP00000477613	9606.ENSP00000499058	BIRC2	DIABLO	9606	0.995	0	0	0	0	0.702	0.54	0.972	BIRC2	DIABLO	-0.436616146086658	6.39389045326216e-25	1.78512219169279e-24
9606.ENSP00000477760	9606.ENSP00000478771	ANAPC16	UBB	9606	0.895	0	0	0	0	0.8	0.5	0	ANAPC16	UBB	0.311640045992177	7.77392731892679e-13	1.52667787661136e-12
9606.ENSP00000477760	9606.ENSP00000478501	ANAPC16	ANAPC10	9606	0.997	0	0	0	0	0.944	0.9	0.537	ANAPC16	ANAPC10	0.343773445667548	1.86855078878042e-15	3.99639300097762e-15
9606.ENSP00000477908	9606.ENSP00000482259	CCL3	CCL4	9606	0.955	0	0	0	0	0.292	0	0.94	CCL3	CCL4	0.839891225147359	1.3551592189539e-135	4.39755660923794e-134
9606.ENSP00000478121	9606.ENSP00000496577	ELOC	SOCS1	9606	0.928	0	0	0	0	0.659	0.4	0.679	ELOC	SOCS1	0.380932068362116	6.92926375877597e-19	1.64517372599083e-18
9606.ENSP00000478766	9606.ENSP00000482543	NDUFC2-KCTD14	NDUFA6	9606	0.799	0	0	0	0	0.14	0.744	0.16	NDUFC2-KCTD14	NDUFA6	0.538445863219862	2.63566718229713e-39	1.00076529235858e-38
9606.ENSP00000478766	9606.ENSP00000497587	NDUFC2-KCTD14	NDUFV1	9606	0.816	0	0	0	0	0.257	0.744	0.111	NDUFC2-KCTD14	NDUFV1	0.536652671478328	5.22955025584847e-39	1.97385886096815e-38
9606.ENSP00000478771	9606.ENSP00000483688	UBB	PSMB3	9606	0.848	0	0	0	0	0.848	0	0	UBB	PSMB3	0.50517887192446	4.59369348299749e-34	1.57203991599749e-33
9606.ENSP00000478771	9606.ENSP00000481029	UBB	PSMC3	9606	0.862	0	0	0	0	0.862	0	0	UBB	PSMC3	0.53001147940881	6.38467007373654e-38	2.35814887050698e-37
9606.ENSP00000478771	9606.ENSP00000483825	UBB	IKBKG	9606	0.929	0	0	0	0	0.929	0	0	UBB	IKBKG	0.344642973614132	1.57134903756927e-15	3.36783966545496e-15
9606.ENSP00000478771	9606.ENSP00000499786	UBB	ITCH	9606	0.959	0	0	0	0	0.922	0.5	0	UBB	ITCH	-0.384934766768602	2.77902171199151e-19	6.65719894544759e-19
9606.ENSP00000478771	9606.ENSP00000478877	UBB	ADRM1	9606	0.977	0	0	0	0	0.975	0	0.112	UBB	ADRM1	0.446448744253307	4.15138846062765e-26	1.19179345942892e-25
9606.ENSP00000478877	9606.ENSP00000481021	ADRM1	SEM1	9606	0.776	0	0	0	0	0.571	0.5	0	ADRM1	SEM1	0.702013182684728	3.55997634262583e-76	2.76231319419791e-75
9606.ENSP00000478877	9606.ENSP00000483688	ADRM1	PSMB3	9606	0.839	0	0	0	0	0.675	0.5	0.088	ADRM1	PSMB3	0.81724035757613	1.75093900493496e-122	3.85776300935454e-121
9606.ENSP00000478877	9606.ENSP00000481029	ADRM1	PSMC3	9606	0.939	0	0	0	0	0.813	0.54	0.353	ADRM1	PSMC3	0.699423234248891	2.14749343813498e-75	1.64000683091255e-74
9606.ENSP00000478877	9606.ENSP00000484998	ADRM1	PSMC6	9606	0.976	0	0	0	0	0.903	0.54	0.506	ADRM1	PSMC6	0.396821825039647	1.70960761446683e-20	4.22288048155146e-20
9606.ENSP00000478927	9606.ENSP00000495360	YAP1	CTNNB1	9606	0.979	0	0	0	0	0.457	0	0.964	YAP1	CTNNB1	0.611419682340905	4.2714168302952e-53	2.10605731773341e-52
9606.ENSP00000478962	9606.ENSP00000495360	CBY1	CTNNB1	9606	0.956	0	0	0	0	0.457	0.9	0.258	CBY1	CTNNB1	-0.392929727755384	4.31351865643497e-20	1.053689489981e-19
9606.ENSP00000481029	9606.ENSP00000483688	PSMC3	PSMB3	9606	0.963	0	0	0	0	0.959	0	0.145	PSMC3	PSMB3	0.799629341816169	1.72739311982854e-113	3.1219095939677e-112
9606.ENSP00000481029	9606.ENSP00000484998	PSMC3	PSMC6	9606	0.997	0	0	0	0	0.972	0.72	0.757	PSMC3	PSMC6	0.380107824447041	8.35062128416501e-19	1.97847586618297e-18
9606.ENSP00000481249	9606.ENSP00000483403	SOCS2	GHR	9606	0.912	0	0	0	0	0.457	0.5	0.704	SOCS2	GHR	0.487688427227816	1.56563719684834e-31	5.10831256292597e-31
9606.ENSP00000482457	9606.ENSP00000483570	PLCG2	BTK	9606	0.997	0	0	0	0	0.457	0.8	0.982	PLCG2	BTK	0.428169649263063	6.24302411091868e-24	1.70137901514894e-23
9606.ENSP00000482543	9606.ENSP00000497474	NDUFA6	COX7B	9606	0.859	0	0	0	0	0.814	0	0.273	NDUFA6	COX7B	0.745315245810295	1.31503599938123e-90	1.37983684356562e-89
9606.ENSP00000482543	9606.ENSP00000483888	NDUFA6	NDUFB1	9606	0.994	0	0	0	0	0.951	0.9	0	NDUFA6	NDUFB1	0.681407737046996	3.44330516428337e-70	2.38402525927922e-69
9606.ENSP00000482543	9606.ENSP00000497587	NDUFA6	NDUFV1	9606	0.999	0	0	0	0	0.951	0.967	0.688	NDUFA6	NDUFV1	0.473174615598206	1.54204936938221e-29	4.81926013686619e-29
9606.ENSP00000483570	9606.ENSP00000498321	BTK	MYD88	9606	0.952	0	0	0	0	0.292	0	0.936	BTK	MYD88	0.601716600231452	4.69551564597746e-51	2.21928117339195e-50
9606.ENSP00000483688	9606.ENSP00000484998	PSMB3	PSMC6	9606	0.96	0	0	0	0	0.959	0	0	PSMB3	PSMC6	0.489301414613511	9.27274501947297e-32	3.03621119157921e-31
9606.ENSP00000483814	9606.ENSP00000498382	NPRL3	DEPDC5	9606	0.999	0	0	0	0	0.972	0.9	0.983	NPRL3	DEPDC5	-0.338259602357751	5.53498806091538e-15	1.16605237673222e-14
9606.ENSP00000483888	9606.ENSP00000497474	NDUFB1	COX7B	9606	0.864	0	0	0	0	0.814	0	0.301	NDUFB1	COX7B	0.873514618542599	2.21719932051466e-159	1.63189083322227e-157
9606.ENSP00000483888	9606.ENSP00000497587	NDUFB1	NDUFV1	9606	0.985	0	0	0	0	0.861	0.9	0	NDUFB1	NDUFV1	0.488462635083384	1.21801895747735e-31	3.98178904122866e-31
9606.ENSP00000484390	9606.ENSP00000499797	DAPK2	CALM2	9606	0.749	0	0	0	0	0.749	0	0	DAPK2	CALM2	0.512354434201184	3.80267215879707e-35	1.33415340645602e-34
9606.ENSP00000489597	9606.ENSP00000495360	PTPN11	CTNNB1	9606	0.771	0	0	0	0	0.292	0	0.691	PTPN11	CTNNB1	0.499132801478906	3.58251534617967e-33	1.2064856886985e-32
9606.ENSP00000489597	9606.ENSP00000499900	PTPN11	JAK1	9606	0.841	0	0	0	0	0.457	0.5	0.463	PTPN11	JAK1	0.67685631917229	6.21082879697931e-69	4.18324854714316e-68
9606.ENSP00000489829	9606.ENSP00000499797	CACNA1A	CALM2	9606	0.913	0	0	0	0	0.912	0	0.054	CACNA1A	CALM2	-0.313847036877601	5.25489637844903e-13	1.03840432910325e-12
9606.ENSP00000495240	9606.ENSP00000495360	CHD8	CTNNB1	9606	0.986	0	0	0	0	0.457	0.9	0.779	CHD8	CTNNB1	0.415231181503243	1.8123081144016e-22	4.72717347662483e-22
9606.ENSP00000496355	9606.ENSP00000498321	TLR5	MYD88	9606	0.989	0	0	0	0	0.457	0	0.982	TLR5	MYD88	0.464470391138493	2.1808550572863e-28	6.65793351874271e-28
9606.ENSP00000497474	9606.ENSP00000497587	COX7B	NDUFV1	9606	0.814	0	0	0	0	0.814	0	0	COX7B	NDUFV1	0.513982423087029	2.1428417067288e-35	7.55461409762042e-35
9606.ENSP00000497997	9606.ENSP00000498104	MALT1	BCL10	9606	0.999	0	0	0	0	0.96	0.9	0.982	MALT1	BCL10	0.356448781524115	1.4168741395114e-16	3.13192396844773e-16
9606.ENSP00000498071	9606.ENSP00000498104	CARD14	BCL10	9606	0.91	0	0	0	0	0.457	0	0.842	CARD14	BCL10	-0.358161934205843	9.90882919028462e-17	2.20420451348491e-16
9606.ENSP00000216190	9606.ENSP00000318646	EIF3D	RPS15A	9606	0.844	0	0	0	0	0.844	0	0	EIF3D	RPS15A	0.498192645351492	4.91251039763829e-33	1.64892161628592e-32
9606.ENSP00000216190	9606.ENSP00000498019	EIF3D	RPS17	9606	0.865	0	0	0	0	0.865	0	0	EIF3D	RPS17	0.545179580069808	1.93797194956569e-40	7.53309647598113e-40
9606.ENSP00000216190	9606.ENSP00000389351	EIF3D	RPSA	9606	0.865	0	0	0	0	0.865	0	0	EIF3D	RPSA	0.617060060043271	2.5775926555119e-54	1.29542843157023e-53
9606.ENSP00000216190	9606.ENSP00000379339	EIF3D	RPS29	9606	0.867	0	0	0	0	0.867	0	0	EIF3D	RPS29	0.501112719967649	1.83668357743442e-33	6.21218617915464e-33
9606.ENSP00000216190	9606.ENSP00000435777	EIF3D	RPS13	9606	0.868	0	0	0	0	0.868	0	0	EIF3D	RPS13	0.538865066630887	2.24422929441255e-39	8.52773548198588e-39
9606.ENSP00000216190	9606.ENSP00000385958	EIF3D	RPS14	9606	0.868	0	0	0	0	0.868	0	0	EIF3D	RPS14	0.523738336566576	6.45235582089712e-37	2.33309284702215e-36
9606.ENSP00000216190	9606.ENSP00000481646	EIF3D	RPS10	9606	0.869	0	0	0	0	0.869	0	0	EIF3D	RPS10	0.401488037002458	5.5456536198346e-21	1.38908024208779e-20
9606.ENSP00000216190	9606.ENSP00000345957	EIF3D	RPS21	9606	0.872	0	0	0	0	0.872	0	0	EIF3D	RPS21	0.461326971206437	5.57279663772912e-28	1.68060853472134e-27
9606.ENSP00000216190	9606.ENSP00000375632	EIF3D	RPS9	9606	0.877	0	0	0	0	0.877	0	0	EIF3D	RPS9	0.655585403260823	2.37416841910695e-63	1.43966738106682e-62
9606.ENSP00000216190	9606.ENSP00000346050	EIF3D	RPS3A	9606	0.88	0	0	0	0	0.88	0	0	EIF3D	RPS3A	0.611570908643659	3.96460111730475e-53	1.95667898680585e-52
9606.ENSP00000216190	9606.ENSP00000230050	EIF3D	RPS12	9606	0.88	0	0	0	0	0.879	0	0	EIF3D	RPS12	0.605001183348148	9.74095551175725e-52	4.6823892632711e-51
9606.ENSP00000216190	9606.ENSP00000362744	EIF3D	RPS4X	9606	0.881	0	0	0	0	0.881	0	0	EIF3D	RPS4X	0.596841299036736	4.68916777118838e-50	2.18076360128024e-49
9606.ENSP00000216190	9606.ENSP00000414321	EIF3D	RPS24	9606	0.885	0	0	0	0	0.885	0	0	EIF3D	RPS24	0.534628028020193	1.12799679938105e-38	4.22769870528169e-38
9606.ENSP00000216190	9606.ENSP00000341885	EIF3D	RPS2	9606	0.885	0	0	0	0	0.885	0	0	EIF3D	RPS2	0.548949894989499	4.3789364621836e-41	1.72324128812084e-40
9606.ENSP00000216190	9606.ENSP00000495273	EIF3D	RPS7	9606	0.885	0	0	0	0	0.885	0	0	EIF3D	RPS7	0.420855066873147	4.26742334946049e-23	1.133478529301e-22
9606.ENSP00000216190	9606.ENSP00000379888	EIF3D	RPS8	9606	0.887	0	0	0	0	0.887	0	0	EIF3D	RPS8	0.584647408840263	1.25118702377521e-47	5.58852533002852e-47
9606.ENSP00000216190	9606.ENSP00000470972	EIF3D	RPS19	9606	0.887	0	0	0	0	0.887	0	0	EIF3D	RPS19	0.415183195338167	1.83459506839106e-22	4.78284961746611e-22
9606.ENSP00000216190	9606.ENSP00000296674	EIF3D	RPS23	9606	0.887	0	0	0	0	0.887	0	0	EIF3D	RPS23	0.535253804883594	8.89948188884708e-39	3.34166497393789e-38
9606.ENSP00000216190	9606.ENSP00000278572	EIF3D	RPS3	9606	0.887	0	0	0	0	0.887	0	0	EIF3D	RPS3	0.625937314228317	2.76186948238968e-56	1.4557503026794e-55
9606.ENSP00000216190	9606.ENSP00000435096	EIF3D	RPS25	9606	0.887	0	0	0	0	0.887	0	0	EIF3D	RPS25	0.489027474175989	1.01374336307896e-31	3.3172008179101e-31
9606.ENSP00000216190	9606.ENSP00000466010	EIF3D	RPS15	9606	0.887	0	0	0	0	0.887	0	0	EIF3D	RPS15	0.359527536604592	7.43953977943734e-17	1.66109926444812e-16
9606.ENSP00000216190	9606.ENSP00000429374	EIF3D	RPS20	9606	0.89	0	0	0	0	0.889	0	0	EIF3D	RPS20	0.485916852554821	2.77427619589092e-31	9.00265920819938e-31
9606.ENSP00000216190	9606.ENSP00000393241	EIF3D	RPS18	9606	0.896	0	0	0	0	0.895	0	0	EIF3D	RPS18	0.564824463812841	6.75196453837048e-44	2.80489586160446e-43
9606.ENSP00000216190	9606.ENSP00000270625	EIF3D	RPS11	9606	0.898	0	0	0	0	0.898	0	0	EIF3D	RPS11	0.499312726303686	3.37208629322053e-33	1.1363729422774e-32
9606.ENSP00000216190	9606.ENSP00000367806	EIF3D	RPS16	9606	0.905	0	0	0	0	0.904	0	0	EIF3D	RPS16	0.457974089334399	1.49980676231751e-27	4.4817703103439e-27
9606.ENSP00000216190	9606.ENSP00000293831	EIF3D	EIF4A1	9606	0.928	0	0	0	0	0.928	0	0	EIF3D	EIF4A1	0.304624189126987	2.64209478404699e-12	5.08349246477842e-12
9606.ENSP00000216190	9606.ENSP00000472985	EIF3D	RPS5	9606	0.932	0	0	0	0	0.932	0	0	EIF3D	RPS5	0.636882166477517	8.37483648992285e-59	4.61297257202529e-58
9606.ENSP00000216190	9606.ENSP00000499044	EIF3D	RPS27	9606	0.94	0	0	0	0	0.939	0	0	EIF3D	RPS27	0.499090219580964	3.63418932663036e-33	1.22348229998623e-32
9606.ENSP00000216190	9606.ENSP00000431822	EIF3D	FAU	9606	0.947	0	0	0	0	0.947	0	0	EIF3D	FAU	0.398222089289674	1.22175540656822e-20	3.03259278213914e-20
9606.ENSP00000216190	9606.ENSP00000364119	EIF3D	EIF2S2	9606	0.95	0	0	0	0	0.863	0.65	0	EIF3D	EIF2S2	0.385638719151418	2.36342173968913e-19	5.67098384361504e-19
9606.ENSP00000216190	9606.ENSP00000253039	EIF3D	EIF2S3	9606	0.958	0	0	0	0	0.885	0.65	0	EIF3D	EIF2S3	0.414655999761467	2.09798229772637e-22	5.46249838451851e-22
9606.ENSP00000216190	9606.ENSP00000499067	EIF3D	EIF3L	9606	0.995	0	0	0	0	0.96	0.9	0	EIF3D	EIF3L	0.751087841703425	9.37841395367795e-93	1.01336755880327e-91
9606.ENSP00000216190	9606.ENSP00000253108	EIF3D	EIF3G	9606	0.997	0	0	0	0	0.939	0.9	0.559	EIF3D	EIF3G	0.540668414667554	1.12092644167342e-39	4.28177881462087e-39
9606.ENSP00000216190	9606.ENSP00000248342	EIF3D	EIF3K	9606	0.997	0	0	0	0	0.974	0.9	0	EIF3D	EIF3K	0.449637541393891	1.6775182459388e-26	4.88210682636116e-26
9606.ENSP00000216190	9606.ENSP00000354125	EIF3D	EIF3B	9606	0.997	0	0	0	0	0.939	0.9	0.642	EIF3D	EIF3B	0.52953357447546	7.62800639675917e-38	2.81429934514649e-37
9606.ENSP00000216190	9606.ENSP00000429931	EIF3D	EIF3H	9606	0.997	0	0	0	0	0.953	0.9	0.462	EIF3D	EIF3H	0.687745172032731	5.61426372590144e-72	4.01861005383939e-71
9606.ENSP00000216190	9606.ENSP00000436049	EIF3D	EIF3M	9606	0.998	0	0	0	0	0.956	0.9	0.65	EIF3D	EIF3M	0.323864684605106	8.52399963588e-14	1.73468772393575e-13
9606.ENSP00000216190	9606.ENSP00000431800	EIF3D	EIF3F	9606	0.998	0	0	0	0	0.954	0.9	0.792	EIF3D	EIF3F	0.667650243285198	1.84485816765462e-66	1.16821847935586e-65
9606.ENSP00000216190	9606.ENSP00000220849	EIF3D	EIF3E	9606	0.999	0	0	0	0	0.989	0.9	0.92	EIF3D	EIF3E	0.581788271994901	4.4819491641762e-47	1.98012864987115e-46
9606.ENSP00000216190	9606.ENSP00000332604	EIF3D	EIF3C	9606	0.999	0	0	0	0	0.979	0.9	0.914	EIF3D	EIF3C	0.388118159642051	1.33166832808007e-19	3.2127684580307e-19
9606.ENSP00000220849	9606.ENSP00000318646	EIF3E	RPS15A	9606	0.844	0	0	0	0	0.844	0	0	EIF3E	RPS15A	0.580573802721887	7.67707968243559e-47	3.3755886724891e-46
9606.ENSP00000220849	9606.ENSP00000498019	EIF3E	RPS17	9606	0.865	0	0	0	0	0.865	0	0	EIF3E	RPS17	0.523419391628604	7.24829505380525e-37	2.61809860816145e-36
9606.ENSP00000220849	9606.ENSP00000472985	EIF3E	RPS5	9606	0.867	0	0	0	0	0.867	0	0	EIF3E	RPS5	0.477864774055045	3.58364885247358e-30	1.13569801543133e-29
9606.ENSP00000220849	9606.ENSP00000379339	EIF3E	RPS29	9606	0.867	0	0	0	0	0.867	0	0	EIF3E	RPS29	0.497004079289916	7.31206110175654e-33	2.44304620429412e-32
9606.ENSP00000220849	9606.ENSP00000362744	EIF3E	RPS4X	9606	0.867	0	0	0	0	0.867	0	0	EIF3E	RPS4X	0.554385935487959	4.95934658010332e-42	1.99414422858707e-41
9606.ENSP00000220849	9606.ENSP00000385958	EIF3E	RPS14	9606	0.868	0	0	0	0	0.868	0	0	EIF3E	RPS14	0.443411732477596	9.75311116232093e-26	2.77407869156241e-25
9606.ENSP00000220849	9606.ENSP00000435777	EIF3E	RPS13	9606	0.868	0	0	0	0	0.868	0	0	EIF3E	RPS13	0.516353405526888	9.24257530639746e-36	3.28240690164612e-35
9606.ENSP00000220849	9606.ENSP00000499044	EIF3E	RPS27	9606	0.869	0	0	0	0	0.869	0	0	EIF3E	RPS27	0.533040757491898	2.05332451818183e-38	7.65343747932948e-38
9606.ENSP00000220849	9606.ENSP00000345957	EIF3E	RPS21	9606	0.872	0	0	0	0	0.872	0	0	EIF3E	RPS21	0.35490437242482	1.95225924057098e-16	4.29294156884161e-16
9606.ENSP00000220849	9606.ENSP00000375632	EIF3E	RPS9	9606	0.877	0	0	0	0	0.877	0	0	EIF3E	RPS9	0.475787765111915	6.85799401699094e-30	2.15989597614192e-29
9606.ENSP00000220849	9606.ENSP00000230050	EIF3E	RPS12	9606	0.88	0	0	0	0	0.879	0	0	EIF3E	RPS12	0.515556462478546	1.22705716528886e-35	4.34864606693613e-35
9606.ENSP00000220849	9606.ENSP00000389351	EIF3E	RPSA	9606	0.88	0	0	0	0	0.88	0	0	EIF3E	RPSA	0.420295352516618	4.93407314455301e-23	1.30713043633868e-22
9606.ENSP00000220849	9606.ENSP00000481646	EIF3E	RPS10	9606	0.881	0	0	0	0	0.881	0	0	EIF3E	RPS10	0.314671746677773	4.53571834226489e-13	8.98036865543557e-13
9606.ENSP00000220849	9606.ENSP00000414321	EIF3E	RPS24	9606	0.885	0	0	0	0	0.885	0	0	EIF3E	RPS24	0.531222221601042	4.062758637952e-38	1.50493944149083e-37
9606.ENSP00000220849	9606.ENSP00000495273	EIF3E	RPS7	9606	0.885	0	0	0	0	0.885	0	0	EIF3E	RPS7	0.432882449735657	1.76463765834914e-24	4.87314428924749e-24
9606.ENSP00000220849	9606.ENSP00000429374	EIF3E	RPS20	9606	0.89	0	0	0	0	0.89	0	0	EIF3E	RPS20	0.447686135073135	2.92402689350277e-26	8.44450985422451e-26
9606.ENSP00000220849	9606.ENSP00000346050	EIF3E	RPS3A	9606	0.891	0	0	0	0	0.891	0	0	EIF3E	RPS3A	0.633670354613101	4.7041649073848e-58	2.56056821888036e-57
9606.ENSP00000220849	9606.ENSP00000270625	EIF3E	RPS11	9606	0.893	0	0	0	0	0.892	0	0	EIF3E	RPS11	0.369206765397037	9.37415294915848e-18	2.15560949750063e-17
9606.ENSP00000220849	9606.ENSP00000393241	EIF3E	RPS18	9606	0.896	0	0	0	0	0.895	0	0	EIF3E	RPS18	0.540848153138295	1.04574983065794e-39	3.99611776899652e-39
9606.ENSP00000220849	9606.ENSP00000341885	EIF3E	RPS2	9606	0.896	0	0	0	0	0.895	0	0	EIF3E	RPS2	0.40006214907205	7.8376418485661e-21	1.9545035172081e-20
9606.ENSP00000220849	9606.ENSP00000379888	EIF3E	RPS8	9606	0.897	0	0	0	0	0.897	0	0	EIF3E	RPS8	0.552982969104364	8.73422311007477e-42	3.49128312196102e-41
9606.ENSP00000220849	9606.ENSP00000435096	EIF3E	RPS25	9606	0.897	0	0	0	0	0.897	0	0	EIF3E	RPS25	0.589557558240296	1.35749259234047e-48	6.17191238155869e-48
9606.ENSP00000220849	9606.ENSP00000296674	EIF3E	RPS23	9606	0.898	0	0	0	0	0.897	0	0	EIF3E	RPS23	0.497568452497424	6.05484450021961e-33	2.02566059251418e-32
9606.ENSP00000220849	9606.ENSP00000367806	EIF3E	RPS16	9606	0.904	0	0	0	0	0.904	0	0	EIF3E	RPS16	0.311213108888529	8.38258715032584e-13	1.64430161618114e-12
9606.ENSP00000220849	9606.ENSP00000278572	EIF3E	RPS3	9606	0.927	0	0	0	0	0.897	0	0.315	EIF3E	RPS3	0.509376030770779	1.07734004139091e-34	3.73720724057633e-34
9606.ENSP00000220849	9606.ENSP00000431822	EIF3E	FAU	9606	0.947	0	0	0	0	0.947	0	0	EIF3E	FAU	0.318969629882243	2.09085525675327e-13	4.19617009342875e-13
9606.ENSP00000220849	9606.ENSP00000364119	EIF3E	EIF2S2	9606	0.95	0	0	0	0	0.863	0.65	0	EIF3E	EIF2S2	0.336682115416511	7.52178306562878e-15	1.57946559019209e-14
9606.ENSP00000220849	9606.ENSP00000253039	EIF3E	EIF2S3	9606	0.958	0	0	0	0	0.885	0.65	0	EIF3E	EIF2S3	0.544663565735455	2.37203992448085e-40	9.19923998203589e-40
9606.ENSP00000220849	9606.ENSP00000261868	EIF3E	EIF3J	9606	0.997	0	0	0	0	0.886	0.9	0.759	EIF3E	EIF3J	0.300847817701025	5.03608173212581e-12	9.60410855298571e-12
9606.ENSP00000220849	9606.ENSP00000436049	EIF3E	EIF3M	9606	0.999	0	0	0	0	0.963	0.9	0.838	EIF3E	EIF3M	0.341453058349313	2.95881441120868e-15	6.29375454966421e-15
9606.ENSP00000220849	9606.ENSP00000499067	EIF3E	EIF3L	9606	0.999	0	0	0	0	0.978	0.9	0.811	EIF3E	EIF3L	0.575073656433966	8.54173594285198e-46	3.68400900091497e-45
9606.ENSP00000220849	9606.ENSP00000431800	EIF3E	EIF3F	9606	0.999	0	0	0	0	0.984	0.9	0.96	EIF3E	EIF3F	0.459491011212923	9.59621408693593e-28	2.88113350520273e-27
9606.ENSP00000220849	9606.ENSP00000429931	EIF3E	EIF3H	9606	0.999	0	0	0	0	0.971	0.9	0.909	EIF3E	EIF3H	0.740986893720428	4.90809089059461e-89	4.97519752253188e-88
9606.ENSP00000229179	9606.ENSP00000290158	NUP107	KPNB1	9606	0.788	0	0	0	0	0.595	0.5	0	NUP107	KPNB1	0.356104306082782	1.5221126599874e-16	3.36089093206348e-16
9606.ENSP00000229179	9606.ENSP00000361658	NUP107	NUP188	9606	0.936	0	0	0	0	0.879	0.5	0	NUP107	NUP188	0.378015814003761	1.33768119613211e-18	3.15312785080386e-18
9606.ENSP00000229179	9606.ENSP00000360483	NUP107	NDC1	9606	0.937	0	0	0	0	0.879	0.5	0	NUP107	NDC1	0.448459038450429	2.34741160665279e-26	6.8005304303401e-26
9606.ENSP00000229179	9606.ENSP00000264883	NUP107	NUP54	9606	0.945	0	0	0	0	0.892	0.5	0.075	NUP107	NUP54	0.531479483352062	3.68981605666575e-38	1.36828994843205e-37
9606.ENSP00000229179	9606.ENSP00000444029	NUP107	NUP153	9606	0.953	0	0	0	0	0.757	0.5	0.644	NUP107	NUP153	0.479545594310984	2.11253452947598e-30	6.73901168840689e-30
9606.ENSP00000229179	9606.ENSP00000371155	NUP107	NUP58	9606	0.961	0	0	0	0	0.919	0.5	0.106	NUP107	NUP58	0.436292355943669	6.98581077760058e-25	1.9477046409028e-24
9606.ENSP00000229179	9606.ENSP00000471191	NUP107	NUP62	9606	0.961	0	0	0	0	0.888	0.5	0.363	NUP107	NUP62	0.446001121851316	4.71088115331083e-26	1.34936322262206e-25
9606.ENSP00000229179	9606.ENSP00000283195	NUP107	RANBP2	9606	0.978	0	0	0	0	0.941	0.5	0.328	NUP107	RANBP2	0.319829933303889	1.78793164801177e-13	3.59746865072415e-13
9606.ENSP00000229179	9606.ENSP00000231498	NUP107	NUP155	9606	0.983	0	0	0	0	0.935	0.5	0.534	NUP107	NUP155	0.513619405418803	2.43585784710776e-35	8.57871295182853e-35
9606.ENSP00000229179	9606.ENSP00000285968	NUP107	NUP205	9606	0.991	0	0	0	0	0.939	0.5	0.731	NUP107	NUP205	0.49769349605768	5.80668485384416e-33	1.9445597777941e-32
9606.ENSP00000229179	9606.ENSP00000367721	NUP107	NUP160	9606	0.999	0	0	0	0	0.972	0.9	0.982	NUP107	NUP160	0.447254911826586	3.30443453617209e-26	9.52956887674616e-26
9606.ENSP00000229179	9606.ENSP00000316032	NUP107	NUP98	9606	0.999	0	0	0	0	0.989	0.9	0.984	NUP107	NUP98	0.430347941626461	3.49007084443062e-24	9.56520495598538e-24
9606.ENSP00000229179	9606.ENSP00000261396	NUP107	NUP133	9606	0.999	0	0	0	0	0.972	0.9	0.982	NUP107	NUP133	0.383847856835373	3.56599324885411e-19	8.51228987746445e-19
9606.ENSP00000229769	9606.ENSP00000464357	FANCE	CENPX	9606	0.985	0	0	0	0	0.734	0.9	0.506	FANCE	CENPX	-0.399007385210571	1.01122875539999e-20	2.51679746841405e-20
9606.ENSP00000230050	9606.ENSP00000293831	RPS12	EIF4A1	9606	0.808	0	0	0	0	0.808	0	0	RPS12	EIF4A1	0.359969941093488	6.7778441809331e-17	1.5153546851362e-16
9606.ENSP00000230050	9606.ENSP00000431800	RPS12	EIF3F	9606	0.808	0	0	0	0	0.808	0	0	RPS12	EIF3F	0.611554602665235	3.99660199351377e-53	1.9715146405109e-52
9606.ENSP00000230050	9606.ENSP00000436049	RPS12	EIF3M	9606	0.816	0	0	0	0	0.816	0	0	RPS12	EIF3M	0.307741612670584	1.54033919968632e-12	2.99372852108954e-12
9606.ENSP00000230050	9606.ENSP00000429931	RPS12	EIF3H	9606	0.816	0	0	0	0	0.816	0	0	RPS12	EIF3H	0.711164563661335	5.30408115523794e-79	4.33764511221834e-78
9606.ENSP00000230050	9606.ENSP00000499067	RPS12	EIF3L	9606	0.857	0	0	0	0	0.857	0	0	RPS12	EIF3L	0.498001911992441	5.23683344523733e-33	1.75604216914082e-32
9606.ENSP00000230050	9606.ENSP00000331019	RPS12	RPS27L	9606	0.862	0	0	0	0	0.712	0.54	0	RPS12	RPS27L	0.301383678740545	4.59819929808245e-12	8.77893050199688e-12
9606.ENSP00000230050	9606.ENSP00000253108	RPS12	EIF3G	9606	0.868	0	0	0	0	0.868	0	0	RPS12	EIF3G	0.544265047622775	2.77208271984502e-40	1.07179460165458e-39
9606.ENSP00000230050	9606.ENSP00000248342	RPS12	EIF3K	9606	0.868	0	0	0	0	0.868	0	0	RPS12	EIF3K	0.518638385577688	4.08427204543784e-36	1.45813536609885e-35
9606.ENSP00000230050	9606.ENSP00000362688	RPS12	EIF3I	9606	0.875	0	0	0	0	0.875	0	0	RPS12	EIF3I	0.325770434186276	5.98423348878105e-14	1.22469997069412e-13
9606.ENSP00000230050	9606.ENSP00000253039	RPS12	EIF2S3	9606	0.89	0	0	0	0	0.889	0	0	RPS12	EIF2S3	0.403948935266197	3.04058258612817e-21	7.67475082686477e-21
9606.ENSP00000230050	9606.ENSP00000364119	RPS12	EIF2S2	9606	0.908	0	0	0	0	0.907	0	0	RPS12	EIF2S2	0.591677614966465	5.14203245520083e-49	2.35259565979616e-48
9606.ENSP00000230050	9606.ENSP00000354125	RPS12	EIF3B	9606	0.914	0	0	0	0	0.914	0	0	RPS12	EIF3B	0.453734628121197	5.16317366513297e-27	1.52537390682826e-26
9606.ENSP00000230050	9606.ENSP00000499044	RPS12	RPS27	9606	0.99	0	0	0	0	0.905	0.9	0	RPS12	RPS27	0.67216196774957	1.16212925795834e-67	7.59083400198252e-67
9606.ENSP00000230050	9606.ENSP00000362744	RPS12	RPS4X	9606	0.993	0	0	0	0	0.939	0.9	0	RPS12	RPS4X	0.53521178204777	9.04241466250302e-39	3.3940800342588e-38
9606.ENSP00000230050	9606.ENSP00000385958	RPS12	RPS14	9606	0.993	0	0	0	0	0.94	0.9	0	RPS12	RPS14	0.627976586478524	9.54158389127035e-57	5.08467301068379e-56
9606.ENSP00000230050	9606.ENSP00000318646	RPS12	RPS15A	9606	0.993	0	0	0	0	0.94	0.9	0	RPS12	RPS15A	0.689953746927488	1.30453912835138e-72	9.47797133523963e-72
9606.ENSP00000230050	9606.ENSP00000498019	RPS12	RPS17	9606	0.994	0	0	0	0	0.947	0.9	0	RPS12	RPS17	0.695761191025935	2.63792968337893e-74	1.97010674956469e-73
9606.ENSP00000230050	9606.ENSP00000466010	RPS12	RPS15	9606	0.994	0	0	0	0	0.947	0.9	0	RPS12	RPS15	0.434865536243065	1.03078070689651e-24	2.86055727867426e-24
9606.ENSP00000230050	9606.ENSP00000379339	RPS12	RPS29	9606	0.995	0	0	0	0	0.952	0.9	0	RPS12	RPS29	0.689027101467911	2.41038435524657e-72	1.73879786194882e-71
9606.ENSP00000230050	9606.ENSP00000414321	RPS12	RPS24	9606	0.996	0	0	0	0	0.962	0.9	0	RPS12	RPS24	0.562112080773295	2.09255282132844e-43	8.62933780196223e-43
9606.ENSP00000230050	9606.ENSP00000375632	RPS12	RPS9	9606	0.996	0	0	0	0	0.969	0.9	0	RPS12	RPS9	0.648685085899894	1.23184477720147e-61	7.23228173528055e-61
9606.ENSP00000230050	9606.ENSP00000431822	RPS12	FAU	9606	0.996	0	0	0	0	0.964	0.9	0	RPS12	FAU	0.453552653401986	5.44244316290941e-27	1.60741189897269e-26
9606.ENSP00000230050	9606.ENSP00000345957	RPS12	RPS21	9606	0.996	0	0	0	0	0.964	0.9	0	RPS12	RPS21	0.642342060292986	4.24841254395439e-60	2.39595370399471e-59
9606.ENSP00000230050	9606.ENSP00000393241	RPS12	RPS18	9606	0.996	0	0	0	0	0.969	0.9	0	RPS12	RPS18	0.625321227774951	3.8017126946669e-56	1.99865402897162e-55
9606.ENSP00000230050	9606.ENSP00000495273	RPS12	RPS7	9606	0.996	0	0	0	0	0.967	0.9	0	RPS12	RPS7	0.543215874382469	4.17411791078225e-40	1.60532054599831e-39
9606.ENSP00000230050	9606.ENSP00000367806	RPS12	RPS16	9606	0.997	0	0	0	0	0.975	0.9	0	RPS12	RPS16	0.590936391775824	7.22590039483956e-49	3.30006611107848e-48
9606.ENSP00000230050	9606.ENSP00000379888	RPS12	RPS8	9606	0.997	0	0	0	0	0.976	0.9	0	RPS12	RPS8	0.682749486128737	1.45305596111177e-70	1.014342913884e-69
9606.ENSP00000230050	9606.ENSP00000435777	RPS12	RPS13	9606	0.997	0	0	0	0	0.973	0.9	0	RPS12	RPS13	0.70130121707823	5.84574610403842e-76	4.51522761815347e-75
9606.ENSP00000230050	9606.ENSP00000470972	RPS12	RPS19	9606	0.997	0	0	0	0	0.975	0.9	0	RPS12	RPS19	0.498110370043215	5.0498972321891e-33	1.69447658365856e-32
9606.ENSP00000230050	9606.ENSP00000296674	RPS12	RPS23	9606	0.997	0	0	0	0	0.976	0.9	0	RPS12	RPS23	0.675730833952961	1.25977430465474e-68	8.42920132567734e-68
9606.ENSP00000230050	9606.ENSP00000346050	RPS12	RPS3A	9606	0.997	0	0	0	0	0.975	0.9	0.187	RPS12	RPS3A	0.709138895255985	2.28986095865403e-78	1.8444185374345e-77
9606.ENSP00000230050	9606.ENSP00000270625	RPS12	RPS11	9606	0.997	0	0	0	0	0.975	0.9	0	RPS12	RPS11	0.600023760139989	1.04870538717794e-50	4.94049193764672e-50
9606.ENSP00000230050	9606.ENSP00000472985	RPS12	RPS5	9606	0.997	0	0	0	0	0.972	0.9	0	RPS12	RPS5	0.772913813120442	1.94596220401707e-101	2.57694108294672e-100
9606.ENSP00000230050	9606.ENSP00000278572	RPS12	RPS3	9606	0.997	0	0	0	0	0.975	0.9	0	RPS12	RPS3	0.644086986338385	1.61755432327526e-60	9.21969655527881e-60
9606.ENSP00000230050	9606.ENSP00000341885	RPS12	RPS2	9606	0.997	0	0	0	0	0.975	0.9	0	RPS12	RPS2	0.557243301969948	1.55307196422873e-42	6.3174016582584e-42
9606.ENSP00000230050	9606.ENSP00000481646	RPS12	RPS10	9606	0.997	0	0	0	0	0.978	0.9	0	RPS12	RPS10	0.535020489626602	9.72235166360946e-39	3.64794702058668e-38
9606.ENSP00000230050	9606.ENSP00000429374	RPS12	RPS20	9606	0.997	0	0	0	0	0.971	0.9	0.16	RPS12	RPS20	0.540207467951764	1.33910079700461e-39	5.10940901396536e-39
9606.ENSP00000230050	9606.ENSP00000435096	RPS12	RPS25	9606	0.998	0	0	0	0	0.97	0.9	0.476	RPS12	RPS25	0.564779459312391	6.88046992823231e-44	2.85711091827701e-43
9606.ENSP00000230050	9606.ENSP00000389351	RPS12	RPSA	9606	0.998	0	0	0	0	0.971	0.9	0.444	RPS12	RPSA	0.585346609195081	9.14047855258979e-48	4.09166331682039e-47
9606.ENSP00000231498	9606.ENSP00000481575	NUP155	POM121C	9606	0.78	0	0	0	0	0.44	0.5	0.278	NUP155	POM121C	0.65682503032912	1.15508914413129e-63	7.04216112661556e-63
9606.ENSP00000231498	9606.ENSP00000345895	NUP155	NUP50	9606	0.806	0	0	0	0	0.073	0.8	0	NUP155	NUP50	0.466805686779858	1.07939615639476e-28	3.31521825234398e-28
9606.ENSP00000231498	9606.ENSP00000261396	NUP155	NUP133	9606	0.947	0	0	0	0	0.898	0.5	0	NUP155	NUP133	0.733288422009903	2.57320521757708e-86	2.47266276205586e-85
9606.ENSP00000231498	9606.ENSP00000471191	NUP155	NUP62	9606	0.953	0	0	0	0	0.877	0.5	0.293	NUP155	NUP62	0.352013182684728	3.54074344519436e-16	7.73072467171951e-16
9606.ENSP00000231498	9606.ENSP00000342262	NUP155	NUP43	9606	0.959	0	0	0	0	0.804	0.8	0	NUP155	NUP43	0.420220438192888	5.03076600494512e-23	1.33170420412373e-22
9606.ENSP00000231498	9606.ENSP00000254508	NUP155	NUP210	9606	0.961	0	0	0	0	0.817	0.8	0	NUP155	NUP210	0.363509922420813	3.19968969423559e-17	7.2333069718119e-17
9606.ENSP00000231498	9606.ENSP00000360483	NUP155	NDC1	9606	0.964	0	0	0	0	0.829	0.8	0	NUP155	NDC1	0.678886832782657	1.72007034545741e-69	1.16939454476646e-68
9606.ENSP00000231498	9606.ENSP00000367721	NUP155	NUP160	9606	0.966	0	0	0	0	0.915	0.5	0.275	NUP155	NUP160	0.49855948327752	4.34363455159604e-33	1.46087073313116e-32
9606.ENSP00000231498	9606.ENSP00000371155	NUP155	NUP58	9606	0.969	0	0	0	0	0.941	0.5	0	NUP155	NUP58	0.688085081800105	4.48861335498929e-72	3.21742031380566e-71
9606.ENSP00000231498	9606.ENSP00000352400	NUP155	NUP214	9606	0.982	0	0	0	0	0.903	0.8	0.184	NUP155	NUP214	0.465768347021037	1.47621851111167e-28	4.52033506703686e-28
9606.ENSP00000231498	9606.ENSP00000444029	NUP155	NUP153	9606	0.984	0	0	0	0	0.575	0.8	0.831	NUP155	NUP153	0.822656271838364	1.90434238340836e-125	4.62736975796142e-124
9606.ENSP00000231498	9606.ENSP00000264883	NUP155	NUP54	9606	0.987	0	0	0	0	0.975	0.5	0	NUP155	NUP54	0.347816210192448	8.31229397876231e-16	1.79557571123541e-15
9606.ENSP00000231498	9606.ENSP00000283195	NUP155	RANBP2	9606	0.993	0	0	0	0	0.868	0.8	0.761	NUP155	RANBP2	0.722830233333892	9.05084477137519e-83	8.03578936563442e-82
9606.ENSP00000231498	9606.ENSP00000361658	NUP155	NUP188	9606	0.998	0	0	0	0	0.851	0.8	0.959	NUP155	NUP188	0.356732039663594	1.33572451260921e-16	2.95511955446999e-16
9606.ENSP00000231498	9606.ENSP00000316032	NUP155	NUP98	9606	0.998	0	0	0	0	0.964	0.5	0.897	NUP155	NUP98	0.682544123977615	1.65867702367378e-70	1.15629255521308e-69
9606.ENSP00000231498	9606.ENSP00000285968	NUP155	NUP205	9606	0.999	0	0	0	0	0.98	0.8	0.983	NUP155	NUP205	0.645240424663584	8.51414500821937e-61	4.88577236432114e-60
9606.ENSP00000245544	9606.ENSP00000444029	NUP85	NUP153	9606	0.939	0	0	0	0	0.71	0.8	0	NUP85	NUP153	-0.321180627379508	1.39698324203745e-13	2.82090631995514e-13
9606.ENSP00000245544	9606.ENSP00000283195	NUP85	RANBP2	9606	0.953	0	0	0	0	0.91	0.5	0	NUP85	RANBP2	-0.451710636902199	9.25959542447434e-27	2.71662942594991e-26
9606.ENSP00000248342	9606.ENSP00000293831	EIF3K	EIF4A1	9606	0.8	0	0	0	0	0.8	0	0	EIF3K	EIF4A1	0.400657922935151	6.78426124975604e-21	1.69431378199587e-20
9606.ENSP00000248342	9606.ENSP00000318646	EIF3K	RPS15A	9606	0.844	0	0	0	0	0.844	0	0	EIF3K	RPS15A	0.665597553544174	6.38694632127582e-66	4.01188706154598e-65
9606.ENSP00000248342	9606.ENSP00000364119	EIF3K	EIF2S2	9606	0.863	0	0	0	0	0.863	0	0	EIF3K	EIF2S2	0.596597361599514	5.25597074267868e-50	2.44324461480034e-49
9606.ENSP00000248342	9606.ENSP00000375632	EIF3K	RPS9	9606	0.865	0	0	0	0	0.865	0	0	EIF3K	RPS9	0.577395720938553	3.10608017547701e-46	1.34937794449615e-45
9606.ENSP00000248342	9606.ENSP00000389351	EIF3K	RPSA	9606	0.865	0	0	0	0	0.865	0	0	EIF3K	RPSA	0.577428798780499	3.06146255052212e-46	1.33113335298173e-45
9606.ENSP00000248342	9606.ENSP00000498019	EIF3K	RPS17	9606	0.865	0	0	0	0	0.865	0	0	EIF3K	RPS17	0.695320929608489	3.55728859407707e-74	2.65281793318949e-73
9606.ENSP00000248342	9606.ENSP00000472985	EIF3K	RPS5	9606	0.867	0	0	0	0	0.867	0	0	EIF3K	RPS5	0.607897684178356	2.39660048642255e-52	1.16749501873352e-51
9606.ENSP00000248342	9606.ENSP00000362744	EIF3K	RPS4X	9606	0.867	0	0	0	0	0.867	0	0	EIF3K	RPS4X	0.47273864032366	1.76406517111439e-29	5.49451393529863e-29
9606.ENSP00000248342	9606.ENSP00000379339	EIF3K	RPS29	9606	0.867	0	0	0	0	0.867	0	0	EIF3K	RPS29	0.612586444979902	2.40078694775474e-53	1.18776390785898e-52
9606.ENSP00000248342	9606.ENSP00000385958	EIF3K	RPS14	9606	0.868	0	0	0	0	0.868	0	0	EIF3K	RPS14	0.707191775078129	9.23084353406417e-78	7.35354335494037e-77
9606.ENSP00000248342	9606.ENSP00000435777	EIF3K	RPS13	9606	0.868	0	0	0	0	0.868	0	0	EIF3K	RPS13	0.746489555787877	4.8634100930322e-91	5.15095477736476e-90
9606.ENSP00000248342	9606.ENSP00000499044	EIF3K	RPS27	9606	0.869	0	0	0	0	0.869	0	0	EIF3K	RPS27	0.404986927264155	2.35622484007917e-21	5.96663567705913e-21
9606.ENSP00000248342	9606.ENSP00000345957	EIF3K	RPS21	9606	0.872	0	0	0	0	0.872	0	0	EIF3K	RPS21	0.710631218401343	7.80524231103088e-79	6.3473055366806e-78
9606.ENSP00000248342	9606.ENSP00000270625	EIF3K	RPS11	9606	0.873	0	0	0	0	0.873	0	0	EIF3K	RPS11	0.756131606949515	1.11535688831199e-94	1.24902755397849e-93
9606.ENSP00000248342	9606.ENSP00000472469	EIF3K	RPS28	9606	0.873	0	0	0	0	0.873	0	0	EIF3K	RPS28	0.498520721637381	4.40052114266708e-33	1.47951318259085e-32
9606.ENSP00000248342	9606.ENSP00000429374	EIF3K	RPS20	9606	0.879	0	0	0	0	0.879	0	0	EIF3K	RPS20	0.68810558074441	4.4284040758132e-72	3.17650425127363e-71
9606.ENSP00000248342	9606.ENSP00000346050	EIF3K	RPS3A	9606	0.88	0	0	0	0	0.88	0	0	EIF3K	RPS3A	0.580013995188339	9.83112748342455e-47	4.31151821455713e-46
9606.ENSP00000248342	9606.ENSP00000481646	EIF3K	RPS10	9606	0.881	0	0	0	0	0.881	0	0	EIF3K	RPS10	0.650216636570489	5.17313276922807e-62	3.05841149808204e-61
9606.ENSP00000248342	9606.ENSP00000341885	EIF3K	RPS2	9606	0.885	0	0	0	0	0.885	0	0	EIF3K	RPS2	0.581573871672882	4.92947209930691e-47	2.17500643408602e-46
9606.ENSP00000248342	9606.ENSP00000495273	EIF3K	RPS7	9606	0.885	0	0	0	0	0.885	0	0	EIF3K	RPS7	0.635418448677166	1.84352990967827e-58	1.01214774554606e-57
9606.ENSP00000248342	9606.ENSP00000414321	EIF3K	RPS24	9606	0.885	0	0	0	0	0.885	0	0	EIF3K	RPS24	0.660377217846008	1.43794992718318e-64	8.86241347718418e-64
9606.ENSP00000248342	9606.ENSP00000393241	EIF3K	RPS18	9606	0.885	0	0	0	0	0.885	0	0	EIF3K	RPS18	0.649541010001621	7.590041780376e-62	4.47429218591289e-61
9606.ENSP00000248342	9606.ENSP00000466010	EIF3K	RPS15	9606	0.887	0	0	0	0	0.887	0	0	EIF3K	RPS15	0.628075726827341	9.05926057394158e-57	4.83271584293722e-56
9606.ENSP00000248342	9606.ENSP00000278572	EIF3K	RPS3	9606	0.887	0	0	0	0	0.887	0	0	EIF3K	RPS3	0.621090525201588	3.34675374845246e-55	1.71335573704797e-54
9606.ENSP00000248342	9606.ENSP00000435096	EIF3K	RPS25	9606	0.887	0	0	0	0	0.887	0	0	EIF3K	RPS25	0.661947064271644	5.67412146544192e-65	3.50773291080301e-64
9606.ENSP00000248342	9606.ENSP00000296674	EIF3K	RPS23	9606	0.887	0	0	0	0	0.887	0	0	EIF3K	RPS23	0.644894644743977	1.03233806708369e-60	5.92064243216772e-60
9606.ENSP00000248342	9606.ENSP00000379888	EIF3K	RPS8	9606	0.887	0	0	0	0	0.887	0	0	EIF3K	RPS8	0.638927215702937	2.76113788815753e-59	1.53083392631092e-58
9606.ENSP00000248342	9606.ENSP00000470972	EIF3K	RPS19	9606	0.887	0	0	0	0	0.887	0	0	EIF3K	RPS19	0.621612316511154	2.56388186657155e-55	1.31854927183632e-54
9606.ENSP00000248342	9606.ENSP00000367806	EIF3K	RPS16	9606	0.905	0	0	0	0	0.905	0	0	EIF3K	RPS16	0.761923770016753	6.00139286378147e-97	7.13772216831714e-96
9606.ENSP00000248342	9606.ENSP00000431822	EIF3K	FAU	9606	0.947	0	0	0	0	0.947	0	0	EIF3K	FAU	0.70449700249528	6.23681611130469e-77	4.91064660794742e-76
9606.ENSP00000248342	9606.ENSP00000253108	EIF3K	EIF3G	9606	0.995	0	0	0	0	0.955	0.9	0	EIF3K	EIF3G	0.670855719112284	2.60057903079913e-67	1.6824255551482e-66
9606.ENSP00000248342	9606.ENSP00000354125	EIF3K	EIF3B	9606	0.995	0	0	0	0	0.956	0.9	0	EIF3K	EIF3B	0.590925862772613	7.26086052552612e-49	3.3145420385514e-48
9606.ENSP00000248342	9606.ENSP00000429931	EIF3K	EIF3H	9606	0.996	0	0	0	0	0.959	0.9	0.247	EIF3K	EIF3H	0.460760175396422	6.59313319563156e-28	1.98468440491779e-27
9606.ENSP00000248342	9606.ENSP00000332604	EIF3K	EIF3C	9606	0.996	0	0	0	0	0.964	0.9	0	EIF3K	EIF3C	0.472376461248609	1.97232832903147e-29	6.13942348696679e-29
9606.ENSP00000248342	9606.ENSP00000362688	EIF3K	EIF3I	9606	0.996	0	0	0	0	0.952	0.9	0.344	EIF3K	EIF3I	0.700099978941993	1.34525959663043e-75	1.03278924587871e-74
9606.ENSP00000248342	9606.ENSP00000358140	EIF3K	EIF3A	9606	0.996	0	0	0	0	0.965	0.9	0.097	EIF3K	EIF3A	-0.300760044948594	5.11158777314288e-12	9.74261531465795e-12
9606.ENSP00000248342	9606.ENSP00000436049	EIF3K	EIF3M	9606	0.996	0	0	0	0	0.961	0.9	0.223	EIF3K	EIF3M	0.627382955686873	1.30119134956935e-56	6.91585585430447e-56
9606.ENSP00000248342	9606.ENSP00000431800	EIF3K	EIF3F	9606	0.999	0	0	0	0	0.978	0.9	0.852	EIF3K	EIF3F	0.566953745063947	2.75801915025544e-44	1.15566008701091e-43
9606.ENSP00000253039	9606.ENSP00000368927	EIF2S3	EIF1AX	9606	0.868	0	0	0	0	0.868	0	0	EIF2S3	EIF1AX	0.392318300152997	4.98299237078547e-20	1.21518015630416e-19
9606.ENSP00000253039	9606.ENSP00000499067	EIF2S3	EIF3L	9606	0.87	0	0	0	0	0.87	0	0	EIF2S3	EIF3L	0.446110791203344	4.56727118325484e-26	1.30896651829344e-25
9606.ENSP00000253039	9606.ENSP00000393241	EIF2S3	RPS18	9606	0.895	0	0	0	0	0.895	0	0	EIF2S3	RPS18	0.34996133153688	5.38248733152458e-16	1.16816076551913e-15
9606.ENSP00000253039	9606.ENSP00000346050	EIF2S3	RPS3A	9606	0.895	0	0	0	0	0.895	0	0	EIF2S3	RPS3A	0.31263387208286	6.51971967139085e-13	1.28359745497804e-12
9606.ENSP00000253039	9606.ENSP00000362744	EIF2S3	RPS4X	9606	0.902	0	0	0	0	0.902	0	0	EIF2S3	RPS4X	0.449301638238358	1.84636144492194e-26	5.36427150917397e-26
9606.ENSP00000253039	9606.ENSP00000472985	EIF2S3	RPS5	9606	0.905	0	0	0	0	0.887	0	0.193	EIF2S3	RPS5	0.335441277046959	9.56231538870539e-15	2.00132778493881e-14
9606.ENSP00000253039	9606.ENSP00000431800	EIF2S3	EIF3F	9606	0.927	0	0	0	0	0.801	0.65	0	EIF2S3	EIF3F	0.388262956730456	1.28759908874594e-19	3.10792394115792e-19
9606.ENSP00000253039	9606.ENSP00000261868	EIF2S3	EIF3J	9606	0.927	0	0	0	0	0.8	0.65	0	EIF2S3	EIF3J	0.426180319895343	1.05791028136206e-23	2.86004650726495e-23
9606.ENSP00000253039	9606.ENSP00000429931	EIF2S3	EIF3H	9606	0.938	0	0	0	0	0.832	0.65	0	EIF2S3	EIF3H	0.681522531135101	3.19887375499117e-70	2.21630018618317e-69
9606.ENSP00000253039	9606.ENSP00000358140	EIF2S3	EIF3A	9606	0.962	0	0	0	0	0.896	0.65	0	EIF2S3	EIF3A	0.478539468853718	2.89965515901951e-30	9.20944260480336e-30
9606.ENSP00000253039	9606.ENSP00000364119	EIF2S3	EIF2S2	9606	0.999	0	0	0	0	0.98	0.9	0.987	EIF2S3	EIF2S2	0.323802442356037	8.62269312980224e-14	1.75371834440131e-13
9606.ENSP00000253108	9606.ENSP00000481646	EIF3G	RPS10	9606	0.844	0	0	0	0	0.844	0	0	EIF3G	RPS10	0.681908936235238	2.49601671776652e-70	1.73169684442312e-69
9606.ENSP00000253108	9606.ENSP00000318646	EIF3G	RPS15A	9606	0.844	0	0	0	0	0.844	0	0	EIF3G	RPS15A	0.579958088976599	1.00767006295684e-46	4.41730894667789e-46
9606.ENSP00000253108	9606.ENSP00000385958	EIF3G	RPS14	9606	0.844	0	0	0	0	0.844	0	0	EIF3G	RPS14	0.728161822393419	1.47744091782015e-84	1.35436528901618e-83
9606.ENSP00000253108	9606.ENSP00000499044	EIF3G	RPS27	9606	0.844	0	0	0	0	0.844	0	0	EIF3G	RPS27	0.575805748276691	6.2146021685502e-46	2.68831832308196e-45
9606.ENSP00000253108	9606.ENSP00000435096	EIF3G	RPS25	9606	0.847	0	0	0	0	0.847	0	0	EIF3G	RPS25	0.578306619481824	2.0840577460692e-46	9.09659412411896e-46
9606.ENSP00000253108	9606.ENSP00000472469	EIF3G	RPS28	9606	0.847	0	0	0	0	0.847	0	0	EIF3G	RPS28	0.491459580740683	4.58077666229089e-32	1.50767817754014e-31
9606.ENSP00000253108	9606.ENSP00000379339	EIF3G	RPS29	9606	0.847	0	0	0	0	0.847	0	0	EIF3G	RPS29	0.598083348707541	2.61882983121914e-50	1.22578131777386e-49
9606.ENSP00000253108	9606.ENSP00000414321	EIF3G	RPS24	9606	0.857	0	0	0	0	0.857	0	0	EIF3G	RPS24	0.633236242878946	5.93072309455735e-58	3.21786081578093e-57
9606.ENSP00000253108	9606.ENSP00000389351	EIF3G	RPSA	9606	0.858	0	0	0	0	0.858	0	0	EIF3G	RPSA	0.643617653690835	2.09857767302298e-60	1.19212826761154e-59
9606.ENSP00000253108	9606.ENSP00000362744	EIF3G	RPS4X	9606	0.86	0	0	0	0	0.859	0	0	EIF3G	RPS4X	0.552236155292548	1.17921136936456e-41	4.69511951338134e-41
9606.ENSP00000253108	9606.ENSP00000375632	EIF3G	RPS9	9606	0.862	0	0	0	0	0.862	0	0	EIF3G	RPS9	0.7172040185385	6.27645660198782e-81	5.37520823831284e-80
9606.ENSP00000253108	9606.ENSP00000346050	EIF3G	RPS3A	9606	0.862	0	0	0	0	0.862	0	0	EIF3G	RPS3A	0.551850681962606	1.37642696445277e-41	5.47176856279719e-41
9606.ENSP00000253108	9606.ENSP00000470972	EIF3G	RPS19	9606	0.862	0	0	0	0	0.862	0	0	EIF3G	RPS19	0.679667097144497	1.04731228260913e-69	7.13450761533258e-69
9606.ENSP00000253108	9606.ENSP00000345957	EIF3G	RPS21	9606	0.862	0	0	0	0	0.862	0	0	EIF3G	RPS21	0.728462225104498	1.16828269686801e-84	1.07192839675595e-83
9606.ENSP00000253108	9606.ENSP00000498019	EIF3G	RPS17	9606	0.864	0	0	0	0	0.864	0	0	EIF3G	RPS17	0.667115314015874	2.55227188585559e-66	1.61416099281664e-65
9606.ENSP00000253108	9606.ENSP00000367806	EIF3G	RPS16	9606	0.87	0	0	0	0	0.87	0	0	EIF3G	RPS16	0.734087135421617	1.35750495705139e-86	1.31818143869703e-85
9606.ENSP00000253108	9606.ENSP00000270625	EIF3G	RPS11	9606	0.88	0	0	0	0	0.88	0	0	EIF3G	RPS11	0.724365231554211	2.79554146441402e-83	2.49949952940609e-82
9606.ENSP00000253108	9606.ENSP00000393241	EIF3G	RPS18	9606	0.885	0	0	0	0	0.885	0	0	EIF3G	RPS18	0.601355539280636	5.57556751702838e-51	2.63277727896129e-50
9606.ENSP00000253108	9606.ENSP00000379888	EIF3G	RPS8	9606	0.886	0	0	0	0	0.886	0	0	EIF3G	RPS8	0.699942696132967	1.49991191064142e-75	1.1497815302932e-74
9606.ENSP00000253108	9606.ENSP00000495273	EIF3G	RPS7	9606	0.888	0	0	0	0	0.888	0	0	EIF3G	RPS7	0.629897710267921	3.48037425800058e-57	1.86544387010617e-56
9606.ENSP00000253108	9606.ENSP00000341885	EIF3G	RPS2	9606	0.889	0	0	0	0	0.889	0	0	EIF3G	RPS2	0.696355846764801	1.75992355228884e-74	1.32020262338241e-73
9606.ENSP00000253108	9606.ENSP00000472985	EIF3G	RPS5	9606	0.891	0	0	0	0	0.891	0	0	EIF3G	RPS5	0.670020853016979	4.34222707911778e-67	2.79670262793908e-66
9606.ENSP00000253108	9606.ENSP00000431822	EIF3G	FAU	9606	0.892	0	0	0	0	0.892	0	0	EIF3G	FAU	0.689289953840104	2.02561207356817e-72	1.46435173176028e-71
9606.ENSP00000253108	9606.ENSP00000466010	EIF3G	RPS15	9606	0.893	0	0	0	0	0.893	0	0	EIF3G	RPS15	0.79829802856062	7.59622053658295e-113	1.35597209121394e-111
9606.ENSP00000253108	9606.ENSP00000435777	EIF3G	RPS13	9606	0.893	0	0	0	0	0.892	0	0	EIF3G	RPS13	0.621974588763224	2.13021124110412e-55	1.09774508249085e-54
9606.ENSP00000253108	9606.ENSP00000293831	EIF3G	EIF4A1	9606	0.937	0	0	0	0	0.931	0	0.129	EIF3G	EIF4A1	0.305510395760073	2.26786390765243e-12	4.37755486697562e-12
9606.ENSP00000253108	9606.ENSP00000296674	EIF3G	RPS23	9606	0.945	0	0	0	0	0.944	0	0	EIF3G	RPS23	0.657662971266071	7.08384734793763e-64	4.33437575379533e-63
9606.ENSP00000253108	9606.ENSP00000429374	EIF3G	RPS20	9606	0.955	0	0	0	0	0.906	0	0.543	EIF3G	RPS20	0.673835892906061	4.11474153946503e-68	2.71385907898353e-67
9606.ENSP00000253108	9606.ENSP00000364119	EIF3G	EIF2S2	9606	0.961	0	0	0	0	0.893	0.65	0	EIF3G	EIF2S2	0.450858626235294	1.18269096576244e-26	3.458851753311e-26
9606.ENSP00000253108	9606.ENSP00000278572	EIF3G	RPS3	9606	0.983	0	0	0	0	0.947	0	0.707	EIF3G	RPS3	0.707231188957405	8.97502429714212e-78	7.15536277755671e-77
9606.ENSP00000253108	9606.ENSP00000429931	EIF3G	EIF3H	9606	0.994	0	0	0	0	0.951	0.9	0	EIF3G	EIF3H	0.427180947908455	8.11755763009583e-24	2.20160301332132e-23
9606.ENSP00000253108	9606.ENSP00000436049	EIF3G	EIF3M	9606	0.994	0	0	0	0	0.947	0.9	0	EIF3G	EIF3M	0.312212525600386	7.02521603264136e-13	1.38178000084311e-12
9606.ENSP00000253108	9606.ENSP00000499067	EIF3G	EIF3L	9606	0.996	0	0	0	0	0.935	0.9	0.437	EIF3G	EIF3L	0.3061220097165	2.04036246774624e-12	3.94366538247355e-12
9606.ENSP00000253108	9606.ENSP00000431800	EIF3G	EIF3F	9606	0.997	0	0	0	0	0.945	0.9	0.59	EIF3G	EIF3F	0.667668133272954	1.82491886087632e-66	1.15631321708801e-65
9606.ENSP00000253108	9606.ENSP00000332604	EIF3G	EIF3C	9606	0.999	0	0	0	0	0.962	0.9	0.98	EIF3G	EIF3C	0.473369355569097	1.45203779689846e-29	4.53934992400667e-29
9606.ENSP00000253108	9606.ENSP00000362688	EIF3G	EIF3I	9606	0.999	0	0	0	0	0.99	0.9	0.962	EIF3G	EIF3I	0.577581702269606	2.86334035011321e-46	1.24712469708833e-45
9606.ENSP00000253108	9606.ENSP00000354125	EIF3G	EIF3B	9606	0.999	0	0	0	0	0.981	0.9	0.974	EIF3G	EIF3B	0.598671854763116	1.98541105005182e-50	9.30157750709243e-50
9606.ENSP00000254508	9606.ENSP00000444029	NUP210	NUP153	9606	0.879	0	0	0	0	0.42	0.8	0	NUP210	NUP153	0.418735103323997	7.38433873514723e-23	1.94711133262955e-22
9606.ENSP00000254508	9606.ENSP00000371155	NUP210	NUP58	9606	0.895	0	0	0	0	0.8	0.5	0	NUP210	NUP58	0.330860508411089	2.29791312163488e-14	4.7545128491435e-14
9606.ENSP00000254508	9606.ENSP00000471191	NUP210	NUP62	9606	0.929	0	0	0	0	0.8	0.5	0.351	NUP210	NUP62	0.433568232599657	1.46583623934535e-24	4.0546020378624e-24
9606.ENSP00000257570	9606.ENSP00000369213	OASL	DDX58	9606	0.992	0	0	0	0	0.047	0.9	0.926	OASL	DDX58	0.561406171673068	2.80403610906727e-43	1.15399492543745e-42
9606.ENSP00000259818	9606.ENSP00000369703	TUBB2B	TUBB2A	9606	0.859	0	0	0	0	0.859	0	0	TUBB2B	TUBB2A	0.85844332880493	5.84732891410906e-148	2.88307377575756e-146
9606.ENSP00000261396	9606.ENSP00000481575	NUP133	POM121C	9606	0.74	0	0	0	0	0.339	0.5	0.279	NUP133	POM121C	0.586444607193639	5.57411570331853e-48	2.50736462349895e-47
9606.ENSP00000261396	9606.ENSP00000444029	NUP133	NUP153	9606	0.871	0	0	0	0	0.732	0.5	0.118	NUP133	NUP153	0.641637455671033	6.26319446677313e-60	3.52243998887124e-59
9606.ENSP00000261396	9606.ENSP00000361658	NUP133	NUP188	9606	0.895	0	0	0	0	0.8	0.5	0	NUP133	NUP188	0.338621781432802	5.15734641126614e-15	1.0883683253528e-14
9606.ENSP00000261396	9606.ENSP00000360483	NUP133	NDC1	9606	0.895	0	0	0	0	0.8	0.5	0	NUP133	NDC1	0.704040900984508	8.59937781961248e-77	6.75513383710781e-76
9606.ENSP00000261396	9606.ENSP00000371155	NUP133	NUP58	9606	0.932	0	0	0	0	0.87	0.5	0	NUP133	NUP58	0.617983351130144	1.61901834046823e-54	8.17314576746312e-54
9606.ENSP00000261396	9606.ENSP00000285968	NUP133	NUP205	9606	0.944	0	0	0	0	0.893	0.5	0	NUP133	NUP205	0.567193396358269	2.49262468694249e-44	1.04531746264553e-43
9606.ENSP00000261396	9606.ENSP00000264883	NUP133	NUP54	9606	0.946	0	0	0	0	0.897	0.5	0	NUP133	NUP54	0.448526405435575	2.30283706564861e-26	6.67329987897088e-26
9606.ENSP00000261396	9606.ENSP00000283195	NUP133	RANBP2	9606	0.955	0	0	0	0	0.91	0.5	0.076	NUP133	RANBP2	0.688695391278258	3.00114796254222e-72	2.16342511394899e-71
9606.ENSP00000261396	9606.ENSP00000352400	NUP133	NUP214	9606	0.973	0	0	0	0	0.941	0.5	0.17	NUP133	NUP214	0.307600263131903	1.57870788906322e-12	3.06712624889348e-12
9606.ENSP00000261396	9606.ENSP00000342262	NUP133	NUP43	9606	0.999	0	0	0	0	0.946	0.9	0.986	NUP133	NUP43	0.352224321811063	3.39080063657604e-16	7.40971645131299e-16
9606.ENSP00000261396	9606.ENSP00000367721	NUP133	NUP160	9606	0.999	0	0	0	0	0.971	0.9	0.982	NUP133	NUP160	0.404818463212781	2.4559304537726e-21	6.21292294370318e-21
9606.ENSP00000261396	9606.ENSP00000316032	NUP133	NUP98	9606	0.999	0	0	0	0	0.963	0.9	0.986	NUP133	NUP98	0.652073281862348	1.79488476063649e-62	1.0698735043301e-61
9606.ENSP00000261623	9606.ENSP00000380334	CYBA	NCF4	9606	0.998	0	0	0	0	0.236	0.9	0.982	CYBA	NCF4	0.413869306185277	2.56182492269531e-22	6.64295525652699e-22
9606.ENSP00000261623	9606.ENSP00000289473	CYBA	NCF1	9606	0.999	0	0	0	0	0.524	0.9	0.982	CYBA	NCF1	0.384317469013982	3.2021583556612e-19	7.65278174551784e-19
9606.ENSP00000261667	9606.ENSP00000290158	KPNA3	KPNB1	9606	0.872	0	0	0	0	0.675	0.54	0.217	KPNA3	KPNB1	0.570330852961073	6.57761825534304e-45	2.78022757467829e-44
9606.ENSP00000261667	9606.ENSP00000334373	KPNA3	KPNA4	9606	0.966	0	0	0	0	0.615	0.9	0.208	KPNA3	KPNA4	0.633806113530608	4.37503199511533e-58	2.38396995570743e-57
9606.ENSP00000261868	9606.ENSP00000318646	EIF3J	RPS15A	9606	0.862	0	0	0	0	0.862	0	0	EIF3J	RPS15A	0.307459659009379	1.6178011480514e-12	3.14187500205699e-12
9606.ENSP00000261868	9606.ENSP00000498019	EIF3J	RPS17	9606	0.868	0	0	0	0	0.868	0	0	EIF3J	RPS17	0.301266927935029	4.69031369950434e-12	8.95143108716001e-12
9606.ENSP00000261868	9606.ENSP00000435777	EIF3J	RPS13	9606	0.875	0	0	0	0	0.875	0	0	EIF3J	RPS13	0.321392605099019	1.34376897682418e-13	2.71615154181158e-13
9606.ENSP00000261868	9606.ENSP00000364119	EIF3J	EIF2S2	9606	0.927	0	0	0	0	0.8	0.65	0	EIF3J	EIF2S2	0.441193467172804	1.81024908744117e-25	5.11879175421491e-25
9606.ENSP00000261868	9606.ENSP00000368927	EIF3J	EIF1AX	9606	0.957	0	0	0	0	0.866	0.65	0.157	EIF3J	EIF1AX	0.304286049722985	2.80026081639354e-12	5.38067520092872e-12
9606.ENSP00000261868	9606.ENSP00000436049	EIF3J	EIF3M	9606	0.988	0	0	0	0	0.886	0.9	0	EIF3J	EIF3M	0.33858562874921	5.19387657298283e-15	1.09562210491769e-14
9606.ENSP00000261868	9606.ENSP00000429931	EIF3J	EIF3H	9606	0.996	0	0	0	0	0.879	0.9	0.754	EIF3J	EIF3H	0.370584760339388	6.94002890430177e-18	1.60204258138621e-17
9606.ENSP00000261868	9606.ENSP00000358140	EIF3J	EIF3A	9606	0.998	0	0	0	0	0.981	0.9	0	EIF3J	EIF3A	0.310663550827132	9.23507727398946e-13	1.80942669506001e-12
9606.ENSP00000264350	9606.ENSP00000496832	HERC5	ISG15	9606	0.896	0	0	0	0	0.457	0.8	0.12	HERC5	ISG15	0.469344946917052	4.99317154956331e-29	1.54104051743891e-28
9606.ENSP00000264883	9606.ENSP00000444029	NUP54	NUP153	9606	0.79	0	0	0	0	0.486	0.5	0.249	NUP54	NUP153	0.418234835905951	8.39968122782153e-23	2.21254051428898e-22
9606.ENSP00000264883	9606.ENSP00000367721	NUP54	NUP160	9606	0.895	0	0	0	0	0.8	0.5	0	NUP54	NUP160	0.490731681863838	5.81407010426066e-32	1.91173551469652e-31
9606.ENSP00000264883	9606.ENSP00000360483	NUP54	NDC1	9606	0.903	0	0	0	0	0.814	0.5	0	NUP54	NDC1	0.464303604273471	2.29272441863343e-28	6.99315372974767e-28
9606.ENSP00000264883	9606.ENSP00000283195	NUP54	RANBP2	9606	0.92	0	0	0	0	0.844	0.5	0.059	NUP54	RANBP2	0.436976368444298	5.79346532985536e-25	1.61926877697691e-24
9606.ENSP00000264883	9606.ENSP00000295119	NUP54	NUP35	9606	0.953	0	0	0	0	0.866	0.54	0.298	NUP54	NUP35	0.32032060348892	1.63487683627028e-13	3.29342404323625e-13
9606.ENSP00000264883	9606.ENSP00000285968	NUP54	NUP205	9606	0.986	0	0	0	0	0.973	0.5	0.048	NUP54	NUP205	0.369085542094582	9.62472756772477e-18	2.21222805850601e-17
9606.ENSP00000264883	9606.ENSP00000316032	NUP54	NUP98	9606	0.989	0	0	0	0	0.961	0.5	0.489	NUP54	NUP98	0.429042904290429	4.94727689046598e-24	1.3500669364982e-23
9606.ENSP00000264883	9606.ENSP00000371155	NUP54	NUP58	9606	0.999	0	0	0	0	0.978	0.5	0.987	NUP54	NUP58	0.481076120034364	1.302256165146e-30	4.17387689157083e-30
9606.ENSP00000266987	9606.ENSP00000356520	TARBP2	DHX9	9606	0.916	0	0	0	0	0.195	0.9	0	TARBP2	DHX9	-0.506309481879865	3.11434411895086e-34	1.06938449006707e-33
9606.ENSP00000267430	9606.ENSP00000383710	FANCM	FAAP20	9606	0.981	0	0	0	0	0.734	0.9	0.364	FANCM	FAAP20	-0.612399904586732	2.63286323407642e-53	1.30194702378355e-52
9606.ENSP00000267430	9606.ENSP00000333283	FANCM	FAAP100	9606	0.994	0	0	0	0	0.734	0.8	0.913	FANCM	FAAP100	-0.312495970093904	6.68111312148033e-13	1.3148627392923e-12
9606.ENSP00000267430	9606.ENSP00000308583	FANCM	CENPS	9606	0.999	0	0	0	0	0.985	0.9	0.983	FANCM	CENPS	-0.320411451082996	1.60798215974563e-13	3.23988787870191e-13
9606.ENSP00000267430	9606.ENSP00000464357	FANCM	CENPX	9606	0.999	0	0	0	0	0.981	0.9	0.977	FANCM	CENPX	-0.430621695709944	3.2431279495826e-24	8.90282448213796e-24
9606.ENSP00000268058	9606.ENSP00000343023	PML	SP100	9606	0.857	0	0	0	0	0.421	0	0.764	PML	SP100	0.422807777672177	2.56630049468149e-23	6.86125667925241e-23
9606.ENSP00000270142	9606.ENSP00000446252	SOD1	SOD2	9606	0.934	0	0	0	0	0.368	0.9	0	SOD1	SOD2	-0.318383919137255	2.32528713592022e-13	4.65837109261178e-13
9606.ENSP00000270142	9606.ENSP00000436318	SOD1	CCS	9606	0.995	0	0	0	0	0.977	0.7	0.402	SOD1	CCS	0.672520978805955	9.30670737658181e-68	6.10253239663921e-67
9606.ENSP00000270625	9606.ENSP00000293831	RPS11	EIF4A1	9606	0.825	0	0	0	0	0.8	0	0.164	RPS11	EIF4A1	0.337213038073994	6.78538409131084e-15	1.42689743717276e-14
9606.ENSP00000270625	9606.ENSP00000416255	RPS11	EIF4G1	9606	0.832	0	0	0	0	0.832	0	0	RPS11	EIF4G1	-0.353949214797256	2.37821124077376e-16	5.2137905401552e-16
9606.ENSP00000270625	9606.ENSP00000436049	RPS11	EIF3M	9606	0.839	0	0	0	0	0.839	0	0	RPS11	EIF3M	0.524994176436277	4.07647299205988e-37	1.48191611239628e-36
9606.ENSP00000270625	9606.ENSP00000429931	RPS11	EIF3H	9606	0.849	0	0	0	0	0.849	0	0	RPS11	EIF3H	0.459434732293105	9.75691315533356e-28	2.92765042595932e-27
9606.ENSP00000270625	9606.ENSP00000431800	RPS11	EIF3F	9606	0.852	0	0	0	0	0.851	0	0	RPS11	EIF3F	0.63409076932538	3.75732683792891e-58	2.04957941422363e-57
9606.ENSP00000270625	9606.ENSP00000331019	RPS11	RPS27L	9606	0.854	0	0	0	0	0.696	0.54	0	RPS11	RPS27L	0.516832894469571	7.79091916619026e-36	2.77171159267932e-35
9606.ENSP00000270625	9606.ENSP00000362688	RPS11	EIF3I	9606	0.886	0	0	0	0	0.886	0	0	RPS11	EIF3I	0.676199421184354	9.38819813486092e-69	6.29412069015065e-68
9606.ENSP00000270625	9606.ENSP00000354125	RPS11	EIF3B	9606	0.893	0	0	0	0	0.893	0	0	RPS11	EIF3B	0.4938822764264	2.06311137667505e-32	6.8324167762923e-32
9606.ENSP00000270625	9606.ENSP00000332604	RPS11	EIF3C	9606	0.9	0	0	0	0	0.9	0	0	RPS11	EIF3C	0.491930776928624	3.92446440839564e-32	1.29376127867817e-31
9606.ENSP00000270625	9606.ENSP00000358140	RPS11	EIF3A	9606	0.903	0	0	0	0	0.903	0	0	RPS11	EIF3A	-0.454862163234957	3.72271770062234e-27	1.10366735800412e-26
9606.ENSP00000270625	9606.ENSP00000364119	RPS11	EIF2S2	9606	0.912	0	0	0	0	0.912	0	0	RPS11	EIF2S2	0.41444094720031	2.21583876002761e-22	5.76197498351265e-22
9606.ENSP00000270625	9606.ENSP00000499044	RPS11	RPS27	9606	0.993	0	0	0	0	0.936	0.9	0	RPS11	RPS27	0.538503539794973	2.57804005568709e-39	9.79250293403656e-39
9606.ENSP00000270625	9606.ENSP00000481646	RPS11	RPS10	9606	0.994	0	0	0	0	0.948	0.9	0	RPS11	RPS10	0.785673101471638	5.61233692342321e-107	8.52085293441099e-106
9606.ENSP00000270625	9606.ENSP00000431822	RPS11	FAU	9606	0.995	0	0	0	0	0.956	0.9	0	RPS11	FAU	0.865783441698207	2.38824156614896e-153	1.36277357232444e-151
9606.ENSP00000270625	9606.ENSP00000379339	RPS11	RPS29	9606	0.996	0	0	0	0	0.97	0.9	0	RPS11	RPS29	0.701556708465878	4.89349506527621e-76	3.78258975479531e-75
9606.ENSP00000270625	9606.ENSP00000362744	RPS11	RPS4X	9606	0.996	0	0	0	0	0.964	0.9	0	RPS11	RPS4X	0.616248115494779	3.8749596714405e-54	1.94168551469271e-53
9606.ENSP00000270625	9606.ENSP00000414321	RPS11	RPS24	9606	0.996	0	0	0	0	0.967	0.9	0	RPS11	RPS24	0.824248294394657	2.4509068960629e-126	6.11642784847933e-125
9606.ENSP00000270625	9606.ENSP00000495273	RPS11	RPS7	9606	0.996	0	0	0	0	0.967	0.9	0	RPS11	RPS7	0.866758446030938	4.34813594894654e-154	2.55283334297399e-152
9606.ENSP00000270625	9606.ENSP00000466010	RPS11	RPS15	9606	0.996	0	0	0	0	0.968	0.9	0	RPS11	RPS15	0.811581717177929	1.72257251877812e-119	3.60003478873032e-118
9606.ENSP00000270625	9606.ENSP00000472469	RPS11	RPS28	9606	0.996	0	0	0	0	0.97	0.9	0	RPS11	RPS28	0.510524530713941	7.21911181485983e-35	2.51455825457926e-34
9606.ENSP00000270625	9606.ENSP00000472985	RPS11	RPS5	9606	0.996	0	0	0	0	0.967	0.9	0	RPS11	RPS5	0.727131377734047	3.29781031735211e-84	3.00951117640121e-83
9606.ENSP00000270625	9606.ENSP00000435096	RPS11	RPS25	9606	0.997	0	0	0	0	0.973	0.9	0.288	RPS11	RPS25	0.779761578642336	2.30163373066126e-104	3.30660449820741e-103
9606.ENSP00000270625	9606.ENSP00000346050	RPS11	RPS3A	9606	0.997	0	0	0	0	0.974	0.9	0	RPS11	RPS3A	0.684661012685119	4.21676262992385e-71	2.96809826972533e-70
9606.ENSP00000270625	9606.ENSP00000498019	RPS11	RPS17	9606	0.997	0	0	0	0	0.973	0.9	0	RPS11	RPS17	0.802592557392385	6.13955536482567e-115	1.14002676125291e-113
9606.ENSP00000270625	9606.ENSP00000429374	RPS11	RPS20	9606	0.997	0	0	0	0	0.974	0.9	0	RPS11	RPS20	0.88686427648976	8.54999313322397e-171	1.00979395644367e-168
9606.ENSP00000270625	9606.ENSP00000278572	RPS11	RPS3	9606	0.997	0	0	0	0	0.974	0.9	0	RPS11	RPS3	0.832373982739889	5.01372384084011e-131	1.42645358687431e-129
9606.ENSP00000270625	9606.ENSP00000385958	RPS11	RPS14	9606	0.997	0	0	0	0	0.973	0.9	0.312	RPS11	RPS14	0.8735874829719	1.93676608573696e-159	1.43589292940367e-157
9606.ENSP00000270625	9606.ENSP00000470972	RPS11	RPS19	9606	0.997	0	0	0	0	0.974	0.9	0	RPS11	RPS19	0.858149262131182	9.47299972496186e-148	4.64817672494867e-146
9606.ENSP00000270625	9606.ENSP00000341885	RPS11	RPS2	9606	0.997	0	0	0	0	0.968	0.9	0.169	RPS11	RPS2	0.789217834826961	1.38752157192027e-108	2.20204009468659e-107
9606.ENSP00000270625	9606.ENSP00000389351	RPS11	RPSA	9606	0.997	0	0	0	0	0.971	0.9	0	RPS11	RPSA	0.783057156647342	8.23227749213574e-106	1.22244506560852e-104
9606.ENSP00000270625	9606.ENSP00000345957	RPS11	RPS21	9606	0.997	0	0	0	0	0.972	0.9	0	RPS11	RPS21	0.893251188472884	8.93156695135799e-177	1.3745140231052e-174
9606.ENSP00000270625	9606.ENSP00000393241	RPS11	RPS18	9606	0.997	0	0	0	0	0.971	0.9	0.352	RPS11	RPS18	0.80216711112105	9.94783659213614e-115	1.83709411393321e-113
9606.ENSP00000270625	9606.ENSP00000375632	RPS11	RPS9	9606	0.998	0	0	0	0	0.974	0.9	0.493	RPS11	RPS9	0.805295995438053	2.78118848671221e-116	5.29991209372156e-115
9606.ENSP00000270625	9606.ENSP00000367806	RPS11	RPS16	9606	0.998	0	0	0	0	0.973	0.9	0.328	RPS11	RPS16	0.878494743884326	1.76123377923724e-163	1.56919749962392e-161
9606.ENSP00000270625	9606.ENSP00000296674	RPS11	RPS23	9606	0.998	0	0	0	0	0.987	0.9	0.181	RPS11	RPS23	0.797690141684976	1.48827895808387e-112	2.6335277660728e-111
9606.ENSP00000270625	9606.ENSP00000435777	RPS11	RPS13	9606	0.998	0	0	0	0	0.987	0.9	0.103	RPS11	RPS13	0.848091827816322	7.42660856075367e-141	2.83579184780357e-139
9606.ENSP00000270625	9606.ENSP00000318646	RPS11	RPS15A	9606	0.998	0	0	0	0	0.973	0.9	0.402	RPS11	RPS15A	0.783944015519564	3.32597571734911e-106	4.96063661690381e-105
9606.ENSP00000270625	9606.ENSP00000379888	RPS11	RPS8	9606	0.999	0	0	0	0	0.987	0.9	0.537	RPS11	RPS8	0.857579857364618	2.40360213930794e-147	1.16254223471194e-145
9606.ENSP00000278572	9606.ENSP00000436049	RPS3	EIF3M	9606	0.808	0	0	0	0	0.808	0	0	RPS3	EIF3M	0.431978446291834	2.25207537189899e-24	6.20741643212429e-24
9606.ENSP00000278572	9606.ENSP00000429931	RPS3	EIF3H	9606	0.808	0	0	0	0	0.808	0	0	RPS3	EIF3H	0.555649695404323	2.97175537111185e-42	1.20159710606621e-41
9606.ENSP00000278572	9606.ENSP00000331019	RPS3	RPS27L	9606	0.819	0	0	0	0	0.623	0.54	0	RPS3	RPS27L	0.407502520438379	1.26537344690079e-21	3.22843458934221e-21
9606.ENSP00000278572	9606.ENSP00000431800	RPS3	EIF3F	9606	0.827	0	0	0	0	0.827	0	0	RPS3	EIF3F	0.682339693596689	1.89205407710275e-70	1.31807909884312e-69
9606.ENSP00000278572	9606.ENSP00000499067	RPS3	EIF3L	9606	0.869	0	0	0	0	0.869	0	0	RPS3	EIF3L	0.448661605290964	2.21588876239224e-26	6.42500204385326e-26
9606.ENSP00000278572	9606.ENSP00000362688	RPS3	EIF3I	9606	0.875	0	0	0	0	0.875	0	0	RPS3	EIF3I	0.549225512613373	3.9248569876296e-41	1.54754551332895e-40
9606.ENSP00000278572	9606.ENSP00000332604	RPS3	EIF3C	9606	0.894	0	0	0	0	0.894	0	0	RPS3	EIF3C	0.489124564630376	9.82220328972273e-32	3.21508600753187e-31
9606.ENSP00000278572	9606.ENSP00000358140	RPS3	EIF3A	9606	0.91	0	0	0	0	0.91	0	0	RPS3	EIF3A	-0.331858806998712	1.90061248651548e-14	3.94452820301139e-14
9606.ENSP00000278572	9606.ENSP00000354125	RPS3	EIF3B	9606	0.916	0	0	0	0	0.915	0	0	RPS3	EIF3B	0.454182995939345	4.53409770773944e-27	1.34108417057395e-26
9606.ENSP00000278572	9606.ENSP00000364119	RPS3	EIF2S2	9606	0.941	0	0	0	0	0.941	0	0	RPS3	EIF2S2	0.351371286196943	4.0377467243923e-16	8.80072821451772e-16
9606.ENSP00000278572	9606.ENSP00000499044	RPS3	RPS27	9606	0.993	0	0	0	0	0.94	0.9	0	RPS3	RPS27	0.672179485029248	1.1496114570719e-67	7.51390191086183e-67
9606.ENSP00000278572	9606.ENSP00000318646	RPS3	RPS15A	9606	0.994	0	0	0	0	0.926	0.9	0.323	RPS3	RPS15A	0.786169734985921	3.35627131782763e-107	5.12626282333463e-106
9606.ENSP00000278572	9606.ENSP00000362744	RPS3	RPS4X	9606	0.996	0	0	0	0	0.928	0.9	0.565	RPS3	RPS4X	0.731686336335497	9.21605343218888e-86	8.75654393926497e-85
9606.ENSP00000278572	9606.ENSP00000345957	RPS3	RPS21	9606	0.996	0	0	0	0	0.962	0.9	0	RPS3	RPS21	0.797168536729449	2.64555605595683e-112	4.64894686165287e-111
9606.ENSP00000278572	9606.ENSP00000466010	RPS3	RPS15	9606	0.996	0	0	0	0	0.966	0.9	0	RPS3	RPS15	0.710050725569451	1.18730018916303e-78	9.6398145654108e-78
9606.ENSP00000278572	9606.ENSP00000472469	RPS3	RPS28	9606	0.996	0	0	0	0	0.969	0.9	0	RPS3	RPS28	0.443142171359993	1.05169091436228e-25	2.9888149460486e-25
9606.ENSP00000278572	9606.ENSP00000385958	RPS3	RPS14	9606	0.997	0	0	0	0	0.972	0.9	0.157	RPS3	RPS14	0.829311813168894	3.13596062027247e-129	8.40420897628165e-128
9606.ENSP00000278572	9606.ENSP00000367806	RPS3	RPS16	9606	0.997	0	0	0	0	0.974	0.9	0.091	RPS3	RPS16	0.759471630392853	5.58170459508136e-96	6.45710405150812e-95
9606.ENSP00000278572	9606.ENSP00000296674	RPS3	RPS23	9606	0.997	0	0	0	0	0.973	0.9	0	RPS3	RPS23	0.776210136541604	7.81783268560477e-103	1.06871771988812e-101
9606.ENSP00000278572	9606.ENSP00000379888	RPS3	RPS8	9606	0.997	0	0	0	0	0.975	0.9	0.228	RPS3	RPS8	0.86961963277073	2.71111080539185e-156	1.68937131597331e-154
9606.ENSP00000278572	9606.ENSP00000435777	RPS3	RPS13	9606	0.997	0	0	0	0	0.969	0.9	0.295	RPS3	RPS13	0.76156224318084	8.35177699491454e-97	9.8868297129775e-96
9606.ENSP00000278572	9606.ENSP00000375632	RPS3	RPS9	9606	0.997	0	0	0	0	0.974	0.9	0.042	RPS3	RPS9	0.872244895296983	2.30872683285261e-158	1.60614646858109e-156
9606.ENSP00000278572	9606.ENSP00000431822	RPS3	FAU	9606	0.997	0	0	0	0	0.976	0.9	0	RPS3	FAU	0.788652436672238	2.51547001823614e-108	3.96733369180504e-107
9606.ENSP00000278572	9606.ENSP00000393241	RPS3	RPS18	9606	0.997	0	0	0	0	0.973	0.9	0.119	RPS3	RPS18	0.769313825792517	6.12483936768007e-100	7.83501177046933e-99
9606.ENSP00000278572	9606.ENSP00000495273	RPS3	RPS7	9606	0.997	0	0	0	0	0.967	0.9	0.246	RPS3	RPS7	0.775508140876199	1.55735192228115e-102	2.10906979661462e-101
9606.ENSP00000278572	9606.ENSP00000389351	RPS3	RPSA	9606	0.997	0	0	0	0	0.974	0.9	0	RPS3	RPSA	0.791841140635803	8.56908548346785e-110	1.41063535260264e-108
9606.ENSP00000278572	9606.ENSP00000470972	RPS3	RPS19	9606	0.997	0	0	0	0	0.974	0.9	0	RPS3	RPS19	0.784746362835041	1.45954531285685e-106	2.1897491495845e-105
9606.ENSP00000278572	9606.ENSP00000481646	RPS3	RPS10	9606	0.998	0	0	0	0	0.974	0.9	0.358	RPS3	RPS10	0.766078719673209	1.28863723665989e-98	1.59813045332778e-97
9606.ENSP00000278572	9606.ENSP00000429374	RPS3	RPS20	9606	0.998	0	0	0	0	0.986	0.9	0.169	RPS3	RPS20	0.838184035794884	1.54860933926452e-134	4.86972912040548e-133
9606.ENSP00000278572	9606.ENSP00000379339	RPS3	RPS29	9606	0.998	0	0	0	0	0.983	0.9	0	RPS3	RPS29	0.760284040826443	2.67413484823936e-96	3.12197559236405e-95
9606.ENSP00000278572	9606.ENSP00000346050	RPS3	RPS3A	9606	0.998	0	0	0	0	0.975	0.9	0.359	RPS3	RPS3A	0.762224731789949	4.55589972648064e-97	5.4440321790428e-96
9606.ENSP00000278572	9606.ENSP00000498019	RPS3	RPS17	9606	0.998	0	0	0	0	0.985	0.9	0	RPS3	RPS17	0.823507350735073	6.38045874046109e-126	1.57296891812775e-124
9606.ENSP00000278572	9606.ENSP00000435096	RPS3	RPS25	9606	0.998	0	0	0	0	0.973	0.9	0.342	RPS3	RPS25	0.792536427555799	4.06900827470059e-110	6.73109398145504e-109
9606.ENSP00000278572	9606.ENSP00000472985	RPS3	RPS5	9606	0.998	0	0	0	0	0.971	0.9	0.374	RPS3	RPS5	0.725432201605254	1.22961439888009e-83	1.10818043029504e-82
9606.ENSP00000278572	9606.ENSP00000414321	RPS3	RPS24	9606	0.998	0	0	0	0	0.966	0.9	0.459	RPS3	RPS24	0.842748032567232	2.15524350393605e-137	7.29693608982614e-136
9606.ENSP00000278572	9606.ENSP00000341885	RPS3	RPS2	9606	0.999	0	0	0	0	0.984	0.9	0.744	RPS3	RPS2	0.778381906513633	9.12423820269841e-104	1.28715121423344e-102
9606.ENSP00000283195	9606.ENSP00000290158	RANBP2	KPNB1	9606	0.774	0	0	0	0	0.566	0.5	0	RANBP2	KPNB1	0.50465782603105	5.49211815890353e-34	1.87633515438894e-33
9606.ENSP00000283195	9606.ENSP00000345895	RANBP2	NUP50	9606	0.821	0	0	0	0	0.143	0.8	0	RANBP2	NUP50	0.456620972656272	2.22951562307799e-27	6.63887135256616e-27
9606.ENSP00000283195	9606.ENSP00000371155	RANBP2	NUP58	9606	0.941	0	0	0	0	0.886	0.5	0	RANBP2	NUP58	0.698038064676033	5.57077535108938e-75	4.21941575249924e-74
9606.ENSP00000283195	9606.ENSP00000360483	RANBP2	NDC1	9606	0.958	0	0	0	0	0.8	0.8	0	RANBP2	NDC1	0.645326799760721	8.1137347473281e-61	4.65863221190568e-60
9606.ENSP00000283195	9606.ENSP00000367721	RANBP2	NUP160	9606	0.968	0	0	0	0	0.896	0.5	0.434	RANBP2	NUP160	0.673839060924726	4.10663741634288e-68	2.7102739595708e-67
9606.ENSP00000283195	9606.ENSP00000285968	RANBP2	NUP205	9606	0.971	0	0	0	0	0.842	0.8	0.162	RANBP2	NUP205	0.684355298883926	5.14266919013242e-71	3.60981969344679e-70
9606.ENSP00000283195	9606.ENSP00000361658	RANBP2	NUP188	9606	0.972	0	0	0	0	0.8	0.8	0.376	RANBP2	NUP188	0.345220298427358	1.40020634727029e-15	3.00420276071489e-15
9606.ENSP00000283195	9606.ENSP00000444029	RANBP2	NUP153	9606	0.988	0	0	0	0	0.568	0.9	0.761	RANBP2	NUP153	0.800370192298733	7.53962135153618e-114	1.37240025210668e-112
9606.ENSP00000283195	9606.ENSP00000316032	RANBP2	NUP98	9606	0.998	0	0	0	0	0.875	0.9	0.892	RANBP2	NUP98	0.779715269663612	2.41092586862102e-104	3.44898226022306e-103
9606.ENSP00000283195	9606.ENSP00000458954	RANBP2	NUP88	9606	0.999	0	0	0	0	0.828	0.8	0.975	RANBP2	NUP88	0.371188640603191	6.08055470639532e-18	1.40523763715261e-17
9606.ENSP00000283195	9606.ENSP00000352400	RANBP2	NUP214	9606	0.999	0	0	0	0	0.905	0.8	0.985	RANBP2	NUP214	0.419224655384793	6.50830564959479e-23	1.71790177970203e-22
9606.ENSP00000283195	9606.ENSP00000376077	RANBP2	SUMO1	9606	0.999	0	0	0	0	0.959	0.9	0.981	RANBP2	SUMO1	-0.358148703069065	9.9363170898556e-17	2.20983518024225e-16
9606.ENSP00000285968	9606.ENSP00000481575	NUP205	POM121C	9606	0.75	0	0	0	0	0.377	0.5	0.263	NUP205	POM121C	0.600774766917685	7.34673631677978e-51	3.46428972931905e-50
9606.ENSP00000285968	9606.ENSP00000444029	NUP205	NUP153	9606	0.92	0	0	0	0	0.618	0.8	0	NUP205	NUP153	0.696114238753068	2.07472599289044e-74	1.55062486459074e-73
9606.ENSP00000285968	9606.ENSP00000367721	NUP205	NUP160	9606	0.925	0	0	0	0	0.857	0.5	0	NUP205	NUP160	0.62731493646259	1.34821473929815e-56	7.15829435810312e-56
9606.ENSP00000285968	9606.ENSP00000316032	NUP205	NUP98	9606	0.947	0	0	0	0	0.87	0.5	0.263	NUP205	NUP98	0.710991440758983	6.01328675692255e-79	4.89791127426322e-78
9606.ENSP00000285968	9606.ENSP00000360483	NUP205	NDC1	9606	0.961	0	0	0	0	0.814	0.8	0	NUP205	NDC1	0.604504363479826	1.23718186734451e-51	5.93578470789712e-51
9606.ENSP00000285968	9606.ENSP00000371155	NUP205	NUP58	9606	0.962	0	0	0	0	0.916	0.5	0.174	NUP205	NUP58	0.569036437805271	1.14163721247823e-44	4.80547416789946e-44
9606.ENSP00000285968	9606.ENSP00000361658	NUP205	NUP188	9606	0.999	0	0	0	0	0.903	0.8	0.974	NUP205	NUP188	0.436984754376059	5.78017250036997e-25	1.61599813064293e-24
9606.ENSP00000287156	9606.ENSP00000496832	UBE2L6	ISG15	9606	0.902	0	0	0	0	0.067	0.9	0	UBE2L6	ISG15	0.533457724654453	1.75489543373725e-38	6.54830011773301e-38
9606.ENSP00000289473	9606.ENSP00000356505	NCF1	NCF2	9606	0.999	0	0	0	0	0.95	0.9	0.987	NCF1	NCF2	0.768127682333451	1.88229078260484e-99	2.37791386553699e-98
9606.ENSP00000289473	9606.ENSP00000380334	NCF1	NCF4	9606	0.999	0	0	0	0	0.96	0.9	0.982	NCF1	NCF4	0.861486397086914	3.71959100392082e-150	1.89848672496602e-148
9606.ENSP00000290158	9606.ENSP00000316032	KPNB1	NUP98	9606	0.72	0	0	0	0	0.464	0.5	0	KPNB1	NUP98	0.536614841608384	5.30545771399158e-39	2.00176575040908e-38
9606.ENSP00000290158	9606.ENSP00000352400	KPNB1	NUP214	9606	0.725	0	0	0	0	0.473	0.5	0	KPNB1	NUP214	0.334263519519654	1.1996965805802e-14	2.50366101683853e-14
9606.ENSP00000290158	9606.ENSP00000481575	KPNB1	POM121C	9606	0.755	0	0	0	0	0.53	0.5	0	KPNB1	POM121C	0.398115960664389	1.25333614859277e-20	3.10946147075153e-20
9606.ENSP00000290158	9606.ENSP00000345895	KPNB1	NUP50	9606	0.778	0	0	0	0	0.457	0.5	0.25	KPNB1	NUP50	0.309568161785123	1.1194882269957e-12	2.18624147694584e-12
9606.ENSP00000290158	9606.ENSP00000471191	KPNB1	NUP62	9606	0.785	0	0	0	0	0.457	0.5	0.274	KPNB1	NUP62	0.354233684237989	2.24260806435149e-16	4.91862882954396e-16
9606.ENSP00000290158	9606.ENSP00000444029	KPNB1	NUP153	9606	0.863	0	0	0	0	0.647	0.5	0.287	KPNB1	NUP153	0.586737462566132	4.88369386794903e-48	2.19971967258352e-47
9606.ENSP00000290158	9606.ENSP00000334373	KPNB1	KPNA4	9606	0.872	0	0	0	0	0.675	0.54	0.217	KPNB1	KPNA4	0.756953707793139	5.36087926336514e-95	6.03663533015518e-94
9606.ENSP00000290158	9606.ENSP00000343701	KPNB1	KPNA1	9606	0.995	0	0	0	0	0.675	0.9	0.87	KPNB1	KPNA1	0.587240618471785	3.88996228207604e-48	1.75523531315177e-47
9606.ENSP00000290158	9606.ENSP00000438483	KPNB1	KPNA2	9606	0.996	0	0	0	0	0.974	0.54	0.755	KPNB1	KPNA2	0.401148593120181	6.02258206161275e-21	1.50668389162071e-20
9606.ENSP00000293831	9606.ENSP00000429374	EIF4A1	RPS20	9606	0.8	0	0	0	0	0.8	0	0	EIF4A1	RPS20	0.358012105558382	1.02245192082918e-16	2.27194140447648e-16
9606.ENSP00000293831	9606.ENSP00000341885	EIF4A1	RPS2	9606	0.8	0	0	0	0	0.8	0	0	EIF4A1	RPS2	0.424740269057962	1.54636287405626e-23	4.16394690132277e-23
9606.ENSP00000293831	9606.ENSP00000481646	EIF4A1	RPS10	9606	0.8	0	0	0	0	0.8	0	0	EIF4A1	RPS10	0.325470963245393	6.32736036703098e-14	1.29361914750269e-13
9606.ENSP00000293831	9606.ENSP00000345957	EIF4A1	RPS21	9606	0.8	0	0	0	0	0.8	0	0	EIF4A1	RPS21	0.331401401009666	2.07349890508967e-14	4.29894435170358e-14
9606.ENSP00000293831	9606.ENSP00000364119	EIF4A1	EIF2S2	9606	0.8	0	0	0	0	0.8	0	0	EIF4A1	EIF2S2	0.574416572091992	1.13561396968834e-45	4.88540071585111e-45
9606.ENSP00000293831	9606.ENSP00000393241	EIF4A1	RPS18	9606	0.8	0	0	0	0	0.8	0	0	EIF4A1	RPS18	0.405285466434842	2.1892456021381e-21	5.54794600322273e-21
9606.ENSP00000293831	9606.ENSP00000472985	EIF4A1	RPS5	9606	0.8	0	0	0	0	0.8	0	0	EIF4A1	RPS5	0.393297870159687	3.95404564367294e-20	9.67740761512916e-20
9606.ENSP00000293831	9606.ENSP00000435096	EIF4A1	RPS25	9606	0.8	0	0	0	0	0.8	0	0	EIF4A1	RPS25	0.303288403374499	3.3228141831783e-12	6.37390437366232e-12
9606.ENSP00000293831	9606.ENSP00000375632	EIF4A1	RPS9	9606	0.8	0	0	0	0	0.8	0	0	EIF4A1	RPS9	0.362295639501838	4.14366200469049e-17	9.34025188229944e-17
9606.ENSP00000293831	9606.ENSP00000379339	EIF4A1	RPS29	9606	0.8	0	0	0	0	0.8	0	0	EIF4A1	RPS29	0.439122701089985	3.21141195709689e-25	9.03304105462007e-25
9606.ENSP00000293831	9606.ENSP00000296674	EIF4A1	RPS23	9606	0.8	0	0	0	0	0.8	0	0	EIF4A1	RPS23	0.310680695398732	9.20724356628199e-13	1.80432129852838e-12
9606.ENSP00000293831	9606.ENSP00000470972	EIF4A1	RPS19	9606	0.8	0	0	0	0	0.8	0	0	EIF4A1	RPS19	0.397786114015128	1.35671562013018e-20	3.36183472887587e-20
9606.ENSP00000293831	9606.ENSP00000498019	EIF4A1	RPS17	9606	0.8	0	0	0	0	0.8	0	0	EIF4A1	RPS17	0.348242588233979	7.62643012690503e-16	1.6477696404802e-15
9606.ENSP00000293831	9606.ENSP00000379888	EIF4A1	RPS8	9606	0.8	0	0	0	0	0.8	0	0	EIF4A1	RPS8	0.393863641022487	3.45837776063858e-20	8.47039858085508e-20
9606.ENSP00000293831	9606.ENSP00000435777	EIF4A1	RPS13	9606	0.8	0	0	0	0	0.8	0	0	EIF4A1	RPS13	0.383671379560316	3.71299828911124e-19	8.86111927220462e-19
9606.ENSP00000293831	9606.ENSP00000318646	EIF4A1	RPS15A	9606	0.803	0	0	0	0	0.8	0	0.06	EIF4A1	RPS15A	0.39633879537022	1.91897254352173e-20	4.73312387677275e-20
9606.ENSP00000293831	9606.ENSP00000367806	EIF4A1	RPS16	9606	0.827	0	0	0	0	0.826	0	0	EIF4A1	RPS16	0.397144310704362	1.58253715915178e-20	3.91185931504129e-20
9606.ENSP00000293831	9606.ENSP00000389351	EIF4A1	RPSA	9606	0.848	0	0	0	0	0.834	0	0.122	EIF4A1	RPSA	0.315895999537842	3.64246858464665e-13	7.23436711268205e-13
9606.ENSP00000293831	9606.ENSP00000429931	EIF4A1	EIF3H	9606	0.929	0	0	0	0	0.929	0	0	EIF4A1	EIF3H	0.316992879412165	2.99008214954508e-13	5.95612166952919e-13
9606.ENSP00000293831	9606.ENSP00000362688	EIF4A1	EIF3I	9606	0.93	0	0	0	0	0.93	0	0	EIF4A1	EIF3I	0.341055378829808	3.20008144858198e-15	6.79273297246545e-15
9606.ENSP00000293831	9606.ENSP00000497641	EIF4A1	EIF4A3	9606	0.932	0	0	0	0	0.426	0	0.887	EIF4A1	EIF4A3	0.437245650030842	5.38133544323573e-25	1.50573620101778e-24
9606.ENSP00000293831	9606.ENSP00000354125	EIF4A1	EIF3B	9606	0.966	0	0	0	0	0.931	0	0.528	EIF4A1	EIF3B	0.409451876864705	7.78775396352031e-22	1.99899461732312e-21
9606.ENSP00000295119	9606.ENSP00000448054	NUP35	NUP37	9606	0.911	0	0	0	0	0.811	0.5	0.14	NUP35	NUP37	0.402376479884013	4.4666077234917e-21	1.12212057005949e-20
9606.ENSP00000296674	9606.ENSP00000331019	RPS23	RPS27L	9606	0.809	0	0	0	0	0.601	0.54	0	RPS23	RPS27L	0.402828295251885	4.00017039452978e-21	1.00543753272059e-20
9606.ENSP00000296674	9606.ENSP00000431800	RPS23	EIF3F	9606	0.816	0	0	0	0	0.816	0	0	RPS23	EIF3F	0.619204715502606	8.73080258596e-55	4.42950858469509e-54
9606.ENSP00000296674	9606.ENSP00000436049	RPS23	EIF3M	9606	0.818	0	0	0	0	0.818	0	0	RPS23	EIF3M	0.450251671129846	1.40734306022497e-26	4.1075814548003e-26
9606.ENSP00000296674	9606.ENSP00000499067	RPS23	EIF3L	9606	0.867	0	0	0	0	0.867	0	0	RPS23	EIF3L	0.384100180204356	3.36571742710252e-19	8.0398852086266e-19
9606.ENSP00000296674	9606.ENSP00000362688	RPS23	EIF3I	9606	0.872	0	0	0	0	0.872	0	0	RPS23	EIF3I	0.543305231144232	4.03134191721353e-40	1.55217361080886e-39
9606.ENSP00000296674	9606.ENSP00000332604	RPS23	EIF3C	9606	0.888	0	0	0	0	0.888	0	0	RPS23	EIF3C	0.403231938100642	3.62430020193526e-21	9.12543806421825e-21
9606.ENSP00000296674	9606.ENSP00000354125	RPS23	EIF3B	9606	0.893	0	0	0	0	0.892	0	0	RPS23	EIF3B	0.449907568396591	1.55293167016854e-26	4.52470653296094e-26
9606.ENSP00000296674	9606.ENSP00000364119	RPS23	EIF2S2	9606	0.901	0	0	0	0	0.901	0	0	RPS23	EIF2S2	0.440324311934299	2.30377926441194e-25	6.49805220456319e-25
9606.ENSP00000296674	9606.ENSP00000429931	RPS23	EIF3H	9606	0.913	0	0	0	0	0.818	0.54	0	RPS23	EIF3H	0.574710825119779	9.99717481526875e-46	4.30442155992728e-45
9606.ENSP00000296674	9606.ENSP00000362744	RPS23	RPS4X	9606	0.991	0	0	0	0	0.922	0.9	0	RPS23	RPS4X	0.619327988699491	8.20198776468527e-55	4.16329783737673e-54
9606.ENSP00000296674	9606.ENSP00000481646	RPS23	RPS10	9606	0.993	0	0	0	0	0.941	0.9	0	RPS23	RPS10	0.723904843900539	3.97977519724283e-83	3.54895317632971e-82
9606.ENSP00000296674	9606.ENSP00000499044	RPS23	RPS27	9606	0.994	0	0	0	0	0.942	0.9	0	RPS23	RPS27	0.586261514350193	6.05410496913653e-48	2.71845907035896e-47
9606.ENSP00000296674	9606.ENSP00000345957	RPS23	RPS21	9606	0.995	0	0	0	0	0.957	0.9	0	RPS23	RPS21	0.834006723653732	5.33933715906562e-132	1.54947564356084e-130
9606.ENSP00000296674	9606.ENSP00000466010	RPS23	RPS15	9606	0.996	0	0	0	0	0.969	0.9	0	RPS23	RPS15	0.631406339391703	1.56859362195513e-57	8.45658461687805e-57
9606.ENSP00000296674	9606.ENSP00000472469	RPS23	RPS28	9606	0.996	0	0	0	0	0.962	0.9	0	RPS23	RPS28	0.42537946341218	1.30686836141799e-23	3.5237223113678e-23
9606.ENSP00000296674	9606.ENSP00000472985	RPS23	RPS5	9606	0.996	0	0	0	0	0.967	0.9	0.129	RPS23	RPS5	0.734069431787899	1.37691880580152e-86	1.33575590358415e-85
9606.ENSP00000296674	9606.ENSP00000414321	RPS23	RPS24	9606	0.996	0	0	0	0	0.962	0.9	0.229	RPS23	RPS24	0.753961980048937	7.60455022133669e-94	8.39558876066486e-93
9606.ENSP00000296674	9606.ENSP00000318646	RPS23	RPS15A	9606	0.996	0	0	0	0	0.967	0.9	0.119	RPS23	RPS15A	0.786967516627439	1.46528510842286e-107	2.27219860248107e-106
9606.ENSP00000296674	9606.ENSP00000379339	RPS23	RPS29	9606	0.996	0	0	0	0	0.964	0.9	0	RPS23	RPS29	0.723066996140608	7.55467364017377e-83	6.72504997048598e-82
9606.ENSP00000296674	9606.ENSP00000341885	RPS23	RPS2	9606	0.997	0	0	0	0	0.973	0.9	0.111	RPS23	RPS2	0.716031013039192	1.49933953172065e-80	1.27012440564526e-79
9606.ENSP00000296674	9606.ENSP00000495273	RPS23	RPS7	9606	0.997	0	0	0	0	0.969	0.9	0.144	RPS23	RPS7	0.730385678319385	2.57890496239264e-85	2.41864614062992e-84
9606.ENSP00000296674	9606.ENSP00000389351	RPS23	RPSA	9606	0.997	0	0	0	0	0.975	0.9	0	RPS23	RPSA	0.689781462618312	1.46253269962815e-72	1.06182592066641e-71
9606.ENSP00000296674	9606.ENSP00000393241	RPS23	RPS18	9606	0.997	0	0	0	0	0.97	0.9	0.177	RPS23	RPS18	0.785504544243244	6.68023637149286e-107	1.01270389291422e-105
9606.ENSP00000296674	9606.ENSP00000470972	RPS23	RPS19	9606	0.997	0	0	0	0	0.976	0.9	0.098	RPS23	RPS19	0.69091989944336	6.86099550448574e-73	5.00266556633608e-72
9606.ENSP00000296674	9606.ENSP00000429374	RPS23	RPS20	9606	0.997	0	0	0	0	0.975	0.9	0	RPS23	RPS20	0.750201262362261	2.0214931378619e-92	2.17503239420162e-91
9606.ENSP00000296674	9606.ENSP00000385958	RPS23	RPS14	9606	0.997	0	0	0	0	0.975	0.9	0.129	RPS23	RPS14	0.819535214391004	9.9934701802984e-124	2.27077576333984e-122
9606.ENSP00000296674	9606.ENSP00000375632	RPS23	RPS9	9606	0.997	0	0	0	0	0.972	0.9	0.092	RPS23	RPS9	0.74522411868516	1.4202390439846e-90	1.48715133708779e-89
9606.ENSP00000296674	9606.ENSP00000435096	RPS23	RPS25	9606	0.997	0	0	0	0	0.975	0.9	0	RPS23	RPS25	0.764418025653497	6.03949705202951e-98	7.42267757871692e-97
9606.ENSP00000296674	9606.ENSP00000346050	RPS23	RPS3A	9606	0.997	0	0	0	0	0.973	0.9	0	RPS23	RPS3A	0.754084228298606	6.82860982712101e-94	7.54713710708031e-93
9606.ENSP00000296674	9606.ENSP00000435777	RPS23	RPS13	9606	0.997	0	0	0	0	0.974	0.9	0	RPS23	RPS13	0.793705799151344	1.15529342051079e-110	1.94598926569289e-109
9606.ENSP00000296674	9606.ENSP00000379888	RPS23	RPS8	9606	0.997	0	0	0	0	0.973	0.9	0	RPS23	RPS8	0.811344208955057	2.28864514688103e-119	4.76347720427676e-118
9606.ENSP00000296674	9606.ENSP00000498019	RPS23	RPS17	9606	0.997	0	0	0	0	0.975	0.9	0	RPS23	RPS17	0.82569235184388	3.74841245290097e-127	9.47080230948137e-126
9606.ENSP00000296674	9606.ENSP00000367806	RPS23	RPS16	9606	0.997	0	0	0	0	0.975	0.9	0	RPS23	RPS16	0.79032198250881	4.3187529664093e-109	6.95175497303e-108
9606.ENSP00000296674	9606.ENSP00000431822	RPS23	FAU	9606	0.998	0	0	0	0	0.981	0.9	0	RPS23	FAU	0.685071923341402	3.22802992806148e-71	2.27846420982074e-70
9606.ENSP00000308583	9606.ENSP00000383710	CENPS	FAAP20	9606	0.963	0	0	0	0	0.292	0.9	0.525	CENPS	FAAP20	0.33117768298569	2.16358427000193e-14	4.48205699172131e-14
9606.ENSP00000308583	9606.ENSP00000464357	CENPS	CENPX	9606	0.999	0	0	0	0	0.98	0.9	0.982	CENPS	CENPX	0.552242677683917	1.17612776054004e-41	4.68467829953144e-41
9606.ENSP00000316032	9606.ENSP00000360483	NUP98	NDC1	9606	0.895	0	0	0	0	0.8	0.5	0	NUP98	NDC1	0.623369728277175	1.04115988614737e-55	5.40923834455186e-55
9606.ENSP00000316032	9606.ENSP00000361658	NUP98	NUP188	9606	0.895	0	0	0	0	0.8	0.5	0	NUP98	NUP188	0.573530085927847	1.66592117520533e-45	7.13053576761925e-45
9606.ENSP00000316032	9606.ENSP00000371155	NUP98	NUP58	9606	0.961	0	0	0	0	0.876	0.5	0.43	NUP98	NUP58	0.680173048360737	7.58576374860308e-70	5.19896102527406e-69
9606.ENSP00000316032	9606.ENSP00000444029	NUP98	NUP153	9606	0.99	0	0	0	0	0.305	0.9	0.88	NUP98	NUP153	0.733139245601579	2.89891586278436e-86	2.78301402819478e-85
9606.ENSP00000316032	9606.ENSP00000352400	NUP98	NUP214	9606	0.994	0	0	0	0	0.968	0.5	0.666	NUP98	NUP214	0.467859332517103	7.84506785055968e-29	2.41315427492837e-28
9606.ENSP00000316032	9606.ENSP00000367721	NUP98	NUP160	9606	0.999	0	0	0	0	0.915	0.9	0.985	NUP98	NUP160	0.621981017977574	2.12321283063003e-55	1.09469404673651e-54
9606.ENSP00000318646	9606.ENSP00000331019	RPS15A	RPS27L	9606	0.734	0	0	0	0	0.446	0.54	0	RPS15A	RPS27L	0.531876324278391	3.18002280248076e-38	1.1822654320936e-37
9606.ENSP00000318646	9606.ENSP00000431800	RPS15A	EIF3F	9606	0.818	0	0	0	0	0.818	0	0	RPS15A	EIF3F	0.605102094060338	9.2787518866203e-52	4.46655369253092e-51
9606.ENSP00000318646	9606.ENSP00000429931	RPS15A	EIF3H	9606	0.818	0	0	0	0	0.818	0	0	RPS15A	EIF3H	0.626897876123016	1.67575486773075e-56	8.88342494339312e-56
9606.ENSP00000318646	9606.ENSP00000436049	RPS15A	EIF3M	9606	0.818	0	0	0	0	0.818	0	0	RPS15A	EIF3M	0.50911001037992	1.18176435824375e-34	4.09385422465273e-34
9606.ENSP00000318646	9606.ENSP00000499067	RPS15A	EIF3L	9606	0.83	0	0	0	0	0.83	0	0	RPS15A	EIF3L	0.338847642528228	4.93476927679184e-15	1.04226349645196e-14
9606.ENSP00000318646	9606.ENSP00000364119	RPS15A	EIF2S2	9606	0.854	0	0	0	0	0.854	0	0	RPS15A	EIF2S2	0.529272492466638	8.40569244448631e-38	3.09896980612151e-37
9606.ENSP00000318646	9606.ENSP00000332604	RPS15A	EIF3C	9606	0.861	0	0	0	0	0.861	0	0	RPS15A	EIF3C	0.398928743806058	1.03058654060093e-20	2.56371968966046e-20
9606.ENSP00000318646	9606.ENSP00000362688	RPS15A	EIF3I	9606	0.862	0	0	0	0	0.862	0	0	RPS15A	EIF3I	0.585192587581739	9.79565745470341e-48	4.38301730252963e-47
9606.ENSP00000318646	9606.ENSP00000354125	RPS15A	EIF3B	9606	0.888	0	0	0	0	0.887	0	0	RPS15A	EIF3B	0.36809991558162	1.19222160487815e-17	2.73103176381312e-17
9606.ENSP00000318646	9606.ENSP00000379339	RPS15A	RPS29	9606	0.989	0	0	0	0	0.897	0.9	0	RPS15A	RPS29	0.840088108189701	1.02136641811602e-135	3.3356973340207e-134
9606.ENSP00000318646	9606.ENSP00000472469	RPS15A	RPS28	9606	0.99	0	0	0	0	0.895	0.9	0.125	RPS15A	RPS28	0.426523024973305	9.66268246610096e-24	2.61438108173115e-23
9606.ENSP00000318646	9606.ENSP00000435096	RPS15A	RPS25	9606	0.991	0	0	0	0	0.909	0.9	0.085	RPS15A	RPS25	0.861768071217059	2.31493975985822e-150	1.20578682773743e-148
9606.ENSP00000318646	9606.ENSP00000481646	RPS15A	RPS10	9606	0.991	0	0	0	0	0.917	0.9	0	RPS15A	RPS10	0.721122112211221	3.31452290468164e-82	2.9122499258522e-81
9606.ENSP00000318646	9606.ENSP00000466010	RPS15A	RPS15	9606	0.991	0	0	0	0	0.92	0.9	0	RPS15A	RPS15	0.59366163324407	2.0594348151379e-49	9.49940028036133e-49
9606.ENSP00000318646	9606.ENSP00000393241	RPS15A	RPS18	9606	0.991	0	0	0	0	0.913	0.9	0	RPS15A	RPS18	0.850869248415525	1.04208022319848e-142	4.2337635308108e-141
9606.ENSP00000318646	9606.ENSP00000379888	RPS15A	RPS8	9606	0.992	0	0	0	0	0.929	0.9	0	RPS15A	RPS8	0.852903395929655	4.33269223741201e-144	1.85684198545966e-142
9606.ENSP00000318646	9606.ENSP00000498019	RPS15A	RPS17	9606	0.992	0	0	0	0	0.924	0.9	0	RPS15A	RPS17	0.8635212900172	1.18110942569135e-151	6.51985241127554e-150
9606.ENSP00000318646	9606.ENSP00000385958	RPS15A	RPS14	9606	0.992	0	0	0	0	0.929	0.9	0.043	RPS15A	RPS14	0.786720597525591	1.89447983814654e-107	2.92435132462833e-106
9606.ENSP00000318646	9606.ENSP00000470972	RPS15A	RPS19	9606	0.992	0	0	0	0	0.924	0.9	0	RPS15A	RPS19	0.701164712744566	6.42782206103857e-76	4.96104777157817e-75
9606.ENSP00000318646	9606.ENSP00000389351	RPS15A	RPSA	9606	0.992	0	0	0	0	0.931	0.9	0	RPS15A	RPSA	0.671983347403063	1.29776228710341e-67	8.45501703021769e-67
9606.ENSP00000318646	9606.ENSP00000367806	RPS15A	RPS16	9606	0.993	0	0	0	0	0.922	0.9	0.188	RPS15A	RPS16	0.759013199456591	8.44388791188168e-96	9.74597380920253e-95
9606.ENSP00000318646	9606.ENSP00000362744	RPS15A	RPS4X	9606	0.993	0	0	0	0	0.919	0.9	0.249	RPS15A	RPS4X	0.635389097916003	1.87284841712691e-58	1.0276888910188e-57
9606.ENSP00000318646	9606.ENSP00000472985	RPS15A	RPS5	9606	0.993	0	0	0	0	0.929	0.9	0.166	RPS15A	RPS5	0.750471382541981	1.60028959451175e-92	1.7236629280441e-91
9606.ENSP00000318646	9606.ENSP00000429374	RPS15A	RPS20	9606	0.994	0	0	0	0	0.924	0.9	0.268	RPS15A	RPS20	0.812448915699023	6.083015603808e-120	1.28451537396836e-118
9606.ENSP00000318646	9606.ENSP00000414321	RPS15A	RPS24	9606	0.994	0	0	0	0	0.919	0.9	0.393	RPS15A	RPS24	0.812393382195362	6.5033670347452e-120	1.36759211121961e-118
9606.ENSP00000318646	9606.ENSP00000375632	RPS15A	RPS9	9606	0.995	0	0	0	0	0.956	0.9	0	RPS15A	RPS9	0.724795802561622	2.00782130894638e-83	1.80472929512995e-82
9606.ENSP00000318646	9606.ENSP00000431822	RPS15A	FAU	9606	0.995	0	0	0	0	0.958	0.9	0	RPS15A	FAU	0.708245141284315	4.34842096983394e-78	3.49145547751805e-77
9606.ENSP00000318646	9606.ENSP00000346050	RPS15A	RPS3A	9606	0.995	0	0	0	0	0.926	0.9	0.453	RPS15A	RPS3A	0.802793912931666	4.88385059722129e-115	9.10188449834434e-114
9606.ENSP00000318646	9606.ENSP00000499044	RPS15A	RPS27	9606	0.995	0	0	0	0	0.941	0.9	0.327	RPS15A	RPS27	0.622532532756381	1.60056772551593e-55	8.27747779433062e-55
9606.ENSP00000318646	9606.ENSP00000435777	RPS15A	RPS13	9606	0.996	0	0	0	0	0.967	0.9	0	RPS15A	RPS13	0.869677122991802	2.44514556845004e-156	1.53304589745352e-154
9606.ENSP00000318646	9606.ENSP00000495273	RPS15A	RPS7	9606	0.996	0	0	0	0	0.966	0.9	0	RPS15A	RPS7	0.761431795353448	9.40814771472564e-97	1.11243953828252e-95
9606.ENSP00000318646	9606.ENSP00000345957	RPS15A	RPS21	9606	0.996	0	0	0	0	0.962	0.9	0	RPS15A	RPS21	0.791444672417552	1.30863129665104e-109	2.15077153399427e-108
9606.ENSP00000318646	9606.ENSP00000341885	RPS15A	RPS2	9606	0.998	0	0	0	0	0.966	0.9	0.583	RPS15A	RPS2	0.724425703439909	2.66866859957161e-83	2.38816449038315e-82
9606.ENSP00000331019	9606.ENSP00000481646	RPS27L	RPS10	9606	0.701	0	0	0	0	0.378	0.54	0	RPS27L	RPS10	0.548807613680623	4.6333519335669e-41	1.82124441134826e-40
9606.ENSP00000331019	9606.ENSP00000385958	RPS27L	RPS14	9606	0.704	0	0	0	0	0.383	0.54	0	RPS27L	RPS14	0.496965224472758	7.40756066336924e-33	2.4733265502249e-32
9606.ENSP00000331019	9606.ENSP00000375632	RPS27L	RPS9	9606	0.758	0	0	0	0	0.497	0.54	0	RPS27L	RPS9	0.449090871820101	1.96076951659708e-26	5.69177935983896e-26
9606.ENSP00000331019	9606.ENSP00000393241	RPS27L	RPS18	9606	0.758	0	0	0	0	0.496	0.54	0	RPS27L	RPS18	0.47388527672643	1.23793148834907e-29	3.87836833040145e-29
9606.ENSP00000331019	9606.ENSP00000470972	RPS27L	RPS19	9606	0.759	0	0	0	0	0.498	0.54	0	RPS27L	RPS19	0.599804700966991	1.16321341651797e-50	5.47232916700927e-50
9606.ENSP00000331019	9606.ENSP00000466010	RPS27L	RPS15	9606	0.759	0	0	0	0	0.498	0.54	0	RPS27L	RPS15	0.484545845888937	4.30959147206421e-31	1.39402931789033e-30
9606.ENSP00000331019	9606.ENSP00000498019	RPS27L	RPS17	9606	0.76	0	0	0	0	0.5	0.54	0	RPS27L	RPS17	0.524393743722198	5.07855644093534e-37	1.84027462613558e-36
9606.ENSP00000331019	9606.ENSP00000379339	RPS27L	RPS29	9606	0.76	0	0	0	0	0.5	0.54	0	RPS27L	RPS29	0.508840728793376	1.29767373668154e-34	4.4907911902809e-34
9606.ENSP00000331019	9606.ENSP00000472985	RPS27L	RPS5	9606	0.76	0	0	0	0	0.5	0.54	0	RPS27L	RPS5	0.319361346072495	1.94715847755575e-13	3.91319522289943e-13
9606.ENSP00000331019	9606.ENSP00000362744	RPS27L	RPS4X	9606	0.777	0	0	0	0	0.535	0.54	0	RPS27L	RPS4X	0.366480778512634	1.69195055432686e-17	3.85403493615113e-17
9606.ENSP00000331019	9606.ENSP00000495273	RPS27L	RPS7	9606	0.788	0	0	0	0	0.558	0.54	0	RPS27L	RPS7	0.564645657112295	7.27702977119463e-44	3.02054725729562e-43
9606.ENSP00000331019	9606.ENSP00000389351	RPS27L	RPSA	9606	0.804	0	0	0	0	0.592	0.54	0	RPS27L	RPSA	0.312217277628384	7.01930657080406e-13	1.38088508308458e-12
9606.ENSP00000331019	9606.ENSP00000414321	RPS27L	RPS24	9606	0.805	0	0	0	0	0.595	0.54	0	RPS27L	RPS24	0.525380488359395	3.53808687247671e-37	1.2880411599909e-36
9606.ENSP00000331019	9606.ENSP00000341885	RPS27L	RPS2	9606	0.806	0	0	0	0	0.596	0.54	0	RPS27L	RPS2	0.472881294340614	1.6881446151377e-29	5.26450256553688e-29
9606.ENSP00000331019	9606.ENSP00000346050	RPS27L	RPS3A	9606	0.808	0	0	0	0	0.599	0.54	0	RPS27L	RPS3A	0.359807626725405	7.01360513890676e-17	1.56771979304305e-16
9606.ENSP00000331019	9606.ENSP00000435777	RPS27L	RPS13	9606	0.83	0	0	0	0	0.645	0.54	0	RPS27L	RPS13	0.533665509408084	1.62265764554805e-38	6.05708699222034e-38
9606.ENSP00000331019	9606.ENSP00000379888	RPS27L	RPS8	9606	0.831	0	0	0	0	0.648	0.54	0	RPS27L	RPS8	0.527717554364132	1.49597298004903e-37	5.48937773062065e-37
9606.ENSP00000331019	9606.ENSP00000429374	RPS27L	RPS20	9606	0.831	0	0	0	0	0.648	0.54	0	RPS27L	RPS20	0.604383140177372	1.31141659164395e-51	6.28601147773837e-51
9606.ENSP00000331019	9606.ENSP00000472469	RPS27L	RPS28	9606	0.848	0	0	0	0	0.684	0.54	0	RPS27L	RPS28	0.324820494471807	7.14043550289781e-14	1.45691850950046e-13
9606.ENSP00000331019	9606.ENSP00000435096	RPS27L	RPS25	9606	0.853	0	0	0	0	0.694	0.54	0	RPS27L	RPS25	0.515732660222544	1.15261058610485e-35	4.0876626128027e-35
9606.ENSP00000331019	9606.ENSP00000367806	RPS27L	RPS16	9606	0.854	0	0	0	0	0.696	0.54	0	RPS27L	RPS16	0.533837327832162	1.52080708539519e-38	5.6810730291868e-38
9606.ENSP00000331019	9606.ENSP00000345957	RPS27L	RPS21	9606	0.854	0	0	0	0	0.696	0.54	0	RPS27L	RPS21	0.557921537495364	1.17702752787135e-42	4.79930493801256e-42
9606.ENSP00000331019	9606.ENSP00000431822	RPS27L	FAU	9606	0.892	0	0	0	0	0.775	0.54	0	RPS27L	FAU	0.547489717915891	7.80760988158642e-41	3.05594965577161e-40
9606.ENSP00000332604	9606.ENSP00000379339	EIF3C	RPS29	9606	0.868	0	0	0	0	0.868	0	0	EIF3C	RPS29	0.37680907842337	1.75275147894662e-18	4.11908763805201e-18
9606.ENSP00000332604	9606.ENSP00000385958	EIF3C	RPS14	9606	0.868	0	0	0	0	0.868	0	0	EIF3C	RPS14	0.447103219638734	3.44956049226646e-26	9.93399090443732e-26
9606.ENSP00000332604	9606.ENSP00000481646	EIF3C	RPS10	9606	0.869	0	0	0	0	0.869	0	0	EIF3C	RPS10	0.454709073391811	3.89205314562254e-27	1.15218839405678e-26
9606.ENSP00000332604	9606.ENSP00000389351	EIF3C	RPSA	9606	0.87	0	0	0	0	0.87	0	0	EIF3C	RPSA	0.423463184827799	2.16199531013918e-23	5.79403334171073e-23
9606.ENSP00000332604	9606.ENSP00000472985	EIF3C	RPS5	9606	0.87	0	0	0	0	0.87	0	0	EIF3C	RPS5	0.337482599191596	6.4390631570509e-15	1.35491121786132e-14
9606.ENSP00000332604	9606.ENSP00000375632	EIF3C	RPS9	9606	0.875	0	0	0	0	0.875	0	0	EIF3C	RPS9	0.487130949119757	1.87513467992996e-31	6.10440478975917e-31
9606.ENSP00000332604	9606.ENSP00000498019	EIF3C	RPS17	9606	0.884	0	0	0	0	0.884	0	0	EIF3C	RPS17	0.429937776386334	3.89520987432405e-24	1.06583099928635e-23
9606.ENSP00000332604	9606.ENSP00000472469	EIF3C	RPS28	9606	0.888	0	0	0	0	0.888	0	0	EIF3C	RPS28	0.430618993576376	3.24547900948164e-24	8.90687119678602e-24
9606.ENSP00000332604	9606.ENSP00000435096	EIF3C	RPS25	9606	0.889	0	0	0	0	0.889	0	0	EIF3C	RPS25	0.441840674750705	1.51208533198601e-25	4.28522620451504e-25
9606.ENSP00000332604	9606.ENSP00000345957	EIF3C	RPS21	9606	0.889	0	0	0	0	0.889	0	0	EIF3C	RPS21	0.40987313017016	7.00930323324627e-22	1.80054357461007e-21
9606.ENSP00000332604	9606.ENSP00000362744	EIF3C	RPS4X	9606	0.889	0	0	0	0	0.888	0	0	EIF3C	RPS4X	0.464260276959373	2.32270235214362e-28	7.08246406206027e-28
9606.ENSP00000332604	9606.ENSP00000393241	EIF3C	RPS18	9606	0.89	0	0	0	0	0.89	0	0	EIF3C	RPS18	0.41405286491382	2.44528332626328e-22	6.34237557325234e-22
9606.ENSP00000332604	9606.ENSP00000495273	EIF3C	RPS7	9606	0.891	0	0	0	0	0.891	0	0	EIF3C	RPS7	0.472415316065768	1.94886909820667e-29	6.06825978862204e-29
9606.ENSP00000332604	9606.ENSP00000341885	EIF3C	RPS2	9606	0.891	0	0	0	0	0.891	0	0	EIF3C	RPS2	0.487988177699757	1.42071904639722e-31	4.64144205669237e-31
9606.ENSP00000332604	9606.ENSP00000470972	EIF3C	RPS19	9606	0.891	0	0	0	0	0.891	0	0	EIF3C	RPS19	0.427757154597447	6.96650884119565e-24	1.8949874209969e-23
9606.ENSP00000332604	9606.ENSP00000379888	EIF3C	RPS8	9606	0.892	0	0	0	0	0.892	0	0	EIF3C	RPS8	0.471519791730726	2.5667491797225e-29	7.96531360172364e-29
9606.ENSP00000332604	9606.ENSP00000435777	EIF3C	RPS13	9606	0.892	0	0	0	0	0.872	0	0.187	EIF3C	RPS13	0.395007295760632	2.63599973367214e-20	6.4686758383445e-20
9606.ENSP00000332604	9606.ENSP00000466010	EIF3C	RPS15	9606	0.893	0	0	0	0	0.893	0	0	EIF3C	RPS15	0.477407927128116	4.13513758343786e-30	1.30802218732415e-29
9606.ENSP00000332604	9606.ENSP00000367806	EIF3C	RPS16	9606	0.904	0	0	0	0	0.904	0	0	EIF3C	RPS16	0.441682460171483	1.58015277182096e-25	4.47438296721091e-25
9606.ENSP00000332604	9606.ENSP00000414321	EIF3C	RPS24	9606	0.907	0	0	0	0	0.907	0	0	EIF3C	RPS24	0.500620093065207	2.16972850170933e-33	7.32887675153364e-33
9606.ENSP00000332604	9606.ENSP00000429374	EIF3C	RPS20	9606	0.909	0	0	0	0	0.909	0	0	EIF3C	RPS20	0.515785398415618	1.13121080465492e-35	4.013170849766e-35
9606.ENSP00000332604	9606.ENSP00000346050	EIF3C	RPS3A	9606	0.919	0	0	0	0	0.909	0	0.154	EIF3C	RPS3A	0.32432264965627	7.83109823348559e-14	1.59591622707691e-13
9606.ENSP00000332604	9606.ENSP00000431822	EIF3C	FAU	9606	0.947	0	0	0	0	0.947	0	0	EIF3C	FAU	0.544174106851679	2.87235980228643e-40	1.10972074978407e-39
9606.ENSP00000332604	9606.ENSP00000429931	EIF3C	EIF3H	9606	0.999	0	0	0	0	0.977	0.9	0.949	EIF3C	EIF3H	0.315930102327003	3.62023073426329e-13	7.19160640874482e-13
9606.ENSP00000332604	9606.ENSP00000362688	EIF3C	EIF3I	9606	0.999	0	0	0	0	0.962	0.9	0.979	EIF3C	EIF3I	0.563833619386783	1.02190495541598e-43	4.233070404633e-43
9606.ENSP00000332604	9606.ENSP00000431800	EIF3C	EIF3F	9606	0.999	0	0	0	0	0.977	0.9	0.886	EIF3C	EIF3F	0.412660241179397	3.4787636510913e-22	9.0045368002381e-22
9606.ENSP00000332604	9606.ENSP00000354125	EIF3C	EIF3B	9606	0.999	0	0	0	0	0.963	0.9	0.987	EIF3C	EIF3B	0.455091565057127	3.48251671836306e-27	1.03336027778012e-26
9606.ENSP00000333266	9606.ENSP00000496832	UBA7	ISG15	9606	0.961	0	0	0	0	0.63	0.9	0	UBA7	ISG15	0.47013629934422	3.92158340925943e-29	1.21326599719306e-28
9606.ENSP00000333283	9606.ENSP00000464357	FAAP100	CENPX	9606	0.99	0	0	0	0	0.734	0.8	0.829	FAAP100	CENPX	0.447024950942299	3.52688679755959e-26	1.01509178812164e-25
9606.ENSP00000333283	9606.ENSP00000383710	FAAP100	FAAP20	9606	0.997	0	0	0	0	0.734	0.8	0.965	FAAP100	FAAP20	0.545487716473511	1.71735686057312e-40	6.68834111688695e-40
9606.ENSP00000333283	9606.ENSP00000373952	FAAP100	FANCA	9606	0.999	0	0	0	0	0.944	0.8	0.983	FAAP100	FANCA	0.443917310985757	8.465430233855e-26	2.41390721182665e-25
9606.ENSP00000334373	9606.ENSP00000438483	KPNA4	KPNA2	9606	0.77	0	0	0	0	0.393	0.54	0.245	KPNA4	KPNA2	0.307678252297279	1.55742394525719e-12	3.02635450774388e-12
9606.ENSP00000341885	9606.ENSP00000429931	RPS2	EIF3H	9606	0.818	0	0	0	0	0.818	0	0	RPS2	EIF3H	0.532057646758465	2.97095941232373e-38	1.10494451669616e-37
9606.ENSP00000341885	9606.ENSP00000436049	RPS2	EIF3M	9606	0.818	0	0	0	0	0.818	0	0	RPS2	EIF3M	0.367505539373813	1.35602159410507e-17	3.09856272920701e-17
9606.ENSP00000341885	9606.ENSP00000431800	RPS2	EIF3F	9606	0.818	0	0	0	0	0.818	0	0	RPS2	EIF3F	0.660583977652424	1.27260572082025e-64	7.85766340812843e-64
9606.ENSP00000341885	9606.ENSP00000362688	RPS2	EIF3I	9606	0.875	0	0	0	0	0.875	0	0	RPS2	EIF3I	0.557017534051542	1.70298206172796e-42	6.92441505243031e-42
9606.ENSP00000341885	9606.ENSP00000354125	RPS2	EIF3B	9606	0.914	0	0	0	0	0.913	0	0	RPS2	EIF3B	0.475567867345741	7.34389903620194e-30	2.31149620423623e-29
9606.ENSP00000341885	9606.ENSP00000364119	RPS2	EIF2S2	9606	0.941	0	0	0	0	0.941	0	0	RPS2	EIF2S2	0.410518753738728	5.96280279432657e-22	1.53521389054436e-21
9606.ENSP00000341885	9606.ENSP00000499044	RPS2	RPS27	9606	0.993	0	0	0	0	0.936	0.9	0	RPS2	RPS27	0.486968075689557	1.97648531357431e-31	6.43022464124736e-31
9606.ENSP00000341885	9606.ENSP00000431822	RPS2	FAU	9606	0.995	0	0	0	0	0.957	0.9	0	RPS2	FAU	0.671965457415307	1.31218440296237e-67	8.5434980646723e-67
9606.ENSP00000341885	9606.ENSP00000379339	RPS2	RPS29	9606	0.995	0	0	0	0	0.957	0.9	0	RPS2	RPS29	0.685808394504047	1.99744960040086e-71	1.41775650532994e-70
9606.ENSP00000341885	9606.ENSP00000481646	RPS2	RPS10	9606	0.995	0	0	0	0	0.954	0.9	0	RPS2	RPS10	0.770234694276881	2.54992454446888e-100	3.28674918758508e-99
9606.ENSP00000341885	9606.ENSP00000362744	RPS2	RPS4X	9606	0.995	0	0	0	0	0.928	0.9	0.375	RPS2	RPS4X	0.596459366433538	5.60620005138434e-50	2.6012870681549e-49
9606.ENSP00000341885	9606.ENSP00000466010	RPS2	RPS15	9606	0.996	0	0	0	0	0.964	0.9	0	RPS2	RPS15	0.73836703546131	4.23827701450932e-88	4.22455148541425e-87
9606.ENSP00000341885	9606.ENSP00000495273	RPS2	RPS7	9606	0.996	0	0	0	0	0.967	0.9	0	RPS2	RPS7	0.700648418879155	9.19964103289573e-76	7.07348629607281e-75
9606.ENSP00000341885	9606.ENSP00000472469	RPS2	RPS28	9606	0.996	0	0	0	0	0.961	0.9	0	RPS2	RPS28	0.406311438597276	1.69958652063031e-21	4.31783398950526e-21
9606.ENSP00000341885	9606.ENSP00000472985	RPS2	RPS5	9606	0.997	0	0	0	0	0.973	0.9	0.143	RPS2	RPS5	0.686477125973467	1.29018124503681e-71	9.17673032621773e-71
9606.ENSP00000341885	9606.ENSP00000345957	RPS2	RPS21	9606	0.997	0	0	0	0	0.98	0.9	0	RPS2	RPS21	0.739284176864891	1.9985224101399e-88	2.00781326605252e-87
9606.ENSP00000341885	9606.ENSP00000379888	RPS2	RPS8	9606	0.997	0	0	0	0	0.975	0.9	0	RPS2	RPS8	0.846319228196111	1.08152574598897e-139	3.93729641649101e-138
9606.ENSP00000341885	9606.ENSP00000435777	RPS2	RPS13	9606	0.997	0	0	0	0	0.972	0.9	0	RPS2	RPS13	0.703773110230278	1.03812476249634e-76	8.12970949319605e-76
9606.ENSP00000341885	9606.ENSP00000385958	RPS2	RPS14	9606	0.997	0	0	0	0	0.973	0.9	0.111	RPS2	RPS14	0.741484179473848	3.25021281238547e-89	3.30785686727447e-88
9606.ENSP00000341885	9606.ENSP00000414321	RPS2	RPS24	9606	0.998	0	0	0	0	0.966	0.9	0.655	RPS2	RPS24	0.730333778719487	2.68666339814664e-85	2.51738377628925e-84
9606.ENSP00000341885	9606.ENSP00000470972	RPS2	RPS19	9606	0.998	0	0	0	0	0.969	0.9	0.421	RPS2	RPS19	0.797853387823254	1.24263517558828e-112	2.20269554597735e-111
9606.ENSP00000341885	9606.ENSP00000389351	RPS2	RPSA	9606	0.998	0	0	0	0	0.986	0.9	0.176	RPS2	RPSA	0.663901638611066	1.76870043740616e-65	1.10212824188554e-64
9606.ENSP00000341885	9606.ENSP00000435096	RPS2	RPS25	9606	0.998	0	0	0	0	0.974	0.9	0.298	RPS2	RPS25	0.688494222093017	3.4273677286935e-72	2.4654230892592e-71
9606.ENSP00000341885	9606.ENSP00000498019	RPS2	RPS17	9606	0.998	0	0	0	0	0.986	0.9	0	RPS2	RPS17	0.770197143937996	2.64289886220123e-100	3.40227170385017e-99
9606.ENSP00000341885	9606.ENSP00000367806	RPS2	RPS16	9606	0.998	0	0	0	0	0.974	0.9	0.288	RPS2	RPS16	0.794482150078362	4.98552273344611e-111	8.4820694143404e-110
9606.ENSP00000341885	9606.ENSP00000429374	RPS2	RPS20	9606	0.998	0	0	0	0	0.973	0.9	0.569	RPS2	RPS20	0.77166887496203	6.46050490563283e-101	8.46701268729196e-100
9606.ENSP00000341885	9606.ENSP00000393241	RPS2	RPS18	9606	0.999	0	0	0	0	0.976	0.9	0.62	RPS2	RPS18	0.796984978000906	3.23788750070175e-112	5.65072566058894e-111
9606.ENSP00000341885	9606.ENSP00000375632	RPS2	RPS9	9606	0.999	0	0	0	0	0.986	0.9	0.709	RPS2	RPS9	0.761046694731585	1.33662821915131e-96	1.57313242432443e-95
9606.ENSP00000341885	9606.ENSP00000346050	RPS2	RPS3A	9606	0.999	0	0	0	0	0.984	0.9	0.569	RPS2	RPS3A	0.57229483817947	2.83602421649495e-45	1.20727149903349e-44
9606.ENSP00000342026	9606.ENSP00000381607	PRDX6	GSTP1	9606	0.947	0	0	0	0	0.457	0.9	0.118	PRDX6	GSTP1	0.332307920233017	1.74464564067763e-14	3.62676335905909e-14
9606.ENSP00000342262	9606.ENSP00000371155	NUP43	NUP58	9606	0.914	0	0	0	0	0.8	0.5	0.214	NUP43	NUP58	0.361570349581542	4.83302087772941e-17	1.08676097088992e-16
9606.ENSP00000342262	9606.ENSP00000360483	NUP43	NDC1	9606	0.958	0	0	0	0	0.8	0.8	0	NUP43	NDC1	0.357455745574557	1.14856914268927e-16	2.54494257903468e-16
9606.ENSP00000345728	9606.ENSP00000436318	ATP7A	CCS	9606	0.796	0	0	0	0	0.15	0.77	0	ATP7A	CCS	-0.588342902613243	2.35987201259991e-48	1.06957697599185e-47
9606.ENSP00000345728	9606.ENSP00000430598	ATP7A	ATOX1	9606	0.991	0	0	0	0	0.961	0	0.793	ATP7A	ATOX1	-0.447207205192569	3.3494133286655e-26	9.65379999411335e-26
9606.ENSP00000345895	9606.ENSP00000367721	NUP50	NUP160	9606	0.713	0	0	0	0	0.45	0.5	0	NUP50	NUP160	0.457731176844392	1.61064944791406e-27	4.81019886091192e-27
9606.ENSP00000345895	9606.ENSP00000444029	NUP50	NUP153	9606	0.998	0	0	0	0	0.652	0.8	0.978	NUP50	NUP153	0.527484798169258	1.63037230256847e-37	5.97391467431021e-37
9606.ENSP00000345957	9606.ENSP00000416255	RPS21	EIF4G1	9606	0.8	0	0	0	0	0.8	0	0	RPS21	EIF4G1	-0.352429404431126	3.2511393344457e-16	7.10605169355821e-16
9606.ENSP00000345957	9606.ENSP00000431800	RPS21	EIF3F	9606	0.807	0	0	0	0	0.807	0	0	RPS21	EIF3F	0.603341141567573	2.16185088410108e-51	1.03040447817056e-50
9606.ENSP00000345957	9606.ENSP00000436049	RPS21	EIF3M	9606	0.807	0	0	0	0	0.807	0	0	RPS21	EIF3M	0.459318167841629	1.00982629002297e-27	3.02828627923333e-27
9606.ENSP00000345957	9606.ENSP00000362688	RPS21	EIF3I	9606	0.868	0	0	0	0	0.868	0	0	RPS21	EIF3I	0.608480879143815	1.80391374631045e-52	8.81306008719349e-52
9606.ENSP00000345957	9606.ENSP00000358140	RPS21	EIF3A	9606	0.889	0	0	0	0	0.889	0	0	RPS21	EIF3A	-0.423100073982554	2.37751612625467e-23	6.3581967599707e-23
9606.ENSP00000345957	9606.ENSP00000364119	RPS21	EIF2S2	9606	0.9	0	0	0	0	0.9	0	0	RPS21	EIF2S2	0.459015062996983	1.10421478850451e-27	3.30840991352221e-27
9606.ENSP00000345957	9606.ENSP00000354125	RPS21	EIF3B	9606	0.904	0	0	0	0	0.904	0	0	RPS21	EIF3B	0.427657268832473	7.15379659799074e-24	1.94437013769847e-23
9606.ENSP00000345957	9606.ENSP00000429931	RPS21	EIF3H	9606	0.907	0	0	0	0	0.807	0.54	0	RPS21	EIF3H	0.424436511974179	1.67488703432927e-23	4.50167441325281e-23
9606.ENSP00000345957	9606.ENSP00000481646	RPS21	RPS10	9606	0.99	0	0	0	0	0.905	0.9	0	RPS21	RPS10	0.794161621131057	7.05650875974858e-111	1.19256172167664e-109
9606.ENSP00000345957	9606.ENSP00000362744	RPS21	RPS4X	9606	0.992	0	0	0	0	0.928	0.9	0	RPS21	RPS4X	0.587219187757285	3.92787078239693e-48	1.77155344301979e-47
9606.ENSP00000345957	9606.ENSP00000385958	RPS21	RPS14	9606	0.993	0	0	0	0	0.942	0.9	0	RPS21	RPS14	0.87090361210034	2.67006022423583e-157	1.78419748010285e-155
9606.ENSP00000345957	9606.ENSP00000466010	RPS21	RPS15	9606	0.994	0	0	0	0	0.947	0.9	0	RPS21	RPS15	0.77790241757095	1.46916734974306e-103	2.04695922789303e-102
9606.ENSP00000345957	9606.ENSP00000431822	RPS21	FAU	9606	0.994	0	0	0	0	0.947	0.9	0	RPS21	FAU	0.819285593155589	1.36722317568504e-123	3.09284761590934e-122
9606.ENSP00000345957	9606.ENSP00000499044	RPS21	RPS27	9606	0.994	0	0	0	0	0.947	0.9	0	RPS21	RPS27	0.567311358465039	2.3714565661965e-44	9.94914677524073e-44
9606.ENSP00000345957	9606.ENSP00000495273	RPS21	RPS7	9606	0.995	0	0	0	0	0.957	0.9	0	RPS21	RPS7	0.819007552929206	1.93736841672626e-123	4.37285577970858e-122
9606.ENSP00000345957	9606.ENSP00000429374	RPS21	RPS20	9606	0.995	0	0	0	0	0.957	0.9	0	RPS21	RPS20	0.840185571352166	8.87821728006353e-136	2.91163493026527e-134
9606.ENSP00000345957	9606.ENSP00000393241	RPS21	RPS18	9606	0.995	0	0	0	0	0.952	0.9	0	RPS21	RPS18	0.769983023147035	3.24124591550691e-100	4.16725756503844e-99
9606.ENSP00000345957	9606.ENSP00000375632	RPS21	RPS9	9606	0.995	0	0	0	0	0.952	0.9	0	RPS21	RPS9	0.77601381256138	9.48200153964795e-103	1.2944716349221e-101
9606.ENSP00000345957	9606.ENSP00000435096	RPS21	RPS25	9606	0.995	0	0	0	0	0.958	0.9	0	RPS21	RPS25	0.766660703337414	7.47662901041881e-99	9.30638736014998e-98
9606.ENSP00000345957	9606.ENSP00000414321	RPS21	RPS24	9606	0.995	0	0	0	0	0.957	0.9	0	RPS21	RPS24	0.784546498128074	1.79252216109451e-106	2.68534625224733e-105
9606.ENSP00000345957	9606.ENSP00000379339	RPS21	RPS29	9606	0.995	0	0	0	0	0.957	0.9	0	RPS21	RPS29	0.744800815485275	2.02971305303021e-90	2.11878679132866e-89
9606.ENSP00000345957	9606.ENSP00000472469	RPS21	RPS28	9606	0.996	0	0	0	0	0.963	0.9	0	RPS21	RPS28	0.48692866181028	2.00181495870713e-31	6.50637905138828e-31
9606.ENSP00000345957	9606.ENSP00000472985	RPS21	RPS5	9606	0.996	0	0	0	0	0.963	0.9	0	RPS21	RPS5	0.738980978843226	2.56325976582086e-88	2.56755714412647e-87
9606.ENSP00000345957	9606.ENSP00000498019	RPS21	RPS17	9606	0.996	0	0	0	0	0.965	0.9	0	RPS21	RPS17	0.838174438561869	1.56983658745921e-134	4.92124389469851e-133
9606.ENSP00000345957	9606.ENSP00000470972	RPS21	RPS19	9606	0.996	0	0	0	0	0.964	0.9	0	RPS21	RPS19	0.810069174619325	1.04486855443922e-118	2.1183093627623e-117
9606.ENSP00000345957	9606.ENSP00000435777	RPS21	RPS13	9606	0.996	0	0	0	0	0.962	0.9	0	RPS21	RPS13	0.862573027489084	5.93538763884976e-151	3.17293327619984e-149
9606.ENSP00000345957	9606.ENSP00000379888	RPS21	RPS8	9606	0.996	0	0	0	0	0.962	0.9	0	RPS21	RPS8	0.813621455313233	1.47616169219357e-120	3.17656235330721e-119
9606.ENSP00000345957	9606.ENSP00000367806	RPS21	RPS16	9606	0.996	0	0	0	0	0.967	0.9	0	RPS21	RPS16	0.877539027194645	1.11292771370257e-162	9.49916536813198e-161
9606.ENSP00000345957	9606.ENSP00000389351	RPS21	RPSA	9606	0.998	0	0	0	0	0.983	0.9	0	RPS21	RPSA	0.722741715165305	9.68293156340282e-83	8.58947911698536e-82
9606.ENSP00000345957	9606.ENSP00000346050	RPS21	RPS3A	9606	0.998	0	0	0	0	0.98	0.9	0.122	RPS21	RPS3A	0.695366493171056	3.44898234678154e-74	2.57393928701397e-73
9606.ENSP00000346050	9606.ENSP00000436049	RPS3A	EIF3M	9606	0.805	0	0	0	0	0.805	0	0	RPS3A	EIF3M	0.524181579648648	5.48812733489952e-37	1.98726949520764e-36
9606.ENSP00000346050	9606.ENSP00000429931	RPS3A	EIF3H	9606	0.805	0	0	0	0	0.805	0	0	RPS3A	EIF3H	0.660410575219013	1.40989856056599e-64	8.69480247703019e-64
9606.ENSP00000346050	9606.ENSP00000431800	RPS3A	EIF3F	9606	0.823	0	0	0	0	0.823	0	0	RPS3A	EIF3F	0.620202361851092	5.26143407376143e-55	2.68544652699471e-54
9606.ENSP00000346050	9606.ENSP00000499067	RPS3A	EIF3L	9606	0.867	0	0	0	0	0.867	0	0	RPS3A	EIF3L	0.535258091026494	8.88502983997851e-39	3.33747219248009e-38
9606.ENSP00000346050	9606.ENSP00000362688	RPS3A	EIF3I	9606	0.868	0	0	0	0	0.868	0	0	RPS3A	EIF3I	0.423389574982343	2.20406701237671e-23	5.90366789153751e-23
9606.ENSP00000346050	9606.ENSP00000354125	RPS3A	EIF3B	9606	0.896	0	0	0	0	0.896	0	0	RPS3A	EIF3B	0.363781440255827	3.019512865427e-17	6.83359896928299e-17
9606.ENSP00000346050	9606.ENSP00000364119	RPS3A	EIF2S2	9606	0.901	0	0	0	0	0.901	0	0	RPS3A	EIF2S2	0.462296291740975	4.17716313548755e-28	1.26498049991494e-27
9606.ENSP00000346050	9606.ENSP00000499044	RPS3A	RPS27	9606	0.993	0	0	0	0	0.941	0.9	0	RPS3A	RPS27	0.681958040524549	2.41848139801497e-70	1.67905096101422e-69
9606.ENSP00000346050	9606.ENSP00000431822	RPS3A	FAU	9606	0.994	0	0	0	0	0.947	0.9	0	RPS3A	FAU	0.55634693904173	2.23818551695879e-42	9.08966425259911e-42
9606.ENSP00000346050	9606.ENSP00000481646	RPS3A	RPS10	9606	0.994	0	0	0	0	0.949	0.9	0	RPS3A	RPS10	0.658376334527863	4.66611715475661e-64	2.86367081213673e-63
9606.ENSP00000346050	9606.ENSP00000379339	RPS3A	RPS29	9606	0.995	0	0	0	0	0.952	0.9	0	RPS3A	RPS29	0.74853814574004	8.46410566119563e-92	9.04946538955411e-91
9606.ENSP00000346050	9606.ENSP00000362744	RPS3A	RPS4X	9606	0.996	0	0	0	0	0.922	0.9	0.56	RPS3A	RPS4X	0.646239748198422	4.87178445900627e-61	2.81631842630203e-60
9606.ENSP00000346050	9606.ENSP00000495273	RPS3A	RPS7	9606	0.996	0	0	0	0	0.962	0.9	0	RPS3A	RPS7	0.666428878912736	3.86710882102311e-66	2.43661441036797e-65
9606.ENSP00000346050	9606.ENSP00000389351	RPS3A	RPSA	9606	0.996	0	0	0	0	0.966	0.9	0	RPS3A	RPSA	0.670711760617055	2.84127266936502e-67	1.8358019403779e-66
9606.ENSP00000346050	9606.ENSP00000435777	RPS3A	RPS13	9606	0.997	0	0	0	0	0.971	0.9	0	RPS3A	RPS13	0.758157461708904	1.82409637154697e-95	2.09112266882647e-94
9606.ENSP00000346050	9606.ENSP00000379888	RPS3A	RPS8	9606	0.997	0	0	0	0	0.974	0.9	0.06	RPS3A	RPS8	0.736272043353404	2.33251793210732e-87	2.28460796879596e-86
9606.ENSP00000346050	9606.ENSP00000367806	RPS3A	RPS16	9606	0.997	0	0	0	0	0.973	0.9	0.114	RPS3A	RPS16	0.630418476630272	2.64463584955886e-57	1.42199927601743e-56
9606.ENSP00000346050	9606.ENSP00000375632	RPS3A	RPS9	9606	0.997	0	0	0	0	0.974	0.9	0	RPS3A	RPS9	0.68556110269412	2.34715639108064e-71	1.66248727086513e-70
9606.ENSP00000346050	9606.ENSP00000470972	RPS3A	RPS19	9606	0.997	0	0	0	0	0.974	0.9	0	RPS3A	RPS19	0.580989465406168	6.38720144323648e-47	2.81330464262589e-46
9606.ENSP00000346050	9606.ENSP00000472985	RPS3A	RPS5	9606	0.997	0	0	0	0	0.975	0.9	0	RPS3A	RPS5	0.674616623152998	2.5293891484744e-68	1.67695858884168e-67
9606.ENSP00000346050	9606.ENSP00000393241	RPS3A	RPS18	9606	0.997	0	0	0	0	0.973	0.9	0	RPS3A	RPS18	0.729167109257509	6.72603799877467e-85	6.22756316805418e-84
9606.ENSP00000346050	9606.ENSP00000466010	RPS3A	RPS15	9606	0.997	0	0	0	0	0.971	0.9	0	RPS3A	RPS15	0.459115880532153	1.07188964864125e-27	3.21250609656215e-27
9606.ENSP00000346050	9606.ENSP00000472469	RPS3A	RPS28	9606	0.997	0	0	0	0	0.965	0.9	0.218	RPS3A	RPS28	0.35506733903204	1.88748857366062e-16	4.15321088446077e-16
9606.ENSP00000346050	9606.ENSP00000498019	RPS3A	RPS17	9606	0.998	0	0	0	0	0.981	0.9	0	RPS3A	RPS17	0.807009707181898	3.81358781594259e-117	7.4346663045161e-116
9606.ENSP00000346050	9606.ENSP00000435096	RPS3A	RPS25	9606	0.998	0	0	0	0	0.975	0.9	0.396	RPS3A	RPS25	0.765302834631289	2.65617671018642e-98	3.28209085710018e-97
9606.ENSP00000346050	9606.ENSP00000385958	RPS3A	RPS14	9606	0.998	0	0	0	0	0.985	0.9	0	RPS3A	RPS14	0.724778844344062	2.03419007668926e-83	1.82681420061298e-82
9606.ENSP00000346050	9606.ENSP00000429374	RPS3A	RPS20	9606	0.998	0	0	0	0	0.974	0.9	0.305	RPS3A	RPS20	0.693501089239359	1.2172937189423e-73	9.01169992951672e-73
9606.ENSP00000346050	9606.ENSP00000414321	RPS3A	RPS24	9606	0.998	0	0	0	0	0.967	0.9	0.616	RPS3A	RPS24	0.777226511471023	2.86954097828013e-103	3.97625207590604e-102
9606.ENSP00000348849	9606.ENSP00000356520	RPS26	DHX9	9606	0.917	0	0	0	0	0.205	0.9	0	RPS26	DHX9	-0.37227983667932	4.78501802733282e-18	1.11012855421698e-17
9606.ENSP00000348849	9606.ENSP00000358140	RPS26	EIF3A	9606	0.974	0	0	0	0	0.949	0	0.51	RPS26	EIF3A	-0.373952550534556	3.30826430986704e-18	7.71219660209307e-18
9606.ENSP00000348849	9606.ENSP00000431822	RPS26	FAU	9606	0.996	0	0	0	0	0.962	0.9	0	RPS26	FAU	0.325122760723277	6.75061268820393e-14	1.37876479135506e-13
9606.ENSP00000348849	9606.ENSP00000495273	RPS26	RPS7	9606	0.996	0	0	0	0	0.966	0.9	0	RPS26	RPS7	0.30311239198454	3.42441526457954e-12	6.5675577496855e-12
9606.ENSP00000352400	9606.ENSP00000481575	NUP214	POM121C	9606	0.734	0	0	0	0	0.37	0.5	0.224	NUP214	POM121C	0.432781911731546	1.8132259742039e-24	5.00596254960288e-24
9606.ENSP00000352400	9606.ENSP00000367721	NUP214	NUP160	9606	0.932	0	0	0	0	0.804	0.5	0.367	NUP214	NUP160	0.381930832834836	5.52317874319654e-19	1.31440783726915e-18
9606.ENSP00000352400	9606.ENSP00000444029	NUP214	NUP153	9606	0.95	0	0	0	0	0.618	0.8	0.398	NUP214	NUP153	0.473451351346315	1.41571182223435e-29	4.4271505475475e-29
9606.ENSP00000352400	9606.ENSP00000360483	NUP214	NDC1	9606	0.958	0	0	0	0	0.8	0.8	0	NUP214	NDC1	0.321095649937665	1.41889064642839e-13	2.86343578298692e-13
9606.ENSP00000352400	9606.ENSP00000371155	NUP214	NUP58	9606	0.964	0	0	0	0	0.916	0.5	0.224	NUP214	NUP58	0.324645694383103	7.37584967724533e-14	1.50404547624535e-13
9606.ENSP00000352400	9606.ENSP00000361658	NUP214	NUP188	9606	0.975	0	0	0	0	0.88	0.8	0	NUP214	NUP188	0.516332999759603	9.30997075972762e-36	3.30518605405639e-35
9606.ENSP00000354125	9606.ENSP00000498019	EIF3B	RPS17	9606	0.868	0	0	0	0	0.868	0	0	EIF3B	RPS17	0.419555992866367	5.97444662431574e-23	1.57780692571958e-22
9606.ENSP00000354125	9606.ENSP00000379339	EIF3B	RPS29	9606	0.871	0	0	0	0	0.871	0	0	EIF3B	RPS29	0.394246878103959	3.15795861952468e-20	7.73833189348906e-20
9606.ENSP00000354125	9606.ENSP00000362744	EIF3B	RPS4X	9606	0.886	0	0	0	0	0.886	0	0	EIF3B	RPS4X	0.411490217344716	4.67192917933252e-22	1.20499707146979e-21
9606.ENSP00000354125	9606.ENSP00000499044	EIF3B	RPS27	9606	0.889	0	0	0	0	0.888	0	0	EIF3B	RPS27	0.301889909487843	4.21883275665275e-12	8.06828926931312e-12
9606.ENSP00000354125	9606.ENSP00000385958	EIF3B	RPS14	9606	0.889	0	0	0	0	0.889	0	0	EIF3B	RPS14	0.462636853747487	3.77399465252241e-28	1.14459431727889e-27
9606.ENSP00000354125	9606.ENSP00000481646	EIF3B	RPS10	9606	0.89	0	0	0	0	0.89	0	0	EIF3B	RPS10	0.37738370110303	1.54132195547903e-18	3.62640887231886e-18
9606.ENSP00000354125	9606.ENSP00000367806	EIF3B	RPS16	9606	0.892	0	0	0	0	0.892	0	0	EIF3B	RPS16	0.480726706210994	1.45464372212455e-30	4.65202024106393e-30
9606.ENSP00000354125	9606.ENSP00000435096	EIF3B	RPS25	9606	0.892	0	0	0	0	0.891	0	0	EIF3B	RPS25	0.334740865390887	1.0944523257913e-14	2.28778602038737e-14
9606.ENSP00000354125	9606.ENSP00000393241	EIF3B	RPS18	9606	0.9	0	0	0	0	0.899	0	0	EIF3B	RPS18	0.45120682875741	1.07021961686372e-26	3.13172591428545e-26
9606.ENSP00000354125	9606.ENSP00000495273	EIF3B	RPS7	9606	0.9	0	0	0	0	0.9	0	0	EIF3B	RPS7	0.346910995447371	9.97545066183529e-16	2.14890036844668e-15
9606.ENSP00000354125	9606.ENSP00000389351	EIF3B	RPSA	9606	0.9	0	0	0	0	0.899	0	0	EIF3B	RPSA	0.465371133386631	1.66376713135156e-28	5.08696049161283e-28
9606.ENSP00000354125	9606.ENSP00000379888	EIF3B	RPS8	9606	0.905	0	0	0	0	0.905	0	0	EIF3B	RPS8	0.463431840078418	2.97653064274959e-28	9.04085578301663e-28
9606.ENSP00000354125	9606.ENSP00000472985	EIF3B	RPS5	9606	0.908	0	0	0	0	0.908	0	0	EIF3B	RPS5	0.521823828345567	1.29465386939719e-36	4.66139643795365e-36
9606.ENSP00000354125	9606.ENSP00000470972	EIF3B	RPS19	9606	0.909	0	0	0	0	0.909	0	0	EIF3B	RPS19	0.407450434484442	1.28183574489842e-21	3.26961468129917e-21
9606.ENSP00000354125	9606.ENSP00000429374	EIF3B	RPS20	9606	0.911	0	0	0	0	0.911	0	0	EIF3B	RPS20	0.377829925849728	1.39464650106204e-18	3.28435532373919e-18
9606.ENSP00000354125	9606.ENSP00000466010	EIF3B	RPS15	9606	0.912	0	0	0	0	0.912	0	0	EIF3B	RPS15	0.427644410403773	7.17826477529214e-24	1.95049853725635e-23
9606.ENSP00000354125	9606.ENSP00000414321	EIF3B	RPS24	9606	0.914	0	0	0	0	0.913	0	0	EIF3B	RPS24	0.391689821156029	5.77776669970869e-20	1.40629706132138e-19
9606.ENSP00000354125	9606.ENSP00000435777	EIF3B	RPS13	9606	0.915	0	0	0	0	0.915	0	0	EIF3B	RPS13	0.420058682886922	5.24597033791424e-23	1.38758647714049e-22
9606.ENSP00000354125	9606.ENSP00000375632	EIF3B	RPS9	9606	0.934	0	0	0	0	0.879	0	0.479	EIF3B	RPS9	0.448272032172161	2.47566595018715e-26	7.16391426098317e-26
9606.ENSP00000354125	9606.ENSP00000431822	EIF3B	FAU	9606	0.956	0	0	0	0	0.956	0	0	EIF3B	FAU	0.361861341413644	4.54385749039359e-17	1.02241826605954e-16
9606.ENSP00000354125	9606.ENSP00000364119	EIF3B	EIF2S2	9606	0.968	0	0	0	0	0.913	0.65	0	EIF3B	EIF2S2	0.494236162746709	1.83522374406925e-32	6.08963331215659e-32
9606.ENSP00000354125	9606.ENSP00000499067	EIF3B	EIF3L	9606	0.998	0	0	0	0	0.953	0.9	0.647	EIF3B	EIF3L	0.333377871948685	1.42190126488229e-14	2.96190548552285e-14
9606.ENSP00000354125	9606.ENSP00000436049	EIF3B	EIF3M	9606	0.999	0	0	0	0	0.963	0.9	0.773	EIF3B	EIF3M	0.366709248564608	1.61059871420011e-17	3.67284489001584e-17
9606.ENSP00000354125	9606.ENSP00000429931	EIF3B	EIF3H	9606	0.999	0	0	0	0	0.965	0.9	0.953	EIF3B	EIF3H	0.469719425358685	4.45413553116819e-29	1.37635091542669e-28
9606.ENSP00000354125	9606.ENSP00000362688	EIF3B	EIF3I	9606	0.999	0	0	0	0	0.99	0.9	0.978	EIF3B	EIF3I	0.504656242021718	5.49509885499863e-34	1.87672222831947e-33
9606.ENSP00000354125	9606.ENSP00000431800	EIF3B	EIF3F	9606	0.999	0	0	0	0	0.955	0.9	0.947	EIF3B	EIF3F	0.555857293803915	2.73140685874447e-42	1.10573533137774e-41
9606.ENSP00000355011	9606.ENSP00000356520	ILF2	DHX9	9606	0.904	0	0	0	0	0.457	0	0.832	ILF2	DHX9	0.349405064730075	6.02649759249805e-16	1.30541983465563e-15
9606.ENSP00000356505	9606.ENSP00000380334	NCF2	NCF4	9606	0.999	0	0	0	0	0.7	0.9	0.985	NCF2	NCF4	0.858792276743202	3.2938821515387e-148	1.63199809820383e-146
9606.ENSP00000356520	9606.ENSP00000357459	DHX9	ADAR	9606	0.793	0	0	0	0	0.446	0	0.643	DHX9	ADAR	0.676242562144413	9.13718759760831e-69	6.12988206267553e-68
9606.ENSP00000356520	9606.ENSP00000472469	DHX9	RPS28	9606	0.9	0	0	0	0	0.045	0.9	0	DHX9	RPS28	-0.397842672466004	1.33841066797082e-20	3.31809547341461e-20
9606.ENSP00000358140	9606.ENSP00000385958	EIF3A	RPS14	9606	0.869	0	0	0	0	0.869	0	0	EIF3A	RPS14	-0.353277315309171	2.7313083276507e-16	5.98401610956604e-16
9606.ENSP00000358140	9606.ENSP00000481646	EIF3A	RPS10	9606	0.881	0	0	0	0	0.881	0	0	EIF3A	RPS10	-0.351665259693671	3.80215803788834e-16	8.29257444510025e-16
9606.ENSP00000358140	9606.ENSP00000375632	EIF3A	RPS9	9606	0.886	0	0	0	0	0.886	0	0	EIF3A	RPS9	-0.323859373514991	8.53237770410408e-14	1.73604487861749e-13
9606.ENSP00000358140	9606.ENSP00000472469	EIF3A	RPS28	9606	0.888	0	0	0	0	0.888	0	0	EIF3A	RPS28	-0.393283986783771	3.96705000824282e-20	9.70689639453682e-20
9606.ENSP00000358140	9606.ENSP00000414321	EIF3A	RPS24	9606	0.889	0	0	0	0	0.889	0	0	EIF3A	RPS24	-0.329361756051381	3.05166193318536e-14	6.28716638039831e-14
9606.ENSP00000358140	9606.ENSP00000495273	EIF3A	RPS7	9606	0.891	0	0	0	0	0.891	0	0	EIF3A	RPS7	-0.473556920909482	1.37026332925006e-29	4.28766624620852e-29
9606.ENSP00000358140	9606.ENSP00000470972	EIF3A	RPS19	9606	0.893	0	0	0	0	0.893	0	0	EIF3A	RPS19	-0.481162401954481	1.26712724549179e-30	4.06513311195835e-30
9606.ENSP00000358140	9606.ENSP00000466010	EIF3A	RPS15	9606	0.896	0	0	0	0	0.896	0	0	EIF3A	RPS15	-0.511751206176518	4.69946355636693e-35	1.64481224472843e-34
9606.ENSP00000358140	9606.ENSP00000416255	EIF3A	EIF4G1	9606	0.898	0	0	0	0	0.886	0	0.143	EIF3A	EIF4G1	0.709664134115275	1.56903798426282e-78	1.26783761385501e-77
9606.ENSP00000358140	9606.ENSP00000367806	EIF3A	RPS16	9606	0.904	0	0	0	0	0.904	0	0	EIF3A	RPS16	-0.36452462016388	2.57583370506216e-17	5.83859472044551e-17
9606.ENSP00000358140	9606.ENSP00000429374	EIF3A	RPS20	9606	0.914	0	0	0	0	0.913	0	0	EIF3A	RPS20	-0.497961007280852	5.30910154560982e-33	1.77968793395244e-32
9606.ENSP00000358140	9606.ENSP00000389351	EIF3A	RPSA	9606	0.925	0	0	0	0	0.89	0	0.352	EIF3A	RPSA	-0.328530151151761	3.56948434584072e-14	7.33763458828257e-14
9606.ENSP00000358140	9606.ENSP00000431822	EIF3A	FAU	9606	0.961	0	0	0	0	0.961	0	0	EIF3A	FAU	-0.57096809059788	5.00948508701455e-45	2.12005583453362e-44
9606.ENSP00000358140	9606.ENSP00000362688	EIF3A	EIF3I	9606	0.998	0	0	0	0	0.981	0.9	0.353	EIF3A	EIF3I	-0.336392055354604	7.9566590662868e-15	1.67009270792054e-14
9606.ENSP00000358140	9606.ENSP00000429931	EIF3A	EIF3H	9606	0.999	0	0	0	0	0.979	0.9	0.57	EIF3A	EIF3H	0.30705871829419	1.73455090175144e-12	3.36475047919966e-12
9606.ENSP00000359488	9606.ENSP00000359497	GBP5	GBP2	9606	0.926	0	0	0	0	0.292	0.9	0	GBP5	GBP2	0.704032235521689	8.6519674727858e-77	6.79119270642082e-76
9606.ENSP00000359490	9606.ENSP00000359497	GBP4	GBP2	9606	0.706	0	0	0	0	0.292	0	0.602	GBP4	GBP2	0.454786223964011	3.80578479575956e-27	1.12730697493525e-26
9606.ENSP00000359497	9606.ENSP00000359504	GBP2	GBP1	9606	0.725	0	0	0	0	0.628	0	0.293	GBP2	GBP1	0.544697761701636	2.34050696806682e-40	9.08041607129669e-40
9606.ENSP00000359497	9606.ENSP00000359512	GBP2	GBP3	9606	0.81	0	0	0	0	0.669	0	0.452	GBP2	GBP3	0.565012960923422	6.23910154284041e-44	2.59715386764877e-43
9606.ENSP00000359504	9606.ENSP00000359512	GBP1	GBP3	9606	0.753	0	0	0	0	0.658	0	0.309	GBP1	GBP3	0.330692603421833	2.37230050132635e-14	4.90442829065168e-14
9606.ENSP00000360483	9606.ENSP00000444029	NDC1	NUP153	9606	0.879	0	0	0	0	0.421	0.8	0	NDC1	NUP153	0.603319431322014	2.18444059117334e-51	1.04068307150786e-50
9606.ENSP00000360483	9606.ENSP00000367721	NDC1	NUP160	9606	0.895	0	0	0	0	0.8	0.5	0	NDC1	NUP160	0.459671401922801	9.09855963330662e-28	2.73252720861902e-27
9606.ENSP00000360483	9606.ENSP00000371155	NDC1	NUP58	9606	0.93	0	0	0	0	0.866	0.5	0	NDC1	NUP58	0.558965026937476	7.67357558800451e-43	3.14529892039394e-42
9606.ENSP00000360483	9606.ENSP00000361658	NDC1	NUP188	9606	0.959	0	0	0	0	0.807	0.8	0	NDC1	NUP188	0.340288997843884	3.72073928113968e-15	7.88144919260392e-15
9606.ENSP00000360869	9606.ENSP00000490935	IFIT1	IFIT2	9606	0.832	0	0	0	0	0.639	0	0.555	IFIT1	IFIT2	0.720523263506475	5.21268772701182e-82	4.56818543945289e-81
9606.ENSP00000360869	9606.ENSP00000360876	IFIT1	IFIT3	9606	0.994	0	0	0	0	0.956	0	0.883	IFIT1	IFIT3	0.731055807444098	1.51884554949437e-85	1.43506179034552e-84
9606.ENSP00000360876	9606.ENSP00000490935	IFIT3	IFIT2	9606	0.973	0	0	0	0	0.655	0	0.925	IFIT3	IFIT2	0.906265688680669	3.10546607614567e-190	7.33539975242128e-188
9606.ENSP00000361658	9606.ENSP00000471191	NUP188	NUP62	9606	0.909	0	0	0	0	0.825	0.5	0	NUP188	NUP62	0.388045202035731	1.35443279056421e-19	3.26691376246989e-19
9606.ENSP00000361658	9606.ENSP00000371155	NUP188	NUP58	9606	0.93	0	0	0	0	0.866	0.5	0	NUP188	NUP58	0.354414074947867	2.16058612154718e-16	4.74180493443274e-16
9606.ENSP00000362688	9606.ENSP00000362744	EIF3I	RPS4X	9606	0.859	0	0	0	0	0.859	0	0	EIF3I	RPS4X	0.579888019857886	1.03930959979254e-46	4.55404124464747e-46
9606.ENSP00000362688	9606.ENSP00000379339	EIF3I	RPS29	9606	0.864	0	0	0	0	0.864	0	0	EIF3I	RPS29	0.537235493735709	4.18738522919929e-39	1.58344273168195e-38
9606.ENSP00000362688	9606.ENSP00000435096	EIF3I	RPS25	9606	0.864	0	0	0	0	0.864	0	0	EIF3I	RPS25	0.61173359571982	3.65893038875881e-53	1.8066969352758e-52
9606.ENSP00000362688	9606.ENSP00000385958	EIF3I	RPS14	9606	0.865	0	0	0	0	0.865	0	0	EIF3I	RPS14	0.638268174643551	3.95167366392051e-59	2.18492920002398e-58
9606.ENSP00000362688	9606.ENSP00000499044	EIF3I	RPS27	9606	0.865	0	0	0	0	0.865	0	0	EIF3I	RPS27	0.313386183338831	5.70421256512606e-13	1.12565935543006e-12
9606.ENSP00000362688	9606.ENSP00000481646	EIF3I	RPS10	9606	0.866	0	0	0	0	0.866	0	0	EIF3I	RPS10	0.606211646009321	5.43070501378056e-52	2.62790237374794e-51
9606.ENSP00000362688	9606.ENSP00000470972	EIF3I	RPS19	9606	0.868	0	0	0	0	0.868	0	0	EIF3I	RPS19	0.57233564971404	2.78670941768987e-45	1.18677599813317e-44
9606.ENSP00000362688	9606.ENSP00000498019	EIF3I	RPS17	9606	0.868	0	0	0	0	0.868	0	0	EIF3I	RPS17	0.571600483029669	3.82086193410952e-45	1.61972014460561e-44
9606.ENSP00000362688	9606.ENSP00000393241	EIF3I	RPS18	9606	0.868	0	0	0	0	0.868	0	0	EIF3I	RPS18	0.588386975343497	2.31308996191031e-48	1.04884172960371e-47
9606.ENSP00000362688	9606.ENSP00000379888	EIF3I	RPS8	9606	0.868	0	0	0	0	0.868	0	0	EIF3I	RPS8	0.623727155324228	8.6618736253941e-56	4.51172566221168e-55
9606.ENSP00000362688	9606.ENSP00000375632	EIF3I	RPS9	9606	0.868	0	0	0	0	0.868	0	0	EIF3I	RPS9	0.539580666141148	1.70470321500336e-39	6.49218993430412e-39
9606.ENSP00000362688	9606.ENSP00000389351	EIF3I	RPSA	9606	0.868	0	0	0	0	0.868	0	0	EIF3I	RPSA	0.42490127894777	1.48223728800429e-23	3.99339101704498e-23
9606.ENSP00000362688	9606.ENSP00000495273	EIF3I	RPS7	9606	0.868	0	0	0	0	0.868	0	0	EIF3I	RPS7	0.650864123679449	3.57930067193588e-62	2.12477831238181e-61
9606.ENSP00000362688	9606.ENSP00000472985	EIF3I	RPS5	9606	0.869	0	0	0	0	0.869	0	0	EIF3I	RPS5	0.433618641367242	1.44595859422261e-24	4.00179875790709e-24
9606.ENSP00000362688	9606.ENSP00000429374	EIF3I	RPS20	9606	0.875	0	0	0	0	0.875	0	0	EIF3I	RPS20	0.665969982091377	5.10222143873031e-66	3.21085893142403e-65
9606.ENSP00000362688	9606.ENSP00000466010	EIF3I	RPS15	9606	0.875	0	0	0	0	0.875	0	0	EIF3I	RPS15	0.599316453384469	1.46502633663566e-50	6.87946024096549e-50
9606.ENSP00000362688	9606.ENSP00000472469	EIF3I	RPS28	9606	0.881	0	0	0	0	0.865	0	0.154	EIF3I	RPS28	0.435409876391366	8.8880319734054e-25	2.4706004585079e-24
9606.ENSP00000362688	9606.ENSP00000367806	EIF3I	RPS16	9606	0.885	0	0	0	0	0.885	0	0	EIF3I	RPS16	0.630840661705922	2.11599522231991e-57	1.13895937854283e-56
9606.ENSP00000362688	9606.ENSP00000435777	EIF3I	RPS13	9606	0.894	0	0	0	0	0.893	0	0	EIF3I	RPS13	0.595829769312335	7.5217138465316e-50	3.48531238773821e-49
9606.ENSP00000362688	9606.ENSP00000414321	EIF3I	RPS24	9606	0.932	0	0	0	0	0.932	0	0	EIF3I	RPS24	0.615843820406885	4.74499133080211e-54	2.37530196880025e-53
9606.ENSP00000362688	9606.ENSP00000431822	EIF3I	FAU	9606	0.947	0	0	0	0	0.947	0	0	EIF3I	FAU	0.69928402778166	2.3639810795345e-75	1.80262431117357e-74
9606.ENSP00000362688	9606.ENSP00000364119	EIF3I	EIF2S2	9606	0.949	0	0	0	0	0.862	0.65	0	EIF3I	EIF2S2	0.479187421847775	2.364940029215e-30	7.53235994880424e-30
9606.ENSP00000362688	9606.ENSP00000431800	EIF3I	EIF3F	9606	0.995	0	0	0	0	0.953	0.9	0	EIF3I	EIF3F	0.425447482636462	1.28364804852926e-23	3.46295172082647e-23
9606.ENSP00000362688	9606.ENSP00000429931	EIF3I	EIF3H	9606	0.995	0	0	0	0	0.955	0.9	0.157	EIF3I	EIF3H	0.367519515926748	1.35192700418583e-17	3.08990157099807e-17
9606.ENSP00000362688	9606.ENSP00000436049	EIF3I	EIF3M	9606	0.996	0	0	0	0	0.953	0.9	0.249	EIF3I	EIF3M	0.468076900857788	7.34379064835768e-29	2.26032974592027e-28
9606.ENSP00000362744	9606.ENSP00000429931	RPS4X	EIF3H	9606	0.818	0	0	0	0	0.818	0	0	RPS4X	EIF3H	0.583398091361931	2.18843794334839e-47	9.73629618510274e-47
9606.ENSP00000362744	9606.ENSP00000431800	RPS4X	EIF3F	9606	0.818	0	0	0	0	0.818	0	0	RPS4X	EIF3F	0.521929491085754	1.24598335050243e-36	4.48774925214653e-36
9606.ENSP00000362744	9606.ENSP00000364119	RPS4X	EIF2S2	9606	0.868	0	0	0	0	0.868	0	0	RPS4X	EIF2S2	0.395302573735634	2.45710258525411e-20	6.03549962718888e-20
9606.ENSP00000362744	9606.ENSP00000499067	RPS4X	EIF3L	9606	0.872	0	0	0	0	0.871	0	0	RPS4X	EIF3L	0.384706669424706	2.9285374169018e-19	7.00875460496502e-19
9606.ENSP00000362744	9606.ENSP00000379339	RPS4X	RPS29	9606	0.988	0	0	0	0	0.886	0.9	0	RPS4X	RPS29	0.66009163028104	1.70196174410071e-64	1.04832173649672e-63
9606.ENSP00000362744	9606.ENSP00000472469	RPS4X	RPS28	9606	0.99	0	0	0	0	0.909	0.9	0	RPS4X	RPS28	0.360872919590096	5.6017677661655e-17	1.25656261486181e-16
9606.ENSP00000362744	9606.ENSP00000466010	RPS4X	RPS15	9606	0.99	0	0	0	0	0.907	0.9	0.094	RPS4X	RPS15	0.504002884760526	6.87169526209026e-34	2.34292745139479e-33
9606.ENSP00000362744	9606.ENSP00000389351	RPS4X	RPSA	9606	0.991	0	0	0	0	0.922	0.9	0	RPS4X	RPSA	0.577401032028669	3.09887298654853e-46	1.3468229749411e-45
9606.ENSP00000362744	9606.ENSP00000367806	RPS4X	RPS16	9606	0.992	0	0	0	0	0.928	0.9	0	RPS4X	RPS16	0.530687292331718	4.96198714342901e-38	1.83535700713068e-37
9606.ENSP00000362744	9606.ENSP00000499044	RPS4X	RPS27	9606	0.992	0	0	0	0	0.922	0.9	0	RPS4X	RPS27	0.570971817678662	5.00150327436055e-45	2.11756018164569e-44
9606.ENSP00000362744	9606.ENSP00000470972	RPS4X	RPS19	9606	0.992	0	0	0	0	0.928	0.9	0	RPS4X	RPS19	0.51159858221847	4.95776586762454e-35	1.73223350249269e-34
9606.ENSP00000362744	9606.ENSP00000498019	RPS4X	RPS17	9606	0.992	0	0	0	0	0.928	0.9	0	RPS4X	RPS17	0.644264861268736	1.46539747426836e-60	8.37122730379289e-60
9606.ENSP00000362744	9606.ENSP00000435777	RPS4X	RPS13	9606	0.992	0	0	0	0	0.928	0.9	0	RPS4X	RPS13	0.588197080577623	2.52145299590766e-48	1.14179215690745e-47
9606.ENSP00000362744	9606.ENSP00000393241	RPS4X	RPS18	9606	0.992	0	0	0	0	0.928	0.9	0	RPS4X	RPS18	0.619167258340741	8.89809209006251e-55	4.51212787612406e-54
9606.ENSP00000362744	9606.ENSP00000472985	RPS4X	RPS5	9606	0.992	0	0	0	0	0.928	0.9	0	RPS4X	RPS5	0.577050127372986	3.6126124319661e-46	1.5687603450825e-45
9606.ENSP00000362744	9606.ENSP00000385958	RPS4X	RPS14	9606	0.992	0	0	0	0	0.925	0.9	0	RPS4X	RPS14	0.641397431668633	7.14690688311138e-60	4.0149963059603e-59
9606.ENSP00000362744	9606.ENSP00000429374	RPS4X	RPS20	9606	0.992	0	0	0	0	0.928	0.9	0	RPS4X	RPS20	0.685407453788857	2.59442313477375e-71	1.8337895462698e-70
9606.ENSP00000362744	9606.ENSP00000495273	RPS4X	RPS7	9606	0.992	0	0	0	0	0.928	0.9	0	RPS4X	RPS7	0.572002821400152	3.21506187023989e-45	1.36576258536289e-44
9606.ENSP00000362744	9606.ENSP00000481646	RPS4X	RPS10	9606	0.992	0	0	0	0	0.93	0.9	0	RPS4X	RPS10	0.575611753721956	6.761616690094e-46	2.91997196944238e-45
9606.ENSP00000362744	9606.ENSP00000414321	RPS4X	RPS24	9606	0.995	0	0	0	0	0.954	0.9	0.133	RPS4X	RPS24	0.731366086919251	1.18801418820925e-85	1.12667227914485e-84
9606.ENSP00000362744	9606.ENSP00000435096	RPS4X	RPS25	9606	0.995	0	0	0	0	0.933	0.9	0.403	RPS4X	RPS25	0.69313853745623	1.5536696554949e-73	1.14851693528834e-72
9606.ENSP00000362744	9606.ENSP00000431822	RPS4X	FAU	9606	0.995	0	0	0	0	0.952	0.9	0	RPS4X	FAU	0.610176328191825	7.87173922870977e-53	3.86621157379135e-52
9606.ENSP00000362744	9606.ENSP00000379888	RPS4X	RPS8	9606	0.996	0	0	0	0	0.964	0.9	0	RPS4X	RPS8	0.721727576484356	2.09451194536047e-82	1.84830215716997e-81
9606.ENSP00000362744	9606.ENSP00000375632	RPS4X	RPS9	9606	0.996	0	0	0	0	0.964	0.9	0	RPS4X	RPS9	0.708601729738191	3.36770393570332e-78	2.70615260086539e-77
9606.ENSP00000364119	9606.ENSP00000436049	EIF2S2	EIF3M	9606	0.8	0	0	0	0	0.8	0	0	EIF2S2	EIF3M	0.365723994759724	1.99136988913797e-17	4.52490916420007e-17
9606.ENSP00000364119	9606.ENSP00000472985	EIF2S2	RPS5	9606	0.868	0	0	0	0	0.868	0	0	EIF2S2	RPS5	0.552284514165702	1.15653786488534e-41	4.60845629409196e-41
9606.ENSP00000364119	9606.ENSP00000379339	EIF2S2	RPS29	9606	0.87	0	0	0	0	0.87	0	0	EIF2S2	RPS29	0.554990374813879	3.88299405226306e-42	1.56382119701966e-41
9606.ENSP00000364119	9606.ENSP00000389351	EIF2S2	RPSA	9606	0.87	0	0	0	0	0.87	0	0	EIF2S2	RPSA	0.374914510084549	2.67300872573577e-18	6.25282119467946e-18
9606.ENSP00000364119	9606.ENSP00000385958	EIF2S2	RPS14	9606	0.872	0	0	0	0	0.872	0	0	EIF2S2	RPS14	0.416224262177771	1.40665010492299e-22	3.675674071444e-22
9606.ENSP00000364119	9606.ENSP00000499044	EIF2S2	RPS27	9606	0.875	0	0	0	0	0.875	0	0	EIF2S2	RPS27	0.410423806355791	6.10643087866951e-22	1.57179468916995e-21
9606.ENSP00000364119	9606.ENSP00000435777	EIF2S2	RPS13	9606	0.876	0	0	0	0	0.876	0	0	EIF2S2	RPS13	0.577577975188823	2.86801491729747e-46	1.24862526853795e-45
9606.ENSP00000364119	9606.ENSP00000375632	EIF2S2	RPS9	9606	0.898	0	0	0	0	0.898	0	0	EIF2S2	RPS9	0.40926645459577	8.15687447879493e-22	2.09162772232063e-21
9606.ENSP00000364119	9606.ENSP00000498019	EIF2S2	RPS17	9606	0.9	0	0	0	0	0.9	0	0	EIF2S2	RPS17	0.505443215128966	4.1952047619918e-34	1.43712292639294e-33
9606.ENSP00000364119	9606.ENSP00000414321	EIF2S2	RPS24	9606	0.901	0	0	0	0	0.901	0	0	EIF2S2	RPS24	0.391330157860506	6.28750029700649e-20	1.52853376057192e-19
9606.ENSP00000364119	9606.ENSP00000435096	EIF2S2	RPS25	9606	0.901	0	0	0	0	0.901	0	0	EIF2S2	RPS25	0.452070393374741	8.34884137804534e-27	2.45297025967042e-26
9606.ENSP00000364119	9606.ENSP00000481646	EIF2S2	RPS10	9606	0.908	0	0	0	0	0.907	0	0	EIF2S2	RPS10	0.430322970185217	3.51349989372474e-24	9.62681910454875e-24
9606.ENSP00000364119	9606.ENSP00000495273	EIF2S2	RPS7	9606	0.913	0	0	0	0	0.913	0	0	EIF2S2	RPS7	0.374523166602374	2.91547319251849e-18	6.81059365602813e-18
9606.ENSP00000364119	9606.ENSP00000379888	EIF2S2	RPS8	9606	0.914	0	0	0	0	0.914	0	0	EIF2S2	RPS8	0.479285630426397	2.29290431789263e-30	7.30521617215666e-30
9606.ENSP00000364119	9606.ENSP00000367806	EIF2S2	RPS16	9606	0.916	0	0	0	0	0.915	0	0	EIF2S2	RPS16	0.48961038961039	8.3848386522886e-32	2.74636588814238e-31
9606.ENSP00000364119	9606.ENSP00000393241	EIF2S2	RPS18	9606	0.919	0	0	0	0	0.919	0	0	EIF2S2	RPS18	0.466745960310317	1.09906194326353e-28	3.37459859665287e-28
9606.ENSP00000364119	9606.ENSP00000429931	EIF2S2	EIF3H	9606	0.927	0	0	0	0	0.8	0.65	0	EIF2S2	EIF3H	0.548678283977466	4.87729607141969e-41	1.9156495049269e-40
9606.ENSP00000364119	9606.ENSP00000431800	EIF2S2	EIF3F	9606	0.927	0	0	0	0	0.8	0.65	0	EIF2S2	EIF3F	0.412481154947793	3.63965719287032e-22	9.40900944463828e-22
9606.ENSP00000364119	9606.ENSP00000470972	EIF2S2	RPS19	9606	0.935	0	0	0	0	0.935	0	0	EIF2S2	RPS19	0.358759292078276	8.74271442412998e-17	1.94736294749755e-16
9606.ENSP00000364119	9606.ENSP00000429374	EIF2S2	RPS20	9606	0.941	0	0	0	0	0.941	0	0	EIF2S2	RPS20	0.421693100987117	3.43208458167756e-23	9.14232444167296e-23
9606.ENSP00000364119	9606.ENSP00000466010	EIF2S2	RPS15	9606	0.945	0	0	0	0	0.945	0	0	EIF2S2	RPS15	0.335864952954923	8.81095774999672e-15	1.84635646516849e-14
9606.ENSP00000364119	9606.ENSP00000431822	EIF2S2	FAU	9606	0.961	0	0	0	0	0.961	0	0	EIF2S2	FAU	0.344416832987647	1.64384612930929e-15	3.52173489462022e-15
9606.ENSP00000367721	9606.ENSP00000371155	NUP160	NUP58	9606	0.895	0	0	0	0	0.8	0.5	0	NUP160	NUP58	0.602065082284626	3.97728240491531e-51	1.88332202269113e-50
9606.ENSP00000367721	9606.ENSP00000444029	NUP160	NUP153	9606	0.898	0	0	0	0	0.595	0.5	0.538	NUP160	NUP153	0.680008777275243	8.42384061878401e-70	5.75006378796971e-69
9606.ENSP00000367721	9606.ENSP00000458954	NUP160	NUP88	9606	0.932	0	0	0	0	0.804	0.5	0.361	NUP160	NUP88	0.374964546144055	2.64347593175223e-18	6.1851612621072e-18
9606.ENSP00000367806	9606.ENSP00000431800	RPS16	EIF3F	9606	0.813	0	0	0	0	0.813	0	0	RPS16	EIF3F	0.607035237685259	3.64405784895827e-52	1.76840399292256e-51
9606.ENSP00000367806	9606.ENSP00000436049	RPS16	EIF3M	9606	0.836	0	0	0	0	0.836	0	0	RPS16	EIF3M	0.458026082111317	1.47708063068971e-27	4.41515831839771e-27
9606.ENSP00000367806	9606.ENSP00000429931	RPS16	EIF3H	9606	0.839	0	0	0	0	0.839	0	0	RPS16	EIF3H	0.466431674223323	1.20853260916178e-28	3.70623964711841e-28
9606.ENSP00000367806	9606.ENSP00000499044	RPS16	RPS27	9606	0.993	0	0	0	0	0.94	0.9	0	RPS16	RPS27	0.503893681293595	7.13297990377811e-34	2.42956662919766e-33
9606.ENSP00000367806	9606.ENSP00000379339	RPS16	RPS29	9606	0.996	0	0	0	0	0.963	0.9	0.049	RPS16	RPS29	0.678880124037248	1.72741198342175e-69	1.17360023515817e-68
9606.ENSP00000367806	9606.ENSP00000431822	RPS16	FAU	9606	0.996	0	0	0	0	0.969	0.9	0	RPS16	FAU	0.776473827506974	6.03084806145271e-103	8.26657540623147e-102
9606.ENSP00000367806	9606.ENSP00000481646	RPS16	RPS10	9606	0.996	0	0	0	0	0.953	0.9	0.316	RPS16	RPS10	0.814933015040634	2.99265319839602e-121	6.50886050023733e-120
9606.ENSP00000367806	9606.ENSP00000495273	RPS16	RPS7	9606	0.996	0	0	0	0	0.966	0.9	0	RPS16	RPS7	0.804997083559288	3.925177097818e-116	7.46592205665494e-115
9606.ENSP00000367806	9606.ENSP00000435777	RPS16	RPS13	9606	0.997	0	0	0	0	0.975	0.9	0	RPS16	RPS13	0.80837046437563	7.7618059216737e-118	1.54581691659686e-116
9606.ENSP00000367806	9606.ENSP00000379888	RPS16	RPS8	9606	0.997	0	0	0	0	0.973	0.9	0.087	RPS16	RPS8	0.811149468984165	2.88820466865264e-119	5.99907869519528e-118
9606.ENSP00000367806	9606.ENSP00000498019	RPS16	RPS17	9606	0.997	0	0	0	0	0.976	0.9	0	RPS16	RPS17	0.809756379364644	1.51385919089932e-118	3.05084678610404e-117
9606.ENSP00000367806	9606.ENSP00000375632	RPS16	RPS9	9606	0.997	0	0	0	0	0.973	0.9	0.075	RPS16	RPS9	0.744233740144201	3.27112240225181e-90	3.39721781591735e-89
9606.ENSP00000367806	9606.ENSP00000385958	RPS16	RPS14	9606	0.997	0	0	0	0	0.971	0.9	0.208	RPS16	RPS14	0.837853164198407	2.47490787865242e-134	7.71093230781368e-133
9606.ENSP00000367806	9606.ENSP00000414321	RPS16	RPS24	9606	0.997	0	0	0	0	0.966	0.9	0.395	RPS16	RPS24	0.73385065214596	1.64088245144596e-86	1.5872802913654e-85
9606.ENSP00000367806	9606.ENSP00000472469	RPS16	RPS28	9606	0.997	0	0	0	0	0.967	0.9	0.427	RPS16	RPS28	0.460820088220002	6.47708968550355e-28	1.95042395302875e-27
9606.ENSP00000367806	9606.ENSP00000389351	RPS16	RPSA	9606	0.997	0	0	0	0	0.973	0.9	0	RPS16	RPSA	0.698969182632549	2.93694618931931e-75	2.23785164628029e-74
9606.ENSP00000367806	9606.ENSP00000466010	RPS16	RPS15	9606	0.997	0	0	0	0	0.974	0.9	0	RPS16	RPS15	0.79524349950523	2.17895642955822e-111	3.74478180288034e-110
9606.ENSP00000367806	9606.ENSP00000435096	RPS16	RPS25	9606	0.998	0	0	0	0	0.975	0.9	0.435	RPS16	RPS25	0.733588452012903	2.0242502059682e-86	1.95254599639306e-85
9606.ENSP00000367806	9606.ENSP00000470972	RPS16	RPS19	9606	0.998	0	0	0	0	0.986	0.9	0.097	RPS16	RPS19	0.840038351661253	1.09706835729431e-135	3.57144977725588e-134
9606.ENSP00000367806	9606.ENSP00000393241	RPS16	RPS18	9606	0.998	0	0	0	0	0.976	0.9	0.535	RPS16	RPS18	0.762610671004989	3.19774732974886e-97	3.8437301335218e-96
9606.ENSP00000367806	9606.ENSP00000429374	RPS16	RPS20	9606	0.999	0	0	0	0	0.986	0.9	0.518	RPS16	RPS20	0.811760710232514	1.39015466798905e-119	2.91129916758037e-118
9606.ENSP00000367806	9606.ENSP00000472985	RPS16	RPS5	9606	0.999	0	0	0	0	0.983	0.9	0.483	RPS16	RPS5	0.739471183143159	1.7138390761324e-88	1.72521937525042e-87
9606.ENSP00000367910	9606.ENSP00000466121	FANCG	FAAP24	9606	0.991	0	0	0	0	0.734	0.9	0.697	FANCG	FAAP24	0.386850579467885	1.78662269058176e-19	4.30017219626515e-19
9606.ENSP00000367910	9606.ENSP00000373952	FANCG	FANCA	9606	0.999	0	0	0	0	0.944	0.9	0.984	FANCG	FANCA	0.457291474489064	1.83227118504237e-27	5.4656030621073e-27
9606.ENSP00000369213	9606.ENSP00000496832	DDX58	ISG15	9606	0.977	0	0	0	0	0.292	0.9	0.703	DDX58	ISG15	0.368180700057583	1.17151830940052e-17	2.68421192614056e-17
9606.ENSP00000373952	9606.ENSP00000385021	FANCA	FANCL	9606	0.999	0	0	0	0	0.944	0.9	0.984	FANCA	FANCL	0.348575230193827	7.13023910651593e-16	1.54220269601538e-15
9606.ENSP00000373952	9606.ENSP00000383710	FANCA	FAAP20	9606	0.999	0	0	0	0	0.734	0.9	0.981	FANCA	FAAP20	0.318836666275323	2.14195353122109e-13	4.29617338400723e-13
9606.ENSP00000375632	9606.ENSP00000436049	RPS9	EIF3M	9606	0.8	0	0	0	0	0.8	0	0	RPS9	EIF3M	0.325496307394715	6.29758994707157e-14	1.28779184804522e-13
9606.ENSP00000375632	9606.ENSP00000431800	RPS9	EIF3F	9606	0.807	0	0	0	0	0.807	0	0	RPS9	EIF3F	0.621289924023458	3.02291388158538e-55	1.54991096896833e-54
9606.ENSP00000375632	9606.ENSP00000499067	RPS9	EIF3L	9606	0.858	0	0	0	0	0.858	0	0	RPS9	EIF3L	0.392245435723696	5.06930690617898e-20	1.23563595502904e-19
9606.ENSP00000375632	9606.ENSP00000429931	RPS9	EIF3H	9606	0.867	0	0	0	0	0.82	0	0.295	RPS9	EIF3H	0.519119458529704	3.43635779682822e-36	1.22811703527038e-35
9606.ENSP00000375632	9606.ENSP00000499044	RPS9	RPS27	9606	0.993	0	0	0	0	0.94	0.9	0	RPS9	RPS27	0.643133505897174	2.74380174336933e-60	1.55517825376129e-59
9606.ENSP00000375632	9606.ENSP00000481646	RPS9	RPS10	9606	0.994	0	0	0	0	0.947	0.9	0	RPS9	RPS10	0.701125764750388	6.60422280729032e-76	5.0933250610211e-75
9606.ENSP00000375632	9606.ENSP00000472469	RPS9	RPS28	9606	0.996	0	0	0	0	0.963	0.9	0	RPS9	RPS28	0.394548492116292	2.9397456714653e-20	7.20535636705432e-20
9606.ENSP00000375632	9606.ENSP00000466010	RPS9	RPS15	9606	0.997	0	0	0	0	0.974	0.9	0	RPS9	RPS15	0.704333383648924	6.99904013048762e-77	5.50652599576784e-76
9606.ENSP00000375632	9606.ENSP00000495273	RPS9	RPS7	9606	0.997	0	0	0	0	0.967	0.9	0.202	RPS9	RPS7	0.747019267144106	3.09950904463809e-91	3.29306625171434e-90
9606.ENSP00000375632	9606.ENSP00000472985	RPS9	RPS5	9606	0.997	0	0	0	0	0.966	0.9	0.181	RPS9	RPS5	0.762177118332951	4.75904233330414e-97	5.68009318206464e-96
9606.ENSP00000375632	9606.ENSP00000435096	RPS9	RPS25	9606	0.997	0	0	0	0	0.972	0.9	0	RPS9	RPS25	0.697482543285384	8.15223584605831e-75	6.1471610607583e-74
9606.ENSP00000375632	9606.ENSP00000498019	RPS9	RPS17	9606	0.997	0	0	0	0	0.972	0.9	0	RPS9	RPS17	0.75783451015909	2.43739562507014e-95	2.78477248187148e-94
9606.ENSP00000375632	9606.ENSP00000379339	RPS9	RPS29	9606	0.997	0	0	0	0	0.977	0.9	0	RPS9	RPS29	0.699617228803626	1.87828976564021e-75	1.4376630858785e-74
9606.ENSP00000375632	9606.ENSP00000429374	RPS9	RPS20	9606	0.997	0	0	0	0	0.967	0.9	0.316	RPS9	RPS20	0.825830067478797	3.13100901738743e-127	7.95041464740104e-126
9606.ENSP00000375632	9606.ENSP00000385958	RPS9	RPS14	9606	0.997	0	0	0	0	0.953	0.9	0.541	RPS9	RPS14	0.790608315489934	3.18721579239134e-109	5.17960812853101e-108
9606.ENSP00000375632	9606.ENSP00000414321	RPS9	RPS24	9606	0.998	0	0	0	0	0.982	0.9	0	RPS9	RPS24	0.77793661353713	1.4201513196896e-103	1.98410962229537e-102
9606.ENSP00000375632	9606.ENSP00000470972	RPS9	RPS19	9606	0.998	0	0	0	0	0.974	0.9	0.487	RPS9	RPS19	0.790360837325968	4.14443706214053e-109	6.68175353018434e-108
9606.ENSP00000375632	9606.ENSP00000389351	RPS9	RPSA	9606	0.998	0	0	0	0	0.973	0.9	0.475	RPS9	RPSA	0.795720472668385	1.29500904668781e-111	2.24078481894516e-110
9606.ENSP00000375632	9606.ENSP00000393241	RPS9	RPS18	9606	0.998	0	0	0	0	0.976	0.9	0.451	RPS9	RPS18	0.719584598211374	1.05743041172681e-81	9.18761393662033e-81
9606.ENSP00000375632	9606.ENSP00000431822	RPS9	FAU	9606	0.998	0	0	0	0	0.986	0.9	0	RPS9	FAU	0.7475992940909	1.89016766808313e-91	2.0124143610818e-90
9606.ENSP00000375632	9606.ENSP00000435777	RPS9	RPS13	9606	0.998	0	0	0	0	0.975	0.9	0.28	RPS9	RPS13	0.728100791445604	1.54956014219445e-84	1.41791733011432e-83
9606.ENSP00000375632	9606.ENSP00000379888	RPS9	RPS8	9606	0.999	0	0	0	0	0.974	0.9	0.691	RPS9	RPS8	0.861237521267655	5.6505554705797e-150	2.8696345957339e-148
9606.ENSP00000378687	9606.ENSP00000444029	POM121	NUP153	9606	0.707	0	0	0	0	0.297	0.5	0.234	POM121	NUP153	0.302174378928576	4.01926330591737e-12	7.69386682966505e-12
9606.ENSP00000379339	9606.ENSP00000431800	RPS29	EIF3F	9606	0.807	0	0	0	0	0.807	0	0	RPS29	EIF3F	0.623483870126143	9.81773698800794e-56	5.10592701419338e-55
9606.ENSP00000379339	9606.ENSP00000436049	RPS29	EIF3M	9606	0.815	0	0	0	0	0.815	0	0	RPS29	EIF3M	0.378828503968409	1.11438048498258e-18	2.63349525034156e-18
9606.ENSP00000379339	9606.ENSP00000429931	RPS29	EIF3H	9606	0.911	0	0	0	0	0.815	0.54	0	RPS29	EIF3H	0.610838257738817	5.68686202019742e-53	2.79987675904727e-52
9606.ENSP00000379339	9606.ENSP00000499044	RPS29	RPS27	9606	0.989	0	0	0	0	0.895	0.9	0.06	RPS29	RPS27	0.645936363822718	5.77285122391818e-61	3.32774403412809e-60
9606.ENSP00000379339	9606.ENSP00000472469	RPS29	RPS28	9606	0.995	0	0	0	0	0.952	0.9	0	RPS29	RPS28	0.388410083244349	1.24429311294852e-19	3.0055374906583e-19
9606.ENSP00000379339	9606.ENSP00000389351	RPS29	RPSA	9606	0.995	0	0	0	0	0.959	0.9	0	RPS29	RPSA	0.572062268338635	3.13403023673563e-45	1.33189728512652e-44
9606.ENSP00000379339	9606.ENSP00000495273	RPS29	RPS7	9606	0.995	0	0	0	0	0.952	0.9	0	RPS29	RPS7	0.633400886672518	5.4320391043665e-58	2.95359856440314e-57
9606.ENSP00000379339	9606.ENSP00000393241	RPS29	RPS18	9606	0.995	0	0	0	0	0.952	0.9	0	RPS29	RPS18	0.732385909398393	5.28561209387747e-86	5.05041975893824e-85
9606.ENSP00000379339	9606.ENSP00000472985	RPS29	RPS5	9606	0.995	0	0	0	0	0.952	0.9	0	RPS29	RPS5	0.645780012783887	6.3000003228707e-61	3.62955775833226e-60
9606.ENSP00000379339	9606.ENSP00000431822	RPS29	FAU	9606	0.995	0	0	0	0	0.952	0.9	0	RPS29	FAU	0.619938111823605	6.01783390062229e-55	3.06689106515909e-54
9606.ENSP00000379339	9606.ENSP00000435096	RPS29	RPS25	9606	0.995	0	0	0	0	0.952	0.9	0	RPS29	RPS25	0.807587684234262	1.9424575124703e-117	3.80879168999245e-116
9606.ENSP00000379339	9606.ENSP00000470972	RPS29	RPS19	9606	0.995	0	0	0	0	0.954	0.9	0	RPS29	RPS19	0.64899461995889	1.03413611852522e-61	6.0785419883453e-61
9606.ENSP00000379339	9606.ENSP00000414321	RPS29	RPS24	9606	0.995	0	0	0	0	0.952	0.9	0	RPS29	RPS24	0.757975486989693	2.14783656765551e-95	2.45670901099967e-94
9606.ENSP00000379339	9606.ENSP00000481646	RPS29	RPS10	9606	0.996	0	0	0	0	0.967	0.9	0.043	RPS29	RPS10	0.76245823340098	3.67789405367126e-97	4.40523229989847e-96
9606.ENSP00000379339	9606.ENSP00000385958	RPS29	RPS14	9606	0.996	0	0	0	0	0.969	0.9	0	RPS29	RPS14	0.675406577924873	1.54357679555069e-68	1.03009917952749e-67
9606.ENSP00000379339	9606.ENSP00000379888	RPS29	RPS8	9606	0.996	0	0	0	0	0.964	0.9	0	RPS29	RPS8	0.784205377059445	2.54429541442248e-106	3.8003541947484e-105
9606.ENSP00000379339	9606.ENSP00000435777	RPS29	RPS13	9606	0.996	0	0	0	0	0.962	0.9	0	RPS29	RPS13	0.754653167180072	4.13464207858458e-94	4.58967864395449e-93
9606.ENSP00000379339	9606.ENSP00000498019	RPS29	RPS17	9606	0.996	0	0	0	0	0.97	0.9	0	RPS29	RPS17	0.831746901398214	1.17745332596147e-130	3.31285136614698e-129
9606.ENSP00000379339	9606.ENSP00000429374	RPS29	RPS20	9606	0.998	0	0	0	0	0.975	0.9	0.579	RPS29	RPS20	0.767352449530667	3.90653700946704e-99	4.89860449446379e-98
9606.ENSP00000379339	9606.ENSP00000466010	RPS29	RPS15	9606	0.998	0	0	0	0	0.98	0.9	0	RPS29	RPS15	0.556063401371193	2.51187076018845e-42	1.01889262425056e-41
9606.ENSP00000379888	9606.ENSP00000436049	RPS8	EIF3M	9606	0.807	0	0	0	0	0.807	0	0	RPS8	EIF3M	0.417305022427709	1.06661212138669e-22	2.80154624177001e-22
9606.ENSP00000379888	9606.ENSP00000429931	RPS8	EIF3H	9606	0.807	0	0	0	0	0.807	0	0	RPS8	EIF3H	0.610776574551865	5.86198353763344e-53	2.88469800347591e-52
9606.ENSP00000379888	9606.ENSP00000431800	RPS8	EIF3F	9606	0.818	0	0	0	0	0.818	0	0	RPS8	EIF3F	0.655101069113122	3.14312598845708e-63	1.89576785420181e-62
9606.ENSP00000379888	9606.ENSP00000499067	RPS8	EIF3L	9606	0.879	0	0	0	0	0.879	0	0	RPS8	EIF3L	0.335219702094433	9.97994185249847e-15	2.08787372596966e-14
9606.ENSP00000379888	9606.ENSP00000499044	RPS8	RPS27	9606	0.993	0	0	0	0	0.941	0.9	0	RPS8	RPS27	0.650623261083872	4.10531685447584e-62	2.43277148721768e-61
9606.ENSP00000379888	9606.ENSP00000431822	RPS8	FAU	9606	0.994	0	0	0	0	0.947	0.9	0	RPS8	FAU	0.762349961704245	4.06184965728244e-97	4.85938833557335e-96
9606.ENSP00000379888	9606.ENSP00000481646	RPS8	RPS10	9606	0.994	0	0	0	0	0.95	0.9	0	RPS8	RPS10	0.770752385797586	1.55524457726692e-100	2.01744817002556e-99
9606.ENSP00000379888	9606.ENSP00000498019	RPS8	RPS17	9606	0.996	0	0	0	0	0.966	0.9	0	RPS8	RPS17	0.865883234286161	2.00737790077179e-153	1.15191736373667e-151
9606.ENSP00000379888	9606.ENSP00000393241	RPS8	RPS18	9606	0.996	0	0	0	0	0.967	0.9	0	RPS8	RPS18	0.855034820252211	1.46894455650831e-145	6.63114216020218e-144
9606.ENSP00000379888	9606.ENSP00000472985	RPS8	RPS5	9606	0.996	0	0	0	0	0.969	0.9	0	RPS8	RPS5	0.770669737781231	1.68312913927294e-100	2.18055391168306e-99
9606.ENSP00000379888	9606.ENSP00000472469	RPS8	RPS28	9606	0.996	0	0	0	0	0.966	0.9	0	RPS8	RPS28	0.436104697426264	7.3533159749992e-25	2.04848135924484e-24
9606.ENSP00000379888	9606.ENSP00000466010	RPS8	RPS15	9606	0.996	0	0	0	0	0.963	0.9	0	RPS8	RPS15	0.728738774498568	9.40937966886938e-85	8.68038776536842e-84
9606.ENSP00000379888	9606.ENSP00000495273	RPS8	RPS7	9606	0.996	0	0	0	0	0.967	0.9	0	RPS8	RPS7	0.83631779327001	2.15006964012282e-133	6.51888278648582e-132
9606.ENSP00000379888	9606.ENSP00000435777	RPS8	RPS13	9606	0.997	0	0	0	0	0.972	0.9	0	RPS8	RPS13	0.818700814180797	2.84385452158176e-123	6.40466305448025e-122
9606.ENSP00000379888	9606.ENSP00000435096	RPS8	RPS25	9606	0.997	0	0	0	0	0.973	0.9	0	RPS8	RPS25	0.80329250316336	2.76820297643317e-115	5.1851751324263e-114
9606.ENSP00000379888	9606.ENSP00000429374	RPS8	RPS20	9606	0.997	0	0	0	0	0.974	0.9	0	RPS8	RPS20	0.857132514493685	4.98104374766189e-147	2.37523292699539e-145
9606.ENSP00000379888	9606.ENSP00000470972	RPS8	RPS19	9606	0.997	0	0	0	0	0.974	0.9	0	RPS8	RPS19	0.800995037391938	3.73681514377899e-114	6.8387083631285e-113
9606.ENSP00000379888	9606.ENSP00000389351	RPS8	RPSA	9606	0.997	0	0	0	0	0.974	0.9	0.203	RPS8	RPSA	0.760561987875806	2.07755490684493e-96	2.43107433050967e-95
9606.ENSP00000379888	9606.ENSP00000385958	RPS8	RPS14	9606	0.998	0	0	0	0	0.962	0.9	0.549	RPS8	RPS14	0.843155961558889	1.18509666442648e-137	4.03927074516099e-136
9606.ENSP00000379888	9606.ENSP00000414321	RPS8	RPS24	9606	0.998	0	0	0	0	0.967	0.9	0.706	RPS8	RPS24	0.835941264933947	3.64097127728885e-133	1.09412264092967e-131
9606.ENSP00000383274	9606.ENSP00000433664	EIF4G3	EIF4G2	9606	0.957	0	0	0	0	0.593	0.9	0	EIF4G3	EIF4G2	0.58299957324925	2.6143738870978e-47	1.16058547077152e-46
9606.ENSP00000383710	9606.ENSP00000385021	FAAP20	FANCL	9606	0.996	0	0	0	0	0.734	0.9	0.896	FAAP20	FANCL	0.300498497054674	5.34320287891209e-12	1.01726169898988e-11
9606.ENSP00000385958	9606.ENSP00000431800	RPS14	EIF3F	9606	0.818	0	0	0	0	0.818	0	0	RPS14	EIF3F	0.608402889978439	1.87382864270101e-52	9.14583254392802e-52
9606.ENSP00000385958	9606.ENSP00000429931	RPS14	EIF3H	9606	0.818	0	0	0	0	0.818	0	0	RPS14	EIF3H	0.504532037054637	5.73387758625756e-34	1.9576132653317e-33
9606.ENSP00000385958	9606.ENSP00000436049	RPS14	EIF3M	9606	0.818	0	0	0	0	0.818	0	0	RPS14	EIF3M	0.49392523103242	2.0340220937821e-32	6.73827867141058e-32
9606.ENSP00000385958	9606.ENSP00000499067	RPS14	EIF3L	9606	0.859	0	0	0	0	0.859	0	0	RPS14	EIF3L	0.326698756832205	5.03242953442348e-14	1.03157188256588e-13
9606.ENSP00000385958	9606.ENSP00000498019	RPS14	RPS17	9606	0.989	0	0	0	0	0.895	0.9	0	RPS14	RPS17	0.807526466932407	2.08655702207999e-117	4.08346043800895e-116
9606.ENSP00000385958	9606.ENSP00000499044	RPS14	RPS27	9606	0.992	0	0	0	0	0.927	0.9	0	RPS14	RPS27	0.583221986794953	2.3674277364267e-47	1.0523397601263e-46
9606.ENSP00000385958	9606.ENSP00000481646	RPS14	RPS10	9606	0.993	0	0	0	0	0.934	0.9	0	RPS14	RPS10	0.728617923904191	1.03430130355397e-84	9.52438652783105e-84
9606.ENSP00000385958	9606.ENSP00000431822	RPS14	FAU	9606	0.994	0	0	0	0	0.947	0.9	0	RPS14	FAU	0.809082802690207	3.3560141347893e-118	6.73656829388438e-117
9606.ENSP00000385958	9606.ENSP00000414321	RPS14	RPS24	9606	0.994	0	0	0	0	0.944	0.9	0	RPS14	RPS24	0.806801083835092	4.86231784748736e-117	9.46102727527378e-116
9606.ENSP00000385958	9606.ENSP00000435096	RPS14	RPS25	9606	0.995	0	0	0	0	0.957	0.9	0	RPS14	RPS25	0.766319209560708	1.02924250441399e-98	1.27799708035854e-97
9606.ENSP00000385958	9606.ENSP00000495273	RPS14	RPS7	9606	0.995	0	0	0	0	0.957	0.9	0.091	RPS14	RPS7	0.812920670949082	3.44516338586589e-120	7.35137069542854e-119
9606.ENSP00000385958	9606.ENSP00000470972	RPS14	RPS19	9606	0.995	0	0	0	0	0.95	0.9	0.091	RPS14	RPS19	0.757601194902099	3.00429934907604e-95	3.40946016632014e-94
9606.ENSP00000385958	9606.ENSP00000429374	RPS14	RPS20	9606	0.996	0	0	0	0	0.964	0.9	0.164	RPS14	RPS20	0.814955191171291	2.91266317162293e-121	6.34848065111032e-120
9606.ENSP00000385958	9606.ENSP00000435777	RPS14	RPS13	9606	0.996	0	0	0	0	0.968	0.9	0.083	RPS14	RPS13	0.817835479200094	8.36507540772475e-123	1.86324716921623e-121
9606.ENSP00000385958	9606.ENSP00000466010	RPS14	RPS15	9606	0.996	0	0	0	0	0.962	0.9	0.15	RPS14	RPS15	0.73338970543017	2.37307359547109e-86	2.28251027549241e-85
9606.ENSP00000385958	9606.ENSP00000389351	RPS14	RPSA	9606	0.997	0	0	0	0	0.972	0.9	0.236	RPS14	RPSA	0.759015249351022	8.42829022593323e-96	9.73903797779338e-95
9606.ENSP00000385958	9606.ENSP00000472469	RPS14	RPS28	9606	0.997	0	0	0	0	0.974	0.9	0.052	RPS14	RPS28	0.468894808735532	5.72706827078132e-29	1.76539703873523e-28
9606.ENSP00000385958	9606.ENSP00000393241	RPS14	RPS18	9606	0.997	0	0	0	0	0.965	0.9	0.435	RPS14	RPS18	0.795322140909743	2.00000913490136e-111	3.45477768421652e-110
9606.ENSP00000385958	9606.ENSP00000472985	RPS14	RPS5	9606	0.998	0	0	0	0	0.983	0.9	0.053	RPS14	RPS5	0.759958014434984	3.5940783580766e-96	4.16724359394795e-95
9606.ENSP00000389351	9606.ENSP00000431800	RPSA	EIF3F	9606	0.808	0	0	0	0	0.808	0	0	RPSA	EIF3F	0.573282700940901	1.8535603862002e-45	7.92032513362872e-45
9606.ENSP00000389351	9606.ENSP00000436049	RPSA	EIF3M	9606	0.813	0	0	0	0	0.813	0	0	RPSA	EIF3M	0.394640364657584	2.87628068731059e-20	7.05150445112566e-20
9606.ENSP00000389351	9606.ENSP00000429931	RPSA	EIF3H	9606	0.813	0	0	0	0	0.813	0	0	RPSA	EIF3H	0.440327573129984	2.3016992182933e-25	6.49398860005697e-25
9606.ENSP00000389351	9606.ENSP00000499067	RPSA	EIF3L	9606	0.844	0	0	0	0	0.844	0	0	RPSA	EIF3L	0.464167845355964	2.38795697837997e-28	7.2770714159632e-28
9606.ENSP00000389351	9606.ENSP00000481646	RPSA	RPS10	9606	0.995	0	0	0	0	0.952	0.9	0	RPSA	RPS10	0.581582630312721	4.91035018930546e-47	2.16751094623101e-46
9606.ENSP00000389351	9606.ENSP00000431822	RPSA	FAU	9606	0.995	0	0	0	0	0.952	0.9	0	RPSA	FAU	0.717029777511912	7.145172430135e-81	6.10374401790422e-80
9606.ENSP00000389351	9606.ENSP00000472469	RPSA	RPS28	9606	0.996	0	0	0	0	0.962	0.9	0	RPSA	RPS28	0.434767700372522	1.05857508653337e-24	2.93608606060062e-24
9606.ENSP00000389351	9606.ENSP00000414321	RPSA	RPS24	9606	0.996	0	0	0	0	0.966	0.9	0	RPSA	RPS24	0.698929302868175	3.01873922004827e-75	2.29845084393031e-74
9606.ENSP00000389351	9606.ENSP00000499044	RPSA	RPS27	9606	0.996	0	0	0	0	0.968	0.9	0	RPSA	RPS27	0.54394461185249	3.14168905301673e-40	1.21239117444874e-39
9606.ENSP00000389351	9606.ENSP00000472985	RPSA	RPS5	9606	0.997	0	0	0	0	0.967	0.9	0.233	RPSA	RPS5	0.741592171639524	2.97156269805783e-89	3.02729812679773e-88
9606.ENSP00000389351	9606.ENSP00000393241	RPSA	RPS18	9606	0.997	0	0	0	0	0.972	0.9	0	RPSA	RPS18	0.709956057717573	1.27123869262958e-78	1.03130761989127e-77
9606.ENSP00000389351	9606.ENSP00000466010	RPSA	RPS15	9606	0.997	0	0	0	0	0.966	0.9	0.228	RPSA	RPS15	0.619387621992013	7.95771223631825e-55	4.04334583213029e-54
9606.ENSP00000389351	9606.ENSP00000495273	RPSA	RPS7	9606	0.997	0	0	0	0	0.97	0.9	0.232	RPSA	RPS7	0.733509624254351	2.15604273463152e-86	2.07572758821349e-85
9606.ENSP00000389351	9606.ENSP00000470972	RPSA	RPS19	9606	0.997	0	0	0	0	0.973	0.9	0.232	RPSA	RPS19	0.737160952120057	1.13354610687318e-87	1.1188948306619e-86
9606.ENSP00000389351	9606.ENSP00000429374	RPSA	RPS20	9606	0.997	0	0	0	0	0.972	0.9	0	RPSA	RPS20	0.733935815941842	1.53262633980163e-86	1.4839738544676e-85
9606.ENSP00000389351	9606.ENSP00000435777	RPSA	RPS13	9606	0.997	0	0	0	0	0.974	0.9	0	RPSA	RPS13	0.716851436696465	8.15814716846375e-81	6.94570836463423e-80
9606.ENSP00000389351	9606.ENSP00000498019	RPSA	RPS17	9606	0.998	0	0	0	0	0.986	0.9	0	RPSA	RPS17	0.675429313117647	1.52175697329166e-68	1.01620549491936e-67
9606.ENSP00000389351	9606.ENSP00000435096	RPSA	RPS25	9606	0.998	0	0	0	0	0.971	0.9	0.415	RPSA	RPS25	0.634253363224521	3.44421779296934e-58	1.87979151656043e-57
9606.ENSP00000393241	9606.ENSP00000436049	RPS18	EIF3M	9606	0.808	0	0	0	0	0.808	0	0	RPS18	EIF3M	0.524738125986512	4.4772807947186e-37	1.62529453295057e-36
9606.ENSP00000393241	9606.ENSP00000429931	RPS18	EIF3H	9606	0.808	0	0	0	0	0.808	0	0	RPS18	EIF3H	0.621407047537052	2.84740837737537e-55	1.46140105553318e-54
9606.ENSP00000393241	9606.ENSP00000431800	RPS18	EIF3F	9606	0.824	0	0	0	0	0.824	0	0	RPS18	EIF3F	0.643920106296344	1.77453433204779e-60	1.00917946308003e-59
9606.ENSP00000393241	9606.ENSP00000499067	RPS18	EIF3L	9606	0.88	0	0	0	0	0.879	0	0	RPS18	EIF3L	0.367948782455885	1.23192491800525e-17	2.81880184550109e-17
9606.ENSP00000393241	9606.ENSP00000498019	RPS18	RPS17	9606	0.994	0	0	0	0	0.947	0.9	0	RPS18	RPS17	0.846477722306392	8.52369032420103e-140	3.13677980517789e-138
9606.ENSP00000393241	9606.ENSP00000499044	RPS18	RPS27	9606	0.995	0	0	0	0	0.953	0.9	0	RPS18	RPS27	0.491607266316694	4.36416331989975e-32	1.43778160364002e-31
9606.ENSP00000393241	9606.ENSP00000431822	RPS18	FAU	9606	0.995	0	0	0	0	0.952	0.9	0	RPS18	FAU	0.674898110929105	2.1215984822479e-68	1.41027982880838e-67
9606.ENSP00000393241	9606.ENSP00000481646	RPS18	RPS10	9606	0.995	0	0	0	0	0.953	0.9	0	RPS18	RPS10	0.720409028480488	5.68216642990084e-82	4.97103914112858e-81
9606.ENSP00000393241	9606.ENSP00000414321	RPS18	RPS24	9606	0.995	0	0	0	0	0.952	0.9	0	RPS18	RPS24	0.799642945661026	1.70134969039662e-113	3.08032242519758e-112
9606.ENSP00000393241	9606.ENSP00000472469	RPS18	RPS28	9606	0.995	0	0	0	0	0.952	0.9	0	RPS18	RPS28	0.374675511029364	2.81861454967029e-18	6.58584494617004e-18
9606.ENSP00000393241	9606.ENSP00000435777	RPS18	RPS13	9606	0.996	0	0	0	0	0.969	0.9	0	RPS18	RPS13	0.8136498743042	1.4261804072961e-120	3.07552322651943e-119
9606.ENSP00000393241	9606.ENSP00000472985	RPS18	RPS5	9606	0.996	0	0	0	0	0.963	0.9	0.065	RPS18	RPS5	0.710343767295984	9.60843346633608e-79	7.80742869740604e-78
9606.ENSP00000393241	9606.ENSP00000495273	RPS18	RPS7	9606	0.996	0	0	0	0	0.961	0.9	0.098	RPS18	RPS7	0.742070262926914	1.99718178447226e-89	2.03873119446078e-88
9606.ENSP00000393241	9606.ENSP00000429374	RPS18	RPS20	9606	0.997	0	0	0	0	0.97	0.9	0.363	RPS18	RPS20	0.761776270794781	6.8681606207498e-97	8.14952189543875e-96
9606.ENSP00000393241	9606.ENSP00000470972	RPS18	RPS19	9606	0.998	0	0	0	0	0.978	0.9	0.418	RPS18	RPS19	0.72928283511581	6.14213286422021e-85	5.69212075747123e-84
9606.ENSP00000393241	9606.ENSP00000466010	RPS18	RPS15	9606	0.998	0	0	0	0	0.987	0.9	0.109	RPS18	RPS15	0.610272207344958	7.50998544692825e-53	3.69032037660621e-52
9606.ENSP00000393241	9606.ENSP00000435096	RPS18	RPS25	9606	0.999	0	0	0	0	0.984	0.9	0.462	RPS18	RPS25	0.792996069793315	2.48303096815857e-110	4.12768339502235e-109
9606.ENSP00000395590	9606.ENSP00000431822	IFI35	FAU	9606	0.749	0	0	0	0	0.749	0	0	IFI35	FAU	0.373315312897749	3.80865547304528e-18	8.86040165820451e-18
9606.ENSP00000414321	9606.ENSP00000416255	RPS24	EIF4G1	9606	0.8	0	0	0	0	0.8	0	0	RPS24	EIF4G1	-0.33852142978273	5.25937274221831e-15	1.10897755745716e-14
9606.ENSP00000414321	9606.ENSP00000436049	RPS24	EIF3M	9606	0.808	0	0	0	0	0.808	0	0	RPS24	EIF3M	0.526806189935764	2.09437644163646e-37	7.64925620916991e-37
9606.ENSP00000414321	9606.ENSP00000429931	RPS24	EIF3H	9606	0.808	0	0	0	0	0.808	0	0	RPS24	EIF3H	0.528546550307205	1.1005609097633e-37	4.04721113702602e-37
9606.ENSP00000414321	9606.ENSP00000431800	RPS24	EIF3F	9606	0.819	0	0	0	0	0.819	0	0	RPS24	EIF3F	0.608255763464545	2.01312734594983e-52	9.81158083148389e-52
9606.ENSP00000414321	9606.ENSP00000499067	RPS24	EIF3L	9606	0.868	0	0	0	0	0.868	0	0	RPS24	EIF3L	0.351954294808363	3.58371275054798e-16	7.82117971794495e-16
9606.ENSP00000414321	9606.ENSP00000499044	RPS24	RPS27	9606	0.99	0	0	0	0	0.905	0.9	0	RPS24	RPS27	0.596522819983862	5.44236913298626e-50	2.52757856807231e-49
9606.ENSP00000414321	9606.ENSP00000481646	RPS24	RPS10	9606	0.993	0	0	0	0	0.935	0.9	0	RPS24	RPS10	0.782756567582224	1.11816240311604e-105	1.65798182897075e-104
9606.ENSP00000414321	9606.ENSP00000498019	RPS24	RPS17	9606	0.995	0	0	0	0	0.957	0.9	0	RPS24	RPS17	0.845202967501719	5.74169342886374e-139	2.03910420129262e-137
9606.ENSP00000414321	9606.ENSP00000431822	RPS24	FAU	9606	0.995	0	0	0	0	0.952	0.9	0	RPS24	FAU	0.766554015650012	8.26224811513338e-99	1.02716834890342e-97
9606.ENSP00000414321	9606.ENSP00000472469	RPS24	RPS28	9606	0.995	0	0	0	0	0.952	0.9	0	RPS24	RPS28	0.479723841949412	1.99704958288585e-30	6.37261470731122e-30
9606.ENSP00000414321	9606.ENSP00000429374	RPS24	RPS20	9606	0.996	0	0	0	0	0.952	0.9	0.28	RPS24	RPS20	0.876623097092318	6.41970830916716e-162	5.3012176663586e-160
9606.ENSP00000414321	9606.ENSP00000435777	RPS24	RPS13	9606	0.996	0	0	0	0	0.961	0.9	0.274	RPS24	RPS13	0.781635834390892	3.48712662413552e-105	5.13315146686152e-104
9606.ENSP00000414321	9606.ENSP00000435096	RPS24	RPS25	9606	0.996	0	0	0	0	0.962	0.9	0	RPS24	RPS25	0.861486490263933	3.71900818650714e-150	1.89848672496602e-148
9606.ENSP00000414321	9606.ENSP00000472985	RPS24	RPS5	9606	0.996	0	0	0	0	0.962	0.9	0	RPS24	RPS5	0.615357343187735	6.05223845914047e-54	3.02522569042765e-53
9606.ENSP00000414321	9606.ENSP00000495273	RPS24	RPS7	9606	0.996	0	0	0	0	0.961	0.9	0	RPS24	RPS7	0.746158404660342	6.44174641444049e-91	6.79426981635223e-90
9606.ENSP00000414321	9606.ENSP00000470972	RPS24	RPS19	9606	0.996	0	0	0	0	0.966	0.9	0	RPS24	RPS19	0.745881109850115	8.14833495050815e-91	8.57643918055039e-90
9606.ENSP00000414321	9606.ENSP00000466010	RPS24	RPS15	9606	0.997	0	0	0	0	0.972	0.9	0	RPS24	RPS15	0.663543932032955	2.1907253884194e-65	1.36259631170703e-64
9606.ENSP00000416255	9606.ENSP00000466010	EIF4G1	RPS15	9606	0.8	0	0	0	0	0.8	0	0	EIF4G1	RPS15	-0.305214745076992	2.38655275057002e-12	4.60053450133607e-12
9606.ENSP00000416255	9606.ENSP00000495273	EIF4G1	RPS7	9606	0.8	0	0	0	0	0.8	0	0	EIF4G1	RPS7	-0.387970008180942	1.37829620085181e-19	3.32368340741972e-19
9606.ENSP00000416255	9606.ENSP00000429374	EIF4G1	RPS20	9606	0.8	0	0	0	0	0.8	0	0	EIF4G1	RPS20	-0.392989733755984	4.2528030640456e-20	1.03910802794109e-19
9606.ENSP00000416255	9606.ENSP00000472469	EIF4G1	RPS28	9606	0.8	0	0	0	0	0.8	0	0	EIF4G1	RPS28	-0.307593554386495	1.58055199901001e-12	3.07012175443578e-12
9606.ENSP00000416255	9606.ENSP00000470972	EIF4G1	RPS19	9606	0.8	0	0	0	0	0.8	0	0	EIF4G1	RPS19	-0.304529521275109	2.68547354021438e-12	5.16402020976096e-12
9606.ENSP00000416255	9606.ENSP00000435096	EIF4G1	RPS25	9606	0.8	0	0	0	0	0.8	0	0	EIF4G1	RPS25	-0.30309524741294	3.43447262525391e-12	6.58560287987616e-12
9606.ENSP00000416255	9606.ENSP00000431822	EIF4G1	FAU	9606	0.8	0	0	0	0	0.8	0	0	EIF4G1	FAU	-0.452834724466235	6.69753597151137e-27	1.97408220727339e-26
9606.ENSP00000416255	9606.ENSP00000433664	EIF4G1	EIF4G2	9606	0.969	0	0	0	0	0.599	0.9	0.305	EIF4G1	EIF4G2	0.483522016797953	5.98026726644293e-31	1.93075570963957e-30
9606.ENSP00000416255	9606.ENSP00000497641	EIF4G1	EIF4A3	9606	0.973	0	0	0	0	0.293	0.5	0.931	EIF4G1	EIF4A3	0.3432479272772	2.07424103977279e-15	4.42420542649564e-15
9606.ENSP00000429374	9606.ENSP00000436049	RPS20	EIF3M	9606	0.809	0	0	0	0	0.809	0	0	RPS20	EIF3M	0.47357024522328	1.36463069049396e-29	4.2713571412472e-29
9606.ENSP00000429374	9606.ENSP00000431800	RPS20	EIF3F	9606	0.82	0	0	0	0	0.82	0	0	RPS20	EIF3F	0.565316997538263	5.4920982718964e-44	2.28995246911542e-43
9606.ENSP00000429374	9606.ENSP00000429931	RPS20	EIF3H	9606	0.826	0	0	0	0	0.825	0	0	RPS20	EIF3H	0.446047617184079	4.64945945287156e-26	1.33214554761118e-25
9606.ENSP00000429374	9606.ENSP00000499044	RPS20	RPS27	9606	0.993	0	0	0	0	0.94	0.9	0	RPS20	RPS27	0.568914655440699	1.20227175525079e-44	5.05860572414346e-44
9606.ENSP00000429374	9606.ENSP00000466010	RPS20	RPS15	9606	0.994	0	0	0	0	0.947	0.9	0	RPS20	RPS15	0.760388958150473	2.43118661401556e-96	2.84160672480507e-95
9606.ENSP00000429374	9606.ENSP00000431822	RPS20	FAU	9606	0.995	0	0	0	0	0.952	0.9	0	RPS20	FAU	0.852510468438148	8.03835834303751e-144	3.401900237093e-142
9606.ENSP00000429374	9606.ENSP00000498019	RPS20	RPS17	9606	0.995	0	0	0	0	0.952	0.9	0	RPS20	RPS17	0.825271005361405	6.49476765379786e-127	1.62882358171913e-125
9606.ENSP00000429374	9606.ENSP00000495273	RPS20	RPS7	9606	0.996	0	0	0	0	0.964	0.9	0	RPS20	RPS7	0.828814527415474	6.09100447452257e-129	1.60275472662502e-127
9606.ENSP00000429374	9606.ENSP00000472985	RPS20	RPS5	9606	0.996	0	0	0	0	0.963	0.9	0.139	RPS20	RPS5	0.644647725642129	1.18443609276551e-60	6.77764360237703e-60
9606.ENSP00000429374	9606.ENSP00000435777	RPS20	RPS13	9606	0.997	0	0	0	0	0.97	0.9	0.093	RPS20	RPS13	0.793453848490439	1.51636284708041e-110	2.5398986725019e-109
9606.ENSP00000429374	9606.ENSP00000481646	RPS20	RPS10	9606	0.997	0	0	0	0	0.952	0.9	0.462	RPS20	RPS10	0.803291291862105	2.77202923787287e-115	5.1851751324263e-114
9606.ENSP00000429374	9606.ENSP00000472469	RPS20	RPS28	9606	0.997	0	0	0	0	0.964	0.9	0.226	RPS20	RPS28	0.531540421122858	3.60657027340726e-38	1.33839730606495e-37
9606.ENSP00000429374	9606.ENSP00000435096	RPS20	RPS25	9606	0.998	0	0	0	0	0.975	0.9	0.282	RPS20	RPS25	0.836937140919061	9.01345764161837e-134	2.74923991789543e-132
9606.ENSP00000429374	9606.ENSP00000470972	RPS20	RPS19	9606	0.998	0	0	0	0	0.973	0.9	0.46	RPS20	RPS19	0.839623620747168	1.98905083951093e-135	6.43400935570463e-134
9606.ENSP00000429931	9606.ENSP00000498019	EIF3H	RPS17	9606	0.8	0	0	0	0	0.8	0	0	EIF3H	RPS17	0.591931242813722	4.5760227492024e-49	2.09646653421961e-48
9606.ENSP00000429931	9606.ENSP00000435096	EIF3H	RPS25	9606	0.807	0	0	0	0	0.807	0	0	EIF3H	RPS25	0.577527939129317	2.93150899872967e-46	1.2757213753255e-45
9606.ENSP00000429931	9606.ENSP00000495273	EIF3H	RPS7	9606	0.807	0	0	0	0	0.807	0	0	EIF3H	RPS7	0.438158318937484	4.18847502270728e-25	1.17520278468613e-24
9606.ENSP00000429931	9606.ENSP00000499044	EIF3H	RPS27	9606	0.81	0	0	0	0	0.81	0	0	EIF3H	RPS27	0.519993458973227	2.50901835916859e-36	8.98910034358918e-36
9606.ENSP00000429931	9606.ENSP00000470972	EIF3H	RPS19	9606	0.815	0	0	0	0	0.815	0	0	EIF3H	RPS19	0.344910391660284	1.48966333205895e-15	3.1947868377793e-15
9606.ENSP00000429931	9606.ENSP00000481646	EIF3H	RPS10	9606	0.818	0	0	0	0	0.818	0	0	EIF3H	RPS10	0.414056498817584	2.44302978030115e-22	6.3381490366587e-22
9606.ENSP00000429931	9606.ENSP00000435777	EIF3H	RPS13	9606	0.819	0	0	0	0	0.819	0	0	EIF3H	RPS13	0.603494976826875	2.0082915797058e-51	9.59013520219645e-51
9606.ENSP00000429931	9606.ENSP00000472985	EIF3H	RPS5	9606	0.819	0	0	0	0	0.819	0	0	EIF3H	RPS5	0.639476121525196	2.04702348010038e-59	1.13801956690638e-58
9606.ENSP00000429931	9606.ENSP00000431822	EIF3H	FAU	9606	0.868	0	0	0	0	0.868	0	0	EIF3H	FAU	0.3043256499563	2.7812695450599e-12	5.34519484752571e-12
9606.ENSP00000429931	9606.ENSP00000499067	EIF3H	EIF3L	9606	0.998	0	0	0	0	0.977	0.9	0.496	EIF3H	EIF3L	0.6282003045025	8.48737376307141e-57	4.5300186711254e-56
9606.ENSP00000429931	9606.ENSP00000431800	EIF3H	EIF3F	9606	0.999	0	0	0	0	0.98	0.9	0.966	EIF3H	EIF3F	0.681789762827214	2.69461631771939e-70	1.86820600266729e-69
9606.ENSP00000429931	9606.ENSP00000436049	EIF3H	EIF3M	9606	0.999	0	0	0	0	0.982	0.9	0.482	EIF3H	EIF3M	0.378868290555764	1.10444622458726e-18	2.61062608869742e-18
9606.ENSP00000431800	9606.ENSP00000435096	EIF3F	RPS25	9606	0.807	0	0	0	0	0.807	0	0	EIF3F	RPS25	0.619907363407148	6.11258102242167e-55	3.11361511758962e-54
9606.ENSP00000431800	9606.ENSP00000472469	EIF3F	RPS28	9606	0.809	0	0	0	0	0.809	0	0	EIF3F	RPS28	0.30953219545557	1.12656929166082e-12	2.19922435045146e-12
9606.ENSP00000431800	9606.ENSP00000498019	EIF3F	RPS17	9606	0.809	0	0	0	0	0.809	0	0	EIF3F	RPS17	0.672042328456448	1.25132084271481e-67	8.15768023071526e-67
9606.ENSP00000431800	9606.ENSP00000472985	EIF3F	RPS5	9606	0.818	0	0	0	0	0.818	0	0	EIF3F	RPS5	0.596486201415172	5.5363258137519e-50	2.5700393642723e-49
9606.ENSP00000431800	9606.ENSP00000499044	EIF3F	RPS27	9606	0.818	0	0	0	0	0.818	0	0	EIF3F	RPS27	0.471134318400784	2.88905816329228e-29	8.95458155769292e-29
9606.ENSP00000431800	9606.ENSP00000435777	EIF3F	RPS13	9606	0.818	0	0	0	0	0.818	0	0	EIF3F	RPS13	0.674599944466496	2.55585974693844e-68	1.69340296475236e-67
9606.ENSP00000431800	9606.ENSP00000470972	EIF3F	RPS19	9606	0.819	0	0	0	0	0.819	0	0	EIF3F	RPS19	0.573744299895828	1.51874748716071e-45	6.50608107426882e-45
9606.ENSP00000431800	9606.ENSP00000481646	EIF3F	RPS10	9606	0.821	0	0	0	0	0.821	0	0	EIF3F	RPS10	0.611148816745028	4.88102989767431e-53	2.40546437024153e-52
9606.ENSP00000431800	9606.ENSP00000495273	EIF3F	RPS7	9606	0.829	0	0	0	0	0.829	0	0	EIF3F	RPS7	0.540457927780356	1.21579700660613e-39	4.6424248857513e-39
9606.ENSP00000431800	9606.ENSP00000466010	EIF3F	RPS15	9606	0.835	0	0	0	0	0.835	0	0	EIF3F	RPS15	0.615672001982807	5.17108577422444e-54	2.58732602013781e-53
9606.ENSP00000431800	9606.ENSP00000431822	EIF3F	FAU	9606	0.869	0	0	0	0	0.869	0	0	EIF3F	FAU	0.503940642511456	7.01943420185801e-34	2.39249641571382e-33
9606.ENSP00000431800	9606.ENSP00000499067	EIF3F	EIF3L	9606	0.999	0	0	0	0	0.977	0.9	0.823	EIF3F	EIF3L	0.536057922562442	6.55793488314881e-39	2.46882670897489e-38
9606.ENSP00000431800	9606.ENSP00000436049	EIF3F	EIF3M	9606	0.999	0	0	0	0	0.983	0.9	0.674	EIF3F	EIF3M	0.490596575185469	6.07675035509948e-32	1.99552387186374e-31
9606.ENSP00000431822	9606.ENSP00000436049	FAU	EIF3M	9606	0.866	0	0	0	0	0.866	0	0	FAU	EIF3M	0.424331315119089	1.72181156300607e-23	4.62657144059594e-23
9606.ENSP00000431822	9606.ENSP00000472985	FAU	RPS5	9606	0.994	0	0	0	0	0.947	0.9	0	FAU	RPS5	0.606283671845445	5.24473197663815e-52	2.5403310770965e-51
9606.ENSP00000431822	9606.ENSP00000481646	FAU	RPS10	9606	0.994	0	0	0	0	0.947	0.9	0	FAU	RPS10	0.700085722858	1.35859802927958e-75	1.04224170569431e-74
9606.ENSP00000431822	9606.ENSP00000495273	FAU	RPS7	9606	0.995	0	0	0	0	0.952	0.9	0	FAU	RPS7	0.83362982260959	8.97339655892273e-132	2.58194869260561e-130
9606.ENSP00000431822	9606.ENSP00000466010	FAU	RPS15	9606	0.995	0	0	0	0	0.958	0.9	0	FAU	RPS15	0.795296703583402	2.05623063655722e-111	3.5458632556047e-110
9606.ENSP00000431822	9606.ENSP00000472469	FAU	RPS28	9606	0.995	0	0	0	0	0.952	0.9	0	FAU	RPS28	0.562193424311375	2.0230655893296e-43	8.3461727013894e-43
9606.ENSP00000431822	9606.ENSP00000470972	FAU	RPS19	9606	0.995	0	0	0	0	0.952	0.9	0	FAU	RPS19	0.750949101121292	1.05783627325986e-92	1.14181116126466e-91
9606.ENSP00000431822	9606.ENSP00000499044	FAU	RPS27	9606	0.995	0	0	0	0	0.952	0.9	0	FAU	RPS27	0.50582617267938	3.67789987332014e-34	1.26118936574317e-33
9606.ENSP00000431822	9606.ENSP00000435096	FAU	RPS25	9606	0.996	0	0	0	0	0.968	0.9	0	FAU	RPS25	0.762804106497606	2.67721398438769e-97	3.22950860325722e-96
9606.ENSP00000431822	9606.ENSP00000435777	FAU	RPS13	9606	0.996	0	0	0	0	0.964	0.9	0	FAU	RPS13	0.755064357367414	2.87465844538051e-94	3.19801816316866e-93
9606.ENSP00000431822	9606.ENSP00000498019	FAU	RPS17	9606	0.997	0	0	0	0	0.971	0.9	0	FAU	RPS17	0.709462126336857	1.81475969477671e-78	1.46522370587019e-77
9606.ENSP00000435096	9606.ENSP00000436049	RPS25	EIF3M	9606	0.807	0	0	0	0	0.807	0	0	RPS25	EIF3M	0.544576258868123	2.45447108500869e-40	9.51166074415614e-40
9606.ENSP00000435096	9606.ENSP00000499067	RPS25	EIF3L	9606	0.881	0	0	0	0	0.881	0	0	RPS25	EIF3L	0.325342192604354	6.48076425708684e-14	1.32444914606099e-13
9606.ENSP00000435096	9606.ENSP00000481646	RPS25	RPS10	9606	0.995	0	0	0	0	0.952	0.9	0	RPS25	RPS10	0.772632325344336	2.55420613941042e-101	3.3736114119625e-100
9606.ENSP00000435096	9606.ENSP00000499044	RPS25	RPS27	9606	0.995	0	0	0	0	0.938	0.9	0.319	RPS25	RPS27	0.603423603229888	2.07814196867012e-51	9.90971266468658e-51
9606.ENSP00000435096	9606.ENSP00000495273	RPS25	RPS7	9606	0.996	0	0	0	0	0.969	0.9	0	RPS25	RPS7	0.737476729039364	8.76606429485225e-88	8.67806189501114e-87
9606.ENSP00000435096	9606.ENSP00000472469	RPS25	RPS28	9606	0.996	0	0	0	0	0.967	0.9	0	RPS25	RPS28	0.461194566661635	5.79619140429648e-28	1.74745966439416e-27
9606.ENSP00000435096	9606.ENSP00000498019	RPS25	RPS17	9606	0.996	0	0	0	0	0.967	0.9	0	RPS25	RPS17	0.831804577973325	1.0886906811653e-130	3.07161979127665e-129
9606.ENSP00000435096	9606.ENSP00000466010	RPS25	RPS15	9606	0.997	0	0	0	0	0.975	0.9	0	RPS25	RPS15	0.601902954270582	4.29674773083791e-51	2.03269989297255e-50
9606.ENSP00000435096	9606.ENSP00000435777	RPS25	RPS13	9606	0.997	0	0	0	0	0.975	0.9	0	RPS25	RPS13	0.809756658895703	1.51335813454865e-118	3.05084678610404e-117
9606.ENSP00000435096	9606.ENSP00000470972	RPS25	RPS19	9606	0.997	0	0	0	0	0.975	0.9	0	RPS25	RPS19	0.671418601487478	1.8388610240454e-67	1.1926763359661e-66
9606.ENSP00000435096	9606.ENSP00000472985	RPS25	RPS5	9606	0.998	0	0	0	0	0.98	0.9	0	RPS25	RPS5	0.605361312528768	8.18884475676089e-52	3.9475128711163e-51
9606.ENSP00000435777	9606.ENSP00000436049	RPS13	EIF3M	9606	0.819	0	0	0	0	0.819	0	0	RPS13	EIF3M	0.603467769137162	2.03463941125247e-51	9.70682597467887e-51
9606.ENSP00000435777	9606.ENSP00000499067	RPS13	EIF3L	9606	0.872	0	0	0	0	0.872	0	0	RPS13	EIF3L	0.400798992942772	6.55604126467168e-21	1.6381232749144e-20
9606.ENSP00000435777	9606.ENSP00000498019	RPS13	RPS17	9606	0.995	0	0	0	0	0.958	0.9	0.102	RPS13	RPS17	0.838538294823271	9.36315140056687e-135	2.95346362657012e-133
9606.ENSP00000435777	9606.ENSP00000481646	RPS13	RPS10	9606	0.995	0	0	0	0	0.951	0.9	0.07	RPS13	RPS10	0.706971597780896	1.07991314426315e-77	8.58941096811337e-77
9606.ENSP00000435777	9606.ENSP00000499044	RPS13	RPS27	9606	0.996	0	0	0	0	0.967	0.9	0.063	RPS13	RPS27	0.57300643107789	2.08797201754297e-45	8.90698520881307e-45
9606.ENSP00000435777	9606.ENSP00000472469	RPS13	RPS28	9606	0.996	0	0	0	0	0.962	0.9	0.203	RPS13	RPS28	0.417111959643169	1.12074525887454e-22	2.94068963947008e-22
9606.ENSP00000435777	9606.ENSP00000466010	RPS13	RPS15	9606	0.996	0	0	0	0	0.966	0.9	0	RPS13	RPS15	0.658236941706593	5.06318331361099e-64	3.10360609030458e-63
9606.ENSP00000435777	9606.ENSP00000472985	RPS13	RPS5	9606	0.997	0	0	0	0	0.967	0.9	0.199	RPS13	RPS5	0.767515136606828	3.3523403886617e-99	4.21407442173724e-98
9606.ENSP00000435777	9606.ENSP00000470972	RPS13	RPS19	9606	0.998	0	0	0	0	0.972	0.9	0.43	RPS13	RPS19	0.714165329576436	5.9357240406718e-80	4.95391529014819e-79
9606.ENSP00000435777	9606.ENSP00000495273	RPS13	RPS7	9606	0.998	0	0	0	0	0.983	0.9	0	RPS13	RPS7	0.792020413221446	7.07384822665204e-110	1.16638111100819e-108
9606.ENSP00000436049	9606.ENSP00000498019	EIF3M	RPS17	9606	0.8	0	0	0	0	0.8	0	0	EIF3M	RPS17	0.519530928248104	2.96374315756824e-36	1.06070258109304e-35
9606.ENSP00000436049	9606.ENSP00000495273	EIF3M	RPS7	9606	0.807	0	0	0	0	0.807	0	0	EIF3M	RPS7	0.487900125416268	1.4618534759024e-31	4.7727565910449e-31
9606.ENSP00000436049	9606.ENSP00000466010	EIF3M	RPS15	9606	0.808	0	0	0	0	0.808	0	0	EIF3M	RPS15	0.330766679152387	2.33919587926714e-14	4.83697323813443e-14
9606.ENSP00000436049	9606.ENSP00000470972	EIF3M	RPS19	9606	0.808	0	0	0	0	0.808	0	0	EIF3M	RPS19	0.415244039931943	1.8063816035603e-22	4.71292523692832e-22
9606.ENSP00000436049	9606.ENSP00000481646	EIF3M	RPS10	9606	0.818	0	0	0	0	0.818	0	0	EIF3M	RPS10	0.45237936837162	7.63773937941791e-27	2.24794317231955e-26
9606.ENSP00000444029	9606.ENSP00000481575	NUP153	POM121C	9606	0.733	0	0	0	0	0.359	0.5	0.234	NUP153	POM121C	0.653748697851151	6.86133643478977e-63	4.11153947894748e-62
9606.ENSP00000444029	9606.ENSP00000471191	NUP153	NUP62	9606	0.867	0	0	0	0	0.294	0.5	0.654	NUP153	NUP62	0.303492740578406	3.20855553509276e-12	6.15705621952336e-12
9606.ENSP00000466010	9606.ENSP00000499044	RPS15	RPS27	9606	0.993	0	0	0	0	0.936	0.9	0	RPS15	RPS27	0.458057948652008	1.46332035967061e-27	4.37531495236218e-27
9606.ENSP00000466010	9606.ENSP00000481646	RPS15	RPS10	9606	0.994	0	0	0	0	0.915	0.9	0.355	RPS15	RPS10	0.731290147648305	1.26167559325848e-85	1.1943000000677e-84
9606.ENSP00000466010	9606.ENSP00000472985	RPS15	RPS5	9606	0.995	0	0	0	0	0.954	0.9	0.072	RPS15	RPS5	0.60271154444637	2.9214988374531e-51	1.38856638708522e-50
9606.ENSP00000466010	9606.ENSP00000495273	RPS15	RPS7	9606	0.996	0	0	0	0	0.965	0.9	0	RPS15	RPS7	0.740227501010971	9.19320842101199e-89	9.28185068908735e-88
9606.ENSP00000466010	9606.ENSP00000470972	RPS15	RPS19	9606	0.996	0	0	0	0	0.966	0.9	0	RPS15	RPS19	0.80178117190601	1.53962672299244e-114	2.83811045833652e-113
9606.ENSP00000466010	9606.ENSP00000498019	RPS15	RPS17	9606	0.996	0	0	0	0	0.968	0.9	0	RPS15	RPS17	0.668754204613008	9.42145783698093e-67	6.01469184476526e-66
9606.ENSP00000466010	9606.ENSP00000472469	RPS15	RPS28	9606	0.997	0	0	0	0	0.957	0.9	0.478	RPS15	RPS28	0.517529579044861	6.07520980335821e-36	2.16511950781436e-35
9606.ENSP00000470972	9606.ENSP00000499044	RPS19	RPS27	9606	0.993	0	0	0	0	0.936	0.9	0.09	RPS19	RPS27	0.437311712537713	5.28473607211066e-25	1.4791144746329e-24
9606.ENSP00000470972	9606.ENSP00000481646	RPS19	RPS10	9606	0.996	0	0	0	0	0.953	0.9	0.343	RPS19	RPS10	0.803116771304459	3.38206727941657e-115	6.31464289651363e-114
9606.ENSP00000470972	9606.ENSP00000498019	RPS19	RPS17	9606	0.996	0	0	0	0	0.961	0.9	0	RPS19	RPS17	0.746616276534486	4.36697962521565e-91	4.63000125817488e-90
9606.ENSP00000470972	9606.ENSP00000495273	RPS19	RPS7	9606	0.996	0	0	0	0	0.966	0.9	0	RPS19	RPS7	0.793352565070171	1.69136338408218e-110	2.82552267962544e-109
9606.ENSP00000470972	9606.ENSP00000472985	RPS19	RPS5	9606	0.997	0	0	0	0	0.967	0.9	0.161	RPS19	RPS5	0.639011727259682	2.63691057358692e-59	1.46275809371504e-58
9606.ENSP00000470972	9606.ENSP00000472469	RPS19	RPS28	9606	0.997	0	0	0	0	0.962	0.9	0.272	RPS19	RPS28	0.428731506691042	5.37559137130169e-24	1.46576863243789e-23
9606.ENSP00000472469	9606.ENSP00000481646	RPS28	RPS10	9606	0.991	0	0	0	0	0.905	0.9	0.159	RPS28	RPS10	0.469857886409759	4.26976321875865e-29	1.31978043252987e-28
9606.ENSP00000472469	9606.ENSP00000499044	RPS28	RPS27	9606	0.992	0	0	0	0	0.905	0.9	0.309	RPS28	RPS27	0.308851164619568	1.26922691131839e-12	2.47390860454056e-12
9606.ENSP00000472469	9606.ENSP00000495273	RPS28	RPS7	9606	0.995	0	0	0	0	0.952	0.9	0	RPS28	RPS7	0.471598712666298	2.50528660326316e-29	7.77695477669434e-29
9606.ENSP00000472469	9606.ENSP00000498019	RPS28	RPS17	9606	0.995	0	0	0	0	0.957	0.9	0	RPS28	RPS17	0.439015733871524	3.30757514683447e-25	9.30095259313336e-25
9606.ENSP00000472469	9606.ENSP00000472985	RPS28	RPS5	9606	0.998	0	0	0	0	0.981	0.9	0.116	RPS28	RPS5	0.334656074303082	1.11246113583051e-14	2.32399583641105e-14
9606.ENSP00000472985	9606.ENSP00000499067	RPS5	EIF3L	9606	0.872	0	0	0	0	0.871	0	0	RPS5	EIF3L	0.498486805202259	4.45090164538623e-33	1.49595658544633e-32
9606.ENSP00000472985	9606.ENSP00000499044	RPS5	RPS27	9606	0.99	0	0	0	0	0.905	0.9	0	RPS5	RPS27	0.644651639076951	1.18186000996399e-60	6.76671483720648e-60
9606.ENSP00000472985	9606.ENSP00000481646	RPS5	RPS10	9606	0.994	0	0	0	0	0.937	0.9	0.203	RPS5	RPS10	0.585924958955523	7.0458412140009e-48	3.15819105077702e-47
9606.ENSP00000472985	9606.ENSP00000498019	RPS5	RPS17	9606	0.994	0	0	0	0	0.947	0.9	0	RPS5	RPS17	0.718161412414533	3.0733693091292e-81	2.65218454314573e-80
9606.ENSP00000472985	9606.ENSP00000495273	RPS5	RPS7	9606	0.996	0	0	0	0	0.967	0.9	0	RPS5	RPS7	0.634537739488235	2.95763394016511e-58	1.61769994239402e-57
9606.ENSP00000481646	9606.ENSP00000499044	RPS10	RPS27	9606	0.987	0	0	0	0	0.881	0.9	0	RPS10	RPS27	0.565300225674741	5.53088951251376e-44	2.30518033560124e-43
9606.ENSP00000481646	9606.ENSP00000498019	RPS10	RPS17	9606	0.992	0	0	0	0	0.924	0.9	0	RPS10	RPS17	0.860308639559608	2.67149156025954e-149	1.34328414740377e-147
9606.ENSP00000481646	9606.ENSP00000495273	RPS10	RPS7	9606	0.994	0	0	0	0	0.95	0.9	0	RPS10	RPS7	0.70522806939079	3.72218818196001e-77	2.94441319035575e-76
9606.ENSP00000495273	9606.ENSP00000498019	RPS7	RPS17	9606	0.995	0	0	0	0	0.957	0.9	0	RPS7	RPS17	0.764028732065753	8.65888055633202e-98	1.05834235632568e-96
9606.ENSP00000495273	9606.ENSP00000499044	RPS7	RPS27	9606	0.996	0	0	0	0	0.969	0.9	0	RPS7	RPS27	0.51524254909963	1.37168116360195e-35	4.85441309362544e-35
9606.ENSP00000498019	9606.ENSP00000499067	RPS17	EIF3L	9606	0.857	0	0	0	0	0.857	0	0	RPS17	EIF3L	0.384440742210867	3.11287474899009e-19	7.44290697398596e-19
9606.ENSP00000498019	9606.ENSP00000499044	RPS17	RPS27	9606	0.989	0	0	0	0	0.895	0.9	0	RPS17	RPS27	0.650237508222872	5.11214996549135e-62	3.0241180663655e-61
9606.ENSP00000499044	9606.ENSP00000499067	RPS27	EIF3L	9606	0.862	0	0	0	0	0.862	0	0	RPS27	EIF3L	0.43544109069292	8.81274932509224e-25	2.45034478223274e-24
