network	gene	degree	betweenness	closeness	eigenvector	interpretation
panel30	DVL2	4	0.00141088746838526	0.164748637189582	4.81084478540356e-09	topological descriptor; not therapeutic evidence
panel30	CX3CL1	1	0	0.142988566171639	3.33936556944466e-09	topological descriptor; not therapeutic evidence
panel30	CD74	10	5.80902713427756e-05	0.13782619711173	1.29807716874954e-08	topological descriptor; not therapeutic evidence
panel30	CD4	4	0.0117589144047079	0.175060337892196	2.09690686555874e-07	topological descriptor; not therapeutic evidence
panel30	PPP5C	1	0	0.187650914108313	2.08955411846661e-07	topological descriptor; not therapeutic evidence
panel30	COX15	2	0	0.154413851830826	0.0266214360142732	topological descriptor; not therapeutic evidence
panel30	RB1CC1	9	0.0134504716854496	0.201668211306766	4.26369786719319e-07	topological descriptor; not therapeutic evidence
panel30	GABARAPL2	5	0.00176233186469561	0.174694926140013	1.5919947217422e-09	topological descriptor; not therapeutic evidence
panel30	PSMA4	39	0.00109236082210506	0.202720327929942	8.85841429296873e-07	topological descriptor; not therapeutic evidence
panel30	DCN	4	0.00381435307738671	0.19628360093812	8.26281123476995e-06	topological descriptor; not therapeutic evidence
panel30	RFC2	3	0.000323881857928316	0.168917869895979	5.04848413037326e-08	topological descriptor; not therapeutic evidence
panel30	PSMC4	33	0.000507308024592288	0.201071890593236	7.61328772142622e-07	topological descriptor; not therapeutic evidence
panel30	ICAM3	1	0	0.151574254667038	4.80029089209896e-09	topological descriptor; not therapeutic evidence
panel30	CEACAM1	1	0	1	3.33490589226278e-17	topological descriptor; not therapeutic evidence
panel30	TNFRSF1A	9	0.00673907283234371	0.208588957055215	7.54315748772859e-07	topological descriptor; not therapeutic evidence
panel30	BCL3	2	6.5428449050709e-05	0.201406886338393	8.94028030308532e-06	topological descriptor; not therapeutic evidence
panel30	TRIP13	2	0	0.158047646717025	2.13781336264005e-07	topological descriptor; not therapeutic evidence
panel30	NGFR	1	0	0.171365569381005	7.81054516310855e-09	topological descriptor; not therapeutic evidence
panel30	NDUFB4	51	1.63652328813012e-06	0.182183523107837	0.979801314323075	topological descriptor; not therapeutic evidence
panel30	PLOD1	1	0	0.121768326804701	6.73692388546135e-11	topological descriptor; not therapeutic evidence
panel30	ITGB4	6	0.00419532586965896	0.186941580756014	2.17560264283082e-06	topological descriptor; not therapeutic evidence
panel30	UQCRC1	53	0.000419254657947622	0.182275087954431	0.973826903242573	topological descriptor; not therapeutic evidence
panel30	CDC6	11	0.00287679947502685	0.185034013605442	2.02723147412163e-06	topological descriptor; not therapeutic evidence
panel30	AAAS	1	0	0.107818848478843	6.2326359393762e-14	topological descriptor; not therapeutic evidence
panel30	MAPK13	2	0	0.75	6.0634652586596e-17	topological descriptor; not therapeutic evidence
panel30	VCL	8	0.0089434604661189	0.216474333465977	1.00423752630492e-05	topological descriptor; not therapeutic evidence
panel30	SIRT1	9	0.0130772882674952	0.211879259980526	1.38914623583575e-06	topological descriptor; not therapeutic evidence
panel30	PSMD8	32	0.000544813783707892	0.198323004010208	7.87943400543401e-07	topological descriptor; not therapeutic evidence
panel30	NDUFB7	51	0.00101441727631404	0.190176542562489	0.968237142492981	topological descriptor; not therapeutic evidence
panel30	MAPK12	1	0	0.150650789255054	3.9421557789527e-09	topological descriptor; not therapeutic evidence
panel30	OSM	2	0.00610866313345652	0.156479217603912	3.73867156373174e-07	topological descriptor; not therapeutic evidence
panel30	MAPK1	8	0.0156469854469587	0.215958713775308	0.000400035872219669	topological descriptor; not therapeutic evidence
panel30	MCM5	15	0.00442122375841657	0.18707015130674	1.26909898034455e-07	topological descriptor; not therapeutic evidence
panel30	TAB1	1	0	0.182642269598791	5.34118040475056e-08	topological descriptor; not therapeutic evidence
panel30	IL2RB	10	0.00452549669526661	0.214807502467917	0.000428556370497949	topological descriptor; not therapeutic evidence
panel30	RBX1	13	0.0281942442687759	0.224191221924583	2.98762580303946e-06	topological descriptor; not therapeutic evidence
panel30	RIPK3	1	0	0.142464318449653	2.18158723218077e-10	topological descriptor; not therapeutic evidence
panel30	NID2	3	0.000290015532816195	0.16066154754873	2.00351763522276e-08	topological descriptor; not therapeutic evidence
panel30	GZMB	1	0	1	3.63807915519576e-17	topological descriptor; not therapeutic evidence
panel30	POLE2	10	0.000549812583013763	0.169787765293383	2.42030549681898e-08	topological descriptor; not therapeutic evidence
panel30	ATP6V1D	10	0.00126964884978908	0.101162250116225	2.06157818794426e-15	topological descriptor; not therapeutic evidence
panel30	PSMA3	37	0.000635142312154132	0.199376947040498	7.74047957255976e-07	topological descriptor; not therapeutic evidence
panel30	NFKBIA	1	0	0.174386920980926	1.49117887342001e-08	topological descriptor; not therapeutic evidence
panel30	PSME2	18	2.19298198324561e-06	0.171527668295759	2.97725277379621e-07	topological descriptor; not therapeutic evidence
panel30	MYBL2	1	0	0.170559648847782	5.61630148193068e-08	topological descriptor; not therapeutic evidence
panel30	CSNK2A1	4	0.00411475252989073	0.18484539585457	8.15896136578194e-06	topological descriptor; not therapeutic evidence
panel30	SNTA1	2	0.00245023385519253	0.137896070975919	3.29641568178199e-09	topological descriptor; not therapeutic evidence
panel30	STAG2	8	0	0.154413851830826	2.36270564305907e-06	topological descriptor; not therapeutic evidence
panel30	TIMP1	3	0.00428151667821089	0.15985894798707	1.72153156300827e-07	topological descriptor; not therapeutic evidence
panel30	MMP2	2	1.50413373553869e-06	0.1378436589383	6.87869607685433e-09	topological descriptor; not therapeutic evidence
panel30	ORC6	11	9.11066225969328e-05	0.172179142269346	6.61092567524408e-08	topological descriptor; not therapeutic evidence
panel30	CCL17	1	0	0.125490196078431	7.12556396501461e-11	topological descriptor; not therapeutic evidence
panel30	PARD6A	2	0.000339198281316785	0.175682221863394	1.9575652408333e-08	topological descriptor; not therapeutic evidence
panel30	PSMD7	28	0.000400143606669463	0.198648895380683	5.61748297821111e-07	topological descriptor; not therapeutic evidence
panel30	TSC2	3	2.13496039855451e-05	0.189481017067224	2.12921653897016e-07	topological descriptor; not therapeutic evidence
panel30	VPS18	2	5.6405015082701e-07	0.109182137481184	6.06952872391826e-15	topological descriptor; not therapeutic evidence
panel30	TNFRSF10A	4	0.000491282279187776	0.188333044832958	5.92709250243536e-08	topological descriptor; not therapeutic evidence
panel30	PPP2CB	5	1.58874125816275e-05	0.545454545454545	1.94030888277107e-16	topological descriptor; not therapeutic evidence
panel30	RELB	3	0.000189208062558787	0.204051012753188	1.686451279441e-05	topological descriptor; not therapeutic evidence
panel30	RNASEH2A	1	0	0.666666666666667	3.48649252372927e-17	topological descriptor; not therapeutic evidence
panel30	TGFB1	4	0.00246739354534614	0.164698758704208	1.68820626062125e-07	topological descriptor; not therapeutic evidence
panel30	CDC37	8	0.0160474299031241	0.230948843133093	1.0461142546214e-05	topological descriptor; not therapeutic evidence
panel30	EPOR	5	0.00291463352794268	0.204703668861712	3.56546004767552e-05	topological descriptor; not therapeutic evidence
panel30	PIK3R2	3	0.000217554552144518	0.185507246376812	6.16245980773259e-07	topological descriptor; not therapeutic evidence
panel30	LAMB1	4	0.00248284848835813	0.157795503988397	1.33814969869884e-08	topological descriptor; not therapeutic evidence
panel30	ITGB8	2	2.50762734335898e-05	0.190709903593339	2.35142749335302e-06	topological descriptor; not therapeutic evidence
panel30	CAV2	2	0	0.207317073170732	9.93470146903486e-06	topological descriptor; not therapeutic evidence
panel30	PCOLCE	1	0	0.121754700089526	6.87149006677352e-11	topological descriptor; not therapeutic evidence
panel30	PLOD3	2	0.00122624502789792	0.138634046890928	3.37277132328332e-09	topological descriptor; not therapeutic evidence
panel30	RPA3	3	0.00163241850365643	0.166641139531322	5.70088854795119e-09	topological descriptor; not therapeutic evidence
panel30	PSMA2	39	0.00139812005231608	0.202720327929942	8.7689332700141e-07	topological descriptor; not therapeutic evidence
panel30	ACTA2	3	0.000612558463798133	0.120167881599293	6.77691683485452e-12	topological descriptor; not therapeutic evidence
panel30	RPS6KB1	2	0.00980833163638284	0.194043160335295	1.74809513608567e-07	topological descriptor; not therapeutic evidence
panel30	CCL2	6	0.0145505197158088	0.166666666666667	1.6705213320444e-07	topological descriptor; not therapeutic evidence
panel30	CCL13	6	0.00110262403650836	0.143157894736842	3.49283193729185e-09	topological descriptor; not therapeutic evidence
panel30	KAT2A	5	0.00345137343927567	0.197065748958522	2.23069274255851e-07	topological descriptor; not therapeutic evidence
panel30	COL1A1	7	0.0124062553893299	0.191481872580077	8.44340877443393e-06	topological descriptor; not therapeutic evidence
panel30	NFKB1	7	0.00983184521638607	0.237554585152838	0.000417234969558263	topological descriptor; not therapeutic evidence
panel30	CCND1	1	0	0.150255489573263	1.73830503943058e-09	topological descriptor; not therapeutic evidence
panel30	IL10RA	1	0	1	3.78966578666225e-17	topological descriptor; not therapeutic evidence
panel30	IL23A	1	0	1	3.63807915519576e-17	topological descriptor; not therapeutic evidence
panel30	MYL2	1	0	0.666666666666667	3.48649252372927e-17	topological descriptor; not therapeutic evidence
panel30	GNB3	2	0	0.143007360672976	3.4087886919498e-09	topological descriptor; not therapeutic evidence
panel30	COX6A1	19	4.2599495358039e-06	0.154765291607397	0.290511776183243	topological descriptor; not therapeutic evidence
panel30	FBXO5	3	0.00147757141225479	0.192566371681416	3.07376868031958e-07	topological descriptor; not therapeutic evidence
panel30	MAPK14	2	0.0010482157504637	0.186620926243568	7.99491680079101e-06	topological descriptor; not therapeutic evidence
panel30	HLA-DOA	5	8.1818144894045e-07	0.131084337349398	1.5591555517401e-09	topological descriptor; not therapeutic evidence
panel30	LAMA4	2	0.00122624502789792	0.136340852130326	2.67394600766801e-10	topological descriptor; not therapeutic evidence
panel30	LOX	1	0	0.189151599443672	8.24237444009107e-06	topological descriptor; not therapeutic evidence
panel30	SKP1	3	0.00143633811760415	0.156276931916116	4.31430445630652e-09	topological descriptor; not therapeutic evidence
panel30	NPRL2	11	0.00437628445752117	0.137373737373737	1.52950135026135e-10	topological descriptor; not therapeutic evidence
panel30	GNB4	1	0	1	4.09283904959523e-17	topological descriptor; not therapeutic evidence
panel30	NDUFS7	51	1.63652328813012e-06	0.182183523107837	0.979801314323075	topological descriptor; not therapeutic evidence
panel30	ORC2	5	0.00160618503132139	0.166335422718239	8.29605173322868e-09	topological descriptor; not therapeutic evidence
panel30	PPP3R1	3	3.94835105578907e-06	0.5	9.0951978879894e-17	topological descriptor; not therapeutic evidence
panel30	MAD2L2	1	0	0.143820224719101	6.9403730027381e-11	topological descriptor; not therapeutic evidence
panel30	CTSD	1	0	0.136289615432795	1.44434486179301e-10	topological descriptor; not therapeutic evidence
panel30	FZD3	1	0	0.118933100131176	2.51868767513146e-13	topological descriptor; not therapeutic evidence
panel30	ACVR2A	3	3.76033433884674e-07	0.135475034242311	1.5875130084117e-10	topological descriptor; not therapeutic evidence
panel30	FLT3	2	0.00122624502789792	0.153846153846154	3.62666839420294e-08	topological descriptor; not therapeutic evidence
panel30	INHBA	2	0.00122624502789792	0.135491905354919	7.77565627050896e-11	topological descriptor; not therapeutic evidence
panel30	ACVR1C	1	0	0.184908225696805	1.94344910340589e-07	topological descriptor; not therapeutic evidence
panel30	PLCG1	2	0.000797297972223663	0.188561525129983	7.71474929763224e-07	topological descriptor; not therapeutic evidence
panel30	EREG	1	0	0.205671077504726	9.55232019273732e-06	topological descriptor; not therapeutic evidence
panel30	IRF1	2	0.00161309818385184	0.198648895380683	9.63573097689836e-06	topological descriptor; not therapeutic evidence
panel30	FOSB	4	0	0.145240955813643	1.17975210161468e-08	topological descriptor; not therapeutic evidence
panel30	VASP	4	0.00189346922442046	0.175625504439064	1.89093059200747e-07	topological descriptor; not therapeutic evidence
panel30	CDC25B	3	0.00228301063625072	0.200663961637772	2.0321300837588e-06	topological descriptor; not therapeutic evidence
panel30	RRAS	2	0.00024733700854686	0.17408	1.70925006499932e-07	topological descriptor; not therapeutic evidence
panel30	CANX	4	0.000380441931090965	0.175483870967742	8.34561749247094e-06	topological descriptor; not therapeutic evidence
panel30	TRAF2	17	0.0169590550786768	0.223408624229979	2.67400825311652e-06	topological descriptor; not therapeutic evidence
panel30	TICAM1	2	0.000126995106381433	0.194216351303106	2.93235987725032e-08	topological descriptor; not therapeutic evidence
panel30	HSPB1	5	0.00164184466376025	0.186461011139674	7.12624320882393e-07	topological descriptor; not therapeutic evidence
panel30	GNG11	1	0	0.142988566171639	3.33936556792879e-09	topological descriptor; not therapeutic evidence
panel30	YWHAH	7	0.00165404678632382	0.195930127858815	2.61828912074726e-07	topological descriptor; not therapeutic evidence
panel30	RAC2	6	0.00531469064621272	0.16420162994265	2.85773313706474e-08	topological descriptor; not therapeutic evidence
panel30	LIF	1	0	0.119311327996491	1.49343599533081e-10	topological descriptor; not therapeutic evidence
panel30	ATP1B2	1	0	0.666666666666667	3.33490589226278e-17	topological descriptor; not therapeutic evidence
panel30	PARP2	1	0	0.151132101680789	6.30719990268692e-09	topological descriptor; not therapeutic evidence
panel30	EGLN3	1	0	0.138053546504251	7.85928782778207e-11	topological descriptor; not therapeutic evidence
panel30	MED17	3	0	0.150276243093923	1.75030558926278e-07	topological descriptor; not therapeutic evidence
panel30	NDUFA2	52	0.00105508603064625	0.19020979020979	0.984456751466616	topological descriptor; not therapeutic evidence
panel30	COLGALT1	3	0.00367422268248715	0.160875351175514	1.68787031366162e-07	topological descriptor; not therapeutic evidence
panel30	ACTN4	4	0.00304896892217261	0.184782608695652	2.33089586140559e-07	topological descriptor; not therapeutic evidence
panel30	NDUFA10	50	0.000103289372371758	0.182183523107837	0.953537138815778	topological descriptor; not therapeutic evidence
panel30	JUND	7	0.00853915523337011	0.169761273209549	5.55012035647677e-07	topological descriptor; not therapeutic evidence
panel30	LAMA5	3	0.00367196648188384	0.157248157248157	1.29889890775179e-08	topological descriptor; not therapeutic evidence
panel30	SESN2	1	0	0.119863390988212	8.36532341614139e-13	topological descriptor; not therapeutic evidence
panel30	ATP6V1E1	10	0.00160785995371522	0.101171657057839	2.01307046587499e-15	topological descriptor; not therapeutic evidence
panel30	RPA1	6	0.00240610579978583	0.168473211520595	2.60094640796487e-07	topological descriptor; not therapeutic evidence
panel30	JAG1	2	0.00122624502789792	0.124442411071715	2.85880260015283e-13	topological descriptor; not therapeutic evidence
panel30	CCNA1	4	0.00188544921016463	0.181757434012696	2.00488832437073e-06	topological descriptor; not therapeutic evidence
panel30	KRAS	8	0.018940539202849	0.198034219148162	9.54040772852481e-06	topological descriptor; not therapeutic evidence
panel30	EIF2S1	1	0	1	3.63807915519576e-17	topological descriptor; not therapeutic evidence
panel30	CCNB1	7	0.00181230414482917	0.186078330767915	4.26631513766972e-06	topological descriptor; not therapeutic evidence
panel30	CDK7	2	0	0.118209474141678	2.32421039454201e-10	topological descriptor; not therapeutic evidence
panel30	VHL	10	0.0202545373215976	0.233877901977644	9.65259224509422e-06	topological descriptor; not therapeutic evidence
panel30	LAMTOR5	10	0.00715981223605551	0.157978800638885	1.84257722211616e-09	topological descriptor; not therapeutic evidence
panel30	NOTCH2	1	0	0.182000669120107	2.72221982353084e-08	topological descriptor; not therapeutic evidence
panel30	PDGFRA	3	0.00398531158804064	0.212003117692907	0.000408462533730338	topological descriptor; not therapeutic evidence
panel30	APC	8	0.00726186259817251	0.213249705997648	1.15074161253605e-06	topological descriptor; not therapeutic evidence
panel30	ADAM19	1	0	0.666666666666667	3.63807915519576e-17	topological descriptor; not therapeutic evidence
panel30	HRK	1	0	0.16258218768679	8.81162220559576e-09	topological descriptor; not therapeutic evidence
panel30	ORC3	2	0.000847387835296232	0.162001191185229	5.07457549484356e-09	topological descriptor; not therapeutic evidence
panel30	CDK4	4	0.00532766363973904	0.196673897324657	2.10609747862112e-07	topological descriptor; not therapeutic evidence
panel30	ESPL1	2	0	0.163658243080626	1.33462232514028e-07	topological descriptor; not therapeutic evidence
panel30	HTRA2	3	0	0.188137644821027	7.00315782074007e-08	topological descriptor; not therapeutic evidence
panel30	MDM2	4	0.0022042062645188	0.201930215293244	4.80286730408462e-07	topological descriptor; not therapeutic evidence
panel30	LAMC1	7	0.0096621021338056	0.186269474405068	6.3663962280675e-07	topological descriptor; not therapeutic evidence
panel30	WNT10A	2	0.00244045698591153	0.134903905765654	1.25930199965545e-11	topological descriptor; not therapeutic evidence
panel30	CAB39	1	0	0.666666666666667	3.63807915519576e-17	topological descriptor; not therapeutic evidence
panel30	COX5B	57	0.000970853655944009	0.182366744887697	0.996653983260958	topological descriptor; not therapeutic evidence
panel30	MED4	4	0.000276484610485519	0.130816400144283	3.81883224299559e-09	topological descriptor; not therapeutic evidence
panel30	HUS1	1	0	0.141814389989572	4.89316777320275e-08	topological descriptor; not therapeutic evidence
panel30	SRSF1	2	0	0.155940948831876	1.66254884241261e-07	topological descriptor; not therapeutic evidence
panel30	BRIP1	6	0.00179130204438352	0.192532295168997	0.00485806972468861	topological descriptor; not therapeutic evidence
panel30	NDUFB5	51	0.000222904197831708	0.182214034500084	0.955537291041524	topological descriptor; not therapeutic evidence
panel30	TANK	4	0.000213966722962116	0.198721461187215	1.90720390476181e-07	topological descriptor; not therapeutic evidence
panel30	STX17	4	0.0085431035844259	0.161952962191128	2.45026686617157e-10	topological descriptor; not therapeutic evidence
panel30	PSMB7	37	0.000807812615526138	0.202644812814304	8.76713196874031e-07	topological descriptor; not therapeutic evidence
panel30	CCL21	6	8.38017366942987e-07	0.125606095589933	1.59183377312037e-10	topological descriptor; not therapeutic evidence
panel30	RIPK1	9	0.00367258385596428	0.211961815702318	7.95095096673337e-07	topological descriptor; not therapeutic evidence
panel30	HLA-F	8	0.000629422329268436	0.153412295544275	5.6295664065182e-07	topological descriptor; not therapeutic evidence
panel30	TLR2	5	0.00141021737437576	0.166692201624023	8.4391606216014e-09	topological descriptor; not therapeutic evidence
panel30	MMP7	1	0	0.137808739708676	3.44140705631691e-09	topological descriptor; not therapeutic evidence
panel30	THBS1	5	0.0022521040576262	0.197890141869771	9.19365282789712e-06	topological descriptor; not therapeutic evidence
panel30	ADAM10	1	0	0.150650789255054	3.94215578046857e-09	topological descriptor; not therapeutic evidence
panel30	TOPBP1	8	0.00267486423165651	0.191246264721392	0.000111620858223071	topological descriptor; not therapeutic evidence
panel30	BARD1	6	0.00496084325069884	0.205632205632206	0.000199032221748722	topological descriptor; not therapeutic evidence
panel30	ITGAV	8	0.00178819072034192	0.208869264734114	1.80530688976246e-05	topological descriptor; not therapeutic evidence
panel30	COL8A1	1	0	1	3.94125241812874e-17	topological descriptor; not therapeutic evidence
panel30	PSMC1	19	2.397802778547e-05	0.181575433911883	4.92339836035219e-07	topological descriptor; not therapeutic evidence
panel30	LRP6	6	0.0158519759606612	0.183939137785292	3.151260490303e-08	topological descriptor; not therapeutic evidence
panel30	LMNB1	1	0	0.666666666666667	3.48649252372927e-17	topological descriptor; not therapeutic evidence
panel30	PPP2R5A	4	4.88843464050076e-06	0.521739130434783	1.5765009672515e-16	topological descriptor; not therapeutic evidence
panel30	TRAF5	2	0.000246423988501856	0.189646156527802	1.73882227417863e-07	topological descriptor; not therapeutic evidence
panel30	PSMA6	40	0.00139389794887132	0.200700977679395	8.34146991650132e-07	topological descriptor; not therapeutic evidence
panel30	PALB2	16	0.0209687660152316	0.202795899347624	0.23772521575632	topological descriptor; not therapeutic evidence
panel30	LPIN2	2	1.12810030165402e-06	1	7.88250483625748e-17	topological descriptor; not therapeutic evidence
panel30	NDC80	6	0.00394911657751675	0.174582798459564	4.25752701401142e-06	topological descriptor; not therapeutic evidence
panel30	PSMD11	15	0.000304643436022704	0.171446580523164	2.12791666371717e-07	topological descriptor; not therapeutic evidence
panel30	TAOK1	1	0	1	3.78966578666225e-17	topological descriptor; not therapeutic evidence
panel30	CDH1	5	0.00127065156656736	0.207792207792208	1.01586095503231e-05	topological descriptor; not therapeutic evidence
panel30	CSNK1A1	1	0	0.194982078853047	7.61829772201956e-07	topological descriptor; not therapeutic evidence
panel30	PDGFRB	2	0.00122624502789792	0.170452765157449	1.83532412895476e-07	topological descriptor; not therapeutic evidence
panel30	ANAPC5	5	9.5468360273298e-05	0.168447128038396	2.05093371726167e-06	topological descriptor; not therapeutic evidence
panel30	GNB5	1	0	0.12514377731769	6.67286034327098e-11	topological descriptor; not therapeutic evidence
panel30	LOXL1	1	0	0.124799265886671	4.05263277233559e-10	topological descriptor; not therapeutic evidence
panel30	FLT4	3	0.00122624502789792	0.170479473519273	1.87273116870188e-07	topological descriptor; not therapeutic evidence
panel30	PIK3C3	5	0.00206293665804058	0.172043010752688	1.93582832149898e-09	topological descriptor; not therapeutic evidence
panel30	MCM4	16	0.00468756478117841	0.193113241036564	2.53786339274336e-07	topological descriptor; not therapeutic evidence
panel30	RBL2	8	0.00346969701354469	0.193870277975766	2.19405969733026e-06	topological descriptor; not therapeutic evidence
panel30	WIPI1	1	0	1	3.78966578666225e-17	topological descriptor; not therapeutic evidence
panel30	WDR59	2	0	0.12082176568573	3.11743364729569e-12	topological descriptor; not therapeutic evidence
panel30	SMAD7	6	0.00371043837217089	0.191887125220459	2.15605177990882e-07	topological descriptor; not therapeutic evidence
panel30	SMAD2	13	0.0185291876571182	0.210282180131426	1.05994341647231e-05	topological descriptor; not therapeutic evidence
panel30	RHEB	3	0.00151150591815008	0.162001191185229	1.87515812487903e-09	topological descriptor; not therapeutic evidence
panel30	PSMB1	39	0.00114772707148324	0.202720327929942	8.85927628683176e-07	topological descriptor; not therapeutic evidence
panel30	ELOB	10	0.00829347411851027	0.232329703181721	9.99706983307814e-06	topological descriptor; not therapeutic evidence
panel30	TELO2	4	0.0123621441657447	0.189217391304348	2.26677488129428e-06	topological descriptor; not therapeutic evidence
panel30	AXIN1	7	0.00620668173406834	0.196958725561188	2.12276345265422e-07	topological descriptor; not therapeutic evidence
panel30	CREBBP	18	0.0116472343768098	0.226148409893993	2.98183667387722e-05	topological descriptor; not therapeutic evidence
panel30	TRAF4	1	0	0.158901708777567	1.67809644299114e-07	topological descriptor; not therapeutic evidence
panel30	ITGA2B	2	0.000647466015979422	0.203859846355631	1.02332020821658e-05	topological descriptor; not therapeutic evidence
panel30	SMURF2	4	0.00363495492883554	0.207198628832603	3.50775601757965e-07	topological descriptor; not therapeutic evidence
panel30	CSNK2A2	2	0.00245023385519253	0.156119959822069	1.63035717179636e-07	topological descriptor; not therapeutic evidence
panel30	CCNE1	3	0.000214455905871904	0.171825647504738	4.86176841698644e-08	topological descriptor; not therapeutic evidence
panel30	PHLPP1	1	0	0.127400468384075	3.40265298959778e-12	topological descriptor; not therapeutic evidence
panel30	PIK3R3	3	0.000174374457952758	0.178712220762155	6.67092671390154e-08	topological descriptor; not therapeutic evidence
panel30	TIMP2	4	0.00244948178832476	0.159811985898942	1.72290581818324e-07	topological descriptor; not therapeutic evidence
panel30	RRAGB	4	0.000538834313858732	0.15609756097561	1.69838227616364e-09	topological descriptor; not therapeutic evidence
panel30	E2F3	2	2.91864280010977e-05	0.167307396586191	4.64427345221503e-08	topological descriptor; not therapeutic evidence
panel30	MAP2K2	3	0.00367196648188384	0.18563385087869	8.16966352115639e-06	topological descriptor; not therapeutic evidence
panel30	MAPK3	3	0.00245136195549419	0.15668202764977	1.6331473106245e-07	topological descriptor; not therapeutic evidence
panel30	MAP3K8	1	0	0.197065748958522	8.33938816841144e-06	topological descriptor; not therapeutic evidence
panel30	PRKCQ	3	0.000454863842628488	0.181878970244066	3.48819068388251e-08	topological descriptor; not therapeutic evidence
panel30	EP300	24	0.038844930819621	0.241563055062167	0.00043982972952581	topological descriptor; not therapeutic evidence
panel30	IL27RA	2	0	0.152658902764136	3.5125899238032e-07	topological descriptor; not therapeutic evidence
panel30	PPP1R12C	2	0	0.129570084554007	8.63329886959438e-11	topological descriptor; not therapeutic evidence
panel30	BIRC3	9	0.00603097152625359	0.211961815702318	8.38527958373439e-06	topological descriptor; not therapeutic evidence
panel30	POLD3	4	0.00126076050623436	0.15645671555939	1.57541768673878e-09	topological descriptor; not therapeutic evidence
panel30	EPAS1	3	0.00245136195549419	0.160141301148072	3.93467198182213e-09	topological descriptor; not therapeutic evidence
panel30	KAT2B	2	0.000863728311807705	0.182887880316019	4.49546629703366e-07	topological descriptor; not therapeutic evidence
panel30	NDUFS3	53	0.00117504747498013	0.190243049484176	0.985972180741875	topological descriptor; not therapeutic evidence
panel30	IL7	2	0	0.155096222380613	7.36263725181987e-07	topological descriptor; not therapeutic evidence
panel30	STAM2	3	0.0140401611964699	0.23021582733813	9.7156573327651e-06	topological descriptor; not therapeutic evidence
panel30	KDR	11	0.0158712727524636	0.205360513401284	9.18469971398997e-06	topological descriptor; not therapeutic evidence
panel30	PIK3CA	8	0.00517935105431249	0.218342364037728	2.92220881031839e-05	topological descriptor; not therapeutic evidence
panel30	SLC9A1	2	0.00122624502789792	0.111406921974196	1.52300301327434e-12	topological descriptor; not therapeutic evidence
panel30	ATF2	7	0.0081948579119424	0.203783480052444	1.77910042832177e-05	topological descriptor; not therapeutic evidence
panel30	LAMC2	2	0.00245023385519253	0.135966008497876	2.59551390217152e-10	topological descriptor; not therapeutic evidence
panel30	MCM6	15	0.00258607107872187	0.189448023681003	2.50913720316722e-07	topological descriptor; not therapeutic evidence
panel30	NID1	3	0.000133740962741155	0.168682170542636	1.85090416792038e-07	topological descriptor; not therapeutic evidence
panel30	CD80	2	0.00122624502789792	0.152466367713004	1.75747948401795e-07	topological descriptor; not therapeutic evidence
panel30	YWHAE	1	0	0.137983512999366	1.1163904588865e-10	topological descriptor; not therapeutic evidence
panel30	RAPGEF2	1	0	0.127894674973551	1.10831944091535e-11	topological descriptor; not therapeutic evidence
panel30	FNIP2	6	0.000750346882765613	0.136580466984685	1.0952393639767e-10	topological descriptor; not therapeutic evidence
panel30	FGF2	5	0.00527889800958936	0.183535762483131	8.35593764314926e-06	topological descriptor; not therapeutic evidence
panel30	WNT5A	3	0.00122944131208594	0.106426684926147	1.01744947040308e-14	topological descriptor; not therapeutic evidence
panel30	THRA	5	0.00437165650139565	0.1678753278815	5.7028214742012e-07	topological descriptor; not therapeutic evidence
panel30	PSMD3	30	0.000898024391908914	0.203592814371258	2.63188786781384e-06	topological descriptor; not therapeutic evidence
panel30	ATP6V0A1	5	0.000822311866639435	0.101115241635688	1.78265878604592e-15	topological descriptor; not therapeutic evidence
panel30	STAT3	31	0.168853460070966	0.263629755270172	0.0199589151751528	topological descriptor; not therapeutic evidence
panel30	ITGA9	1	0	0.184813996942416	6.07010984297247e-07	topological descriptor; not therapeutic evidence
panel30	ICAM1	5	0.00296634253889099	0.208509007282484	9.8010861688516e-06	topological descriptor; not therapeutic evidence
panel30	SDHA	4	0.00261244261495823	0.160094173042966	0.0198372087102184	topological descriptor; not therapeutic evidence
panel30	ZAP70	6	0.00338180905533637	0.188659615051153	9.94148663467455e-07	topological descriptor; not therapeutic evidence
panel30	MCM2	15	0.00343803759639238	0.190010478519036	2.55786002496878e-07	topological descriptor; not therapeutic evidence
panel30	VCAN	1	0	0.139379964130156	1.01040894456769e-08	topological descriptor; not therapeutic evidence
panel30	FBXW11	6	0.00555015087741632	0.220958570268075	8.79555637219247e-06	topological descriptor; not therapeutic evidence
panel30	TNC	1	0	0.13989970425614	1.39682533297426e-11	topological descriptor; not therapeutic evidence
panel30	CASP6	3	0	0.163167366526695	1.44824109783237e-08	topological descriptor; not therapeutic evidence
panel30	EGF	2	0	0.179419525065963	1.12280525773302e-06	topological descriptor; not therapeutic evidence
panel30	NBN	6	0.000479440583464313	0.182336182336182	0.000101856795696965	topological descriptor; not therapeutic evidence
panel30	POLA2	4	4.67948834827715e-06	0.151679910776523	7.27541602097455e-10	topological descriptor; not therapeutic evidence
panel30	TCIRG1	6	6.90424244143252e-06	0.0920006764755623	2.30411679829065e-16	topological descriptor; not therapeutic evidence
panel30	DBF4	5	2.70828290551233e-05	0.168891648556349	1.1296449902095e-08	topological descriptor; not therapeutic evidence
panel30	CDK6	2	0	0.164400120882442	4.29255208695954e-09	topological descriptor; not therapeutic evidence
panel30	MAPKAP1	1	0	1	3.94125241812874e-17	topological descriptor; not therapeutic evidence
panel30	DAXX	4	0.00211864599346076	0.183845893883069	2.68819931880934e-07	topological descriptor; not therapeutic evidence
panel30	CACNA1C	2	0.00122624502789792	0.0912904849807015	7.06393702633843e-16	topological descriptor; not therapeutic evidence
panel30	NDUFA9	51	0.000103616357422008	0.182214034500084	0.970870122847093	topological descriptor; not therapeutic evidence
panel30	CDK2	14	0.00827747634505071	0.188823325234294	1.52909270520309e-07	topological descriptor; not therapeutic evidence
panel30	ITGB7	3	0.000647466015979422	0.203936269915651	1.04614391220326e-05	topological descriptor; not therapeutic evidence
panel30	ERBB3	8	0.00183589914028228	0.214342001576044	2.82625579138318e-05	topological descriptor; not therapeutic evidence
panel30	RB1	10	0.00734651298727594	0.195648264700593	2.09123308776443e-06	topological descriptor; not therapeutic evidence
panel30	VPS33A	2	0.000408372309198765	0.122508726494764	1.00101747955211e-13	topological descriptor; not therapeutic evidence
panel30	PXN	8	0.00901058051571805	0.212251268045259	9.22523544164278e-06	topological descriptor; not therapeutic evidence
panel30	BCL2A1	2	3.76033433884674e-07	0.151111111111111	7.27094340284195e-09	topological descriptor; not therapeutic evidence
panel30	UQCRC2	22	0.00110208728655865	0.160780257130191	0.338682940423651	topological descriptor; not therapeutic evidence
panel30	NDUFB10	52	0.00105508603064625	0.19020979020979	0.984456751466616	topological descriptor; not therapeutic evidence
panel30	NCOR1	7	0.00481319875947172	0.215275029679462	8.4307075882685e-06	topological descriptor; not therapeutic evidence
panel30	TP53	9	0.0140234650045531	0.215062265269816	1.25239894003917e-05	topological descriptor; not therapeutic evidence
panel30	ERBB2	9	0.00100578041784814	0.213752455795678	2.7949558105978e-05	topological descriptor; not therapeutic evidence
panel30	IFNAR1	4	0.000889133649318453	0.215530903328051	0.000418275766687452	topological descriptor; not therapeutic evidence
panel30	ECSIT	4	0	0.180401260155861	0.0773838718720999	topological descriptor; not therapeutic evidence
panel30	PSMB6	36	0.000694439118634037	0.202607076350093	8.727313062386e-07	topological descriptor; not therapeutic evidence
panel30	PSMA5	39	0.00118677133751741	0.200663961637772	8.30947373503674e-07	topological descriptor; not therapeutic evidence
panel30	ATP6V1C2	5	0.00151853858340212	0.101115241635688	1.7705318555286e-15	topological descriptor; not therapeutic evidence
panel30	RPS27A	30	0.0283294658631341	0.234685073339085	4.9664792007832e-06	topological descriptor; not therapeutic evidence
panel30	LIMD1	3	0.00285426029051011	0.192192192192192	1.97479164798445e-07	topological descriptor; not therapeutic evidence
panel30	ATP6V1A	7	0.000448238445984506	0.0920084566596194	3.27427123967618e-16	topological descriptor; not therapeutic evidence
panel30	FTH1	1	0	1	3.78966578666225e-17	topological descriptor; not therapeutic evidence
panel30	NDUFS6	52	0.00105508603064625	0.19020979020979	0.984456751466616	topological descriptor; not therapeutic evidence
panel30	OSMR	3	0.0073236271583379	0.185159972770592	1.87098064455968e-05	topological descriptor; not therapeutic evidence
panel30	RASA1	4	0.00136129494911981	0.210893584027912	9.96997418347835e-06	topological descriptor; not therapeutic evidence
panel30	SCUBE3	1	0	0.138740117317011	8.60561066183724e-11	topological descriptor; not therapeutic evidence
panel30	GNA12	4	0.00245136195549419	0.14308258811152	3.41151100897871e-09	topological descriptor; not therapeutic evidence
panel30	EGFR	34	0.0765100549104851	0.258862717106828	0.000478227303671534	topological descriptor; not therapeutic evidence
panel30	CDCA5	1	0	0.16309398890721	4.82449980754578e-08	topological descriptor; not therapeutic evidence
panel30	NDUFB11	52	1.87662078018384e-05	0.182214034500084	0.981316743598334	topological descriptor; not therapeutic evidence
panel30	ATP6V1B2	8	0.00156863445743987	0.0920162381596752	4.00188707071533e-16	topological descriptor; not therapeutic evidence
panel30	TNFRSF10B	4	0.000154957632686476	0.177981351218714	1.82099736138753e-08	topological descriptor; not therapeutic evidence
panel30	NDUFB9	52	0.000104223103537133	0.182244556113903	0.986433833871814	topological descriptor; not therapeutic evidence
panel30	CDKN2B	1	0	0.169364881693649	1.67011808392498e-07	topological descriptor; not therapeutic evidence
panel30	NRBF2	2	0	0.179449117598549	9.22843674037565e-09	topological descriptor; not therapeutic evidence
panel30	PAK1	1	0	0.180132450331126	1.99082764207474e-06	topological descriptor; not therapeutic evidence
panel30	ATM	9	0.022555294909503	0.214342001576044	0.000113247164166105	topological descriptor; not therapeutic evidence
panel30	LAMTOR1	11	0.0280858324195371	0.1432144267474	1.97907819455772e-10	topological descriptor; not therapeutic evidence
panel30	MYL9	1	0	1	3.78966578666225e-17	topological descriptor; not therapeutic evidence
panel30	CTF1	1	0	0.119311327996491	1.49343601048948e-10	topological descriptor; not therapeutic evidence
panel30	NDUFC2	50	6.59882027364571e-07	0.182153021932027	0.967633296019606	topological descriptor; not therapeutic evidence
panel30	SLC25A4	4	0.00101867457239356	0.15013108872637	9.37113285228743e-11	topological descriptor; not therapeutic evidence
panel30	MED13L	5	1.32954678409224e-06	0.1503800967519	1.82325993556629e-07	topological descriptor; not therapeutic evidence
panel30	TCF7L1	1	0	0.194982078853047	7.61829772197408e-07	topological descriptor; not therapeutic evidence
panel30	ATG10	1	0	0.156772334293948	5.60088992134963e-10	topological descriptor; not therapeutic evidence
panel30	FLT1	3	0.00122624502789792	0.17061314097538	3.50504164314451e-07	topological descriptor; not therapeutic evidence
panel30	NIPBL	8	0	0.154413851830826	2.3627056430712e-06	topological descriptor; not therapeutic evidence
panel30	ITGB6	4	0.000961330013449162	0.206529992406986	1.06514782503962e-05	topological descriptor; not therapeutic evidence
panel30	ATG3	5	0.00136332297269468	0.167461905494844	8.95813264947087e-10	topological descriptor; not therapeutic evidence
panel30	LY96	2	0.000112558277603511	0.171473601260835	4.60278726172146e-09	topological descriptor; not therapeutic evidence
panel30	APP	3	0.0013613387595905	0.207356584715075	9.73669777810469e-06	topological descriptor; not therapeutic evidence
panel30	FLCN	4	0.000477703105614951	0.136529050069017	7.28616787884051e-11	topological descriptor; not therapeutic evidence
panel30	CASP10	2	0	0.163142899985005	1.09131071052986e-08	topological descriptor; not therapeutic evidence
panel30	CSF1R	2	0.00122624502789792	0.153846153846154	3.62666839359659e-08	topological descriptor; not therapeutic evidence
panel30	GDF6	1	0	1	3.94125241812874e-17	topological descriptor; not therapeutic evidence
panel30	BUB1B	10	0.00447194090293514	0.194982078853047	0.000101913426402576	topological descriptor; not therapeutic evidence
panel30	ZFYVE9	3	0.0109640068317754	0.174275188210796	2.11886854172456e-07	topological descriptor; not therapeutic evidence
panel30	PPARG	1	0	1	3.94125241812874e-17	topological descriptor; not therapeutic evidence
panel30	KIT	4	0.0021508358549416	0.198648895380683	1.80431257707847e-05	topological descriptor; not therapeutic evidence
panel30	CCNB2	4	0.0015410501563579	0.17201581027668	1.36570997667676e-07	topological descriptor; not therapeutic evidence
panel30	WIPI2	1	0	0.666666666666667	3.78966578666225e-17	topological descriptor; not therapeutic evidence
panel30	SMAD6	2	0	0.186429061000685	1.98651501975102e-07	topological descriptor; not therapeutic evidence
panel30	WNT4	4	0.00428001254447535	0.134970847289418	1.2608187754899e-11	topological descriptor; not therapeutic evidence
panel30	ACTC1	3	0.00367196648188384	0.136511919698871	3.32226581068062e-10	topological descriptor; not therapeutic evidence
panel30	RFX5	1	0	1	3.63807915519576e-17	topological descriptor; not therapeutic evidence
panel30	PSMB4	39	0.00151919208917396	0.202720327929942	8.83517555885477e-07	topological descriptor; not therapeutic evidence
panel30	ATP6V0D1	10	0.0241022604658968	0.11229229022603	7.95526641936139e-14	topological descriptor; not therapeutic evidence
panel30	TNFRSF13C	1	0	1	4.09283904959523e-17	topological descriptor; not therapeutic evidence
panel30	MED27	6	0.000671427936337142	0.15042167841836	1.82479077791253e-07	topological descriptor; not therapeutic evidence
panel30	FGFR4	1	0	1	4.09283904959523e-17	topological descriptor; not therapeutic evidence
panel30	COX7A1	42	0.000164358483983337	0.181909379702391	0.794745251034932	topological descriptor; not therapeutic evidence
panel30	BAX	8	0.0039138601956894	0.191515578243267	5.59511391733892e-07	topological descriptor; not therapeutic evidence
panel30	STAT5B	5	0.00184821863661271	0.219045701630763	0.000418539533131803	topological descriptor; not therapeutic evidence
panel30	PSME3	2	0	0.147926580557444	1.61494849457495e-08	topological descriptor; not therapeutic evidence
panel30	ITGA5	1	0	0.145649263721553	3.6659562899193e-09	topological descriptor; not therapeutic evidence
panel30	WDR24	2	0.000576543603669022	0.141133739784667	1.46876580161285e-10	topological descriptor; not therapeutic evidence
panel30	VCAM1	2	0	0.184876805437553	8.35248024160991e-07	topological descriptor; not therapeutic evidence
panel30	NCSTN	1	0	0.168813033359193	1.98218380732791e-08	topological descriptor; not therapeutic evidence
panel30	CAPN2	2	0	0.666666666666667	6.97298504745854e-17	topological descriptor; not therapeutic evidence
panel30	INHBB	1	0	0.135458167330677	7.77255056360347e-11	topological descriptor; not therapeutic evidence
panel30	PRKCI	2	3.71608122672485e-05	0.168656022322121	1.95506265832825e-08	topological descriptor; not therapeutic evidence
panel30	WDFY3	4	0.00264680322064164	0.199085086916743	2.98409933595683e-08	topological descriptor; not therapeutic evidence
panel30	CXCL3	3	0	0.111773166221492	4.64607568326059e-12	topological descriptor; not therapeutic evidence
panel30	CXCL5	4	0.000828401654847945	0.125635103926097	7.15804503888546e-11	topological descriptor; not therapeutic evidence
panel30	ITGB5	1	0	0.180132450331126	1.99082764206716e-06	topological descriptor; not therapeutic evidence
panel30	RUBCN	1	0	0.166717744406987	7.11941124554734e-10	topological descriptor; not therapeutic evidence
panel30	MAD2L1	7	0.000796326495560401	0.171473601260835	4.30495415817572e-06	topological descriptor; not therapeutic evidence
panel30	IL15	3	0	0.177025707777416	9.29981664233625e-06	topological descriptor; not therapeutic evidence
panel30	ITGA2	2	0	0.18484539585457	6.19636912553959e-07	topological descriptor; not therapeutic evidence
panel30	NDUFS4	52	0.000204099946785923	0.182244556113903	0.975962608768624	topological descriptor; not therapeutic evidence
panel30	RICTOR	5	0.0176839948101058	0.189184489653973	1.06144035203239e-07	topological descriptor; not therapeutic evidence
panel30	TLR3	5	0.00181958522951876	0.208429118773946	2.28996877691942e-07	topological descriptor; not therapeutic evidence
panel30	CSF2	3	8.40560668944551e-06	0.159811985898942	7.73594716896288e-07	topological descriptor; not therapeutic evidence
panel30	COL1A2	3	0.00245023385519253	0.160851567120047	1.72158456957902e-07	topological descriptor; not therapeutic evidence
panel30	RAD21	8	0	0.154413851830826	2.36270564305907e-06	topological descriptor; not therapeutic evidence
panel30	MED30	3	4.24663093552248e-05	0.133973648565448	4.23900154151647e-09	topological descriptor; not therapeutic evidence
panel30	ORC5	1	0	0.126379370426298	5.33674833634504e-12	topological descriptor; not therapeutic evidence
panel30	NOS3	1	0	0.142408376963351	3.80945372817753e-09	topological descriptor; not therapeutic evidence
panel30	TSC1	3	0.00372398745853374	0.170854271356784	8.52492602750488e-09	topological descriptor; not therapeutic evidence
panel30	WAPL	8	0	0.154413851830826	2.3627056430712e-06	topological descriptor; not therapeutic evidence
panel30	JAM3	2	0	0.164300815463606	1.56590109226446e-08	topological descriptor; not therapeutic evidence
panel30	NDUFB8	51	0.00101441727631404	0.190176542562489	0.968237142492981	topological descriptor; not therapeutic evidence
panel30	HSP90B1	5	7.52066867769347e-07	0.150713395207092	5.29055814321667e-07	topological descriptor; not therapeutic evidence
panel30	PPIB	4	0	0.150692520775623	3.65621331596954e-07	topological descriptor; not therapeutic evidence
panel30	PLK1	9	0.00764051541710471	0.20077505074737	0.000100155436541674	topological descriptor; not therapeutic evidence
panel30	STAT6	5	0.000365840119697991	0.210526315789474	0.000425916073154675	topological descriptor; not therapeutic evidence
panel30	PDIA3	8	0.0336162317770991	0.212375561194613	0.000399876103634053	topological descriptor; not therapeutic evidence
panel30	CRK	7	0.00662460066105376	0.218167234810507	1.92335742976536e-05	topological descriptor; not therapeutic evidence
panel30	MED1	10	0.00340005873520155	0.154589371980676	2.00585422333274e-07	topological descriptor; not therapeutic evidence
panel30	RAB8A	1	0	0.169233162233629	4.54426388499994e-09	topological descriptor; not therapeutic evidence
panel30	CDT1	11	0.000688456927747558	0.177806831181566	6.45600782204682e-08	topological descriptor; not therapeutic evidence
panel30	LIN37	7	0.00164333605447796	0.180431177446103	2.32918155733673e-07	topological descriptor; not therapeutic evidence
panel30	NDUFA7	50	1.30845585888669e-06	0.182153021932027	0.96358170534944	topological descriptor; not therapeutic evidence
panel30	BIRC5	2	0	0.168082805499768	9.74581449344216e-08	topological descriptor; not therapeutic evidence
panel30	FADD	4	0.00245612957947779	0.181333333333333	2.40836380516531e-08	topological descriptor; not therapeutic evidence
panel30	ATP6V1G2	4	3.15062298533373e-06	0.0919773438160453	1.63713561983809e-16	topological descriptor; not therapeutic evidence
panel30	MAP2K1	3	0.00107562909692393	0.186110160793705	8.1851671147776e-06	topological descriptor; not therapeutic evidence
panel30	BUB1	8	0.000442590783199271	0.175116690809593	4.47338750817724e-06	topological descriptor; not therapeutic evidence
panel30	AXIN2	2	0	0.19020979020979	1.84262555299727e-07	topological descriptor; not therapeutic evidence
panel30	HSPA4	4	0.00106768763518657	0.207554368561618	8.92564778169587e-06	topological descriptor; not therapeutic evidence
panel30	JUNB	5	2.82025075413505e-06	0.145260347129506	1.20193237637478e-08	topological descriptor; not therapeutic evidence
panel30	PDS5A	8	0	0.154413851830826	2.3627056430712e-06	topological descriptor; not therapeutic evidence
panel30	PPID	2	0	0.130596567038771	3.81692712646518e-12	topological descriptor; not therapeutic evidence
panel30	INSR	2	0.00033096089300125	0.185919343814081	8.23161066414459e-06	topological descriptor; not therapeutic evidence
panel30	CTRB2	1	0	1	3.78966578666225e-17	topological descriptor; not therapeutic evidence
panel30	CALML6	1	0	0.363636363636364	3.0317326293298e-17	topological descriptor; not therapeutic evidence
panel30	CTNNA1	4	0.000591696298979298	0.203098749299981	1.19308972568937e-06	topological descriptor; not therapeutic evidence
panel30	ATP6V1E2	5	2.87396981611858e-06	0.0919851200541089	1.5765009672515e-16	topological descriptor; not therapeutic evidence
panel30	IRS1	6	0.00442949149004829	0.207554368561618	2.52246808241899e-06	topological descriptor; not therapeutic evidence
panel30	GNB2	1	0	1	4.09283904959523e-17	topological descriptor; not therapeutic evidence
panel30	CEBPB	5	0.00046734493688951	0.203174603174603	9.2619081625496e-06	topological descriptor; not therapeutic evidence
panel30	FEN1	3	0	0.165828379820149	1.58452331985048e-09	topological descriptor; not therapeutic evidence
panel30	CXCL10	6	2.25620060330804e-07	0.125562608193883	2.24522175388676e-10	topological descriptor; not therapeutic evidence
panel30	SMAD1	7	0.000613314574669739	0.18723111340561	5.00602946659468e-07	topological descriptor; not therapeutic evidence
panel30	IL7R	4	0.000192048147145211	0.174779116465863	9.1305227191598e-06	topological descriptor; not therapeutic evidence
panel30	FOS	4	0	0.145240955813643	1.17975210161468e-08	topological descriptor; not therapeutic evidence
panel30	ITPR1	3	0.00219345604083376	0.175653858572812	1.67501426090595e-07	topological descriptor; not therapeutic evidence
panel30	YWHAG	7	0.00213375613089412	0.194216351303106	3.94576820473845e-07	topological descriptor; not therapeutic evidence
panel30	UQCRFS1	47	0.00112643198245045	0.182092050209205	0.828238020158893	topological descriptor; not therapeutic evidence
panel30	RAB33B	1	0	0.158508158508159	5.82342108212731e-10	topological descriptor; not therapeutic evidence
panel30	CXCL8	3	0.0311904692069981	0.198939477052478	8.34606430596977e-06	topological descriptor; not therapeutic evidence
panel30	GABARAP	9	0.0143048879291849	0.19273693534101	1.22521139590939e-08	topological descriptor; not therapeutic evidence
panel30	CXCL11	8	3.38456950027198e-05	0.125780346820809	2.94518781953851e-10	topological descriptor; not therapeutic evidence
panel30	EIF2AK3	1	0	0.149450549450549	1.67182671791105e-07	topological descriptor; not therapeutic evidence
panel30	PDHB	1	0	1	3.94125241812874e-17	topological descriptor; not therapeutic evidence
panel30	RPTOR	4	0.00070876401837903	0.157749746266493	2.64519264309581e-09	topological descriptor; not therapeutic evidence
panel30	MCM7	12	4.8666041875519e-05	0.169814265646949	2.82103644746166e-08	topological descriptor; not therapeutic evidence
panel30	CYCS	3	0	0.154413851830826	0.0426719727044201	topological descriptor; not therapeutic evidence
panel30	DST	2	0	0.157544164494642	4.43421428951812e-08	topological descriptor; not therapeutic evidence
panel30	RNASEH2C	2	1.12810030165402e-06	1	7.5793315733245e-17	topological descriptor; not therapeutic evidence
panel30	RGMB	2	0.00122624502789792	0.156569290545402	3.88969380894338e-09	topological descriptor; not therapeutic evidence
panel30	MLKL	3	0.00122624502789792	0.166106870229008	1.09218952644645e-08	topological descriptor; not therapeutic evidence
panel30	LEMD3	3	2.9446906150044e-05	0.176709436413838	4.32502084144549e-07	topological descriptor; not therapeutic evidence
panel30	RPS6KB2	1	0	0.171365569381005	1.75910874002825e-07	topological descriptor; not therapeutic evidence
panel30	GP6	1	0	0.188823325234294	8.39786917093192e-06	topological descriptor; not therapeutic evidence
panel30	CLCF1	1	0	0.106624852998824	2.98428449781447e-12	topological descriptor; not therapeutic evidence
panel30	VPS41	5	0.00387502453618159	0.139558748075936	5.00228607681107e-12	topological descriptor; not therapeutic evidence
panel30	PSMD1	12	7.51102679477335e-07	0.168996582789686	1.5898359740981e-07	topological descriptor; not therapeutic evidence
panel30	UQCRH	54	0.000434436848689113	0.18230563002681	0.988852301362868	topological descriptor; not therapeutic evidence
panel30	PRKACA	1	0	0.178302196001311	3.82381276294505e-07	topological descriptor; not therapeutic evidence
panel30	MAP3K11	1	0	0.124357069379358	1.92035856620377e-12	topological descriptor; not therapeutic evidence
panel30	PSMD2	10	2.74793663223415e-07	0.168944099378882	1.29762730013129e-07	topological descriptor; not therapeutic evidence
panel30	HSPA6	2	0.00053306554385883	0.169285825423993	1.86010665452106e-07	topological descriptor; not therapeutic evidence
panel30	PSMC5	31	0.0132476887529168	0.204703668861712	8.301494275391e-07	topological descriptor; not therapeutic evidence
panel30	CASP3	8	0.00178087748422329	0.18723111340561	3.48383891861628e-07	topological descriptor; not therapeutic evidence
panel30	RAD9A	7	0.00275742000728426	0.165223993925588	2.44971523361551e-06	topological descriptor; not therapeutic evidence
panel30	POLD4	4	0.00061304795514148	0.166106870229008	1.61537517698712e-09	topological descriptor; not therapeutic evidence
panel30	TLR8	2	1.12810030165402e-06	0.1503800967519	3.61895511613445e-09	topological descriptor; not therapeutic evidence
panel30	CFLAR	9	0.00179952241700939	0.192464178312401	7.71511840052943e-08	topological descriptor; not therapeutic evidence
panel30	NFYC	1	0	0.162996254681648	1.86609884071387e-07	topological descriptor; not therapeutic evidence
panel30	CD19	4	0.000756513467500557	0.191044776119403	8.64337939753429e-06	topological descriptor; not therapeutic evidence
panel30	PRKDC	4	0.0091237614585869	0.216431271135866	1.58020807783692e-05	topological descriptor; not therapeutic evidence
panel30	PDS5B	9	0.00736664915841338	0.179124135660191	9.78416539498885e-05	topological descriptor; not therapeutic evidence
panel30	AURKB	5	0.0012499586295065	0.18723111340561	2.46380670236811e-06	topological descriptor; not therapeutic evidence
panel30	ANAPC2	12	0.00960137296670277	0.199340417735434	9.79453048654731e-05	topological descriptor; not therapeutic evidence
panel30	PAK2	2	0	0.144277947221854	1.31878694343569e-09	topological descriptor; not therapeutic evidence
panel30	IL1RAP	3	0.00130838459351861	0.172370088719899	7.97982892290463e-09	topological descriptor; not therapeutic evidence
panel30	ITGA3	4	0.00240505597194204	0.197387518142235	8.89725968709831e-06	topological descriptor; not therapeutic evidence
panel30	STAT2	7	0.0150850681282355	0.212624584717608	0.000418048849535099	topological descriptor; not therapeutic evidence
panel30	NDUFS8	53	0.00488493964262979	0.190342897130861	0.984845228885639	topological descriptor; not therapeutic evidence
panel30	TLN1	5	0.00108558688861354	0.211961815702318	9.54456931315469e-06	topological descriptor; not therapeutic evidence
panel30	CYC1	57	0.0023765137803979	0.182397317686505	0.994092480421512	topological descriptor; not therapeutic evidence
panel30	MET	9	0.00987585945285644	0.230948843133093	0.000420084585705012	topological descriptor; not therapeutic evidence
panel30	COX5A	56	0.000772658161345317	0.182366744887697	0.996655125394723	topological descriptor; not therapeutic evidence
panel30	ROCK2	1	0	0.112084063047285	5.26833274196527e-13	topological descriptor; not therapeutic evidence
panel30	RUVBL1	1	0	0.163240810202551	1.52231930238889e-08	topological descriptor; not therapeutic evidence
panel30	BID	4	0.000686310233294546	0.177894048397646	1.8746157887794e-07	topological descriptor; not therapeutic evidence
panel30	CACNB2	5	0.00306279231899067	0.100433859503369	3.19180811215841e-14	topological descriptor; not therapeutic evidence
panel30	CALR	10	0.00189932235754951	0.17716984204527	9.03995478374953e-06	topological descriptor; not therapeutic evidence
panel30	COX8A	10	0	0.154523505183923	0.139367121734149	topological descriptor; not therapeutic evidence
panel30	LLGL1	1	0	0.141152049818371	3.06654677304555e-10	topological descriptor; not therapeutic evidence
panel30	POLE	12	0.00247103631182785	0.177285318559557	2.57184378063888e-08	topological descriptor; not therapeutic evidence
panel30	SMC1A	10	0.00293646149727789	0.164251207729469	6.26859402694957e-06	topological descriptor; not therapeutic evidence
panel30	MED14	9	0.013591798762836	0.176680740500162	8.38711291948358e-06	topological descriptor; not therapeutic evidence
panel30	A2M	1	0	0.149450549450549	1.67182671789589e-07	topological descriptor; not therapeutic evidence
panel30	ENO3	1	0	0.115991471215352	2.43863144014812e-11	topological descriptor; not therapeutic evidence
panel30	HSPA5	9	0.00473850001400682	0.175682221863394	8.36983232649045e-06	topological descriptor; not therapeutic evidence
panel30	ZYX	5	0.00166250195321359	0.18022196455193	2.20790376707152e-07	topological descriptor; not therapeutic evidence
panel30	LAMA3	1	0	0.106939256929428	1.03629168869437e-13	topological descriptor; not therapeutic evidence
panel30	SAV1	2	0.00023014318191243	0.162630792227205	5.06135433319526e-09	topological descriptor; not therapeutic evidence
panel30	PPP2R1A	2	0	1	7.27615831039152e-17	topological descriptor; not therapeutic evidence
panel30	GSK3B	10	0.0231191613604159	0.22244939685136	1.36285197644284e-06	topological descriptor; not therapeutic evidence
panel30	STK11	1	0	0.666666666666667	3.33490589226278e-17	topological descriptor; not therapeutic evidence
panel30	PPP2R2A	4	2.0681838863657e-05	0.6	1.27332770431852e-16	topological descriptor; not therapeutic evidence
panel30	WNT11	2	0.000610114246477883	0.13483703061098	1.25980435775213e-11	topological descriptor; not therapeutic evidence
panel30	FBN1	6	0.00224682863863461	0.161928858461081	5.05851075256083e-07	topological descriptor; not therapeutic evidence
panel30	MED16	5	0.00245023385519253	0.1503800967519	1.78892600350417e-07	topological descriptor; not therapeutic evidence
panel30	MRE11	5	0.00226087424004675	0.189217391304348	1.02977409470802e-05	topological descriptor; not therapeutic evidence
panel30	PPP1CA	2	0.00367196648188384	0.11485273936451	1.72656870067069e-12	topological descriptor; not therapeutic evidence
panel30	PMAIP1	4	0.000628187723751859	0.174835288446087	1.76550887454169e-07	topological descriptor; not therapeutic evidence
panel30	ATG16L2	1	0	0.158508158508159	5.82342114276196e-10	topological descriptor; not therapeutic evidence
panel30	PSEN1	4	0.00138830238290337	0.203060843598358	9.92360386686816e-07	topological descriptor; not therapeutic evidence
panel30	LMNB2	2	1.12810030165402e-06	1	7.27615831039152e-17	topological descriptor; not therapeutic evidence
panel30	NDUFV2	52	0.00105508603064625	0.19020979020979	0.984456751466616	topological descriptor; not therapeutic evidence
panel30	BGN	5	0.0033176562727266	0.173469387755102	1.89240033378445e-07	topological descriptor; not therapeutic evidence
panel30	TGIF1	1	0	0.191616766467066	8.74918845657961e-06	topological descriptor; not therapeutic evidence
panel30	LIN9	4	9.87476458118993e-05	0.168447128038396	4.85704710036914e-08	topological descriptor; not therapeutic evidence
panel30	SP1	8	0.00149534340125568	0.213166144200627	2.7703331766446e-05	topological descriptor; not therapeutic evidence
panel30	ATP6V0C	8	3.13987917293702e-06	0.09199289760717	4.00188707071533e-16	topological descriptor; not therapeutic evidence
panel30	TBK1	13	0.0227020294996383	0.230899830220713	8.67024282675287e-06	topological descriptor; not therapeutic evidence
panel30	CASP9	2	0.000359354940665336	0.169180531799098	1.57703936234125e-08	topological descriptor; not therapeutic evidence
panel30	SOCS3	2	0	0.181575433911883	9.67539471700901e-06	topological descriptor; not therapeutic evidence
panel30	LEPR	2	0	0.195017028141244	1.86151417462649e-05	topological descriptor; not therapeutic evidence
panel30	NDUFA12	52	0.00105508603064625	0.19020979020979	0.984456751466616	topological descriptor; not therapeutic evidence
panel30	CD8B	1	0	0.148127978216474	1.49223573950743e-08	topological descriptor; not therapeutic evidence
panel30	FBLN1	2	0.000619958835496938	0.189481017067224	8.25255135244422e-06	topological descriptor; not therapeutic evidence
panel30	COL4A5	1	0	1	3.48649252372927e-17	topological descriptor; not therapeutic evidence
panel30	ATP6V0A2	3	8.32645460744634e-07	0.0843214756258235	9.70154441385536e-17	topological descriptor; not therapeutic evidence
panel30	UQCR10	55	0.000567399895956368	0.18230563002681	0.991195455245364	topological descriptor; not therapeutic evidence
panel30	SMAD3	7	0.00336957966461078	0.209633911368015	1.05527447608488e-05	topological descriptor; not therapeutic evidence
panel30	LAMP1	3	0.00246976010728664	0.157772621809745	7.23096564242925e-09	topological descriptor; not therapeutic evidence
panel30	MAPK11	1	0	1	3.94125241812874e-17	topological descriptor; not therapeutic evidence
panel30	BSG	1	0	0.137983512999366	3.4374678457707e-09	topological descriptor; not therapeutic evidence
panel30	PARVA	2	0.000824776410471728	0.175455571681987	1.8460082148935e-07	topological descriptor; not therapeutic evidence
panel30	EDARADD	1	0	0.192158247968916	2.77825474258963e-08	topological descriptor; not therapeutic evidence
panel30	HSP90AA1	13	0.0318392856426034	0.247048138056312	0.000427558766255189	topological descriptor; not therapeutic evidence
panel30	VPS39	3	0.00101811052224275	0.139522954603745	4.99826599934457e-12	topological descriptor; not therapeutic evidence
panel30	KNL1	4	8.47149607480186e-06	0.164053075995175	2.25512152628923e-06	topological descriptor; not therapeutic evidence
panel30	ATF4	4	0.00230813328389205	0.201705598813497	9.61012288913913e-07	topological descriptor; not therapeutic evidence
panel30	TUBA1B	2	0.00122624502789792	0.132151099234787	1.70092322585147e-09	topological descriptor; not therapeutic evidence
panel30	ZFP36L1	1	0	0.158277567646203	4.11233307524316e-09	topological descriptor; not therapeutic evidence
panel30	PPP2R5E	3	2.63223403719271e-06	0.444444444444444	9.0951978879894e-17	topological descriptor; not therapeutic evidence
panel30	PSMF1	12	0	0.168970337008852	2.03331245355417e-07	topological descriptor; not therapeutic evidence
panel30	KLRD1	5	5.43225699417452e-06	0.156276931916116	2.18939844303505e-07	topological descriptor; not therapeutic evidence
panel30	SNTB2	2	0	0.121212121212121	6.72140095963929e-11	topological descriptor; not therapeutic evidence
panel30	ATG101	1	0	0.179597226807527	3.86567525037965e-07	topological descriptor; not therapeutic evidence
panel30	ANAPC1	11	0.00205869742321272	0.190709903593339	2.32345656555028e-06	topological descriptor; not therapeutic evidence
panel30	CAV1	7	0.00411081809456362	0.216949152542373	1.91435340351377e-05	topological descriptor; not therapeutic evidence
panel30	HLA-DQA1	5	1.12810030165402e-06	0.137721518987342	8.71088392718463e-09	topological descriptor; not therapeutic evidence
panel30	FOXO3	8	0.00269672192554776	0.218869442768055	1.93531143683721e-05	topological descriptor; not therapeutic evidence
panel30	FGFR3	2	0.00122624502789792	0.121239135279697	6.87402595953132e-11	topological descriptor; not therapeutic evidence
panel30	MIOS	5	0.00122867898976088	0.136170212765957	4.18785961366368e-11	topological descriptor; not therapeutic evidence
panel30	ACVR2B	3	0.00122398882729461	0.156614365913344	3.89448386767267e-09	topological descriptor; not therapeutic evidence
panel30	MAPT	2	0.000636506896183938	0.19568345323741	6.16169981918181e-08	topological descriptor; not therapeutic evidence
panel30	SFN	9	0.00839088905728714	0.218561671353957	9.01580872656746e-06	topological descriptor; not therapeutic evidence
panel30	PTK2	14	0.0306532605893465	0.229197387823889	2.11324363276321e-05	topological descriptor; not therapeutic evidence
panel30	STAT5A	8	0.000731063662945752	0.197030061571894	3.75327094267424e-05	topological descriptor; not therapeutic evidence
panel30	TRADD	7	0.00286412757745659	0.211098176173846	4.50445249885841e-07	topological descriptor; not therapeutic evidence
panel30	SMAD4	14	0.00468245432281524	0.215530903328051	1.17381017092083e-05	topological descriptor; not therapeutic evidence
panel30	PPP1CC	3	0.00853633498261597	0.148715144887917	4.23577054522834e-09	topological descriptor; not therapeutic evidence
panel30	LIN54	6	0.000514102805018705	0.179301252471984	2.38505102607518e-07	topological descriptor; not therapeutic evidence
panel30	TP53BP2	3	0.00245136195549419	0.103069344448655	3.46223866269463e-14	topological descriptor; not therapeutic evidence
panel30	FOXM1	4	0.00649678832647838	0.205593348450491	2.81174485200576e-06	topological descriptor; not therapeutic evidence
panel30	LAMTOR4	10	0.00725236454745898	0.157841288263456	1.79359092286095e-09	topological descriptor; not therapeutic evidence
panel30	PKN1	2	0.00245023385519253	0.124172563341703	1.14125906434639e-11	topological descriptor; not therapeutic evidence
panel30	NBR1	4	0.00600462886315952	0.196177425171295	6.45135782572692e-08	topological descriptor; not therapeutic evidence
panel30	ATR	6	0.0021776233761969	0.181122024304978	1.05606963464901e-05	topological descriptor; not therapeutic evidence
panel30	IFNAR2	2	0	0.194043160335295	1.79778643175705e-05	topological descriptor; not therapeutic evidence
panel30	PDPK1	2	0.00122624502789792	0.124144226380648	1.14125906434639e-11	topological descriptor; not therapeutic evidence
panel30	CCNG1	1	0	0.352941176470588	3.48649252372927e-17	topological descriptor; not therapeutic evidence
panel30	FBLN5	3	0.00122624502789792	0.142576333377015	2.02890967356553e-08	topological descriptor; not therapeutic evidence
panel30	MAP2K3	2	0.00122624502789792	0.11049050472225	2.28131816891809e-13	topological descriptor; not therapeutic evidence
panel30	E2F1	3	0.00124585005124763	0.159835463493463	4.79449427539873e-09	topological descriptor; not therapeutic evidence
panel30	DLG1	5	0.00380360446427592	0.177343113284434	1.97360063188165e-07	topological descriptor; not therapeutic evidence
panel30	PRKAA1	1	0	1	4.09283904959523e-17	topological descriptor; not therapeutic evidence
panel30	MAGI2	2	0.00122624502789792	0.146630727762803	5.54867132822473e-10	topological descriptor; not therapeutic evidence
panel30	NDUFV3	51	1.63652328813012e-06	0.182183523107837	0.979801314323074	topological descriptor; not therapeutic evidence
panel30	TAP1	6	0.000602434089004782	0.176939339730037	8.54414153293308e-06	topological descriptor; not therapeutic evidence
panel30	CRKL	7	0.00463765398908575	0.21216848673947	2.77374360966162e-05	topological descriptor; not therapeutic evidence
panel30	ATG7	4	0.00357768746374317	0.185887579019306	2.80402906225593e-08	topological descriptor; not therapeutic evidence
panel30	HKDC1	1	0	1	3.78966578666225e-17	topological descriptor; not therapeutic evidence
panel30	FYN	10	0.0139661146944676	0.218298555377207	1.70272221917635e-06	topological descriptor; not therapeutic evidence
panel30	FN1	23	0.0675078886238331	0.233226152197213	0.000412646186978273	topological descriptor; not therapeutic evidence
panel30	BLM	5	0.00158100382389425	0.187102321582115	0.00010364464127871	topological descriptor; not therapeutic evidence
panel30	MYH7	2	1.12810030165402e-06	1	7.5793315733245e-17	topological descriptor; not therapeutic evidence
panel30	VANGL1	2	0	0.150546561505466	6.51897878115607e-10	topological descriptor; not therapeutic evidence
panel30	RET	2	0	0.192362093352192	1.08579757186901e-06	topological descriptor; not therapeutic evidence
panel30	UBE2I	5	0.00375924370003668	0.184688507893397	8.15712868921631e-06	topological descriptor; not therapeutic evidence
panel30	SH3PXD2A	2	1.12810030165402e-06	1	7.88250483625748e-17	topological descriptor; not therapeutic evidence
panel30	PSMD12	9	2.82025075413505e-07	0.171284634760705	1.63385291431824e-07	topological descriptor; not therapeutic evidence
panel30	UVRAG	3	5.6405015082701e-07	0.146848427588069	5.44759666695144e-11	topological descriptor; not therapeutic evidence
panel30	RAC1	5	0.00908980347626727	0.164798545895183	2.85701364870254e-08	topological descriptor; not therapeutic evidence
panel30	CDC16	3	0	0.156119959822069	5.12123478408105e-08	topological descriptor; not therapeutic evidence
panel30	WDR45	1	0	0.666666666666667	3.48649252372927e-17	topological descriptor; not therapeutic evidence
panel30	RSPO1	1	0	1	3.63807915519576e-17	topological descriptor; not therapeutic evidence
panel30	SIAH1	1	0	0.194982078853047	7.61829772195892e-07	topological descriptor; not therapeutic evidence
panel30	ITGAL	3	0.00122624502789792	0.178624199638811	2.40321734195094e-07	topological descriptor; not therapeutic evidence
panel30	CACNA2D1	2	1.12810030165402e-06	0.0912904849807015	1.33093062427578e-15	topological descriptor; not therapeutic evidence
panel30	ADAM15	1	0	0.187683284457478	5.48557345202591e-07	topological descriptor; not therapeutic evidence
panel30	RASSF1	3	0.00115581787961226	0.17751672377223	2.16216284264214e-07	topological descriptor; not therapeutic evidence
panel30	ATP2A1	1	0	1	3.94125241812874e-17	topological descriptor; not therapeutic evidence
panel30	COL9A1	1	0	1	4.09283904959523e-17	topological descriptor; not therapeutic evidence
panel30	ANAPC11	10	0.00176908207838898	0.170346015343667	2.1438172347918e-06	topological descriptor; not therapeutic evidence
panel30	PLN	1	0	0.666666666666667	3.63807915519576e-17	topological descriptor; not therapeutic evidence
panel30	PRIM1	5	0.000112526284197742	0.15556191020875	5.89102661270719e-09	topological descriptor; not therapeutic evidence
panel30	NF1	4	0.000233363584637797	0.180162278522934	6.18434416064913e-07	topological descriptor; not therapeutic evidence
panel30	EPHA2	5	0.00268550250450382	0.210607820363918	1.85232467332988e-05	topological descriptor; not therapeutic evidence
panel30	STAT4	2	0	0.193422222222222	1.00056391854668e-05	topological descriptor; not therapeutic evidence
panel30	CASP8	15	0.00665930967630842	0.191954834156669	1.9796983866427e-07	topological descriptor; not therapeutic evidence
panel30	PSMB10	19	7.27295499887732e-06	0.169154228855721	2.51412022828283e-07	topological descriptor; not therapeutic evidence
panel30	ARNT	2	0	0.205012247974374	1.75149636247923e-05	topological descriptor; not therapeutic evidence
panel30	CCL20	4	0.00242978032234227	0.143497757847534	3.41793388614058e-09	topological descriptor; not therapeutic evidence
panel30	ELN	6	0.00177128074377994	0.166106870229008	5.0949688040595e-07	topological descriptor; not therapeutic evidence
panel30	MAP3K5	4	0.00327545247344322	0.202644812814304	9.39606566802536e-08	topological descriptor; not therapeutic evidence
panel30	XRCC2	1	0	0.168786844554763	2.07447969949793e-06	topological descriptor; not therapeutic evidence
panel30	ATP6V1H	14	0.00406427426838152	0.101199888382476	2.20710135415209e-15	topological descriptor; not therapeutic evidence
panel30	TEAD4	2	0	0.169075369075369	2.94681791456566e-08	topological descriptor; not therapeutic evidence
panel30	HLA-DRB1	15	0.00730135237273595	0.150734275422555	4.78640335713461e-08	topological descriptor; not therapeutic evidence
panel30	MYLK	2	0.0145660310949567	0.142857142857143	3.81097608694762e-09	topological descriptor; not therapeutic evidence
panel30	COL4A2	1	0	1	4.09283904959523e-17	topological descriptor; not therapeutic evidence
panel30	TLR9	2	0.000533349467431119	0.163781424055397	1.7295082630497e-07	topological descriptor; not therapeutic evidence
panel30	ERC1	1	0	0.188365650969529	3.52340300496295e-07	topological descriptor; not therapeutic evidence
panel30	PPP1R13L	1	0	0.197065748958522	8.33938816841144e-06	topological descriptor; not therapeutic evidence
panel30	STAT1	18	0.0189616736755264	0.239700374531835	0.000481994847163503	topological descriptor; not therapeutic evidence
panel30	MTOR	15	0.0417509698331051	0.183535762483131	8.14196651993151e-08	topological descriptor; not therapeutic evidence
panel30	SMURF1	4	0.00130431587367164	0.195262024407753	2.11741728496714e-07	topological descriptor; not therapeutic evidence
panel30	SMC3	8	0	0.154413851830826	2.36270564304695e-06	topological descriptor; not therapeutic evidence
panel30	CXCL9	8	0.00311123616908738	0.143252139565504	3.49901157854487e-09	topological descriptor; not therapeutic evidence
panel30	DMD	2	0.00122624502789792	0.121225626740947	6.5870394202796e-11	topological descriptor; not therapeutic evidence
panel30	TLR1	3	0.000112558277603511	0.171500630517024	4.69659919829164e-09	topological descriptor; not therapeutic evidence
panel30	BECN1	11	0.0109394971248821	0.200036771465343	3.56426158081087e-08	topological descriptor; not therapeutic evidence
panel30	PSMB5	34	0.000668184221382975	0.200479086051225	8.09435910118384e-07	topological descriptor; not therapeutic evidence
panel30	ACTA1	2	0	0.107297830374753	2.70800421916996e-13	topological descriptor; not therapeutic evidence
panel30	THBS2	2	0.00061067829662871	0.159718144450969	1.72084416083676e-07	topological descriptor; not therapeutic evidence
panel30	CAPN8	1	0	0.5	3.33490589226278e-17	topological descriptor; not therapeutic evidence
panel30	MAPKAPK2	3	2.25620060330804e-06	1	1.03078909397213e-16	topological descriptor; not therapeutic evidence
panel30	MDM4	2	0	0.194772645900465	7.90463127866349e-08	topological descriptor; not therapeutic evidence
panel30	TAB2	11	0.0113069667192275	0.224561403508772	4.9865555954202e-07	topological descriptor; not therapeutic evidence
panel30	UTRN	3	0.00245023385519253	0.137896070975919	3.29778511541065e-09	topological descriptor; not therapeutic evidence
panel30	IFNGR1	3	0	0.196248196248196	2.87440950362263e-05	topological descriptor; not therapeutic evidence
panel30	SDHC	3	0	0.138141188420518	0.000550718446211366	topological descriptor; not therapeutic evidence
panel30	NDUFS2	50	0.000241969531199613	0.182183523107837	0.920493754314269	topological descriptor; not therapeutic evidence
panel30	F11R	2	1.72035296002238e-05	0.178536265178864	2.18258717169747e-07	topological descriptor; not therapeutic evidence
panel30	LAMTOR2	11	0.00765081330339359	0.157864190365641	1.82677796599187e-09	topological descriptor; not therapeutic evidence
panel30	IL6R	4	0.00122624502789792	0.209553158705701	0.000417536980603813	topological descriptor; not therapeutic evidence
panel30	CRTC2	1	0	0.166056166056166	1.98473425867802e-07	topological descriptor; not therapeutic evidence
panel30	S100A8	3	0.00184350127889852	0.191448178778814	8.43056807798006e-06	topological descriptor; not therapeutic evidence
panel30	PSMD4	33	0.0011915485770213	0.205865657521287	2.75372501257938e-06	topological descriptor; not therapeutic evidence
panel30	MCL1	4	0.000593014466228721	0.175852594149022	1.32785982595248e-08	topological descriptor; not therapeutic evidence
panel30	ATG5	7	0.00428471720838017	0.188333044832958	2.9154371119467e-08	topological descriptor; not therapeutic evidence
panel30	MAP3K7	12	0.00885020956848361	0.210607820363918	4.5278460638003e-07	topological descriptor; not therapeutic evidence
panel30	RRAGD	4	2.34268829310152e-05	0.136924238610622	7.35582132965284e-11	topological descriptor; not therapeutic evidence
panel30	BRCC3	1	0	0.178594878529219	9.73860863537287e-05	topological descriptor; not therapeutic evidence
panel30	NRAS	6	0.000680013465495562	0.187392352738546	1.13342203485684e-06	topological descriptor; not therapeutic evidence
panel30	ATP6AP1	13	0.0015202590177546	0.101190476190476	2.15859363208282e-15	topological descriptor; not therapeutic evidence
panel30	FLNA	15	0.0233697581019318	0.219664849586109	9.96687837222579e-05	topological descriptor; not therapeutic evidence
panel30	NFKB2	7	0.003184112615433	0.218036072144289	9.56682111253885e-06	topological descriptor; not therapeutic evidence
panel30	IRAK1	6	0.00386862902191288	0.20676548840745	3.9102708718378e-07	topological descriptor; not therapeutic evidence
panel30	COX7A2	10	0	0.154523505183923	0.139367121734149	topological descriptor; not therapeutic evidence
panel30	COL11A1	1	0	1	3.63807915519576e-17	topological descriptor; not therapeutic evidence
panel30	BTRC	12	0.0266279154432573	0.232727272727273	9.01264317064046e-06	topological descriptor; not therapeutic evidence
panel30	CHUK	13	0.0178176663857544	0.232032416293453	1.76395627947746e-05	topological descriptor; not therapeutic evidence
panel30	CD40LG	2	0.00122624502789792	0.162630792227205	6.99304671956532e-10	topological descriptor; not therapeutic evidence
panel30	PSMA7	38	0.00103700143218195	0.200626959247649	8.27833954743518e-07	topological descriptor; not therapeutic evidence
panel30	GNG12	3	1.69215045248103e-06	0.143063773833005	3.47559726490994e-09	topological descriptor; not therapeutic evidence
panel30	XIAP	9	0.00330188775201895	0.215062265269816	5.04201859139745e-07	topological descriptor; not therapeutic evidence
panel30	JUN	5	0.00245023385519253	0.145279743623982	1.18021394969997e-08	topological descriptor; not therapeutic evidence
panel30	NDUFA1	51	1.63652328813012e-06	0.182183523107837	0.979801314323075	topological descriptor; not therapeutic evidence
panel30	HSP90AB1	7	0.00697668368931109	0.224607762180017	2.11943256638224e-05	topological descriptor; not therapeutic evidence
panel30	ORC1	13	0.000188771759649965	0.176853055916775	7.04780096897288e-08	topological descriptor; not therapeutic evidence
panel30	SLC25A5	6	0.00102356300703406	0.150172532781228	9.73765356216373e-11	topological descriptor; not therapeutic evidence
panel30	PARD6B	2	0.00122624502789792	0.1643256305694	1.53523562847525e-08	topological descriptor; not therapeutic evidence
panel30	IL13RA1	1	0	0.158070608746186	7.30162659211073e-07	topological descriptor; not therapeutic evidence
panel30	AMOT	5	0.00179033603234565	0.186205716241657	2.10488835973962e-07	topological descriptor; not therapeutic evidence
panel30	RAD54L	1	0	0.168786844554763	2.07447969949338e-06	topological descriptor; not therapeutic evidence
panel30	NCOA3	8	0.0052659333114064	0.200147167034584	9.98211050419327e-06	topological descriptor; not therapeutic evidence
panel30	BMPR1A	3	3.76033433884674e-07	0.135475034242311	1.58751294777705e-10	topological descriptor; not therapeutic evidence
panel30	IRS4	1	0	0.153802657619452	3.62522142871146e-08	topological descriptor; not therapeutic evidence
panel30	CD40	4	0.00278632336071317	0.194112399643176	3.49960132997267e-08	topological descriptor; not therapeutic evidence
panel30	MMP9	6	0.0109734076676225	0.189977300506373	8.6083545263601e-06	topological descriptor; not therapeutic evidence
panel30	ABL1	2	0.000360649493988973	0.197244379985497	1.3158693866242e-06	topological descriptor; not therapeutic evidence
panel30	CDC20	9	0.00139852833213434	0.185760628308008	6.39779343972103e-06	topological descriptor; not therapeutic evidence
panel30	VDAC2	3	0.000407244208897103	0.150110375275938	9.36350501299203e-11	topological descriptor; not therapeutic evidence
panel30	SDC4	2	0.00245023385519253	0.155184709741834	1.66971778052746e-07	topological descriptor; not therapeutic evidence
panel30	STK4	2	0.00122624502789792	0.13307240704501	1.51586964957079e-11	topological descriptor; not therapeutic evidence
panel30	YWHAB	7	0.00286249316004909	0.188007603248661	2.05879818710877e-07	topological descriptor; not therapeutic evidence
panel30	NDUFS5	47	0.000220688757670737	0.182061579651941	0.885091397756739	topological descriptor; not therapeutic evidence
panel30	RRAGC	10	0.00622519618378191	0.156366772060937	1.70779643051463e-09	topological descriptor; not therapeutic evidence
panel30	LCN2	4	0.00259275146264879	0.190442849641169	8.61224396284771e-06	topological descriptor; not therapeutic evidence
panel30	CSF3R	5	0.000440487112492003	0.18230563002681	1.82236333694313e-05	topological descriptor; not therapeutic evidence
panel30	PSMB2	38	0.000724388951510104	0.20125786163522	7.88581524866056e-07	topological descriptor; not therapeutic evidence
panel30	PGK1	1	0	0.115991471215352	2.43863159173475e-11	topological descriptor; not therapeutic evidence
panel30	RBBP4	5	0.0019672704846451	0.177112160182321	3.87830662179396e-07	topological descriptor; not therapeutic evidence
panel30	HDAC1	13	0.0204519625307999	0.23698540622958	0.000438019321009154	topological descriptor; not therapeutic evidence
panel30	SRC	12	0.0322230719068779	0.230997876857749	2.74629718019023e-05	topological descriptor; not therapeutic evidence
panel30	RBL1	5	0.000314803125307286	0.171635904716832	5.4499811962133e-08	topological descriptor; not therapeutic evidence
panel30	NDUFA8	52	0.00105508603064625	0.19020979020979	0.984456751466616	topological descriptor; not therapeutic evidence
panel30	TRAF1	6	0.000371189573464776	0.186110160793705	1.86553376668015e-07	topological descriptor; not therapeutic evidence
panel30	TLR4	9	0.00515120520050211	0.20676548840745	2.21994752151908e-07	topological descriptor; not therapeutic evidence
panel30	ATP6V1G1	8	5.70765033574951e-07	0.0920006764755623	4.12315637588853e-16	topological descriptor; not therapeutic evidence
panel30	POLE3	2	0.000267603818595881	0.167230249000922	4.59646564746115e-09	topological descriptor; not therapeutic evidence
panel30	IL2RG	9	0.00130238409446166	0.183473861720067	2.7729780218572e-05	topological descriptor; not therapeutic evidence
panel30	CDC26	2	0	0.178068739770867	9.63178977654114e-08	topological descriptor; not therapeutic evidence
panel30	BMPR2	3	0.00122398882729461	0.156614365913344	3.89448386160921e-09	topological descriptor; not therapeutic evidence
panel30	HSPG2	5	0.00253865090996222	0.175173080019321	3.53019830874081e-07	topological descriptor; not therapeutic evidence
panel30	PARD3	8	0.00776644829344752	0.196531791907514	7.68293619498245e-07	topological descriptor; not therapeutic evidence
panel30	MAP1LC3A	3	0.00143923026994764	0.171662985168823	1.85050501497444e-09	topological descriptor; not therapeutic evidence
panel30	HLA-DMA	7	1.56084748086268e-06	0.131147540983607	2.0715604344188e-09	topological descriptor; not therapeutic evidence
panel30	PSMB9	17	5.80715998506516e-06	0.171500630517024	3.07140399750713e-07	topological descriptor; not therapeutic evidence
panel30	PSMB8	21	6.41963021348094e-06	0.171608832807571	3.72208526872545e-07	topological descriptor; not therapeutic evidence
panel30	TAP2	4	0	0.152701754385965	5.36227854523541e-07	topological descriptor; not therapeutic evidence
panel30	HLA-DQA2	6	0.000159097562031066	0.137756394023803	8.55459621834152e-09	topological descriptor; not therapeutic evidence
panel30	HLA-DQB1	5	0.00137361839110215	0.153174714909193	1.7644867174575e-07	topological descriptor; not therapeutic evidence
panel30	HLA-DRB5	7	0.00157579234223556	0.153239436619718	1.8124427895807e-07	topological descriptor; not therapeutic evidence
panel30	SDHB	4	3.81219076435706e-05	0.13865171403084	0.00718323799495007	topological descriptor; not therapeutic evidence
panel30	BAMBI	2	0	0.186429061000685	1.98651501981166e-07	topological descriptor; not therapeutic evidence
panel30	HSPA1B	4	0.00172715480510371	0.2021177781906	9.14153876169168e-06	topological descriptor; not therapeutic evidence
panel30	IRS2	4	0.000818466771018	0.200700977679395	1.86603395492334e-05	topological descriptor; not therapeutic evidence
panel30	CSNK2B	2	0.00122624502789792	0.13508815495406	3.25784622181026e-09	topological descriptor; not therapeutic evidence
panel30	BCL2L1	10	0.005695561830459	0.194112399643176	4.41145003138346e-07	topological descriptor; not therapeutic evidence
panel30	COX4I2	10	6.63588412737659e-08	0.154545454545455	0.170802657774145	topological descriptor; not therapeutic evidence
panel30	DLG2	1	0	0.152040245947457	6.79619992770476e-10	topological descriptor; not therapeutic evidence
panel30	HLA-C	10	0.000746442624332993	0.159041075866101	5.92134302729785e-07	topological descriptor; not therapeutic evidence
panel30	TNFRSF1B	5	0.000336321944858206	0.186845268761807	1.93765309311282e-07	topological descriptor; not therapeutic evidence
panel30	HLA-E	11	0.00178274332677703	0.161137440758294	5.86333251247451e-07	topological descriptor; not therapeutic evidence
panel30	HLA-G	9	7.84954207539246e-05	0.160756501182033	5.8505195864793e-07	topological descriptor; not therapeutic evidence
panel30	ATG2A	1	0	1	3.63807915519576e-17	topological descriptor; not therapeutic evidence
panel30	PIK3CD	1	0	0.167153172530343	3.44703767114883e-07	topological descriptor; not therapeutic evidence
panel30	STAM	1	0	0.177835894083034	5.29986540194942e-08	topological descriptor; not therapeutic evidence
panel30	TBC1D4	1	0	0.179804990910593	2.76060838789908e-08	topological descriptor; not therapeutic evidence
panel30	TP73	1	0	0.169049098819142	2.8879568881725e-08	topological descriptor; not therapeutic evidence
panel30	GNB1	8	0.0144824576642761	0.166819993866912	1.67181977765355e-07	topological descriptor; not therapeutic evidence
panel30	LRP4	1	0	0.159507403606509	1.64768329245178e-07	topological descriptor; not therapeutic evidence
panel30	COX7A2L	17	5.60011612933386e-06	0.154809334092203	0.260042672063934	topological descriptor; not therapeutic evidence
panel30	UQCRQ	55	0.000567399895956368	0.18230563002681	0.991195455245364	topological descriptor; not therapeutic evidence
panel30	OPTN	4	0.00331769625623188	0.203669037813553	2.27503999726414e-07	topological descriptor; not therapeutic evidence
panel30	RAD50	4	0.000148414074467569	0.172643605204697	0.000101149767805907	topological descriptor; not therapeutic evidence
panel30	PRR5L	1	0	0.14148244473342	7.85656912154672e-11	topological descriptor; not therapeutic evidence
panel30	DVL1	6	0.00213494239231157	0.177140996418105	2.78257634936204e-08	topological descriptor; not therapeutic evidence
panel30	TAB3	3	0.000130586137018572	0.197926141531745	4.67870272111157e-08	topological descriptor; not therapeutic evidence
panel30	CNTFR	2	0.00122624502789792	0.119337501371065	1.49403241293232e-10	topological descriptor; not therapeutic evidence
panel30	POLA1	7	0.00128067892719626	0.162728088543225	7.04815325630441e-09	topological descriptor; not therapeutic evidence
panel30	PCNA	12	0.0175987582374043	0.198070271254324	7.42375605243142e-08	topological descriptor; not therapeutic evidence
panel30	AGRN	3	0.0109640068317754	0.189745378444367	8.24896069433504e-06	topological descriptor; not therapeutic evidence
panel30	E2F4	5	0.00562422118478889	0.203669037813553	8.84326339504738e-06	topological descriptor; not therapeutic evidence
panel30	NDUFB6	52	0.00105508603064625	0.19020979020979	0.984456751466616	topological descriptor; not therapeutic evidence
panel30	TEK	1	0	1	3.78966578666225e-17	topological descriptor; not therapeutic evidence
panel30	RFC3	5	0.00219739686333916	0.168996582789686	5.15033213813257e-08	topological descriptor; not therapeutic evidence
panel30	BRCA2	15	0.0423825742344302	0.217382617382617	0.00487553647199777	topological descriptor; not therapeutic evidence
panel30	RPS6	2	0	0.193973970404707	1.63337140026259e-07	topological descriptor; not therapeutic evidence
panel30	TLR7	2	0.000691767460165148	0.166564605021433	8.22851813960064e-09	topological descriptor; not therapeutic evidence
panel30	POMP	17	4.17534042554299e-07	0.169101647497669	2.55523009247305e-07	topological descriptor; not therapeutic evidence
panel30	IL6ST	7	0.00284281751094906	0.218298555377207	0.000445429685789613	topological descriptor; not therapeutic evidence
panel30	SLC25A6	2	0	0.15008966754035	9.35214116957751e-11	topological descriptor; not therapeutic evidence
panel30	CRLF2	2	0.000122600143008894	0.184971098265896	9.98750938670445e-06	topological descriptor; not therapeutic evidence
panel30	JAK2	18	0.0104315104860177	0.221633733958036	0.000466165272580065	topological descriptor; not therapeutic evidence
panel30	YWHAQ	6	0.0018701373839189	0.185223016683691	7.38209585503724e-08	topological descriptor; not therapeutic evidence
panel30	LATS2	2	0	0.153304213047767	7.57993449399249e-10	topological descriptor; not therapeutic evidence
panel30	PSME1	18	4.92740729331233e-07	0.169127934089849	2.6146990346472e-07	topological descriptor; not therapeutic evidence
panel30	SEC13	2	0	0.121469241933683	5.49720733335127e-12	topological descriptor; not therapeutic evidence
panel30	DIAPH1	1	0	0.126188819299466	2.63630950277831e-11	topological descriptor; not therapeutic evidence
panel30	LAMA1	3	6.54298174959332e-06	0.185223016683691	6.32104398364559e-07	topological descriptor; not therapeutic evidence
panel30	SQSTM1	10	0.0160912708431171	0.205283018867925	6.16475375046062e-08	topological descriptor; not therapeutic evidence
panel30	AKT1S1	3	8.49387536626747e-06	0.156817526664745	1.73898978201464e-09	topological descriptor; not therapeutic evidence
panel30	PPP1R12B	1	0	0.114780040088617	1.72583805310702e-12	topological descriptor; not therapeutic evidence
panel30	ATG16L1	3	0.00143900910053395	0.188725065047702	3.67049216181831e-08	topological descriptor; not therapeutic evidence
panel30	GRB2	11	0.0108865607769464	0.181727075329881	1.8149306487309e-06	topological descriptor; not therapeutic evidence
panel30	TIRAP	3	0.000321777987668274	0.199669664158561	2.07222503568714e-07	topological descriptor; not therapeutic evidence
panel30	TRAF3	2	7.06449947553809e-05	0.187748058671268	1.99921626887341e-07	topological descriptor; not therapeutic evidence
panel30	PIAS3	3	0.00399049208061346	0.221138211382114	0.000407170376056843	topological descriptor; not therapeutic evidence
panel30	ACTN1	7	0.007221409232614	0.207159177456207	1.38961103627078e-06	topological descriptor; not therapeutic evidence
panel30	PPP3CB	4	6.48657673451062e-06	0.545454545454545	1.33396235690511e-16	topological descriptor; not therapeutic evidence
panel30	PPP3CA	5	2.42541564855614e-05	0.545454545454545	1.69777027242469e-16	topological descriptor; not therapeutic evidence
panel30	CDC23	6	0.00107979173455005	0.185538881309686	4.05241402926107e-06	topological descriptor; not therapeutic evidence
panel30	FZR1	4	5.31591360012465e-05	0.176222870100421	2.12165922864146e-06	topological descriptor; not therapeutic evidence
panel30	CDK1	10	0.00504298549428366	0.194842406876791	2.41533730793568e-06	topological descriptor; not therapeutic evidence
panel30	HLA-DRA	11	0.00533936884505617	0.150442477876106	1.31846666938168e-08	topological descriptor; not therapeutic evidence
panel30	LAT	4	0.00101093173447062	0.191650519640655	9.94880559068114e-07	topological descriptor; not therapeutic evidence
panel30	MAPK8	4	0.00252243707239915	0.188659615051153	7.33505711881273e-07	topological descriptor; not therapeutic evidence
panel30	CXCL1	3	0	0.111773166221492	4.64607568326059e-12	topological descriptor; not therapeutic evidence
panel30	IL4R	6	0.00126944620220749	0.187715665976536	3.6554859206631e-05	topological descriptor; not therapeutic evidence
panel30	CXCL12	7	2.09772937045664e-06	0.125620598083362	2.27584504263701e-10	topological descriptor; not therapeutic evidence
panel30	YWHAZ	16	0.0173425224673992	0.219178082191781	1.38207082595702e-06	topological descriptor; not therapeutic evidence
panel30	NFATC2	1	0	0.112617741434634	4.71071373878422e-12	topological descriptor; not therapeutic evidence
panel30	ITGB1	21	0.0272159613624512	0.226666666666667	3.03893944578843e-05	topological descriptor; not therapeutic evidence
panel30	MOB1A	4	0.00367422268248715	0.153433930334226	7.58598986452503e-10	topological descriptor; not therapeutic evidence
panel30	MOB1B	3	2.25620060330804e-06	0.153390666854645	7.72849330376474e-10	topological descriptor; not therapeutic evidence
panel30	TAX1BP1	3	0.0011604446748591	0.194285714285714	1.77826197008171e-07	topological descriptor; not therapeutic evidence
panel30	HLA-A	16	0.0115704406281306	0.179864440403372	8.79029437316441e-06	topological descriptor; not therapeutic evidence
panel30	THRB	2	0	0.166819993866912	3.98520194944132e-07	topological descriptor; not therapeutic evidence
panel30	ILK	3	0.00230114140541901	0.175682221863394	6.58350833703235e-09	topological descriptor; not therapeutic evidence
panel30	CSNK1E	3	0.000515616785963726	0.175966359372473	2.35617200103626e-08	topological descriptor; not therapeutic evidence
panel30	GAPDH	2	0.00122624502789792	0.116016208146726	2.43960887074781e-11	topological descriptor; not therapeutic evidence
panel30	CARD11	4	0.000706926613181716	0.193387842161394	2.90471208673355e-08	topological descriptor; not therapeutic evidence
panel30	IRF7	5	0.00393652160933472	0.213626546239937	1.17923165132611e-06	topological descriptor; not therapeutic evidence
panel30	ITGB2	7	0.0048176192953314	0.200552995391705	2.22557946597496e-06	topological descriptor; not therapeutic evidence
panel30	SOCS6	3	0.000696338365449959	0.215873015873016	9.76874817775984e-06	topological descriptor; not therapeutic evidence
panel30	MAP2K7	2	0.00122624502789792	0.141999477943096	9.61390005527406e-11	topological descriptor; not therapeutic evidence
panel30	BCL2	8	0.00761456692182124	0.202795899347624	8.37714807301999e-06	topological descriptor; not therapeutic evidence
panel30	TNFSF11	1	0	1	4.39601231252821e-17	topological descriptor; not therapeutic evidence
panel30	MAP3K1	2	0.000405020615003263	0.184751231108847	5.7838077196053e-08	topological descriptor; not therapeutic evidence
panel30	ROCK1	2	0.00122624502789792	0.126218097447796	2.63736606159963e-11	topological descriptor; not therapeutic evidence
panel30	GP1BB	2	0.00122624502789792	0.188888888888889	8.40122107380721e-06	topological descriptor; not therapeutic evidence
panel30	CSF2RB	6	0.00222301064659248	0.189349112426036	2.00888917422266e-05	topological descriptor; not therapeutic evidence
panel30	FBLN2	6	0.00459493161196796	0.191246264721392	8.27670611425212e-06	topological descriptor; not therapeutic evidence
panel30	PSME4	3	0	0.168629882207068	4.03173411100509e-08	topological descriptor; not therapeutic evidence
panel30	RELA	13	0.0597155404954836	0.245376635092467	0.000417503081718434	topological descriptor; not therapeutic evidence
panel30	SOS1	11	0.0111374193051582	0.224006588429071	2.94384167701144e-05	topological descriptor; not therapeutic evidence
panel30	CDKN1A	7	0.00227158395094044	0.176795580110497	8.70264923324498e-08	topological descriptor; not therapeutic evidence
panel30	NCOA1	5	0.000385670583893255	0.207001522070015	1.85090888479914e-05	topological descriptor; not therapeutic evidence
panel30	IL1R1	2	0.000154141567984762	0.166641139531322	8.31562413826028e-09	topological descriptor; not therapeutic evidence
panel30	PSMD14	30	0.000969553354777208	0.173552400701866	5.95716054208783e-07	topological descriptor; not therapeutic evidence
panel30	CD8A	8	0.00422084543285456	0.173857462448066	7.47072814504864e-07	topological descriptor; not therapeutic evidence
panel30	UBA52	40	0.0549495275048355	0.238178633975482	3.21083044728596e-06	topological descriptor; not therapeutic evidence
panel30	NDUFA11	50	0.000121384001708244	0.182153021932027	0.947555579628194	topological descriptor; not therapeutic evidence
panel30	CHEK1	1	0	0.168786844554763	2.0744796994949e-06	topological descriptor; not therapeutic evidence
panel30	PSMC2	30	0.000192670286952047	0.181939799331104	6.23375298150602e-07	topological descriptor; not therapeutic evidence
panel30	PTPN6	6	0.00490181618095604	0.201743000185426	9.95777826900168e-06	topological descriptor; not therapeutic evidence
panel30	CYLD	6	0.000511519121485277	0.215317633089254	3.84730097480512e-07	topological descriptor; not therapeutic evidence
panel30	PIK3R5	1	0	0.167153172530343	3.44703767110336e-07	topological descriptor; not therapeutic evidence
panel30	CDC7	9	7.50067070206714e-05	0.171934260429836	2.51351429746814e-08	topological descriptor; not therapeutic evidence
panel30	HLA-DPA1	8	0.00197963181201753	0.153239436619718	1.92223217405823e-07	topological descriptor; not therapeutic evidence
panel30	ANAPC7	7	5.68185621476891e-05	0.16258218768679	1.83181148194649e-07	topological descriptor; not therapeutic evidence
panel30	MAPK9	3	0.000739570669191807	0.1723974013627	1.91737359501851e-08	topological descriptor; not therapeutic evidence
panel30	PSMD13	33	0.00111197821737854	0.205865657521287	2.75864367925011e-06	topological descriptor; not therapeutic evidence
panel30	E2F5	6	0.000930670132043724	0.176939339730037	9.90631252400598e-08	topological descriptor; not therapeutic evidence
panel30	CALCOCO2	1	0	0.147345612134345	9.73623001210762e-11	topological descriptor; not therapeutic evidence
panel30	TNF	8	0.00616847131294195	0.18898731978461	3.48605701630722e-07	topological descriptor; not therapeutic evidence
panel30	HLA-DMB	8	4.18530034057168e-05	0.137791286727457	5.83591969396979e-09	topological descriptor; not therapeutic evidence
panel30	HLA-B	10	0.00239243513502741	0.179478719894424	8.59482308868142e-06	topological descriptor; not therapeutic evidence
panel30	PRNP	1	0	1	4.24442568106172e-17	topological descriptor; not therapeutic evidence
panel30	PPP2R2D	2	0	1	8.18567809919046e-17	topological descriptor; not therapeutic evidence
panel30	RHOA	4	0.00367422268248715	0.144392833443928	1.31984039473106e-09	topological descriptor; not therapeutic evidence
panel30	SHC1	9	0.00467605619783295	0.214299783336616	2.6896391644259e-05	topological descriptor; not therapeutic evidence
panel30	RAF1	3	0.00112044113062355	0.184782608695652	1.80040475261707e-07	topological descriptor; not therapeutic evidence
panel30	LTA	4	0.00138358328091933	0.17716984204527	2.59109233902274e-08	topological descriptor; not therapeutic evidence
panel30	ARRB2	4	0.0072143819441382	0.198034219148162	3.58193242492808e-08	topological descriptor; not therapeutic evidence
panel30	TAPBP	6	3.08341352537116e-06	0.152937868990723	7.16138523866797e-07	topological descriptor; not therapeutic evidence
panel30	ACVR1	5	0.0121973964949172	0.185538881309686	1.94655910603397e-07	topological descriptor; not therapeutic evidence
panel30	ESR1	3	0	0.20775253007447	1.81558290899445e-05	topological descriptor; not therapeutic evidence
panel30	TBL1XR1	2	0	0.179153630824963	3.46660694244515e-07	topological descriptor; not therapeutic evidence
panel30	CDC45	14	0.00534966685212243	0.188528851152313	1.95385964978259e-07	topological descriptor; not therapeutic evidence
panel30	NDUFB3	52	0.000104223103537133	0.182244556113903	0.986433833871813	topological descriptor; not therapeutic evidence
panel30	HRAS	10	0.00382886000793774	0.202080237741456	1.05507695326879e-05	topological descriptor; not therapeutic evidence
panel30	LAMP2	2	0.00342441350089285	0.183535762483131	3.61719706298138e-07	topological descriptor; not therapeutic evidence
panel30	PRKCA	2	0.00122624502789792	0.134387351778656	3.3364981855253e-09	topological descriptor; not therapeutic evidence
panel30	ARRB1	2	0.00367196648188384	0.165475285171103	7.15756520656221e-10	topological descriptor; not therapeutic evidence
panel30	MAP2K4	7	0.00534093845832652	0.193766696349065	2.21596912940609e-07	topological descriptor; not therapeutic evidence
panel30	ATP6V0E2	7	0.0011595851252751	0.101143441479967	1.90392809121911e-15	topological descriptor; not therapeutic evidence
panel30	PPP2R5C	4	1.53233624308004e-05	0.521739130434783	1.5158663146649e-16	topological descriptor; not therapeutic evidence
panel30	CDKN1C	1	0	0.178565567044149	1.99929411525726e-06	topological descriptor; not therapeutic evidence
panel30	CUL2	8	0.0125381172108691	0.218781419666197	9.31675587754557e-06	topological descriptor; not therapeutic evidence
panel30	PSMA1	39	0.00122113284424845	0.200663961637772	8.31605813151378e-07	topological descriptor; not therapeutic evidence
panel30	TICAM2	2	0	0.193456614509246	3.22167672049727e-08	topological descriptor; not therapeutic evidence
panel30	CD36	2	0.000140444325987147	0.199012255350284	8.43188008524475e-06	topological descriptor; not therapeutic evidence
panel30	NDUFA5	48	0.000102974457760309	0.182122530967526	0.919291251895151	topological descriptor; not therapeutic evidence
panel30	MED12L	1	0	0.115658552142022	7.14027468966527e-11	topological descriptor; not therapeutic evidence
panel30	ATP6V1F	9	5.90909681818773e-06	0.0920084566596194	3.88061776554214e-16	topological descriptor; not therapeutic evidence
panel30	IRF5	2	0.000348492947139047	0.19390482979861	3.5938778953333e-08	topological descriptor; not therapeutic evidence
panel30	CACNA2D2	2	0	0.100396788779182	3.11662114295103e-14	topological descriptor; not therapeutic evidence
panel30	NDUFA3	50	1.30845585888669e-06	0.182153021932027	0.96358170534944	topological descriptor; not therapeutic evidence
panel30	PSMD6	33	0.00112476375161841	0.203707170941771	2.66078011600929e-06	topological descriptor; not therapeutic evidence
panel30	NDUFB2	51	0.000102976420644947	0.182214034500084	0.974265815568345	topological descriptor; not therapeutic evidence
panel30	CACNA2D3	3	1.12810030165402e-06	0.100406053894426	3.18089387469282e-14	topological descriptor; not therapeutic evidence
panel30	PIK3CG	7	0.00425884965370269	0.200663961637772	1.72572474303499e-05	topological descriptor; not therapeutic evidence
panel30	WWTR1	3	0.000161075719946233	0.18885610137129	4.43427203917394e-07	topological descriptor; not therapeutic evidence
panel30	RAD51B	2	0.00122624502789792	0.178653530377668	9.74249567733878e-05	topological descriptor; not therapeutic evidence
panel30	FLNB	5	0.00196350736081237	0.198503922641854	2.88750680048732e-06	topological descriptor; not therapeutic evidence
panel30	ANAPC13	7	0.000587753734507064	0.17877094972067	1.9572941023732e-07	topological descriptor; not therapeutic evidence
panel30	CAST	3	3.38430090496206e-06	0.8	1.03078909397213e-16	topological descriptor; not therapeutic evidence
panel30	NDUFA13	54	0.0614003129004805	0.21979797979798	0.986363041571491	topological descriptor; not therapeutic evidence
panel30	COX7C	57	0.000924810404657088	0.182397317686505	1	topological descriptor; not therapeutic evidence
panel30	CXCL2	8	0.00163260287227231	0.125635103926097	1.56370341747657e-10	topological descriptor; not therapeutic evidence
panel30	PIK3R1	13	0.00905741950100837	0.231785257775884	0.000430817559792429	topological descriptor; not therapeutic evidence
panel30	LYN	15	0.0209584847125129	0.232727272727273	0.000420430874295596	topological descriptor; not therapeutic evidence
panel30	ATP6V0E1	9	0.000683936324432187	0.101143441479967	1.96456274380571e-15	topological descriptor; not therapeutic evidence
panel30	COX6C	22	1.68777672095282e-05	0.154831364736018	0.313998897613386	topological descriptor; not therapeutic evidence
panel30	UQCRB	55	0.000567399895956368	0.18230563002681	0.991195455245363	topological descriptor; not therapeutic evidence
panel30	NTRK1	1	0	1	3.94125241812874e-17	topological descriptor; not therapeutic evidence
panel30	TYK2	3	6.64598805094673e-05	0.176709436413838	1.70767310699838e-05	topological descriptor; not therapeutic evidence
panel30	CAPN1	3	3.38430090496206e-06	0.8	9.0951978879894e-17	topological descriptor; not therapeutic evidence
panel30	TRAF6	26	0.0613720851685896	0.237814207650273	1.39090529719151e-06	topological descriptor; not therapeutic evidence
panel30	TEAD1	2	0	0.169075369075369	2.94681791486884e-08	topological descriptor; not therapeutic evidence
panel30	HSPA8	7	0.00633157262442907	0.220376747012356	1.81019023453004e-05	topological descriptor; not therapeutic evidence
panel30	ANAPC15	10	0.00179325341608054	0.190076869322152	2.16873437074814e-06	topological descriptor; not therapeutic evidence
panel30	LATS1	7	0.00827162923778189	0.181001497255032	3.71753273994166e-08	topological descriptor; not therapeutic evidence
panel30	HIF1A	15	0.0290234851358451	0.251502542764679	0.000437039309530372	topological descriptor; not therapeutic evidence
panel30	KLRC1	5	0.00133035852864462	0.17015952455427	4.0234978108535e-07	topological descriptor; not therapeutic evidence
panel30	CACNB4	3	0.000610866313345652	0.100387525373685	3.12147191515796e-14	topological descriptor; not therapeutic evidence
panel30	TUBA1A	3	0.00333832986980844	0.152210408505876	8.5121031967179e-08	topological descriptor; not therapeutic evidence
panel30	PSMD9	13	8.35458407042012e-07	0.172945477666508	3.39982612884754e-07	topological descriptor; not therapeutic evidence
panel30	NDUFC1	50	1.30845585888669e-06	0.182153021932027	0.96358170534944	topological descriptor; not therapeutic evidence
panel30	UBC	25	0.00778192255152002	0.211180124223602	7.4654370547876e-07	topological descriptor; not therapeutic evidence
panel30	DAG1	4	0.00855325648714078	0.159835463493463	1.64965862548638e-07	topological descriptor; not therapeutic evidence
panel30	COX4I1	55	0.000667738837383551	0.18230563002681	0.990022605845984	topological descriptor; not therapeutic evidence
panel30	ACTG1	2	0	0.149553264604811	4.10898282575206e-09	topological descriptor; not therapeutic evidence
panel30	NDUFAB1	50	1.29613418867386e-06	0.182153021932027	0.964237603298354	topological descriptor; not therapeutic evidence
panel30	IKBKE	4	0.000984101101522335	0.202985074626866	2.42006654026137e-07	topological descriptor; not therapeutic evidence
panel30	COX6B1	56	0.000818908835786211	0.182336182336182	0.993367480451261	topological descriptor; not therapeutic evidence
panel30	UQCR11	53	0.000316879548516069	0.182244556113903	0.982758094718555	topological descriptor; not therapeutic evidence
panel30	POLD1	8	0.00181890303635271	0.167953071935783	3.47462712259549e-09	topological descriptor; not therapeutic evidence
panel30	VAV1	8	0.00174303221842872	0.193491019028988	9.93237322988603e-06	topological descriptor; not therapeutic evidence
panel30	BIRC2	14	0.00691136540268887	0.21329151146834	3.27850417751597e-07	topological descriptor; not therapeutic evidence
panel30	ANAPC16	9	0.00153948150172541	0.178829717291256	2.3689630477447e-07	topological descriptor; not therapeutic evidence
panel30	CCL3	1	0	1	3.78966578666225e-17	topological descriptor; not therapeutic evidence
panel30	ELOC	6	0.000583032332661015	0.210567060189665	8.38179572697476e-07	topological descriptor; not therapeutic evidence
panel30	NDUFC2-KCTD14	32	4.80042681554902e-08	0.181363560593432	0.621347617276351	topological descriptor; not therapeutic evidence
panel30	UBB	34	0.0240686832783611	0.216259193003379	2.65332431342486e-06	topological descriptor; not therapeutic evidence
panel30	ADRM1	32	0.00080390953546335	0.2053992826128	2.66700091897494e-06	topological descriptor; not therapeutic evidence
panel30	YAP1	12	0.0115824105971315	0.203402505141148	1.44582657127391e-06	topological descriptor; not therapeutic evidence
panel30	CBY1	1	0	0.194982078853047	7.61829772197408e-07	topological descriptor; not therapeutic evidence
panel30	PSMC3	30	0.000260553733668469	0.202343314115678	8.2855496406535e-07	topological descriptor; not therapeutic evidence
panel30	SOCS2	1	0	0.15375918598078	2.01044652903981e-07	topological descriptor; not therapeutic evidence
panel30	PLCG2	3	6.65789233282346e-06	0.167823538485269	5.43918703197373e-07	topological descriptor; not therapeutic evidence
panel30	NDUFA6	51	1.63652328813012e-06	0.182183523107837	0.979801314323075	topological descriptor; not therapeutic evidence
panel30	BTK	6	0.00532298184415851	0.195718654434251	8.65499022414588e-06	topological descriptor; not therapeutic evidence
panel30	PSMB3	39	0.00151919208917396	0.202720327929942	8.83517555885477e-07	topological descriptor; not therapeutic evidence
panel30	NPRL3	9	0.00134434832636534	0.138141188420518	1.22260075396457e-10	topological descriptor; not therapeutic evidence
panel30	NDUFB1	50	6.59882027364571e-07	0.182153021932027	0.967633296019606	topological descriptor; not therapeutic evidence
panel30	DAPK2	1	0	0.111384111384111	1.52235422249167e-12	topological descriptor; not therapeutic evidence
panel30	PTPN11	16	0.0183906614338952	0.239858906525573	0.000465783077676285	topological descriptor; not therapeutic evidence
panel30	CACNA1A	5	0.00853915523337011	0.111543981956121	1.52502214720548e-12	topological descriptor; not therapeutic evidence
panel30	CHD8	2	0.00122624502789792	0.195051989960559	7.62133846914205e-07	topological descriptor; not therapeutic evidence
panel30	TLR5	1	0	0.166488140780413	8.15623153350016e-09	topological descriptor; not therapeutic evidence
panel30	COX7B	56	0.000772658161345317	0.182366744887697	0.996655125394723	topological descriptor; not therapeutic evidence
panel30	MALT1	4	0.000224488121765263	0.182336182336182	1.38694449249906e-08	topological descriptor; not therapeutic evidence
panel30	CARD14	1	0	0.155517438536306	2.9079267341003e-10	topological descriptor; not therapeutic evidence
panel30	EIF3D	40	7.64051288316548e-06	0.682926829268293	1.4552316620783e-15	topological descriptor; not therapeutic evidence
panel30	EIF3E	34	9.40025719955709e-06	0.629213483146067	1.16418532966264e-15	topological descriptor; not therapeutic evidence
panel30	NUP107	13	1.71862885415951e-05	0.636363636363636	2.18284749311746e-16	topological descriptor; not therapeutic evidence
panel30	FANCE	1	0	0.346153846153846	3.63807915519576e-17	topological descriptor; not therapeutic evidence
panel30	RPS12	41	8.3739939331096e-06	0.691358024691358	1.64926255035541e-15	topological descriptor; not therapeutic evidence
panel30	NUP155	17	2.89227782449616e-05	0.636363636363636	3.88061776554214e-16	topological descriptor; not therapeutic evidence
panel30	NUP85	2	0	0.451612903225806	2.72855936639682e-17	topological descriptor; not therapeutic evidence
panel30	EIF3K	40	3.87473126531818e-06	0.708860759493671	1.4552316620783e-15	topological descriptor; not therapeutic evidence
panel30	EIF2S3	14	3.8280541901104e-05	0.509090909090909	5.33584942762045e-16	topological descriptor; not therapeutic evidence
panel30	EIF3G	40	3.82154734812863e-06	0.708860759493671	1.4552316620783e-15	topological descriptor; not therapeutic evidence
panel30	NUP210	4	4.87134221168782e-07	0.459016393442623	6.0634652586596e-17	topological descriptor; not therapeutic evidence
panel30	OASL	1	0	0.416666666666667	3.48649252372927e-17	topological descriptor; not therapeutic evidence
panel30	TUBB2B	1	0	1	3.78966578666225e-17	topological descriptor; not therapeutic evidence
panel30	NUP133	14	1.10031501923835e-05	0.595744680851064	3.15300193450299e-16	topological descriptor; not therapeutic evidence
panel30	CYBA	2	0	0.75	6.97298504745854e-17	topological descriptor; not therapeutic evidence
panel30	KPNA3	2	0	0.378378378378378	5.15394546986066e-17	topological descriptor; not therapeutic evidence
panel30	EIF3J	10	2.54249376891632e-05	0.491228070175439	3.63807915519576e-16	topological descriptor; not therapeutic evidence
panel30	HERC5	1	0	0.5	3.18331926079629e-17	topological descriptor; not therapeutic evidence
panel30	NUP54	11	5.88663248317644e-05	0.571428571428571	2.18284749311746e-16	topological descriptor; not therapeutic evidence
panel30	TARBP2	1	0	0.311111111111111	3.0317326293298e-17	topological descriptor; not therapeutic evidence
panel30	FANCM	4	1.69215045248103e-06	0.529411764705882	1.27332770431852e-16	topological descriptor; not therapeutic evidence
panel30	PML	1	0	1	3.63807915519576e-17	topological descriptor; not therapeutic evidence
panel30	SOD1	2	3.38430090496206e-06	0.571428571428571	7.5793315733245e-17	topological descriptor; not therapeutic evidence
panel30	RPS11	43	1.6696240959955e-05	0.756756756756757	1.74627799449396e-15	topological descriptor; not therapeutic evidence
panel30	RPS3	42	5.21265144975814e-06	0.717948717948718	1.4552316620783e-15	topological descriptor; not therapeutic evidence
panel30	RANBP2	17	7.87432058460707e-05	0.7	4.36569498623491e-16	topological descriptor; not therapeutic evidence
panel30	NUP205	12	3.86032504740243e-06	0.571428571428571	2.42538610346384e-16	topological descriptor; not therapeutic evidence
panel30	UBE2L6	1	0	0.5	3.48649252372927e-17	topological descriptor; not therapeutic evidence
panel30	NCF1	3	5.6405015082701e-07	1	1.15205839914532e-16	topological descriptor; not therapeutic evidence
panel30	KPNB1	12	0.000116155873105535	0.583333333333333	3.39554054484937e-16	topological descriptor; not therapeutic evidence
panel30	EIF4A1	27	3.84531637386927e-05	0.571428571428571	1.01866216345481e-15	topological descriptor; not therapeutic evidence
panel30	NUP35	2	3.04587081446586e-05	0.378378378378378	4.85077220692768e-17	topological descriptor; not therapeutic evidence
panel30	RPS23	42	5.0513654082667e-06	0.727272727272727	1.55224710621686e-15	topological descriptor; not therapeutic evidence
panel30	CENPS	3	1.31611701859636e-06	0.5	9.0951978879894e-17	topological descriptor; not therapeutic evidence
panel30	NUP98	13	1.42438269214475e-05	0.636363636363636	2.91046332415661e-16	topological descriptor; not therapeutic evidence
panel30	RPS15A	43	1.48827403210651e-05	0.746666666666667	1.55224710621686e-15	topological descriptor; not therapeutic evidence
panel30	RPS27L	28	1.6797081697422e-07	0.608695652173913	1.11567760759337e-15	topological descriptor; not therapeutic evidence
panel30	EIF3C	34	5.66257857660306e-07	0.651162790697675	1.2612007738012e-15	topological descriptor; not therapeutic evidence
panel30	UBA7	1	0	0.5	3.33490589226278e-17	topological descriptor; not therapeutic evidence
panel30	FAAP100	4	1.03409194318285e-05	0.6	1.33396235690511e-16	topological descriptor; not therapeutic evidence
panel30	KPNA4	3	5.6405015082701e-07	0.383561643835616	9.70154441385536e-17	topological descriptor; not therapeutic evidence
panel30	RPS2	41	3.62307729548564e-06	0.717948717948718	1.4552316620783e-15	topological descriptor; not therapeutic evidence
panel30	PRDX6	1	0	1	4.09283904959523e-17	topological descriptor; not therapeutic evidence
panel30	NUP43	4	0	0.411764705882353	6.66981178452556e-17	topological descriptor; not therapeutic evidence
panel30	ATP7A	2	3.38430090496206e-06	0.571428571428571	6.97298504745854e-17	topological descriptor; not therapeutic evidence
panel30	NUP50	5	1.89038546925719e-06	0.518518518518519	8.48885136212344e-17	topological descriptor; not therapeutic evidence
panel30	RPS21	43	1.6696240959955e-05	0.756756756756757	1.64926255035541e-15	topological descriptor; not therapeutic evidence
panel30	RPS3A	42	1.01402908762534e-05	0.727272727272727	1.4552316620783e-15	topological descriptor; not therapeutic evidence
panel30	RPS26	4	1.34117250836215e-05	0.486956521739131	1.5158663146649e-16	topological descriptor; not therapeutic evidence
panel30	NUP214	11	9.59810477009053e-06	0.583333333333333	1.94030888277107e-16	topological descriptor; not therapeutic evidence
panel30	EIF3B	39	2.20250813050014e-06	0.666666666666667	1.2612007738012e-15	topological descriptor; not therapeutic evidence
panel30	ILF2	1	0	0.311111111111111	3.33490589226278e-17	topological descriptor; not therapeutic evidence
panel30	NCF2	2	0	0.75	6.36663852159258e-17	topological descriptor; not therapeutic evidence
panel30	DHX9	5	0.000183034273943365	0.448	2.06157818794426e-16	topological descriptor; not therapeutic evidence
panel30	EIF3A	22	3.66908142585152e-05	0.595744680851064	8.73138997246982e-16	topological descriptor; not therapeutic evidence
panel30	GBP5	1	0	0.571428571428571	3.48649252372927e-17	topological descriptor; not therapeutic evidence
panel30	GBP4	1	0	0.571428571428571	3.63807915519576e-17	topological descriptor; not therapeutic evidence
panel30	GBP2	4	5.6405015082701e-06	1	1.5158663146649e-16	topological descriptor; not therapeutic evidence
panel30	GBP1	2	0	0.666666666666667	6.97298504745854e-17	topological descriptor; not therapeutic evidence
panel30	NDC1	13	7.33771599090255e-06	0.583333333333333	2.42538610346384e-16	topological descriptor; not therapeutic evidence
panel30	IFIT1	2	0	1	7.88250483625748e-17	topological descriptor; not therapeutic evidence
panel30	IFIT3	2	0	1	7.5793315733245e-17	topological descriptor; not therapeutic evidence
panel30	NUP188	10	2.4536181560975e-06	0.518518518518519	1.69777027242469e-16	topological descriptor; not therapeutic evidence
panel30	EIF3I	39	3.60475346388747e-06	0.7	1.4552316620783e-15	topological descriptor; not therapeutic evidence
panel30	RPS4X	41	9.58678610687939e-06	0.717948717948718	1.55224710621686e-15	topological descriptor; not therapeutic evidence
panel30	EIF2S2	40	1.34585220593027e-05	0.682926829268293	1.55224710621686e-15	topological descriptor; not therapeutic evidence
panel30	NUP160	13	1.35594237773051e-05	0.583333333333333	2.91046332415661e-16	topological descriptor; not therapeutic evidence
panel30	RPS16	42	5.18445643015674e-06	0.727272727272727	1.64926255035541e-15	topological descriptor; not therapeutic evidence
panel30	FANCG	2	9.02480241323216e-06	0.428571428571429	7.88250483625748e-17	topological descriptor; not therapeutic evidence
panel30	DDX58	2	4.51240120661608e-06	0.625	7.27615831039152e-17	topological descriptor; not therapeutic evidence
panel30	FANCA	4	1.69215045248103e-05	0.6	1.33396235690511e-16	topological descriptor; not therapeutic evidence
panel30	RPS9	43	6.79518664024033e-06	0.736842105263158	1.74627799449396e-15	topological descriptor; not therapeutic evidence
panel30	POM121	1	0	0.417910447761194	1.06110642026543e-17	topological descriptor; not therapeutic evidence
panel30	RPS29	41	3.62307729548564e-06	0.717948717948718	1.64926255035541e-15	topological descriptor; not therapeutic evidence
panel30	RPS8	42	5.0513654082667e-06	0.727272727272727	1.55224710621686e-15	topological descriptor; not therapeutic evidence
panel30	EIF4G3	1	0	0.265402843601896	3.78966578666225e-17	topological descriptor; not therapeutic evidence
panel30	FAAP20	5	9.96488599794385e-06	0.6	1.4552316620783e-16	topological descriptor; not therapeutic evidence
panel30	RPS14	42	5.21265144975814e-06	0.717948717948718	1.55224710621686e-15	topological descriptor; not therapeutic evidence
panel30	RPSA	43	6.79518664024033e-06	0.736842105263158	1.55224710621686e-15	topological descriptor; not therapeutic evidence
panel30	RPS18	43	1.21408705619151e-05	0.746666666666667	1.55224710621686e-15	topological descriptor; not therapeutic evidence
panel30	IFI35	1	0	0.4375	3.78966578666225e-17	topological descriptor; not therapeutic evidence
panel30	RPS24	43	1.79188951224842e-05	0.756756756756757	1.74627799449396e-15	topological descriptor; not therapeutic evidence
panel30	EIF4G1	13	0.00014213274742338	0.54368932038835	4.36569498623491e-16	topological descriptor; not therapeutic evidence
panel30	RPS20	43	1.6696240959955e-05	0.756756756756757	1.74627799449396e-15	topological descriptor; not therapeutic evidence
panel30	EIF3H	42	1.66370597550733e-05	0.7	1.55224710621686e-15	topological descriptor; not therapeutic evidence
panel30	EIF3F	41	9.20094305903597e-06	0.717948717948718	1.35821621793975e-15	topological descriptor; not therapeutic evidence
panel30	FAU	44	9.90710802252305e-05	0.767123287671233	1.74627799449396e-15	topological descriptor; not therapeutic evidence
panel30	RPS25	43	1.83216592318197e-05	0.756756756756757	1.55224710621686e-15	topological descriptor; not therapeutic evidence
panel30	RPS13	43	1.48827403210651e-05	0.746666666666667	1.64926255035541e-15	topological descriptor; not therapeutic evidence
panel30	EIF3M	35	6.1681975835747e-06	0.636363636363636	1.2612007738012e-15	topological descriptor; not therapeutic evidence
panel30	NUP153	17	7.24946172958455e-05	0.7	3.39554054484937e-16	topological descriptor; not therapeutic evidence
panel30	RPS15	40	1.29682188339615e-05	0.727272727272727	1.55224710621686e-15	topological descriptor; not therapeutic evidence
panel30	RPS19	42	1.54933202763032e-05	0.746666666666667	1.4552316620783e-15	topological descriptor; not therapeutic evidence
panel30	RPS28	36	0.00022618001301064	0.717948717948718	1.4552316620783e-15	topological descriptor; not therapeutic evidence
panel30	RPS5	42	1.1509062359838e-05	0.736842105263158	1.84329343863252e-15	topological descriptor; not therapeutic evidence
panel30	RPS10	42	5.18445643015674e-06	0.727272727272727	1.74627799449396e-15	topological descriptor; not therapeutic evidence
panel30	RPS7	43	3.70255636342593e-05	0.756756756756757	1.94030888277107e-15	topological descriptor; not therapeutic evidence
panel30	RPS17	43	1.48827403210651e-05	0.746666666666667	1.55224710621686e-15	topological descriptor; not therapeutic evidence
panel30	RPS27	38	2.43380400250531e-06	0.682926829268293	1.55224710621686e-15	topological descriptor; not therapeutic evidence
panel30	DVL3	1	0	0.141464048888311	9.60939368789383e-11	topological descriptor; not therapeutic evidence
panel30	HLA-DOB	7	4.31876133657662e-05	0.137704088090115	4.7221540667495e-09	topological descriptor; not therapeutic evidence
panel30	HLA-DPB1	10	0.000238600570295776	0.139379964130156	1.75638815340621e-08	topological descriptor; not therapeutic evidence
panel30	LCK	10	0.0214719867699545	0.20751478161358	9.44275596992309e-06	topological descriptor; not therapeutic evidence
panel30	ATG14	1	0	0.167849429188522	8.51649560975745e-09	topological descriptor; not therapeutic evidence
panel30	SMCR8	1	0	0.167849429188522	8.51649561127332e-09	topological descriptor; not therapeutic evidence
panel30	ULK2	1	0	0.167849429188522	8.51649560672572e-09	topological descriptor; not therapeutic evidence
panel30	ULK1	1	0	0.148735475051265	3.17992265914502e-11	topological descriptor; not therapeutic evidence
panel30	GABARAPL1	4	0.00141491924651971	0.172780689217088	4.87434417672279e-09	topological descriptor; not therapeutic evidence
panel30	PSMC6	30	0.00940423739516845	0.200663961637772	7.34694859060365e-07	topological descriptor; not therapeutic evidence
panel30	IGF1	1	0	0.164102564102564	1.65044985969515e-07	topological descriptor; not therapeutic evidence
panel30	RFC4	3	7.52066867769347e-07	0.166005492828807	3.52000932235481e-09	topological descriptor; not therapeutic evidence
panel30	CEACAM6	1	0	1	3.18331926079629e-17	topological descriptor; not therapeutic evidence
panel30	FAS	4	0.000174942433733469	0.181545135991991	2.09261518874815e-08	topological descriptor; not therapeutic evidence
panel30	NDUFV1	51	0.000103616357422008	0.182214034500084	0.970870122847093	topological descriptor; not therapeutic evidence
panel30	CD151	2	0	0.172233655216084	2.21174168937089e-07	topological descriptor; not therapeutic evidence
panel30	COL17A1	2	0	0.157544164494642	4.43421428891177e-08	topological descriptor; not therapeutic evidence
panel30	PLEC	1	0	0.157521355146952	4.34564336022896e-08	topological descriptor; not therapeutic evidence
panel30	UQCRHL	10	9.29858114141136e-07	0.154633314383172	0.167821960737409	topological descriptor; not therapeutic evidence
panel30	CCNA2	13	0.0230405212056425	0.217339192968438	0.000100092649187422	topological descriptor; not therapeutic evidence
panel30	MCM3	16	0.00289305447527106	0.177894048397646	7.01767012334092e-08	topological descriptor; not therapeutic evidence
panel30	SEH1L	3	0.00122624502789792	0.120835184362506	3.11869484806949e-12	topological descriptor; not therapeutic evidence
panel30	MAP2K6	2	0	0.75	6.97298504745854e-17	topological descriptor; not therapeutic evidence
panel30	CTNNB1	23	0.0586693162006352	0.242154462497218	3.81402413726905e-05	topological descriptor; not therapeutic evidence
panel30	FOXO1	5	0.000870224258809802	0.197602615328732	1.22290145711728e-06	topological descriptor; not therapeutic evidence
panel30	CDC14A	1	0	0.174863387978142	2.7747411213644e-08	topological descriptor; not therapeutic evidence
panel30	LIFR	4	0.0048970834094801	0.135458167330677	7.47673571595058e-09	topological descriptor; not therapeutic evidence
panel30	BRAF	10	0.00922347061404428	0.20676548840745	8.80680099244242e-06	topological descriptor; not therapeutic evidence
panel30	DUSP6	1	0	0.177632653061225	7.99049052764094e-06	topological descriptor; not therapeutic evidence
panel30	JAK3	9	0.00284699147242153	0.210160324512266	0.000418656884021654	topological descriptor; not therapeutic evidence
panel30	JAK1	18	0.0120332722957795	0.226572261557684	0.000490884090275206	topological descriptor; not therapeutic evidence
panel30	IL15RA	3	0	0.177025707777416	9.29981664234838e-06	topological descriptor; not therapeutic evidence
panel30	IL2RA	3	1.16570364504249e-06	0.177632653061225	9.86375272413583e-06	topological descriptor; not therapeutic evidence
panel30	AMBRA1	3	0.00205821281845984	0.188137644821027	6.04267456521053e-08	topological descriptor; not therapeutic evidence
panel30	CDKN1B	1	0	0.183164983164983	5.96761374245661e-08	topological descriptor; not therapeutic evidence
panel30	PRF1	1	0	1	3.63807915519576e-17	topological descriptor; not therapeutic evidence
panel30	PRIM2	6	5.35765694893851e-05	0.153867911186537	1.33954252760186e-09	topological descriptor; not therapeutic evidence
panel30	ATP6V1C1	8	0.000448458694138638	0.0920006764755623	3.63807915519576e-16	topological descriptor; not therapeutic evidence
panel30	ATP6V0B	11	0.000690594802165045	0.101162250116225	2.11008591001354e-15	topological descriptor; not therapeutic evidence
panel30	SIN3A	3	0.00546467843159827	0.218430034129693	0.000398999423115867	topological descriptor; not therapeutic evidence
panel30	HDAC2	3	0.0016131787810431	0.194633273703041	8.91990579846083e-06	topological descriptor; not therapeutic evidence
panel30	STAG1	8	0	0.154413851830826	2.36270564304695e-06	topological descriptor; not therapeutic evidence
panel30	FGFR2	2	0.00245023385519253	0.137913550513373	3.44003514424681e-09	topological descriptor; not therapeutic evidence
panel30	MMP14	2	6.01653494215478e-06	0.137948522885761	6.88006912734003e-09	topological descriptor; not therapeutic evidence
panel30	CCL5	10	0.00437374156382411	0.143478834234472	3.5673413627643e-09	topological descriptor; not therapeutic evidence
panel30	VPS11	3	0.00081674461839753	0.122522522522523	1.99967020765335e-13	topological descriptor; not therapeutic evidence
panel30	PPP2R3B	1	0	0.363636363636364	3.0317326293298e-17	topological descriptor; not therapeutic evidence
panel30	PPP2CA	4	8.55476062087632e-06	0.545454545454545	1.39459700949171e-16	topological descriptor; not therapeutic evidence
panel30	NRROS	1	0	0.141427271545561	3.37209665363092e-09	topological descriptor; not therapeutic evidence
panel30	LTBP3	1	0	0.141427271545561	3.37209665363092e-09	topological descriptor; not therapeutic evidence
panel30	LTBP1	3	0.00388458030058662	0.189712292938099	8.25585062620705e-06	topological descriptor; not therapeutic evidence
panel30	IKBKG	8	0.00513498201654328	0.214637995659893	3.08124639136817e-07	topological descriptor; not therapeutic evidence
panel30	AKT1	3	0.0025026026651056	0.193353474320242	2.23321181950811e-07	topological descriptor; not therapeutic evidence
panel30	COL3A1	2	0.00122624502789792	0.138616384252771	3.44014051211434e-09	topological descriptor; not therapeutic evidence
panel30	RAD52	1	0	0.142857142857143	1.13872057945719e-10	topological descriptor; not therapeutic evidence
panel30	RPA2	2	0.000299843621795177	0.160282852091927	2.11057814821702e-07	topological descriptor; not therapeutic evidence
panel30	ACTG2	3	0.000612558463798133	0.120167881599293	6.77691683485452e-12	topological descriptor; not therapeutic evidence
panel30	CCL4L2	1	0	0.142875902823375	3.33677200252118e-09	topological descriptor; not therapeutic evidence
panel30	GNG2	1	0	0.142875902823375	3.33677199948945e-09	topological descriptor; not therapeutic evidence
panel30	SUPT20H	1	0	0.164648910411622	4.45568275135351e-09	topological descriptor; not therapeutic evidence
panel30	VWF	1	0	0.160732752252918	1.68652319772341e-07	topological descriptor; not therapeutic evidence
panel30	COL5A1	2	0	0.160804020100503	1.720910877145e-07	topological descriptor; not therapeutic evidence
panel30	IL10RB	1	0	1	3.48649252372927e-17	topological descriptor; not therapeutic evidence
panel30	IL12RB1	1	0	1	4.09283904959523e-17	topological descriptor; not therapeutic evidence
panel30	LAMC3	1	0	0.119995588397485	5.34109280920287e-12	topological descriptor; not therapeutic evidence
panel30	SKP2	2	0.000426400027587142	0.155740051531635	4.01326873768598e-08	topological descriptor; not therapeutic evidence
panel30	CACYBP	1	0	0.135172071064729	8.6175826708172e-11	topological descriptor; not therapeutic evidence
panel30	CUL1	2	0.00223054261640665	0.181272909030323	1.75772444901487e-07	topological descriptor; not therapeutic evidence
panel30	DEPDC5	6	1.16434977119657e-05	0.136734950358175	1.12760893072144e-10	topological descriptor; not therapeutic evidence
panel30	GNGT2	1	0	1	3.48649252372927e-17	topological descriptor; not therapeutic evidence
panel30	ORC4	3	0.00122737312819957	0.144642382345121	2.67177416536434e-10	topological descriptor; not therapeutic evidence
panel30	FLT3LG	1	0	0.133349675205295	7.24406563178781e-10	topological descriptor; not therapeutic evidence
panel30	ACVR1B	3	0.00367422268248715	0.156659467242621	3.89124759616977e-09	topological descriptor; not therapeutic evidence
panel30	FST	1	0	0.119337501371065	1.55318087986669e-12	topological descriptor; not therapeutic evidence
panel30	TGFBR1	12	0.0245009426890194	0.226808421930373	9.72968248259078e-06	topological descriptor; not therapeutic evidence
panel30	MYD88	11	0.0095094114349002	0.199706314243759	4.08333528013818e-07	topological descriptor; not therapeutic evidence
panel30	ACTB	6	0.00504843107177019	0.157932936565539	1.66190307820861e-08	topological descriptor; not therapeutic evidence
panel30	DIABLO	3	6.26702943462615e-05	0.194877306107827	2.27451652939506e-07	topological descriptor; not therapeutic evidence
panel30	ERN1	1	0	0.182642269598791	5.34118040490215e-08	topological descriptor; not therapeutic evidence
panel30	DOCK1	5	0.0146469661840501	0.191549295774648	1.36146935836681e-06	topological descriptor; not therapeutic evidence
panel30	CDC42	5	0.00366116490200296	0.158185519046234	3.7446407880667e-08	topological descriptor; not therapeutic evidence
panel30	CYBB	1	0	0.141060547128225	5.70816079229476e-10	topological descriptor; not therapeutic evidence
panel30	ATP1A2	2	1.12810030165402e-06	1	7.88250483625748e-17	topological descriptor; not therapeutic evidence
panel30	PARP1	2	0.00122624502789792	0.178010471204188	3.1576361820633e-07	topological descriptor; not therapeutic evidence
panel30	MED13	3	0	0.150276243093923	1.75030558932341e-07	topological descriptor; not therapeutic evidence
panel30	COL23A1	1	0	0.13859872611465	3.37142562205767e-09	topological descriptor; not therapeutic evidence
panel30	CREB1	6	0.00487425005506448	0.199085086916743	9.93637245978862e-06	topological descriptor; not therapeutic evidence
panel30	FOSL1	2	0	0.145163442294863	1.13261310768989e-08	topological descriptor; not therapeutic evidence
panel30	TOP3B	1	0	0.144201457919152	5.19524351800024e-09	topological descriptor; not therapeutic evidence
panel30	NOTCH1	2	0.00245023385519253	0.142073648472186	1.43026049310357e-11	topological descriptor; not therapeutic evidence
panel30	NOTCH3	1	0	0.110681586978637	5.73906986732131e-15	topological descriptor; not therapeutic evidence
panel30	CALM1	3	0.0169767814395914	0.166030825576072	1.90716467929554e-07	topological descriptor; not therapeutic evidence
panel30	ABCE1	1	0	1	3.94125241812874e-17	topological descriptor; not therapeutic evidence
panel30	CCNH	5	0.000993650281910203	0.134006651065402	7.81709024486511e-09	topological descriptor; not therapeutic evidence
panel30	EGLN1	3	0.00367196648188384	0.190509542987218	1.96828204065266e-07	topological descriptor; not therapeutic evidence
panel30	MLST8	9	0.0202963101422405	0.164773587763138	3.93331136447194e-09	topological descriptor; not therapeutic evidence
panel30	RRAGA	3	0	0.136941472624292	7.65835550334756e-11	topological descriptor; not therapeutic evidence
panel30	LAMTOR3	5	3.08457682469551e-05	0.137096774193548	7.85268592680844e-11	topological descriptor; not therapeutic evidence
panel30	PTPN13	1	0	0.175795766682824	2.29854135649045e-08	topological descriptor; not therapeutic evidence
panel30	CTBP1	2	0.00036536737016878	0.201295097132285	8.80833575736863e-06	topological descriptor; not therapeutic evidence
panel30	CCND3	2	0	0.164400120882442	4.29255209302301e-09	topological descriptor; not therapeutic evidence
panel30	ITGA6	2	0	0.185191489361702	6.19727501085699e-07	topological descriptor; not therapeutic evidence
panel30	FZD8	4	0.0109662630323787	0.155784650630011	6.30201647361723e-10	topological descriptor; not therapeutic evidence
panel30	FZD7	2	0.00122192064340825	0.118959107806691	2.51824807390021e-13	topological descriptor; not therapeutic evidence
panel30	STRADA	2	1.12810030165402e-06	1	7.27615831039152e-17	topological descriptor; not therapeutic evidence
panel30	MED12	5	0.00141073296302216	0.150359314538419	1.7889747666194e-07	topological descriptor; not therapeutic evidence
panel30	PIAS1	2	0	0.155940948831876	1.6625488422307e-07	topological descriptor; not therapeutic evidence
panel30	BRCA1	7	0.00548100319606128	0.195859585958596	0.000199325050540545	topological descriptor; not therapeutic evidence
panel30	NDUFS1	7	0.000590211556672229	0.170399373531715	0.102135761852294	topological descriptor; not therapeutic evidence
panel30	VAMP8	1	0	0.139397821909033	4.8943018240196e-12	topological descriptor; not therapeutic evidence
panel30	B2M	16	0.00695148743135505	0.179804990910593	8.79513381845443e-06	topological descriptor; not therapeutic evidence
panel30	CD14	1	0	0.142894667717363	1.68567490224404e-10	topological descriptor; not therapeutic evidence
panel30	TLR6	3	0.000112558277603511	0.171500630517024	4.6965992225455e-09	topological descriptor; not therapeutic evidence
panel30	ELANE	1	0	0.165223993925588	1.83638020858042e-07	topological descriptor; not therapeutic evidence
panel30	RAD51	8	0.00687377197340774	0.203022952043292	0.000103856739847455	topological descriptor; not therapeutic evidence
panel30	IGF1R	10	0.00481331356163216	0.228044435128904	0.000411582486342063	topological descriptor; not therapeutic evidence
panel30	ITGA4	6	0.000903860853894308	0.20775253007447	1.14264578609446e-05	topological descriptor; not therapeutic evidence
panel30	ITGB3	6	0.000764317084674716	0.205360513401284	3.62887064981756e-06	topological descriptor; not therapeutic evidence
panel30	COL8A2	1	0	1	3.48649252372927e-17	topological descriptor; not therapeutic evidence
panel30	WNT10B	1	0	0.155384175949729	6.29446501882544e-10	topological descriptor; not therapeutic evidence
panel30	FZD5	1	0	0.155384175949729	6.29446500366677e-10	topological descriptor; not therapeutic evidence
panel30	LRP5	1	0	0.155384175949729	6.2944650339841e-10	topological descriptor; not therapeutic evidence
panel30	RBBP8	3	0.000367290745792991	0.171825647504738	0.00475248181157214	topological descriptor; not therapeutic evidence
panel30	LPIN1	1	0	0.666666666666667	3.63807915519576e-17	topological descriptor; not therapeutic evidence
panel30	LPIN3	1	0	0.666666666666667	4.39601231252821e-17	topological descriptor; not therapeutic evidence
panel30	TAOK3	1	0	1	4.24442568106172e-17	topological descriptor; not therapeutic evidence
panel30	PDGFB	1	0	0.145649263721553	3.6659562899193e-09	topological descriptor; not therapeutic evidence
panel30	GNG7	2	0.00122624502789792	0.143026160115683	3.34069847827447e-09	topological descriptor; not therapeutic evidence
panel30	VEGFD	2	0	0.170452765157449	1.87199862187898e-07	topological descriptor; not therapeutic evidence
panel30	VEGFC	1	0	0.145668764225465	3.74067473213441e-09	topological descriptor; not therapeutic evidence
panel30	SH3GLB1	3	0.00044017950492154	0.166819993866912	7.51696392173232e-10	topological descriptor; not therapeutic evidence
panel30	PIK3R4	2	0	0.146828609986505	3.97552645867658e-11	topological descriptor; not therapeutic evidence
panel30	TFDP2	7	0.000648383355590942	0.180431177446103	2.3387570642576e-07	topological descriptor; not therapeutic evidence
panel30	ATG12	1	0	1	3.94125241812874e-17	topological descriptor; not therapeutic evidence
panel30	TGFBR2	2	0.00122624502789792	0.161065877128053	4.3083105965973e-09	topological descriptor; not therapeutic evidence
panel30	SMAD9	3	0.000501700031871112	0.183876964678046	4.50486250055639e-07	topological descriptor; not therapeutic evidence
panel30	HIPK2	1	0	0.17377415748283	2.11717708774874e-07	topological descriptor; not therapeutic evidence
panel30	PPM1A	1	0	0.17377415748283	2.11717708777906e-07	topological descriptor; not therapeutic evidence
panel30	SMAD5	3	0	0.181363560593432	4.56178919443036e-07	topological descriptor; not therapeutic evidence
panel30	SOCS4	2	0.000390438944592726	0.190643069914141	2.01018301555402e-07	topological descriptor; not therapeutic evidence
panel30	SOCS1	5	0.000940603792364513	0.206021586820678	8.76148618632891e-06	topological descriptor; not therapeutic evidence
panel30	TTI1	4	0.000364722266480084	0.171852787869215	4.90768627963808e-08	topological descriptor; not therapeutic evidence
panel30	NCOA2	6	0.00288365939216667	0.198576382551561	9.96940226113656e-06	topological descriptor; not therapeutic evidence
panel30	IRF3	7	0.00377298562609376	0.209432146294514	9.77987830845915e-06	topological descriptor; not therapeutic evidence
panel30	TBC1D7	2	0.00122624502789792	0.145981483966188	1.70348614953739e-10	topological descriptor; not therapeutic evidence
panel30	DAPK1	1	0	0.135475034242311	3.26211950958596e-09	topological descriptor; not therapeutic evidence
panel30	RPS6KA1	1	0	0.135475034242311	3.26211950958596e-09	topological descriptor; not therapeutic evidence
panel30	BCL10	6	0.00170304910641193	0.184125909629379	1.4558241450972e-08	topological descriptor; not therapeutic evidence
panel30	ZBTB17	1	0	0.194598461813629	8.78535034380221e-06	topological descriptor; not therapeutic evidence
panel30	NFYA	3	0.00122624502789792	0.194702934860415	9.34243617053465e-06	topological descriptor; not therapeutic evidence
panel30	PPP1R12A	4	0.00611317553466314	0.129647283126787	8.64006751586262e-11	topological descriptor; not therapeutic evidence
panel30	CASP7	4	0.000158176829895238	0.179124135660191	1.78693607134299e-07	topological descriptor; not therapeutic evidence
panel30	POLD2	1	0	0.135306553911205	3.14681143964716e-11	topological descriptor; not therapeutic evidence
panel30	EGLN2	1	0	0.138053546504251	7.85928813095533e-11	topological descriptor; not therapeutic evidence
panel30	COL18A1	2	0.00122624502789792	0.170452765157449	1.83532412892444e-07	topological descriptor; not therapeutic evidence
panel30	CALM2	4	0.0133939348815382	0.125331183043428	7.62135260026006e-11	topological descriptor; not therapeutic evidence
panel30	CALM3	1	0	0.100248779139408	3.04522383953032e-14	topological descriptor; not therapeutic evidence
panel30	LAMB3	2	0.00122624502789792	0.119731484538352	5.18653962735858e-12	topological descriptor; not therapeutic evidence
panel30	CD86	1	0	0.132311808342454	3.51046600558275e-09	topological descriptor; not therapeutic evidence
panel30	BAD	3	0.00122624502789792	0.160047072668432	5.58909500799948e-09	topological descriptor; not therapeutic evidence
panel30	FNIP1	2	0	0.120194432169686	3.64311183136045e-12	topological descriptor; not therapeutic evidence
panel30	SDC3	1	0	0.155096222380613	1.66905133350998e-07	topological descriptor; not therapeutic evidence
panel30	FZD6	2	0.00122812519506734	0.119011157295997	2.52112821989807e-13	topological descriptor; not therapeutic evidence
panel30	ROR1	1	0	0.0961980548187445	2.36475145087724e-16	topological descriptor; not therapeutic evidence
panel30	RXRA	1	0	0.143763213530655	1.13910637107235e-08	topological descriptor; not therapeutic evidence
panel30	SEM1	6	0.00347600895044756	0.189580066213626	9.76551826930589e-05	topological descriptor; not therapeutic evidence
panel30	IL22RA1	1	0	0.208668968162639	0.000398668053851613	topological descriptor; not therapeutic evidence
panel30	AREG	2	0	0.205943592655688	9.74809135138363e-06	topological descriptor; not therapeutic evidence
panel30	ITGAM	2	0	0.178565567044149	2.40225851054585e-07	topological descriptor; not therapeutic evidence
panel30	SDHD	3	0	0.138141188420518	0.000550718446211379	topological descriptor; not therapeutic evidence
panel30	DEPTOR	1	0	1	3.63807915519576e-17	topological descriptor; not therapeutic evidence
panel30	ATRX	1	0	0.155317630264097	5.36952628808602e-09	topological descriptor; not therapeutic evidence
panel30	CACNA1H	1	0	0.0836601307189542	5.30553210132715e-17	topological descriptor; not therapeutic evidence
panel30	CDC27	5	0.000231689835538947	0.17542728152209	2.12978353968209e-06	topological descriptor; not therapeutic evidence
panel30	TFDP1	3	5.99027489901018e-05	0.167358867866482	4.73937757447283e-08	topological descriptor; not therapeutic evidence
panel30	SKI	2	2.83347345835431e-05	0.179212650304727	1.78397881801584e-07	topological descriptor; not therapeutic evidence
panel30	TBL1X	3	0.000466340893782321	0.200812107788852	8.92451142888444e-06	topological descriptor; not therapeutic evidence
panel30	TGFA	2	0	0.205748865355522	1.01105968244548e-05	topological descriptor; not therapeutic evidence
panel30	ITCH	5	0.00038478952018075	0.197423335147886	2.27572538245425e-07	topological descriptor; not therapeutic evidence
panel30	FTL	1	0	1	3.63807915519576e-17	topological descriptor; not therapeutic evidence
panel30	F2R	1	0	0.125186975031642	6.81430416163942e-11	topological descriptor; not therapeutic evidence
panel30	LPAR1	1	0	0.125186975031642	6.81430385846615e-11	topological descriptor; not therapeutic evidence
panel30	VAV2	1	0	0.205671077504726	9.55232019273732e-06	topological descriptor; not therapeutic evidence
panel30	ATP6V0D2	1	0	0.0842692277902564	3.0317326293298e-17	topological descriptor; not therapeutic evidence
panel30	CDKN2A	4	0.00692880778980352	0.203859846355631	8.36127822140673e-06	topological descriptor; not therapeutic evidence
panel30	C9orf72	1	0	0.125287885766928	3.95311407204099e-12	topological descriptor; not therapeutic evidence
panel30	SLC38A9	2	0.0252773434591616	0.125896783152048	3.95471937446822e-12	topological descriptor; not therapeutic evidence
panel30	MYL12B	1	0	1	3.63807915519576e-17	topological descriptor; not therapeutic evidence
panel30	VDAC1	6	0.00767906175931748	0.176480129764801	4.58467643983181e-09	topological descriptor; not therapeutic evidence
panel30	VDAC3	3	3.76033433884674e-07	0.130612244897959	5.68727574708184e-12	topological descriptor; not therapeutic evidence
panel30	PGF	1	0	0.145766345123258	7.00112267622892e-09	topological descriptor; not therapeutic evidence
panel30	MAP1LC3B2	1	0	0.143459915611814	1.78933951206791e-11	topological descriptor; not therapeutic evidence
panel30	MAP1LC3B	3	0.000297822314278724	0.174751044008995	1.83161025675669e-09	topological descriptor; not therapeutic evidence
panel30	CSF1	1	0	0.133349675205295	7.24406554083583e-10	topological descriptor; not therapeutic evidence
panel30	BMPR1B	1	0	1	3.78966578666225e-17	topological descriptor; not therapeutic evidence
panel30	BUB3	4	1.16673806511815e-05	0.164723694171083	2.25605030485032e-06	topological descriptor; not therapeutic evidence
panel30	ZFYVE16	1	0	0.148431105047749	4.23232022582248e-09	topological descriptor; not therapeutic evidence
panel30	RXRG	1	0	1	4.09283904959523e-17	topological descriptor; not therapeutic evidence
panel30	GRB10	2	2.18087362656923e-05	0.167797655768044	5.2482301516243e-07	topological descriptor; not therapeutic evidence
panel30	KITLG	1	0	0.165752589884217	3.604012429482e-07	topological descriptor; not therapeutic evidence
panel30	CCNE2	1	0	0.146788990825688	2.72792854772517e-09	topological descriptor; not therapeutic evidence
panel30	ATG2B	2	1.12810030165402e-06	1	8.18567809919046e-17	topological descriptor; not therapeutic evidence
panel30	FZD4	2	2.44421732025038e-06	0.118959107806691	5.03543504138016e-13	topological descriptor; not therapeutic evidence
panel30	CIITA	1	0	1	4.09283904959523e-17	topological descriptor; not therapeutic evidence
panel30	TNFSF13B	1	0	1	3.33490589226278e-17	topological descriptor; not therapeutic evidence
panel30	FGF17	1	0	1	4.39601231252821e-17	topological descriptor; not therapeutic evidence
panel30	BBC3	3	0	0.177835894083034	1.87316345860672e-07	topological descriptor; not therapeutic evidence
panel30	BCL2L11	2	4.02139791434666e-05	0.165853658536585	1.14411564741508e-08	topological descriptor; not therapeutic evidence
panel30	BAK1	1	0	0.160756501182033	1.1175923948961e-08	topological descriptor; not therapeutic evidence
panel30	ERBB4	1	0	0.179715890320449	8.36009069981994e-06	topological descriptor; not therapeutic evidence
panel30	CSF2RA	2	0	0.159297218155198	4.16716379792344e-07	topological descriptor; not therapeutic evidence
panel30	IKBKB	3	0.00544116456914184	0.198648895380683	4.24746335734223e-07	topological descriptor; not therapeutic evidence
panel30	JAM2	2	0	0.164300815463606	1.56590109196128e-08	topological descriptor; not therapeutic evidence
panel30	P4HB	4	0	0.150692520775623	3.65621331609081e-07	topological descriptor; not therapeutic evidence
panel30	GTSE1	1	0	0.167230249000922	2.00054825719341e-06	topological descriptor; not therapeutic evidence
panel30	RAPGEF1	2	4.00467995571858e-06	0.179656538969617	9.38219394090907e-07	topological descriptor; not therapeutic evidence
panel30	LIN52	1	0	0.152873401714205	4.65240858920908e-09	topological descriptor; not therapeutic evidence
panel30	HIPK3	1	0	0.153520530548892	4.81057094718554e-10	topological descriptor; not therapeutic evidence
panel30	PEA15	1	0	0.153520530548892	4.81057097750287e-10	topological descriptor; not therapeutic evidence
panel30	CTRB1	1	0	1	3.63807915519576e-17	topological descriptor; not therapeutic evidence
panel30	GNG5	1	0	1	3.78966578666225e-17	topological descriptor; not therapeutic evidence
panel30	ITPR3	2	0.000218072892281413	0.171554714601072	4.05768750435516e-09	topological descriptor; not therapeutic evidence
panel30	CASP2	1	0	0.16265510539692	7.88144907932944e-09	topological descriptor; not therapeutic evidence
panel30	ATG4B	1	0	0.161616161616162	2.44729072036e-10	topological descriptor; not therapeutic evidence
panel30	PDHA1	1	0	1	3.94125241812874e-17	topological descriptor; not therapeutic evidence
panel30	ATG13	2	0.000467590761326625	0.15013108872637	8.97990897860082e-11	topological descriptor; not therapeutic evidence
panel30	RNASEH2B	1	0	0.666666666666667	3.33490589226278e-17	topological descriptor; not therapeutic evidence
panel30	NEO1	1	0	0.135390741662519	7.76944743367072e-11	topological descriptor; not therapeutic evidence
panel30	VPS16	1	0	0.12248114375774	9.99486454574301e-14	topological descriptor; not therapeutic evidence
panel30	HSPA1L	2	7.24663435054589e-05	0.155162578436965	1.70898129765731e-07	topological descriptor; not therapeutic evidence
panel30	APAF1	4	0.00352978616474166	0.213878513858856	8.5612290399623e-06	topological descriptor; not therapeutic evidence
panel30	RAD1	2	0	0.149862258953168	4.99604275007292e-08	topological descriptor; not therapeutic evidence
panel30	ANAPC4	1	0	0.166233766233766	1.95640212567494e-06	topological descriptor; not therapeutic evidence
panel30	IL18R1	1	0	0.14704689822949	1.59392606275985e-10	topological descriptor; not therapeutic evidence
panel30	IRF9	4	4.26231005731974e-05	0.194563662374821	1.89274159720195e-05	topological descriptor; not therapeutic evidence
panel30	SYCP3	1	0	0.141097133964466	1.25211623953249e-07	topological descriptor; not therapeutic evidence
panel30	ENO1	5	0.0048970834094801	0.131194983721211	1.22087493410186e-09	topological descriptor; not therapeutic evidence
panel30	PPP2R5D	2	0	1	8.48885136212344e-17	topological descriptor; not therapeutic evidence
panel30	FRAT1	1	0	0.182000669120107	2.72221982368243e-08	topological descriptor; not therapeutic evidence
panel30	FBN2	2	0.001041374872211	0.189448023681003	8.25247852954129e-06	topological descriptor; not therapeutic evidence
panel30	MED24	2	0.00122624502789792	0.130769230769231	3.57470491379946e-09	topological descriptor; not therapeutic evidence
panel30	LMNA	1	0	0.666666666666667	4.09283904959523e-17	topological descriptor; not therapeutic evidence
panel30	MFAP2	1	0	0.147846174752004	3.7799627748898e-09	topological descriptor; not therapeutic evidence
panel30	TNFAIP3	3	0.00215253574219024	0.197674418604651	1.86695030609709e-07	topological descriptor; not therapeutic evidence
panel30	COL4A6	1	0	1	4.24442568106172e-17	topological descriptor; not therapeutic evidence
panel30	MAPKAPK5	1	0	1	3.94125241812874e-17	topological descriptor; not therapeutic evidence
panel30	SLC3A2	2	0.00122624502789792	0.160047072668432	1.72093368793162e-07	topological descriptor; not therapeutic evidence
panel30	HSPA1A	2	0	0.198250728862974	8.72284185741067e-06	topological descriptor; not therapeutic evidence
panel30	DDIT3	1	0	0.1678753278815	1.91956775329972e-08	topological descriptor; not therapeutic evidence
panel30	TUBA1C	1	0	0.116738197424893	3.39750146951403e-11	topological descriptor; not therapeutic evidence
panel30	SNTB1	2	0	0.121212121212121	6.72140217233234e-11	topological descriptor; not therapeutic evidence
panel30	FGF9	1	0	0.108140343902197	1.37308686648661e-12	topological descriptor; not therapeutic evidence
panel30	PTEN	2	0.00165949072684927	0.189481017067224	4.26050631617196e-07	topological descriptor; not therapeutic evidence
panel30	GHR	3	0.00122911972167907	0.181666388378694	1.00650983550145e-05	topological descriptor; not therapeutic evidence
panel30	FRMD6	1	0	0.0934467061753844	7.24584098409822e-16	topological descriptor; not therapeutic evidence
panel30	PPP1CB	1	0	0.0934467061753844	7.26099964724487e-16	topological descriptor; not therapeutic evidence
panel30	PKN2	3	0.00611543173526645	0.141685115249381	5.71128355269628e-10	topological descriptor; not therapeutic evidence
panel30	PRKCZ	1	0	0.110445640036545	2.27998420656118e-13	topological descriptor; not therapeutic evidence
panel30	MAP3K4	1	0	0.0995061276751418	4.58549560186132e-15	topological descriptor; not therapeutic evidence
panel30	E2F2	1	0	0.13782619711173	9.576734499731e-11	topological descriptor; not therapeutic evidence
panel30	CASK	1	0	0.150650789255054	3.94215578046857e-09	topological descriptor; not therapeutic evidence
panel30	PRKAA2	1	0	1	3.33490589226278e-17	topological descriptor; not therapeutic evidence
panel30	MAGI1	2	0.00245023385519253	0.171744277821626	2.77677785329075e-08	topological descriptor; not therapeutic evidence
panel30	HK1	1	0	1	4.24442568106172e-17	topological descriptor; not therapeutic evidence
panel30	DLG4	2	0.00122624502789792	0.179271708683473	3.40244893701413e-08	topological descriptor; not therapeutic evidence
panel30	DNA2	1	0	0.157635467980296	2.07024315042802e-06	topological descriptor; not therapeutic evidence
panel30	MYH6	1	0	0.666666666666667	3.48649252372927e-17	topological descriptor; not therapeutic evidence
panel30	PIAS2	1	0	0.155918601318429	1.62934036823659e-07	topological descriptor; not therapeutic evidence
panel30	ADAM12	1	0	0.666666666666667	3.0317326293298e-17	topological descriptor; not therapeutic evidence
panel30	CLIP1	2	0.00112279521581189	0.147007161194433	2.27091692183551e-09	topological descriptor; not therapeutic evidence
panel30	ZNRF3	1	0	1	3.78966578666225e-17	topological descriptor; not therapeutic evidence
panel30	ATP2A2	1	0	1	3.78966578666225e-17	topological descriptor; not therapeutic evidence
panel30	COL9A3	1	0	1	3.78966578666225e-17	topological descriptor; not therapeutic evidence
panel30	PTTG1	1	0	0.145571313888146	4.28215380248609e-08	topological descriptor; not therapeutic evidence
panel30	EFNA4	1	0	0.173996481688789	3.69991387904901e-07	topological descriptor; not therapeutic evidence
panel30	EFNA1	1	0	0.173996481688789	3.69991387904901e-07	topological descriptor; not therapeutic evidence
panel30	FASLG	1	0	0.161065877128053	3.95433567687079e-09	topological descriptor; not therapeutic evidence
panel30	COL4A1	1	0	1	4.24442568106172e-17	topological descriptor; not therapeutic evidence
panel30	PRR5	1	0	0.155096222380613	1.62631181440924e-09	topological descriptor; not therapeutic evidence
panel30	DTNB	1	0	0.10812959650169	1.3157583183323e-12	topological descriptor; not therapeutic evidence
panel30	MAPKAPK3	1	0	0.6	3.48649252372927e-17	topological descriptor; not therapeutic evidence
panel30	IL6	1	0	0.173275999362956	8.3400652795151e-06	topological descriptor; not therapeutic evidence
panel30	S100A9	1	0	0.160709010339734	1.68395834126246e-07	topological descriptor; not therapeutic evidence
panel30	POLE4	2	0.00123970611074002	0.176709436413838	9.18489959852335e-09	topological descriptor; not therapeutic evidence
panel30	MAP3K14	2	0.000140444332650319	0.19047619047619	1.97640473368791e-07	topological descriptor; not therapeutic evidence
panel30	COL16A1	1	0	1	3.78966578666225e-17	topological descriptor; not therapeutic evidence
panel30	NFATC1	2	0.00122624502789792	0.126895264753907	2.35835222122989e-10	topological descriptor; not therapeutic evidence
panel30	PATJ	2	3.71608122672485e-05	0.168656022322121	1.95506265832825e-08	topological descriptor; not therapeutic evidence
panel30	RXRB	1	0	0.166794419745516	1.99387017461489e-07	topological descriptor; not therapeutic evidence
panel30	RASSF5	1	0	0.117456547554788	3.02818550215348e-13	topological descriptor; not therapeutic evidence
panel30	HDAC8	1	0	0.150484094052559	7.74669838222185e-09	topological descriptor; not therapeutic evidence
panel30	TGIF2	1	0	0.191616766467066	8.74918845657961e-06	topological descriptor; not therapeutic evidence
panel30	MYC	1	0	0.191616766467066	8.74918845658567e-06	topological descriptor; not therapeutic evidence
panel30	FGF1	1	0	0.149081940257605	7.05137169667185e-09	topological descriptor; not therapeutic evidence
panel30	HLA-DQB2	2	1.88016716942337e-07	0.130816400144283	4.34229540682057e-10	topological descriptor; not therapeutic evidence
panel30	CSNK2A3	1	0	0.11902417678591	6.50736715423376e-11	topological descriptor; not therapeutic evidence
panel30	ATG9A	1	0	1	3.94125241812874e-17	topological descriptor; not therapeutic evidence
panel30	CSNK1D	2	0	0.150525733259546	1.02643601402537e-09	topological descriptor; not therapeutic evidence
panel30	ANGPT1	1	0	1	3.78966578666225e-17	topological descriptor; not therapeutic evidence
panel30	RFC1	1	0	0.144584717607973	1.02874977324929e-09	topological descriptor; not therapeutic evidence
panel30	CALML4	1	0	0.363636363636364	3.33490589226278e-17	topological descriptor; not therapeutic evidence
panel30	ANAPC10	3	1.12929542128658e-05	0.161688215187992	8.95861349196743e-08	topological descriptor; not therapeutic evidence
panel30	STK3	1	0	0.1330398630472	1.51526178717861e-11	topological descriptor; not therapeutic evidence
panel30	PARVB	1	0	0.149450549450549	1.31501896969599e-10	topological descriptor; not therapeutic evidence
panel30	ALDOA	1	0	0.103965599617774	4.87337377367933e-13	topological descriptor; not therapeutic evidence
panel30	TLN2	1	0	0.167076167076167	4.44546924067592e-08	topological descriptor; not therapeutic evidence
panel30	ITGAX	1	0	0.167076167076167	4.44546924006958e-08	topological descriptor; not therapeutic evidence
panel30	MAPK8IP3	3	0.00245023385519253	0.165424965789874	4.81117811227922e-09	topological descriptor; not therapeutic evidence
panel30	TNFRSF11A	1	0	1	3.78966578666225e-17	topological descriptor; not therapeutic evidence
panel30	ACAN	1	0	0.160566706021251	1.6532252832662e-07	topological descriptor; not therapeutic evidence
panel30	NCAM1	1	0	1	3.78966578666225e-17	topological descriptor; not therapeutic evidence
panel30	LTB	1	0	0.150525733259546	5.17556084430532e-10	topological descriptor; not therapeutic evidence
panel30	PRKCB	1	0	0.118479799629751	6.66447017480594e-11	topological descriptor; not therapeutic evidence
panel30	PIK3R6	1	0	0.167153172530343	3.44703767114883e-07	topological descriptor; not therapeutic evidence
panel30	RAD51D	1	0	0.151595374111746	1.9460084665568e-06	topological descriptor; not therapeutic evidence
panel30	PIK3CB	1	0	0.188202733091161	8.6053373452743e-06	topological descriptor; not therapeutic evidence
panel30	TPM3	1	0	1	4.09283904959523e-17	topological descriptor; not therapeutic evidence
panel30	CAPNS1	1	0	0.5	3.63807915519576e-17	topological descriptor; not therapeutic evidence
panel30	SGCE	1	0	0.13782619711173	3.29509992801125e-09	topological descriptor; not therapeutic evidence
panel30	CCL4	1	0	1	3.78966578666225e-17	topological descriptor; not therapeutic evidence
panel30	EIF3L	24	2.13582465980044e-06	0.554455445544555	8.73138997246982e-16	topological descriptor; not therapeutic evidence
panel30	NUP58	13	1.14579645062338e-05	0.571428571428571	2.91046332415661e-16	topological descriptor; not therapeutic evidence
panel30	NUP62	6	5.80740040555587e-06	0.509090909090909	9.70154441385536e-17	topological descriptor; not therapeutic evidence
panel30	CENPX	4	9.40083584711684e-06	0.5	1.39459700949171e-16	topological descriptor; not therapeutic evidence
panel30	POM121C	6	3.37653499708836e-06	0.509090909090909	9.70154441385536e-17	topological descriptor; not therapeutic evidence
panel30	EIF1AX	2	0	0.35	7.27615831039152e-17	topological descriptor; not therapeutic evidence
panel30	TUBB2A	1	0	1	3.33490589226278e-17	topological descriptor; not therapeutic evidence
panel30	NCF4	3	5.6405015082701e-07	1	1.03078909397213e-16	topological descriptor; not therapeutic evidence
panel30	ISG15	4	1.01529027148862e-05	0.833333333333333	1.4552316620783e-16	topological descriptor; not therapeutic evidence
panel30	SP100	1	0	1	3.63807915519576e-17	topological descriptor; not therapeutic evidence
panel30	SOD2	1	0	0.4	3.78966578666225e-17	topological descriptor; not therapeutic evidence
panel30	CCS	2	4.51240120661608e-06	0.666666666666667	7.27615831039152e-17	topological descriptor; not therapeutic evidence
panel30	NUP88	2	0	0.424242424242424	3.63807915519576e-17	topological descriptor; not therapeutic evidence
panel30	SUMO1	1	0	0.417910447761194	1.36427968319841e-17	topological descriptor; not therapeutic evidence
panel30	KPNA1	1	0	0.373333333333333	2.12221284053086e-17	topological descriptor; not therapeutic evidence
panel30	KPNA2	2	0	0.378378378378378	5.76029199572662e-17	topological descriptor; not therapeutic evidence
panel30	EIF4A3	2	5.6405015082701e-07	0.414814814814815	6.97298504745854e-17	topological descriptor; not therapeutic evidence
panel30	NUP37	1	0	0.277227722772277	3.94125241812874e-17	topological descriptor; not therapeutic evidence
panel30	GSTP1	1	0	1	3.63807915519576e-17	topological descriptor; not therapeutic evidence
panel30	ATOX1	1	0	0.4	3.48649252372927e-17	topological descriptor; not therapeutic evidence
panel30	ADAR	1	0	0.311111111111111	3.33490589226278e-17	topological descriptor; not therapeutic evidence
panel30	GBP3	2	0	0.666666666666667	7.5793315733245e-17	topological descriptor; not therapeutic evidence
panel30	IFIT2	2	0	1	7.27615831039152e-17	topological descriptor; not therapeutic evidence
panel30	FAAP24	1	0	0.310344827586207	3.78966578666225e-17	topological descriptor; not therapeutic evidence
panel30	FANCL	2	0	0.45	5.76029199572662e-17	topological descriptor; not therapeutic evidence
panel30	EIF4G2	2	6.20455165909711e-05	0.358974358974359	7.5793315733245e-17	topological descriptor; not therapeutic evidence
