network	algorithm	module	ID	Description	GeneRatio	BgRatio	RichFactor	FoldEnrichment	zScore	pvalue	p.adjust	qvalue	geneID	Count
panel30	walktrap	84	GOBP_WNT_SIGNALING_PATHWAY_PLANAR_CELL_POLARITY_PATHWAY	GOBP_WNT_SIGNALING_PATHWAY_PLANAR_CELL_POLARITY_PATHWAY	3/3	34/2116	0.0882352941176471	62.2352941176471	13.5602272815169	3.79500032299359e-06	0.000303600025839487	0.000159789487283941	DVL3/DVL2/VANGL1	3
panel30	walktrap	84	GOBP_NON_CANONICAL_WNT_SIGNALING_PATHWAY	GOBP_NON_CANONICAL_WNT_SIGNALING_PATHWAY	3/3	49/2116	0.0612244897959184	43.1836734693878	11.2548124672981	1.16843392297516e-05	0.000467373569190066	0.000245986089047403	DVL3/DVL2/VANGL1	3
panel30	walktrap	84	GOBP_NEURON_PROJECTION_ARBORIZATION	GOBP_NEURON_PROJECTION_ARBORIZATION	2/3	11/2116	0.181818181818182	128.242424242424	15.9392650309218	7.35281312580009e-05	0.00196075016688002	0.00103197377204212	DVL3/DVL2	2
panel30	walktrap	84	GOBP_WNT_SIGNALING_PATHWAY	GOBP_WNT_SIGNALING_PATHWAY	3/3	185/2116	0.0162162162162162	11.4378378378378	5.59849555044383	0.000658430019274466	0.0131686003854893	0.00693084230815228	DVL3/DVL2/VANGL1	3
panel30	walktrap	84	GOBP_REGULATION_OF_CELL_MORPHOGENESIS	GOBP_REGULATION_OF_CELL_MORPHOGENESIS	2/3	50/2116	0.04	28.2133333333333	7.33614065785003	0.00161747302369302	0.0258795683790883	0.013620825462678	DVL3/DVL2	2
panel30	walktrap	84	GOBP_POSITIVE_REGULATION_OF_JNK_CASCADE	GOBP_POSITIVE_REGULATION_OF_JNK_CASCADE	2/3	56/2116	0.0357142857142857	25.1904761904762	6.91147729351191	0.00202948804037738	0.0270598405383651	0.0142420213359816	DVL3/DVL2	2
panel30	walktrap	84	GOBP_REGULATION_OF_JNK_CASCADE	GOBP_REGULATION_OF_JNK_CASCADE	2/3	72/2116	0.0277777777777778	19.5925925925926	6.04688654427989	0.00335113241756881	0.0382986562007864	0.0201571874740981	DVL3/DVL2	2
panel30	walktrap	84	GOBP_POSITIVE_REGULATION_OF_CELL_PROJECTION_ORGANIZATION	GOBP_POSITIVE_REGULATION_OF_CELL_PROJECTION_ORGANIZATION	2/3	83/2116	0.0240963855421687	16.995983935743	5.60076538932724	0.00444579467985348	0.0414306701928432	0.0218056158909701	DVL3/DVL2	2
panel30	walktrap	84	GOBP_REGULATION_OF_ACTIN_FILAMENT_BASED_PROCESS	GOBP_REGULATION_OF_ACTIN_FILAMENT_BASED_PROCESS	2/3	85/2116	0.0235294117647059	16.5960784313725	5.52886488071267	0.00466095039669486	0.0414306701928432	0.0218056158909701	DVL3/DVL2	2
panel30	walktrap	84	GOBP_JNK_CASCADE	GOBP_JNK_CASCADE	2/3	95/2116	0.0210526315789474	14.8491228070175	5.20315755677353	0.00581057420777498	0.0464845936621998	0.0244655756116841	DVL3/DVL2	2
panel30	walktrap	81	GOBP_G_PROTEIN_COUPLED_RECEPTOR_SIGNALING_PATHWAY	GOBP_G_PROTEIN_COUPLED_RECEPTOR_SIGNALING_PATHWAY	5/5	129/2116	0.0387596899224806	16.4031007751938	8.78415822200379	7.8227514196606e-07	0.000226077516028191	0.000204214984429035	GNB3/CX3CL1/GNG12/GNB1/GNG11	5
panel30	walktrap	81	GOBP_EOSINOPHIL_CHEMOTAXIS	GOBP_EOSINOPHIL_CHEMOTAXIS	1/5	10/2116	0.1	42.32	6.37275468311237	0.0234291473334639	0.333667374023025	0.301400505400511	CX3CL1	1
panel30	walktrap	81	GOBP_FEEDING_BEHAVIOR	GOBP_FEEDING_BEHAVIOR	1/5	10/2116	0.1	42.32	6.37275468311237	0.0234291473334639	0.333667374023025	0.301400505400511	GNB3	1
panel30	walktrap	81	GOBP_NEGATIVE_REGULATION_OF_INTERLEUKIN_1_PRODUCTION	GOBP_NEGATIVE_REGULATION_OF_INTERLEUKIN_1_PRODUCTION	1/5	10/2116	0.1	42.32	6.37275468311237	0.0234291473334639	0.333667374023025	0.301400505400511	CX3CL1	1
panel30	walktrap	81	GOBP_NEGATIVE_REGULATION_OF_INTERLEUKIN_6_PRODUCTION	GOBP_NEGATIVE_REGULATION_OF_INTERLEUKIN_6_PRODUCTION	1/5	10/2116	0.1	42.32	6.37275468311237	0.0234291473334639	0.333667374023025	0.301400505400511	CX3CL1	1
panel30	walktrap	81	GOBP_REGULATION_OF_NEUROBLAST_PROLIFERATION	GOBP_REGULATION_OF_NEUROBLAST_PROLIFERATION	1/5	10/2116	0.1	42.32	6.37275468311237	0.0234291473334639	0.333667374023025	0.301400505400511	CX3CL1	1
panel30	walktrap	81	GOBP_EOSINOPHIL_MIGRATION	GOBP_EOSINOPHIL_MIGRATION	1/5	11/2116	0.0909090909090909	38.4727272727273	6.06291760404077	0.0257476916180475	0.333667374023025	0.301400505400511	CX3CL1	1
panel30	walktrap	81	GOBP_POSTSYNAPTIC_SIGNAL_TRANSDUCTION	GOBP_POSTSYNAPTIC_SIGNAL_TRANSDUCTION	1/5	11/2116	0.0909090909090909	38.4727272727273	6.06291760404077	0.0257476916180475	0.333667374023025	0.301400505400511	GNB1	1
panel30	walktrap	81	GOBP_ANGIOGENESIS_INVOLVED_IN_WOUND_HEALING	GOBP_ANGIOGENESIS_INVOLVED_IN_WOUND_HEALING	1/5	12/2116	0.0833333333333333	35.2666666666667	5.79209513593252	0.0280618301177671	0.333667374023025	0.301400505400511	CX3CL1	1
panel30	walktrap	81	GOBP_GLUTAMATE_RECEPTOR_SIGNALING_PATHWAY	GOBP_GLUTAMATE_RECEPTOR_SIGNALING_PATHWAY	1/5	12/2116	0.0833333333333333	35.2666666666667	5.79209513593252	0.0280618301177671	0.333667374023025	0.301400505400511	CX3CL1	1
panel30	walktrap	177	GOBP_PEPTIDE_ANTIGEN_ASSEMBLY_WITH_MHC_CLASS_II_PROTEIN_COMPLEX	GOBP_PEPTIDE_ANTIGEN_ASSEMBLY_WITH_MHC_CLASS_II_PROTEIN_COMPLEX	13/14	14/2116	0.928571428571429	140.34693877551	42.6823126054136	7.42474499729977e-32	2.53183804407922e-29	7.37429967561659e-30	HLA-DQB2/HLA-DOB/HLA-DRA/HLA-DOA/HLA-DPA1/HLA-DMA/HLA-DQA2/HLA-DQB1/HLA-DPB1/HLA-DRB5/HLA-DMB/HLA-DRB1/HLA-DQA1	13
panel30	walktrap	177	GOBP_ANTIGEN_PROCESSING_AND_PRESENTATION_OF_EXOGENOUS_PEPTIDE_ANTIGEN_VIA_MHC_CLASS_II	GOBP_ANTIGEN_PROCESSING_AND_PRESENTATION_OF_EXOGENOUS_PEPTIDE_ANTIGEN_VIA_MHC_CLASS_II	14/14	23/2116	0.608695652173913	92	35.8033401053894	2.0617171376341e-30	3.51522771966614e-28	1.02385469297583e-28	HLA-DQB2/HLA-DOB/HLA-DRA/HLA-DOA/HLA-DPA1/HLA-DMA/HLA-DQA2/HLA-DQB1/HLA-DPB1/HLA-DRB5/HLA-DMB/CD74/HLA-DRB1/HLA-DQA1	14
panel30	walktrap	177	GOBP_ANTIGEN_PROCESSING_AND_PRESENTATION_OF_PEPTIDE_OR_POLYSACCHARIDE_ANTIGEN_VIA_MHC_CLASS_II	GOBP_ANTIGEN_PROCESSING_AND_PRESENTATION_OF_PEPTIDE_OR_POLYSACCHARIDE_ANTIGEN_VIA_MHC_CLASS_II	14/14	24/2116	0.583333333333333	88.1666666666667	35.0411271210612	4.94812113032182e-30	5.6243643514658e-28	1.63816750876131e-28	HLA-DQB2/HLA-DOB/HLA-DRA/HLA-DOA/HLA-DPA1/HLA-DMA/HLA-DQA2/HLA-DQB1/HLA-DPB1/HLA-DRB5/HLA-DMB/CD74/HLA-DRB1/HLA-DQA1	14
panel30	walktrap	177	GOBP_PEPTIDE_ANTIGEN_ASSEMBLY_WITH_MHC_PROTEIN_COMPLEX	GOBP_PEPTIDE_ANTIGEN_ASSEMBLY_WITH_MHC_PROTEIN_COMPLEX	13/14	19/2116	0.68421052631579	103.413533834586	36.5879254115268	1.43573743943451e-28	1.22396616711792e-26	3.56495682267302e-27	HLA-DQB2/HLA-DOB/HLA-DRA/HLA-DOA/HLA-DPA1/HLA-DMA/HLA-DQA2/HLA-DQB1/HLA-DPB1/HLA-DRB5/HLA-DMB/HLA-DRB1/HLA-DQA1	13
panel30	walktrap	177	GOBP_ANTIGEN_PROCESSING_AND_PRESENTATION_OF_EXOGENOUS_PEPTIDE_ANTIGEN	GOBP_ANTIGEN_PROCESSING_AND_PRESENTATION_OF_EXOGENOUS_PEPTIDE_ANTIGEN	14/14	33/2116	0.424242424242424	64.1212121212121	29.8188240831166	2.06580227375822e-27	1.40887715070311e-25	4.10353353355664e-26	HLA-DQB2/HLA-DOB/HLA-DRA/HLA-DOA/HLA-DPA1/HLA-DMA/HLA-DQA2/HLA-DQB1/HLA-DPB1/HLA-DRB5/HLA-DMB/CD74/HLA-DRB1/HLA-DQA1	14
panel30	walktrap	177	GOBP_ANTIGEN_PROCESSING_AND_PRESENTATION_OF_EXOGENOUS_ANTIGEN	GOBP_ANTIGEN_PROCESSING_AND_PRESENTATION_OF_EXOGENOUS_ANTIGEN	14/14	34/2116	0.411764705882353	62.2352941176471	29.3699868392536	3.51186386538896e-27	1.99590929682939e-25	5.81333917253855e-26	HLA-DQB2/HLA-DOB/HLA-DRA/HLA-DOA/HLA-DPA1/HLA-DMA/HLA-DQA2/HLA-DQB1/HLA-DPB1/HLA-DRB5/HLA-DMB/CD74/HLA-DRB1/HLA-DQA1	14
panel30	walktrap	177	GOBP_ANTIGEN_PROCESSING_AND_PRESENTATION_OF_PEPTIDE_ANTIGEN	GOBP_ANTIGEN_PROCESSING_AND_PRESENTATION_OF_PEPTIDE_ANTIGEN	14/14	40/2116	0.35	52.9	27.0387447982781	5.85495722696067e-26	2.85220059199084e-24	8.30739626079076e-25	HLA-DQB2/HLA-DOB/HLA-DRA/HLA-DOA/HLA-DPA1/HLA-DMA/HLA-DQA2/HLA-DQB1/HLA-DPB1/HLA-DRB5/HLA-DMB/CD74/HLA-DRB1/HLA-DQA1	14
panel30	walktrap	177	GOBP_ANTIGEN_PROCESSING_AND_PRESENTATION	GOBP_ANTIGEN_PROCESSING_AND_PRESENTATION	14/14	51/2116	0.274509803921569	41.4901960784314	23.8823900930535	3.2614134714286e-24	1.39017749219644e-22	4.04906840456377e-23	HLA-DQB2/HLA-DOB/HLA-DRA/HLA-DOA/HLA-DPA1/HLA-DMA/HLA-DQA2/HLA-DQB1/HLA-DPB1/HLA-DRB5/HLA-DMB/CD74/HLA-DRB1/HLA-DQA1	14
panel30	walktrap	177	GOBP_POSITIVE_REGULATION_OF_LEUKOCYTE_CELL_CELL_ADHESION	GOBP_POSITIVE_REGULATION_OF_LEUKOCYTE_CELL_CELL_ADHESION	14/14	105/2116	0.133333333333333	20.152380952381	16.4253349135378	2.31475785411728e-19	8.77036031393325e-18	2.55447876570635e-18	HLA-DQB2/HLA-DOB/HLA-DRA/HLA-DOA/HLA-DPA1/HLA-DMA/HLA-DQA2/HLA-DQB1/HLA-DPB1/HLA-DRB5/HLA-DMB/CD74/HLA-DRB1/HLA-DQA1	14
panel30	walktrap	177	GOBP_POSITIVE_REGULATION_OF_CELL_CELL_ADHESION	GOBP_POSITIVE_REGULATION_OF_CELL_CELL_ADHESION	14/14	120/2116	0.116666666666667	17.6333333333333	15.3070849810948	1.68888704354414e-18	5.7591048184855e-17	1.67741238007366e-17	HLA-DQB2/HLA-DOB/HLA-DRA/HLA-DOA/HLA-DPA1/HLA-DMA/HLA-DQA2/HLA-DQB1/HLA-DPB1/HLA-DRB5/HLA-DMB/CD74/HLA-DRB1/HLA-DQA1	14
panel30	walktrap	4	GOBP_CELL_SURFACE_RECEPTOR_PROTEIN_TYROSINE_KINASE_SIGNALING_PATHWAY	GOBP_CELL_SURFACE_RECEPTOR_PROTEIN_TYROSINE_KINASE_SIGNALING_PATHWAY	31/45	236/2116	0.13135593220339	6.17664783427495	12.4336057145277	1.91570919876345e-20	3.23754854591023e-17	8.30612229787932e-19	SHC1/IRS2/CAV2/PIK3CB/ERBB2/PLCG1/EGF/EREG/FYN/ABL1/CD4/LCK/RET/RAPGEF1/VAV2/TGFA/ERBB3/EGFR/IGF1R/PIK3R1/CRK/MET/GRB2/SRC/VAV1/KDR/PIK3CA/SOS1/IRS4/CRKL/PTK2	31
panel30	walktrap	4	GOBP_ENZYME_LINKED_RECEPTOR_PROTEIN_SIGNALING_PATHWAY	GOBP_ENZYME_LINKED_RECEPTOR_PROTEIN_SIGNALING_PATHWAY	33/45	375/2116	0.088	4.13795555555556	9.87266565954734	1.70810141098138e-16	1.44334569227926e-13	3.70298874848787e-15	SHC1/IRS2/CAV2/PIK3CB/ERBB2/CAV1/PLCG1/EGF/EREG/FYN/ABL1/CD4/LCK/RET/RAPGEF1/VAV2/TGFA/ERBB3/EGFR/IGF1R/PIK3R1/CRK/MET/GRB2/SRC/VAV1/KDR/PIK3CA/SOS1/IRS4/CRKL/PTK2/HSP90AB1	33
panel30	walktrap	4	GOBP_POSITIVE_REGULATION_OF_INTRACELLULAR_SIGNAL_TRANSDUCTION	GOBP_POSITIVE_REGULATION_OF_INTRACELLULAR_SIGNAL_TRANSDUCTION	35/45	473/2116	0.0739957716701903	3.4794456189805	9.01857184599545	1.98607691752901e-15	8.65217239456726e-13	2.21976600605401e-14	PRKACA/SHC1/IRS2/CAV2/PIK3CB/ERBB2/CAV1/ZAP70/LAT/PLCG2/EGF/CD36/FYN/ABL1/CD4/LCK/RET/VAV2/TGFA/ERBB3/EGFR/IGF1R/PIK3R1/BTK/CRK/GRB2/SRC/VAV1/KDR/PIK3CA/CD19/SOS1/PTPN6/CRKL/PTK2	35
panel30	walktrap	4	GOBP_IMMUNE_RESPONSE_REGULATING_CELL_SURFACE_RECEPTOR_SIGNALING_PATHWAY	GOBP_IMMUNE_RESPONSE_REGULATING_CELL_SURFACE_RECEPTOR_SIGNALING_PATHWAY	21/45	122/2116	0.172131147540984	8.09398907103825	11.8954053770444	2.04785145433545e-15	8.65217239456726e-13	2.21976600605401e-14	ZAP70/LAT/PLCG1/PLCG2/CD36/FYN/ABL1/CD4/LCK/VAV2/PIK3R1/BTK/GRB2/SRC/VAV1/PIK3CA/CD19/SOS1/PTPN6/CRKL/PTK2	21
panel30	walktrap	4	GOBP_ACTIVATION_OF_IMMUNE_RESPONSE	GOBP_ACTIVATION_OF_IMMUNE_RESPONSE	23/45	178/2116	0.129213483146067	6.07590511860175	10.4284077458539	3.87782312683623e-14	1.31070421687064e-11	3.36268919748751e-13	ESR1/ZAP70/LAT/PLCG1/PLCG2/CD36/FYN/ABL1/CD4/LCK/VAV2/PIK3R1/BTK/GRB2/SRC/VAV1/PIK3CA/CD19/SOS1/PTPN6/HSP90AA1/CRKL/PTK2	23
panel30	walktrap	4	GOBP_ANTIGEN_RECEPTOR_MEDIATED_SIGNALING_PATHWAY	GOBP_ANTIGEN_RECEPTOR_MEDIATED_SIGNALING_PATHWAY	15/45	61/2116	0.245901639344262	11.5628415300546	12.3370453734305	2.34311504770228e-13	6.59977405102809e-11	1.69321107093384e-12	ZAP70/LAT/PLCG1/PLCG2/FYN/ABL1/CD4/LCK/BTK/GRB2/PIK3CA/CD19/SOS1/PTPN6/CRKL	15
panel30	walktrap	4	GOBP_ERBB_SIGNALING_PATHWAY	GOBP_ERBB_SIGNALING_PATHWAY	14/45	53/2116	0.264150943396226	12.420964360587	12.4097345094937	5.87124365917054e-13	1.4174859691426e-10	3.63664409915937e-12	SHC1/ERBB2/PLCG1/EGF/EREG/ABL1/TGFA/ERBB3/EGFR/GRB2/SRC/PIK3CA/SOS1/PTK2	14
panel30	walktrap	4	GOBP_CELLULAR_RESPONSE_TO_OXYGEN_CONTAINING_COMPOUND	GOBP_CELLULAR_RESPONSE_TO_OXYGEN_CONTAINING_COMPOUND	29/45	358/2116	0.0810055865921788	3.8090626939789	8.59339754298281	7.23919037919004e-13	1.5292789676039e-10	3.92345564934883e-12	PRKACA/SHC1/IRS2/CAV2/ESR1/CAV1/PLCG2/CD36/FYN/ABL1/CD4/RET/RAPGEF1/MAPT/EGFR/IGF1R/PIK3R1/BTK/CRK/MET/GRB2/SRC/PIK3CA/SOS1/PTPN6/ADAM15/IRS4/CRKL/PTK2	29
panel30	walktrap	4	GOBP_IMMUNE_RESPONSE_REGULATING_SIGNALING_PATHWAY	GOBP_IMMUNE_RESPONSE_REGULATING_SIGNALING_PATHWAY	22/45	184/2116	0.119565217391304	5.62222222222222	9.67002428924881	9.73656331485682e-13	1.82831022245645e-10	4.69063802158885e-12	ESR1/ZAP70/LAT/PLCG1/PLCG2/CD36/FYN/ABL1/CD4/LCK/VAV2/PIK3R1/BTK/GRB2/SRC/VAV1/PIK3CA/CD19/SOS1/PTPN6/CRKL/PTK2	22
panel30	walktrap	4	GOBP_FC_RECEPTOR_SIGNALING_PATHWAY	GOBP_FC_RECEPTOR_SIGNALING_PATHWAY	11/45	29/2116	0.379310344827586	17.8360153256705	13.4539088222598	2.88657945929325e-12	4.87831928620559e-10	1.25156166848874e-11	PLCG1/PLCG2/FYN/ABL1/LCK/VAV2/BTK/SRC/VAV1/SOS1/PTK2	11
panel30	walktrap	11	GOBP_CANONICAL_NF_KAPPAB_SIGNAL_TRANSDUCTION	GOBP_CANONICAL_NF_KAPPAB_SIGNAL_TRANSDUCTION	33/58	150/2116	0.22	8.02620689655173	14.9837771154655	1.42913100706773e-24	1.98363383781e-21	8.81451294338368e-22	TRAF5/CD40/TRAF6/TLR4/TIRAP/TICAM2/TNFAIP3/ERC1/TRAF3/IKBKG/RIPK1/IRAK1/XIAP/TANK/TAB2/RBX1/CHUK/CYLD/TRADD/MYD88/IKBKE/OPTN/BIRC2/HSPB1/TAB3/TRAF2/TAB1/IRF3/PPP5C/MAP3K7/TLR3/TBK1/ITCH	33
panel30	walktrap	11	GOBP_TYPE_I_INTERFERON_PRODUCTION	GOBP_TYPE_I_INTERFERON_PRODUCTION	21/58	59/2116	0.355932203389831	12.9853886616014	15.6713885792552	7.45069828216523e-20	5.17078460782267e-17	2.29769965526609e-17	TRAF6/TLR4/TIRAP/TICAM2/IRF1/TRAF3/IRAK1/XIAP/TANK/RBX1/CHUK/CYLD/TRADD/MYD88/IKBKE/IRF3/IRF7/IRF5/TLR3/TBK1/ITCH	21
panel30	walktrap	11	GOBP_ACTIVATION_OF_INNATE_IMMUNE_RESPONSE	GOBP_ACTIVATION_OF_INNATE_IMMUNE_RESPONSE	26/58	118/2116	0.220338983050847	8.0385739333723	13.2060955727078	8.30006341804262e-19	3.84016267474772e-16	1.70642196942119e-16	TRAF6/TLR5/TLR4/TIRAP/TICAM2/TNFAIP3/IRF1/TRAF3/IRAK1/XIAP/AKT1/CHUK/CYLD/MYD88/IKBKE/BIRC2/TRAF2/TAB1/IRF3/IRF7/IRF5/HSPA8/MAP3K7/TLR3/TBK1/ITCH	26
panel30	walktrap	11	GOBP_POSITIVE_REGULATION_OF_TYPE_I_INTERFERON_PRODUCTION	GOBP_POSITIVE_REGULATION_OF_TYPE_I_INTERFERON_PRODUCTION	17/58	40/2116	0.425	15.5051724137931	15.5448205842225	1.26542873886662e-17	4.39103772386718e-15	1.95120985104008e-15	TRAF6/TLR4/TICAM2/IRF1/TRAF3/IRAK1/XIAP/TANK/CHUK/TRADD/MYD88/IKBKE/IRF3/IRF7/IRF5/TLR3/TBK1	17
panel30	walktrap	11	GOBP_POSITIVE_REGULATION_OF_CANONICAL_NF_KAPPAB_SIGNAL_TRANSDUCTION	GOBP_POSITIVE_REGULATION_OF_CANONICAL_NF_KAPPAB_SIGNAL_TRANSDUCTION	24/58	110/2116	0.218181818181818	7.95987460815047	12.5828433798143	3.72317327061766e-17	1.03355289992346e-14	4.59271526851202e-15	TRAF5/CD40/TRAF6/TLR4/TIRAP/TICAM2/IKBKG/RIPK1/IRAK1/XIAP/TAB2/RBX1/CHUK/TRADD/MYD88/IKBKE/BIRC2/TAB3/TRAF2/IRF3/PPP5C/MAP3K7/TLR3/TBK1	24
panel30	walktrap	11	GOBP_POSITIVE_REGULATION_OF_DEFENSE_RESPONSE	GOBP_POSITIVE_REGULATION_OF_DEFENSE_RESPONSE	29/58	185/2116	0.156756756756757	5.71891891891892	11.2767444847093	8.2015574427414e-17	1.89729362175418e-14	8.43084992178547e-15	TRAF6/TLR5/TLR4/TIRAP/TICAM2/TNFAIP3/IRF1/TRAF3/RIPK1/IRAK1/XIAP/AKT1/CHUK/CYLD/TRADD/MYD88/IKBKE/OPTN/BIRC2/TRAF2/TAB1/IRF3/IRF7/IRF5/HSPA8/MAP3K7/TLR3/TBK1/ITCH	29
panel30	walktrap	11	GOBP_CYTOPLASMIC_PATTERN_RECOGNITION_RECEPTOR_SIGNALING_PATHWAY	GOBP_CYTOPLASMIC_PATTERN_RECOGNITION_RECEPTOR_SIGNALING_PATHWAY	20/58	71/2116	0.28169014084507	10.2768334142788	13.3453132895557	1.39473745577515e-16	2.76556512659416e-14	1.22891176483699e-14	TRAF6/TLR4/TIRAP/TNFAIP3/IRF1/IRAK1/XIAP/AKT1/CYLD/MYD88/BIRC2/TAB1/IRF3/IRF7/IRF5/HSPA8/MAP3K7/TLR3/TBK1/ITCH	20
panel30	walktrap	11	GOBP_POSITIVE_REGULATION_OF_RESPONSE_TO_BIOTIC_STIMULUS	GOBP_POSITIVE_REGULATION_OF_RESPONSE_TO_BIOTIC_STIMULUS	26/58	148/2116	0.175675675675676	6.40913327120224	11.4522940342167	3.57418619860955e-16	6.20121305458757e-14	2.7555827941859e-14	TRAF6/TLR5/TLR4/TIRAP/TICAM2/TNFAIP3/IRF1/TRAF3/IRAK1/XIAP/AKT1/CHUK/CYLD/MYD88/IKBKE/BIRC2/TRAF2/TAB1/IRF3/IRF7/IRF5/HSPA8/MAP3K7/TLR3/TBK1/ITCH	26
panel30	walktrap	11	GOBP_REGULATION_OF_RESPONSE_TO_BIOTIC_STIMULUS	GOBP_REGULATION_OF_RESPONSE_TO_BIOTIC_STIMULUS	29/58	200/2116	0.145	5.29	10.7009179741539	7.58880620194347e-16	1.1703625564775e-13	5.20064525311383e-14	TRAF6/TLR5/TLR4/TIRAP/TICAM2/TNFAIP3/IRF1/TRAF3/IRAK1/XIAP/RBX1/AKT1/CHUK/CYLD/MYD88/IKBKE/OPTN/BIRC2/TRAF2/TAB1/IRF3/IRF7/IRF5/HSPA8/MAP3K7/CDC37/TLR3/TBK1/ITCH	29
panel30	walktrap	11	GOBP_REGULATION_OF_INNATE_IMMUNE_RESPONSE	GOBP_REGULATION_OF_INNATE_IMMUNE_RESPONSE	27/58	170/2116	0.158823529411765	5.79432048681542	10.9402337728325	1.12922561116909e-15	1.5673651483027e-13	6.96477349971778e-14	TRAF6/TLR5/TLR4/TIRAP/TICAM2/TNFAIP3/IRF1/TRAF3/IRAK1/XIAP/AKT1/CHUK/CYLD/MYD88/IKBKE/BIRC2/TRAF2/TAB1/IRF3/IRF7/IRF5/HSPA8/MAP3K7/CDC37/TLR3/TBK1/ITCH	27
panel30	walktrap	62	GOBP_OXIDATIVE_PHOSPHORYLATION	GOBP_OXIDATIVE_PHOSPHORYLATION	62/69	73/2116	0.849315068493151	26.0456621004566	39.9742729631527	1.8880548791177e-99	7.32565293097669e-97	7.32565293097669e-97	COX6B1/COX5B/NDUFB1/NDUFS7/NDUFS5/NDUFA6/NDUFA7/NDUFS6/NDUFB6/NDUFA2/NDUFV3/COX7A2/COX7A2L/COX7A1/NDUFA9/NDUFB9/NDUFV2/NDUFS8/NDUFS3/NDUFB7/CYC1/NDUFC2-KCTD14/UQCRHL/NDUFA12/UQCR10/NDUFB10/UQCRFS1/COX7C/NDUFB2/NDUFA3/COX5A/UQCR11/NDUFS4/NDUFB11/NDUFB4/UQCRH/NDUFAB1/NDUFA11/COX7B/NDUFA1/COX6A1/UQCRB/NDUFV1/NDUFA10/NDUFA5/COX4I2/NDUFC2/NDUFA8/CYCS/NDUFA13/NDUFB3/NDUFS2/COX6C/NDUFB8/NDUFS1/UQCRQ/COX4I1/UQCRC1/COX8A/NDUFC1/NDUFB5/UQCRC2	62
panel30	walktrap	62	GOBP_ATP_SYNTHESIS_COUPLED_ELECTRON_TRANSPORT	GOBP_ATP_SYNTHESIS_COUPLED_ELECTRON_TRANSPORT	60/69	68/2116	0.882352941176471	27.0588235294118	40.0926806694251	2.3071928047911e-97	4.47595404129474e-95	4.47595404129474e-95	COX6B1/COX5B/NDUFB1/NDUFS7/NDUFS5/NDUFA6/NDUFA7/NDUFS6/NDUFB6/NDUFA2/NDUFV3/COX7A2/COX7A2L/COX7A1/NDUFA9/NDUFB9/NDUFV2/NDUFS8/NDUFS3/NDUFB7/CYC1/NDUFC2-KCTD14/UQCRHL/NDUFA12/UQCR10/NDUFB10/UQCRFS1/COX7C/NDUFB2/NDUFA3/COX5A/UQCR11/NDUFS4/NDUFB4/UQCRH/NDUFAB1/NDUFA11/COX7B/NDUFA1/COX6A1/UQCRB/NDUFV1/NDUFA10/NDUFA5/COX4I2/NDUFC2/NDUFA8/CYCS/NDUFB3/NDUFS2/COX6C/NDUFB8/NDUFS1/UQCRQ/COX4I1/UQCRC1/COX8A/NDUFC1/NDUFB5/UQCRC2	60
panel30	walktrap	62	GOBP_ELECTRON_TRANSPORT_CHAIN	GOBP_ELECTRON_TRANSPORT_CHAIN	60/69	71/2116	0.845070422535211	25.9154929577465	39.1988036269043	7.88874585461056e-95	1.0202777971963e-92	1.0202777971963e-92	COX6B1/COX5B/NDUFB1/NDUFS7/NDUFS5/NDUFA6/NDUFA7/NDUFS6/NDUFB6/NDUFA2/NDUFV3/COX7A2/COX7A2L/COX7A1/NDUFA9/NDUFB9/NDUFV2/NDUFS8/NDUFS3/NDUFB7/CYC1/NDUFC2-KCTD14/UQCRHL/NDUFA12/UQCR10/NDUFB10/UQCRFS1/COX7C/NDUFB2/NDUFA3/COX5A/UQCR11/NDUFS4/NDUFB4/UQCRH/NDUFAB1/NDUFA11/COX7B/NDUFA1/COX6A1/UQCRB/NDUFV1/NDUFA10/NDUFA5/COX4I2/NDUFC2/NDUFA8/CYCS/NDUFB3/NDUFS2/COX6C/NDUFB8/NDUFS1/UQCRQ/COX4I1/UQCRC1/COX8A/NDUFC1/NDUFB5/UQCRC2	60
panel30	walktrap	62	GOBP_CELLULAR_RESPIRATION	GOBP_CELLULAR_RESPIRATION	62/69	125/2116	0.496	15.2106666666667	30.0645452300895	1.34019074082879e-75	1.29998501860392e-73	1.29998501860392e-73	COX6B1/COX5B/NDUFB1/NDUFS7/NDUFS5/NDUFA6/NDUFA7/NDUFS6/NDUFB6/NDUFA2/NDUFV3/COX7A2/COX7A2L/COX7A1/NDUFA9/NDUFB9/NDUFV2/NDUFS8/NDUFS3/NDUFB7/CYC1/NDUFC2-KCTD14/UQCRHL/NDUFA12/UQCR10/NDUFB10/UQCRFS1/COX7C/NDUFB2/NDUFA3/COX5A/UQCR11/NDUFS4/NDUFB11/NDUFB4/UQCRH/NDUFAB1/NDUFA11/COX7B/NDUFA1/COX6A1/UQCRB/NDUFV1/NDUFA10/NDUFA5/COX4I2/NDUFC2/NDUFA8/CYCS/NDUFA13/NDUFB3/NDUFS2/COX6C/NDUFB8/NDUFS1/UQCRQ/COX4I1/UQCRC1/COX8A/NDUFC1/NDUFB5/UQCRC2	62
panel30	walktrap	62	GOBP_GENERATION_OF_PRECURSOR_METABOLITES_AND_ENERGY	GOBP_GENERATION_OF_PRECURSOR_METABOLITES_AND_ENERGY	62/69	153/2116	0.405228758169935	12.4270152505447	26.936377044073	1.89953844173425e-68	1.47404183078578e-66	1.47404183078578e-66	COX6B1/COX5B/NDUFB1/NDUFS7/NDUFS5/NDUFA6/NDUFA7/NDUFS6/NDUFB6/NDUFA2/NDUFV3/COX7A2/COX7A2L/COX7A1/NDUFA9/NDUFB9/NDUFV2/NDUFS8/NDUFS3/NDUFB7/CYC1/NDUFC2-KCTD14/UQCRHL/NDUFA12/UQCR10/NDUFB10/UQCRFS1/COX7C/NDUFB2/NDUFA3/COX5A/UQCR11/NDUFS4/NDUFB11/NDUFB4/UQCRH/NDUFAB1/NDUFA11/COX7B/NDUFA1/COX6A1/UQCRB/NDUFV1/NDUFA10/NDUFA5/COX4I2/NDUFC2/NDUFA8/CYCS/NDUFA13/NDUFB3/NDUFS2/COX6C/NDUFB8/NDUFS1/UQCRQ/COX4I1/UQCRC1/COX8A/NDUFC1/NDUFB5/UQCRC2	62
panel30	walktrap	62	GOBP_MITOCHONDRIAL_ELECTRON_TRANSPORT_NADH_TO_UBIQUINONE	GOBP_MITOCHONDRIAL_ELECTRON_TRANSPORT_NADH_TO_UBIQUINONE	35/69	36/2116	0.972222222222222	29.8148148148148	32.0078295484971	1.10212686840506e-55	7.12708708235275e-54	7.12708708235275e-54	NDUFB1/NDUFS7/NDUFS5/NDUFA6/NDUFA7/NDUFS6/NDUFB6/NDUFA2/NDUFV3/NDUFA9/NDUFB9/NDUFV2/NDUFS8/NDUFS3/NDUFB7/NDUFC2-KCTD14/NDUFB10/NDUFB2/NDUFA3/NDUFS4/NDUFB4/NDUFAB1/NDUFA11/NDUFA1/NDUFV1/NDUFA10/NDUFA5/NDUFC2/NDUFA8/NDUFB3/NDUFS2/NDUFB8/NDUFS1/NDUFC1/NDUFB5	35
panel30	walktrap	62	GOBP_PROTON_TRANSMEMBRANE_TRANSPORT	GOBP_PROTON_TRANSMEMBRANE_TRANSPORT	46/69	79/2116	0.582278481012658	17.8565400843882	28.0289790319221	1.49810310922288e-55	8.30377151969251e-54	8.30377151969251e-54	COX6B1/COX5B/NDUFB1/NDUFS7/NDUFS5/NDUFA6/NDUFA7/NDUFS6/NDUFB6/NDUFA2/NDUFV3/COX7A2L/COX7A1/NDUFA9/NDUFB9/NDUFV2/NDUFS8/NDUFS3/NDUFB7/CYC1/NDUFA12/UQCR10/NDUFB10/UQCRFS1/NDUFB2/NDUFA3/COX5A/NDUFS4/NDUFB4/UQCRH/COX7B/NDUFA1/NDUFV1/NDUFA10/NDUFA5/NDUFC2/NDUFA8/NDUFB3/NDUFS2/NDUFB8/NDUFS1/COX4I1/UQCRC1/COX8A/NDUFC1/NDUFB5	46
panel30	walktrap	62	GOBP_PROTON_MOTIVE_FORCE_DRIVEN_ATP_SYNTHESIS	GOBP_PROTON_MOTIVE_FORCE_DRIVEN_ATP_SYNTHESIS	37/69	42/2116	0.880952380952381	27.015873015873	31.2593168925023	6.36033703456651e-55	3.08476346176475e-53	3.08476346176475e-53	NDUFB1/NDUFS7/NDUFS5/NDUFA6/NDUFA7/NDUFS6/NDUFB6/NDUFA2/NDUFV3/NDUFA9/NDUFB9/NDUFV2/NDUFS8/NDUFS3/NDUFB7/NDUFA12/NDUFB10/NDUFB2/NDUFA3/NDUFS4/NDUFB11/NDUFB4/NDUFAB1/NDUFA11/NDUFA1/NDUFV1/NDUFA10/NDUFA5/NDUFC2/NDUFA8/NDUFA13/NDUFB3/NDUFS2/NDUFB8/NDUFS1/NDUFC1/NDUFB5	37
panel30	walktrap	62	GOBP_ATP_BIOSYNTHETIC_PROCESS	GOBP_ATP_BIOSYNTHETIC_PROCESS	37/69	50/2116	0.74	22.6933333333333	28.4948872591349	2.35021146830057e-49	9.11882049700622e-48	9.11882049700622e-48	NDUFB1/NDUFS7/NDUFS5/NDUFA6/NDUFA7/NDUFS6/NDUFB6/NDUFA2/NDUFV3/NDUFA9/NDUFB9/NDUFV2/NDUFS8/NDUFS3/NDUFB7/NDUFA12/NDUFB10/NDUFB2/NDUFA3/NDUFS4/NDUFB11/NDUFB4/NDUFAB1/NDUFA11/NDUFA1/NDUFV1/NDUFA10/NDUFA5/NDUFC2/NDUFA8/NDUFA13/NDUFB3/NDUFS2/NDUFB8/NDUFS1/NDUFC1/NDUFB5	37
panel30	walktrap	62	GOBP_NUCLEOSIDE_TRIPHOSPHATE_BIOSYNTHETIC_PROCESS	GOBP_NUCLEOSIDE_TRIPHOSPHATE_BIOSYNTHETIC_PROCESS	37/69	50/2116	0.74	22.6933333333333	28.4948872591349	2.35021146830057e-49	9.11882049700622e-48	9.11882049700622e-48	NDUFB1/NDUFS7/NDUFS5/NDUFA6/NDUFA7/NDUFS6/NDUFB6/NDUFA2/NDUFV3/NDUFA9/NDUFB9/NDUFV2/NDUFS8/NDUFS3/NDUFB7/NDUFA12/NDUFB10/NDUFB2/NDUFA3/NDUFS4/NDUFB11/NDUFB4/NDUFAB1/NDUFA11/NDUFA1/NDUFV1/NDUFA10/NDUFA5/NDUFC2/NDUFA8/NDUFA13/NDUFB3/NDUFS2/NDUFB8/NDUFS1/NDUFC1/NDUFB5	37
panel30	walktrap	5	GOBP_PROCESS_UTILIZING_AUTOPHAGIC_MECHANISM	GOBP_PROCESS_UTILIZING_AUTOPHAGIC_MECHANISM	10/11	224/2116	0.0446428571428571	8.58766233766234	8.67954416524087	1.47016072832487e-09	2.76465627300941e-07	2.45938730916315e-07	NRBF2/ULK2/BECN1/ATG16L1/ITPR1/RUBCN/RB1CC1/ATG14/AMBRA1/SMCR8	10
panel30	walktrap	5	GOBP_REGULATION_OF_AUTOPHAGY	GOBP_REGULATION_OF_AUTOPHAGY	9/11	149/2116	0.0604026845637584	11.6192800488103	9.71653695229309	1.64535015265809e-09	2.76465627300941e-07	2.45938730916315e-07	ULK2/BECN1/ATG16L1/ITPR1/RUBCN/RB1CC1/ATG14/AMBRA1/SMCR8	9
panel30	walktrap	5	GOBP_AUTOPHAGOSOME_ORGANIZATION	GOBP_AUTOPHAGOSOME_ORGANIZATION	7/11	56/2116	0.125	24.0454545454546	12.6319721696683	1.88928674693126e-09	2.76465627300941e-07	2.45938730916315e-07	ULK2/BECN1/ATG16L1/RB1CC1/ATG14/AMBRA1/SMCR8	7
panel30	walktrap	5	GOBP_VACUOLE_ORGANIZATION	GOBP_VACUOLE_ORGANIZATION	7/11	78/2116	0.0897435897435897	17.2634032634033	10.5774777548399	2.07314710118908e-08	2.27527894355502e-06	2.0240462487925e-06	ULK2/BECN1/ATG16L1/RB1CC1/ATG14/AMBRA1/SMCR8	7
panel30	walktrap	5	GOBP_MACROAUTOPHAGY	GOBP_MACROAUTOPHAGY	8/11	145/2116	0.0551724137931035	10.6131661442006	8.66827369866078	5.58737017429362e-08	4.9057110130298e-06	4.36403017823775e-06	ULK2/BECN1/ATG16L1/RUBCN/RB1CC1/ATG14/AMBRA1/SMCR8	8
panel30	walktrap	5	GOBP_REGULATION_OF_CATABOLIC_PROCESS	GOBP_REGULATION_OF_CATABOLIC_PROCESS	9/11	324/2116	0.0277777777777778	5.34343434343434	6.139913344359	1.73341598312639e-06	0.000126828269432081	0.000112824092936823	ULK2/BECN1/ATG16L1/ITPR1/RUBCN/RB1CC1/ATG14/AMBRA1/SMCR8	9
panel30	walktrap	5	GOBP_AUTOPHAGY_OF_MITOCHONDRION	GOBP_AUTOPHAGY_OF_MITOCHONDRION	5/11	52/2116	0.0961538461538462	18.4965034965035	9.23259046134131	3.05010671914654e-06	0.000191285264243619	0.000170163848541859	ULK2/BECN1/RB1CC1/ATG14/AMBRA1	5
panel30	walktrap	5	GOBP_ORGANELLE_ASSEMBLY	GOBP_ORGANELLE_ASSEMBLY	7/11	184/2116	0.0380434782608696	7.31818181818182	6.48220778742111	8.23119083806516e-06	0.000429411357488881	0.000381996435986992	ULK2/BECN1/ATG16L1/RB1CC1/ATG14/AMBRA1/SMCR8	7
panel30	walktrap	5	GOBP_AUTOPHAGOSOME_MATURATION	GOBP_AUTOPHAGOSOME_MATURATION	4/11	29/2116	0.137931034482759	26.5329153605016	10.0060728011297	8.80342190751692e-06	0.000429411357488881	0.000381996435986992	BECN1/RUBCN/ATG14/SMCR8	4
panel30	walktrap	5	GOBP_POSITIVE_REGULATION_OF_AUTOPHAGY	GOBP_POSITIVE_REGULATION_OF_AUTOPHAGY	5/11	66/2116	0.0757575757575758	14.5730027548209	8.09648382949076	1.01396072148041e-05	0.000445128756729899	0.00039597834491498	BECN1/ATG16L1/RB1CC1/AMBRA1/SMCR8	5
panel30	walktrap	30	GOBP_PROCESS_UTILIZING_AUTOPHAGIC_MECHANISM	GOBP_PROCESS_UTILIZING_AUTOPHAGIC_MECHANISM	6/6	224/2116	0.0267857142857143	9.44642857142857	7.12731806713163	1.32480592850676e-06	0.000241114678988231	0.000198023622997853	GABARAPL1/TAX1BP1/NBR1/ULK1/CALCOCO2/GABARAPL2	6
panel30	walktrap	30	GOBP_MACROAUTOPHAGY	GOBP_MACROAUTOPHAGY	5/6	145/2116	0.0344827586206897	12.1609195402299	7.42386814280859	8.02620642436104e-06	0.000730384784616854	0.00059985332224172	GABARAPL1/NBR1/ULK1/CALCOCO2/GABARAPL2	5
panel30	walktrap	30	GOBP_AUTOPHAGOSOME_MATURATION	GOBP_AUTOPHAGOSOME_MATURATION	3/6	29/2116	0.103448275862069	36.4827586206897	10.2575757938417	4.5075664485896e-05	0.00273459031214436	0.00224587521298149	GABARAPL1/CALCOCO2/GABARAPL2	3
panel30	walktrap	30	GOBP_MITOPHAGY	GOBP_MITOPHAGY	3/6	41/2116	0.0731707317073171	25.8048780487805	8.5508553038475	0.00012981479287828	0.00590657307596174	0.00485097383913573	GABARAPL1/ULK1/GABARAPL2	3
panel30	walktrap	30	GOBP_AUTOPHAGY_OF_MITOCHONDRION	GOBP_AUTOPHAGY_OF_MITOCHONDRION	3/6	52/2116	0.0576923076923077	20.3461538461539	7.53062541788946	0.000265950937655136	0.00755620924320064	0.00620579359476282	GABARAPL1/ULK1/GABARAPL2	3
panel30	walktrap	30	GOBP_PROTEIN_CONTAINING_COMPLEX_DISASSEMBLY	GOBP_PROTEIN_CONTAINING_COMPLEX_DISASSEMBLY	3/6	52/2116	0.0576923076923077	20.3461538461539	7.53062541788946	0.000265950937655136	0.00755620924320064	0.00620579359476282	GABARAPL1/CALCOCO2/GABARAPL2	3
panel30	walktrap	30	GOBP_CELLULAR_RESPONSE_TO_NITROGEN_LEVELS	GOBP_CELLULAR_RESPONSE_TO_NITROGEN_LEVELS	2/6	10/2116	0.2	70.5333333333333	11.7504216043507	0.000298620268884538	0.00755620924320064	0.00620579359476282	GABARAPL1/GABARAPL2	2
panel30	walktrap	30	GOBP_AUTOPHAGOSOME_ORGANIZATION	GOBP_AUTOPHAGOSOME_ORGANIZATION	3/6	56/2116	0.0535714285714286	18.8928571428571	7.23485249737053	0.000332141065635193	0.00755620924320064	0.00620579359476282	GABARAPL1/ULK1/GABARAPL2	3
panel30	walktrap	30	GOBP_VACUOLE_ORGANIZATION	GOBP_VACUOLE_ORGANIZATION	3/6	78/2116	0.0384615384615385	13.5641025641026	6.02790317773592	0.00089001163418575	0.0179980130468674	0.0147814797724417	GABARAPL1/ULK1/GABARAPL2	3
panel30	walktrap	30	GOBP_RESPONSE_TO_STARVATION	GOBP_RESPONSE_TO_STARVATION	3/6	97/2116	0.0309278350515464	10.9072164948454	5.32548228624623	0.00168943005226861	0.0307476269512886	0.0252525334128571	GABARAPL1/ULK1/GABARAPL2	3
panel30	walktrap	110	GOBP_PROTEOLYSIS_INVOLVED_IN_PROTEIN_CATABOLIC_PROCESS	GOBP_PROTEOLYSIS_INVOLVED_IN_PROTEIN_CATABOLIC_PROCESS	48/52	202/2116	0.237623762376238	9.66945925361767	20.5588462639697	8.41159197751054e-47	4.13009166095768e-44	4.13009166095768e-44	PSME3/PSMB5/PSMA3/PSMB8/PSME4/PSMD2/PSMB4/PSMD13/PSMB10/PSMC5/PSMC6/ADRM1/PSME2/PSMA7/PSMA6/PSMA2/PSMF1/PSMD9/PSMC4/PSMB3/PSMD7/STAM/PSMD11/PSMC1/PSME1/PSMB2/PSMB1/PSMA4/UBA52/PSMD6/PSMC2/PSMD3/PSMA5/RPS27A/PSMD4/PSMD14/PSMB6/PSMC3/PSMD8/PSMA1/STAM2/PSMD12/PSMB7/UBB/SEM1/UBC/PSMD1/PSMB9	48
panel30	walktrap	110	GOBP_MODIFICATION_DEPENDENT_MACROMOLECULE_CATABOLIC_PROCESS	GOBP_MODIFICATION_DEPENDENT_MACROMOLECULE_CATABOLIC_PROCESS	44/52	165/2116	0.266666666666667	10.8512820512821	20.9126034389343	2.34896454197676e-43	5.76670795055295e-41	5.76670795055295e-41	PSMB5/PSMA3/PSMB8/PSMD2/PSMB4/PSMD13/PSMB10/PSMC5/PSMC6/ADRM1/PSMA7/PSMA6/PSMA2/PSMF1/PSMD9/PSMC4/PSMB3/PSMD7/STAM/PSMD11/PSMC1/PSMB2/PSMB1/PSMA4/UBA52/PSMD6/PSMC2/PSMD3/PSMA5/RPS27A/PSMD4/PSMD14/PSMB6/PSMC3/PSMD8/PSMA1/STAM2/PSMD12/PSMB7/UBB/SEM1/UBC/PSMD1/PSMB9	44
panel30	walktrap	110	GOBP_PROTEIN_CATABOLIC_PROCESS	GOBP_PROTEIN_CATABOLIC_PROCESS	49/52	266/2116	0.184210526315789	7.49595141700405	17.9804159175106	1.84647191352689e-42	3.02205903180567e-40	3.02205903180567e-40	PSME3/PSMB5/PSMA3/PSMB8/PSME4/PSMD2/PSMB4/PSMD13/PSMB10/PSMC5/PSMC6/ADRM1/PSME2/PSMA7/PSMA6/PSMA2/PSMF1/PSMD9/PSMC4/MDM4/PSMB3/PSMD7/STAM/PSMD11/PSMC1/PSME1/PSMB2/PSMB1/PSMA4/UBA52/PSMD6/PSMC2/PSMD3/PSMA5/RPS27A/PSMD4/PSMD14/PSMB6/PSMC3/PSMD8/PSMA1/STAM2/PSMD12/PSMB7/UBB/SEM1/UBC/PSMD1/PSMB9	49
panel30	walktrap	110	GOBP_REGULATION_OF_PROTEOLYSIS_INVOLVED_IN_PROTEIN_CATABOLIC_PROCESS	GOBP_REGULATION_OF_PROTEOLYSIS_INVOLVED_IN_PROTEIN_CATABOLIC_PROCESS	38/52	103/2116	0.368932038834951	15.0126960418223	23.1377134194723	8.2025868459409e-42	1.00686753533925e-39	1.00686753533925e-39	PSME3/PSMB5/PSMA3/PSMD2/PSMB4/PSMD13/PSMC5/PSMC6/ADRM1/PSME2/PSMA7/PSMA6/PSMA2/PSMF1/PSMC4/PSMB3/PSMD7/PSMD11/PSMC1/PSME1/PSMB2/PSMB1/PSMA4/PSMD6/PSMC2/PSMD3/PSMA5/PSMD4/PSMD14/PSMB6/PSMC3/PSMD8/PSMA1/PSMD12/PSMB7/UBB/SEM1/PSMD1	38
panel30	walktrap	110	GOBP_RESPONSE_TO_TYPE_I_INTERFERON	GOBP_RESPONSE_TO_TYPE_I_INTERFERON	35/52	78/2116	0.448717948717949	18.2593688362919	24.6474578454564	1.56161538437003e-41	1.53350630745137e-39	1.53350630745137e-39	PSMB5/PSMA3/PSMD2/PSMB4/PSMD13/PSMC5/PSMC6/ADRM1/PSME2/PSMA7/PSMA6/PSMA2/PSMC4/PSMB3/PSMD7/PSMD11/PSMC1/PSME1/PSMB2/PSMB1/PSMA4/PSMD6/PSMC2/PSMD3/PSMA5/PSMD4/PSMD14/PSMB6/PSMC3/PSMD8/PSMA1/PSMD12/PSMB7/SEM1/PSMD1	35
panel30	walktrap	110	GOBP_PROTEASOMAL_PROTEIN_CATABOLIC_PROCESS	GOBP_PROTEASOMAL_PROTEIN_CATABOLIC_PROCESS	42/52	154/2116	0.272727272727273	11.0979020979021	20.6511397598852	4.61404210146286e-41	3.77582445303044e-39	3.77582445303044e-39	PSME3/PSMB5/PSMA3/PSMB8/PSME4/PSMD2/PSMB4/PSMD13/PSMB10/PSMC5/PSMC6/ADRM1/PSME2/PSMA7/PSMA6/PSMA2/PSMF1/PSMC4/PSMB3/PSMD7/PSMD11/PSMC1/PSME1/PSMB2/PSMB1/PSMA4/PSMD6/PSMC2/PSMD3/PSMA5/PSMD4/PSMD14/PSMB6/PSMC3/PSMD8/PSMA1/PSMD12/PSMB7/UBB/SEM1/PSMD1/PSMB9	42
panel30	walktrap	110	GOBP_REGULATION_OF_PROTEIN_CATABOLIC_PROCESS	GOBP_REGULATION_OF_PROTEIN_CATABOLIC_PROCESS	39/52	135/2116	0.288888888888889	11.7555555555556	20.495546621034	2.7108201938815e-38	1.90144673599403e-36	1.90144673599403e-36	PSME3/PSMB5/PSMA3/PSMD2/PSMB4/PSMD13/PSMC5/PSMC6/ADRM1/PSME2/PSMA7/PSMA6/PSMA2/PSMF1/PSMC4/MDM4/PSMB3/PSMD7/PSMD11/PSMC1/PSME1/PSMB2/PSMB1/PSMA4/PSMD6/PSMC2/PSMD3/PSMA5/PSMD4/PSMD14/PSMB6/PSMC3/PSMD8/PSMA1/PSMD12/PSMB7/UBB/SEM1/PSMD1	39
panel30	walktrap	110	GOBP_MACROMOLECULE_CATABOLIC_PROCESS	GOBP_MACROMOLECULE_CATABOLIC_PROCESS	49/52	333/2116	0.147147147147147	5.98775698775699	15.734528815058	2.71947599325108e-37	1.66907839085785e-35	1.66907839085785e-35	PSME3/PSMB5/PSMA3/PSMB8/PSME4/PSMD2/PSMB4/PSMD13/PSMB10/PSMC5/PSMC6/ADRM1/PSME2/PSMA7/PSMA6/PSMA2/PSMF1/PSMD9/PSMC4/MDM4/PSMB3/PSMD7/STAM/PSMD11/PSMC1/PSME1/PSMB2/PSMB1/PSMA4/UBA52/PSMD6/PSMC2/PSMD3/PSMA5/RPS27A/PSMD4/PSMD14/PSMB6/PSMC3/PSMD8/PSMA1/STAM2/PSMD12/PSMB7/UBB/SEM1/UBC/PSMD1/PSMB9	49
panel30	walktrap	110	GOBP_REGULATION_OF_PROTEOLYSIS	GOBP_REGULATION_OF_PROTEOLYSIS	38/52	140/2116	0.271428571428571	11.0450549450549	19.5175308964521	7.42351465008816e-36	4.04993965910365e-34	4.04993965910365e-34	PSME3/PSMB5/PSMA3/PSMD2/PSMB4/PSMD13/PSMC5/PSMC6/ADRM1/PSME2/PSMA7/PSMA6/PSMA2/PSMF1/PSMC4/PSMB3/PSMD7/PSMD11/PSMC1/PSME1/PSMB2/PSMB1/PSMA4/PSMD6/PSMC2/PSMD3/PSMA5/PSMD4/PSMD14/PSMB6/PSMC3/PSMD8/PSMA1/PSMD12/PSMB7/UBB/SEM1/PSMD1	38
panel30	walktrap	110	GOBP_PROTEOLYSIS	GOBP_PROTEOLYSIS	48/52	327/2116	0.146788990825688	5.97318278052223	15.5204796422361	8.25087270979723e-36	4.05117850051044e-34	4.05117850051044e-34	PSME3/PSMB5/PSMA3/PSMB8/PSME4/PSMD2/PSMB4/PSMD13/PSMB10/PSMC5/PSMC6/ADRM1/PSME2/PSMA7/PSMA6/PSMA2/PSMF1/PSMD9/PSMC4/PSMB3/PSMD7/STAM/PSMD11/PSMC1/PSME1/PSMB2/PSMB1/PSMA4/UBA52/PSMD6/PSMC2/PSMD3/PSMA5/RPS27A/PSMD4/PSMD14/PSMB6/PSMC3/PSMD8/PSMA1/STAM2/PSMD12/PSMB7/UBB/SEM1/UBC/PSMD1/PSMB9	48
panel30	walktrap	16	GOBP_EMBRYONIC_EYE_MORPHOGENESIS	GOBP_EMBRYONIC_EYE_MORPHOGENESIS	3/10	11/2116	0.272727272727273	57.7090909090909	12.9911913665423	1.23093693351989e-05	0.00707788736773938	0.00668593113364489	FBN1/FBN2/MFAP2	3
panel30	walktrap	16	GOBP_MAINTENANCE_OF_PROTEIN_LOCATION	GOBP_MAINTENANCE_OF_PROTEIN_LOCATION	3/10	16/2116	0.1875	39.675	10.6981003852017	4.1259734416925e-05	0.011862173644866	0.0112052752416491	LTBP1/FBN1/FBN2	3
panel30	walktrap	16	GOBP_PROTEIN_LOCALIZATION_TO_EXTRACELLULAR_REGION	GOBP_PROTEIN_LOCALIZATION_TO_EXTRACELLULAR_REGION	4/10	75/2116	0.0533333333333333	11.2853333333333	6.24817957606065	0.000260277750837184	0.0493274060393047	0.046595773942849	LTBP1/IGF1/FBN1/FBN2	4
panel30	walktrap	16	GOBP_NEGATIVE_REGULATION_OF_TRANSFORMING_GROWTH_FACTOR_BETA_RECEPTOR_SIGNALING_PATHWAY	GOBP_NEGATIVE_REGULATION_OF_TRANSFORMING_GROWTH_FACTOR_BETA_RECEPTOR_SIGNALING_PATHWAY	3/10	32/2116	0.09375	19.8375	7.39733692031396	0.000351122557699351	0.0493274060393047	0.046595773942849	LTBP1/FBN1/FBN2	3
panel30	walktrap	16	GOBP_SKELETAL_SYSTEM_DEVELOPMENT	GOBP_SKELETAL_SYSTEM_DEVELOPMENT	5/10	160/2116	0.03125	6.6125	5.08695531312699	0.000428933965559172	0.0493274060393047	0.046595773942849	IGF1/BGN/VCAN/FBN1/FBN2	5
panel30	walktrap	16	GOBP_EYE_MORPHOGENESIS	GOBP_EYE_MORPHOGENESIS	3/10	43/2116	0.0697674418604651	14.7627906976744	6.28155380962831	0.000849880466827155	0.0750723931816065	0.070915066145005	FBN1/FBN2/MFAP2	3
panel30	walktrap	16	GOBP_ANIMAL_ORGAN_MORPHOGENESIS	GOBP_ANIMAL_ORGAN_MORPHOGENESIS	6/10	296/2116	0.0202702702702703	4.28918918918919	4.20363518157553	0.000913924786558688	0.0750723931816065	0.070915066145005	ELN/DCN/IGF1/FBN1/FBN2/MFAP2	6
panel30	walktrap	16	GOBP_REGULATION_OF_CELLULAR_RESPONSE_TO_GROWTH_FACTOR_STIMULUS	GOBP_REGULATION_OF_CELLULAR_RESPONSE_TO_GROWTH_FACTOR_STIMULUS	4/10	117/2116	0.0341880341880342	7.23418803418803	4.77960969601294	0.00143906514992954	0.0955433153304419	0.0902523582801063	LTBP1/DCN/FBN1/FBN2	4
panel30	walktrap	16	GOBP_REGULATION_OF_CELLULAR_RESPONSE_TO_TRANSFORMING_GROWTH_FACTOR_BETA_STIMULUS	GOBP_REGULATION_OF_CELLULAR_RESPONSE_TO_TRANSFORMING_GROWTH_FACTOR_BETA_STIMULUS	3/10	53/2116	0.0566037735849057	11.977358490566	5.57586397615087	0.00157326040134732	0.0955433153304419	0.0902523582801063	LTBP1/FBN1/FBN2	3
panel30	walktrap	16	GOBP_NEGATIVE_REGULATION_OF_TRANSMEMBRANE_RECEPTOR_PROTEIN_SERINE_THREONINE_KINASE_SIGNALING_PATHWAY	GOBP_NEGATIVE_REGULATION_OF_TRANSMEMBRANE_RECEPTOR_PROTEIN_SERINE_THREONINE_KINASE_SIGNALING_PATHWAY	3/10	54/2116	0.0555555555555556	11.7555555555556	5.51583669516537	0.00166162287531203	0.0955433153304419	0.0902523582801063	LTBP1/FBN1/FBN2	3
panel30	walktrap	52	GOBP_DNA_REPLICATION_CHECKPOINT_SIGNALING	GOBP_DNA_REPLICATION_CHECKPOINT_SIGNALING	5/7	15/2116	0.333333333333333	100.761904761905	22.3338323564052	1.77826030263315e-10	1.68934728750149e-08	9.73363534072881e-09	RAD9A/RFC3/HUS1/RFC2/RFC4	5
panel30	walktrap	52	GOBP_DNA_INTEGRITY_CHECKPOINT_SIGNALING	GOBP_DNA_INTEGRITY_CHECKPOINT_SIGNALING	6/7	61/2116	0.0983606557377049	29.7330210772834	13.1161450798964	3.06970081103506e-09	1.45810788524165e-07	8.40128643020121e-08	RAD9A/RAD1/RFC3/HUS1/RFC2/RFC4	6
panel30	walktrap	52	GOBP_DNA_REPAIR	GOBP_DNA_REPAIR	7/7	160/2116	0.04375	13.225	9.26382516105034	1.24955606310129e-08	3.9569275331541e-07	2.27989176425499e-07	RAD9A/RAD1/RFC1/RFC3/HUS1/RFC2/RFC4	7
panel30	walktrap	52	GOBP_CELL_CYCLE_CHECKPOINT_SIGNALING	GOBP_CELL_CYCLE_CHECKPOINT_SIGNALING	6/7	83/2116	0.072289156626506	21.8519793459552	11.1630677091441	2.06762825582015e-08	4.91061710757285e-07	2.8293860342802e-07	RAD9A/RAD1/RFC3/HUS1/RFC2/RFC4	6
panel30	walktrap	52	GOBP_NEGATIVE_REGULATION_OF_CELL_CYCLE_PROCESS	GOBP_NEGATIVE_REGULATION_OF_CELL_CYCLE_PROCESS	6/7	117/2116	0.0512820512820513	15.5018315018315	9.29555456483971	1.68884654819818e-07	3.20880844157654e-06	1.84884253697485e-06	RAD9A/RAD1/RFC3/HUS1/RFC2/RFC4	6
panel30	walktrap	52	GOBP_DNA_METABOLIC_PROCESS	GOBP_DNA_METABOLIC_PROCESS	7/7	252/2116	0.0277777777777778	8.3968253968254	7.20590611774221	3.15502090828973e-07	4.99544977145873e-06	2.87826468826431e-06	RAD9A/RAD1/RFC1/RFC3/HUS1/RFC2/RFC4	7
panel30	walktrap	52	GOBP_NEGATIVE_REGULATION_OF_CELL_CYCLE	GOBP_NEGATIVE_REGULATION_OF_CELL_CYCLE	6/7	140/2116	0.0428571428571429	12.9551020408163	8.43120697955783	5.01639916049027e-07	6.80797028923679e-06	3.92259783978186e-06	RAD9A/RAD1/RFC3/HUS1/RFC2/RFC4	6
panel30	walktrap	52	GOBP_DNA_DAMAGE_RESPONSE	GOBP_DNA_DAMAGE_RESPONSE	7/7	277/2116	0.0252707581227437	7.63898916967509	6.82679553987883	6.16421576948547e-07	7.320006226264e-06	4.21762131596375e-06	RAD9A/RAD1/RFC1/RFC3/HUS1/RFC2/RFC4	7
panel30	walktrap	52	GOBP_REGULATION_OF_CELL_CYCLE_PHASE_TRANSITION	GOBP_REGULATION_OF_CELL_CYCLE_PHASE_TRANSITION	6/7	173/2116	0.0346820809248555	10.4838976052849	7.49789619724445	1.79800670897499e-06	1.89789597058471e-05	1.09352454814853e-05	RAD9A/RAD1/RFC3/HUS1/RFC2/RFC4	6
panel30	walktrap	52	GOBP_CELL_CYCLE_PHASE_TRANSITION	GOBP_CELL_CYCLE_PHASE_TRANSITION	6/7	205/2116	0.0292682926829268	8.84738675958188	6.80985022808716	4.97661679264782e-06	4.72778595301543e-05	2.72404287597565e-05	RAD9A/RAD1/RFC3/HUS1/RFC2/RFC4	6
panel30	walktrap	9	GOBP_CELL_CELL_ADHESION_MEDIATED_BY_INTEGRIN	GOBP_CELL_CELL_ADHESION_MEDIATED_BY_INTEGRIN	6/8	18/2116	0.333333333333333	88.1666666666667	22.8743533304826	4.15818929388533e-12	1.2765641132228e-09	9.93588389170496e-10	ITGAX/ITGAL/ICAM3/ITGAM/ICAM1/ITGB2	6
panel30	walktrap	9	GOBP_CELL_ADHESION_MEDIATED_BY_INTEGRIN	GOBP_CELL_ADHESION_MEDIATED_BY_INTEGRIN	6/8	52/2116	0.115384615384615	30.5192307692308	13.2744561616215	4.4344468345702e-09	6.80687589106526e-07	5.29799700761808e-07	ITGAX/ITGAL/ICAM3/ITGAM/ICAM1/ITGB2	6
panel30	walktrap	9	GOBP_PHAGOCYTOSIS	GOBP_PHAGOCYTOSIS	5/8	68/2116	0.0735294117647059	19.4485294117647	9.52392812515363	1.53844980814261e-06	0.000127146340706552	9.89618355576457e-05	ITGAX/ITGAL/ICAM3/ITGAM/ITGB2	5
panel30	walktrap	9	GOBP_INTEGRIN_MEDIATED_SIGNALING_PATHWAY	GOBP_INTEGRIN_MEDIATED_SIGNALING_PATHWAY	5/8	69/2116	0.072463768115942	19.1666666666667	9.44943294815072	1.65662984633944e-06	0.000127146340706552	9.89618355576457e-05	ITGAX/ITGAL/ICAM3/ITGAM/ITGB2	5
panel30	walktrap	9	GOBP_LEUKOCYTE_CELL_CELL_ADHESION	GOBP_LEUKOCYTE_CELL_CELL_ADHESION	6/8	163/2116	0.0368098159509202	9.7361963190184	7.15039348371925	4.70582378981142e-06	0.000260012776362961	0.000202375793706128	ITGAX/ITGAL/ICAM3/ITGAM/ICAM1/ITGB2	6
panel30	walktrap	9	GOBP_CELL_CELL_ADHESION	GOBP_CELL_CELL_ADHESION	7/8	283/2116	0.0247349823321555	6.54240282685512	6.16985487541809	5.08168292566047e-06	0.000260012776362961	0.000202375793706128	ITGAX/ITGAL/ICAM3/TLN2/ITGAM/ICAM1/ITGB2	7
panel30	walktrap	9	GOBP_LEUKOCYTE_ADHESION_TO_VASCULAR_ENDOTHELIAL_CELL	GOBP_LEUKOCYTE_ADHESION_TO_VASCULAR_ENDOTHELIAL_CELL	3/8	22/2116	0.136363636363636	36.0681818181818	10.1835951930597	5.28734051436545e-05	0.00231887648272885	0.00180485157407663	ITGAM/ICAM1/ITGB2	3
panel30	walktrap	9	GOBP_ENDOCYTOSIS	GOBP_ENDOCYTOSIS	5/8	152/2116	0.0328947368421053	8.70065789473684	6.06937202256941	8.41870300783367e-05	0.00302331595994995	0.00235313808643455	ITGAX/ITGAL/ICAM3/ITGAM/ITGB2	5
panel30	walktrap	9	GOBP_HETEROTYPIC_CELL_CELL_ADHESION	GOBP_HETEROTYPIC_CELL_CELL_ADHESION	3/8	26/2116	0.115384615384615	30.5192307692308	9.32789058425137	8.86314125066759e-05	0.00302331595994995	0.00235313808643455	ITGAX/ITGAM/ITGB2	3
panel30	walktrap	9	GOBP_CELL_ADHESION	GOBP_CELL_ADHESION	7/8	442/2116	0.0158371040723982	4.18891402714932	4.6423843637074	0.000109540913370482	0.00336290604047379	0.00261745129843151	ITGAX/ITGAL/ICAM3/TLN2/ITGAM/ICAM1/ITGB2	7
panel30	walktrap	185	GOBP_HOMOPHILIC_CELL_CELL_ADHESION	GOBP_HOMOPHILIC_CELL_CELL_ADHESION	2/2	13/2116	0.153846153846154	162.769230769231	17.9914287139273	3.48576867902775e-05	0.00888871013152075	0.00576069139586691	CEACAM6/CEACAM1	2
panel30	walktrap	185	GOBP_REGULATION_OF_CELL_CELL_ADHESION	GOBP_REGULATION_OF_CELL_CELL_ADHESION	2/2	180/2116	0.0111111111111111	11.7555555555556	4.63910407949202	0.00719945300245345	0.113263715463771	0.0734051736958186	CEACAM6/CEACAM1	2
panel30	walktrap	185	GOBP_IMMUNE_RESPONSE_TO_TUMOR_CELL	GOBP_IMMUNE_RESPONSE_TO_TUMOR_CELL	1/2	10/2116	0.1	105.8	10.2152686230199	0.00943168563729213	0.113263715463771	0.0734051736958186	CEACAM1	1
panel30	walktrap	185	GOBP_LIVER_MORPHOGENESIS	GOBP_LIVER_MORPHOGENESIS	1/2	10/2116	0.1	105.8	10.2152686230199	0.00943168563729213	0.113263715463771	0.0734051736958186	CEACAM1	1
panel30	walktrap	185	GOBP_NEGATIVE_REGULATION_OF_INTERLEUKIN_1_PRODUCTION	GOBP_NEGATIVE_REGULATION_OF_INTERLEUKIN_1_PRODUCTION	1/2	10/2116	0.1	105.8	10.2152686230199	0.00943168563729213	0.113263715463771	0.0734051736958186	CEACAM1	1
panel30	walktrap	185	GOBP_REGULATION_OF_LEUKOCYTE_DEGRANULATION	GOBP_REGULATION_OF_LEUKOCYTE_DEGRANULATION	1/2	11/2116	0.0909090909090909	96.1818181818182	9.73289372375186	0.0103723962872094	0.113263715463771	0.0734051736958186	CEACAM1	1
panel30	walktrap	185	GOBP_NEGATIVE_REGULATION_OF_NATURAL_KILLER_CELL_MEDIATED_IMMUNITY	GOBP_NEGATIVE_REGULATION_OF_NATURAL_KILLER_CELL_MEDIATED_IMMUNITY	1/2	12/2116	0.0833333333333333	88.1666666666667	9.3118481655212	0.0113126600437063	0.113263715463771	0.0734051736958186	CEACAM1	1
panel30	walktrap	185	GOBP_NEGATIVE_REGULATION_OF_T_CELL_MEDIATED_IMMUNITY	GOBP_NEGATIVE_REGULATION_OF_T_CELL_MEDIATED_IMMUNITY	1/2	12/2116	0.0833333333333333	88.1666666666667	9.3118481655212	0.0113126600437063	0.113263715463771	0.0734051736958186	CEACAM1	1
panel30	walktrap	185	GOBP_NEGATIVE_REGULATION_OF_T_CELL_RECEPTOR_SIGNALING_PATHWAY	GOBP_NEGATIVE_REGULATION_OF_T_CELL_RECEPTOR_SIGNALING_PATHWAY	1/2	12/2116	0.0833333333333333	88.1666666666667	9.3118481655212	0.0113126600437063	0.113263715463771	0.0734051736958186	CEACAM1	1
panel30	walktrap	185	GOBP_NEGATIVE_REGULATION_OF_ANTIGEN_RECEPTOR_MEDIATED_SIGNALING_PATHWAY	GOBP_NEGATIVE_REGULATION_OF_ANTIGEN_RECEPTOR_MEDIATED_SIGNALING_PATHWAY	1/2	13/2116	0.0769230769230769	81.3846153846154	8.94010604187068	0.0122524769067824	0.113263715463771	0.0734051736958186	CEACAM1	1
panel30	walktrap	48	GOBP_APOPTOTIC_SIGNALING_PATHWAY	GOBP_APOPTOTIC_SIGNALING_PATHWAY	17/18	270/2116	0.062962962962963	7.40164609053498	10.4290894184198	6.40968219245653e-15	5.87767857048264e-12	3.23162200112841e-13	CASP6/CASP3/FASLG/TNF/TNFRSF10A/APAF1/BIRC3/FAS/CASP9/TNFRSF1B/TNFRSF1A/CASP8/TICAM1/CASP7/TNFRSF10B/TRAF1/CFLAR	17
panel30	walktrap	48	GOBP_POSITIVE_REGULATION_OF_PROGRAMMED_CELL_DEATH	GOBP_POSITIVE_REGULATION_OF_PROGRAMMED_CELL_DEATH	15/18	226/2116	0.0663716814159292	7.8023598820059	10.0200899159885	1.06441360656989e-12	4.39874401645097e-10	2.41848508223675e-11	CASP6/CASP10/CASP3/FASLG/TNF/TNFRSF10A/APAF1/FAS/CASP9/TNFRSF1B/TNFRSF1A/CASP8/CASP7/TNFRSF10B/CFLAR	15
panel30	walktrap	48	GOBP_POSITIVE_REGULATION_OF_NEURON_APOPTOTIC_PROCESS	GOBP_POSITIVE_REGULATION_OF_NEURON_APOPTOTIC_PROCESS	9/18	36/2116	0.25	29.3888888888889	15.9095052551921	1.78948287329144e-12	4.39874401645097e-10	2.41848508223675e-11	CASP6/CASP10/CASP3/FASLG/TNF/CASP9/CASP8/CASP7/CFLAR	9
panel30	walktrap	48	GOBP_EXTRINSIC_APOPTOTIC_SIGNALING_PATHWAY	GOBP_EXTRINSIC_APOPTOTIC_SIGNALING_PATHWAY	13/18	141/2116	0.0921985815602837	10.8384554767534	11.198030019688	1.91875420564928e-12	4.39874401645097e-10	2.41848508223675e-11	CASP3/FASLG/TNF/TNFRSF10A/BIRC3/FAS/TNFRSF1B/TNFRSF1A/CASP8/CASP7/TNFRSF10B/TRAF1/CFLAR	13
panel30	walktrap	48	GOBP_EXECUTION_PHASE_OF_APOPTOSIS	GOBP_EXECUTION_PHASE_OF_APOPTOSIS	8/18	30/2116	0.266666666666667	31.3481481481481	15.5033077187691	2.37162400052514e-11	4.34955841696311e-09	2.39144221768783e-10	CASP10/CASP3/FASLG/APAF1/CASP9/TNFRSF1A/CASP8/CASP7	8
panel30	walktrap	48	GOBP_EXTRINSIC_APOPTOTIC_SIGNALING_PATHWAY_VIA_DEATH_DOMAIN_RECEPTORS	GOBP_EXTRINSIC_APOPTOTIC_SIGNALING_PATHWAY_VIA_DEATH_DOMAIN_RECEPTORS	9/18	51/2116	0.176470588235294	20.7450980392157	13.2182222866054	5.45394728867486e-11	8.33544943952474e-09	4.58293550336995e-10	FASLG/TNF/TNFRSF10A/BIRC3/FAS/TNFRSF1A/CASP8/TNFRSF10B/CFLAR	9
panel30	walktrap	48	GOBP_NECROPTOTIC_PROCESS	GOBP_NECROPTOTIC_PROCESS	7/18	25/2116	0.28	32.9155555555556	14.8656564883604	3.77485111205055e-10	4.94505495678622e-08	2.71885374531925e-09	CASP6/FASLG/TNF/BIRC3/FAS/CASP8/CFLAR	7
panel30	walktrap	48	GOBP_NEURON_APOPTOTIC_PROCESS	GOBP_NEURON_APOPTOTIC_PROCESS	11/18	128/2116	0.0859375	10.1024305555556	9.83881660820698	5.77779281644553e-10	6.62279501585069e-08	3.64129644476786e-09	CASP6/CASP10/CASP3/FASLG/TNF/APAF1/FAS/CASP9/CASP8/CASP7/CFLAR	11
panel30	walktrap	48	GOBP_PROGRAMMED_NECROTIC_CELL_DEATH	GOBP_PROGRAMMED_NECROTIC_CELL_DEATH	7/18	33/2116	0.212121212121212	24.9360269360269	12.8337358547596	3.23332593056599e-09	3.29439986481002e-07	1.81130270326441e-08	CASP6/FASLG/TNF/BIRC3/FAS/CASP8/CFLAR	7
panel30	walktrap	48	GOBP_REGULATION_OF_NEURON_APOPTOTIC_PROCESS	GOBP_REGULATION_OF_NEURON_APOPTOTIC_PROCESS	9/18	105/2116	0.0857142857142857	10.0761904761905	8.83447838045624	4.35047127228137e-08	3.98938215668202e-06	2.1934127553668e-07	CASP6/CASP10/CASP3/FASLG/TNF/CASP9/CASP8/CASP7/CFLAR	9
panel30	walktrap	7	GOBP_NEGATIVE_REGULATION_OF_RNA_BIOSYNTHETIC_PROCESS	GOBP_NEGATIVE_REGULATION_OF_RNA_BIOSYNTHETIC_PROCESS	14/22	252/2116	0.0555555555555556	5.34343434343434	7.52815868518988	1.09228587698204e-08	1.18949932003344e-05	7.03529905920278e-07	PSEN1/TGIF2/BCL3/RELB/BTRC/PIAS3/PPP1R13L/HDAC1/NOTCH2/RELA/TGIF1/MYC/NFKB2/NFKB1	14
panel30	walktrap	7	GOBP_NEGATIVE_REGULATION_OF_TRANSCRIPTION_BY_RNA_POLYMERASE_II	GOBP_NEGATIVE_REGULATION_OF_TRANSCRIPTION_BY_RNA_POLYMERASE_II	12/22	190/2116	0.0631578947368421	6.07464114832536	7.51332513929656	5.70296774641406e-08	2.55561512671019e-05	1.51151971201825e-06	PSEN1/TGIF2/BTRC/PIAS3/PPP1R13L/HDAC1/NOTCH2/RELA/TGIF1/MYC/NFKB2/NFKB1	12
panel30	walktrap	7	GOBP_NEGATIVE_REGULATION_OF_NUCLEOBASE_CONTAINING_COMPOUND_METABOLIC_PROCESS	GOBP_NEGATIVE_REGULATION_OF_NUCLEOBASE_CONTAINING_COMPOUND_METABOLIC_PROCESS	14/22	290/2116	0.0482758620689655	4.64326018808777	6.84411011019048	7.04026205705287e-08	2.55561512671019e-05	1.51151971201825e-06	PSEN1/TGIF2/BCL3/RELB/BTRC/PIAS3/PPP1R13L/HDAC1/NOTCH2/RELA/TGIF1/MYC/NFKB2/NFKB1	14
panel30	walktrap	7	GOBP_NON_CANONICAL_NF_KAPPAB_SIGNAL_TRANSDUCTION	GOBP_NON_CANONICAL_NF_KAPPAB_SIGNAL_TRANSDUCTION	7/22	64/2116	0.109375	10.5198863636364	7.92521879336493	1.98279353259774e-06	0.000539815539249736	3.19274142613207e-05	MAP3K14/BCL3/RELB/BTRC/RELA/NFKB2/NFKB1	7
panel30	walktrap	7	GOBP_NEGATIVE_REGULATION_OF_GENE_EXPRESSION	GOBP_NEGATIVE_REGULATION_OF_GENE_EXPRESSION	11/22	244/2116	0.0450819672131148	4.33606557377049	5.67746881098753	8.53107966225297e-06	0.0018580691504387	0.000109895583173999	PSEN1/BCL3/RELB/PIAS3/CXCL8/HDAC1/NOTCH2/RELA/GSK3B/MYC/NFKB1	11
panel30	walktrap	7	GOBP_CANONICAL_NF_KAPPAB_SIGNAL_TRANSDUCTION	GOBP_CANONICAL_NF_KAPPAB_SIGNAL_TRANSDUCTION	8/22	150/2116	0.0533333333333333	5.12969696969697	5.37712639807305	7.21705287686772e-05	0.0130989509715149	0.000774738042253367	BCL3/RELB/BTRC/HDAC1/RELA/NFKB2/NFKB1/FBXW11	8
panel30	walktrap	7	GOBP_POSITIVE_REGULATION_OF_RNA_METABOLIC_PROCESS	GOBP_POSITIVE_REGULATION_OF_RNA_METABOLIC_PROCESS	12/22	392/2116	0.0306122448979592	2.9443413729128	4.37043945116761	0.000149579754706628	0.0207806372903216	0.00122907172384195	CDH1/PSEN1/BCL3/RELB/BTRC/HDAC1/NOTCH2/RELA/MYC/NFKB2/NFKB1/FBXW11	12
panel30	walktrap	7	GOBP_MYELOID_DENDRITIC_CELL_DIFFERENTIATION	GOBP_MYELOID_DENDRITIC_CELL_DIFFERENTIATION	3/22	11/2116	0.272727272727273	26.2314049586777	8.59785099029126	0.000152658492490884	0.0207806372903216	0.00122907172384195	PSEN1/RELB/NOTCH2	3
panel30	walktrap	7	GOBP_MYELOID_DENDRITIC_CELL_ACTIVATION	GOBP_MYELOID_DENDRITIC_CELL_ACTIVATION	3/22	12/2116	0.25	24.0454545454545	8.20410521444816	0.000202172827018756	0.0220653884132157	0.00130505838658298	PSEN1/RELB/NOTCH2	3
panel30	walktrap	7	GOBP_RHYTHMIC_PROCESS	GOBP_RHYTHMIC_PROCESS	6/22	89/2116	0.0674157303370787	6.48416751787538	5.41697746294597	0.000202620646586003	0.0220653884132157	0.00130505838658298	RELB/BTRC/HDAC1/GSK3B/NFKB2/FBXW11	6
panel30	walktrap	13	GOBP_NUCLEAR_CHROMOSOME_SEGREGATION	GOBP_NUCLEAR_CHROMOSOME_SEGREGATION	17/20	74/2116	0.22972972972973	24.3054054054054	19.9305460521285	2.68576171549454e-23	1.2784225765754e-20	8.41333889347315e-21	BIRC5/NDC80/MYBL2/CCNE2/CDK1/TRIP13/MAD2L1/AURKB/PLK1/CCNB1/BUB1B/CDC20/KNL1/BUB1/CCNB2/ESPL1/BUB3	17
panel30	walktrap	13	GOBP_REGULATION_OF_MITOTIC_SISTER_CHROMATID_SEGREGATION	GOBP_REGULATION_OF_MITOTIC_SISTER_CHROMATID_SEGREGATION	13/20	28/2116	0.464285714285714	49.1214285714286	25.0338026784983	1.04994153074507e-21	2.49886084317327e-19	1.64450812325018e-19	BIRC5/NDC80/CDK1/TRIP13/MAD2L1/AURKB/PLK1/CCNB1/BUB1B/CDC20/KNL1/BUB1/BUB3	13
panel30	walktrap	13	GOBP_MITOTIC_SISTER_CHROMATID_SEGREGATION	GOBP_MITOTIC_SISTER_CHROMATID_SEGREGATION	15/20	55/2116	0.272727272727273	28.8545454545455	20.441509788911	3.03533597135169e-21	4.81606640787802e-19	3.16946834054599e-19	BIRC5/NDC80/MYBL2/CDK1/TRIP13/MAD2L1/AURKB/PLK1/CCNB1/BUB1B/CDC20/KNL1/BUB1/ESPL1/BUB3	15
panel30	walktrap	13	GOBP_CHROMOSOME_SEGREGATION	GOBP_CHROMOSOME_SEGREGATION	17/20	97/2116	0.175257731958763	18.5422680412371	17.2734065518455	4.28311157354467e-21	5.09690277251815e-19	3.35428762898955e-19	BIRC5/NDC80/MYBL2/CCNE2/CDK1/TRIP13/MAD2L1/AURKB/PLK1/CCNB1/BUB1B/CDC20/KNL1/BUB1/CCNB2/ESPL1/BUB3	17
panel30	walktrap	13	GOBP_REGULATION_OF_SISTER_CHROMATID_SEGREGATION	GOBP_REGULATION_OF_SISTER_CHROMATID_SEGREGATION	14/20	43/2116	0.325581395348837	34.446511627907	21.6401342208318	7.09063232039275e-21	6.7502819690139e-19	4.4423816406582e-19	BIRC5/NDC80/CDK1/TRIP13/MAD2L1/AURKB/PLK1/CCNB1/BUB1B/CDC20/KNL1/BUB1/ESPL1/BUB3	14
panel30	walktrap	13	GOBP_MITOTIC_SISTER_CHROMATID_SEPARATION	GOBP_MITOTIC_SISTER_CHROMATID_SEPARATION	13/20	32/2116	0.40625	42.98125	23.3698563039726	9.62022266623905e-21	7.63204331521631e-19	5.02267153577555e-19	BIRC5/NDC80/TRIP13/MAD2L1/AURKB/PLK1/CCNB1/BUB1B/CDC20/KNL1/BUB1/ESPL1/BUB3	13
panel30	walktrap	13	GOBP_SISTER_CHROMATID_SEGREGATION	GOBP_SISTER_CHROMATID_SEGREGATION	15/20	64/2116	0.234375	24.796875	18.8797301529084	3.9863987789741e-20	2.27674220826924e-18	1.49833115608419e-18	BIRC5/NDC80/MYBL2/CDK1/TRIP13/MAD2L1/AURKB/PLK1/CCNB1/BUB1B/CDC20/KNL1/BUB1/ESPL1/BUB3	15
panel30	walktrap	13	GOBP_NEGATIVE_REGULATION_OF_CHROMOSOME_ORGANIZATION	GOBP_NEGATIVE_REGULATION_OF_CHROMOSOME_ORGANIZATION	13/20	35/2116	0.371428571428571	39.2971428571429	22.3120205581337	4.0504752744748e-20	2.27674220826924e-18	1.49833115608419e-18	BIRC5/NDC80/TRIP13/MAD2L1/AURKB/PLK1/CCNB1/BUB1B/CDC20/KNL1/BUB1/ESPL1/BUB3	13
panel30	walktrap	13	GOBP_REGULATION_OF_CHROMOSOME_SEGREGATION	GOBP_REGULATION_OF_CHROMOSOME_SEGREGATION	14/20	48/2116	0.291666666666667	30.8583333333333	20.4355089388512	4.30476467950065e-20	2.27674220826924e-18	1.49833115608419e-18	BIRC5/NDC80/CDK1/TRIP13/MAD2L1/AURKB/PLK1/CCNB1/BUB1B/CDC20/KNL1/BUB1/ESPL1/BUB3	14
panel30	walktrap	13	GOBP_CHROMOSOME_SEPARATION	GOBP_CHROMOSOME_SEPARATION	13/20	37/2116	0.351351351351351	37.172972972973	21.6786565894062	9.71306188263773e-20	4.62341745613556e-18	3.04268546388376e-18	BIRC5/NDC80/TRIP13/MAD2L1/AURKB/PLK1/CCNB1/BUB1B/CDC20/KNL1/BUB1/ESPL1/BUB3	13
panel30	walktrap	140	GOBP_PROTEIN_O_LINKED_GLYCOSYLATION	GOBP_PROTEIN_O_LINKED_GLYCOSYLATION	2/2	10/2116	0.2	211.6	20.5280111832823	2.01102039174678e-05	0.000623565285914962	0.000242576884680878	PLOD1/PLOD3	2
panel30	walktrap	140	GOBP_L_AMINO_ACID_METABOLIC_PROCESS	GOBP_L_AMINO_ACID_METABOLIC_PROCESS	2/2	12/2116	0.166666666666667	176.333333333333	18.7305244170713	2.94949657456193e-05	0.000623565285914962	0.000242576884680878	PLOD1/PLOD3	2
panel30	walktrap	140	GOBP_ALPHA_AMINO_ACID_METABOLIC_PROCESS	GOBP_ALPHA_AMINO_ACID_METABOLIC_PROCESS	2/2	14/2116	0.142857142857143	151.142857142857	17.3328520592595	4.06673012553236e-05	0.000623565285914962	0.000242576884680878	PLOD1/PLOD3	2
panel30	walktrap	140	GOBP_AMINO_ACID_METABOLIC_PROCESS	GOBP_AMINO_ACID_METABOLIC_PROCESS	2/2	17/2116	0.117647058823529	124.470588235294	15.7180784054037	6.07775051727913e-05	0.0006989413094871	0.000271899365246698	PLOD1/PLOD3	2
panel30	walktrap	140	GOBP_GLYCOPROTEIN_BIOSYNTHETIC_PROCESS	GOBP_GLYCOPROTEIN_BIOSYNTHETIC_PROCESS	2/2	22/2116	0.0909090909090909	96.1818181818182	13.8004958384639	0.000103232380109668	0.000901942645698427	0.000350870136770555	PLOD1/PLOD3	2
panel30	walktrap	140	GOBP_ORGANIC_ACID_BIOSYNTHETIC_PROCESS	GOBP_ORGANIC_ACID_BIOSYNTHETIC_PROCESS	2/2	25/2116	0.08	84.64	12.936735662914	0.000134068026116452	0.000901942645698427	0.000350870136770555	PLOD1/PLOD3	2
panel30	walktrap	140	GOBP_COLLAGEN_BIOSYNTHETIC_PROCESS	GOBP_COLLAGEN_BIOSYNTHETIC_PROCESS	2/2	26/2116	0.0769230769230769	81.3846153846154	12.6824792744663	0.000145240361626156	0.000901942645698427	0.000350870136770555	PLOD1/PLOD3	2
panel30	walktrap	140	GOBP_MODIFIED_AMINO_ACID_METABOLIC_PROCESS	GOBP_MODIFIED_AMINO_ACID_METABOLIC_PROCESS	2/2	27/2116	0.0740740740740741	78.3703703703704	12.4424249574012	0.000156859590556248	0.000901942645698427	0.000350870136770555	PLOD1/PLOD3	2
panel30	walktrap	140	GOBP_GLYCOPROTEIN_METABOLIC_PROCESS	GOBP_GLYCOPROTEIN_METABOLIC_PROCESS	2/2	32/2116	0.0625	66.125	11.4154112083542	0.000221659136512533	0.0011329244755085	0.000440725768504452	PLOD1/PLOD3	2
panel30	walktrap	140	GOBP_COLLAGEN_FIBRIL_ORGANIZATION	GOBP_COLLAGEN_FIBRIL_ORGANIZATION	2/2	57/2116	0.0350877192982456	37.1228070175439	8.50175210625221	0.000713241898939522	0.00319756304955195	0.00124390324582112	PLOD1/PLOD3	2
panel30	walktrap	47	GOBP_CELL_SUBSTRATE_JUNCTION_ORGANIZATION	GOBP_CELL_SUBSTRATE_JUNCTION_ORGANIZATION	4/6	48/2116	0.0833333333333333	29.3888888888889	10.6067743548434	3.38823880579103e-06	0.000694588955187161	0.000570650746238489	DST/ITGB4/COL17A1/PLEC	4
panel30	walktrap	47	GOBP_CELL_JUNCTION_ORGANIZATION	GOBP_CELL_JUNCTION_ORGANIZATION	5/6	190/2116	0.0263157894736842	9.28070175438597	6.3783065097032	3.09328710353071e-05	0.00317061928111897	0.00260487335034165	DST/ITGB4/COL17A1/ITGA3/PLEC	5
panel30	walktrap	47	GOBP_CELL_JUNCTION_ASSEMBLY	GOBP_CELL_JUNCTION_ASSEMBLY	4/6	120/2116	0.0333333333333333	11.7555555555556	6.46744562111831	0.000135225345527734	0.0092403986110618	0.00759159834541662	DST/ITGB4/COL17A1/PLEC	4
panel30	walktrap	47	GOBP_PERIPHERAL_NERVOUS_SYSTEM_AXON_ENSHEATHMENT	GOBP_PERIPHERAL_NERVOUS_SYSTEM_AXON_ENSHEATHMENT	2/6	13/2116	0.153846153846154	54.2564102564103	10.2686538124696	0.000515648694195304	0.0181276241020039	0.0148930416242394	ITGB4/PLEC	2
panel30	walktrap	47	GOBP_RESPONSE_TO_WOUNDING	GOBP_RESPONSE_TO_WOUNDING	4/6	175/2116	0.0228571428571429	8.06095238095238	5.19947054978976	0.00059474670281504	0.0181276241020039	0.0148930416242394	DST/ITGB4/CD151/PLEC	4
panel30	walktrap	47	GOBP_MESODERMAL_CELL_DIFFERENTIATION	GOBP_MESODERMAL_CELL_DIFFERENTIATION	2/6	14/2116	0.142857142857143	50.3809523809524	9.88318004341746	0.000600829636906972	0.0181276241020039	0.0148930416242394	ITGB4/ITGA3	2
panel30	walktrap	47	GOBP_INTEGRIN_MEDIATED_SIGNALING_PATHWAY	GOBP_INTEGRIN_MEDIATED_SIGNALING_PATHWAY	3/6	69/2116	0.0434782608695652	15.3333333333333	6.45360541439178	0.000618992042507452	0.0181276241020039	0.0148930416242394	DST/ITGB4/ITGA3	3
panel30	walktrap	47	GOBP_SKIN_DEVELOPMENT	GOBP_SKIN_DEVELOPMENT	3/6	83/2116	0.036144578313253	12.7469879518072	5.82085074632156	0.00106906571911796	0.0255545934168609	0.0209947879162914	ITGB4/ITGA3/PLEC	3
panel30	walktrap	47	GOBP_CELLULAR_COMPONENT_ASSEMBLY_INVOLVED_IN_MORPHOGENESIS	GOBP_CELLULAR_COMPONENT_ASSEMBLY_INVOLVED_IN_MORPHOGENESIS	2/6	19/2116	0.105263157894737	37.1228070175439	8.43235068275231	0.00112190897927682	0.0255545934168609	0.0209947879162914	ITGB4/PLEC	2
panel30	walktrap	47	GOBP_CELL_ADHESION	GOBP_CELL_ADHESION	5/6	442/2116	0.0113122171945701	3.9894419306184	3.76715173264544	0.00193928761885298	0.0393870735963394	0.0323590848545022	DST/ITGB4/COL17A1/ITGA3/CD151	5
panel30	walktrap	32	GOBP_DNA_TEMPLATED_DNA_REPLICATION	GOBP_DNA_TEMPLATED_DNA_REPLICATION	18/21	76/2116	0.236842105263158	23.8646616541353	20.3202623713626	1.46460845576431e-24	4.6258578396182e-22	4.6258578396182e-22	MCM3/MCM7/CDC6/MCM5/MCM4/DBF4/ORC2/ORC1/MCM6/CDC7/CDK2/CDT1/CDC45/POLE/POLE2/ORC6/MCM2/CCNE1	18
panel30	walktrap	32	GOBP_DNA_REPLICATION_INITIATION	GOBP_DNA_REPLICATION_INITIATION	14/21	26/2116	0.538461538461538	54.2564102564103	27.3500572664081	2.72911966939127e-24	4.6258578396182e-22	4.6258578396182e-22	MCM3/MCM7/CDC6/MCM5/MCM4/ORC2/ORC1/MCM6/CDK2/CDT1/CDC45/ORC6/MCM2/CCNE1	14
panel30	walktrap	32	GOBP_DNA_REPLICATION	GOBP_DNA_REPLICATION	19/21	106/2116	0.179245283018868	18.0610961365678	18.0399219260914	7.46720515879547e-24	8.43794182943888e-22	8.43794182943888e-22	MCM3/MCM7/CDC6/MCM5/MCM4/DBF4/ORC2/ORC1/MCM6/CDC7/CDK2/CDKN1A/CDT1/CDC45/POLE/POLE2/ORC6/MCM2/CCNE1	19
panel30	walktrap	32	GOBP_DNA_METABOLIC_PROCESS	GOBP_DNA_METABOLIC_PROCESS	19/21	252/2116	0.0753968253968254	7.59712773998488	11.1687618168685	2.51270715609905e-16	2.12951931479395e-14	2.12951931479395e-14	MCM3/MCM7/CDC6/MCM5/MCM4/DBF4/ORC2/ORC1/MCM6/CDC7/CDK2/CDKN1A/CDT1/CDC45/POLE/POLE2/ORC6/MCM2/CCNE1	19
panel30	walktrap	32	GOBP_REGULATION_OF_DNA_TEMPLATED_DNA_REPLICATION	GOBP_REGULATION_OF_DNA_TEMPLATED_DNA_REPLICATION	10/21	23/2116	0.434782608695652	43.8095238095238	20.6629593069909	7.8126111235968e-16	5.29695034179863e-14	5.29695034179863e-14	MCM3/MCM7/MCM5/MCM4/DBF4/MCM6/CDC7/CDK2/CDT1/MCM2	10
panel30	walktrap	32	GOBP_REGULATION_OF_DNA_REPLICATION	GOBP_REGULATION_OF_DNA_REPLICATION	12/21	48/2116	0.25	25.1904761904762	16.9692476801087	1.08814634845206e-15	6.14802686875415e-14	6.14802686875415e-14	MCM3/MCM7/CDC6/MCM5/MCM4/DBF4/MCM6/CDC7/CDK2/CDKN1A/CDT1/MCM2	12
panel30	walktrap	32	GOBP_REGULATION_OF_DNA_TEMPLATED_DNA_REPLICATION_INITIATION	GOBP_REGULATION_OF_DNA_TEMPLATED_DNA_REPLICATION_INITIATION	8/21	11/2116	0.727272727272727	73.2813852813853	24.0585572190839	3.35746524645291e-15	1.62597245506791e-13	1.62597245506791e-13	MCM3/MCM7/MCM5/MCM4/MCM6/CDK2/CDT1/MCM2	8
panel30	walktrap	32	GOBP_CELL_CYCLE_DNA_REPLICATION	GOBP_CELL_CYCLE_DNA_REPLICATION	8/21	21/2116	0.380952380952381	38.3854875283447	17.2342941766215	3.91862589007234e-12	1.66051772091815e-10	1.66051772091815e-10	MCM3/MCM4/DBF4/MCM6/CDC7/CDT1/CDC45/MCM2	8
panel30	walktrap	32	GOBP_MITOTIC_CELL_CYCLE_PROCESS	GOBP_MITOTIC_CELL_CYCLE_PROCESS	16/21	251/2116	0.0637450199203187	6.42306962625688	9.16042118746813	1.16422458471047e-11	4.38524593574275e-10	4.38524593574275e-10	MCM3/CDC6/MCM4/DBF4/ORC1/MCM6/CDC7/CDK2/CDKN1A/CCNA1/CDT1/CDC45/POLE/CCND1/MCM2/CCNE1	16
panel30	walktrap	32	GOBP_MITOTIC_CELL_CYCLE	GOBP_MITOTIC_CELL_CYCLE	16/21	293/2116	0.0546075085324232	5.50235657402893	8.31099808715507	1.33649250343738e-10	4.5307095866527e-09	4.5307095866527e-09	MCM3/CDC6/MCM4/DBF4/ORC1/MCM6/CDC7/CDK2/CDKN1A/CCNA1/CDT1/CDC45/POLE/CCND1/MCM2/CCNE1	16
panel30	walktrap	74	GOBP_POSITIVE_REGULATION_OF_TORC1_SIGNALING	GOBP_POSITIVE_REGULATION_OF_TORC1_SIGNALING	2/3	29/2116	0.0689655172413793	48.6436781609195	9.73215733573622	0.000539681516520688	0.0122199010400394	0.00612526367921773	SEH1L/WDR59	2
panel30	walktrap	74	GOBP_NEGATIVE_REGULATION_OF_TORC1_SIGNALING	GOBP_NEGATIVE_REGULATION_OF_TORC1_SIGNALING	2/3	30/2116	0.0666666666666667	47.0222222222222	9.56394621552553	0.000578046280815337	0.0122199010400394	0.00612526367921773	SEH1L/WDR59	2
panel30	walktrap	74	GOBP_RESPONSE_TO_AMINO_ACID_STARVATION	GOBP_RESPONSE_TO_AMINO_ACID_STARVATION	2/3	32/2116	0.0625	44.0833333333333	9.25127292851458	0.000658686232531568	0.0122199010400394	0.00612526367921773	SEH1L/WDR59	2
panel30	walktrap	74	GOBP_MRNA_TRANSPORT	GOBP_MRNA_TRANSPORT	2/3	37/2116	0.0540540540540541	38.1261261261261	8.5826088039267	0.000883037722214424	0.0122199010400394	0.00612526367921773	SEH1L/AAAS	2
panel30	walktrap	74	GOBP_POSITIVE_REGULATION_OF_TOR_SIGNALING	GOBP_POSITIVE_REGULATION_OF_TOR_SIGNALING	2/3	38/2116	0.0526315789473684	37.1228070175439	8.46479767967376	0.000931798149158555	0.0122199010400394	0.00612526367921773	SEH1L/WDR59	2
panel30	walktrap	74	GOBP_NEGATIVE_REGULATION_OF_TOR_SIGNALING	GOBP_NEGATIVE_REGULATION_OF_TOR_SIGNALING	2/3	41/2116	0.0487804878048781	34.4065040650406	8.13729334480835	0.00108583685712178	0.0122199010400394	0.00612526367921773	SEH1L/WDR59	2
panel30	walktrap	74	GOBP_ESTABLISHMENT_OF_RNA_LOCALIZATION	GOBP_ESTABLISHMENT_OF_RNA_LOCALIZATION	2/3	42/2116	0.0476190476190476	33.5873015873016	8.03590388750654	0.00113976467421159	0.0122199010400394	0.00612526367921773	SEH1L/AAAS	2
panel30	walktrap	74	GOBP_RNA_LOCALIZATION	GOBP_RNA_LOCALIZATION	2/3	44/2116	0.0454545454545455	32.0606060606061	7.84345578888408	0.00125148506974956	0.0122199010400394	0.00612526367921773	SEH1L/AAAS	2
panel30	walktrap	74	GOBP_NUCLEOBASE_CONTAINING_COMPOUND_TRANSPORT	GOBP_NUCLEOBASE_CONTAINING_COMPOUND_TRANSPORT	2/3	45/2116	0.0444444444444444	31.3481481481482	7.75201255804521	0.00130927511143279	0.0122199010400394	0.00612526367921773	SEH1L/AAAS	2
panel30	walktrap	74	GOBP_MITOTIC_SISTER_CHROMATID_SEGREGATION	GOBP_MITOTIC_SISTER_CHROMATID_SEGREGATION	2/3	55/2116	0.0363636363636364	25.6484848484849	6.97748066548262	0.00195763417396776	0.0164441270613292	0.00824267020618005	SEH1L/AAAS	2
panel30	walktrap	91	GOBP_POSITIVE_REGULATION_OF_DEFENSE_RESPONSE	GOBP_POSITIVE_REGULATION_OF_DEFENSE_RESPONSE	4/4	185/2116	0.0216216216216216	11.4378378378378	6.46611608681419	5.67128554225996e-05	0.00697568121697975	0.00519370360185912	MAPKAPK3/MAP2K6/MAPK13/MAPKAPK2	4
panel30	walktrap	91	GOBP_POSITIVE_REGULATION_OF_RESPONSE_TO_EXTERNAL_STIMULUS	GOBP_POSITIVE_REGULATION_OF_RESPONSE_TO_EXTERNAL_STIMULUS	4/4	239/2116	0.0167364016736402	8.85355648535565	5.60881880804265	0.00015914928501945	0.00978768102869617	0.00728736199825902	MAPKAPK3/MAP2K6/MAPK13/MAPKAPK2	4
panel30	walktrap	91	GOBP_REGULATION_OF_DEFENSE_RESPONSE	GOBP_REGULATION_OF_DEFENSE_RESPONSE	4/4	274/2116	0.0145985401459854	7.72262773722628	5.18928778325235	0.000275816910602166	0.0113084933346888	0.00841967411311874	MAPKAPK3/MAP2K6/MAPK13/MAPKAPK2	4
panel30	walktrap	91	GOBP_MAPK_CASCADE	GOBP_MAPK_CASCADE	4/4	328/2116	0.0121951219512195	6.45121951219512	4.6728846430142	0.000568449700917043	0.0156536592430501	0.011654842568638	MAPKAPK3/MAP2K6/MAPK13/MAPKAPK2	4
panel30	walktrap	91	GOBP_ACTIVATION_OF_INNATE_IMMUNE_RESPONSE	GOBP_ACTIVATION_OF_INNATE_IMMUNE_RESPONSE	3/4	118/2116	0.0254237288135593	13.4491525423729	6.05509937074522	0.000649464647836886	0.0156536592430501	0.011654842568638	MAPKAPK3/MAP2K6/MAPKAPK2	3
panel30	walktrap	91	GOBP_REGULATION_OF_RESPONSE_TO_EXTERNAL_STIMULUS	GOBP_REGULATION_OF_RESPONSE_TO_EXTERNAL_STIMULUS	4/4	353/2116	0.0113314447592068	5.9943342776204	4.47277475509177	0.00076359313380732	0.0156536592430501	0.011654842568638	MAPKAPK3/MAP2K6/MAPK13/MAPKAPK2	4
panel30	walktrap	91	GOBP_P38MAPK_CASCADE	GOBP_P38MAPK_CASCADE	2/4	30/2116	0.0666666666666667	35.2666666666667	8.22457679054651	0.00114589199937432	0.0174703814898941	0.0130074727395874	MAP2K6/MAPKAPK2	2
panel30	walktrap	91	GOBP_POSITIVE_REGULATION_OF_RESPONSE_TO_BIOTIC_STIMULUS	GOBP_POSITIVE_REGULATION_OF_RESPONSE_TO_BIOTIC_STIMULUS	3/4	148/2116	0.0202702702702703	10.722972972973	5.33648894125928	0.00127383528451474	0.0174703814898941	0.0130074727395874	MAPKAPK3/MAP2K6/MAPKAPK2	3
panel30	walktrap	91	GOBP_REGULATION_OF_RESPONSE_TO_STRESS	GOBP_REGULATION_OF_RESPONSE_TO_STRESS	4/4	414/2116	0.00966183574879227	5.11111111111111	4.05805409405826	0.00144830128360679	0.0174703814898941	0.0130074727395874	MAPKAPK3/MAP2K6/MAPK13/MAPKAPK2	4
panel30	walktrap	91	GOBP_STRESS_ACTIVATED_PROTEIN_KINASE_SIGNALING_CASCADE	GOBP_STRESS_ACTIVATED_PROTEIN_KINASE_SIGNALING_CASCADE	2/4	35/2116	0.0571428571428571	30.2285714285714	7.58654076930812	0.00156239184055963	0.0174703814898941	0.0130074727395874	MAP2K6/MAPK13	2
panel30	walktrap	38	GOBP_ACTIN_FILAMENT_BASED_PROCESS	GOBP_ACTIN_FILAMENT_BASED_PROCESS	8/10	151/2116	0.0529801324503311	11.2105960264901	8.96983166415109	2.24257643970118e-08	8.85817693681966e-06	7.45951742047971e-06	ZYX/PARVA/PXN/VASP/ACTN1/ACTN4/ACTB/ACTG1	8
panel30	walktrap	38	GOBP_ACTIN_FILAMENT_ORGANIZATION	GOBP_ACTIN_FILAMENT_ORGANIZATION	6/10	77/2116	0.0779220779220779	16.4883116883117	9.53820894638219	3.57795255084772e-07	7.06645628792426e-05	5.95070003193622e-05	ZYX/PARVA/PXN/VASP/ACTN1/ACTG1	6
panel30	walktrap	38	GOBP_ACTIN_FILAMENT_BUNDLE_ORGANIZATION	GOBP_ACTIN_FILAMENT_BUNDLE_ORGANIZATION	5/10	43/2116	0.116279069767442	24.6046511627907	10.773533485591	6.39269294796985e-07	8.41704571482697e-05	7.0880384966964e-05	ZYX/PARVA/PXN/ACTN1/ACTG1	5
panel30	walktrap	38	GOBP_SUPRAMOLECULAR_FIBER_ORGANIZATION	GOBP_SUPRAMOLECULAR_FIBER_ORGANIZATION	7/10	152/2116	0.0460526315789474	9.74473684210526	7.70945715735651	8.63236362064596e-07	8.52445907538789e-05	7.17849185295822e-05	ZYX/PARVA/PXN/VASP/ACTN1/ACTB/ACTG1	7
panel30	walktrap	38	GOBP_CELL_SUBSTRATE_ADHESION	GOBP_CELL_SUBSTRATE_ADHESION	7/10	160/2116	0.04375	9.2575	7.48428213775431	1.23182657958008e-06	9.73142997868264e-05	8.19488840310117e-05	ZYX/PARVA/PXN/VCL/ACTN1/ACTN4/ACTG1	7
panel30	walktrap	38	GOBP_CYTOSKELETON_ORGANIZATION	GOBP_CYTOSKELETON_ORGANIZATION	8/10	267/2116	0.0299625468164794	6.34007490636704	6.43073371405665	2.09199571284922e-06	0.000137723051095907	0.000115977306186027	ZYX/PARVA/PXN/VASP/ACTN1/ACTN4/ACTB/ACTG1	8
panel30	walktrap	38	GOBP_CELL_ADHESION	GOBP_CELL_ADHESION	9/10	442/2116	0.0203619909502262	4.30859728506787	5.38769893493756	5.782803154082e-06	0.000326315320837484	0.000274791849126302	ZYX/PARVA/PXN/CTNNA1/VCL/ACTN1/ACTN4/ACTB/ACTG1	9
panel30	walktrap	38	GOBP_PLATELET_AGGREGATION	GOBP_PLATELET_AGGREGATION	4/10	34/2116	0.117647058823529	24.8941176470588	9.67645087294715	1.09174035204897e-05	0.000539046798824179	0.000453934146378256	VCL/ACTN1/ACTB/ACTG1	4
panel30	walktrap	38	GOBP_PROTEIN_LOCALIZATION_TO_CELL_CELL_JUNCTION	GOBP_PROTEIN_LOCALIZATION_TO_CELL_CELL_JUNCTION	3/10	11/2116	0.272727272727273	57.7090909090909	12.9911913665423	1.23093693351989e-05	0.000540244543044842	0.000454942773090393	VCL/ACTB/ACTG1	3
panel30	walktrap	38	GOBP_HOMOTYPIC_CELL_CELL_ADHESION	GOBP_HOMOTYPIC_CELL_CELL_ADHESION	4/10	39/2116	0.102564102564103	21.7025641025641	8.99009323417938	1.91416275006259e-05	0.000756094286274724	0.000636710977915557	VCL/ACTN1/ACTB/ACTG1	4
panel30	walktrap	3	GOBP_POSITIVE_REGULATION_OF_TRANSCRIPTION_BY_RNA_POLYMERASE_II	GOBP_POSITIVE_REGULATION_OF_TRANSCRIPTION_BY_RNA_POLYMERASE_II	29/39	286/2116	0.101398601398601	5.50152411690873	11.2146647153857	3.10688406481716e-18	4.74110508291099e-15	2.06841619485422e-16	SIRT1/EP300/ARNT/SMAD9/TP73/YAP1/TBL1X/HIF1A/CEBPB/CTNNB1/SKI/SMAD5/FOXO1/SMAD4/DDIT3/FOXO3/WWTR1/CREBBP/ATF2/SMAD3/CREB1/ZBTB17/ATF4/SMAD2/CRTC2/HIPK2/TBL1XR1/SP1/SMAD1	29
panel30	walktrap	3	GOBP_NEGATIVE_REGULATION_OF_RNA_BIOSYNTHETIC_PROCESS	GOBP_NEGATIVE_REGULATION_OF_RNA_BIOSYNTHETIC_PROCESS	27/39	252/2116	0.107142857142857	5.81318681318681	11.1526808820712	3.26346384238509e-17	2.49002291173982e-14	1.08632979571894e-15	SIRT1/EP300/YAP1/CBY1/TBL1X/HIF1A/CEBPB/CTNNB1/SKI/SMAD5/FOXO1/SMAD4/SIN3A/DDIT3/FOXO3/PPM1A/WWTR1/CREBBP/ATF2/SMAD3/NCOR1/CREB1/ZBTB17/ATF4/SMAD2/HIPK2/TBL1XR1	27
panel30	walktrap	3	GOBP_NEGATIVE_REGULATION_OF_NUCLEOBASE_CONTAINING_COMPOUND_METABOLIC_PROCESS	GOBP_NEGATIVE_REGULATION_OF_NUCLEOBASE_CONTAINING_COMPOUND_METABOLIC_PROCESS	27/39	290/2116	0.0931034482758621	5.05145888594165	10.1748798487882	1.38799140655665e-15	6.55522205313069e-13	2.85986646961978e-14	SIRT1/EP300/YAP1/CBY1/TBL1X/HIF1A/CEBPB/CTNNB1/SKI/SMAD5/FOXO1/SMAD4/SIN3A/DDIT3/FOXO3/PPM1A/WWTR1/CREBBP/ATF2/SMAD3/NCOR1/CREB1/ZBTB17/ATF4/SMAD2/HIPK2/TBL1XR1	27
panel30	walktrap	3	GOBP_POSITIVE_REGULATION_OF_RNA_METABOLIC_PROCESS	GOBP_POSITIVE_REGULATION_OF_RNA_METABOLIC_PROCESS	30/39	392/2116	0.076530612244898	4.15227629513344	9.47257210948374	1.71827576753098e-15	6.55522205313069e-13	2.85986646961978e-14	SIRT1/EP300/ARNT/SMAD9/TP73/YAP1/TBL1X/HIF1A/CEBPB/CTNNB1/SKI/SMAD5/FOXO1/SMAD4/DDIT3/FOXO3/PPM1A/WWTR1/CREBBP/ATF2/SMAD3/CREB1/ZBTB17/ATF4/SMAD2/CRTC2/HIPK2/TBL1XR1/SP1/SMAD1	30
panel30	walktrap	3	GOBP_NEGATIVE_REGULATION_OF_TRANSCRIPTION_BY_RNA_POLYMERASE_II	GOBP_NEGATIVE_REGULATION_OF_TRANSCRIPTION_BY_RNA_POLYMERASE_II	23/39	190/2116	0.121052631578947	6.56788124156545	11.0206665880703	2.49111413990922e-15	7.60288035500294e-13	3.31693151255182e-14	SIRT1/EP300/YAP1/TBL1X/CEBPB/CTNNB1/SKI/SMAD5/FOXO1/SMAD4/SIN3A/DDIT3/FOXO3/PPM1A/WWTR1/CREBBP/ATF2/SMAD3/NCOR1/ZBTB17/ATF4/HIPK2/TBL1XR1	23
panel30	walktrap	3	GOBP_TRANSFORMING_GROWTH_FACTOR_BETA_RECEPTOR_SIGNALING_PATHWAY	GOBP_TRANSFORMING_GROWTH_FACTOR_BETA_RECEPTOR_SIGNALING_PATHWAY	15/39	93/2116	0.161290322580645	8.75103391232424	10.4730315298281	1.50640031771488e-11	3.83127814138817e-09	1.67148325465349e-10	SIRT1/EP300/SMAD9/SKI/SMAD5/SMAD4/SIN3A/PPM1A/CREBBP/SMAD3/CREB1/SMAD2/HIPK2/LEMD3/SMAD1	15
panel30	walktrap	3	GOBP_CELL_SURFACE_RECEPTOR_PROTEIN_SERINE_THREONINE_KINASE_SIGNALING_PATHWAY	GOBP_CELL_SURFACE_RECEPTOR_PROTEIN_SERINE_THREONINE_KINASE_SIGNALING_PATHWAY	17/39	161/2116	0.105590062111801	5.72893772893773	8.55209257665701	4.96993520633844e-10	1.00187187502296e-07	4.37089660580585e-09	SIRT1/EP300/SMAD9/SKI/SMAD5/SMAD4/SIN3A/PPM1A/WWTR1/CREBBP/ATF2/SMAD3/CREB1/SMAD2/HIPK2/LEMD3/SMAD1	17
panel30	walktrap	3	GOBP_RESPONSE_TO_TRANSFORMING_GROWTH_FACTOR_BETA	GOBP_RESPONSE_TO_TRANSFORMING_GROWTH_FACTOR_BETA	15/39	118/2116	0.127118644067797	6.89700130378097	9.03116395330987	5.27595150428213e-10	1.00187187502296e-07	4.37089660580585e-09	SIRT1/EP300/SMAD9/SKI/SMAD5/SMAD4/SIN3A/PPM1A/CREBBP/SMAD3/CREB1/SMAD2/HIPK2/LEMD3/SMAD1	15
panel30	walktrap	3	GOBP_CANONICAL_WNT_SIGNALING_PATHWAY	GOBP_CANONICAL_WNT_SIGNALING_PATHWAY	16/39	140/2116	0.114285714285714	6.2007326007326	8.7237721416803	5.90881184482741e-10	1.00187187502296e-07	4.37089660580585e-09	EP300/CSNK1A1/YAP1/CBY1/TBL1X/CTNNB1/FOXO1/SMAD4/DDIT3/FOXO3/PPM1A/WWTR1/SMAD3/TCF7L1/TBL1XR1/SIAH1	16
panel30	walktrap	3	GOBP_REGULATION_OF_CELLULAR_RESPONSE_TO_TRANSFORMING_GROWTH_FACTOR_BETA_STIMULUS	GOBP_REGULATION_OF_CELLULAR_RESPONSE_TO_TRANSFORMING_GROWTH_FACTOR_BETA_STIMULUS	11/39	53/2116	0.207547169811321	11.2607643928399	10.36423561372	8.18027738956428e-10	1.24831032964751e-07	5.44604107458715e-09	SIRT1/EP300/SKI/SMAD4/SIN3A/PPM1A/CREBBP/SMAD3/SMAD2/HIPK2/LEMD3	11
panel30	walktrap	60	GOBP_NEGATIVE_REGULATION_OF_CELL_ADHESION	GOBP_NEGATIVE_REGULATION_OF_CELL_ADHESION	4/5	107/2116	0.0373831775700935	15.8205607476636	7.655307278811	2.97692786279848e-05	0.0159563333445999	0.011813703202895	PTEN/ADAM10/DLG1/CASK	4
panel30	walktrap	60	GOBP_POSTSYNAPSE_ORGANIZATION	GOBP_POSTSYNAPSE_ORGANIZATION	3/5	50/2116	0.06	25.392	8.49304306637488	0.000120190308480598	0.0308166192108841	0.0228159179939185	PTEN/ADAM10/DLG1	3
panel30	walktrap	60	GOBP_POSTSYNAPTIC_DENSITY_ORGANIZATION	GOBP_POSTSYNAPTIC_DENSITY_ORGANIZATION	2/5	10/2116	0.2	84.64	12.8997386663969	0.000199583759093285	0.0308166192108841	0.0228159179939185	PTEN/DLG1	2
panel30	walktrap	60	GOBP_NEUROTRANSMITTER_RECEPTOR_LOCALIZATION_TO_POSTSYNAPTIC_SPECIALIZATION_MEMBRANE	GOBP_NEUROTRANSMITTER_RECEPTOR_LOCALIZATION_TO_POSTSYNAPTIC_SPECIALIZATION_MEMBRANE	2/5	13/2116	0.153846153846154	65.1076923076923	11.2812767919419	0.000344962155345718	0.0308166192108841	0.0228159179939185	ADAM10/DLG1	2
panel30	walktrap	60	GOBP_POSTSYNAPTIC_SPECIALIZATION_ORGANIZATION	GOBP_POSTSYNAPTIC_SPECIALIZATION_ORGANIZATION	2/5	13/2116	0.153846153846154	65.1076923076923	11.2812767919419	0.000344962155345718	0.0308166192108841	0.0228159179939185	PTEN/DLG1	2
panel30	walktrap	60	GOBP_REGULATION_OF_PROTEIN_LOCALIZATION_TO_SYNAPSE	GOBP_REGULATION_OF_PROTEIN_LOCALIZATION_TO_SYNAPSE	2/5	13/2116	0.153846153846154	65.1076923076923	11.2812767919419	0.000344962155345718	0.0308166192108841	0.0228159179939185	ADAM10/DLG1	2
panel30	walktrap	60	GOBP_NEGATIVE_REGULATION_OF_CELL_MATRIX_ADHESION	GOBP_NEGATIVE_REGULATION_OF_CELL_MATRIX_ADHESION	2/5	15/2116	0.133333333333333	56.4266666666667	10.4820791760654	0.000463491498357946	0.0310539303899824	0.0229916177474928	PTEN/CASK	2
panel30	walktrap	60	GOBP_PROTEIN_LOCALIZATION_TO_POSTSYNAPSE	GOBP_PROTEIN_LOCALIZATION_TO_POSTSYNAPSE	2/5	15/2116	0.133333333333333	56.4266666666667	10.4820791760654	0.000463491498357946	0.0310539303899824	0.0229916177474928	ADAM10/DLG1	2
panel30	walktrap	60	GOBP_NEGATIVE_REGULATION_OF_PHOSPHATIDYLINOSITOL_3_KINASE_PROTEIN_KINASE_B_SIGNAL_TRANSDUCTION	GOBP_NEGATIVE_REGULATION_OF_PHOSPHATIDYLINOSITOL_3_KINASE_PROTEIN_KINASE_B_SIGNAL_TRANSDUCTION	2/5	21/2116	0.0952380952380952	40.3047619047619	8.80762620426286	0.000921714244234417	0.0387804477339291	0.0287121539585453	PTEN/DLG1	2
panel30	walktrap	60	GOBP_NEGATIVE_REGULATION_OF_WOUND_HEALING	GOBP_NEGATIVE_REGULATION_OF_WOUND_HEALING	2/5	21/2116	0.0952380952380952	40.3047619047619	8.80762620426286	0.000921714244234417	0.0387804477339291	0.0287121539585453	PTEN/CASK	2
panel30	walktrap	8	GOBP_CELL_SURFACE_RECEPTOR_SIGNALING_PATHWAY_VIA_STAT	GOBP_CELL_SURFACE_RECEPTOR_SIGNALING_PATHWAY_VIA_STAT	25/35	80/2116	0.3125	18.8928571428571	21.1538280143132	6.71930595215344e-30	8.06988644853628e-27	1.8321119401992e-27	IFNAR1/IL6/IFNAR2/ERBB4/STAT1/STAT3/CSF2RB/CSF2RA/CSF2/LEPR/STAT2/SOCS3/STAT6/OSM/IL6R/TYK2/STAT5B/IL13RA1/JAK1/JAK3/JAK2/STAT4/IL4R/IL6ST/STAT5A	25
panel30	walktrap	8	GOBP_CELL_SURFACE_RECEPTOR_SIGNALING_PATHWAY_VIA_JAK_STAT	GOBP_CELL_SURFACE_RECEPTOR_SIGNALING_PATHWAY_VIA_JAK_STAT	24/35	71/2116	0.338028169014085	20.4362173038229	21.5996857188742	1.89436274583475e-29	1.13756482887377e-26	2.58262135287952e-27	IFNAR1/IL6/IFNAR2/ERBB4/STAT1/STAT3/CSF2RB/CSF2RA/CSF2/STAT2/SOCS3/STAT6/OSM/IL6R/TYK2/STAT5B/IL13RA1/JAK1/JAK3/JAK2/STAT4/IL4R/IL6ST/STAT5A	24
panel30	walktrap	8	GOBP_CYTOKINE_MEDIATED_SIGNALING_PATHWAY	GOBP_CYTOKINE_MEDIATED_SIGNALING_PATHWAY	31/35	230/2116	0.134782608695652	8.14857142857143	14.8889990682905	7.0664703231588e-27	2.82894361937124e-24	6.42257039953825e-25	IFNAR1/IL6/IFNAR2/IFNGR1/STAT1/STAT3/PTPN11/CSF2RB/CSF2RA/CSF2/LEPR/OSMR/CSF3R/STAT2/SOCS3/STAT6/OSM/IL6R/TYK2/STAT5B/IL22RA1/IL13RA1/JAK1/JAK3/LYN/JAK2/STAT4/IL4R/IL6ST/EPOR/STAT5A	31
panel30	walktrap	8	GOBP_RESPONSE_TO_PEPTIDE	GOBP_RESPONSE_TO_PEPTIDE	31/35	404/2116	0.0767326732673267	4.63903818953324	10.543349025583	4.76463865669809e-19	1.4305827566736e-16	3.24786199491096e-17	IFNAR1/IL6/IFNAR2/IFNGR1/STAT1/STAT3/PTPN11/CSF2RB/CSF2RA/CSF2/LEPR/OSMR/CSF3R/STAT2/SOCS3/STAT6/OSM/IL6R/TYK2/STAT5B/IL22RA1/IL13RA1/JAK1/JAK3/LYN/JAK2/STAT4/IL4R/IL6ST/EPOR/STAT5A	31
panel30	walktrap	8	GOBP_GROWTH_HORMONE_RECEPTOR_SIGNALING_PATHWAY_VIA_JAK_STAT	GOBP_GROWTH_HORMONE_RECEPTOR_SIGNALING_PATHWAY_VIA_JAK_STAT	9/35	11/2116	0.818181818181818	49.4649350649351	20.8954195515448	1.64828415594292e-15	3.95917854257489e-13	8.98855061653018e-14	STAT3/STAT6/TYK2/STAT5B/JAK1/JAK3/LYN/JAK2/STAT5A	9
panel30	walktrap	8	GOBP_CELLULAR_RESPONSE_TO_GROWTH_HORMONE_STIMULUS	GOBP_CELLULAR_RESPONSE_TO_GROWTH_HORMONE_STIMULUS	10/35	18/2116	0.555555555555556	33.5873015873016	18.0025936356486	1.51702952671511e-14	3.03658743597475e-12	6.89398560238392e-13	STAT3/CSF2RA/STAT6/TYK2/STAT5B/JAK1/JAK3/LYN/JAK2/STAT5A	10
panel30	walktrap	8	GOBP_RESPONSE_TO_GROWTH_HORMONE	GOBP_RESPONSE_TO_GROWTH_HORMONE	10/35	20/2116	0.5	30.2285714285714	17.0286459496947	6.26733520441446e-14	1.0752956543574e-11	2.44125121233872e-12	STAT3/CSF2RA/STAT6/TYK2/STAT5B/JAK1/JAK3/LYN/JAK2/STAT5A	10
panel30	walktrap	8	GOBP_T_HELPER_CELL_LINEAGE_COMMITMENT	GOBP_T_HELPER_CELL_LINEAGE_COMMITMENT	9/35	15/2116	0.6	36.2742857142857	17.7764075903953	1.43433648095978e-13	2.15329764204087e-11	4.88864663207427e-12	IL6/STAT3/SOCS3/STAT6/IL6R/JAK1/JAK3/IL6ST/STAT5A	9
panel30	walktrap	8	GOBP_CD4_POSITIVE_OR_CD8_POSITIVE_ALPHA_BETA_T_CELL_LINEAGE_COMMITMENT	GOBP_CD4_POSITIVE_OR_CD8_POSITIVE_ALPHA_BETA_T_CELL_LINEAGE_COMMITMENT	9/35	19/2116	0.473684210526316	28.6375939849624	15.69029054203	2.53144402244468e-12	3.3780714121734e-10	7.66925905160788e-11	IL6/STAT3/SOCS3/STAT6/IL6R/JAK1/JAK3/IL6ST/STAT5A	9
panel30	walktrap	8	GOBP_T_CELL_LINEAGE_COMMITMENT	GOBP_T_CELL_LINEAGE_COMMITMENT	9/35	22/2116	0.409090909090909	24.7324675324675	14.5083847796363	1.31801815898744e-11	1.58293980894391e-09	3.59375927167949e-10	IL6/STAT3/SOCS3/STAT6/IL6R/JAK1/JAK3/IL6ST/STAT5A	9
panel30	walktrap	20	GOBP_FACE_DEVELOPMENT	GOBP_FACE_DEVELOPMENT	6/14	23/2116	0.260869565217391	39.4285714285714	15.1194638749604	2.31669609157392e-09	1.52794009671574e-06	1.21159098175192e-06	BRAF/MAP2K1/MAP2K2/MAPK1/RAF1/RRAS	6
panel30	walktrap	20	GOBP_SCHWANN_CELL_DIFFERENTIATION	GOBP_SCHWANN_CELL_DIFFERENTIATION	6/14	26/2116	0.230769230769231	34.8791208791209	14.182360196857	5.23202609601859e-09	1.52794009671574e-06	1.21159098175192e-06	HRAS/NF1/MAP2K1/MAP2K2/MAPK1/RAF1	6
panel30	walktrap	20	GOBP_GLIAL_CELL_DEVELOPMENT	GOBP_GLIAL_CELL_DEVELOPMENT	7/14	50/2116	0.14	21.16	11.7709961918052	8.09904553824888e-09	1.52794009671574e-06	1.21159098175192e-06	HRAS/NF1/MAP2K1/MAP2K2/MAPK1/RAF1/KRAS	7
panel30	walktrap	20	GOBP_ERK1_AND_ERK2_CASCADE	GOBP_ERK1_AND_ERK2_CASCADE	9/14	123/2116	0.0731707317073171	11.0592334494774	9.37921824048011	8.90930601685553e-09	1.52794009671574e-06	1.21159098175192e-06	HRAS/BRAF/NF1/MAP2K1/ARRB2/MAP2K2/DUSP6/MAPK1/RRAS	9
panel30	walktrap	20	GOBP_MAPK_CASCADE	GOBP_MAPK_CASCADE	12/14	328/2116	0.0365853658536585	5.52961672473868	7.28144323294987	1.0936819270762e-08	1.52794009671574e-06	1.21159098175192e-06	NRAS/HRAS/BRAF/NF1/MAP2K1/ARRB2/MAP2K2/DUSP6/MAPK1/RAF1/RRAS/KRAS	12
panel30	walktrap	20	GOBP_THYROID_GLAND_DEVELOPMENT	GOBP_THYROID_GLAND_DEVELOPMENT	5/14	14/2116	0.357142857142857	53.9795918367347	16.2277802465808	1.10320584600414e-08	1.52794009671574e-06	1.21159098175192e-06	BRAF/MAP2K1/MAP2K2/MAPK1/RAF1	5
panel30	walktrap	20	GOBP_PERIPHERAL_NERVOUS_SYSTEM_DEVELOPMENT	GOBP_PERIPHERAL_NERVOUS_SYSTEM_DEVELOPMENT	6/14	30/2116	0.2	30.2285714285714	13.1556985207622	1.33178079388375e-08	1.58101405673914e-06	1.25367635634771e-06	HRAS/NF1/MAP2K1/MAP2K2/MAPK1/RAF1	6
panel30	walktrap	20	GOBP_ENSHEATHMENT_OF_NEURONS	GOBP_ENSHEATHMENT_OF_NEURONS	6/14	43/2116	0.13953488372093	21.0897009966777	10.8595267041119	1.3101394227662e-07	1.36090732539839e-05	1.07914115612058e-05	HRAS/NF1/MAP2K1/MAP2K2/MAPK1/RAF1	6
panel30	walktrap	20	GOBP_ENDOCRINE_SYSTEM_DEVELOPMENT	GOBP_ENDOCRINE_SYSTEM_DEVELOPMENT	6/14	44/2116	0.136363636363636	20.6103896103896	10.7255737303444	1.51200977430469e-07	1.39608902494133e-05	1.10703873533887e-05	BRAF/NF1/MAP2K1/MAP2K2/MAPK1/RAF1	6
panel30	walktrap	20	GOBP_THYMUS_DEVELOPMENT	GOBP_THYMUS_DEVELOPMENT	5/14	24/2116	0.208333333333333	31.4880952380952	12.2562587485711	2.25996383695452e-07	1.77990043574999e-05	1.4113847270625e-05	BRAF/MAP2K1/MAP2K2/MAPK1/RAF1	5
panel30	walktrap	73	GOBP_CELL_SURFACE_RECEPTOR_SIGNALING_PATHWAY_VIA_STAT	GOBP_CELL_SURFACE_RECEPTOR_SIGNALING_PATHWAY_VIA_STAT	8/8	80/2116	0.1	26.45	14.2925187102062	2.94686434653592e-12	7.89759644871627e-10	4.6839633297571e-10	CRLF2/IL15/IL2RG/IL7R/IL7/IL2RB/IL15RA/IL2RA	8
panel30	walktrap	73	GOBP_POSITIVE_REGULATION_OF_HEMOPOIESIS	GOBP_POSITIVE_REGULATION_OF_HEMOPOIESIS	7/8	68/2116	0.102941176470588	27.2279411764706	13.5399966609896	2.02588785568588e-10	2.47951800023295e-08	1.47057037720022e-08	IL15/IL2RG/IL7R/IL7/IL2RB/IL15RA/IL2RA	7
panel30	walktrap	73	GOBP_CELL_SURFACE_RECEPTOR_SIGNALING_PATHWAY_VIA_JAK_STAT	GOBP_CELL_SURFACE_RECEPTOR_SIGNALING_PATHWAY_VIA_JAK_STAT	7/8	71/2116	0.0985915492957746	26.0774647887324	13.2382635713557	2.77557985100703e-10	2.47951800023295e-08	1.47057037720022e-08	IL15/IL2RG/IL7R/IL7/IL2RB/IL15RA/IL2RA	7
panel30	walktrap	73	GOBP_POSITIVE_REGULATION_OF_LYMPHOCYTE_DIFFERENTIATION	GOBP_POSITIVE_REGULATION_OF_LYMPHOCYTE_DIFFERENTIATION	6/8	44/2116	0.136363636363636	36.0681818181818	14.4780338726653	1.54778610340906e-09	1.03701668928407e-07	6.15041320038865e-08	IL15/IL2RG/IL7R/IL7/IL15RA/IL2RA	6
panel30	walktrap	73	GOBP_POSITIVE_REGULATION_OF_CELL_DEVELOPMENT	GOBP_POSITIVE_REGULATION_OF_CELL_DEVELOPMENT	7/8	123/2116	0.0569105691056911	15.0528455284553	9.89072335814614	1.44950671816511e-08	6.68394577465037e-07	3.96416265503616e-07	IL15/IL2RG/IL7R/IL7/IL2RB/IL15RA/IL2RA	7
panel30	walktrap	73	GOBP_REGULATION_OF_LEUKOCYTE_DIFFERENTIATION	GOBP_REGULATION_OF_LEUKOCYTE_DIFFERENTIATION	7/8	124/2116	0.0564516129032258	14.9314516129032	9.84753249339235	1.53555975295173e-08	6.68394577465037e-07	3.96416265503616e-07	IL15/IL2RG/IL7R/IL7/IL2RB/IL15RA/IL2RA	7
panel30	walktrap	73	GOBP_CYTOKINE_MEDIATED_SIGNALING_PATHWAY	GOBP_CYTOKINE_MEDIATED_SIGNALING_PATHWAY	8/8	230/2116	0.0347826086956522	9.2	8.11281928876418	1.7458067321848e-08	6.68394577465037e-07	3.96416265503616e-07	CRLF2/IL15/IL2RG/IL7R/IL7/IL2RB/IL15RA/IL2RA	8
panel30	walktrap	73	GOBP_RESPONSE_TO_INTERLEUKIN_15	GOBP_RESPONSE_TO_INTERLEUKIN_15	4/8	11/2116	0.363636363636364	96.1818181818182	19.4934704964956	2.74396438247775e-08	9.19228068130045e-07	5.45182397044921e-07	IL15/IL2RG/IL2RB/IL15RA	4
panel30	walktrap	73	GOBP_POSITIVE_REGULATION_OF_CELL_ACTIVATION	GOBP_POSITIVE_REGULATION_OF_CELL_ACTIVATION	7/8	139/2116	0.0503597122302158	13.3201438848921	9.25517684354323	3.45762667209196e-08	1.02960438680072e-06	6.10645178346066e-07	CRLF2/IL15/IL2RG/IL7R/IL7/IL15RA/IL2RA	7
panel30	walktrap	73	GOBP_REGULATION_OF_HEMOPOIESIS	GOBP_REGULATION_OF_HEMOPOIESIS	7/8	148/2116	0.0472972972972973	12.5101351351351	8.94259596258352	5.39389271397117e-08	1.44556324734427e-06	8.57345052431208e-07	IL15/IL2RG/IL7R/IL7/IL2RB/IL15RA/IL2RA	7
panel30	walktrap	92	GOBP_NECROPTOTIC_PROCESS	GOBP_NECROPTOTIC_PROCESS	2/2	25/2116	0.08	84.64	12.936735662914	0.000134068026116452	0.0142755634208798	0.00968676769750867	RIPK3/MLKL	2
panel30	walktrap	92	GOBP_PROGRAMMED_NECROTIC_CELL_DEATH	GOBP_PROGRAMMED_NECROTIC_CELL_DEATH	2/2	33/2116	0.0606060606060606	64.1212121212121	11.2384225568824	0.000235959725964955	0.0142755634208798	0.00968676769750867	RIPK3/MLKL	2
panel30	walktrap	92	GOBP_DEFENSE_RESPONSE_TO_VIRUS	GOBP_DEFENSE_RESPONSE_TO_VIRUS	2/2	120/2116	0.0166666666666667	17.6333333333333	5.76909031195007	0.00319081902157154	0.128696367203386	0.0873276784851159	RIPK3/MLKL	2
panel30	walktrap	92	GOBP_RESPONSE_TO_VIRUS	GOBP_RESPONSE_TO_VIRUS	2/2	155/2116	0.0129032258064516	13.6516129032258	5.0314207899825	0.00533367297233283	0.138509465202644	0.0939864139696061	RIPK3/MLKL	2
panel30	walktrap	92	GOBP_AMYLOID_FIBRIL_FORMATION	GOBP_AMYLOID_FIBRIL_FORMATION	1/2	15/2116	0.0666666666666667	70.5333333333333	8.31080983204576	0.0141307699526738	0.138509465202644	0.0939864139696061	RIPK3	1
panel30	walktrap	92	GOBP_REGULATION_OF_CELLULAR_EXTRAVASATION	GOBP_REGULATION_OF_CELLULAR_EXTRAVASATION	1/2	15/2116	0.0666666666666667	70.5333333333333	8.31080983204576	0.0141307699526738	0.138509465202644	0.0939864139696061	RIPK3	1
panel30	walktrap	92	GOBP_REGULATION_OF_T_CELL_APOPTOTIC_PROCESS	GOBP_REGULATION_OF_T_CELL_APOPTOTIC_PROCESS	1/2	15/2116	0.0666666666666667	70.5333333333333	8.31080983204576	0.0141307699526738	0.138509465202644	0.0939864139696061	RIPK3	1
panel30	walktrap	92	GOBP_SPLEEN_DEVELOPMENT	GOBP_SPLEEN_DEVELOPMENT	1/2	16/2116	0.0625	66.125	8.04110572840052	0.0150692461354892	0.138509465202644	0.0939864139696061	RIPK3	1
panel30	walktrap	92	GOBP_ACTIVATED_T_CELL_PROLIFERATION	GOBP_ACTIVATED_T_CELL_PROLIFERATION	1/2	17/2116	0.0588235294117647	62.2352941176471	7.79538809910682	0.0160072754248839	0.138509465202644	0.0939864139696061	RIPK3	1
panel30	walktrap	92	GOBP_REGULATION_OF_NECROPTOTIC_PROCESS	GOBP_REGULATION_OF_NECROPTOTIC_PROCESS	1/2	18/2116	0.0555555555555556	58.7777777777778	7.57028164001055	0.0169448578208581	0.138509465202644	0.0939864139696061	RIPK3	1
panel30	walktrap	46	GOBP_INTEGRIN_MEDIATED_SIGNALING_PATHWAY	GOBP_INTEGRIN_MEDIATED_SIGNALING_PATHWAY	6/7	69/2116	0.0869565217391304	26.2857142857143	12.3000468709193	6.60535411278365e-09	1.86270985980499e-06	1.38364786151994e-06	LAMB1/ITGA2/LAMA1/LAMC1/LAMA5/ITGA6	6
panel30	walktrap	46	GOBP_BASEMENT_MEMBRANE_ORGANIZATION	GOBP_BASEMENT_MEMBRANE_ORGANIZATION	4/7	22/2116	0.181818181818182	54.961038961039	14.6544397832572	3.01126113255354e-07	4.24587819690048e-05	3.15389981777976e-05	LAMB1/LAMA1/NID2/LAMC1	4
panel30	walktrap	46	GOBP_REGULATION_OF_EMBRYONIC_DEVELOPMENT	GOBP_REGULATION_OF_EMBRYONIC_DEVELOPMENT	4/7	28/2116	0.142857142857143	43.1836734693878	12.942676050156	8.37093531567366e-07	7.86867919673324e-05	5.84496886954055e-05	LAMB1/LAMA1/LAMC1/LAMA5	4
panel30	walktrap	46	GOBP_CELL_SUBSTRATE_ADHESION	GOBP_CELL_SUBSTRATE_ADHESION	6/7	160/2116	0.0375	11.3357142857143	7.83216769385909	1.1234644967338e-06	7.92042470197328e-05	5.88340618026384e-05	LAMB1/ITGA2/NID2/LAMC1/LAMA5/ITGA6	6
panel30	walktrap	46	GOBP_POSITIVE_REGULATION_OF_INTEGRIN_MEDIATED_SIGNALING_PATHWAY	GOBP_POSITIVE_REGULATION_OF_INTEGRIN_MEDIATED_SIGNALING_PATHWAY	3/7	10/2116	0.3	90.6857142857143	16.3741967278624	2.63722113873689e-06	0.000148369177898819	0.000110210774176427	LAMB1/LAMA1/LAMC1	3
panel30	walktrap	46	GOBP_CELL_JUNCTION_ORGANIZATION	GOBP_CELL_JUNCTION_ORGANIZATION	6/7	190/2116	0.0315789473684211	9.54586466165414	7.11165345746272	3.1567910191238e-06	0.000148369177898819	0.000110210774176427	LAMB1/ITGA2/LAMA1/LAMC1/LAMA5/ITGA6	6
panel30	walktrap	46	GOBP_POSTSYNAPTIC_MEMBRANE_ORGANIZATION	GOBP_POSTSYNAPTIC_MEMBRANE_ORGANIZATION	3/7	12/2116	0.25	75.5714285714286	14.9212818627798	4.82115692807213e-06	0.000194223750530906	0.000144272214840053	LAMB1/LAMA1/LAMC1	3
panel30	walktrap	46	GOBP_REGULATION_OF_INTEGRIN_MEDIATED_SIGNALING_PATHWAY	GOBP_REGULATION_OF_INTEGRIN_MEDIATED_SIGNALING_PATHWAY	3/7	14/2116	0.214285714285714	64.7755102040816	13.790103306411	7.95412758774496e-06	0.00028038299746801	0.00020827255131069	LAMB1/LAMA1/LAMC1	3
panel30	walktrap	46	GOBP_POSTSYNAPSE_ORGANIZATION	GOBP_POSTSYNAPSE_ORGANIZATION	4/7	50/2116	0.08	24.1828571428571	9.55548463704995	9.1801307225333e-06	0.00028764409597271	0.000213666200442588	LAMB1/LAMA1/LAMC1/LAMA5	4
panel30	walktrap	46	GOBP_CELL_ADHESION	GOBP_CELL_ADHESION	7/7	442/2116	0.0158371040723982	4.78733031674208	5.15623269262973	1.67080195485894e-05	0.000471166151270221	0.000349989041070451	LAMB1/ITGA2/LAMA1/NID2/LAMC1/LAMA5/ITGA6	7
panel30	walktrap	193	GOBP_DISRUPTION_OF_ANATOMICAL_STRUCTURE_IN_ANOTHER_ORGANISM	GOBP_DISRUPTION_OF_ANATOMICAL_STRUCTURE_IN_ANOTHER_ORGANISM	2/2	27/2116	0.0740740740740741	78.3703703703704	12.4424249574012	0.000156859590556248	0.00862727748059365	0.0051185761128881	PRF1/GZMB	2
panel30	walktrap	193	GOBP_LEUKOCYTE_MEDIATED_CYTOTOXICITY	GOBP_LEUKOCYTE_MEDIATED_CYTOTOXICITY	2/2	49/2116	0.0408163265306122	43.1836734693878	9.18734215139336	0.00052554666237649	0.0144525332153535	0.00857470870193221	PRF1/GZMB	2
panel30	walktrap	193	GOBP_CELL_KILLING	GOBP_CELL_KILLING	2/2	71/2116	0.028169014084507	29.8028169014085	7.59163245903499	0.00111053014966461	0.0203597194105178	0.0120794507507378	PRF1/GZMB	2
panel30	walktrap	193	GOBP_LYMPHOCYTE_MEDIATED_IMMUNITY	GOBP_LYMPHOCYTE_MEDIATED_IMMUNITY	2/2	94/2116	0.0212765957446809	22.5106382978723	6.5606118043156	0.0019533711405167	0.0268588531821046	0.0159353961463204	PRF1/GZMB	2
panel30	walktrap	193	GOBP_LEUKOCYTE_MEDIATED_IMMUNITY	GOBP_LEUKOCYTE_MEDIATED_IMMUNITY	2/2	120/2116	0.0166666666666667	17.6333333333333	5.76909031195007	0.00319081902157154	0.035099009237287	0.0208242925618353	PRF1/GZMB	2
panel30	walktrap	193	GOBP_IMMUNE_EFFECTOR_PROCESS	GOBP_IMMUNE_EFFECTOR_PROCESS	2/2	193/2116	0.0103626943005181	10.9637305699482	4.46507419471129	0.00828004129295204	0.0690673781209922	0.0409777745789619	PRF1/GZMB	2
panel30	walktrap	193	GOBP_IMMUNE_RESPONSE_TO_TUMOR_CELL	GOBP_IMMUNE_RESPONSE_TO_TUMOR_CELL	1/2	10/2116	0.1	105.8	10.2152686230199	0.00943168563729213	0.0690673781209922	0.0409777745789619	PRF1	1
panel30	walktrap	193	GOBP_POSITIVE_REGULATION_OF_ESTABLISHMENT_OF_PROTEIN_LOCALIZATION_TO_MITOCHONDRION	GOBP_POSITIVE_REGULATION_OF_ESTABLISHMENT_OF_PROTEIN_LOCALIZATION_TO_MITOCHONDRION	1/2	12/2116	0.0833333333333333	88.1666666666667	9.3118481655212	0.0113126600437063	0.0690673781209922	0.0409777745789619	GZMB	1
panel30	walktrap	193	GOBP_CELLULAR_DEFENSE_RESPONSE	GOBP_CELLULAR_DEFENSE_RESPONSE	1/2	13/2116	0.0769230769230769	81.3846153846154	8.94010604187068	0.0122524769067824	0.0690673781209922	0.0409777745789619	PRF1	1
panel30	walktrap	193	GOBP_PYROPTOTIC_INFLAMMATORY_RESPONSE	GOBP_PYROPTOTIC_INFLAMMATORY_RESPONSE	1/2	14/2116	0.0714285714285714	75.5714285714286	8.60870482867123	0.0131918468764384	0.0690673781209922	0.0409777745789619	GZMB	1
panel30	walktrap	53	GOBP_PROTON_TRANSMEMBRANE_TRANSPORT	GOBP_PROTON_TRANSMEMBRANE_TRANSPORT	21/21	79/2116	0.265822784810127	26.7848101265823	23.3805535107449	6.13589816866706e-32	1.0062872996614e-29	9.36439656304505e-30	ATP6V1A/ATP6V0A1/ATP6V1C1/ATP6V1H/ATP6V0D2/ATP6V1G1/ATP6V1E2/ATP6V1G2/ATP6V1D/ATP6V1F/ATP6V0B/ATP6V0C/ATP6V1C2/ATP6V0E2/ATP6V0D1/ATP6V0A2/TCIRG1/ATP6AP1/ATP6V1E1/ATP6V0E1/ATP6V1B2	21
panel30	walktrap	53	GOBP_VACUOLAR_ACIDIFICATION	GOBP_VACUOLAR_ACIDIFICATION	15/21	17/2116	0.882352941176471	88.9075630252101	36.4264880168687	1.32155790954816e-31	1.08367748582949e-29	1.00845809414127e-29	ATP6V1A/ATP6V0A1/ATP6V1H/ATP6V0D2/ATP6V1D/ATP6V1F/ATP6V0B/ATP6V0C/ATP6V0E2/ATP6V0D1/ATP6V0A2/TCIRG1/ATP6AP1/ATP6V0E1/ATP6V1B2	15
panel30	walktrap	53	GOBP_INTRACELLULAR_PH_REDUCTION	GOBP_INTRACELLULAR_PH_REDUCTION	15/21	20/2116	0.75	75.5714285714286	33.5401222505905	1.49449191809945e-29	8.16988915227698e-28	7.60280706352797e-28	ATP6V1A/ATP6V0A1/ATP6V1H/ATP6V0D2/ATP6V1D/ATP6V1F/ATP6V0B/ATP6V0C/ATP6V0E2/ATP6V0D1/ATP6V0A2/TCIRG1/ATP6AP1/ATP6V0E1/ATP6V1B2	15
panel30	walktrap	53	GOBP_REGULATION_OF_PH	GOBP_REGULATION_OF_PH	15/21	27/2116	0.555555555555556	55.978835978836	28.7793527445444	1.64443725101876e-26	5.91340216504829e-25	5.50294562287674e-25	ATP6V1A/ATP6V0A1/ATP6V1H/ATP6V0D2/ATP6V1D/ATP6V1F/ATP6V0B/ATP6V0C/ATP6V0E2/ATP6V0D1/ATP6V0A2/TCIRG1/ATP6AP1/ATP6V0E1/ATP6V1B2	15
panel30	walktrap	53	GOBP_SYNAPTIC_VESICLE_LUMEN_ACIDIFICATION	GOBP_SYNAPTIC_VESICLE_LUMEN_ACIDIFICATION	12/21	12/2116	1	100.761904761905	34.6900804822858	1.80286651373423e-26	5.91340216504829e-25	5.50294562287674e-25	ATP6V1A/ATP6V0A1/ATP6V1C1/ATP6V1G1/ATP6V1G2/ATP6V1D/ATP6V1F/ATP6V0C/ATP6V0D1/ATP6AP1/ATP6V1E1/ATP6V1B2	12
panel30	walktrap	53	GOBP_SYNAPTIC_VESICLE_MATURATION	GOBP_SYNAPTIC_VESICLE_MATURATION	12/21	13/2116	0.923076923076923	93.010989010989	33.309227309737	2.3344722100844e-25	6.38089070756403e-24	5.93798520871573e-24	ATP6V1A/ATP6V0A1/ATP6V1C1/ATP6V1G1/ATP6V1G2/ATP6V1D/ATP6V1F/ATP6V0C/ATP6V0D1/ATP6AP1/ATP6V1E1/ATP6V1B2	12
panel30	walktrap	53	GOBP_REGULATION_OF_MACROAUTOPHAGY	GOBP_REGULATION_OF_MACROAUTOPHAGY	18/21	80/2116	0.225	22.6714285714286	19.7795527402926	4.12932983815102e-24	9.67442990652524e-23	9.00291578722789e-23	ATP6V1A/ATP6V0A1/ATP6V1C1/ATP6V1H/ATP6V0D2/ATP6V1G1/ATP6V1E2/ATP6V1G2/ATP6V1D/ATP6V0B/ATP6V0C/ATP6V1C2/ATP6V0E2/ATP6V0D1/ATP6V0A2/ATP6V1E1/ATP6V0E1/ATP6V1B2	18
panel30	walktrap	53	GOBP_MONOATOMIC_ION_TRANSMEMBRANE_TRANSPORT	GOBP_MONOATOMIC_ION_TRANSMEMBRANE_TRANSPORT	21/21	195/2116	0.107692307692308	10.8512820512821	14.4517086107416	6.50321589377198e-23	1.33315925822326e-21	1.24062302882073e-21	ATP6V1A/ATP6V0A1/ATP6V1C1/ATP6V1H/ATP6V0D2/ATP6V1G1/ATP6V1E2/ATP6V1G2/ATP6V1D/ATP6V1F/ATP6V0B/ATP6V0C/ATP6V1C2/ATP6V0E2/ATP6V0D1/ATP6V0A2/TCIRG1/ATP6AP1/ATP6V1E1/ATP6V0E1/ATP6V1B2	21
panel30	walktrap	53	GOBP_NEURON_CELLULAR_HOMEOSTASIS	GOBP_NEURON_CELLULAR_HOMEOSTASIS	12/21	19/2116	0.631578947368421	63.6390977443609	27.4533848582841	8.8358443114047e-22	1.61008718563374e-20	1.49832904702513e-20	ATP6V1A/ATP6V0A1/ATP6V1C1/ATP6V1G1/ATP6V1G2/ATP6V1D/ATP6V1F/ATP6V0C/ATP6V0D1/ATP6AP1/ATP6V1E1/ATP6V1B2	12
panel30	walktrap	53	GOBP_MONOATOMIC_CATION_TRANSPORT	GOBP_MONOATOMIC_CATION_TRANSPORT	21/21	222/2116	0.0945945945945946	9.53153153153153	13.4488862289245	1.13957283522237e-21	1.86889944976469e-20	1.73917683249526e-20	ATP6V1A/ATP6V0A1/ATP6V1C1/ATP6V1H/ATP6V0D2/ATP6V1G1/ATP6V1E2/ATP6V1G2/ATP6V1D/ATP6V1F/ATP6V0B/ATP6V0C/ATP6V1C2/ATP6V0E2/ATP6V0D1/ATP6V0A2/TCIRG1/ATP6AP1/ATP6V1E1/ATP6V0E1/ATP6V1B2	21
panel30	walktrap	72	GOBP_NEGATIVE_REGULATION_OF_GENE_EXPRESSION_EPIGENETIC	GOBP_NEGATIVE_REGULATION_OF_GENE_EXPRESSION_EPIGENETIC	4/4	26/2116	0.153846153846154	81.3846153846154	17.9442244833175	1.79482421110829e-08	2.80226684438689e-06	2.1624140667014e-06	CSNK2A1/HDAC8/HDAC2/RBBP4	4
panel30	walktrap	72	GOBP_HETEROCHROMATIN_ORGANIZATION	GOBP_HETEROCHROMATIN_ORGANIZATION	4/4	27/2116	0.148148148148148	78.3703703703704	17.6045757079967	2.1069675521706e-08	2.80226684438689e-06	2.1624140667014e-06	CSNK2A1/HDAC8/HDAC2/RBBP4	4
panel30	walktrap	72	GOBP_EPIGENETIC_REGULATION_OF_GENE_EXPRESSION	GOBP_EPIGENETIC_REGULATION_OF_GENE_EXPRESSION	4/4	40/2116	0.1	52.9	14.4185604816721	1.09718384383402e-07	9.72836341532831e-06	7.50704735254856e-06	CSNK2A1/HDAC8/HDAC2/RBBP4	4
panel30	walktrap	72	GOBP_CHROMATIN_REMODELING	GOBP_CHROMATIN_REMODELING	4/4	82/2116	0.0487804878048781	25.8048780487805	9.96797115777415	2.09983627737864e-06	0.000139639112445679	0.000107754756339167	CSNK2A1/HDAC8/HDAC2/RBBP4	4
panel30	walktrap	72	GOBP_CHROMATIN_ORGANIZATION	GOBP_CHROMATIN_ORGANIZATION	4/4	105/2116	0.0380952380952381	20.152380952381	8.75890085318039	5.73891139710111e-06	0.000305310086325779	0.000235597415249414	CSNK2A1/HDAC8/HDAC2/RBBP4	4
panel30	walktrap	72	GOBP_REGULATION_OF_CELL_FATE_SPECIFICATION	GOBP_REGULATION_OF_CELL_FATE_SPECIFICATION	2/4	10/2116	0.2	105.8	14.4534100440367	0.000120053156270904	0.00532235659467674	0.00410708166189935	HDAC2/RBBP4	2
panel30	walktrap	72	GOBP_NEGATIVE_REGULATION_OF_GENE_EXPRESSION	GOBP_NEGATIVE_REGULATION_OF_GENE_EXPRESSION	4/4	244/2116	0.0163934426229508	8.67213114754098	5.54365549474454	0.000172980836682445	0.00657327179393293	0.00507237039895893	CSNK2A1/HDAC8/HDAC2/RBBP4	4
panel30	walktrap	72	GOBP_REGULATION_OF_STEM_CELL_POPULATION_MAINTENANCE	GOBP_REGULATION_OF_STEM_CELL_POPULATION_MAINTENANCE	2/4	16/2116	0.125	66.125	11.3772238977762	0.000318928640977244	0.00960854783127427	0.00741458973921045	HDAC2/RBBP4	2
panel30	walktrap	72	GOBP_NEGATIVE_REGULATION_OF_NUCLEOBASE_CONTAINING_COMPOUND_METABOLIC_PROCESS	GOBP_NEGATIVE_REGULATION_OF_NUCLEOBASE_CONTAINING_COMPOUND_METABOLIC_PROCESS	4/4	290/2116	0.0137931034482759	7.29655172413793	5.02214921708034	0.000346529099535787	0.00960854783127427	0.00741458973921045	CSNK2A1/HDAC8/HDAC2/RBBP4	4
panel30	walktrap	72	GOBP_REGULATION_OF_CELL_FATE_COMMITMENT	GOBP_REGULATION_OF_CELL_FATE_COMMITMENT	2/4	17/2116	0.117647058823529	62.2352941176471	11.0295621981879	0.000361223602679484	0.00960854783127427	0.00741458973921045	HDAC2/RBBP4	2
panel30	walktrap	33	GOBP_REGULATION_OF_SODIUM_ION_TRANSMEMBRANE_TRANSPORT	GOBP_REGULATION_OF_SODIUM_ION_TRANSMEMBRANE_TRANSPORT	2/3	10/2116	0.2	141.066666666667	16.7252136656612	6.0178405857096e-05	0.00420449760049309	0.00231826935365534	SNTA1/DMD	2
panel30	walktrap	33	GOBP_SENSORY_SYSTEM_DEVELOPMENT	GOBP_SENSORY_SYSTEM_DEVELOPMENT	3/3	107/2116	0.0280373831775701	19.7757009345794	7.50868947416619	0.000125877446375231	0.00420449760049309	0.00231826935365534	SNTA1/DTNB/DMD	3
panel30	walktrap	33	GOBP_REGULATION_OF_SODIUM_ION_TRANSPORT	GOBP_REGULATION_OF_SODIUM_ION_TRANSPORT	2/3	16/2116	0.125	88.1666666666667	13.1845966185052	0.000160171337161641	0.00420449760049309	0.00231826935365534	SNTA1/DMD	2
panel30	walktrap	33	GOBP_SODIUM_ION_TRANSMEMBRANE_TRANSPORT	GOBP_SODIUM_ION_TRANSMEMBRANE_TRANSPORT	2/3	16/2116	0.125	88.1666666666667	13.1845966185052	0.000160171337161641	0.00420449760049309	0.00231826935365534	SNTA1/DMD	2
panel30	walktrap	33	GOBP_CARDIAC_MUSCLE_CELL_ACTION_POTENTIAL	GOBP_CARDIAC_MUSCLE_CELL_ACTION_POTENTIAL	2/3	19/2116	0.105263157894737	74.2456140350877	12.0816228436917	0.000228027262054526	0.00465834598470849	0.00256851157051596	SNTA1/DMD	2
panel30	walktrap	33	GOBP_SYNAPTIC_SIGNALING	GOBP_SYNAPTIC_SIGNALING	3/3	141/2116	0.0212765957446809	15.0070921985816	6.48544914704464	0.000290021991595621	0.00465834598470849	0.00256851157051596	SNTA1/DTNB/DMD	3
panel30	walktrap	33	GOBP_SENSORY_ORGAN_DEVELOPMENT	GOBP_SENSORY_ORGAN_DEVELOPMENT	3/3	149/2116	0.0201342281879195	14.2013422818792	6.29615064224602	0.000342637032838409	0.00465834598470849	0.00256851157051596	SNTA1/DTNB/DMD	3
panel30	walktrap	33	GOBP_SODIUM_ION_TRANSPORT	GOBP_SODIUM_ION_TRANSPORT	2/3	24/2116	0.0833333333333333	58.7777777777778	10.7238734330246	0.000367460545980557	0.00465834598470849	0.00256851157051596	SNTA1/DMD	2
panel30	walktrap	33	GOBP_REGULATION_OF_HEART_RATE	GOBP_REGULATION_OF_HEART_RATE	2/3	25/2116	0.08	56.4266666666667	10.5021402497554	0.000399286798689299	0.00465834598470849	0.00256851157051596	SNTA1/DMD	2
panel30	walktrap	33	GOBP_ACTION_POTENTIAL	GOBP_ACTION_POTENTIAL	2/3	30/2116	0.0666666666666667	47.0222222222222	9.56394621552553	0.000578046280815337	0.00606948594856103	0.00334658373103616	SNTA1/DMD	2
panel30	walktrap	85	GOBP_SISTER_CHROMATID_COHESION	GOBP_SISTER_CHROMATID_COHESION	9/10	31/2116	0.290322580645161	61.4322580645161	23.3519225591622	8.66787027505618e-17	1.10919808042583e-14	8.59708383885957e-15	STAG2/STAG1/RAD21/NIPBL/PDS5A/WAPL/SMC1A/PDS5B/SMC3	9
panel30	walktrap	85	GOBP_MITOTIC_SISTER_CHROMATID_COHESION	GOBP_MITOTIC_SISTER_CHROMATID_COHESION	8/10	17/2116	0.470588235294118	99.5764705882353	28.1136677850504	1.10367968201576e-16	1.10919808042583e-14	8.59708383885957e-15	STAG2/STAG1/RAD21/NIPBL/PDS5A/SMC1A/PDS5B/SMC3	8
panel30	walktrap	85	GOBP_CHROMOSOME_ORGANIZATION	GOBP_CHROMOSOME_ORGANIZATION	10/10	141/2116	0.0709219858156028	15.0070921985816	11.8604180225452	1.27191418290453e-12	8.52182502546033e-11	6.6050280375393e-11	STAG2/STAG1/RAD21/NIPBL/PDS5A/WAPL/SYCP3/SMC1A/PDS5B/SMC3	10
panel30	walktrap	85	GOBP_NUCLEAR_CHROMOSOME_SEGREGATION	GOBP_NUCLEAR_CHROMOSOME_SEGREGATION	8/10	74/2116	0.108108108108108	22.8756756756757	13.1970076792426	6.51628754302277e-11	3.27443449036894e-09	2.53792251675624e-09	STAG2/STAG1/RAD21/NIPBL/WAPL/SYCP3/SMC1A/SMC3	8
panel30	walktrap	85	GOBP_CHROMOSOME_SEGREGATION	GOBP_CHROMOSOME_SEGREGATION	8/10	97/2116	0.0824742268041237	17.4515463917526	11.4274791234914	6.12443867600403e-10	2.05822083484514e-08	1.59526935615125e-08	STAG2/STAG1/RAD21/NIPBL/WAPL/SYCP3/SMC1A/SMC3	8
panel30	walktrap	85	GOBP_MITOTIC_SISTER_CHROMATID_SEGREGATION	GOBP_MITOTIC_SISTER_CHROMATID_SEGREGATION	7/10	55/2116	0.127272727272727	26.9309090909091	13.4241282897288	6.1439427905825e-10	2.05822083484514e-08	1.59526935615125e-08	STAG2/STAG1/RAD21/NIPBL/WAPL/SMC1A/SMC3	7
panel30	walktrap	85	GOBP_CELL_DIVISION	GOBP_CELL_DIVISION	9/10	173/2116	0.0520231213872832	11.0080924855491	9.46376535304401	1.2495117251492e-09	3.58788366792842e-08	2.78086820033206e-08	STAG2/STAG1/RAD21/PDS5A/WAPL/SYCP3/SMC1A/PDS5B/SMC3	9
panel30	walktrap	85	GOBP_SISTER_CHROMATID_SEGREGATION	GOBP_SISTER_CHROMATID_SEGREGATION	7/10	64/2116	0.109375	23.14375	12.3930579618702	1.85941667490138e-09	4.67178439568972e-08	3.62096931428164e-08	STAG2/STAG1/RAD21/NIPBL/WAPL/SMC1A/SMC3	7
panel30	walktrap	85	GOBP_ORGANELLE_FISSION	GOBP_ORGANELLE_FISSION	8/10	135/2116	0.0592592592592593	12.5392592592593	9.54615715922907	9.07651653302006e-09	2.02708869237448e-07	1.57113970396137e-07	STAG2/STAG1/RAD21/NIPBL/WAPL/SYCP3/SMC1A/SMC3	8
panel30	walktrap	85	GOBP_CELL_CYCLE_PROCESS	GOBP_CELL_CYCLE_PROCESS	10/10	350/2116	0.0285714285714286	6.04571428571429	7.11848099476087	1.37538281013393e-08	2.62800587849278e-07	2.03689379427563e-07	STAG2/STAG1/RAD21/NIPBL/PDS5A/WAPL/SYCP3/SMC1A/PDS5B/SMC3	10
panel30	walktrap	25	GOBP_MEMBRANE_PROTEIN_ECTODOMAIN_PROTEOLYSIS	GOBP_MEMBRANE_PROTEIN_ECTODOMAIN_PROTEOLYSIS	3/6	19/2116	0.157894736842105	55.6842105263158	12.7652438456236	1.208241346809e-05	0.00344293740359874	0.00263060965744715	TIMP2/TIMP1/MMP7	3
panel30	walktrap	25	GOBP_MEMBRANE_PROTEIN_PROTEOLYSIS	GOBP_MEMBRANE_PROTEIN_PROTEOLYSIS	3/6	23/2116	0.130434782608696	46	11.568615876061	2.19880984997245e-05	0.00344293740359874	0.00263060965744715	TIMP2/TIMP1/MMP7	3
panel30	walktrap	25	GOBP_COLLAGEN_CATABOLIC_PROCESS	GOBP_COLLAGEN_CATABOLIC_PROCESS	3/6	26/2116	0.115384615384615	40.6923076923077	10.8569906458385	3.21769850803621e-05	0.00344293740359874	0.00263060965744715	MMP14/MMP2/MMP7	3
panel30	walktrap	25	GOBP_EXTRACELLULAR_MATRIX_DISASSEMBLY	GOBP_EXTRACELLULAR_MATRIX_DISASSEMBLY	3/6	33/2116	0.0909090909090909	32.0606060606061	9.58764276502185	6.70164465598683e-05	0.00537806983642943	0.00410916632853929	MMP14/MMP2/MMP7	3
panel30	walktrap	25	GOBP_REGULATION_OF_MEMBRANE_PROTEIN_ECTODOMAIN_PROTEOLYSIS	GOBP_REGULATION_OF_MEMBRANE_PROTEIN_ECTODOMAIN_PROTEOLYSIS	2/6	11/2116	0.181818181818182	64.1212121212121	11.1901319077227	0.000364519206390462	0.0202051522815118	0.0154379422252574	TIMP2/TIMP1	2
panel30	walktrap	25	GOBP_COLLAGEN_METABOLIC_PROCESS	GOBP_COLLAGEN_METABOLIC_PROCESS	3/6	59/2116	0.0508474576271187	17.9322033898305	7.03253528640624	0.000388258971084631	0.0202051522815118	0.0154379422252574	MMP14/MMP2/MMP7	3
panel30	walktrap	25	GOBP_PROTEOLYSIS	GOBP_PROTEOLYSIS	5/6	327/2116	0.0152905198776758	5.39245667686035	4.60538324016253	0.000449760813725827	0.0202051522815118	0.0154379422252574	MMP14/MMP2/TIMP2/TIMP1/MMP7	5
panel30	walktrap	25	GOBP_TROPHOBLAST_CELL_MIGRATION	GOBP_TROPHOBLAST_CELL_MIGRATION	2/6	13/2116	0.153846153846154	54.2564102564103	10.2686538124696	0.000515648694195304	0.0202051522815118	0.0154379422252574	MMP2/TIMP1	2
panel30	walktrap	25	GOBP_TISSUE_REMODELING	GOBP_TISSUE_REMODELING	3/6	70/2116	0.0428571428571429	15.1142857142857	6.40242785380336	0.000646005266810334	0.0202051522815118	0.0154379422252574	MMP14/MMP2/TIMP1	3
panel30	walktrap	25	GOBP_MACROPHAGE_MIGRATION	GOBP_MACROPHAGE_MIGRATION	2/6	15/2116	0.133333333333333	47.0222222222222	9.53651666064898	0.000692388395939657	0.0202051522815118	0.0154379422252574	MMP14/MMP2	2
panel30	walktrap	10	GOBP_ANTIMICROBIAL_HUMORAL_IMMUNE_RESPONSE_MEDIATED_BY_ANTIMICROBIAL_PEPTIDE	GOBP_ANTIMICROBIAL_HUMORAL_IMMUNE_RESPONSE_MEDIATED_BY_ANTIMICROBIAL_PEPTIDE	13/13	32/2116	0.40625	66.125	29.1797182264919	1.3164794490041e-25	6.09529984888898e-23	4.86404512210988e-23	CXCL12/CCL21/CXCL11/CCL20/CCL5/CXCL5/CCL13/CXCL10/CXCL9/CCL17/CXCL1/CXCL2/CXCL3	13
panel30	walktrap	10	GOBP_ANTIMICROBIAL_HUMORAL_RESPONSE	GOBP_ANTIMICROBIAL_HUMORAL_RESPONSE	13/13	38/2116	0.342105263157895	55.6842105263158	26.7385713443586	2.05216250804974e-24	4.75075620613514e-22	3.79110021223925e-22	CXCL12/CCL21/CXCL11/CCL20/CCL5/CXCL5/CCL13/CXCL10/CXCL9/CCL17/CXCL1/CXCL2/CXCL3	13
panel30	walktrap	10	GOBP_HUMORAL_IMMUNE_RESPONSE	GOBP_HUMORAL_IMMUNE_RESPONSE	13/13	55/2116	0.236363636363636	38.4727272727273	22.1342533606274	5.49970574715509e-22	8.48787920310936e-20	6.77332181491733e-20	CXCL12/CCL21/CXCL11/CCL20/CCL5/CXCL5/CCL13/CXCL10/CXCL9/CCL17/CXCL1/CXCL2/CXCL3	13
panel30	walktrap	10	GOBP_DISRUPTION_OF_ANATOMICAL_STRUCTURE_IN_ANOTHER_ORGANISM	GOBP_DISRUPTION_OF_ANATOMICAL_STRUCTURE_IN_ANOTHER_ORGANISM	11/13	27/2116	0.407407407407407	66.3133903133903	26.848629115546	1.07899218418083e-20	1.24893345318931e-18	9.96648043809133e-19	CXCL12/CCL21/CXCL11/CCL20/CCL13/CXCL10/CXCL9/CCL17/CXCL1/CXCL2/CXCL3	11
panel30	walktrap	10	GOBP_CELL_CHEMOTAXIS	GOBP_CELL_CHEMOTAXIS	13/13	120/2116	0.108333333333333	17.6333333333333	14.7467687894318	3.31937332016197e-17	3.07373969446998e-15	2.45284217974074e-15	CXCL12/CCL21/CXCL11/CCL20/CCL5/CXCL5/CCL13/CXCL10/CXCL9/CCL17/CXCL1/CXCL2/CXCL3	13
panel30	walktrap	10	GOBP_TAXIS	GOBP_TAXIS	13/13	155/2116	0.0838709677419355	13.6516129032258	12.8611609560905	1.08137744830776e-15	8.34462930944154e-14	6.65900849747409e-14	CXCL12/CCL21/CXCL11/CCL20/CCL5/CXCL5/CCL13/CXCL10/CXCL9/CCL17/CXCL1/CXCL2/CXCL3	13
panel30	walktrap	10	GOBP_CELL_KILLING	GOBP_CELL_KILLING	11/13	71/2116	0.154929577464789	25.2177681473456	16.3163818668327	2.03806738829016e-15	1.34803600111192e-13	1.07573180945842e-13	CXCL12/CCL21/CXCL11/CCL20/CCL13/CXCL10/CXCL9/CCL17/CXCL1/CXCL2/CXCL3	11
panel30	walktrap	10	GOBP_RESPONSE_TO_CHEMOKINE	GOBP_RESPONSE_TO_CHEMOKINE	7/13	24/2116	0.291666666666667	47.474358974359	17.998877229294	1.52546124462585e-11	8.82860695327213e-10	7.04522232715361e-10	CXCL12/CCL21/CXCL11/CCL5/CCL13/CXCL10/CXCL9	7
panel30	walktrap	10	GOBP_DEFENSE_RESPONSE_TO_OTHER_ORGANISM	GOBP_DEFENSE_RESPONSE_TO_OTHER_ORGANISM	13/13	353/2116	0.0368271954674221	5.9943342776204	8.0806450264415	6.43119791642209e-11	3.30849403922603e-09	2.6401759867417e-09	CXCL12/CCL21/CXCL11/CCL20/CCL5/CXCL5/CCL13/CXCL10/CXCL9/CCL17/CXCL1/CXCL2/CXCL3	13
panel30	walktrap	10	GOBP_LEUKOCYTE_CHEMOTAXIS	GOBP_LEUKOCYTE_CHEMOTAXIS	9/13	86/2116	0.104651162790698	17.0339892665474	11.9330104478614	1.24837294410966e-10	5.77996673122772e-09	4.61240950928937e-09	CXCL12/CCL21/CXCL11/CCL5/CXCL5/CCL13/CXCL10/CXCL9/CXCL3	9
panel30	walktrap	26	GOBP_CELL_CELL_JUNCTION_ORGANIZATION	GOBP_CELL_CELL_JUNCTION_ORGANIZATION	7/8	57/2116	0.12280701754386	32.4824561403509	14.8403019550264	5.55085192041879e-11	1.88728965294239e-08	1.55423853771726e-08	F11R/PRKCI/PARD6A/PATJ/JAM3/AMOT/PARD3	7
panel30	walktrap	26	GOBP_ESTABLISHMENT_OR_MAINTENANCE_OF_CELL_POLARITY	GOBP_ESTABLISHMENT_OR_MAINTENANCE_OF_CELL_POLARITY	6/8	69/2116	0.0869565217391304	23	11.4433499922559	2.57453192231944e-08	4.37670426794305e-06	3.60434469124721e-06	PRKCI/PARD6A/PATJ/JAM3/AMOT/PARD3	6
panel30	walktrap	26	GOBP_ESTABLISHMENT_OF_CELL_POLARITY	GOBP_ESTABLISHMENT_OF_CELL_POLARITY	5/8	37/2116	0.135135135135135	35.7432432432432	13.1313340743202	6.67828413823643e-08	7.56872202333462e-06	6.23306519568734e-06	PRKCI/PATJ/JAM3/AMOT/PARD3	5
panel30	walktrap	26	GOBP_CELL_CELL_JUNCTION_ASSEMBLY	GOBP_CELL_CELL_JUNCTION_ASSEMBLY	5/8	41/2116	0.121951219512195	32.2560975609756	12.4475106841277	1.14263902787732e-07	9.71243173695724e-06	7.99847319514126e-06	F11R/PATJ/JAM3/AMOT/PARD3	5
panel30	walktrap	26	GOBP_CELL_JUNCTION_ORGANIZATION	GOBP_CELL_JUNCTION_ORGANIZATION	7/8	190/2116	0.0368421052631579	9.74473684210526	7.78144549562288	3.14209730917912e-07	2.1366261702418e-05	1.75957449314031e-05	F11R/PRKCI/PARD6A/PATJ/JAM3/AMOT/PARD3	7
panel30	walktrap	26	GOBP_ESTABLISHMENT_OR_MAINTENANCE_OF_BIPOLAR_CELL_POLARITY	GOBP_ESTABLISHMENT_OR_MAINTENANCE_OF_BIPOLAR_CELL_POLARITY	4/8	23/2116	0.173913043478261	46	13.3646224263146	7.22966177783027e-07	4.09680834077048e-05	3.37384216298746e-05	PRKCI/PARD6A/PATJ/PARD3	4
panel30	walktrap	26	GOBP_MAINTENANCE_OF_BLOOD_BRAIN_BARRIER	GOBP_MAINTENANCE_OF_BLOOD_BRAIN_BARRIER	3/8	14/2116	0.214285714285714	56.6785714285714	12.8736181124973	1.26768912466179e-05	0.000615734717692869	0.000507075649864716	F11R/JAM2/JAM3	3
panel30	walktrap	26	GOBP_CELL_JUNCTION_ASSEMBLY	GOBP_CELL_JUNCTION_ASSEMBLY	5/8	120/2116	0.0416666666666667	11.0208333333333	6.96111918528638	2.63903681692027e-05	0.00112159064719112	0.000923662885922095	F11R/PATJ/JAM3/AMOT/PARD3	5
panel30	walktrap	26	GOBP_TIGHT_JUNCTION_ORGANIZATION	GOBP_TIGHT_JUNCTION_ORGANIZATION	3/8	24/2116	0.125	33.0625	9.7294219682242	6.92430758991115e-05	0.00261584953396643	0.00215422902797236	F11R/PATJ/PARD3	3
panel30	walktrap	26	GOBP_CYTOSKELETON_ORGANIZATION	GOBP_CYTOSKELETON_ORGANIZATION	6/8	267/2116	0.0224719101123596	5.9438202247191	5.32248836849113	8.59807946901175e-05	0.00292334701946399	0.00240746225132329	F11R/PRKCI/PARD6A/JAM3/AMOT/PARD3	6
panel30	walktrap	51	GOBP_PROTEIN_TARGETING	GOBP_PROTEIN_TARGETING	4/11	51/2116	0.0784313725490196	15.0873440285205	7.36003126304437	8.73196698535999e-05	0.0423500398789959	0.039064062829242	YWHAZ/YWHAG/YWHAQ/YWHAB	4
panel30	walktrap	51	GOBP_ESTABLISHMENT_OF_PROTEIN_LOCALIZATION	GOBP_ESTABLISHMENT_OF_PROTEIN_LOCALIZATION	7/11	310/2116	0.0225806451612903	4.34369501466276	4.60547161500967	0.000263911170562347	0.0635953768907184	0.0586609553522633	YWHAZ/SFN/YWHAG/YWHAQ/YWHAB/YWHAH/TSC2	7
panel30	walktrap	51	GOBP_NEGATIVE_REGULATION_OF_TORC1_SIGNALING	GOBP_NEGATIVE_REGULATION_OF_TORC1_SIGNALING	3/11	30/2116	0.1	19.2363636363636	7.27054885712378	0.000393373465303413	0.0635953768907184	0.0586609553522633	YWHAZ/YWHAG/TSC2	3
panel30	walktrap	51	GOBP_CELLULAR_RESPONSE_TO_INSULIN_STIMULUS	GOBP_CELLULAR_RESPONSE_TO_INSULIN_STIMULUS	4/11	82/2116	0.0487804878048781	9.38359201773836	5.59612060625822	0.000562048872650824	0.0681484258089123	0.0628607291780526	TBC1D4/YWHAG/ZFP36L1/TSC2	4
panel30	walktrap	51	GOBP_NEGATIVE_REGULATION_OF_TOR_SIGNALING	GOBP_NEGATIVE_REGULATION_OF_TOR_SIGNALING	3/11	41/2116	0.0731707317073171	14.0753880266075	6.11030574847661	0.00100085427880138	0.074911403723402	0.069098961654793	YWHAZ/YWHAG/TSC2	3
panel30	walktrap	51	GOBP_RESPONSE_TO_INSULIN	GOBP_RESPONSE_TO_INSULIN	4/11	97/2116	0.0412371134020619	7.93252108716026	5.05166316899928	0.00106890095778823	0.074911403723402	0.069098961654793	TBC1D4/YWHAG/ZFP36L1/TSC2	4
panel30	walktrap	51	GOBP_REGULATION_OF_EPIDERMIS_DEVELOPMENT	GOBP_REGULATION_OF_EPIDERMIS_DEVELOPMENT	2/11	10/2116	0.2	38.4727272727273	8.58443264073215	0.00108119551765735	0.074911403723402	0.069098961654793	SFN/ZFP36L1	2
panel30	walktrap	51	GOBP_NEGATIVE_REGULATION_OF_PROTEIN_LOCALIZATION	GOBP_NEGATIVE_REGULATION_OF_PROTEIN_LOCALIZATION	3/11	47/2116	0.0638297872340426	12.2785299806576	5.6512778502788	0.0014964606187895	0.0907229250141133	0.0836836530244127	YWHAZ/SFN/YWHAB	3
panel30	walktrap	51	GOBP_REGULATION_OF_KERATINOCYTE_PROLIFERATION	GOBP_REGULATION_OF_KERATINOCYTE_PROLIFERATION	2/11	14/2116	0.142857142857143	27.4805194805195	7.18455114810293	0.00216170179331401	0.109531557293194	0.101032906890086	SFN/ZFP36L1	2
panel30	walktrap	51	GOBP_CELLULAR_RESPONSE_TO_HORMONE_STIMULUS	GOBP_CELLULAR_RESPONSE_TO_HORMONE_STIMULUS	5/11	204/2116	0.0245098039215686	4.71479500891266	4.03395892205214	0.00225838262460193	0.109531557293194	0.101032906890086	TBC1D4/YWHAG/ZFP36L1/YWHAH/TSC2	5
panel30	walktrap	2	GOBP_ORGANELLE_MEMBRANE_FUSION	GOBP_ORGANELLE_MEMBRANE_FUSION	8/8	22/2116	0.363636363636364	96.1818181818182	27.6402441144097	3.25077224469133e-17	5.8513900404444e-15	3.69561476238594e-15	VAMP8/VPS41/VPS39/VPS11/VPS18/STX17/VPS33A/VPS16	8
panel30	walktrap	2	GOBP_MEMBRANE_FUSION	GOBP_MEMBRANE_FUSION	8/8	24/2116	0.333333333333333	88.1666666666667	26.4508781774204	7.47677616279014e-17	6.72909854651113e-15	4.24995697674387e-15	VAMP8/VPS41/VPS39/VPS11/VPS18/STX17/VPS33A/VPS16	8
panel30	walktrap	2	GOBP_ORGANELLE_FUSION	GOBP_ORGANELLE_FUSION	8/8	29/2116	0.275862068965517	72.9655172413793	24.0340578212046	4.3633817544456e-16	2.61802905266736e-14	1.6534920332636e-14	VAMP8/VPS41/VPS39/VPS11/VPS18/STX17/VPS33A/VPS16	8
panel30	walktrap	2	GOBP_ENDOSOME_TO_LYSOSOME_TRANSPORT	GOBP_ENDOSOME_TO_LYSOSOME_TRANSPORT	6/8	10/2116	0.6	158.7	30.7870010132323	4.73461161885987e-14	2.13057522848694e-12	1.34562646009702e-12	VPS41/VPS39/VPS11/VPS18/VPS33A/VPS16	6
panel30	walktrap	2	GOBP_VESICLE_ORGANIZATION	GOBP_VESICLE_ORGANIZATION	8/8	62/2116	0.129032258064516	34.1290322580645	16.3068190094817	3.4372146563631e-13	1.23739727629072e-11	7.81514069236243e-12	VAMP8/VPS41/VPS39/VPS11/VPS18/STX17/VPS33A/VPS16	8
panel30	walktrap	2	GOBP_LYSOSOMAL_TRANSPORT	GOBP_LYSOSOMAL_TRANSPORT	6/8	22/2116	0.272727272727273	72.1363636363637	20.6575845458697	1.66581825229347e-11	4.99745475688041e-10	3.15628721487184e-10	VPS41/VPS39/VPS11/VPS18/VPS33A/VPS16	6
panel30	walktrap	2	GOBP_VACUOLAR_TRANSPORT	GOBP_VACUOLAR_TRANSPORT	6/8	28/2116	0.214285714285714	56.6785714285714	18.266978955037	8.36991807880812e-11	2.15226464883637e-09	1.35932504137034e-09	VPS41/VPS39/VPS11/VPS18/VPS33A/VPS16	6
panel30	walktrap	2	GOBP_MEMBRANE_ORGANIZATION	GOBP_MEMBRANE_ORGANIZATION	8/8	132/2116	0.0606060606060606	16.030303030303	10.9837020730693	1.87197843280036e-10	4.21195147380081e-09	2.66017987818999e-09	VAMP8/VPS41/VPS39/VPS11/VPS18/STX17/VPS33A/VPS16	8
panel30	walktrap	2	GOBP_MACROAUTOPHAGY	GOBP_MACROAUTOPHAGY	8/8	145/2116	0.0551724137931035	14.5931034482759	10.4453786287853	4.04784816625463e-10	8.09569633250925e-09	5.11307136790058e-09	VAMP8/VPS41/VPS39/VPS11/VPS18/STX17/VPS33A/VPS16	8
panel30	walktrap	2	GOBP_PROCESS_UTILIZING_AUTOPHAGIC_MECHANISM	GOBP_PROCESS_UTILIZING_AUTOPHAGIC_MECHANISM	8/8	224/2116	0.0357142857142857	9.44642857142857	8.23382121940575	1.40834629412518e-08	2.53502332942532e-07	1.60106736595283e-07	VAMP8/VPS41/VPS39/VPS11/VPS18/STX17/VPS33A/VPS16	8
panel30	walktrap	21	GOBP_PROTEIN_DEPHOSPHORYLATION	GOBP_PROTEIN_DEPHOSPHORYLATION	5/9	37/2116	0.135135135135135	31.7717717717718	12.3387252234277	1.48363036658067e-07	6.14222971764396e-05	5.63779539300653e-05	PPP2CB/PPP3CB/PPP2R3B/PPP2R2A/PPP2CA	5
panel30	walktrap	21	GOBP_DEPHOSPHORYLATION	GOBP_DEPHOSPHORYLATION	5/9	46/2116	0.108695652173913	25.5555555555556	11.0024063372106	4.59878800082115e-07	9.51949116169979e-05	8.73769720156019e-05	PPP2CB/PPP3CB/PPP2R3B/PPP2R2A/PPP2CA	5
panel30	walktrap	21	GOBP_POSITIVE_REGULATION_OF_CALCIUM_ION_IMPORT	GOBP_POSITIVE_REGULATION_OF_CALCIUM_ION_IMPORT	2/9	10/2116	0.2	47.0222222222222	9.53196797296308	0.00071127698531402	0.0860997900565089	0.0790287928054912	PPP3CB/PPP3R1	2
panel30	walktrap	21	GOBP_REGULATION_OF_MICROTUBULE_POLYMERIZATION	GOBP_REGULATION_OF_MICROTUBULE_POLYMERIZATION	2/9	13/2116	0.153846153846154	36.1709401709402	8.31151494995554	0.00122472773942817	0.0860997900565089	0.0790287928054912	PPP2CB/PPP2CA	2
panel30	walktrap	21	GOBP_REGULATION_OF_CALCINEURIN_MEDIATED_SIGNALING	GOBP_REGULATION_OF_CALCINEURIN_MEDIATED_SIGNALING	2/9	14/2116	0.142857142857143	33.5873015873016	7.99355991790168	0.00142569218762366	0.0860997900565089	0.0790287928054912	PPP3CB/PPP3R1	2
panel30	walktrap	21	GOBP_NEGATIVE_REGULATION_OF_CALCIUM_ION_TRANSMEMBRANE_TRANSPORT	GOBP_NEGATIVE_REGULATION_OF_CALCIUM_ION_TRANSMEMBRANE_TRANSPORT	2/9	15/2116	0.133333333333333	31.3481481481481	7.70741904057608	0.00164139471509103	0.0860997900565089	0.0790287928054912	PPP3CB/PPP3R1	2
panel30	walktrap	21	GOBP_REGULATION_OF_CALCIUM_ION_IMPORT	GOBP_REGULATION_OF_CALCIUM_ION_IMPORT	2/9	15/2116	0.133333333333333	31.3481481481481	7.70741904057608	0.00164139471509103	0.0860997900565089	0.0790287928054912	PPP3CB/PPP3R1	2
panel30	walktrap	21	GOBP_CALCIUM_ION_IMPORT_ACROSS_PLASMA_MEMBRANE	GOBP_CALCIUM_ION_IMPORT_ACROSS_PLASMA_MEMBRANE	2/9	16/2116	0.125	29.3888888888889	7.44805563008773	0.00187173456644585	0.0860997900565089	0.0790287928054912	PPP3CB/PPP3R1	2
panel30	walktrap	21	GOBP_NEGATIVE_REGULATION_OF_CALCIUM_ION_TRANSPORT	GOBP_NEGATIVE_REGULATION_OF_CALCIUM_ION_TRANSPORT	2/9	16/2116	0.125	29.3888888888889	7.44805563008773	0.00187173456644585	0.0860997900565089	0.0790287928054912	PPP3CB/PPP3R1	2
panel30	walktrap	21	GOBP_MICROTUBULE_POLYMERIZATION	GOBP_MICROTUBULE_POLYMERIZATION	2/9	20/2116	0.1	23.5111111111111	6.60937605984305	0.00293746731463025	0.0935470360197632	0.0858644291968841	PPP2CB/PPP2CA	2
panel30	walktrap	170	GOBP_MISMATCH_REPAIR	GOBP_MISMATCH_REPAIR	3/3	13/2116	0.230769230769231	162.769230769231	22.0401235588363	1.81378691907782e-07	7.98066244394242e-06	6.4914479209101e-06	RNASEH2C/RNASEH2B/RNASEH2A	3
panel30	walktrap	170	GOBP_NUCLEIC_ACID_CATABOLIC_PROCESS	GOBP_NUCLEIC_ACID_CATABOLIC_PROCESS	3/3	55/2116	0.0545454545454545	38.4727272727273	10.6077607461714	1.66380069307716e-05	0.000366036152476975	0.000297732755603281	RNASEH2C/RNASEH2B/RNASEH2A	3
panel30	walktrap	170	GOBP_NUCLEOBASE_CONTAINING_COMPOUND_CATABOLIC_PROCESS	GOBP_NUCLEOBASE_CONTAINING_COMPOUND_CATABOLIC_PROCESS	3/3	91/2116	0.032967032967033	23.2527472527473	8.17443758747937	7.70447216308284e-05	0.00112998925058548	0.000919130012437953	RNASEH2C/RNASEH2B/RNASEH2A	3
panel30	walktrap	170	GOBP_DNA_REPAIR	GOBP_DNA_REPAIR	3/3	160/2116	0.01875	13.225	6.05885415546836	0.000424857389100914	0.00467343128011005	0.00380135558669238	RNASEH2C/RNASEH2B/RNASEH2A	3
panel30	walktrap	170	GOBP_DNA_METABOLIC_PROCESS	GOBP_DNA_METABOLIC_PROCESS	3/3	252/2116	0.0119047619047619	8.3968253968254	4.71290568057818	0.00167141098784252	0.0147084166930142	0.011963783912978	RNASEH2C/RNASEH2B/RNASEH2A	3
panel30	walktrap	170	GOBP_DNA_DAMAGE_RESPONSE	GOBP_DNA_DAMAGE_RESPONSE	3/3	277/2116	0.0108303249097473	7.63898916967509	4.46495457397406	0.00222223778104707	0.0162964103943452	0.0132554534308071	RNASEH2C/RNASEH2B/RNASEH2A	3
panel30	walktrap	170	GOBP_MACROMOLECULE_CATABOLIC_PROCESS	GOBP_MACROMOLECULE_CATABOLIC_PROCESS	3/3	333/2116	0.00900900900900901	6.35435435435436	4.00977145210847	0.00386793611964236	0.0243127413234662	0.0197759139951639	RNASEH2C/RNASEH2B/RNASEH2A	3
panel30	walktrap	170	GOBP_REGULATION_OF_DNA_DAMAGE_CHECKPOINT	GOBP_REGULATION_OF_DNA_DAMAGE_CHECKPOINT	1/3	14/2116	0.0714285714285714	50.3809523809524	6.98350081775262	0.0197270002083827	0.108498501146105	0.088252369353291	RNASEH2B	1
panel30	walktrap	170	GOBP_REGULATION_OF_CELL_CYCLE_CHECKPOINT	GOBP_REGULATION_OF_CELL_CYCLE_CHECKPOINT	1/3	26/2116	0.0384615384615385	27.1282051282051	5.04997435416198	0.036427931593039	0.178092110010413	0.144859611013255	RNASEH2B	1
panel30	walktrap	170	GOBP_POSITIVE_REGULATION_OF_FIBROBLAST_PROLIFERATION	GOBP_POSITIVE_REGULATION_OF_FIBROBLAST_PROLIFERATION	1/3	34/2116	0.0294117647058824	20.7450980392157	4.37244600463896	0.0474558321639798	0.208805661521511	0.169841925639506	RNASEH2B	1
panel30	walktrap	153	GOBP_NEGATIVE_REGULATION_OF_BIOMINERAL_TISSUE_DEVELOPMENT	GOBP_NEGATIVE_REGULATION_OF_BIOMINERAL_TISSUE_DEVELOPMENT	2/3	10/2116	0.2	141.066666666667	16.7252136656612	6.0178405857096e-05	0.026299144223622	0.0179221427018294	TGFB1/LTBP3	2
panel30	walktrap	153	GOBP_TRANSFORMING_GROWTH_FACTOR_BETA_RECEPTOR_SIGNALING_PATHWAY	GOBP_TRANSFORMING_GROWTH_FACTOR_BETA_RECEPTOR_SIGNALING_PATHWAY	3/3	93/2116	0.032258064516129	22.752688172043	8.08206858913108	8.22964592101583e-05	0.026299144223622	0.0179221427018294	TGFB1/LTBP3/NRROS	3
panel30	walktrap	153	GOBP_REGULATION_OF_STEM_CELL_PROLIFERATION	GOBP_REGULATION_OF_STEM_CELL_PROLIFERATION	2/3	14/2116	0.142857142857143	100.761904761905	14.1084225778127	0.000121540212550206	0.026299144223622	0.0179221427018294	TGFB1/LTBP3	2
panel30	walktrap	153	GOBP_RESPONSE_TO_TRANSFORMING_GROWTH_FACTOR_BETA	GOBP_RESPONSE_TO_TRANSFORMING_GROWTH_FACTOR_BETA	3/3	118/2116	0.0254237288135593	17.9322033898305	7.13054628025363	0.000169275786465936	0.026299144223622	0.0179221427018294	TGFB1/LTBP3/NRROS	3
panel30	walktrap	153	GOBP_NEGATIVE_REGULATION_OF_OSSIFICATION	GOBP_NEGATIVE_REGULATION_OF_OSSIFICATION	2/3	18/2116	0.111111111111111	78.3703703703704	12.4186461048048	0.000204089079870082	0.026299144223622	0.0179221427018294	TGFB1/LTBP3	2
panel30	walktrap	153	GOBP_LUNG_ALVEOLUS_DEVELOPMENT	GOBP_LUNG_ALVEOLUS_DEVELOPMENT	2/3	19/2116	0.105263157894737	74.2456140350877	12.0816228436917	0.000228027262054526	0.026299144223622	0.0179221427018294	TGFB1/LTBP3	2
panel30	walktrap	153	GOBP_STEM_CELL_PROLIFERATION	GOBP_STEM_CELL_PROLIFERATION	2/3	26/2116	0.0769230769230769	54.2564102564103	10.2932254500436	0.000432423290480145	0.037447952084265	0.0255197483020242	TGFB1/LTBP3	2
panel30	walktrap	153	GOBP_CELL_SURFACE_RECEPTOR_PROTEIN_SERINE_THREONINE_KINASE_SIGNALING_PATHWAY	GOBP_CELL_SURFACE_RECEPTOR_PROTEIN_SERINE_THREONINE_KINASE_SIGNALING_PATHWAY	3/3	161/2116	0.0186335403726708	13.1428571428571	6.03846436239035	0.000432924301552197	0.037447952084265	0.0255197483020242	TGFB1/LTBP3/NRROS	3
panel30	walktrap	153	GOBP_REGULATION_OF_TISSUE_REMODELING	GOBP_REGULATION_OF_TISSUE_REMODELING	2/3	29/2116	0.0689655172413793	48.6436781609195	9.73215733573622	0.000539681516520688	0.0388598854597827	0.026481942023095	TGFB1/LTBP3	2
panel30	walktrap	153	GOBP_REGULATION_OF_CARTILAGE_DEVELOPMENT	GOBP_REGULATION_OF_CARTILAGE_DEVELOPMENT	2/3	30/2116	0.0666666666666667	47.0222222222222	9.56394621552553	0.000578046280815337	0.0388598854597827	0.026481942023095	TGFB1/LTBP3	2
panel30	walktrap	159	GOBP_INSULIN_RECEPTOR_SIGNALING_PATHWAY	GOBP_INSULIN_RECEPTOR_SIGNALING_PATHWAY	3/4	55/2116	0.0545454545454545	28.8545454545455	9.10702752631746	6.53236656401706e-05	0.0175720660572059	0.0132710183879505	IRS1/PIK3R3/PIK3R2	3
panel30	walktrap	159	GOBP_CELL_SURFACE_RECEPTOR_PROTEIN_TYROSINE_KINASE_SIGNALING_PATHWAY	GOBP_CELL_SURFACE_RECEPTOR_PROTEIN_TYROSINE_KINASE_SIGNALING_PATHWAY	4/4	236/2116	0.0169491525423729	8.96610169491525	5.64886437446585	0.000151258966462821	0.0195792898735064	0.014786941677115	IRS1/PIK3R3/PIK3R2/SOCS4	4
panel30	walktrap	159	GOBP_CELLULAR_RESPONSE_TO_INSULIN_STIMULUS	GOBP_CELLULAR_RESPONSE_TO_INSULIN_STIMULUS	3/4	82/2116	0.0365853658536585	19.3536585365854	7.37551454889385	0.000218356392641335	0.0195792898735064	0.014786941677115	IRS1/PIK3R3/PIK3R2	3
panel30	walktrap	159	GOBP_RESPONSE_TO_INSULIN	GOBP_RESPONSE_TO_INSULIN	3/4	97/2116	0.0309278350515464	16.360824742268	6.73861223868032	0.000361541465446995	0.0243136635513104	0.0183625007450711	IRS1/PIK3R3/PIK3R2	3
panel30	walktrap	159	GOBP_CELLULAR_RESPONSE_TO_PEPTIDE_HORMONE_STIMULUS	GOBP_CELLULAR_RESPONSE_TO_PEPTIDE_HORMONE_STIMULUS	3/4	124/2116	0.0241935483870968	12.7983870967742	5.89151572361635	0.000752923665021812	0.0405072931781735	0.0305924773366757	IRS1/PIK3R3/PIK3R2	3
panel30	walktrap	159	GOBP_ENZYME_LINKED_RECEPTOR_PROTEIN_SIGNALING_PATHWAY	GOBP_ENZYME_LINKED_RECEPTOR_PROTEIN_SIGNALING_PATHWAY	4/4	375/2116	0.0106666666666667	5.64266666666667	4.31242918255424	0.000973473484118587	0.04364406120465	0.0329614706026118	IRS1/PIK3R3/PIK3R2/SOCS4	4
panel30	walktrap	159	GOBP_PHOSPHATIDYLINOSITOL_3_KINASE_PROTEIN_KINASE_B_SIGNAL_TRANSDUCTION	GOBP_PHOSPHATIDYLINOSITOL_3_KINASE_PROTEIN_KINASE_B_SIGNAL_TRANSDUCTION	3/4	148/2116	0.0202702702702703	10.722972972973	5.33648894125928	0.00127383528451474	0.0472652860955706	0.0356963420717868	IRS1/PIK3R3/PIK3R2	3
panel30	walktrap	159	GOBP_RESPONSE_TO_PEPTIDE_HORMONE	GOBP_RESPONSE_TO_PEPTIDE_HORMONE	3/4	153/2116	0.0196078431372549	10.3725490196078	5.23698717939363	0.00140565906603927	0.0472652860955706	0.0356963420717868	IRS1/PIK3R3/PIK3R2	3
panel30	walktrap	159	GOBP_CELLULAR_RESPONSE_TO_HORMONE_STIMULUS	GOBP_CELLULAR_RESPONSE_TO_HORMONE_STIMULUS	3/4	204/2116	0.0147058823529412	7.77941176470588	4.432016586255	0.00328444042477158	0.0975485050274958	0.0736719290561796	IRS1/PIK3R3/PIK3R2	3
panel30	walktrap	159	GOBP_CELLULAR_RESPONSE_TO_NITROGEN_COMPOUND	GOBP_CELLULAR_RESPONSE_TO_NITROGEN_COMPOUND	3/4	211/2116	0.014218009478673	7.52132701421801	4.34378119488707	0.00362633847685858	0.0975485050274958	0.0736719290561796	IRS1/PIK3R3/PIK3R2	3
panel30	walktrap	17	GOBP_INTEGRIN_MEDIATED_SIGNALING_PATHWAY	GOBP_INTEGRIN_MEDIATED_SIGNALING_PATHWAY	13/22	69/2116	0.188405797101449	18.1212121212121	14.8176154461437	5.81449654420232e-15	6.523865122595e-12	3.0682736595319e-13	ITGA4/ITGB8/ITGB5/FN1/ITGB3/ITGB6/ITGAV/ITGB7/ITGA9/ITGA2B/TLN1/FLNA/ITGB1	13
panel30	walktrap	17	GOBP_CELL_MATRIX_ADHESION	GOBP_CELL_MATRIX_ADHESION	14/22	117/2116	0.11965811965812	11.5089355089355	11.9845973717068	2.55022466161806e-13	1.43067603516773e-10	6.72868845621167e-12	ITGA4/VCAM1/ITGB8/ITGB5/FN1/ITGB3/ITGB6/ITGAV/ITGB7/ITGA9/ITGA2B/TLN1/ITGB1/THBS1	14
panel30	walktrap	17	GOBP_CELL_SUBSTRATE_ADHESION	GOBP_CELL_SUBSTRATE_ADHESION	15/22	160/2116	0.09375	9.01704545454545	10.8085665181167	8.61029420503848e-13	3.22025003268439e-10	1.51453289832302e-11	ITGA4/VCAM1/ITGB8/ITGB5/FN1/ITGB3/ITGB6/ITGAV/ITGB7/ITGA9/ITGA2B/TLN1/FLNA/ITGB1/THBS1	15
panel30	walktrap	17	GOBP_CELL_MIGRATION	GOBP_CELL_MIGRATION	20/22	440/2116	0.0454545454545455	4.37190082644628	8.1440852570382	2.4388045813775e-12	6.84084685076388e-10	3.21735501986306e-11	ELANE/ITGA4/LOX/VCAM1/ITGB8/MMP9/ITGB5/FN1/ITGB3/APP/ITGB6/PAK1/ITGAV/ITGB7/ITGA9/ITGA2B/LCN2/FLNA/ITGB1/THBS1	20
panel30	walktrap	17	GOBP_CELL_MOTILITY	GOBP_CELL_MOTILITY	20/22	466/2116	0.0429184549356223	4.12797502926258	7.83596434562447	7.65325275245135e-12	1.71738991765008e-09	8.07714774669559e-11	ELANE/ITGA4/LOX/VCAM1/ITGB8/MMP9/ITGB5/FN1/ITGB3/APP/ITGB6/PAK1/ITGAV/ITGB7/ITGA9/ITGA2B/LCN2/FLNA/ITGB1/THBS1	20
panel30	walktrap	17	GOBP_CELL_ADHESION_MEDIATED_BY_INTEGRIN	GOBP_CELL_ADHESION_MEDIATED_BY_INTEGRIN	10/22	52/2116	0.192307692307692	18.4965034965035	13.091104234401	1.69133566786306e-11	3.16279769890391e-09	1.48751218604515e-10	ITGA4/VCAM1/ITGB8/ITGB5/ITGB3/ITGB6/ITGAV/ITGB7/ITGA2B/ITGB1	10
panel30	walktrap	17	GOBP_HETEROTYPIC_CELL_CELL_ADHESION	GOBP_HETEROTYPIC_CELL_CELL_ADHESION	7/22	26/2116	0.269230769230769	25.8951048951049	13.0889762305547	2.6693352563082e-09	4.27856308225401e-07	2.01227373025513e-08	ITGA4/VCAM1/ITGB3/ITGAV/ITGB7/ITGA2B/ITGB1	7
panel30	walktrap	17	GOBP_CELL_ADHESION	GOBP_CELL_ADHESION	17/22	442/2116	0.0384615384615385	3.6993006993007	6.5382701761483	1.95448922918173e-08	2.55100042916298e-06	1.19977456234441e-07	ELANE/ITGA4/VCAM1/ITGB8/ITGB5/FN1/ITGB3/APP/ITGB6/ITGAV/ITGB7/ITGA9/ITGA2B/TLN1/FLNA/ITGB1/THBS1	17
panel30	walktrap	17	GOBP_LOCOMOTION	GOBP_LOCOMOTION	16/22	377/2116	0.0424403183023873	4.0819869785387	6.76440919446899	2.04625702874036e-08	2.55100042916298e-06	1.19977456234441e-07	ELANE/ITGA4/LOX/VCAM1/MMP9/FN1/ITGB3/APP/PAK1/ITGAV/ITGA9/ITGA2B/LCN2/FLNA/ITGB1/THBS1	16
panel30	walktrap	17	GOBP_CELL_CELL_ADHESION	GOBP_CELL_CELL_ADHESION	14/22	283/2116	0.049469964664311	4.75811114680373	6.96081021805948	5.10257992862087e-08	5.72509467991262e-06	2.69259968969359e-07	ELANE/ITGA4/VCAM1/ITGB8/ITGB5/ITGB3/ITGB6/ITGAV/ITGB7/ITGA9/ITGA2B/TLN1/FLNA/ITGB1	14
panel30	walktrap	142	GOBP_CEREBRAL_CORTEX_CELL_MIGRATION	GOBP_CEREBRAL_CORTEX_CELL_MIGRATION	1/2	10/2116	0.1	105.8	10.2152686230199	0.00943168563729213	0.156635749528329	0.119499992397277	COL3A1	1
panel30	walktrap	142	GOBP_ELASTIC_FIBER_ASSEMBLY	GOBP_ELASTIC_FIBER_ASSEMBLY	1/2	10/2116	0.1	105.8	10.2152686230199	0.00943168563729213	0.156635749528329	0.119499992397277	COL3A1	1
panel30	walktrap	142	GOBP_POSITIVE_REGULATION_OF_RHO_PROTEIN_SIGNAL_TRANSDUCTION	GOBP_POSITIVE_REGULATION_OF_RHO_PROTEIN_SIGNAL_TRANSDUCTION	1/2	10/2116	0.1	105.8	10.2152686230199	0.00943168563729213	0.156635749528329	0.119499992397277	COL3A1	1
panel30	walktrap	142	GOBP_AORTA_MORPHOGENESIS	GOBP_AORTA_MORPHOGENESIS	1/2	12/2116	0.0833333333333333	88.1666666666667	9.3118481655212	0.0113126600437063	0.156635749528329	0.119499992397277	COL3A1	1
panel30	walktrap	142	GOBP_FOREBRAIN_CELL_MIGRATION	GOBP_FOREBRAIN_CELL_MIGRATION	1/2	12/2116	0.0833333333333333	88.1666666666667	9.3118481655212	0.0113126600437063	0.156635749528329	0.119499992397277	COL3A1	1
panel30	walktrap	142	GOBP_REGULATION_OF_NEURON_MIGRATION	GOBP_REGULATION_OF_NEURON_MIGRATION	1/2	13/2116	0.0769230769230769	81.3846153846154	8.94010604187068	0.0122524769067824	0.156635749528329	0.119499992397277	COL3A1	1
panel30	walktrap	142	GOBP_GLIAL_CELL_MIGRATION	GOBP_GLIAL_CELL_MIGRATION	1/2	16/2116	0.0625	66.125	8.04110572840052	0.0150692461354892	0.156635749528329	0.119499992397277	COL3A1	1
panel30	walktrap	142	GOBP_REGULATION_OF_RHO_PROTEIN_SIGNAL_TRANSDUCTION	GOBP_REGULATION_OF_RHO_PROTEIN_SIGNAL_TRANSDUCTION	1/2	17/2116	0.0588235294117647	62.2352941176471	7.79538809910682	0.0160072754248839	0.156635749528329	0.119499992397277	COL3A1	1
panel30	walktrap	142	GOBP_AORTA_DEVELOPMENT	GOBP_AORTA_DEVELOPMENT	1/2	18/2116	0.0555555555555556	58.7777777777778	7.57028164001055	0.0169448578208581	0.156635749528329	0.119499992397277	COL3A1	1
panel30	walktrap	142	GOBP_RESPONSE_TO_ANGIOTENSIN	GOBP_RESPONSE_TO_ANGIOTENSIN	1/2	20/2116	0.05	52.9	7.17140762652085	0.0188186819325457	0.156635749528329	0.119499992397277	COL3A1	1
panel30	walktrap	70	GOBP_NUCLEOTIDE_EXCISION_REPAIR	GOBP_NUCLEOTIDE_EXCISION_REPAIR	3/3	21/2116	0.142857142857143	100.761904761905	17.3080615511649	8.43474336494232e-07	4.47041398341943e-05	2.39724285108887e-05	RPA3/RPA2/RAD52	3
panel30	walktrap	70	GOBP_RECOMBINATIONAL_REPAIR	GOBP_RECOMBINATIONAL_REPAIR	3/3	53/2116	0.0566037735849057	39.9245283018868	10.81129564938	1.48565637644465e-05	0.000393698939757832	0.000211119590336871	RPA3/RPA2/RAD52	3
panel30	walktrap	70	GOBP_DNA_RECOMBINATION	GOBP_DNA_RECOMBINATION	3/3	77/2116	0.038961038961039	27.4805194805195	8.91721658295162	4.63910885071828e-05	0.000639269199628977	0.000342805727705708	RPA3/RPA2/RAD52	3
panel30	walktrap	70	GOBP_DOUBLE_STRAND_BREAK_REPAIR	GOBP_DOUBLE_STRAND_BREAK_REPAIR	3/3	78/2116	0.0384615384615385	27.1282051282051	8.85769767552277	4.824673204747e-05	0.000639269199628977	0.000342805727705708	RPA3/RPA2/RAD52	3
panel30	walktrap	70	GOBP_BASE_EXCISION_REPAIR	GOBP_BASE_EXCISION_REPAIR	2/3	13/2116	0.153846153846154	108.512820512821	14.6480009640514	0.000104210302987017	0.000920524343051981	0.000493627750991132	RPA3/RPA2	2
panel30	walktrap	70	GOBP_MISMATCH_REPAIR	GOBP_MISMATCH_REPAIR	2/3	13/2116	0.153846153846154	108.512820512821	14.6480009640514	0.000104210302987017	0.000920524343051981	0.000493627750991132	RPA3/RPA2	2
panel30	walktrap	70	GOBP_DNA_REPAIR	GOBP_DNA_REPAIR	3/3	160/2116	0.01875	13.225	6.05885415546836	0.000424857389100914	0.0032167773746212	0.0017249848880789	RPA3/RPA2/RAD52	3
panel30	walktrap	70	GOBP_REGULATION_OF_DNA_REPAIR	GOBP_REGULATION_OF_DNA_REPAIR	2/3	42/2116	0.0476190476190476	33.5873015873016	8.03590388750654	0.00113976467421159	0.00755094096665178	0.00404916397417275	RPA2/RAD52	2
panel30	walktrap	70	GOBP_TELOMERE_ORGANIZATION	GOBP_TELOMERE_ORGANIZATION	2/3	50/2116	0.04	28.2133333333333	7.33614065785003	0.00161747302369302	0.00885847823556535	0.00475032596544716	RPA3/RPA2	2
panel30	walktrap	70	GOBP_DNA_METABOLIC_PROCESS	GOBP_DNA_METABOLIC_PROCESS	3/3	252/2116	0.0119047619047619	8.3968253968254	4.71290568057818	0.00167141098784252	0.00885847823556535	0.00475032596544716	RPA3/RPA2/RAD52	3
panel30	walktrap	101	GOBP_MESENCHYME_MORPHOGENESIS	GOBP_MESENCHYME_MORPHOGENESIS	4/4	31/2116	0.129032258064516	68.258064516129	16.4138479997336	3.77753470250984e-08	3.47533192630906e-06	1.98817615921571e-06	ACTA1/ACTC1/ACTA2/ACTG2	4
panel30	walktrap	101	GOBP_TISSUE_MIGRATION	GOBP_TISSUE_MIGRATION	4/4	37/2116	0.108108108108108	57.1891891891892	15.0025335698179	7.92904113863858e-08	3.64735892377375e-06	2.08658977332594e-06	ACTA1/ACTC1/ACTA2/ACTG2	4
panel30	walktrap	101	GOBP_MESENCHYME_DEVELOPMENT	GOBP_MESENCHYME_DEVELOPMENT	4/4	103/2116	0.0388349514563107	20.5436893203884	8.84792636558837	5.30796750098179e-06	0.000162777670030108	9.31222368593297e-05	ACTA1/ACTC1/ACTA2/ACTG2	4
panel30	walktrap	101	GOBP_TISSUE_MORPHOGENESIS	GOBP_TISSUE_MORPHOGENESIS	4/4	212/2116	0.0188679245283019	9.9811320754717	5.99796277592705	9.82094733129813e-05	0.00225881788619857	0.00129222991201291	ACTA1/ACTC1/ACTA2/ACTG2	4
panel30	walktrap	101	GOBP_MUSCLE_CONTRACTION	GOBP_MUSCLE_CONTRACTION	3/4	82/2116	0.0365853658536585	19.3536585365854	7.37551454889385	0.000218356392641335	0.00367000242602109	0.00209954372198003	ACTA1/ACTC1/ACTA2	3
panel30	walktrap	101	GOBP_CYTOSKELETON_ORGANIZATION	GOBP_CYTOSKELETON_ORGANIZATION	4/4	267/2116	0.0149812734082397	7.9250936329588	5.26685120871567	0.000248549093597782	0.00367000242602109	0.00209954372198003	ACTA1/ACTC1/ACTA2/ACTG2	4
panel30	walktrap	101	GOBP_MYOFIBRIL_ASSEMBLY	GOBP_MYOFIBRIL_ASSEMBLY	2/4	15/2116	0.133333333333333	70.5333333333333	11.7588236524571	0.000279239315023344	0.00367000242602109	0.00209954372198003	ACTA1/ACTC1	2
panel30	walktrap	101	GOBP_ANIMAL_ORGAN_MORPHOGENESIS	GOBP_ANIMAL_ORGAN_MORPHOGENESIS	4/4	296/2116	0.0135135135135135	7.14864864864865	4.96281473543796	0.000376268760449221	0.00432709074516605	0.00247545237137646	ACTA1/ACTC1/ACTA2/ACTG2	4
panel30	walktrap	101	GOBP_CELLULAR_COMPONENT_ASSEMBLY_INVOLVED_IN_MORPHOGENESIS	GOBP_CELLULAR_COMPONENT_ASSEMBLY_INVOLVED_IN_MORPHOGENESIS	2/4	19/2116	0.105263157894737	55.6842105263158	10.4178417583358	0.000453610358910493	0.00463690589108504	0.00265269215737131	ACTA1/ACTC1	2
panel30	walktrap	101	GOBP_MUSCLE_SYSTEM_PROCESS	GOBP_MUSCLE_SYSTEM_PROCESS	3/4	117/2116	0.0256410256410256	13.5641025641026	6.08353808748551	0.000633187059315836	0.00582532094570569	0.00333256347008335	ACTA1/ACTC1/ACTA2	3
panel30	walktrap	138	GOBP_EOSINOPHIL_CHEMOTAXIS	GOBP_EOSINOPHIL_CHEMOTAXIS	2/3	10/2116	0.2	141.066666666667	16.7252136656612	6.0178405857096e-05	0.00694840840388109	0.00518566820451164	CCL2/CCL4L2	2
panel30	walktrap	138	GOBP_EOSINOPHIL_MIGRATION	GOBP_EOSINOPHIL_MIGRATION	2/3	11/2116	0.181818181818182	128.242424242424	15.9392650309218	7.35281312580009e-05	0.00694840840388109	0.00518566820451164	CCL2/CCL4L2	2
panel30	walktrap	138	GOBP_G_PROTEIN_COUPLED_RECEPTOR_SIGNALING_PATHWAY	GOBP_G_PROTEIN_COUPLED_RECEPTOR_SIGNALING_PATHWAY	3/3	129/2116	0.0232558139534884	16.4031007751938	6.80095878720599	0.000221652371806075	0.0139640994237827	0.0104215501129874	CCL2/GNG2/CCL4L2	3
panel30	walktrap	138	GOBP_RESPONSE_TO_CHEMOKINE	GOBP_RESPONSE_TO_CHEMOKINE	2/3	24/2116	0.0833333333333333	58.7777777777778	10.7238734330246	0.000367460545980557	0.0173625107975813	0.0129578192529986	CCL2/CCL4L2	2
panel30	walktrap	138	GOBP_ANTIMICROBIAL_HUMORAL_IMMUNE_RESPONSE_MEDIATED_BY_ANTIMICROBIAL_PEPTIDE	GOBP_ANTIMICROBIAL_HUMORAL_IMMUNE_RESPONSE_MEDIATED_BY_ANTIMICROBIAL_PEPTIDE	2/3	32/2116	0.0625	44.0833333333333	9.25127292851458	0.000658686232531568	0.0248983395896933	0.01858188529668	CCL2/CCL4L2	2
panel30	walktrap	138	GOBP_ANTIMICROBIAL_HUMORAL_RESPONSE	GOBP_ANTIMICROBIAL_HUMORAL_RESPONSE	2/3	38/2116	0.0526315789473684	37.1228070175439	8.46479767967376	0.000931798149158555	0.0293516416984945	0.0219054301732011	CCL2/CCL4L2	2
panel30	walktrap	138	GOBP_GRANULOCYTE_CHEMOTAXIS	GOBP_GRANULOCYTE_CHEMOTAXIS	2/3	53/2116	0.0377358490566038	26.6163522012579	7.11494703181847	0.00181774427235581	0.0462491073599884	0.034516181488379	CCL2/CCL4L2	2
panel30	walktrap	138	GOBP_HUMORAL_IMMUNE_RESPONSE	GOBP_HUMORAL_IMMUNE_RESPONSE	2/3	55/2116	0.0363636363636364	25.6484848484849	6.97748066548262	0.00195763417396776	0.0462491073599884	0.034516181488379	CCL2/CCL4L2	2
panel30	walktrap	138	GOBP_GRANULOCYTE_MIGRATION	GOBP_GRANULOCYTE_MIGRATION	2/3	60/2116	0.0333333333333333	23.5111111111111	6.66387844110923	0.00232960001444941	0.0489216003034377	0.0365106902849382	CCL2/CCL4L2	2
panel30	walktrap	138	GOBP_LEUKOCYTE_CHEMOTAXIS	GOBP_LEUKOCYTE_CHEMOTAXIS	2/3	86/2116	0.0232558139534884	16.4031007751938	5.49383267669131	0.00477038009350845	0.0896962192065984	0.0669412050887451	CCL2/CCL4L2	2
panel30	walktrap	1	GOBP_DNA_METABOLIC_PROCESS	GOBP_DNA_METABOLIC_PROCESS	17/17	252/2116	0.0674603174603175	8.3968253968254	11.256311704488	1.19772751699776e-16	2.22429720190254e-14	1.57887717375012e-14	PRIM2/MAD2L2/TOP3B/PCNA/PRIM1/POLA1/KAT2A/POLD2/POLD3/POLD1/RPA1/POLE3/POLE4/POLA2/POLD4/SUPT20H/FEN1	17
panel30	walktrap	1	GOBP_DNA_TEMPLATED_DNA_REPLICATION	GOBP_DNA_TEMPLATED_DNA_REPLICATION	13/17	76/2116	0.171052631578947	21.2910216718266	16.2094789358262	1.23047163584011e-16	2.22429720190254e-14	1.57887717375012e-14	PRIM2/PCNA/PRIM1/POLA1/POLD2/POLD3/POLD1/RPA1/POLE3/POLE4/POLA2/POLD4/FEN1	13
panel30	walktrap	1	GOBP_DNA_REPLICATION	GOBP_DNA_REPLICATION	14/17	106/2116	0.132075471698113	16.4395116537181	14.674451959511	1.60021381431838e-16	2.22429720190254e-14	1.57887717375012e-14	PRIM2/MAD2L2/PCNA/PRIM1/POLA1/POLD2/POLD3/POLD1/RPA1/POLE3/POLE4/POLA2/POLD4/FEN1	14
panel30	walktrap	1	GOBP_DNA_BIOSYNTHETIC_PROCESS	GOBP_DNA_BIOSYNTHETIC_PROCESS	10/17	50/2116	0.2	24.8941176470588	15.3845312577043	3.64251677311789e-13	3.7973237359754e-11	2.69546163297911e-11	MAD2L2/PCNA/POLA1/POLD2/POLD3/POLD1/RPA1/POLE3/POLE4/POLD4	10
panel30	walktrap	1	GOBP_DNA_REPAIR	GOBP_DNA_REPAIR	12/17	160/2116	0.075	9.33529411764706	9.86665453221359	1.04468307882693e-10	8.71265687741657e-09	6.18452203900796e-09	MAD2L2/TOP3B/PCNA/POLA1/KAT2A/POLD2/POLD3/POLD1/RPA1/POLD4/SUPT20H/FEN1	12
panel30	walktrap	1	GOBP_DNA_DAMAGE_RESPONSE	GOBP_DNA_DAMAGE_RESPONSE	13/17	277/2116	0.0469314079422383	5.84157995328095	7.77695445043629	3.74759684663807e-09	2.60457980841346e-07	1.8488139099384e-07	MAD2L2/TOP3B/PCNA/POLA1/KAT2A/POLD2/POLD3/POLD1/RPA1/POLE3/POLD4/SUPT20H/FEN1	13
panel30	walktrap	1	GOBP_DNA_DAMAGE_TOLERANCE	GOBP_DNA_DAMAGE_TOLERANCE	5/17	11/2116	0.454545454545455	56.5775401069519	16.6281158068138	7.89710020283628e-09	4.70441540654676e-07	3.33934426338433e-07	MAD2L2/PCNA/POLD2/POLD3/POLD1	5
panel30	walktrap	1	GOBP_DNA_STRAND_ELONGATION_INVOLVED_IN_DNA_REPLICATION	GOBP_DNA_STRAND_ELONGATION_INVOLVED_IN_DNA_REPLICATION	5/17	13/2116	0.384615384615385	47.8733031674208	15.2528509523773	2.17907718162671e-08	1.13584398092292e-06	8.06258324151436e-07	PCNA/POLA1/POLD2/POLD3/POLE3	5
panel30	walktrap	1	GOBP_DNA_STRAND_ELONGATION	GOBP_DNA_STRAND_ELONGATION	5/17	17/2116	0.294117647058824	36.6089965397924	13.2632942321387	1.02795589124493e-07	4.7628622961015e-06	3.38083173174771e-06	PCNA/POLA1/POLD2/POLD3/POLE3	5
panel30	walktrap	1	GOBP_BASE_EXCISION_REPAIR	GOBP_BASE_EXCISION_REPAIR	4/17	13/2116	0.307692307692308	38.2986425339367	12.1371995752916	1.95413491791148e-06	8.14874260769087e-05	5.78423768507346e-05	PCNA/POLD1/RPA1/FEN1	4
panel30	walktrap	55	GOBP_COLLAGEN_FIBRIL_ORGANIZATION	GOBP_COLLAGEN_FIBRIL_ORGANIZATION	3/4	57/2116	0.0526315789473684	27.8421052631579	8.93848785231291	7.28030522904959e-05	0.00654710724396587	0.00489225037723246	COL1A1/COL1A2/COL5A1	3
panel30	walktrap	55	GOBP_COLLAGEN_METABOLIC_PROCESS	GOBP_COLLAGEN_METABOLIC_PROCESS	3/4	59/2116	0.0508474576271187	26.8983050847458	8.77846187160788	8.08284844934058e-05	0.00654710724396587	0.00489225037723246	COL1A1/COL1A2/COL5A1	3
panel30	walktrap	55	GOBP_SKIN_DEVELOPMENT	GOBP_SKIN_DEVELOPMENT	3/4	83/2116	0.036144578313253	19.1204819277108	7.32787960423934	0.000226462026474077	0.0122289494296002	0.00913794141912942	COL1A1/COL1A2/COL5A1	3
panel30	walktrap	55	GOBP_COLLAGEN_BIOSYNTHETIC_PROCESS	GOBP_COLLAGEN_BIOSYNTHETIC_PROCESS	2/4	26/2116	0.0769230769230769	40.6923076923077	8.86049744822186	0.000858304836889975	0.034761345894044	0.0259750148006177	COL1A1/COL5A1	2
panel30	walktrap	55	GOBP_EXTERNAL_ENCAPSULATING_STRUCTURE_ORGANIZATION	GOBP_EXTERNAL_ENCAPSULATING_STRUCTURE_ORGANIZATION	3/4	156/2116	0.0192307692307692	10.1730769230769	5.17949625620924	0.00148886840946002	0.043327612023279	0.0323760583669726	COL1A1/COL1A2/COL5A1	3
panel30	walktrap	55	GOBP_SKELETAL_SYSTEM_DEVELOPMENT	GOBP_SKELETAL_SYSTEM_DEVELOPMENT	3/4	160/2116	0.01875	9.91875	5.10525901810314	0.00160472637123256	0.043327612023279	0.0323760583669726	COL1A1/COL1A2/COL5A1	3
panel30	walktrap	55	GOBP_CELLULAR_RESPONSE_TO_ACID_CHEMICAL	GOBP_CELLULAR_RESPONSE_TO_ACID_CHEMICAL	2/4	45/2116	0.0444444444444444	23.5111111111111	6.64127346868998	0.00258309015705351	0.0597800864918099	0.044669980159572	COL1A1/COL1A2	2
panel30	walktrap	55	GOBP_ODONTOGENESIS	GOBP_ODONTOGENESIS	2/4	49/2116	0.0408163265306122	21.5918367346939	6.34543080318451	0.00306056836445013	0.061976509380115	0.0463112318304953	COL1A1/COL1A2	2
panel30	walktrap	55	GOBP_BIOMINERAL_TISSUE_DEVELOPMENT	GOBP_BIOMINERAL_TISSUE_DEVELOPMENT	2/4	54/2116	0.037037037037037	19.5925925925926	6.02186100486291	0.00371232209987153	0.0668217977976875	0.0499318177175703	COL1A1/COL1A2	2
panel30	walktrap	55	GOBP_RESPONSE_TO_ACID_CHEMICAL	GOBP_RESPONSE_TO_ACID_CHEMICAL	2/4	60/2116	0.0333333333333333	17.6333333333333	5.68697848882261	0.00457414822579202	0.0741012012578308	0.0553712679964298	COL1A1/COL1A2	2
panel30	walktrap	203	GOBP_REGULATION_OF_TYROSINE_PHOSPHORYLATION_OF_STAT_PROTEIN	GOBP_REGULATION_OF_TYROSINE_PHOSPHORYLATION_OF_STAT_PROTEIN	2/2	16/2116	0.125	132.25	16.2056833297899	5.36272104465806e-05	0.00215849522047487	0.000908840092831525	IL10RB/IL10RA	2
panel30	walktrap	203	GOBP_TYROSINE_PHOSPHORYLATION_OF_STAT_PROTEIN	GOBP_TYROSINE_PHOSPHORYLATION_OF_STAT_PROTEIN	2/2	18/2116	0.111111111111111	117.555555555556	15.271587385329	6.83746933193902e-05	0.00215849522047487	0.000908840092831525	IL10RB/IL10RA	2
panel30	walktrap	203	GOBP_POSITIVE_REGULATION_OF_PEPTIDYL_TYROSINE_PHOSPHORYLATION	GOBP_POSITIVE_REGULATION_OF_PEPTIDYL_TYROSINE_PHOSPHORYLATION	2/2	24/2116	0.0833333333333333	88.1666666666667	13.2066573905874	0.000123342584027135	0.00215849522047487	0.000908840092831525	IL10RB/IL10RA	2
panel30	walktrap	203	GOBP_POSITIVE_REGULATION_OF_RECEPTOR_SIGNALING_PATHWAY_VIA_STAT	GOBP_POSITIVE_REGULATION_OF_RECEPTOR_SIGNALING_PATHWAY_VIA_STAT	2/2	24/2116	0.0833333333333333	88.1666666666667	13.2066573905874	0.000123342584027135	0.00215849522047487	0.000908840092831525	IL10RB/IL10RA	2
panel30	walktrap	203	GOBP_REGULATION_OF_PEPTIDYL_TYROSINE_PHOSPHORYLATION	GOBP_REGULATION_OF_PEPTIDYL_TYROSINE_PHOSPHORYLATION	2/2	33/2116	0.0606060606060606	64.1212121212121	11.2384225568824	0.000235959725964955	0.00328466663985306	0.00138301753256971	IL10RB/IL10RA	2
panel30	walktrap	203	GOBP_REGULATION_OF_RECEPTOR_SIGNALING_PATHWAY_VIA_JAK_STAT	GOBP_REGULATION_OF_RECEPTOR_SIGNALING_PATHWAY_VIA_JAK_STAT	2/2	36/2116	0.0555555555555556	58.7777777777778	10.7522191940535	0.000281542854844548	0.00328466663985306	0.00138301753256971	IL10RB/IL10RA	2
panel30	walktrap	203	GOBP_REGULATION_OF_RECEPTOR_SIGNALING_PATHWAY_VIA_STAT	GOBP_REGULATION_OF_RECEPTOR_SIGNALING_PATHWAY_VIA_STAT	2/2	43/2116	0.0465116279069768	49.2093023255814	9.82161973447905	0.000403544758610519	0.00403544758610519	0.0016991358257285	IL10RB/IL10RA	2
panel30	walktrap	203	GOBP_NEGATIVE_REGULATION_OF_INFLAMMATORY_RESPONSE	GOBP_NEGATIVE_REGULATION_OF_INFLAMMATORY_RESPONSE	2/2	54/2116	0.037037037037037	39.1851851851852	8.74108096137908	0.000639504484575473	0.00559566424003539	0.00235606915369911	IL10RB/IL10RA	2
panel30	walktrap	203	GOBP_PEPTIDYL_TYROSINE_MODIFICATION	GOBP_PEPTIDYL_TYROSINE_MODIFICATION	2/2	59/2116	0.0338983050847458	35.864406779661	8.35235283383737	0.000764634642284162	0.00594715832887681	0.00250406666479024	IL10RB/IL10RA	2
panel30	walktrap	203	GOBP_CELL_SURFACE_RECEPTOR_SIGNALING_PATHWAY_VIA_JAK_STAT	GOBP_CELL_SURFACE_RECEPTOR_SIGNALING_PATHWAY_VIA_JAK_STAT	2/2	71/2116	0.028169014084507	29.8028169014085	7.59163245903499	0.00111053014966461	0.00777371104765225	0.00327314149374832	IL10RB/IL10RA	2
panel30	walktrap	202	GOBP_POSITIVE_REGULATION_OF_ACTIVATED_T_CELL_PROLIFERATION	GOBP_POSITIVE_REGULATION_OF_ACTIVATED_T_CELL_PROLIFERATION	2/2	10/2116	0.2	211.6	20.5280111832823	2.01102039174678e-05	0.000657827114811388	0.00014676920753801	IL12RB1/IL23A	2
panel30	walktrap	202	GOBP_POSITIVE_REGULATION_OF_NATURAL_KILLER_CELL_ACTIVATION	GOBP_POSITIVE_REGULATION_OF_NATURAL_KILLER_CELL_ACTIVATION	2/2	10/2116	0.2	211.6	20.5280111832823	2.01102039174678e-05	0.000657827114811388	0.00014676920753801	IL12RB1/IL23A	2
panel30	walktrap	202	GOBP_POSITIVE_REGULATION_OF_DEFENSE_RESPONSE_TO_VIRUS_BY_HOST	GOBP_POSITIVE_REGULATION_OF_DEFENSE_RESPONSE_TO_VIRUS_BY_HOST	2/2	11/2116	0.181818181818182	192.363636363636	19.5680432554897	2.45791381213494e-05	0.000657827114811388	0.00014676920753801	IL12RB1/IL23A	2
panel30	walktrap	202	GOBP_REGULATION_OF_T_HELPER_17_TYPE_IMMUNE_RESPONSE	GOBP_REGULATION_OF_T_HELPER_17_TYPE_IMMUNE_RESPONSE	2/2	11/2116	0.181818181818182	192.363636363636	19.5680432554897	2.45791381213494e-05	0.000657827114811388	0.00014676920753801	IL12RB1/IL23A	2
panel30	walktrap	202	GOBP_ALPHA_BETA_T_CELL_PROLIFERATION	GOBP_ALPHA_BETA_T_CELL_PROLIFERATION	2/2	12/2116	0.166666666666667	176.333333333333	18.7305244170713	2.94949657456193e-05	0.000657827114811388	0.00014676920753801	IL12RB1/IL23A	2
panel30	walktrap	202	GOBP_POSITIVE_REGULATION_OF_INTERLEUKIN_17_PRODUCTION	GOBP_POSITIVE_REGULATION_OF_INTERLEUKIN_17_PRODUCTION	2/2	12/2116	0.166666666666667	176.333333333333	18.7305244170713	2.94949657456193e-05	0.000657827114811388	0.00014676920753801	IL12RB1/IL23A	2
panel30	walktrap	202	GOBP_REGULATION_OF_T_HELPER_1_TYPE_IMMUNE_RESPONSE	GOBP_REGULATION_OF_T_HELPER_1_TYPE_IMMUNE_RESPONSE	2/2	12/2116	0.166666666666667	176.333333333333	18.7305244170713	2.94949657456193e-05	0.000657827114811388	0.00014676920753801	IL12RB1/IL23A	2
panel30	walktrap	202	GOBP_POSITIVE_REGULATION_OF_CD4_POSITIVE_ALPHA_BETA_T_CELL_DIFFERENTIATION	GOBP_POSITIVE_REGULATION_OF_CD4_POSITIVE_ALPHA_BETA_T_CELL_DIFFERENTIATION	2/2	13/2116	0.153846153846154	162.769230769231	17.9914287139273	3.48576867902775e-05	0.000657827114811388	0.00014676920753801	IL12RB1/IL23A	2
panel30	walktrap	202	GOBP_REGULATION_OF_NATURAL_KILLER_CELL_ACTIVATION	GOBP_REGULATION_OF_NATURAL_KILLER_CELL_ACTIVATION	2/2	13/2116	0.153846153846154	162.769230769231	17.9914287139273	3.48576867902775e-05	0.000657827114811388	0.00014676920753801	IL12RB1/IL23A	2
panel30	walktrap	202	GOBP_POSITIVE_REGULATION_OF_CD4_POSITIVE_ALPHA_BETA_T_CELL_ACTIVATION	GOBP_POSITIVE_REGULATION_OF_CD4_POSITIVE_ALPHA_BETA_T_CELL_ACTIVATION	2/2	15/2116	0.133333333333333	141.066666666667	16.7411423366521	4.6923809140758e-05	0.000657827114811388	0.00014676920753801	IL12RB1/IL23A	2
panel30	walktrap	173	GOBP_REGULATION_OF_THE_FORCE_OF_HEART_CONTRACTION	GOBP_REGULATION_OF_THE_FORCE_OF_HEART_CONTRACTION	3/3	11/2116	0.272727272727273	192.363636363636	23.9715310003027	1.0464155302372e-07	9.10381511306366e-06	1.76238405092582e-06	MYH6/MYH7/MYL2	3
panel30	walktrap	173	GOBP_VENTRICULAR_CARDIAC_MUSCLE_TISSUE_MORPHOGENESIS	GOBP_VENTRICULAR_CARDIAC_MUSCLE_TISSUE_MORPHOGENESIS	3/3	14/2116	0.214285714285714	151.142857142857	21.2333443378727	2.30845607882632e-07	1.00417839428945e-05	1.94396301374848e-06	MYH6/MYH7/MYL2	3
panel30	walktrap	173	GOBP_CARDIAC_MUSCLE_TISSUE_MORPHOGENESIS	GOBP_CARDIAC_MUSCLE_TISSUE_MORPHOGENESIS	3/3	18/2116	0.166666666666667	117.555555555556	18.7082236916327	5.17500044044581e-07	1.12556259579696e-05	2.17894755387192e-06	MYH6/MYH7/MYL2	3
panel30	walktrap	173	GOBP_VENTRICULAR_CARDIAC_MUSCLE_TISSUE_DEVELOPMENT	GOBP_VENTRICULAR_CARDIAC_MUSCLE_TISSUE_DEVELOPMENT	3/3	18/2116	0.166666666666667	117.555555555556	18.7082236916327	5.17500044044581e-07	1.12556259579696e-05	2.17894755387192e-06	MYH6/MYH7/MYL2	3
panel30	walktrap	173	GOBP_CARDIAC_VENTRICLE_MORPHOGENESIS	GOBP_CARDIAC_VENTRICLE_MORPHOGENESIS	3/3	21/2116	0.142857142857143	100.761904761905	17.3080615511649	8.43474336494232e-07	1.46764534549996e-05	2.84117671240163e-06	MYH6/MYH7/MYL2	3
panel30	walktrap	173	GOBP_MUSCLE_ORGAN_MORPHOGENESIS	GOBP_MUSCLE_ORGAN_MORPHOGENESIS	3/3	26/2116	0.115384615384615	81.3846153846154	15.5364765459252	1.64889719916165e-06	2.3909009387844e-05	4.6284833660678e-06	MYH6/MYH7/MYL2	3
panel30	walktrap	173	GOBP_CARDIAC_VENTRICLE_DEVELOPMENT	GOBP_CARDIAC_VENTRICLE_DEVELOPMENT	3/3	37/2116	0.0810810810810811	57.1891891891892	12.9895003907039	4.92766586057155e-06	6.12438471242465e-05	1.18560381607737e-05	MYH6/MYH7/MYL2	3
panel30	walktrap	173	GOBP_CARDIAC_CHAMBER_MORPHOGENESIS	GOBP_CARDIAC_CHAMBER_MORPHOGENESIS	3/3	42/2116	0.0714285714285714	50.3809523809524	12.1771539181845	7.28051532552915e-06	7.03783148134485e-05	1.36243561647329e-05	MYH6/MYH7/MYL2	3
panel30	walktrap	173	GOBP_CARDIAC_MUSCLE_CONTRACTION	GOBP_CARDIAC_MUSCLE_CONTRACTION	3/3	42/2116	0.0714285714285714	50.3809523809524	12.1771539181845	7.28051532552915e-06	7.03783148134485e-05	1.36243561647329e-05	MYH6/MYH7/MYL2	3
panel30	walktrap	173	GOBP_REGULATION_OF_HEART_CONTRACTION	GOBP_REGULATION_OF_HEART_CONTRACTION	3/3	46/2116	0.0652173913043478	46	11.6244475312595	9.62702287818227e-06	7.95250435331058e-05	1.53950477499055e-05	MYH6/MYH7/MYL2	3
panel30	walktrap	63	GOBP_PROTEIN_K11_LINKED_UBIQUITINATION	GOBP_PROTEIN_K11_LINKED_UBIQUITINATION	15/17	16/2116	0.9375	116.691176470588	41.7949691186944	3.91413431357626e-35	9.47220503885455e-33	3.89477174298214e-33	ANAPC11/CDC23/ANAPC16/ANAPC15/ANAPC13/FZR1/ANAPC2/ANAPC10/CDC27/ANAPC4/ANAPC1/CDC26/CDC16/ANAPC7/ANAPC5	15
panel30	walktrap	63	GOBP_ANAPHASE_PROMOTING_COMPLEX_DEPENDENT_CATABOLIC_PROCESS	GOBP_ANAPHASE_PROMOTING_COMPLEX_DEPENDENT_CATABOLIC_PROCESS	15/17	19/2116	0.789473684210526	98.266253869969	38.3189148822635	9.45660437451816e-33	1.1442491293167e-30	4.70491206378437e-31	ANAPC11/CDC23/ANAPC16/ANAPC15/ANAPC13/FZR1/ANAPC2/ANAPC10/CDC27/ANAPC4/ANAPC1/CDC26/CDC16/ANAPC7/ANAPC5	15
panel30	walktrap	63	GOBP_PROTEIN_BRANCHED_POLYUBIQUITINATION	GOBP_PROTEIN_BRANCHED_POLYUBIQUITINATION	14/17	16/2116	0.875	108.911764705882	38.9845536281912	2.05323260975891e-31	1.65627430520552e-29	6.81025203327092e-30	ANAPC11/CDC23/ANAPC16/ANAPC15/ANAPC13/ANAPC2/ANAPC10/CDC27/ANAPC4/ANAPC1/CDC26/CDC16/ANAPC7/ANAPC5	14
panel30	walktrap	63	GOBP_REGULATION_OF_MEIOTIC_CELL_CYCLE	GOBP_REGULATION_OF_MEIOTIC_CELL_CYCLE	16/17	34/2116	0.470588235294118	58.5743944636678	30.4510240423688	5.09558048646629e-30	3.08282619431211e-28	1.26759337460287e-28	ANAPC11/CDC23/ANAPC16/ANAPC15/ANAPC13/FZR1/ANAPC2/ANAPC10/CDC27/ANAPC4/ANAPC1/CDC26/CDC16/FBXO5/ANAPC7/ANAPC5	16
panel30	walktrap	63	GOBP_REGULATION_OF_REPRODUCTIVE_PROCESS	GOBP_REGULATION_OF_REPRODUCTIVE_PROCESS	16/17	56/2116	0.285714285714286	35.563025210084	23.5855266758271	9.53356228490163e-26	4.61424414589239e-24	1.8972802679972e-24	ANAPC11/CDC23/ANAPC16/ANAPC15/ANAPC13/FZR1/ANAPC2/ANAPC10/CDC27/ANAPC4/ANAPC1/CDC26/CDC16/FBXO5/ANAPC7/ANAPC5	16
panel30	walktrap	63	GOBP_PROTEIN_K48_LINKED_UBIQUITINATION	GOBP_PROTEIN_K48_LINKED_UBIQUITINATION	14/17	32/2116	0.4375	54.4558823529412	27.4154299735622	7.89547083955948e-25	3.18450657195566e-23	1.30940221003637e-23	ANAPC11/CDC23/ANAPC16/ANAPC15/ANAPC13/ANAPC2/ANAPC10/CDC27/ANAPC4/ANAPC1/CDC26/CDC16/ANAPC7/ANAPC5	14
panel30	walktrap	63	GOBP_MEIOTIC_CELL_CYCLE	GOBP_MEIOTIC_CELL_CYCLE	17/17	98/2116	0.173469387755102	21.5918367346939	18.7810976329193	5.07429071705383e-24	1.7542547907529e-22	7.21312720848961e-23	ANAPC11/CDC23/ANAPC16/ANAPC15/ANAPC13/FZR1/ANAPC2/ANAPC10/CDC27/ANAPC4/ANAPC1/CDC26/PTTG1/CDC16/FBXO5/ANAPC7/ANAPC5	17
panel30	walktrap	63	GOBP_PROTEIN_POLYUBIQUITINATION	GOBP_PROTEIN_POLYUBIQUITINATION	15/17	67/2116	0.223880597014925	27.8665496049166	20.1072067812177	8.07810047579628e-22	2.44362539392837e-20	1.00476743225743e-20	ANAPC11/CDC23/ANAPC16/ANAPC15/ANAPC13/FZR1/ANAPC2/ANAPC10/CDC27/ANAPC4/ANAPC1/CDC26/CDC16/ANAPC7/ANAPC5	15
panel30	walktrap	63	GOBP_CELL_DIVISION	GOBP_CELL_DIVISION	17/17	173/2116	0.0982658959537572	12.2312138728324	13.8703294298809	1.54237468108946e-19	4.14727414248499e-18	1.70527201156367e-18	ANAPC11/CDC23/ANAPC16/ANAPC15/ANAPC13/FZR1/ANAPC2/ANAPC10/CDC27/ANAPC4/ANAPC1/CDC26/PTTG1/CDC16/FBXO5/ANAPC7/ANAPC5	17
panel30	walktrap	63	GOBP_PROTEASOME_MEDIATED_UBIQUITIN_DEPENDENT_PROTEIN_CATABOLIC_PROCESS	GOBP_PROTEASOME_MEDIATED_UBIQUITIN_DEPENDENT_PROTEIN_CATABOLIC_PROCESS	16/17	133/2116	0.120300751879699	14.9739053516143	14.9780642079983	3.95459797782322e-19	9.57012710633219e-18	3.93503524022083e-18	ANAPC11/CDC23/ANAPC16/ANAPC15/ANAPC13/FZR1/ANAPC2/ANAPC10/CDC27/ANAPC4/ANAPC1/CDC26/CDC16/FBXO5/ANAPC7/ANAPC5	16
panel30	walktrap	14	GOBP_CELLULAR_SENESCENCE	GOBP_CELLULAR_SENESCENCE	7/9	44/2116	0.159090909090909	37.4040404040404	15.945025685937	3.58452555440748e-11	1.96073547826089e-08	1.73189182049793e-08	MAPK14/CDKN2A/MAP2K4/MAPK9/MAP3K5/CDKN2B/MAPK8	7
panel30	walktrap	14	GOBP_FC_EPSILON_RECEPTOR_SIGNALING_PATHWAY	GOBP_FC_EPSILON_RECEPTOR_SIGNALING_PATHWAY	4/9	19/2116	0.210526315789474	49.4970760233918	13.8751380563057	5.69846758182811e-07	0.000155853088362999	0.000137662980003111	MAP2K4/MAPK9/MAPK8/MAP3K1	4
panel30	walktrap	14	GOBP_FC_RECEPTOR_SIGNALING_PATHWAY	GOBP_FC_RECEPTOR_SIGNALING_PATHWAY	4/9	29/2116	0.137931034482759	32.4291187739464	11.1356135657769	3.42588077963841e-06	0.00062465226215407	0.000551747115036502	MAP2K4/MAPK9/MAPK8/MAP3K1	4
panel30	walktrap	14	GOBP_JNK_CASCADE	GOBP_JNK_CASCADE	5/9	95/2116	0.0526315789473684	12.374269005848	7.41218608601732	1.79568783689631e-05	0.00245560311695571	0.00216900188719844	MAPK8IP3/MAP2K4/MAPK9/MAP3K5/MAPK8	5
panel30	walktrap	14	GOBP_MAPK_CASCADE	GOBP_MAPK_CASCADE	7/9	328/2116	0.0213414634146341	5.01761517615176	5.17208523398633	5.50968978818628e-05	0.00602760062827579	0.00532410023742632	MAPK14/MAPK8IP3/MAP2K4/MAPK9/MAP3K5/MAPK8/MAP3K1	7
panel30	walktrap	14	GOBP_CELLULAR_RESPONSE_TO_REACTIVE_OXYGEN_SPECIES	GOBP_CELLULAR_RESPONSE_TO_REACTIVE_OXYGEN_SPECIES	4/9	61/2116	0.0655737704918033	15.4171220400729	7.46589283709671	7.07871745030992e-05	0.00645343074219921	0.00570023036788115	MAP2K4/MAPK9/MAP3K5/MAPK8	4
panel30	walktrap	14	GOBP_RESPONSE_TO_REACTIVE_OXYGEN_SPECIES	GOBP_RESPONSE_TO_REACTIVE_OXYGEN_SPECIES	4/9	81/2116	0.0493827160493827	11.6104252400549	6.36263873599013	0.000217106921261828	0.0169653551328886	0.014985274715666	MAP2K4/MAPK9/MAP3K5/MAPK8	4
panel30	walktrap	14	GOBP_STRESS_ACTIVATED_PROTEIN_KINASE_SIGNALING_CASCADE	GOBP_STRESS_ACTIVATED_PROTEIN_KINASE_SIGNALING_CASCADE	3/9	35/2116	0.0857142857142857	20.152380952381	7.46560359710798	0.000325590870866002	0.0216914619057994	0.0191597825743518	MAPK14/MAP3K5/MAPK8	3
panel30	walktrap	14	GOBP_RESPONSE_TO_MECHANICAL_STIMULUS	GOBP_RESPONSE_TO_MECHANICAL_STIMULUS	4/9	92/2116	0.0434782608695652	10.2222222222222	5.90974055592312	0.00035689791069871	0.0216914619057994	0.0191597825743518	MAPK14/MAP2K4/MAPK8/MAP3K1	4
panel30	walktrap	14	GOBP_CELLULAR_RESPONSE_TO_OXIDATIVE_STRESS	GOBP_CELLULAR_RESPONSE_TO_OXIDATIVE_STRESS	4/9	97/2116	0.0412371134020619	9.69530355097365	5.72857532698839	0.000438269333575098	0.0239733325465579	0.0211753288537863	MAP2K4/MAPK9/MAP3K5/MAPK8	4
panel30	walktrap	130	GOBP_SENSORY_PERCEPTION_OF_LIGHT_STIMULUS	GOBP_SENSORY_PERCEPTION_OF_LIGHT_STIMULUS	1/2	15/2116	0.0666666666666667	70.5333333333333	8.31080983204576	0.0141307699526738	0.142085815453872	0.101317559406836	LAMC3	1
panel30	walktrap	130	GOBP_ASTROCYTE_DEVELOPMENT	GOBP_ASTROCYTE_DEVELOPMENT	1/2	16/2116	0.0625	66.125	8.04110572840052	0.0150692461354892	0.142085815453872	0.101317559406836	LAMC3	1
panel30	walktrap	130	GOBP_NEGATIVE_REGULATION_OF_COLD_INDUCED_THERMOGENESIS	GOBP_NEGATIVE_REGULATION_OF_COLD_INDUCED_THERMOGENESIS	1/2	20/2116	0.05	52.9	7.17140762652085	0.0188186819325457	0.142085815453872	0.101317559406836	LAMA4	1
panel30	walktrap	130	GOBP_REGULATION_OF_EMBRYONIC_DEVELOPMENT	GOBP_REGULATION_OF_EMBRYONIC_DEVELOPMENT	1/2	28/2116	0.0357142857142857	37.7857142857143	6.02574368189913	0.0262961026424807	0.142085815453872	0.101317559406836	LAMA4	1
panel30	walktrap	130	GOBP_ASTROCYTE_DIFFERENTIATION	GOBP_ASTROCYTE_DIFFERENTIATION	1/2	30/2116	0.0333333333333333	35.2666666666667	5.81290235107882	0.0281609888857606	0.142085815453872	0.101317559406836	LAMC3	1
panel30	walktrap	130	GOBP_RETINA_DEVELOPMENT_IN_CAMERA_TYPE_EYE	GOBP_RETINA_DEVELOPMENT_IN_CAMERA_TYPE_EYE	1/2	30/2116	0.0333333333333333	35.2666666666667	5.81290235107882	0.0281609888857606	0.142085815453872	0.101317559406836	LAMC3	1
panel30	walktrap	130	GOBP_SUBSTRATE_ADHESION_DEPENDENT_CELL_SPREADING	GOBP_SUBSTRATE_ADHESION_DEPENDENT_CELL_SPREADING	1/2	43/2116	0.0232558139534884	24.6046511627907	4.80894550433972	0.0402391773585917	0.142085815453872	0.101317559406836	LAMC3	1
panel30	walktrap	130	GOBP_CELL_ADHESION	GOBP_CELL_ADHESION	2/2	442/2116	0.00452488687782806	4.78733031674208	2.75286100765097	0.0435546796444516	0.142085815453872	0.101317559406836	LAMC3/LAMA4	2
panel30	walktrap	130	GOBP_ADAPTIVE_THERMOGENESIS	GOBP_ADAPTIVE_THERMOGENESIS	1/2	48/2116	0.0208333333333333	22.0416666666667	4.53464381606472	0.0448645242596094	0.142085815453872	0.101317559406836	LAMA4	1
panel30	walktrap	130	GOBP_GLIAL_CELL_DEVELOPMENT	GOBP_GLIAL_CELL_DEVELOPMENT	1/2	50/2116	0.02	21.16	4.43637310278313	0.0467115347660737	0.142085815453872	0.101317559406836	LAMC3	1
panel30	walktrap	66	GOBP_SCF_DEPENDENT_PROTEASOMAL_UBIQUITIN_DEPENDENT_PROTEIN_CATABOLIC_PROCESS	GOBP_SCF_DEPENDENT_PROTEASOMAL_UBIQUITIN_DEPENDENT_PROTEIN_CATABOLIC_PROCESS	3/4	11/2116	0.272727272727273	144.272727272727	20.7286989928543	4.1737766629622e-07	7.17889586029499e-05	3.77836624226052e-05	SKP1/SKP2/CUL1	3
panel30	walktrap	66	GOBP_PROTEIN_K48_LINKED_UBIQUITINATION	GOBP_PROTEIN_K48_LINKED_UBIQUITINATION	3/4	32/2116	0.09375	49.59375	12.0516017409591	1.24528385365497e-05	0.00107094411414327	0.000563654796917512	SKP1/SKP2/CUL1	3
panel30	walktrap	66	GOBP_PROTEIN_POLYUBIQUITINATION	GOBP_PROTEIN_POLYUBIQUITINATION	3/4	67/2116	0.0447761194029851	23.6865671641791	8.21057234272789	0.000118763127869859	0.00595023306328698	0.00313170161225631	SKP1/SKP2/CUL1	3
panel30	walktrap	66	GOBP_REGULATION_OF_CENTROSOME_CYCLE	GOBP_REGULATION_OF_CENTROSOME_CYCLE	2/4	11/2116	0.181818181818182	96.1818181818182	13.7709059933493	0.000146638884849706	0.00595023306328698	0.00313170161225631	SKP1/CUL1	2
panel30	walktrap	66	GOBP_CENTROSOME_DUPLICATION	GOBP_CENTROSOME_DUPLICATION	2/4	14/2116	0.142857142857143	75.5714285714286	12.1803102227263	0.00024216064792447	0.00595023306328698	0.00313170161225631	SKP1/CUL1	2
panel30	walktrap	66	GOBP_PROTEIN_MONOUBIQUITINATION	GOBP_PROTEIN_MONOUBIQUITINATION	2/4	14/2116	0.142857142857143	75.5714285714286	12.1803102227263	0.00024216064792447	0.00595023306328698	0.00313170161225631	SKP1/CUL1	2
panel30	walktrap	66	GOBP_REGULATION_OF_DNA_DAMAGE_CHECKPOINT	GOBP_REGULATION_OF_DNA_DAMAGE_CHECKPOINT	2/4	14/2116	0.142857142857143	75.5714285714286	12.1803102227263	0.00024216064792447	0.00595023306328698	0.00313170161225631	SKP1/CUL1	2
panel30	walktrap	66	GOBP_REGULATION_OF_AUTOPHAGY_OF_MITOCHONDRION	GOBP_REGULATION_OF_AUTOPHAGY_OF_MITOCHONDRION	2/4	17/2116	0.117647058823529	62.2352941176471	11.0295621981879	0.000361223602679484	0.0077663074576089	0.00408753024084679	SKP1/CUL1	2
panel30	walktrap	66	GOBP_CELL_CYCLE_G1_S_PHASE_TRANSITION	GOBP_CELL_CYCLE_G1_S_PHASE_TRANSITION	3/4	105/2116	0.0285714285714286	15.1142857142857	6.45484389080723	0.000458325218046918	0.00875910416711887	0.00461005482479941	SKP1/SKP2/CUL1	3
panel30	walktrap	66	GOBP_NEURAL_CREST_CELL_DIFFERENTIATION	GOBP_NEURAL_CREST_CELL_DIFFERENTIATION	2/4	25/2116	0.08	42.32	9.04256262869996	0.00079278459898077	0.0131911713581838	0.00694272176746517	SKP1/CUL1	2
panel30	walktrap	23	GOBP_TOR_SIGNALING	GOBP_TOR_SIGNALING	28/29	87/2116	0.32183908045977	23.483154974237	25.2388066795763	3.94151720335018e-40	2.75512052514178e-37	2.75512052514178e-37	TTI1/PRR5/MTOR/FNIP2/MLST8/RRAGA/LAMTOR2/SEC13/RRAGC/SLC38A9/NPRL2/SESN2/PRR5L/NPRL3/LAMTOR3/RICTOR/FLCN/LAMTOR5/DEPDC5/LAMTOR1/C9orf72/LAMTOR4/AKT1S1/FNIP1/RPTOR/MIOS/RRAGB/RRAGD	28
panel30	walktrap	23	GOBP_TORC1_SIGNALING	GOBP_TORC1_SIGNALING	24/29	65/2116	0.369230769230769	26.9411140583554	25.0354517055366	4.67471461631888e-34	1.63381275840345e-31	1.63381275840345e-31	MTOR/FNIP2/MLST8/RRAGA/LAMTOR2/SEC13/RRAGC/SLC38A9/NPRL2/SESN2/NPRL3/LAMTOR3/FLCN/LAMTOR5/DEPDC5/LAMTOR1/C9orf72/LAMTOR4/AKT1S1/FNIP1/RPTOR/MIOS/RRAGB/RRAGD	24
panel30	walktrap	23	GOBP_POSITIVE_REGULATION_OF_TOR_SIGNALING	GOBP_POSITIVE_REGULATION_OF_TOR_SIGNALING	19/29	38/2116	0.5	36.4827586206897	26.0123365212183	5.59617557362437e-29	1.30390890865448e-26	1.30390890865448e-26	FNIP2/MLST8/RRAGA/LAMTOR2/SEC13/RRAGC/SLC38A9/SESN2/LAMTOR3/RICTOR/FLCN/LAMTOR5/LAMTOR1/LAMTOR4/FNIP1/RPTOR/MIOS/RRAGB/RRAGD	19
panel30	walktrap	23	GOBP_POSITIVE_REGULATION_OF_TORC1_SIGNALING	GOBP_POSITIVE_REGULATION_OF_TORC1_SIGNALING	16/29	29/2116	0.551724137931035	40.256837098692	25.0868446523815	5.85140514368945e-25	1.02253304885973e-22	1.02253304885973e-22	FNIP2/RRAGA/LAMTOR2/SEC13/RRAGC/SLC38A9/SESN2/LAMTOR3/FLCN/LAMTOR5/LAMTOR1/LAMTOR4/FNIP1/MIOS/RRAGB/RRAGD	16
panel30	walktrap	23	GOBP_CELLULAR_RESPONSE_TO_NUTRIENT_LEVELS	GOBP_CELLULAR_RESPONSE_TO_NUTRIENT_LEVELS	18/29	119/2116	0.151260504201681	11.0368009272675	13.2822826794478	1.81874739572142e-16	2.54260885921854e-14	2.54260885921854e-14	PRR5/MTOR/MLST8/RRAGA/SEC13/RRAGC/NPRL2/SESN2/NPRL3/RICTOR/FLCN/DEPDC5/LAMTOR1/FNIP1/RPTOR/MIOS/RRAGB/RRAGD	18
panel30	walktrap	23	GOBP_CELLULAR_RESPONSE_TO_ACID_CHEMICAL	GOBP_CELLULAR_RESPONSE_TO_ACID_CHEMICAL	13/29	45/2116	0.288888888888889	21.0789272030651	16.0453676605376	1.49436749303354e-15	1.74093812938408e-13	1.74093812938408e-13	MTOR/RRAGA/LAMTOR2/RRAGC/SLC38A9/SESN2/LAMTOR3/LAMTOR5/LAMTOR1/LAMTOR4/RPTOR/RRAGB/RRAGD	13
panel30	walktrap	23	GOBP_RESPONSE_TO_AMINO_ACID_STARVATION	GOBP_RESPONSE_TO_AMINO_ACID_STARVATION	11/29	32/2116	0.34375	25.0818965517241	16.1774392859826	4.06871912029263e-14	4.06290666440649e-12	4.06290666440649e-12	MTOR/RRAGA/RRAGC/NPRL2/SESN2/NPRL3/FLCN/DEPDC5/MIOS/RRAGB/RRAGD	11
panel30	walktrap	23	GOBP_RESPONSE_TO_ACID_CHEMICAL	GOBP_RESPONSE_TO_ACID_CHEMICAL	13/29	60/2116	0.216666666666667	15.8091954022989	13.7147688963966	9.49276518402192e-14	8.29430357953916e-12	8.29430357953916e-12	MTOR/RRAGA/LAMTOR2/RRAGC/SLC38A9/SESN2/LAMTOR3/LAMTOR5/LAMTOR1/LAMTOR4/RPTOR/RRAGB/RRAGD	13
panel30	walktrap	23	GOBP_RESPONSE_TO_NUTRIENT_LEVELS	GOBP_RESPONSE_TO_NUTRIENT_LEVELS	18/29	175/2116	0.102857142857143	7.50502463054187	10.5888345426887	2.19379098704239e-13	1.70384433326959e-11	1.70384433326959e-11	PRR5/MTOR/MLST8/RRAGA/SEC13/RRAGC/NPRL2/SESN2/NPRL3/RICTOR/FLCN/DEPDC5/LAMTOR1/FNIP1/RPTOR/MIOS/RRAGB/RRAGD	18
panel30	walktrap	23	GOBP_POSITIVE_REGULATION_OF_INTRACELLULAR_SIGNAL_TRANSDUCTION	GOBP_POSITIVE_REGULATION_OF_INTRACELLULAR_SIGNAL_TRANSDUCTION	24/29	473/2116	0.0507399577167019	3.70226725960487	7.86019007595018	5.71525161269286e-12	3.99496087727231e-10	3.99496087727231e-10	TTI1/PRR5/MTOR/FNIP2/MLST8/RRAGA/LAMTOR2/SEC13/RRAGC/SLC38A9/SESN2/PRR5L/LAMTOR3/RICTOR/FLCN/LAMTOR5/TELO2/LAMTOR1/LAMTOR4/FNIP1/RPTOR/MIOS/RRAGB/RRAGD	24
panel30	walktrap	199	GOBP_G_PROTEIN_COUPLED_RECEPTOR_SIGNALING_PATHWAY	GOBP_G_PROTEIN_COUPLED_RECEPTOR_SIGNALING_PATHWAY	2/2	129/2116	0.0155038759689922	16.4031007751938	5.55164606404025	0.00368955207872474	0.0405850728659722	0.0194186951511829	GNGT2/GNB4	2
panel30	walktrap	199	GOBP_DETECTION_OF_ABIOTIC_STIMULUS	GOBP_DETECTION_OF_ABIOTIC_STIMULUS	1/2	17/2116	0.0588235294117647	62.2352941176471	7.79538809910682	0.0160072754248839	0.0543260400327121	0.0259933205898144	GNGT2	1
panel30	walktrap	199	GOBP_SUBSTANTIA_NIGRA_DEVELOPMENT	GOBP_SUBSTANTIA_NIGRA_DEVELOPMENT	1/2	18/2116	0.0555555555555556	58.7777777777778	7.57028164001055	0.0169448578208581	0.0543260400327121	0.0259933205898144	GNB4	1
panel30	walktrap	199	GOBP_NEURAL_NUCLEUS_DEVELOPMENT	GOBP_NEURAL_NUCLEUS_DEVELOPMENT	1/2	21/2116	0.0476190476190476	50.3809523809524	6.9935033551852	0.0197549236482589	0.0543260400327121	0.0259933205898144	GNB4	1
panel30	walktrap	199	GOBP_MIDBRAIN_DEVELOPMENT	GOBP_MIDBRAIN_DEVELOPMENT	1/2	39/2116	0.0256410256410256	27.1282051282051	5.06455538000356	0.0365308557562106	0.0703741689644432	0.0336718511791594	GNB4	1
panel30	walktrap	199	GOBP_DETECTION_OF_STIMULUS	GOBP_DETECTION_OF_STIMULUS	1/2	41/2116	0.024390243902439	25.8048780487805	4.93216578637829	0.0383859103442418	0.0703741689644432	0.0336718511791594	GNGT2	1
panel30	walktrap	199	GOBP_RESPONSE_TO_LIGHT_STIMULUS	GOBP_RESPONSE_TO_LIGHT_STIMULUS	1/2	93/2116	0.010752688172043	11.3763440860215	3.14706410787931	0.0859898912708306	0.135126971997019	0.0646540535870907	GNGT2	1
panel30	walktrap	199	GOBP_RESPONSE_TO_RADIATION	GOBP_RESPONSE_TO_RADIATION	1/2	138/2116	0.0072463768115942	7.66666666666667	2.49088015563738	0.126210299105766	0.173539161270429	0.0830330915169515	GNGT2	1
panel30	walktrap	199	GOBP_HEAD_DEVELOPMENT	GOBP_HEAD_DEVELOPMENT	1/2	167/2116	0.00598802395209581	6.33532934131737	2.20918070331617	0.151650600848204	0.185350734370027	0.0886845618995343	GNB4	1
panel30	walktrap	199	GOBP_CENTRAL_NERVOUS_SYSTEM_DEVELOPMENT	GOBP_CENTRAL_NERVOUS_SYSTEM_DEVELOPMENT	1/2	209/2116	0.00478468899521531	5.0622009569378	1.90229073571093	0.187828857695728	0.206611743465301	0.0988572935240674	GNB4	1
panel30	walktrap	59	GOBP_LYSOSOMAL_LUMEN_ACIDIFICATION	GOBP_LYSOSOMAL_LUMEN_ACIDIFICATION	2/4	11/2116	0.181818181818182	96.1818181818182	13.7709059933493	0.000146638884849706	0.012461859983338	0.00932817589396057	LAMP2/LAMP1	2
panel30	walktrap	59	GOBP_VACUOLE_ORGANIZATION	GOBP_VACUOLE_ORGANIZATION	3/4	78/2116	0.0384615384615385	20.3461538461539	7.57492039492011	0.000187849438975171	0.012461859983338	0.00932817589396057	LAMP2/CTSD/LAMP1	3
panel30	walktrap	59	GOBP_REGULATION_OF_LYSOSOMAL_LUMEN_PH	GOBP_REGULATION_OF_LYSOSOMAL_LUMEN_PH	2/4	13/2116	0.153846153846154	81.3846153846154	12.6492041696431	0.000207697666388966	0.012461859983338	0.00932817589396057	LAMP2/LAMP1	2
panel30	walktrap	59	GOBP_VACUOLAR_ACIDIFICATION	GOBP_VACUOLAR_ACIDIFICATION	2/4	17/2116	0.117647058823529	62.2352941176471	11.0295621981879	0.000361223602679484	0.0157270471919341	0.0117722926348981	LAMP2/LAMP1	2
panel30	walktrap	59	GOBP_INTRACELLULAR_PH_REDUCTION	GOBP_INTRACELLULAR_PH_REDUCTION	2/4	20/2116	0.1	52.9	10.1467028273209	0.000503692125234158	0.0157270471919341	0.0117722926348981	LAMP2/LAMP1	2
panel30	walktrap	59	GOBP_LYSOSOMAL_TRANSPORT	GOBP_LYSOSOMAL_TRANSPORT	2/4	22/2116	0.0909090909090909	48.0909090909091	9.66047099528866	0.000611607390797439	0.0157270471919341	0.0117722926348981	LAMP2/LAMP1	2
panel30	walktrap	59	GOBP_LYTIC_VACUOLE_ORGANIZATION	GOBP_LYTIC_VACUOLE_ORGANIZATION	2/4	22/2116	0.0909090909090909	48.0909090909091	9.66047099528866	0.000611607390797439	0.0157270471919341	0.0117722926348981	LAMP2/LAMP1	2
panel30	walktrap	59	GOBP_REGULATION_OF_PH	GOBP_REGULATION_OF_PH	2/4	27/2116	0.0740740740740741	39.1851851851852	8.68851965291745	0.0009263806775716	0.019940142750743	0.0149259548075737	LAMP2/LAMP1	2
panel30	walktrap	59	GOBP_VACUOLAR_TRANSPORT	GOBP_VACUOLAR_TRANSPORT	2/4	28/2116	0.0714285714285714	37.7857142857143	8.52572237390709	0.00099700713753715	0.019940142750743	0.0149259548075737	LAMP2/LAMP1	2
panel30	walktrap	59	GOBP_MACROAUTOPHAGY	GOBP_MACROAUTOPHAGY	3/4	145/2116	0.0206896551724138	10.9448275862069	5.39853811214226	0.00119876808489268	0.0215778255280682	0.0161518226175014	WDR24/LAMP2/CTSD	3
panel30	walktrap	44	GOBP_NON_CANONICAL_WNT_SIGNALING_PATHWAY	GOBP_NON_CANONICAL_WNT_SIGNALING_PATHWAY	5/5	49/2116	0.102040816326531	43.1836734693878	14.5367817340272	5.41977293467971e-09	2.27630463256548e-06	1.55747159070269e-06	WNT11/FZD3/FZD4/FZD8/WNT4	5
panel30	walktrap	44	GOBP_CANONICAL_WNT_SIGNALING_PATHWAY	GOBP_CANONICAL_WNT_SIGNALING_PATHWAY	5/5	140/2116	0.0357142857142857	15.1142857142857	8.40863543597338	1.18510537785666e-06	0.0002488721293499	0.000170280930607826	WNT11/FZD3/FZD4/FZD8/WNT4	5
panel30	walktrap	44	GOBP_WNT_SIGNALING_PATHWAY	GOBP_WNT_SIGNALING_PATHWAY	5/5	185/2116	0.027027027027027	11.4378378378378	7.23104965917408	4.8603346740012e-06	0.000680446854360167	0.000465568900351693	WNT11/FZD3/FZD4/FZD8/WNT4	5
panel30	walktrap	44	GOBP_TUBE_MORPHOGENESIS	GOBP_TUBE_MORPHOGENESIS	5/5	303/2116	0.0165016501650165	6.98349834983498	5.47486808120838	5.85172732750522e-05	0.00542529920289366	0.00371204682303251	WNT11/FZD3/FZD4/FZD8/WNT4	5
panel30	walktrap	44	GOBP_GENERATION_OF_NEURONS	GOBP_GENERATION_OF_NEURONS	5/5	309/2116	0.0161812297734628	6.84789644012945	5.41247505683112	6.45868952725436e-05	0.00542529920289366	0.00371204682303251	WNT11/FZD3/FZD4/FZD8/WNT4	5
panel30	walktrap	44	GOBP_TUBE_DEVELOPMENT	GOBP_TUBE_DEVELOPMENT	5/5	352/2116	0.0142045454545455	6.01136363636364	5.01041882054241	0.000124393608473858	0.00757085237780552	0.00518005689007746	WNT11/FZD3/FZD4/FZD8/WNT4	5
panel30	walktrap	44	GOBP_ANATOMICAL_STRUCTURE_FORMATION_INVOLVED_IN_MORPHOGENESIS	GOBP_ANATOMICAL_STRUCTURE_FORMATION_INVOLVED_IN_MORPHOGENESIS	5/5	353/2116	0.0141643059490085	5.9943342776204	5.0018985019961	0.000126180872963425	0.00757085237780552	0.00518005689007746	WNT11/FZD3/FZD4/FZD8/WNT4	5
panel30	walktrap	44	GOBP_NEUROGENESIS	GOBP_NEUROGENESIS	5/5	371/2116	0.0134770889487871	5.70350404312668	4.85407891087298	0.000162028515790956	0.0085064970790252	0.00582023484354356	WNT11/FZD3/FZD4/FZD8/WNT4	5
panel30	walktrap	44	GOBP_NEUROEPITHELIAL_CELL_DIFFERENTIATION	GOBP_NEUROEPITHELIAL_CELL_DIFFERENTIATION	2/5	13/2116	0.153846153846154	65.1076923076923	11.2812767919419	0.000344962155345718	0.0160982339161335	0.0110145811005124	WNT11/WNT4	2
panel30	walktrap	44	GOBP_BLOOD_VESSEL_MORPHOGENESIS	GOBP_BLOOD_VESSEL_MORPHOGENESIS	4/5	226/2116	0.0176991150442478	7.49026548672566	5.02321597254309	0.000581883037895499	0.0244390875916109	0.0167214809837338	WNT11/FZD4/FZD8/WNT4	4
panel30	walktrap	49	GOBP_POSITIVE_REGULATION_OF_BONE_MINERALIZATION	GOBP_POSITIVE_REGULATION_OF_BONE_MINERALIZATION	5/5	18/2116	0.277777777777778	117.555555555556	24.1636513470853	2.43520919491356e-11	9.93565351524734e-09	5.48562913380529e-09	BMPR2/BMPR1A/ACVR2A/ACVR2B/ACVR1	5
panel30	walktrap	49	GOBP_POSITIVE_REGULATION_OF_OSSIFICATION	GOBP_POSITIVE_REGULATION_OF_OSSIFICATION	5/5	21/2116	0.238095238095238	100.761904761905	22.3551937217479	5.78362183791973e-11	1.01791744347387e-08	5.62008082826133e-09	BMPR2/BMPR1A/ACVR2A/ACVR2B/ACVR1	5
panel30	walktrap	49	GOBP_POSITIVE_REGULATION_OF_BIOMINERAL_TISSUE_DEVELOPMENT	GOBP_POSITIVE_REGULATION_OF_BIOMINERAL_TISSUE_DEVELOPMENT	5/5	22/2116	0.227272727272727	96.1818181818182	21.8359991953358	7.48468708436673e-11	1.01791744347387e-08	5.62008082826133e-09	BMPR2/BMPR1A/ACVR2A/ACVR2B/ACVR1	5
panel30	walktrap	49	GOBP_REGULATION_OF_BONE_MINERALIZATION	GOBP_REGULATION_OF_BONE_MINERALIZATION	5/5	26/2116	0.192307692307692	81.3846153846154	20.0670041477969	1.8696085532378e-10	1.90700072430256e-08	1.0528848168234e-08	BMPR2/BMPR1A/ACVR2A/ACVR2B/ACVR1	5
panel30	walktrap	49	GOBP_REGULATION_OF_BIOMINERAL_TISSUE_DEVELOPMENT	GOBP_REGULATION_OF_BIOMINERAL_TISSUE_DEVELOPMENT	5/5	36/2116	0.138888888888889	58.7777777777778	17.0128271054614	1.07149204576197e-09	8.74337509341768e-08	4.82735363774867e-08	BMPR2/BMPR1A/ACVR2A/ACVR2B/ACVR1	5
panel30	walktrap	49	GOBP_BONE_MINERALIZATION	GOBP_BONE_MINERALIZATION	5/5	40/2116	0.125	52.9	16.1242584353515	1.870199733808e-09	1.27173581898944e-07	7.02145163219144e-08	BMPR2/BMPR1A/ACVR2A/ACVR2B/ACVR1	5
panel30	walktrap	49	GOBP_POSITIVE_REGULATION_OF_OSTEOBLAST_DIFFERENTIATION	GOBP_POSITIVE_REGULATION_OF_OSTEOBLAST_DIFFERENTIATION	5/5	42/2116	0.119047619047619	50.3809523809524	15.7280833567543	2.41778073694997e-09	1.4092207723937e-07	7.7805274843202e-08	BMPR2/BMPR1A/ACVR2A/ACVR2B/ACVR1	5
panel30	walktrap	49	GOBP_MESODERM_DEVELOPMENT	GOBP_MESODERM_DEVELOPMENT	5/5	45/2116	0.111111111111111	47.0222222222222	15.1837786489295	3.47250087624697e-09	1.57420039723196e-07	8.69140570195149e-08	BMPR2/BMPR1A/ACVR2A/ACVR2B/ACVR1	5
panel30	walktrap	49	GOBP_REGULATION_OF_OSSIFICATION	GOBP_REGULATION_OF_OSSIFICATION	5/5	45/2116	0.111111111111111	47.0222222222222	15.1837786489295	3.47250087624697e-09	1.57420039723196e-07	8.69140570195149e-08	BMPR2/BMPR1A/ACVR2A/ACVR2B/ACVR1	5
panel30	walktrap	49	GOBP_POSITIVE_REGULATION_OF_TRANSMEMBRANE_RECEPTOR_PROTEIN_SERINE_THREONINE_KINASE_SIGNALING_PATHWAY	GOBP_POSITIVE_REGULATION_OF_TRANSMEMBRANE_RECEPTOR_PROTEIN_SERINE_THREONINE_KINASE_SIGNALING_PATHWAY	5/5	50/2116	0.1	42.32	14.3871982413336	6.02196992742189e-09	2.45696373038813e-07	1.3565279625982e-07	BMPR2/BMPR1A/ACVR2A/ACVR2B/ACVR1	5
panel30	walktrap	105	GOBP_DENDRITIC_CELL_DIFFERENTIATION	GOBP_DENDRITIC_CELL_DIFFERENTIATION	2/2	22/2116	0.0909090909090909	96.1818181818182	13.8004958384639	0.000103232380109668	0.00918768182976043	0.0063026084698534	FLT3LG/FLT3	2
panel30	walktrap	105	GOBP_B_CELL_DIFFERENTIATION	GOBP_B_CELL_DIFFERENTIATION	2/2	57/2116	0.0350877192982456	37.1228070175439	8.50175210625221	0.000713241898939522	0.0317392645028087	0.0217726474413117	FLT3LG/FLT3	2
panel30	walktrap	105	GOBP_B_CELL_ACTIVATION	GOBP_B_CELL_ACTIVATION	2/2	94/2116	0.0212765957446809	22.5106382978723	6.5606118043156	0.0019533711405167	0.0579500105019953	0.0397528161929714	FLT3LG/FLT3	2
panel30	walktrap	105	GOBP_LEUKOCYTE_PROLIFERATION	GOBP_LEUKOCYTE_PROLIFERATION	2/2	130/2116	0.0153846153846154	16.2769230769231	5.52886057433342	0.00374720132995482	0.0833752295914948	0.0571941255624684	FLT3LG/FLT3	2
panel30	walktrap	105	GOBP_LYMPHOCYTE_DIFFERENTIATION	GOBP_LYMPHOCYTE_DIFFERENTIATION	2/2	156/2116	0.0128205128205128	13.5641025641026	5.01398959875099	0.00540294145249299	0.0908725370586364	0.0623371632099458	FLT3LG/FLT3	2
panel30	walktrap	105	GOBP_MONONUCLEAR_CELL_DIFFERENTIATION	GOBP_MONONUCLEAR_CELL_DIFFERENTIATION	2/2	196/2116	0.0102040816326531	10.7959183673469	4.4273134513322	0.00854013326361796	0.0908725370586364	0.0623371632099458	FLT3LG/FLT3	2
panel30	walktrap	105	GOBP_LYMPHOID_PROGENITOR_CELL_DIFFERENTIATION	GOBP_LYMPHOID_PROGENITOR_CELL_DIFFERENTIATION	1/2	10/2116	0.1	105.8	10.2152686230199	0.00943168563729213	0.0908725370586364	0.0623371632099458	FLT3	1
panel30	walktrap	105	GOBP_POSITIVE_REGULATION_OF_NATURAL_KILLER_CELL_ACTIVATION	GOBP_POSITIVE_REGULATION_OF_NATURAL_KILLER_CELL_ACTIVATION	1/2	10/2116	0.1	105.8	10.2152686230199	0.00943168563729213	0.0908725370586364	0.0623371632099458	FLT3LG	1
panel30	walktrap	105	GOBP_EMBRYONIC_HEMOPOIESIS	GOBP_EMBRYONIC_HEMOPOIESIS	1/2	11/2116	0.0909090909090909	96.1818181818182	9.73289372375186	0.0103723962872094	0.0908725370586364	0.0623371632099458	FLT3LG	1
panel30	walktrap	105	GOBP_LEUKOCYTE_DIFFERENTIATION	GOBP_LEUKOCYTE_DIFFERENTIATION	2/2	221/2116	0.00904977375565611	9.57466063348416	4.14215324785117	0.0108639790496364	0.0908725370586364	0.0623371632099458	FLT3LG/FLT3	2
panel30	walktrap	139	GOBP_NEGATIVE_REGULATION_OF_ACTIVIN_RECEPTOR_SIGNALING_PATHWAY	GOBP_NEGATIVE_REGULATION_OF_ACTIVIN_RECEPTOR_SIGNALING_PATHWAY	2/2	10/2116	0.2	211.6	20.5280111832823	2.01102039174678e-05	0.0049269999597796	0.00304828354117406	FST/INHBA	2
panel30	walktrap	139	GOBP_REGULATION_OF_ACTIVIN_RECEPTOR_SIGNALING_PATHWAY	GOBP_REGULATION_OF_ACTIVIN_RECEPTOR_SIGNALING_PATHWAY	2/2	16/2116	0.125	132.25	16.2056833297899	5.36272104465806e-05	0.00656933327970612	0.00406437805489874	FST/INHBA	2
panel30	walktrap	139	GOBP_ACTIVIN_RECEPTOR_SIGNALING_PATHWAY	GOBP_ACTIVIN_RECEPTOR_SIGNALING_PATHWAY	2/2	29/2116	0.0689655172413793	72.9655172413793	11.9999632988053	0.000181438728677598	0.012875893228224	0.00796618098760154	FST/INHBA	2
panel30	walktrap	139	GOBP_HEMATOPOIETIC_PROGENITOR_CELL_DIFFERENTIATION	GOBP_HEMATOPOIETIC_PROGENITOR_CELL_DIFFERENTIATION	2/2	35/2116	0.0571428571428571	60.4571428571429	10.9073615764306	0.000265901585130962	0.012875893228224	0.00796618098760154	FST/INHBA	2
panel30	walktrap	139	GOBP_MOLTING_CYCLE_PROCESS	GOBP_MOLTING_CYCLE_PROCESS	2/2	40/2116	0.05	52.9	10.1906379206552	0.000348576867902774	0.012875893228224	0.00796618098760154	FST/INHBA	2
panel30	walktrap	139	GOBP_MOLTING_CYCLE	GOBP_MOLTING_CYCLE	2/2	42/2116	0.0476190476190476	50.3809523809524	9.94025265206388	0.000384775234954216	0.012875893228224	0.00796618098760154	FST/INHBA	2
panel30	walktrap	139	GOBP_DEVELOPMENT_OF_PRIMARY_FEMALE_SEXUAL_CHARACTERISTICS	GOBP_DEVELOPMENT_OF_PRIMARY_FEMALE_SEXUAL_CHARACTERISTICS	2/2	44/2116	0.0454545454545455	48.0909090909091	9.7070268185904	0.000422761175687211	0.012875893228224	0.00796618098760154	FST/INHBA	2
panel30	walktrap	139	GOBP_SKIN_EPIDERMIS_DEVELOPMENT	GOBP_SKIN_EPIDERMIS_DEVELOPMENT	2/2	44/2116	0.0454545454545455	48.0909090909091	9.7070268185904	0.000422761175687211	0.012875893228224	0.00796618098760154	FST/INHBA	2
panel30	walktrap	139	GOBP_FEMALE_SEX_DIFFERENTIATION	GOBP_FEMALE_SEX_DIFFERENTIATION	2/2	47/2116	0.0425531914893617	45.0212765957447	9.38531835196038	0.000483091787439614	0.012875893228224	0.00796618098760154	FST/INHBA	2
panel30	walktrap	139	GOBP_ODONTOGENESIS	GOBP_ODONTOGENESIS	2/2	49/2116	0.0408163265306122	43.1836734693878	9.18734215139336	0.00052554666237649	0.012875893228224	0.00796618098760154	FST/INHBA	2
panel30	walktrap	71	GOBP_ACTIVIN_RECEPTOR_SIGNALING_PATHWAY	GOBP_ACTIVIN_RECEPTOR_SIGNALING_PATHWAY	5/7	29/2116	0.172413793103448	52.1182266009852	15.965387696849	6.95439037912004e-09	1.62641081213207e-06	1.18946975480384e-06	SMURF1/ACVR1C/SMAD7/TGFBR1/SMAD6	5
panel30	walktrap	71	GOBP_NEGATIVE_REGULATION_OF_BMP_SIGNALING_PATHWAY	GOBP_NEGATIVE_REGULATION_OF_BMP_SIGNALING_PATHWAY	5/7	29/2116	0.172413793103448	52.1182266009852	15.965387696849	6.95439037912004e-09	1.62641081213207e-06	1.18946975480384e-06	SMURF1/SMURF2/SMAD7/SMAD6/BAMBI	5
panel30	walktrap	71	GOBP_NEGATIVE_REGULATION_OF_TRANSFORMING_GROWTH_FACTOR_BETA_RECEPTOR_SIGNALING_PATHWAY	GOBP_NEGATIVE_REGULATION_OF_TRANSFORMING_GROWTH_FACTOR_BETA_RECEPTOR_SIGNALING_PATHWAY	5/7	32/2116	0.15625	47.2321428571429	15.178752210363	1.17645645802355e-08	1.62641081213207e-06	1.18946975480384e-06	SMURF1/SMURF2/SMAD7/SMAD6/BAMBI	5
panel30	walktrap	71	GOBP_CELL_SURFACE_RECEPTOR_PROTEIN_SERINE_THREONINE_KINASE_SIGNALING_PATHWAY	GOBP_CELL_SURFACE_RECEPTOR_PROTEIN_SERINE_THREONINE_KINASE_SIGNALING_PATHWAY	7/7	161/2116	0.0434782608695652	13.1428571428571	9.23264971544662	1.30635406596953e-08	1.62641081213207e-06	1.18946975480384e-06	SMURF1/ACVR1C/SMURF2/SMAD7/TGFBR1/SMAD6/BAMBI	7
panel30	walktrap	71	GOBP_TRANSFORMING_GROWTH_FACTOR_BETA_RECEPTOR_SIGNALING_PATHWAY	GOBP_TRANSFORMING_GROWTH_FACTOR_BETA_RECEPTOR_SIGNALING_PATHWAY	6/7	93/2116	0.0645161290322581	19.5023041474654	10.5107877116912	4.15801589646524e-08	4.14138383287938e-06	3.02878631616205e-06	SMURF1/SMURF2/SMAD7/TGFBR1/SMAD6/BAMBI	6
panel30	walktrap	71	GOBP_NEGATIVE_REGULATION_OF_CELLULAR_RESPONSE_TO_GROWTH_FACTOR_STIMULUS	GOBP_NEGATIVE_REGULATION_OF_CELLULAR_RESPONSE_TO_GROWTH_FACTOR_STIMULUS	5/7	43/2116	0.116279069767442	35.1495016611296	13.0312135897261	5.57433456354682e-08	4.62669768774386e-06	3.38371887541614e-06	SMURF1/SMURF2/SMAD7/SMAD6/BAMBI	5
panel30	walktrap	71	GOBP_REGULATION_OF_BMP_SIGNALING_PATHWAY	GOBP_REGULATION_OF_BMP_SIGNALING_PATHWAY	5/7	46/2116	0.108695652173913	32.8571428571429	12.5824867617036	7.91886471879543e-08	5.63370661422875e-06	4.12019126722288e-06	SMURF1/SMURF2/SMAD7/SMAD6/BAMBI	5
panel30	walktrap	71	GOBP_REGULATION_OF_TRANSMEMBRANE_RECEPTOR_PROTEIN_SERINE_THREONINE_KINASE_SIGNALING_PATHWAY	GOBP_REGULATION_OF_TRANSMEMBRANE_RECEPTOR_PROTEIN_SERINE_THREONINE_KINASE_SIGNALING_PATHWAY	6/7	111/2116	0.0540540540540541	16.3397683397683	9.56288686619011	1.22577243908198e-07	7.6304334332853e-06	5.58049031476794e-06	SMURF1/SMURF2/SMAD7/TGFBR1/SMAD6/BAMBI	6
panel30	walktrap	71	GOBP_REGULATION_OF_CELLULAR_RESPONSE_TO_TRANSFORMING_GROWTH_FACTOR_BETA_STIMULUS	GOBP_REGULATION_OF_CELLULAR_RESPONSE_TO_TRANSFORMING_GROWTH_FACTOR_BETA_STIMULUS	5/7	53/2116	0.0943396226415094	28.5175202156334	11.6859367403267	1.64852411767771e-07	8.2182660115127e-06	6.0103995772213e-06	SMURF1/SMURF2/SMAD7/SMAD6/BAMBI	5
panel30	walktrap	71	GOBP_RESPONSE_TO_TRANSFORMING_GROWTH_FACTOR_BETA	GOBP_RESPONSE_TO_TRANSFORMING_GROWTH_FACTOR_BETA	6/7	118/2116	0.0508474576271187	15.3704600484262	9.25294220106512	1.77856352751167e-07	8.2182660115127e-06	6.0103995772213e-06	SMURF1/SMURF2/SMAD7/TGFBR1/SMAD6/BAMBI	6
panel30	walktrap	166	GOBP_CELLULAR_RESPONSE_TO_CALCIUM_ION	GOBP_CELLULAR_RESPONSE_TO_CALCIUM_ION	5/6	23/2116	0.217391304347826	76.6666666666667	19.4524133619692	5.69748610394992e-10	1.66366594235338e-07	1.25344694286898e-07	FOS/JUNB/FOSB/JUND/JUN	5
panel30	walktrap	166	GOBP_RESPONSE_TO_CALCIUM_ION	GOBP_RESPONSE_TO_CALCIUM_ION	5/6	35/2116	0.142857142857143	50.3809523809524	15.7053285863142	5.4704803909082e-09	7.98690137072597e-07	6.01752842999902e-07	FOS/JUNB/FOSB/JUND/JUN	5
panel30	walktrap	166	GOBP_CELLULAR_RESPONSE_TO_METAL_ION	GOBP_CELLULAR_RESPONSE_TO_METAL_ION	5/6	57/2116	0.087719298245614	30.9356725146199	12.2148420948788	6.9938178337356e-08	6.80731602483599e-06	5.12879974473944e-06	FOS/JUNB/FOSB/JUND/JUN	5
panel30	walktrap	166	GOBP_INTEGRATED_STRESS_RESPONSE_SIGNALING	GOBP_INTEGRATED_STRESS_RESPONSE_SIGNALING	4/6	21/2116	0.19047619047619	67.1746031746032	16.2479495827606	1.06395808381047e-07	7.76689401181645e-06	5.8517694609576e-06	FOS/JUNB/JUN/FOSL1	4
panel30	walktrap	166	GOBP_RESPONSE_TO_STEROID_HORMONE	GOBP_RESPONSE_TO_STEROID_HORMONE	5/6	95/2116	0.0526315789473684	18.5614035087719	9.33743197879524	9.52971667351008e-07	5.56535453732989e-05	4.19307533634443e-05	FOS/JUNB/FOSB/JUND/JUN	5
panel30	walktrap	166	GOBP_RESPONSE_TO_METAL_ION	GOBP_RESPONSE_TO_METAL_ION	5/6	99/2116	0.0505050505050505	17.8114478114478	9.13396510950606	1.17444476474383e-06	5.71563118841998e-05	4.30629747072738e-05	FOS/JUNB/FOSB/JUND/JUN	5
panel30	walktrap	166	GOBP_POSITIVE_REGULATION_OF_RNA_METABOLIC_PROCESS	GOBP_POSITIVE_REGULATION_OF_RNA_METABOLIC_PROCESS	6/6	392/2116	0.0153061224489796	5.39795918367347	5.14298408780361	3.91748246418858e-05	0.00163414982791866	0.00123120877445927	FOS/JUNB/FOSB/JUND/JUN/FOSL1	6
panel30	walktrap	166	GOBP_RESPONSE_TO_MECHANICAL_STIMULUS	GOBP_RESPONSE_TO_MECHANICAL_STIMULUS	4/6	92/2116	0.0434782608695652	15.3333333333333	7.49420284354732	4.7020974089874e-05	0.0017162655542804	0.00129307678747153	FOS/FOSB/JUND/JUN	4
panel30	walktrap	166	GOBP_POSITIVE_REGULATION_OF_MIRNA_METABOLIC_PROCESS	GOBP_POSITIVE_REGULATION_OF_MIRNA_METABOLIC_PROCESS	3/6	34/2116	0.0882352941176471	31.1176470588235	9.43864645453159	7.34229143453107e-05	0.00238216566542563	0.00179478235066315	FOS/JUN/FOSL1	3
panel30	walktrap	166	GOBP_MIRNA_TRANSCRIPTION	GOBP_MIRNA_TRANSCRIPTION	3/6	40/2116	0.075	26.45	8.66350621226026	0.0001204458769537	0.00351701960704805	0.00264980929298141	FOS/JUN/FOSL1	3
panel30	walktrap	80	GOBP_PROTEIN_FOLDING	GOBP_PROTEIN_FOLDING	7/9	39/2116	0.17948717948718	42.1994301994302	16.9687338397794	1.44480921395268e-11	5.67810021083404e-09	5.04922798981359e-09	HSPA5/CALR/PDIA3/PPIB/CANX/HSP90B1/P4HB	7
panel30	walktrap	80	GOBP_RESPONSE_TO_ENDOPLASMIC_RETICULUM_STRESS	GOBP_RESPONSE_TO_ENDOPLASMIC_RETICULUM_STRESS	7/9	75/2116	0.0933333333333333	21.9437037037037	12.0672076841787	1.80844124643393e-09	3.55358704924267e-07	3.1600131253477e-07	HSPA5/CALR/PDIA3/EIF2AK3/CANX/HSP90B1/P4HB	7
panel30	walktrap	80	GOBP_PROTEIN_MATURATION	GOBP_PROTEIN_MATURATION	7/9	111/2116	0.0630630630630631	14.8268268268268	9.77847201683693	3.00017936643278e-08	3.93023497002695e-06	3.49494578826556e-06	HSPA5/CALR/PDIA3/PPIB/CANX/HSP90B1/P4HB	7
panel30	walktrap	80	GOBP_PERK_MEDIATED_UNFOLDED_PROTEIN_RESPONSE	GOBP_PERK_MEDIATED_UNFOLDED_PROTEIN_RESPONSE	2/9	11/2116	0.181818181818182	42.7474747474747	9.07078087986494	0.000867418287992918	0.0800424328194424	0.0711774144798577	HSPA5/EIF2AK3	2
panel30	walktrap	80	GOBP_POSITIVE_REGULATION_OF_SUBSTRATE_ADHESION_DEPENDENT_CELL_SPREADING	GOBP_POSITIVE_REGULATION_OF_SUBSTRATE_ADHESION_DEPENDENT_CELL_SPREADING	2/9	13/2116	0.153846153846154	36.1709401709402	8.31151494995554	0.00122472773942817	0.0800424328194424	0.0711774144798577	CALR/P4HB	2
panel30	walktrap	80	GOBP_CELLULAR_RESPONSE_TO_METAL_ION	GOBP_CELLULAR_RESPONSE_TO_METAL_ION	3/9	57/2116	0.0526315789473684	12.374269005848	5.68822704081526	0.00138823616349325	0.0800424328194424	0.0711774144798577	CALR/EIF2AK3/HSP90B1	3
panel30	walktrap	80	GOBP_RESPONSE_TO_INTERLEUKIN_7	GOBP_RESPONSE_TO_INTERLEUKIN_7	2/9	14/2116	0.142857142857143	33.5873015873016	7.99355991790168	0.00142569218762366	0.0800424328194424	0.0711774144798577	PDIA3/P4HB	2
panel30	walktrap	80	GOBP_ER_NUCLEUS_SIGNALING_PATHWAY	GOBP_ER_NUCLEUS_SIGNALING_PATHWAY	2/9	17/2116	0.117647058823529	27.6601307189543	7.21148473693187	0.00211661142175282	0.0861732055410464	0.076629179696337	HSPA5/EIF2AK3	2
panel30	walktrap	80	GOBP_REGULATION_OF_SUBSTRATE_ADHESION_DEPENDENT_CELL_SPREADING	GOBP_REGULATION_OF_SUBSTRATE_ADHESION_DEPENDENT_CELL_SPREADING	2/9	18/2116	0.111111111111111	26.1234567901235	6.99450649961468	0.00237592539513709	0.0861732055410464	0.076629179696337	CALR/P4HB	2
panel30	walktrap	80	GOBP_PROTEASOMAL_PROTEIN_CATABOLIC_PROCESS	GOBP_PROTEASOMAL_PROTEIN_CATABOLIC_PROCESS	4/9	154/2116	0.025974025974026	6.10678210678211	4.30033570166101	0.00254750054505649	0.0861732055410464	0.076629179696337	HSPA5/CALR/CANX/HSP90B1	4
panel30	walktrap	6	GOBP_ACTIN_FILAMENT_ORGANIZATION	GOBP_ACTIN_FILAMENT_ORGANIZATION	6/8	77/2116	0.0779220779220779	20.6103896103896	10.796620789884	5.0580165293527e-08	3.53049553748818e-05	2.54498094845325e-05	CDC42/DIAPH1/RAC1/RAC2/PAK2/RHOA	6
panel30	walktrap	6	GOBP_MEMBRANE_INVAGINATION	GOBP_MEMBRANE_INVAGINATION	4/8	16/2116	0.25	66.125	16.1050825915474	1.50187388190764e-07	5.24153984785765e-05	3.77839850290448e-05	CDC42/RAC1/DOCK1/RHOA	4
panel30	walktrap	6	GOBP_REGULATION_OF_CYTOSKELETON_ORGANIZATION	GOBP_REGULATION_OF_CYTOSKELETON_ORGANIZATION	6/8	114/2116	0.0526315789473684	13.9210526315789	8.73540732683801	5.51481715139667e-07	0.000128311412389163	9.24941262585126e-05	CDC42/DIAPH1/RAC1/RAC2/PAK2/RHOA	6
panel30	walktrap	6	GOBP_REGULATION_OF_ACTIN_FILAMENT_BUNDLE_ASSEMBLY	GOBP_REGULATION_OF_ACTIN_FILAMENT_BUNDLE_ASSEMBLY	4/8	30/2116	0.133333333333333	35.2666666666667	11.6423382085471	2.2136846739857e-06	0.000309030380488404	0.000222766584034771	CDC42/RAC1/PAK2/RHOA	4
panel30	walktrap	6	GOBP_REGULATION_OF_ACTOMYOSIN_STRUCTURE_ORGANIZATION	GOBP_REGULATION_OF_ACTOMYOSIN_STRUCTURE_ORGANIZATION	4/8	30/2116	0.133333333333333	35.2666666666667	11.6423382085471	2.2136846739857e-06	0.000309030380488404	0.000222766584034771	CDC42/RAC1/PAK2/RHOA	4
panel30	walktrap	6	GOBP_ACTIN_FILAMENT_BASED_PROCESS	GOBP_ACTIN_FILAMENT_BASED_PROCESS	6/8	151/2116	0.0397350993377483	10.5099337748344	7.46877824437674	2.98280349766331e-06	0.000309384240462954	0.000223021666326786	CDC42/DIAPH1/RAC1/RAC2/PAK2/RHOA	6
panel30	walktrap	6	GOBP_SUPRAMOLECULAR_FIBER_ORGANIZATION	GOBP_SUPRAMOLECULAR_FIBER_ORGANIZATION	6/8	152/2116	0.0394736842105263	10.4407894736842	7.44087898537984	3.10270728257977e-06	0.000309384240462954	0.000223021666326786	CDC42/DIAPH1/RAC1/RAC2/PAK2/RHOA	6
panel30	walktrap	6	GOBP_STRESS_FIBER_ASSEMBLY	GOBP_STRESS_FIBER_ASSEMBLY	4/8	36/2116	0.111111111111111	29.3888888888889	10.581149584817	4.7146491019548e-06	0.000366587627964813	0.000264257104761244	CDC42/RAC1/PAK2/RHOA	4
panel30	walktrap	6	GOBP_REGULATION_OF_ACTIN_FILAMENT_BASED_PROCESS	GOBP_REGULATION_OF_ACTIN_FILAMENT_BASED_PROCESS	5/8	85/2116	0.0588235294117647	15.5588235294118	8.43811925893461	4.74189302350542e-06	0.000366587627964813	0.000264257104761244	CDC42/RAC1/RAC2/PAK2/RHOA	5
panel30	walktrap	6	GOBP_REGULATION_OF_CELL_SUBSTRATE_ADHESION	GOBP_REGULATION_OF_CELL_SUBSTRATE_ADHESION	5/8	87/2116	0.0574712643678161	15.2011494252874	8.33118879047332	5.32855681312563e-06	0.000366587627964813	0.000264257104761244	CDC42/RAC1/RAC2/DOCK1/RHOA	5
panel30	walktrap	161	GOBP_POSITIVE_REGULATION_OF_PEPTIDYL_TYROSINE_PHOSPHORYLATION	GOBP_POSITIVE_REGULATION_OF_PEPTIDYL_TYROSINE_PHOSPHORYLATION	2/3	24/2116	0.0833333333333333	58.7777777777778	10.7238734330246	0.000367460545980557	0.0595815050709994	0.0398439786233309	LIF/CTF1	2
panel30	walktrap	161	GOBP_REGULATION_OF_PEPTIDYL_TYROSINE_PHOSPHORYLATION	GOBP_REGULATION_OF_PEPTIDYL_TYROSINE_PHOSPHORYLATION	2/3	33/2116	0.0606060606060606	42.7474747474747	9.10560088214502	0.000700958883188228	0.0595815050709994	0.0398439786233309	LIF/CTF1	2
panel30	walktrap	161	GOBP_PEPTIDYL_TYROSINE_MODIFICATION	GOBP_PEPTIDYL_TYROSINE_MODIFICATION	2/3	59/2116	0.0338983050847458	23.909604519774	6.72345522222065	0.0022526700814313	0.117082947464964	0.0782969555802856	LIF/CTF1	2
panel30	walktrap	161	GOBP_BONE_DEVELOPMENT	GOBP_BONE_DEVELOPMENT	2/3	68/2116	0.0294117647058824	20.7450980392157	6.23468963963017	0.00299050337952262	0.117082947464964	0.0782969555802856	LIF/LIFR	2
panel30	walktrap	161	GOBP_POSITIVE_REGULATION_OF_CELL_POPULATION_PROLIFERATION	GOBP_POSITIVE_REGULATION_OF_CELL_POPULATION_PROLIFERATION	3/3	322/2116	0.0093167701863354	6.57142857142857	4.09024524272434	0.0034960679446102	0.117082947464964	0.0782969555802856	LIF/CTF1/LIFR	3
panel30	walktrap	161	GOBP_CELL_SURFACE_RECEPTOR_SIGNALING_PATHWAY_VIA_STAT	GOBP_CELL_SURFACE_RECEPTOR_SIGNALING_PATHWAY_VIA_STAT	2/3	80/2116	0.025	17.6333333333333	5.71348987713066	0.00413233932229285	0.117082947464964	0.0782969555802856	LIF/CTF1	2
panel30	walktrap	161	GOBP_MUSCLE_ORGAN_DEVELOPMENT	GOBP_MUSCLE_ORGAN_DEVELOPMENT	2/3	89/2116	0.0224719101123596	15.8501872659176	5.39220163742125	0.00510606131693133	0.124004346268332	0.0829255071020426	LIF/CTF1	2
panel30	walktrap	161	GOBP_POSITIVE_REGULATION_OF_PHOSPHORYLATION	GOBP_POSITIVE_REGULATION_OF_PHOSPHORYLATION	2/3	113/2116	0.0176991150442478	12.4837758112094	4.72660725559858	0.00818685069678527	0.126576210956762	0.0846453918472464	LIF/CTF1	2
panel30	walktrap	161	GOBP_POSITIVE_REGULATION_OF_PHOSPHORUS_METABOLIC_PROCESS	GOBP_POSITIVE_REGULATION_OF_PHOSPHORUS_METABOLIC_PROCESS	2/3	130/2116	0.0153846153846154	10.8512820512821	4.36758003678762	0.0107878274806552	0.126576210956762	0.0846453918472464	LIF/CTF1	2
panel30	walktrap	161	GOBP_PEPTIDYL_AMINO_ACID_MODIFICATION	GOBP_PEPTIDYL_AMINO_ACID_MODIFICATION	2/3	137/2116	0.0145985401459854	10.2968369829684	4.23875843457812	0.0119580460177528	0.126576210956762	0.0846453918472464	LIF/CTF1	2
panel30	walktrap	172	GOBP_CARDIAC_CONDUCTION	GOBP_CARDIAC_CONDUCTION	3/3	25/2116	0.12	84.64	15.8479494314928	1.45863983002762e-06	0.000320900762606076	0.000132045289876185	PLN/ATP1A2/ATP1B2	3
panel30	walktrap	172	GOBP_REGULATION_OF_HEART_CONTRACTION	GOBP_REGULATION_OF_HEART_CONTRACTION	3/3	46/2116	0.0652173913043478	46	11.6244475312595	9.62702287818227e-06	0.00105897251660005	0.000435749456591408	PLN/ATP1A2/ATP1B2	3
panel30	walktrap	172	GOBP_REGULATION_OF_BLOOD_CIRCULATION	GOBP_REGULATION_OF_BLOOD_CIRCULATION	3/3	56/2116	0.0535714285714286	37.7857142857143	10.5100712780275	1.7579780907985e-05	0.00120664561353388	0.000496514462985232	PLN/ATP1A2/ATP1B2	3
panel30	walktrap	172	GOBP_HEART_PROCESS	GOBP_HEART_PROCESS	3/3	67/2116	0.0447761194029851	31.5820895522388	9.5829592754851	3.03809308945535e-05	0.00120664561353388	0.000496514462985232	PLN/ATP1A2/ATP1B2	3
panel30	walktrap	172	GOBP_REGULATION_OF_MONOATOMIC_ION_TRANSMEMBRANE_TRANSPORT	GOBP_REGULATION_OF_MONOATOMIC_ION_TRANSMEMBRANE_TRANSPORT	3/3	76/2116	0.0394736842105263	27.8421052631579	8.97789149418565	4.45836435004093e-05	0.00120664561353388	0.000496514462985232	PLN/ATP1A2/ATP1B2	3
panel30	walktrap	172	GOBP_INTRACELLULAR_POTASSIUM_ION_HOMEOSTASIS	GOBP_INTRACELLULAR_POTASSIUM_ION_HOMEOSTASIS	2/3	10/2116	0.2	141.066666666667	16.7252136656612	6.0178405857096e-05	0.00120664561353388	0.000496514462985232	ATP1A2/ATP1B2	2
panel30	walktrap	172	GOBP_POTASSIUM_ION_HOMEOSTASIS	GOBP_POTASSIUM_ION_HOMEOSTASIS	2/3	10/2116	0.2	141.066666666667	16.7252136656612	6.0178405857096e-05	0.00120664561353388	0.000496514462985232	ATP1A2/ATP1B2	2
panel30	walktrap	172	GOBP_SODIUM_ION_EXPORT_ACROSS_PLASMA_MEMBRANE	GOBP_SODIUM_ION_EXPORT_ACROSS_PLASMA_MEMBRANE	2/3	10/2116	0.2	141.066666666667	16.7252136656612	6.0178405857096e-05	0.00120664561353388	0.000496514462985232	ATP1A2/ATP1B2	2
panel30	walktrap	172	GOBP_SODIUM_ION_HOMEOSTASIS	GOBP_SODIUM_ION_HOMEOSTASIS	2/3	10/2116	0.2	141.066666666667	16.7252136656612	6.0178405857096e-05	0.00120664561353388	0.000496514462985232	ATP1A2/ATP1B2	2
panel30	walktrap	172	GOBP_REGULATION_OF_MEMBRANE_POTENTIAL	GOBP_REGULATION_OF_MEMBRANE_POTENTIAL	3/3	87/2116	0.0344827586206897	24.3218390804598	8.36849694449614	6.72210994712076e-05	0.00120664561353388	0.000496514462985232	PLN/ATP1A2/ATP1B2	3
panel30	walktrap	129	GOBP_DECIDUALIZATION	GOBP_DECIDUALIZATION	2/2	10/2116	0.2	211.6	20.5280111832823	2.01102039174678e-05	0.00302293605997906	0.00194061507744702	PARP2/PARP1	2
panel30	walktrap	129	GOBP_BASE_EXCISION_REPAIR	GOBP_BASE_EXCISION_REPAIR	2/2	13/2116	0.153846153846154	162.769230769231	17.9914287139273	3.48576867902775e-05	0.00302293605997906	0.00194061507744702	PARP2/PARP1	2
panel30	walktrap	129	GOBP_MATERNAL_PLACENTA_DEVELOPMENT	GOBP_MATERNAL_PLACENTA_DEVELOPMENT	2/2	14/2116	0.142857142857143	151.142857142857	17.3328520592595	4.06673012553236e-05	0.00302293605997906	0.00194061507744702	PARP2/PARP1	2
panel30	walktrap	129	GOBP_MATERNAL_PROCESS_INVOLVED_IN_FEMALE_PREGNANCY	GOBP_MATERNAL_PROCESS_INVOLVED_IN_FEMALE_PREGNANCY	2/2	18/2116	0.111111111111111	117.555555555556	15.271587385329	6.83746933193902e-05	0.003811889152556	0.00244709428722028	PARP2/PARP1	2
panel30	walktrap	129	GOBP_PLACENTA_DEVELOPMENT	GOBP_PLACENTA_DEVELOPMENT	2/2	59/2116	0.0338983050847458	35.864406779661	8.35235283383737	0.000764634642284162	0.0314086378539582	0.0201632039090787	PARP2/PARP1	2
panel30	walktrap	129	GOBP_MULTI_MULTICELLULAR_ORGANISM_PROCESS	GOBP_MULTI_MULTICELLULAR_ORGANISM_PROCESS	2/2	62/2116	0.032258064516129	34.1290322580645	8.14183069250159	0.000845075457954032	0.0314086378539582	0.0201632039090787	PARP2/PARP1	2
panel30	walktrap	129	GOBP_DOUBLE_STRAND_BREAK_REPAIR	GOBP_DOUBLE_STRAND_BREAK_REPAIR	2/2	78/2116	0.0256410256410256	27.1282051282051	7.23056909700474	0.00134202094142568	0.0427529528482752	0.0274458418096079	PARP2/PARP1	2
panel30	walktrap	129	GOBP_MULTICELLULAR_ORGANISMAL_REPRODUCTIVE_PROCESS	GOBP_MULTICELLULAR_ORGANISMAL_REPRODUCTIVE_PROCESS	2/2	156/2116	0.0128205128205128	13.5641025641026	5.01398959875099	0.00540294145249299	0.10287773489953	0.0660437665628325	PARP2/PARP1	2
panel30	walktrap	129	GOBP_DNA_REPAIR	GOBP_DNA_REPAIR	2/2	160/2116	0.0125	13.225	4.94586349914033	0.00568448430733754	0.10287773489953	0.0660437665628325	PARP2/PARP1	2
panel30	walktrap	129	GOBP_DEVELOPMENTAL_PROCESS_INVOLVED_IN_REPRODUCTION	GOBP_DEVELOPMENTAL_PROCESS_INVOLVED_IN_REPRODUCTION	2/2	180/2116	0.0111111111111111	11.7555555555556	4.63910407949202	0.00719945300245345	0.10287773489953	0.0660437665628325	PARP2/PARP1	2
panel30	walktrap	163	GOBP_CELLULAR_RESPONSE_TO_OXYGEN_LEVELS	GOBP_CELLULAR_RESPONSE_TO_OXYGEN_LEVELS	3/3	84/2116	0.0357142857142857	25.1904761904762	8.52291728173391	6.0428277201892e-05	0.00610325599739109	0.00483426217615136	EGLN2/EPAS1/EGLN3	3
panel30	walktrap	163	GOBP_RESPONSE_TO_OXYGEN_LEVELS	GOBP_RESPONSE_TO_OXYGEN_LEVELS	3/3	147/2116	0.0204081632653061	14.3945578231293	6.34205867062236	0.000328932794539685	0.0166111061242541	0.0131573117815874	EGLN2/EPAS1/EGLN3	3
panel30	walktrap	163	GOBP_RESPONSE_TO_ABIOTIC_STIMULUS	GOBP_RESPONSE_TO_ABIOTIC_STIMULUS	3/3	353/2116	0.0084985835694051	5.9943342776204	3.87261985840038	0.00460992083352819	0.155200668062116	0.122931222227418	EGLN2/EPAS1/EGLN3	3
panel30	walktrap	163	GOBP_REGULATION_OF_NEURON_APOPTOTIC_PROCESS	GOBP_REGULATION_OF_NEURON_APOPTOTIC_PROCESS	2/3	105/2116	0.0190476190476191	13.4349206349206	4.92376930604127	0.00708234324983914	0.164163304463472	0.130030340169087	EGLN2/EGLN3	2
panel30	walktrap	163	GOBP_NEURON_APOPTOTIC_PROCESS	GOBP_NEURON_APOPTOTIC_PROCESS	2/3	128/2116	0.015625	11.0208333333333	4.40622528645819	0.0104640538317752	0.164163304463472	0.130030340169087	EGLN2/EGLN3	2
panel30	walktrap	163	GOBP_NEGATIVE_REGULATION_OF_FERROPTOSIS	GOBP_NEGATIVE_REGULATION_OF_FERROPTOSIS	1/3	10/2116	0.1	70.5333333333333	8.3029023575843	0.0141174392530098	0.164163304463472	0.130030340169087	EGLN3	1
panel30	walktrap	163	GOBP_L_AMINO_ACID_METABOLIC_PROCESS	GOBP_L_AMINO_ACID_METABOLIC_PROCESS	1/3	12/2116	0.0833333333333333	58.7777777777778	7.56126839678319	0.0169248871390115	0.164163304463472	0.130030340169087	EGLN2	1
panel30	walktrap	163	GOBP_MULTICELLULAR_ORGANISMAL_LEVEL_IRON_ION_HOMEOSTASIS	GOBP_MULTICELLULAR_ORGANISMAL_LEVEL_IRON_ION_HOMEOSTASIS	1/3	13/2116	0.0769230769230769	54.2564102564103	7.25587836926659	0.0183266102086803	0.164163304463472	0.130030340169087	EPAS1	1
panel30	walktrap	163	GOBP_ALPHA_AMINO_ACID_METABOLIC_PROCESS	GOBP_ALPHA_AMINO_ACID_METABOLIC_PROCESS	1/3	14/2116	0.0714285714285714	50.3809523809524	6.98350081775262	0.0197270002083827	0.164163304463472	0.130030340169087	EGLN2	1
panel30	walktrap	163	GOBP_ESTROGEN_RECEPTOR_SIGNALING_PATHWAY	GOBP_ESTROGEN_RECEPTOR_SIGNALING_PATHWAY	1/3	15/2116	0.0666666666666667	47.0222222222222	6.73854686503565	0.0211260577723095	0.164163304463472	0.130030340169087	EGLN2	1
panel30	walktrap	15	GOBP_TRANSCRIPTION_INITIATION_AT_RNA_POLYMERASE_II_PROMOTER	GOBP_TRANSCRIPTION_INITIATION_AT_RNA_POLYMERASE_II_PROMOTER	11/12	40/2116	0.275	48.4916666666667	22.89584483109	2.94715382261402e-19	7.9278437828317e-17	2.83763814856397e-17	CCNH/MED13/MED4/MED30/MED27/MED1/MED12/MED14/MED17/MED16/CDK7	11
panel30	walktrap	15	GOBP_DNA_TEMPLATED_TRANSCRIPTION_INITIATION	GOBP_DNA_TEMPLATED_TRANSCRIPTION_INITIATION	11/12	43/2116	0.255813953488372	45.1085271317829	22.063787900715	7.32312545665918e-19	9.84960373920659e-17	3.52549975557512e-17	CCNH/MED13/MED4/MED30/MED27/MED1/MED12/MED14/MED17/MED16/CDK7	11
panel30	walktrap	15	GOBP_POSITIVE_REGULATION_OF_DNA_TEMPLATED_TRANSCRIPTION_INITIATION	GOBP_POSITIVE_REGULATION_OF_DNA_TEMPLATED_TRANSCRIPTION_INITIATION	9/12	22/2116	0.409090909090909	72.1363636363637	25.3243089952887	4.6709902043682e-17	4.18832121658348e-15	1.49913903303125e-15	MED13/MED4/MED30/MED27/MED1/MED12/MED14/MED17/MED16	9
panel30	walktrap	15	GOBP_REGULATION_OF_DNA_TEMPLATED_TRANSCRIPTION_INITIATION	GOBP_REGULATION_OF_DNA_TEMPLATED_TRANSCRIPTION_INITIATION	9/12	29/2116	0.310344827586207	54.7241379310345	21.9953142404891	9.31992524469387e-16	6.26764972705663e-14	2.24339964995877e-14	MED13/MED4/MED30/MED27/MED1/MED12/MED14/MED17/MED16	9
panel30	walktrap	15	GOBP_POSITIVE_REGULATION_OF_DNA_TEMPLATED_TRANSCRIPTION_ELONGATION	GOBP_POSITIVE_REGULATION_OF_DNA_TEMPLATED_TRANSCRIPTION_ELONGATION	7/12	12/2116	0.583333333333333	102.861111111111	26.7177022487376	1.66369226552466e-14	8.95066438852266e-13	3.20373955638072e-13	MED4/MED30/MED27/MED1/MED14/MED17/MED16	7
panel30	walktrap	15	GOBP_RNA_POLYMERASE_II_PREINITIATION_COMPLEX_ASSEMBLY	GOBP_RNA_POLYMERASE_II_PREINITIATION_COMPLEX_ASSEMBLY	7/12	15/2116	0.466666666666667	82.2888888888889	23.8554015795573	1.34333545481897e-13	5.16224624780433e-12	1.84773909354437e-12	MED4/MED30/MED27/MED1/MED14/MED17/MED16	7
panel30	walktrap	15	GOBP_TRANSCRIPTION_PREINITIATION_COMPLEX_ASSEMBLY	GOBP_TRANSCRIPTION_PREINITIATION_COMPLEX_ASSEMBLY	7/12	15/2116	0.466666666666667	82.2888888888889	23.8554015795573	1.34333545481897e-13	5.16224624780433e-12	1.84773909354437e-12	MED4/MED30/MED27/MED1/MED14/MED17/MED16	7
panel30	walktrap	15	GOBP_REGULATION_OF_DNA_TEMPLATED_TRANSCRIPTION_ELONGATION	GOBP_REGULATION_OF_DNA_TEMPLATED_TRANSCRIPTION_ELONGATION	7/12	17/2116	0.411764705882353	72.6078431372549	22.3821486263264	4.04297618452268e-13	1.35945074204575e-11	4.86592495058566e-12	MED4/MED30/MED27/MED1/MED14/MED17/MED16	7
panel30	walktrap	15	GOBP_TRANSCRIPTION_ELONGATION_BY_RNA_POLYMERASE_II	GOBP_TRANSCRIPTION_ELONGATION_BY_RNA_POLYMERASE_II	7/12	18/2116	0.388888888888889	68.5740740740741	21.7388494703913	6.60200166092618e-13	1.97326494087683e-11	7.06296948683805e-12	MED4/MED30/MED27/MED1/MED14/MED17/MED16	7
panel30	walktrap	15	GOBP_DNA_TEMPLATED_TRANSCRIPTION_ELONGATION	GOBP_DNA_TEMPLATED_TRANSCRIPTION_ELONGATION	7/12	19/2116	0.368421052631579	64.9649122807018	21.1466868952229	1.04313917863642e-12	2.80604439053197e-11	1.00437632567646e-11	MED4/MED30/MED27/MED1/MED14/MED17/MED16	7
panel30	walktrap	124	GOBP_EXTERNAL_ENCAPSULATING_STRUCTURE_ORGANIZATION	GOBP_EXTERNAL_ENCAPSULATING_STRUCTURE_ORGANIZATION	2/2	156/2116	0.0128205128205128	13.5641025641026	5.01398959875099	0.00540294145249299	0.0471584281864607	0.0198561802890361	COLGALT1/COL23A1	2
panel30	walktrap	124	GOBP_PROTEIN_O_LINKED_GLYCOSYLATION	GOBP_PROTEIN_O_LINKED_GLYCOSYLATION	1/2	10/2116	0.1	105.8	10.2152686230199	0.00943168563729213	0.0471584281864607	0.0198561802890361	COLGALT1	1
panel30	walktrap	124	GOBP_POSITIVE_REGULATION_OF_EXTRACELLULAR_MATRIX_ORGANIZATION	GOBP_POSITIVE_REGULATION_OF_EXTRACELLULAR_MATRIX_ORGANIZATION	1/2	16/2116	0.0625	66.125	8.04110572840052	0.0150692461354892	0.0500401459255982	0.0210695351265677	COLGALT1	1
panel30	walktrap	124	GOBP_GLYCOPROTEIN_BIOSYNTHETIC_PROCESS	GOBP_GLYCOPROTEIN_BIOSYNTHETIC_PROCESS	1/2	22/2116	0.0454545454545455	48.0909090909091	6.82775247786468	0.0206907184705517	0.0500401459255982	0.0210695351265677	COLGALT1	1
panel30	walktrap	124	GOBP_REGULATION_OF_EXTRACELLULAR_MATRIX_ORGANIZATION	GOBP_REGULATION_OF_EXTRACELLULAR_MATRIX_ORGANIZATION	1/2	31/2116	0.032258064516129	34.1290322580645	5.71418450555904	0.0290927616672699	0.0500401459255982	0.0210695351265677	COLGALT1	1
panel30	walktrap	124	GOBP_GLYCOPROTEIN_METABOLIC_PROCESS	GOBP_GLYCOPROTEIN_METABOLIC_PROCESS	1/2	32/2116	0.03125	33.0625	5.62006329163695	0.0300240875553589	0.0500401459255982	0.0210695351265677	COLGALT1	1
panel30	walktrap	124	GOBP_COLLAGEN_FIBRIL_ORGANIZATION	GOBP_COLLAGEN_FIBRIL_ORGANIZATION	1/2	57/2116	0.0175438596491228	18.5614035087719	4.13319759997983	0.0531619943959566	0.075945706279938	0.0319771394862897	COLGALT1	1
panel30	walktrap	124	GOBP_CARBOHYDRATE_DERIVATIVE_BIOSYNTHETIC_PROCESS	GOBP_CARBOHYDRATE_DERIVATIVE_BIOSYNTHETIC_PROCESS	1/2	82/2116	0.0121951219512195	12.9024390243902	3.38053245205381	0.0760205928488116	0.0950257410610145	0.0400108383414798	COLGALT1	1
panel30	walktrap	124	GOBP_CARBOHYDRATE_DERIVATIVE_METABOLIC_PROCESS	GOBP_CARBOHYDRATE_DERIVATIVE_METABOLIC_PROCESS	1/2	149/2116	0.00671140939597315	7.1006711409396	2.37512385313491	0.135904311180826	0.151004790200918	0.0635809642951234	COLGALT1	1
panel30	walktrap	124	GOBP_POSITIVE_REGULATION_OF_CELLULAR_COMPONENT_ORGANIZATION	GOBP_POSITIVE_REGULATION_OF_CELLULAR_COMPONENT_ORGANIZATION	1/2	294/2116	0.00340136054421769	3.59863945578231	1.47660113956556	0.25863465122203	0.25863465122203	0.108898800514539	COLGALT1	1
panel30	walktrap	164	GOBP_NEGATIVE_REGULATION_OF_NEURON_DIFFERENTIATION	GOBP_NEGATIVE_REGULATION_OF_NEURON_DIFFERENTIATION	2/2	13/2116	0.153846153846154	162.769230769231	17.9914287139273	3.48576867902775e-05	0.00533322607891245	0.00256846113191518	NOTCH3/JAG1	2
panel30	walktrap	164	GOBP_ARTERY_MORPHOGENESIS	GOBP_ARTERY_MORPHOGENESIS	2/2	25/2116	0.08	84.64	12.936735662914	0.000134068026116452	0.0101331295499336	0.00488007615063883	NOTCH3/JAG1	2
panel30	walktrap	164	GOBP_ARTERY_DEVELOPMENT	GOBP_ARTERY_DEVELOPMENT	2/2	33/2116	0.0606060606060606	64.1212121212121	11.2384225568824	0.000235959725964955	0.0101331295499336	0.00488007615063883	NOTCH3/JAG1	2
panel30	walktrap	164	GOBP_GLOMERULUS_DEVELOPMENT	GOBP_GLOMERULUS_DEVELOPMENT	2/2	35/2116	0.0571428571428571	60.4571428571429	10.9073615764306	0.000265901585130962	0.0101331295499336	0.00488007615063883	NOTCH3/JAG1	2
panel30	walktrap	164	GOBP_NOTCH_SIGNALING_PATHWAY	GOBP_NOTCH_SIGNALING_PATHWAY	2/2	39/2116	0.0512820512820513	54.2564102564103	10.322945558653	0.000331148024507635	0.0101331295499336	0.00488007615063883	NOTCH3/JAG1	2
panel30	walktrap	164	GOBP_REGULATION_OF_NEURON_DIFFERENTIATION	GOBP_REGULATION_OF_NEURON_DIFFERENTIATION	2/2	45/2116	0.0444444444444444	47.0222222222222	9.59624847858887	0.00044242448618429	0.0112818243976994	0.00543328316366672	NOTCH3/JAG1	2
panel30	walktrap	164	GOBP_NEPHRON_DEVELOPMENT	GOBP_NEPHRON_DEVELOPMENT	2/2	66/2116	0.0303030303030303	32.0606060606061	7.88356504042582	0.000958586386732628	0.0209519595957274	0.0100903830182382	NOTCH3/JAG1	2
panel30	walktrap	164	GOBP_CELL_FATE_COMMITMENT	GOBP_CELL_FATE_COMMITMENT	2/2	85/2116	0.0235294117647059	24.8941176470588	6.91453837162312	0.00159540951078577	0.0305122068937779	0.0146945612835532	NOTCH3/JAG1	2
panel30	walktrap	164	GOBP_RENAL_SYSTEM_DEVELOPMENT	GOBP_RENAL_SYSTEM_DEVELOPMENT	2/2	116/2116	0.0172413793103448	18.2413793103448	5.87359091508963	0.00298077911398911	0.0506732449378148	0.0244040395297354	NOTCH3/JAG1	2
panel30	walktrap	164	GOBP_NEGATIVE_REGULATION_OF_CELL_DIFFERENTIATION	GOBP_NEGATIVE_REGULATION_OF_CELL_DIFFERENTIATION	2/2	181/2116	0.0110497237569061	11.6906077348066	4.62507616947337	0.00727989381812332	0.0855665174186799	0.0412085051207953	NOTCH3/JAG1	2
panel30	walktrap	181	GOBP_TRANSLATIONAL_INITIATION	GOBP_TRANSLATIONAL_INITIATION	2/2	51/2116	0.0392156862745098	41.4901960784314	9.00103876618008	0.000569789110994919	0.0330477684377053	0.0185931183587816	EIF2S1/ABCE1	2
panel30	walktrap	181	GOBP_REGULATION_OF_TRANSLATION	GOBP_REGULATION_OF_TRANSLATION	2/2	76/2116	0.0263157894736842	27.8421052631579	7.32868372483589	0.00127364624810629	0.0369357411950824	0.02078054404805	EIF2S1/ABCE1	2
panel30	walktrap	181	GOBP_POST_TRANSCRIPTIONAL_REGULATION_OF_GENE_EXPRESSION	GOBP_POST_TRANSCRIPTIONAL_REGULATION_OF_GENE_EXPRESSION	2/2	105/2116	0.0190476190476191	20.152380952381	6.19054775205466	0.00244003807531942	0.0454957612159076	0.0255965262739226	EIF2S1/ABCE1	2
panel30	walktrap	181	GOBP_TRANSLATION	GOBP_TRANSLATION	2/2	119/2116	0.0168067226890756	17.781512605042	5.79473051654512	0.00313763870454535	0.0454957612159076	0.0255965262739226	EIF2S1/ABCE1	2
panel30	walktrap	181	GOBP_NEGATIVE_REGULATION_OF_TRANSLATIONAL_INITIATION	GOBP_NEGATIVE_REGULATION_OF_TRANSLATIONAL_INITIATION	1/2	11/2116	0.0909090909090909	96.1818181818182	9.73289372375186	0.0103723962872094	0.100266497443024	0.0564112780532443	EIF2S1	1
panel30	walktrap	181	GOBP_PERK_MEDIATED_UNFOLDED_PROTEIN_RESPONSE	GOBP_PERK_MEDIATED_UNFOLDED_PROTEIN_RESPONSE	1/2	11/2116	0.0909090909090909	96.1818181818182	9.73289372375186	0.0103723962872094	0.100266497443024	0.0564112780532443	EIF2S1	1
panel30	walktrap	181	GOBP_REGULATION_OF_TRANSLATION_IN_RESPONSE_TO_STRESS	GOBP_REGULATION_OF_TRANSLATION_IN_RESPONSE_TO_STRESS	1/2	13/2116	0.0769230769230769	81.3846153846154	8.94010604187068	0.0122524769067824	0.101520522941912	0.0571168096406399	EIF2S1	1
panel30	walktrap	181	GOBP_REGULATION_OF_EPITHELIAL_CELL_APOPTOTIC_PROCESS	GOBP_REGULATION_OF_EPITHELIAL_CELL_APOPTOTIC_PROCESS	1/2	15/2116	0.0666666666666667	70.5333333333333	8.31080983204576	0.0141307699526738	0.102448082156885	0.0576386669122221	EIF2S1	1
panel30	walktrap	181	GOBP_ER_NUCLEUS_SIGNALING_PATHWAY	GOBP_ER_NUCLEUS_SIGNALING_PATHWAY	1/2	17/2116	0.0588235294117647	62.2352941176471	7.79538809910682	0.0160072754248839	0.103157997182585	0.0580380746399299	EIF2S1	1
panel30	walktrap	181	GOBP_INTEGRATED_STRESS_RESPONSE_SIGNALING	GOBP_INTEGRATED_STRESS_RESPONSE_SIGNALING	1/2	21/2116	0.0476190476190476	50.3809523809524	6.9935033551852	0.0197549236482589	0.104307109130877	0.0586845804547583	EIF2S1	1
panel30	walktrap	29	GOBP_POSITIVE_REGULATION_OF_PROTEIN_CATABOLIC_PROCESS	GOBP_POSITIVE_REGULATION_OF_PROTEIN_CATABOLIC_PROCESS	6/8	65/2116	0.0923076923076923	24.4153846153846	11.8097313961528	1.77984273422294e-08	7.18523412496977e-06	5.79915451714055e-06	CSNK1D/CSNK1E/AXIN1/AXIN2/APC/DVL1	6
panel30	walktrap	29	GOBP_POSITIVE_REGULATION_OF_PROTEASOMAL_UBIQUITIN_DEPENDENT_PROTEIN_CATABOLIC_PROCESS	GOBP_POSITIVE_REGULATION_OF_PROTEASOMAL_UBIQUITIN_DEPENDENT_PROTEIN_CATABOLIC_PROCESS	5/8	32/2116	0.15625	41.328125	14.157906454434	3.10377284015973e-08	7.18523412496977e-06	5.79915451714055e-06	CSNK1D/CSNK1E/AXIN1/AXIN2/DVL1	5
panel30	walktrap	29	GOBP_POSITIVE_REGULATION_OF_PROTEASOMAL_PROTEIN_CATABOLIC_PROCESS	GOBP_POSITIVE_REGULATION_OF_PROTEASOMAL_PROTEIN_CATABOLIC_PROCESS	5/8	38/2116	0.131578947368421	34.8026315789474	12.9504367391355	7.68092848438876e-08	8.89067472067999e-06	7.17560424199476e-06	CSNK1D/CSNK1E/AXIN1/AXIN2/DVL1	5
panel30	walktrap	29	GOBP_POSITIVE_REGULATION_OF_UBIQUITIN_DEPENDENT_PROTEIN_CATABOLIC_PROCESS	GOBP_POSITIVE_REGULATION_OF_UBIQUITIN_DEPENDENT_PROTEIN_CATABOLIC_PROCESS	5/8	38/2116	0.131578947368421	34.8026315789474	12.9504367391355	7.68092848438876e-08	8.89067472067999e-06	7.17560424199476e-06	CSNK1D/CSNK1E/AXIN1/AXIN2/DVL1	5
panel30	walktrap	29	GOBP_REGULATION_OF_PROTEASOMAL_UBIQUITIN_DEPENDENT_PROTEIN_CATABOLIC_PROCESS	GOBP_REGULATION_OF_PROTEASOMAL_UBIQUITIN_DEPENDENT_PROTEIN_CATABOLIC_PROCESS	5/8	44/2116	0.113636363636364	30.0568181818182	11.9962192522375	1.64992468529019e-07	1.43061963230535e-05	1.15464355909605e-05	CSNK1D/CSNK1E/AXIN1/AXIN2/DVL1	5
panel30	walktrap	29	GOBP_POSITIVE_REGULATION_OF_PROTEOLYSIS_INVOLVED_IN_PROTEIN_CATABOLIC_PROCESS	GOBP_POSITIVE_REGULATION_OF_PROTEOLYSIS_INVOLVED_IN_PROTEIN_CATABOLIC_PROCESS	5/8	45/2116	0.111111111111111	29.3888888888889	11.8557621673579	1.85393472868944e-07	1.43061963230535e-05	1.15464355909605e-05	CSNK1D/CSNK1E/AXIN1/AXIN2/DVL1	5
panel30	walktrap	29	GOBP_REGULATION_OF_UBIQUITIN_DEPENDENT_PROTEIN_CATABOLIC_PROCESS	GOBP_REGULATION_OF_UBIQUITIN_DEPENDENT_PROTEIN_CATABOLIC_PROCESS	5/8	55/2116	0.0909090909090909	24.0454545454546	10.6657771039938	5.21555588930079e-07	3.44971768106609e-05	2.78424412135606e-05	CSNK1D/CSNK1E/AXIN1/AXIN2/DVL1	5
panel30	walktrap	29	GOBP_PROTEASOME_MEDIATED_UBIQUITIN_DEPENDENT_PROTEIN_CATABOLIC_PROCESS	GOBP_PROTEASOME_MEDIATED_UBIQUITIN_DEPENDENT_PROTEIN_CATABOLIC_PROCESS	6/8	133/2116	0.0451127819548872	11.9323308270677	8.02125097369625	1.3950623075306e-06	7.1230226117003e-05	5.74894401990134e-05	CSNK1D/CSNK1E/AXIN1/AXIN2/APC/DVL1	6
panel30	walktrap	29	GOBP_REGULATION_OF_PROTEIN_CATABOLIC_PROCESS	GOBP_REGULATION_OF_PROTEIN_CATABOLIC_PROCESS	6/8	135/2116	0.0444444444444444	11.7555555555556	7.95467371467464	1.52576915386887e-06	7.1230226117003e-05	5.74894401990134e-05	CSNK1D/CSNK1E/AXIN1/AXIN2/APC/DVL1	6
panel30	walktrap	29	GOBP_POSITIVE_REGULATION_OF_PROTEOLYSIS	GOBP_POSITIVE_REGULATION_OF_PROTEOLYSIS	5/8	68/2116	0.0735294117647059	19.4485294117647	9.52392812515363	1.53844980814261e-06	7.1230226117003e-05	5.74894401990134e-05	CSNK1D/CSNK1E/AXIN1/AXIN2/DVL1	5
panel30	walktrap	175	GOBP_SYNCYTIUM_FORMATION	GOBP_SYNCYTIUM_FORMATION	2/3	17/2116	0.117647058823529	82.9803921568627	12.7848105695499	0.000181470015444966	0.00798468067957852	0.0064947163422409	ADAM12/SH3PXD2A	2
panel30	walktrap	175	GOBP_CELL_CELL_ADHESION_MEDIATED_BY_CADHERIN	GOBP_CELL_CELL_ADHESION_MEDIATED_BY_CADHERIN	1/3	15/2116	0.0666666666666667	47.0222222222222	6.73854686503565	0.0211260577723095	0.177488446843226	0.144368593126069	ADAM19	1
panel30	walktrap	175	GOBP_MYOBLAST_FUSION	GOBP_MYOBLAST_FUSION	1/3	15/2116	0.0666666666666667	47.0222222222222	6.73854686503565	0.0211260577723095	0.177488446843226	0.144368593126069	ADAM12	1
panel30	walktrap	175	GOBP_MEMBRANE_PROTEIN_ECTODOMAIN_PROTEOLYSIS	GOBP_MEMBRANE_PROTEIN_ECTODOMAIN_PROTEOLYSIS	1/3	19/2116	0.0526315789473684	37.1228070175439	5.95833806830208	0.0267089763540912	0.177488446843226	0.144368593126069	ADAM19	1
panel30	walktrap	175	GOBP_AMYLOID_PRECURSOR_PROTEIN_CATABOLIC_PROCESS	GOBP_AMYLOID_PRECURSOR_PROTEIN_CATABOLIC_PROCESS	1/3	21/2116	0.0476190476190476	33.5873015873016	5.65369138656191	0.0294924575193029	0.177488446843226	0.144368593126069	ADAM19	1
panel30	walktrap	175	GOBP_AMYLOID_PRECURSOR_PROTEIN_METABOLIC_PROCESS	GOBP_AMYLOID_PRECURSOR_PROTEIN_METABOLIC_PROCESS	1/3	22/2116	0.0454545454545455	32.0606060606061	5.51694928822212	0.0308822057901581	0.177488446843226	0.144368593126069	ADAM19	1
panel30	walktrap	175	GOBP_SUPEROXIDE_ANION_GENERATION	GOBP_SUPEROXIDE_ANION_GENERATION	1/3	22/2116	0.0454545454545455	32.0606060606061	5.51694928822212	0.0308822057901581	0.177488446843226	0.144368593126069	SH3PXD2A	1
panel30	walktrap	175	GOBP_MEMBRANE_PROTEIN_PROTEOLYSIS	GOBP_MEMBRANE_PROTEIN_PROTEOLYSIS	1/3	23/2116	0.0434782608695652	30.6666666666667	5.3890736687827	0.0322706266987683	0.177488446843226	0.144368593126069	ADAM19	1
panel30	walktrap	175	GOBP_MYOTUBE_DIFFERENTIATION	GOBP_MYOTUBE_DIFFERENTIATION	1/3	34/2116	0.0294117647058824	20.7450980392157	4.37244600463896	0.0474558321639798	0.200798388413539	0.163328832680869	ADAM12	1
panel30	walktrap	175	GOBP_SUPEROXIDE_METABOLIC_PROCESS	GOBP_SUPEROXIDE_METABOLIC_PROCESS	1/3	34/2116	0.0294117647058824	20.7450980392157	4.37244600463896	0.0474558321639798	0.200798388413539	0.163328832680869	SH3PXD2A	1
panel30	walktrap	64	GOBP_RELEASE_OF_CYTOCHROME_C_FROM_MITOCHONDRIA	GOBP_RELEASE_OF_CYTOCHROME_C_FROM_MITOCHONDRIA	11/11	29/2116	0.379310344827586	72.9655172413793	28.2025062364071	3.72248189060418e-22	2.11064723197257e-19	1.43805353037025e-19	PMAIP1/MCL1/BBC3/BID/BCL2L1/BAX/HRK/BAK1/BCL2/BCL2A1/BCL2L11	11
panel30	walktrap	64	GOBP_APOPTOTIC_MITOCHONDRIAL_CHANGES	GOBP_APOPTOTIC_MITOCHONDRIAL_CHANGES	11/11	49/2116	0.224489795918367	43.1836734693878	21.59223889847	3.13486751878255e-19	8.88734941574853e-17	6.05524410206945e-17	PMAIP1/MCL1/BBC3/BID/BCL2L1/BAX/HRK/BAK1/BCL2/BCL2A1/BCL2L11	11
panel30	walktrap	64	GOBP_MITOCHONDRION_ORGANIZATION	GOBP_MITOCHONDRION_ORGANIZATION	11/11	98/2116	0.112244897959184	21.5918367346939	15.0859624173689	1.20554285117063e-15	2.2784759887125e-13	1.55240079431447e-13	PMAIP1/MCL1/BBC3/BID/BCL2L1/BAX/HRK/BAK1/BCL2/BCL2A1/BCL2L11	11
panel30	walktrap	64	GOBP_REGULATION_OF_RELEASE_OF_CYTOCHROME_C_FROM_MITOCHONDRIA	GOBP_REGULATION_OF_RELEASE_OF_CYTOCHROME_C_FROM_MITOCHONDRIA	8/11	21/2116	0.380952380952381	73.2813852813853	24.0585572190839	3.35746524645291e-15	4.759206986847e-13	3.24260459328478e-13	PMAIP1/BBC3/BID/BCL2L1/BAX/HRK/BAK1/BCL2L11	8
panel30	walktrap	64	GOBP_POSITIVE_REGULATION_OF_RELEASE_OF_CYTOCHROME_C_FROM_MITOCHONDRIA	GOBP_POSITIVE_REGULATION_OF_RELEASE_OF_CYTOCHROME_C_FROM_MITOCHONDRIA	7/11	13/2116	0.538461538461538	103.58041958042	26.812788919655	1.50256875826263e-14	1.70391297186982e-12	1.16093207217344e-12	PMAIP1/BBC3/BID/BAX/HRK/BAK1/BCL2L11	7
panel30	walktrap	64	GOBP_INTRINSIC_APOPTOTIC_SIGNALING_PATHWAY_IN_RESPONSE_TO_DNA_DAMAGE	GOBP_INTRINSIC_APOPTOTIC_SIGNALING_PATHWAY_IN_RESPONSE_TO_DNA_DAMAGE	9/11	63/2116	0.142857142857143	27.4805194805195	15.4215412189404	5.39222236467327e-13	5.09565013461624e-11	3.47183439971069e-11	MCL1/BBC3/BID/BCL2L1/BAX/BAK1/BCL2/BCL2A1/BCL2L11	9
panel30	walktrap	64	GOBP_REGULATION_OF_MITOCHONDRION_ORGANIZATION	GOBP_REGULATION_OF_MITOCHONDRION_ORGANIZATION	8/11	41/2116	0.195121951219512	37.5343680709534	17.0730045476766	1.53671604876387e-12	1.24473999949874e-10	8.48082390821566e-11	PMAIP1/BBC3/BID/BCL2L1/BAX/HRK/BAK1/BCL2L11	8
panel30	walktrap	64	GOBP_REGULATION_OF_MITOCHONDRIAL_MEMBRANE_PERMEABILITY	GOBP_REGULATION_OF_MITOCHONDRIAL_MEMBRANE_PERMEABILITY	7/11	24/2116	0.291666666666667	56.1060606060606	19.6222870500235	2.97546163368406e-12	2.10885843287358e-10	1.43683476258164e-10	PMAIP1/BID/BCL2L1/BAX/BAK1/BCL2/BCL2L11	7
panel30	walktrap	64	GOBP_MITOCHONDRIAL_MEMBRANE_ORGANIZATION	GOBP_MITOCHONDRIAL_MEMBRANE_ORGANIZATION	7/11	27/2116	0.259259259259259	49.8720538720539	18.4713539883569	7.59619085715755e-12	4.30704021600833e-10	2.9345284679756e-10	PMAIP1/BID/BCL2L1/BAX/BAK1/BCL2/BCL2L11	7
panel30	walktrap	64	GOBP_REGULATION_OF_MEMBRANE_PERMEABILITY	GOBP_REGULATION_OF_MEMBRANE_PERMEABILITY	7/11	27/2116	0.259259259259259	49.8720538720539	18.4713539883569	7.59619085715755e-12	4.30704021600833e-10	2.9345284679756e-10	PMAIP1/BID/BCL2L1/BAX/BAK1/BCL2/BCL2L11	7
panel30	walktrap	67	GOBP_DNA_REPLICATION_INITIATION	GOBP_DNA_REPLICATION_INITIATION	3/3	26/2116	0.115384615384615	81.3846153846154	15.5364765459252	1.64889719916165e-06	3.62757383815564e-05	2.4299537671856e-05	ORC3/ORC5/ORC4	3
panel30	walktrap	67	GOBP_DNA_TEMPLATED_DNA_REPLICATION	GOBP_DNA_TEMPLATED_DNA_REPLICATION	3/3	76/2116	0.0394736842105263	27.8421052631579	8.97789149418565	4.45836435004093e-05	0.000490420078504502	0.000328511057371437	ORC3/ORC5/ORC4	3
panel30	walktrap	67	GOBP_DNA_REPLICATION	GOBP_DNA_REPLICATION	3/3	106/2116	0.0283018867924528	19.9622641509434	7.54590200220298	0.000122348172177795	0.000897219929303828	0.000601008565083904	ORC3/ORC5/ORC4	3
panel30	walktrap	67	GOBP_REGULATION_OF_DNA_REPLICATION	GOBP_REGULATION_OF_DNA_REPLICATION	2/3	48/2116	0.0416666666666667	29.3888888888889	7.49479591137277	0.00149034939154996	0.00735420834650708	0.00492626396416742	ORC3/ORC5	2
panel30	walktrap	67	GOBP_DNA_METABOLIC_PROCESS	GOBP_DNA_METABOLIC_PROCESS	3/3	252/2116	0.0119047619047619	8.3968253968254	4.71290568057818	0.00167141098784252	0.00735420834650708	0.00492626396416742	ORC3/ORC5/ORC4	3
panel30	walktrap	67	GOBP_REGULATION_OF_DNA_METABOLIC_PROCESS	GOBP_REGULATION_OF_DNA_METABOLIC_PROCESS	2/3	131/2116	0.0152671755725191	10.7684478371501	4.34857554014553	0.010951480527672	0.0401554286014639	0.026898373225861	ORC3/ORC5	2
panel30	walktrap	67	GOBP_FEMALE_MEIOTIC_NUCLEAR_DIVISION	GOBP_FEMALE_MEIOTIC_NUCLEAR_DIVISION	1/3	15/2116	0.0666666666666667	47.0222222222222	6.73854686503565	0.0211260577723095	0.0663961815701155	0.0444759110995989	ORC4	1
panel30	walktrap	67	GOBP_CYTOSKELETON_DEPENDENT_CYTOKINESIS	GOBP_CYTOSKELETON_DEPENDENT_CYTOKINESIS	1/3	18/2116	0.0555555555555556	39.1851851851852	6.1290685179769	0.0253152421913524	0.0696169160262191	0.046633340878807	ORC4	1
panel30	walktrap	67	GOBP_CYTOKINESIS	GOBP_CYTOKINESIS	1/3	37/2116	0.027027027027027	19.0630630630631	4.17571721714949	0.0515695015306394	0.105876176217035	0.0709218405281572	ORC4	1
panel30	walktrap	67	GOBP_FEMALE_GAMETE_GENERATION	GOBP_FEMALE_GAMETE_GENERATION	1/3	38/2116	0.0263157894736842	18.5614035087719	4.11523189769472	0.0529380881085173	0.105876176217035	0.0709218405281572	ORC4	1
panel30	walktrap	90	GOBP_CELL_CYCLE_G1_S_PHASE_TRANSITION	GOBP_CELL_CYCLE_G1_S_PHASE_TRANSITION	3/3	105/2116	0.0285714285714286	20.152380952381	7.58363549230201	0.000118885488059555	0.0166439683283377	0.0110125504728851	CDK4/CDK6/CCND3	3
panel30	walktrap	90	GOBP_CELL_DIVISION	GOBP_CELL_DIVISION	3/3	173/2116	0.0173410404624277	12.2312138728324	5.8073688858059	0.000537823336215479	0.0251250583884011	0.016624098783303	CDK4/CDK6/CCND3	3
panel30	walktrap	90	GOBP_MITOTIC_CELL_CYCLE_PHASE_TRANSITION	GOBP_MITOTIC_CELL_CYCLE_PHASE_TRANSITION	3/3	178/2116	0.0168539325842697	11.8876404494382	5.71785252579265	0.000586104314589394	0.0251250583884011	0.016624098783303	CDK4/CDK6/CCND3	3
panel30	walktrap	90	GOBP_POSITIVE_REGULATION_OF_FIBROBLAST_PROLIFERATION	GOBP_POSITIVE_REGULATION_OF_FIBROBLAST_PROLIFERATION	2/3	34/2116	0.0588235294117647	41.4901960784314	8.96633664307791	0.000744531625867305	0.0251250583884011	0.016624098783303	CDK4/CDK6	2
panel30	walktrap	90	GOBP_CELL_CYCLE_PHASE_TRANSITION	GOBP_CELL_CYCLE_PHASE_TRANSITION	3/3	205/2116	0.0146341463414634	10.3219512195122	5.29077725303413	0.000897323513871468	0.0251250583884011	0.016624098783303	CDK4/CDK6/CCND3	3
panel30	walktrap	90	GOBP_POSITIVE_REGULATION_OF_MITOTIC_CELL_CYCLE_PHASE_TRANSITION	GOBP_POSITIVE_REGULATION_OF_MITOTIC_CELL_CYCLE_PHASE_TRANSITION	2/3	46/2116	0.0434782608695652	30.6666666666667	7.66352466875624	0.00136835002454891	0.0256902059242461	0.0169980309874711	CDK4/CCND3	2
panel30	walktrap	90	GOBP_FIBROBLAST_PROLIFERATION	GOBP_FIBROBLAST_PROLIFERATION	2/3	49/2116	0.0408163265306122	28.7891156462585	7.41427333154536	0.00155327130866997	0.0256902059242461	0.0169980309874711	CDK4/CDK6	2
panel30	walktrap	90	GOBP_POSITIVE_REGULATION_OF_CELL_CYCLE_PHASE_TRANSITION	GOBP_POSITIVE_REGULATION_OF_CELL_CYCLE_PHASE_TRANSITION	2/3	49/2116	0.0408163265306122	28.7891156462585	7.41427333154536	0.00155327130866997	0.0256902059242461	0.0169980309874711	CDK4/CCND3	2
panel30	walktrap	90	GOBP_MITOTIC_CELL_CYCLE_PROCESS	GOBP_MITOTIC_CELL_CYCLE_PROCESS	3/3	251/2116	0.0119521912350598	8.43027888446215	4.7235511440309	0.00165151323798725	0.0256902059242461	0.0169980309874711	CDK4/CDK6/CCND3	3
panel30	walktrap	90	GOBP_POSITIVE_REGULATION_OF_MITOTIC_CELL_CYCLE	GOBP_POSITIVE_REGULATION_OF_MITOTIC_CELL_CYCLE	2/3	61/2116	0.0327868852459016	23.1256830601093	6.605744260992	0.0024077957931635	0.0309162643959982	0.0204558741868259	CDK4/CCND3	2
panel30	walktrap	19	GOBP_WNT_SIGNALING_PATHWAY	GOBP_WNT_SIGNALING_PATHWAY	5/5	185/2116	0.027027027027027	11.4378378378378	7.23104965917408	4.8603346740012e-06	0.00261972038928664	0.00194413386960048	ROR1/FZD6/WNT10A/FZD7/WNT5A	5
panel30	walktrap	19	GOBP_WNT_SIGNALING_PATHWAY_PLANAR_CELL_POLARITY_PATHWAY	GOBP_WNT_SIGNALING_PATHWAY_PLANAR_CELL_POLARITY_PATHWAY	3/5	34/2116	0.0882352941176471	37.3411764705882	10.3942737357864	3.71195968944705e-05	0.00719806403011581	0.00534179148802658	FZD6/FZD7/WNT5A	3
panel30	walktrap	19	GOBP_MOLTING_CYCLE_PROCESS	GOBP_MOLTING_CYCLE_PROCESS	3/5	40/2116	0.075	31.74	9.55028331989799	6.10235390007948e-05	0.00719806403011581	0.00534179148802658	FZD6/WNT10A/WNT5A	3
panel30	walktrap	19	GOBP_MOLTING_CYCLE	GOBP_MOLTING_CYCLE	3/5	42/2116	0.0714285714285714	30.2285714285714	9.30944798879054	7.08039943148034e-05	0.00719806403011581	0.00534179148802658	FZD6/WNT10A/WNT5A	3
panel30	walktrap	19	GOBP_SKIN_EPIDERMIS_DEVELOPMENT	GOBP_SKIN_EPIDERMIS_DEVELOPMENT	3/5	44/2116	0.0681818181818182	28.8545454545455	9.08497235004857	8.15661659481683e-05	0.00719806403011581	0.00534179148802658	FZD6/WNT10A/WNT5A	3
panel30	walktrap	19	GOBP_CANONICAL_WNT_SIGNALING_PATHWAY	GOBP_CANONICAL_WNT_SIGNALING_PATHWAY	4/5	140/2116	0.0285714285714286	12.0914285714286	6.60775764422038	8.7279525475091e-05	0.00719806403011581	0.00534179148802658	FZD6/WNT10A/FZD7/WNT5A	4
panel30	walktrap	19	GOBP_SENSORY_ORGAN_DEVELOPMENT	GOBP_SENSORY_ORGAN_DEVELOPMENT	4/5	149/2116	0.0268456375838926	11.3610738255034	6.38251426010425	0.000111872743005105	0.00719806403011581	0.00534179148802658	ROR1/FZD6/WNT10A/WNT5A	4
panel30	walktrap	19	GOBP_NON_CANONICAL_WNT_SIGNALING_PATHWAY	GOBP_NON_CANONICAL_WNT_SIGNALING_PATHWAY	3/5	49/2116	0.0612244897959184	25.9102040816327	8.58422631086286	0.00011306039078911	0.00719806403011581	0.00534179148802658	FZD6/FZD7/WNT5A	3
panel30	walktrap	19	GOBP_EAR_DEVELOPMENT	GOBP_EAR_DEVELOPMENT	3/5	50/2116	0.06	25.392	8.49304306637488	0.000120190308480598	0.00719806403011581	0.00534179148802658	ROR1/FZD6/WNT5A	3
panel30	walktrap	19	GOBP_BRAIN_MORPHOGENESIS	GOBP_BRAIN_MORPHOGENESIS	2/5	12/2116	0.166666666666667	70.5333333333333	11.7532202855596	0.000292168121131582	0.0157478617289923	0.0116867248452633	FZD6/WNT5A	2
panel30	walktrap	168	GOBP_ACTIVATION_OF_PROTEIN_KINASE_ACTIVITY	GOBP_ACTIVATION_OF_PROTEIN_KINASE_ACTIVITY	2/3	23/2116	0.0869565217391304	61.3333333333333	10.959801506176	0.00033694580073638	0.0714325097561125	0.0578128058105578	STRADA/STK11	2
panel30	walktrap	168	GOBP_POSITIVE_REGULATION_OF_KINASE_ACTIVITY	GOBP_POSITIVE_REGULATION_OF_KINASE_ACTIVITY	2/3	63/2116	0.0317460317460317	22.3915343915344	6.49357411700884	0.00256797981414975	0.199696096224134	0.16162097162132	STRADA/STK11	2
panel30	walktrap	168	GOBP_POSITIVE_REGULATION_OF_CATALYTIC_ACTIVITY	GOBP_POSITIVE_REGULATION_OF_CATALYTIC_ACTIVITY	2/3	97/2116	0.0206185567010309	14.5429553264605	5.14395568180007	0.00605519698594783	0.199696096224134	0.16162097162132	STRADA/STK11	2
panel30	walktrap	168	GOBP_REGULATION_OF_KINASE_ACTIVITY	GOBP_REGULATION_OF_KINASE_ACTIVITY	2/3	107/2116	0.0186915887850467	13.183800623053	4.8724878933904	0.0073512428683135	0.199696096224134	0.16162097162132	STRADA/STK11	2
panel30	walktrap	168	GOBP_POSITIVE_REGULATION_OF_PHOSPHORYLATION	GOBP_POSITIVE_REGULATION_OF_PHOSPHORYLATION	2/3	113/2116	0.0176991150442478	12.4837758112094	4.72660725559858	0.00818685069678527	0.199696096224134	0.16162097162132	STRADA/STK11	2
panel30	walktrap	168	GOBP_REGULATION_OF_TRANSFERASE_ACTIVITY	GOBP_REGULATION_OF_TRANSFERASE_ACTIVITY	2/3	121/2116	0.0165289256198347	11.6584022038567	4.5486173599019	0.00936806991496625	0.199696096224134	0.16162097162132	STRADA/STK11	2
panel30	walktrap	168	GOBP_POSITIVE_REGULATION_OF_PHOSPHORUS_METABOLIC_PROCESS	GOBP_POSITIVE_REGULATION_OF_PHOSPHORUS_METABOLIC_PROCESS	2/3	130/2116	0.0153846153846154	10.8512820512821	4.36758003678762	0.0107878274806552	0.199696096224134	0.16162097162132	STRADA/STK11	2
panel30	walktrap	168	GOBP_CELLULAR_RESPONSE_TO_ABIOTIC_STIMULUS	GOBP_CELLULAR_RESPONSE_TO_ABIOTIC_STIMULUS	2/3	137/2116	0.0145985401459854	10.2968369829684	4.23875843457812	0.0119580460177528	0.199696096224134	0.16162097162132	CAB39/STK11	2
panel30	walktrap	168	GOBP_RESPONSE_TO_THYROID_HORMONE	GOBP_RESPONSE_TO_THYROID_HORMONE	1/3	10/2116	0.1	70.5333333333333	8.3029023575843	0.0141174392530098	0.199696096224134	0.16162097162132	CAB39	1
panel30	walktrap	168	GOBP_POSITIVE_REGULATION_OF_PROTEIN_MODIFICATION_PROCESS	GOBP_POSITIVE_REGULATION_OF_PROTEIN_MODIFICATION_PROCESS	2/3	151/2116	0.0132450331125828	9.34216335540839	4.00730087181907	0.014469770532997	0.199696096224134	0.16162097162132	STRADA/STK11	2
panel30	walktrap	83	GOBP_PROTEIN_SUMOYLATION	GOBP_PROTEIN_SUMOYLATION	3/4	19/2116	0.157894736842105	83.5263157894737	15.7220172060352	2.44416519855841e-06	0.000432617240144838	0.000375629598936344	PIAS1/PIAS2/UBE2I	3
panel30	walktrap	83	GOBP_PEPTIDYL_LYSINE_MODIFICATION	GOBP_PEPTIDYL_LYSINE_MODIFICATION	3/4	30/2116	0.1	52.9	12.4568736020242	1.0200562256358e-05	0.000902749759687687	0.00078383267864646	PIAS1/PIAS2/UBE2I	3
panel30	walktrap	83	GOBP_NEGATIVE_REGULATION_OF_NUCLEOBASE_CONTAINING_COMPOUND_METABOLIC_PROCESS	GOBP_NEGATIVE_REGULATION_OF_NUCLEOBASE_CONTAINING_COMPOUND_METABOLIC_PROCESS	4/4	290/2116	0.0137931034482759	7.29655172413793	5.02214921708034	0.000346529099535787	0.0204452168726114	0.0177520170288508	SRSF1/PIAS1/PIAS2/UBE2I	4
panel30	walktrap	83	GOBP_PEPTIDYL_AMINO_ACID_MODIFICATION	GOBP_PEPTIDYL_AMINO_ACID_MODIFICATION	3/4	137/2116	0.0218978102189781	11.5839416058394	5.57343635511105	0.00101288143085879	0.0448200033155014	0.0389159707645745	PIAS1/PIAS2/UBE2I	3
panel30	walktrap	83	GOBP_PROTEIN_MODIFICATION_BY_SMALL_PROTEIN_CONJUGATION	GOBP_PROTEIN_MODIFICATION_BY_SMALL_PROTEIN_CONJUGATION	3/4	171/2116	0.0175438596491228	9.28070175438597	4.91409581294702	0.00195325560726204	0.0691452484970761	0.0600369091916331	PIAS1/PIAS2/UBE2I	3
panel30	walktrap	83	GOBP_POST_TRANSLATIONAL_PROTEIN_MODIFICATION	GOBP_POST_TRANSLATIONAL_PROTEIN_MODIFICATION	3/4	195/2116	0.0153846153846154	8.13846153846154	4.5519394009531	0.00287652956898154	0.0848576222849556	0.0736795293107554	PIAS1/PIAS2/UBE2I	3
panel30	walktrap	83	GOBP_NEGATIVE_REGULATION_OF_RNA_BIOSYNTHETIC_PROCESS	GOBP_NEGATIVE_REGULATION_OF_RNA_BIOSYNTHETIC_PROCESS	3/4	252/2116	0.0119047619047619	6.29761904761905	3.89848857575648	0.00609475705694585	0.154110285582774	0.133809703806631	PIAS1/PIAS2/UBE2I	3
panel30	walktrap	83	GOBP_MACROMOLECULE_CATABOLIC_PROCESS	GOBP_MACROMOLECULE_CATABOLIC_PROCESS	3/4	333/2116	0.00900900900900901	4.76576576576577	3.25715160015024	0.0136595074892434	0.244278135313198	0.212099956917793	SRSF1/PIAS1/UBE2I	3
panel30	walktrap	83	GOBP_MEMBRANE_BIOGENESIS	GOBP_MEMBRANE_BIOGENESIS	1/4	10/2116	0.1	52.9	7.15774791302964	0.0187832346185897	0.244278135313198	0.212099956917793	UBE2I	1
panel30	walktrap	83	GOBP_REGULATION_OF_ANDROGEN_RECEPTOR_SIGNALING_PATHWAY	GOBP_REGULATION_OF_ANDROGEN_RECEPTOR_SIGNALING_PATHWAY	1/4	10/2116	0.1	52.9	7.15774791302964	0.0187832346185897	0.244278135313198	0.212099956917793	PIAS2	1
panel30	walktrap	31	GOBP_CELL_CYCLE_CHECKPOINT_SIGNALING	GOBP_CELL_CYCLE_CHECKPOINT_SIGNALING	13/13	83/2116	0.156626506024096	25.4939759036145	17.8952128679726	2.00464099983488e-19	1.05243652491331e-16	1.63724588206048e-17	ATR/PRKDC/RBBP8/MRE11/BRIP1/RAD50/NBN/BRCA1/TOPBP1/BLM/DNA2/ATM/BARD1	13
panel30	walktrap	31	GOBP_DNA_DOUBLE_STRAND_BREAK_PROCESSING	GOBP_DNA_DOUBLE_STRAND_BREAK_PROCESSING	8/13	10/2116	0.8	130.215384615385	32.1952844765831	5.86281619491076e-18	1.3216921825103e-15	2.05611933065965e-16	RBBP8/MRE11/BRIP1/RAD50/NBN/BLM/DNA2/ATM	8
panel30	walktrap	31	GOBP_MITOTIC_G2_M_TRANSITION_CHECKPOINT	GOBP_MITOTIC_G2_M_TRANSITION_CHECKPOINT	10/13	28/2116	0.357142857142857	58.1318681318681	23.9221064877172	7.55252675720173e-18	1.3216921825103e-15	2.05611933065965e-16	ATR/RBBP8/MRE11/RAD50/NBN/BRCA1/TOPBP1/BLM/ATM/BARD1	10
panel30	walktrap	31	GOBP_NEGATIVE_REGULATION_OF_CELL_CYCLE_PROCESS	GOBP_NEGATIVE_REGULATION_OF_CELL_CYCLE_PROCESS	13/13	117/2116	0.111111111111111	18.0854700854701	14.9458524980983	2.34598281388816e-17	3.07910244322821e-15	4.79007301274822e-16	ATR/PRKDC/RBBP8/MRE11/BRIP1/RAD50/NBN/BRCA1/TOPBP1/BLM/DNA2/ATM/BARD1	13
panel30	walktrap	31	GOBP_DOUBLE_STRAND_BREAK_REPAIR	GOBP_DOUBLE_STRAND_BREAK_REPAIR	12/13	78/2116	0.153846153846154	25.0414201183432	17.0064064682246	3.3628034433007e-17	3.53094361546574e-15	5.49298960779151e-16	ATR/PRKDC/RBBP8/MRE11/BRIP1/RAD50/NBN/BRCA1/TOPBP1/BLM/DNA2/ATM	12
panel30	walktrap	31	GOBP_NEGATIVE_REGULATION_OF_CELL_CYCLE_G2_M_PHASE_TRANSITION	GOBP_NEGATIVE_REGULATION_OF_CELL_CYCLE_G2_M_PHASE_TRANSITION	10/13	33/2116	0.303030303030303	49.3240093240093	21.9929010409135	5.29231570774501e-17	4.63077624427688e-15	7.20396827477109e-16	ATR/RBBP8/MRE11/RAD50/NBN/BRCA1/TOPBP1/BLM/ATM/BARD1	10
panel30	walktrap	31	GOBP_HOMOLOGOUS_RECOMBINATION	GOBP_HOMOLOGOUS_RECOMBINATION	9/13	23/2116	0.391304347826087	63.6923076923077	23.7629736228531	2.4758502721249e-16	1.60686298280873e-14	2.49975151884406e-15	RBBP8/MRE11/BRIP1/RAD50/NBN/BRCA1/TOPBP1/ATM/BARD1	9
panel30	walktrap	31	GOBP_NEGATIVE_REGULATION_OF_CELL_CYCLE	GOBP_NEGATIVE_REGULATION_OF_CELL_CYCLE	13/13	140/2116	0.0928571428571429	15.1142857142857	13.5842816658	2.71954859071718e-16	1.60686298280873e-14	2.49975151884406e-15	ATR/PRKDC/RBBP8/MRE11/BRIP1/RAD50/NBN/BRCA1/TOPBP1/BLM/DNA2/ATM/BARD1	13
panel30	walktrap	31	GOBP_MITOTIC_CELL_CYCLE_CHECKPOINT_SIGNALING	GOBP_MITOTIC_CELL_CYCLE_CHECKPOINT_SIGNALING	11/13	60/2116	0.183333333333333	29.8410256410256	17.8148428779527	2.75462225624353e-16	1.60686298280873e-14	2.49975151884406e-15	ATR/PRKDC/RBBP8/MRE11/RAD50/NBN/BRCA1/TOPBP1/BLM/ATM/BARD1	11
panel30	walktrap	31	GOBP_DNA_INTEGRITY_CHECKPOINT_SIGNALING	GOBP_DNA_INTEGRITY_CHECKPOINT_SIGNALING	11/13	61/2116	0.180327868852459	29.3518284993695	17.6623018747835	3.35764888211751e-16	1.76276566311169e-14	2.74228493087026e-15	ATR/PRKDC/MRE11/BRIP1/NBN/BRCA1/TOPBP1/BLM/DNA2/ATM/BARD1	11
panel30	walktrap	65	GOBP_ANTIGEN_PROCESSING_AND_PRESENTATION_OF_ENDOGENOUS_PEPTIDE_ANTIGEN	GOBP_ANTIGEN_PROCESSING_AND_PRESENTATION_OF_ENDOGENOUS_PEPTIDE_ANTIGEN	10/15	14/2116	0.714285714285714	100.761904761905	31.6373561673791	6.13888905516515e-21	2.32050006285243e-18	1.21833803007358e-18	HLA-E/HLA-F/TAP1/TAP2/B2M/TAPBP/HLA-C/HLA-A/HLA-G/HLA-B	10
panel30	walktrap	65	GOBP_ANTIGEN_PROCESSING_AND_PRESENTATION_OF_ENDOGENOUS_ANTIGEN	GOBP_ANTIGEN_PROCESSING_AND_PRESENTATION_OF_ENDOGENOUS_ANTIGEN	10/15	16/2116	0.625	88.1666666666667	29.5657276242105	4.88989468561201e-20	9.2419009558067e-18	4.85229868547895e-18	HLA-E/HLA-F/TAP1/TAP2/B2M/TAPBP/HLA-C/HLA-A/HLA-G/HLA-B	10
panel30	walktrap	65	GOBP_ANTIGEN_PROCESSING_AND_PRESENTATION_OF_PEPTIDE_ANTIGEN_VIA_MHC_CLASS_I	GOBP_ANTIGEN_PROCESSING_AND_PRESENTATION_OF_PEPTIDE_ANTIGEN_VIA_MHC_CLASS_I	10/15	19/2116	0.526315789473684	74.2456140350877	27.0923700277397	5.60429057682804e-19	7.06140612680334e-17	3.70746795822267e-17	HLA-E/HLA-F/TAP1/TAP2/B2M/TAPBP/HLA-C/HLA-A/HLA-G/HLA-B	10
panel30	walktrap	65	GOBP_REGULATION_OF_T_CELL_MEDIATED_CYTOTOXICITY	GOBP_REGULATION_OF_T_CELL_MEDIATED_CYTOTOXICITY	10/15	21/2116	0.476190476190476	67.1746031746032	25.745229557437	2.13055643924147e-18	2.01337583508319e-16	1.05708781826006e-16	HLA-E/KLRC1/HLA-F/TAP2/B2M/HLA-C/HLA-A/KLRD1/HLA-G/HLA-B	10
panel30	walktrap	65	GOBP_T_CELL_MEDIATED_CYTOTOXICITY	GOBP_T_CELL_MEDIATED_CYTOTOXICITY	10/15	25/2116	0.4	56.4266666666667	23.5504677981365	1.95739177381246e-17	1.47978818100222e-15	7.76936939683706e-16	HLA-E/KLRC1/HLA-F/TAP2/B2M/HLA-C/HLA-A/KLRD1/HLA-G/HLA-B	10
panel30	walktrap	65	GOBP_POSITIVE_REGULATION_OF_CELL_KILLING	GOBP_POSITIVE_REGULATION_OF_CELL_KILLING	10/15	27/2116	0.37037037037037	52.2469135802469	22.6395695755426	5.02987288901811e-17	3.16881992008141e-15	1.6637335550615e-15	HLA-E/KLRC1/HLA-F/TAP2/B2M/HLA-C/HLA-A/KLRD1/HLA-G/HLA-B	10
panel30	walktrap	65	GOBP_T_CELL_MEDIATED_IMMUNITY	GOBP_T_CELL_MEDIATED_IMMUNITY	11/15	48/2116	0.229166666666667	32.3277777777778	18.5465327238362	3.10962093504068e-16	1.67919530492197e-14	8.81632167418536e-15	HLA-E/KLRC1/HLA-F/TAP2/B2M/HLA-C/CD8A/HLA-A/KLRD1/HLA-G/HLA-B	11
panel30	walktrap	65	GOBP_ANTIGEN_PROCESSING_AND_PRESENTATION	GOBP_ANTIGEN_PROCESSING_AND_PRESENTATION	11/15	51/2116	0.215686274509804	30.4261437908497	17.9699224151516	6.51968552756358e-16	3.08055141177379e-14	1.61738971639905e-14	HLA-E/HLA-F/TAP1/TAP2/B2M/TAPBP/HLA-C/CD8A/HLA-A/HLA-G/HLA-B	11
panel30	walktrap	65	GOBP_REGULATION_OF_NATURAL_KILLER_CELL_MEDIATED_IMMUNITY	GOBP_REGULATION_OF_NATURAL_KILLER_CELL_MEDIATED_IMMUNITY	9/15	22/2116	0.409090909090909	57.7090909090909	22.5872561080353	1.0450196769678e-15	4.38908264326475e-14	2.30441118577353e-14	HLA-E/KLRC1/HLA-F/B2M/HLA-C/HLA-A/KLRD1/HLA-G/HLA-B	9
panel30	walktrap	65	GOBP_ADAPTIVE_IMMUNE_RESPONSE	GOBP_ADAPTIVE_IMMUNE_RESPONSE	14/15	162/2116	0.0864197530864198	12.1909465020576	12.5213119755931	1.95096500452829e-15	7.37464771711692e-14	3.87192998439933e-14	HLA-E/KLRC1/IL27RA/CD8B/HLA-F/TAP1/TAP2/B2M/HLA-C/CD8A/HLA-A/KLRD1/HLA-G/HLA-B	14
panel30	walktrap	77	GOBP_CELL_SURFACE_TOLL_LIKE_RECEPTOR_SIGNALING_PATHWAY	GOBP_CELL_SURFACE_TOLL_LIKE_RECEPTOR_SIGNALING_PATHWAY	5/5	36/2116	0.138888888888889	58.7777777777778	17.0128271054614	1.07149204576197e-09	1.40616588943044e-07	9.25924211913387e-08	LY96/TLR2/TLR1/TLR6/CD14	5
panel30	walktrap	77	GOBP_CELL_SURFACE_PATTERN_RECOGNITION_RECEPTOR_SIGNALING_PATHWAY	GOBP_CELL_SURFACE_PATTERN_RECOGNITION_RECEPTOR_SIGNALING_PATHWAY	5/5	37/2116	0.135135135135135	57.1891891891892	16.7773148208709	1.23891267791228e-09	1.40616588943044e-07	9.25924211913387e-08	LY96/TLR2/TLR1/TLR6/CD14	5
panel30	walktrap	77	GOBP_DETECTION_OF_EXTERNAL_BIOTIC_STIMULUS	GOBP_DETECTION_OF_EXTERNAL_BIOTIC_STIMULUS	4/5	12/2116	0.333333333333333	141.066666666667	23.6754705848137	2.96236036181251e-09	2.24151934043813e-07	1.47598305746448e-07	LY96/TLR2/TLR1/TLR6	4
panel30	walktrap	77	GOBP_INNATE_IMMUNE_RESPONSE_ACTIVATING_CELL_SURFACE_RECEPTOR_SIGNALING_PATHWAY	GOBP_INNATE_IMMUNE_RESPONSE_ACTIVATING_CELL_SURFACE_RECEPTOR_SIGNALING_PATHWAY	5/5	48/2116	0.104166666666667	44.0833333333333	14.6909783896284	4.86673488012054e-09	2.76187204446841e-07	1.81862198151873e-07	LY96/TLR2/TLR1/TLR6/CD14	5
panel30	walktrap	77	GOBP_DETECTION_OF_CHEMICAL_STIMULUS	GOBP_DETECTION_OF_CHEMICAL_STIMULUS	4/5	16/2116	0.25	105.8	20.4742356711533	1.08753577692846e-08	4.93741242725521e-07	3.25115958576508e-07	LY96/TLR2/TLR1/TLR6	4
panel30	walktrap	77	GOBP_DETECTION_OF_BIOTIC_STIMULUS	GOBP_DETECTION_OF_BIOTIC_STIMULUS	4/5	17/2116	0.235294117647059	99.5764705882353	19.8558085853416	1.42162101223065e-08	5.3784661629393e-07	3.54158217082022e-07	LY96/TLR2/TLR1/TLR6	4
panel30	walktrap	77	GOBP_TUMOR_NECROSIS_FACTOR_SUPERFAMILY_CYTOKINE_PRODUCTION	GOBP_TUMOR_NECROSIS_FACTOR_SUPERFAMILY_CYTOKINE_PRODUCTION	5/5	80/2116	0.0625	26.45	11.29119648016	6.83268767612852e-08	2.21574300354454e-06	1.45901000001541e-06	LY96/TLR2/TLR1/TLR6/CD14	5
panel30	walktrap	77	GOBP_CELLULAR_RESPONSE_TO_MOLECULE_OF_BACTERIAL_ORIGIN	GOBP_CELLULAR_RESPONSE_TO_MOLECULE_OF_BACTERIAL_ORIGIN	5/5	86/2116	0.0581395348837209	24.6046511627907	10.8741386139418	9.89838128562518e-08	2.80866568979615e-06	1.84943439810365e-06	LY96/TLR2/TLR1/TLR6/CD14	5
panel30	walktrap	77	GOBP_CELLULAR_RESPONSE_TO_BIOTIC_STIMULUS	GOBP_CELLULAR_RESPONSE_TO_BIOTIC_STIMULUS	5/5	100/2116	0.05	21.16	10.0494278208409	2.13983264433052e-07	5.39713344736698e-06	3.55387409935595e-06	LY96/TLR2/TLR1/TLR6/CD14	5
panel30	walktrap	77	GOBP_ACTIVATION_OF_INNATE_IMMUNE_RESPONSE	GOBP_ACTIVATION_OF_INNATE_IMMUNE_RESPONSE	5/5	118/2116	0.0423728813559322	17.9322033898305	9.20985535935014	4.97283581922608e-07	1.04660857115732e-05	6.89164929767396e-06	LY96/TLR2/TLR1/TLR6/CD14	5
panel30	walktrap	207	GOBP_BASEMENT_MEMBRANE_ORGANIZATION	GOBP_BASEMENT_MEMBRANE_ORGANIZATION	2/2	22/2116	0.0909090909090909	96.1818181818182	13.8004958384639	0.000103232380109668	0.00168925712906729	0.00053344961970546	COL8A2/COL8A1	2
panel30	walktrap	207	GOBP_EXTRACELLULAR_MATRIX_ASSEMBLY	GOBP_EXTRACELLULAR_MATRIX_ASSEMBLY	2/2	26/2116	0.0769230769230769	81.3846153846154	12.6824792744663	0.000145240361626156	0.00168925712906729	0.00053344961970546	COL8A2/COL8A1	2
panel30	walktrap	207	GOBP_CAMERA_TYPE_EYE_MORPHOGENESIS	GOBP_CAMERA_TYPE_EYE_MORPHOGENESIS	2/2	28/2116	0.0714285714285714	75.5714285714286	12.2152939881606	0.000168925712906729	0.00168925712906729	0.00053344961970546	COL8A2/COL8A1	2
panel30	walktrap	207	GOBP_EYE_MORPHOGENESIS	GOBP_EYE_MORPHOGENESIS	2/2	43/2116	0.0465116279069768	49.2093023255814	9.82161973447905	0.000403544758610519	0.00302658568957889	0.000955763901972281	COL8A2/COL8A1	2
panel30	walktrap	207	GOBP_SENSORY_ORGAN_MORPHOGENESIS	GOBP_SENSORY_ORGAN_MORPHOGENESIS	2/2	69/2116	0.0289855072463768	30.6666666666667	7.70463498091991	0.00104841196423065	0.00629047178538391	0.00198646477433176	COL8A2/COL8A1	2
panel30	walktrap	207	GOBP_SENSORY_SYSTEM_DEVELOPMENT	GOBP_SENSORY_SYSTEM_DEVELOPMENT	2/2	107/2116	0.0186915887850467	19.7757009345794	6.12936905951767	0.00253433258702133	0.0126716629351066	0.00400157776898104	COL8A2/COL8A1	2
panel30	walktrap	207	GOBP_SENSORY_ORGAN_DEVELOPMENT	GOBP_SENSORY_ORGAN_DEVELOPMENT	2/2	149/2116	0.0134228187919463	14.2013422818792	5.13956943797179	0.00492744685319998	0.0189482810244585	0.00598366769193425	COL8A2/COL8A1	2
panel30	walktrap	207	GOBP_EXTERNAL_ENCAPSULATING_STRUCTURE_ORGANIZATION	GOBP_EXTERNAL_ENCAPSULATING_STRUCTURE_ORGANIZATION	2/2	156/2116	0.0128205128205128	13.5641025641026	5.01398959875099	0.00540294145249299	0.0189482810244585	0.00598366769193425	COL8A2/COL8A1	2
panel30	walktrap	207	GOBP_EPITHELIAL_CELL_PROLIFERATION	GOBP_EPITHELIAL_CELL_PROLIFERATION	2/2	160/2116	0.0125	13.225	4.94586349914033	0.00568448430733754	0.0189482810244585	0.00598366769193425	COL8A2/COL8A1	2
panel30	walktrap	207	GOBP_BLOOD_VESSEL_MORPHOGENESIS	GOBP_BLOOD_VESSEL_MORPHOGENESIS	2/2	226/2116	0.00884955752212389	9.36283185840708	4.09066933066913	0.0113622652133693	0.0340867956401078	0.0107642512547709	COL8A2/COL8A1	2
panel30	walktrap	156	GOBP_CANONICAL_WNT_SIGNALING_PATHWAY	GOBP_CANONICAL_WNT_SIGNALING_PATHWAY	4/4	140/2116	0.0285714285714286	15.1142857142857	7.51913144334754	1.84039893973035e-05	0.00714074788615377	0.0051724896516632	FZD5/WNT10B/LRP5/LRP6	4
panel30	walktrap	156	GOBP_WNT_SIGNALING_PATHWAY	GOBP_WNT_SIGNALING_PATHWAY	4/4	185/2116	0.0216216216216216	11.4378378378378	6.46611608681419	5.67128554225996e-05	0.0110022939519843	0.007969648630439	FZD5/WNT10B/LRP5/LRP6	4
panel30	walktrap	156	GOBP_APOPTOTIC_PROCESS_INVOLVED_IN_MORPHOGENESIS	GOBP_APOPTOTIC_PROCESS_INVOLVED_IN_MORPHOGENESIS	2/4	16/2116	0.125	66.125	11.3772238977762	0.000318928640977244	0.0280309515679279	0.0203045688242994	FZD5/LRP5	2
panel30	walktrap	156	GOBP_POSITIVE_REGULATION_OF_TRANSCRIPTION_BY_RNA_POLYMERASE_II	GOBP_POSITIVE_REGULATION_OF_TRANSCRIPTION_BY_RNA_POLYMERASE_II	4/4	286/2116	0.013986013986014	7.3986013986014	5.06268320993625	0.000327706573940171	0.0280309515679279	0.0203045688242994	FZD5/WNT10B/LRP5/LRP6	4
panel30	walktrap	156	GOBP_APOPTOTIC_PROCESS_INVOLVED_IN_DEVELOPMENT	GOBP_APOPTOTIC_PROCESS_INVOLVED_IN_DEVELOPMENT	2/4	17/2116	0.117647058823529	62.2352941176471	11.0295621981879	0.000361223602679484	0.0280309515679279	0.0203045688242994	FZD5/LRP5	2
panel30	walktrap	156	GOBP_POSITIVE_REGULATION_OF_CELL_CYCLE	GOBP_POSITIVE_REGULATION_OF_CELL_CYCLE	3/4	113/2116	0.0265486725663717	14.0442477876106	6.20091833386087	0.000570757878467964	0.0369090094742617	0.0267355006229731	WNT10B/LRP5/LRP6	3
panel30	walktrap	156	GOBP_CAMERA_TYPE_EYE_MORPHOGENESIS	GOBP_CAMERA_TYPE_EYE_MORPHOGENESIS	2/4	28/2116	0.0714285714285714	37.7857142857143	8.52572237390709	0.00099700713753715	0.0552626813377735	0.0400302113868299	FZD5/LRP5	2
panel30	walktrap	156	GOBP_POSITIVE_REGULATION_OF_RNA_METABOLIC_PROCESS	GOBP_POSITIVE_REGULATION_OF_RNA_METABOLIC_PROCESS	4/4	392/2116	0.0102040816326531	5.39795918367347	4.1972401812556	0.00116317890578979	0.0560239025236788	0.0405816114319649	FZD5/WNT10B/LRP5/LRP6	4
panel30	walktrap	156	GOBP_SENSORY_ORGAN_DEVELOPMENT	GOBP_SENSORY_ORGAN_DEVELOPMENT	3/4	149/2116	0.0201342281879195	10.6510067114094	5.31620594130927	0.00129952351214719	0.0560239025236788	0.0405816114319649	FZD5/WNT10B/LRP5	3
panel30	walktrap	156	GOBP_POSITIVE_REGULATION_OF_OSTEOBLAST_DIFFERENTIATION	GOBP_POSITIVE_REGULATION_OF_OSTEOBLAST_DIFFERENTIATION	2/4	42/2116	0.0476190476190476	25.1904761904762	6.88974124032259	0.00225081042024604	0.0832119120718709	0.0602755847075136	WNT10B/LRP5	2
panel30	walktrap	174	GOBP_NUCLEAR_ENVELOPE_ORGANIZATION	GOBP_NUCLEAR_ENVELOPE_ORGANIZATION	3/3	12/2116	0.25	176.333333333333	22.9455414040844	1.39522070698294e-07	1.36731629284328e-05	9.54624694251486e-06	LMNB1/LMNB2/LMNA	3
panel30	walktrap	174	GOBP_PROTEIN_CONTAINING_COMPLEX_LOCALIZATION	GOBP_PROTEIN_CONTAINING_COMPLEX_LOCALIZATION	3/3	24/2116	0.125	88.1666666666667	16.1786129003996	1.28360305042431e-06	4.54477290518931e-05	3.17304230759726e-05	LMNB1/LMNB2/LMNA	3
panel30	walktrap	174	GOBP_NEGATIVE_REGULATION_OF_GENE_EXPRESSION_EPIGENETIC	GOBP_NEGATIVE_REGULATION_OF_GENE_EXPRESSION_EPIGENETIC	3/3	26/2116	0.115384615384615	81.3846153846154	15.5364765459252	1.64889719916165e-06	4.54477290518931e-05	3.17304230759726e-05	LMNB1/LMNB2/LMNA	3
panel30	walktrap	174	GOBP_HETEROCHROMATIN_ORGANIZATION	GOBP_HETEROCHROMATIN_ORGANIZATION	3/3	27/2116	0.111111111111111	78.3703703703704	15.2424016898883	1.85500934905686e-06	4.54477290518931e-05	3.17304230759726e-05	LMNB1/LMNB2/LMNA	3
panel30	walktrap	174	GOBP_NUCLEUS_ORGANIZATION	GOBP_NUCLEUS_ORGANIZATION	3/3	34/2116	0.0882352941176471	62.2352941176471	13.5602272815169	3.79500032299359e-06	7.43820063306743e-05	5.19315833672807e-05	LMNB1/LMNB2/LMNA	3
panel30	walktrap	174	GOBP_EPIGENETIC_REGULATION_OF_GENE_EXPRESSION	GOBP_EPIGENETIC_REGULATION_OF_GENE_EXPRESSION	3/3	40/2116	0.075	52.9	12.4838845477978	6.26580935681429e-06	0.000102341552827967	7.14522119636717e-05	LMNB1/LMNB2/LMNA	3
panel30	walktrap	174	GOBP_ESTABLISHMENT_OF_ORGANELLE_LOCALIZATION	GOBP_ESTABLISHMENT_OF_ORGANELLE_LOCALIZATION	3/3	63/2116	0.0476190476190476	33.5873015873016	9.8921402390941	2.51843679522725e-05	0.000352581151331815	0.000246162995022212	LMNB1/LMNB2/LMNA	3
panel30	walktrap	174	GOBP_ENDOMEMBRANE_SYSTEM_ORGANIZATION	GOBP_ENDOMEMBRANE_SYSTEM_ORGANIZATION	3/3	75/2116	0.04	28.2133333333333	9.03976072791664	4.28237628359195e-05	0.000524591094740014	0.000366255866359838	LMNB1/LMNB2/LMNA	3
panel30	walktrap	174	GOBP_CHROMATIN_REMODELING	GOBP_CHROMATIN_REMODELING	3/3	82/2116	0.0365853658536585	25.8048780487805	8.63047328945281	5.61639753683677e-05	0.000611563287344449	0.000426977590519755	LMNB1/LMNB2/LMNA	3
panel30	walktrap	174	GOBP_ORGANELLE_LOCALIZATION	GOBP_ORGANELLE_LOCALIZATION	3/3	103/2116	0.029126213592233	20.5436893203884	7.66071560165984	0.000112157353295745	0.00105916162089422	0.000739479112332162	LMNB1/LMNB2/LMNA	3
panel30	walktrap	169	GOBP_MONOCARBOXYLIC_ACID_CATABOLIC_PROCESS	GOBP_MONOCARBOXYLIC_ACID_CATABOLIC_PROCESS	3/3	11/2116	0.272727272727273	192.363636363636	23.9715310003027	1.0464155302372e-07	6.80170094654182e-06	2.97402308593731e-06	LPIN1/LPIN2/LPIN3	3
panel30	walktrap	169	GOBP_ORGANIC_ACID_CATABOLIC_PROCESS	GOBP_ORGANIC_ACID_CATABOLIC_PROCESS	3/3	14/2116	0.214285714285714	151.142857142857	21.2333443378727	2.30845607882632e-07	7.50248225618555e-06	3.28043758570056e-06	LPIN1/LPIN2/LPIN3	3
panel30	walktrap	169	GOBP_TRIGLYCERIDE_METABOLIC_PROCESS	GOBP_TRIGLYCERIDE_METABOLIC_PROCESS	3/3	17/2116	0.176470588235294	124.470588235294	19.2551906616732	4.31250036703818e-07	9.34375079524939e-06	4.08552666350986e-06	LPIN1/LPIN2/LPIN3	3
panel30	walktrap	169	GOBP_NEUTRAL_LIPID_METABOLIC_PROCESS	GOBP_NEUTRAL_LIPID_METABOLIC_PROCESS	3/3	20/2116	0.15	105.8	17.7397177646684	7.22978002709343e-07	1.17483925440268e-05	5.13694896661901e-06	LPIN1/LPIN2/LPIN3	3
panel30	walktrap	169	GOBP_SMALL_MOLECULE_CATABOLIC_PROCESS	GOBP_SMALL_MOLECULE_CATABOLIC_PROCESS	3/3	29/2116	0.103448275862069	72.9655172413793	14.7003708272725	2.31733475605257e-06	3.01253518286834e-05	1.31722186133515e-05	LPIN1/LPIN2/LPIN3	3
panel30	walktrap	169	GOBP_LIPID_CATABOLIC_PROCESS	GOBP_LIPID_CATABOLIC_PROCESS	3/3	36/2116	0.0833333333333333	58.7777777777778	13.1718410659172	4.52812538539008e-06	4.90546916750592e-05	2.14490149834267e-05	LPIN1/LPIN2/LPIN3	3
panel30	walktrap	169	GOBP_GLYCEROLIPID_BIOSYNTHETIC_PROCESS	GOBP_GLYCEROLIPID_BIOSYNTHETIC_PROCESS	3/3	38/2116	0.0789473684210526	55.6842105263158	12.8143634616528	5.35003722004911e-06	4.96789170433132e-05	2.17219556302746e-05	LPIN1/LPIN2/LPIN3	3
panel30	walktrap	169	GOBP_FATTY_ACID_METABOLIC_PROCESS	GOBP_FATTY_ACID_METABOLIC_PROCESS	3/3	44/2116	0.0681818181818182	48.0909090909091	11.8914441911472	8.3992286560373e-06	6.82437328303031e-05	2.98393649622378e-05	LPIN1/LPIN2/LPIN3	3
panel30	walktrap	169	GOBP_GLYCEROLIPID_METABOLIC_PROCESS	GOBP_GLYCEROLIPID_METABOLIC_PROCESS	3/3	57/2116	0.0526315789473684	37.1228070175439	10.4149409070189	1.85564354028731e-05	0.000134018700131861	5.85992696932834e-05	LPIN1/LPIN2/LPIN3	3
panel30	walktrap	169	GOBP_LIPID_BIOSYNTHETIC_PROCESS	GOBP_LIPID_BIOSYNTHETIC_PROCESS	3/3	81/2116	0.037037037037037	26.1234567901235	8.68571874106591	5.41091957817201e-05	0.000315629840742025	0.000138008189474246	LPIN1/LPIN2/LPIN3	3
panel30	walktrap	205	GOBP_MITOTIC_G2_DNA_DAMAGE_CHECKPOINT_SIGNALING	GOBP_MITOTIC_G2_DNA_DAMAGE_CHECKPOINT_SIGNALING	2/2	19/2116	0.105263157894737	111.368421052632	14.8607287431027	7.64187748863773e-05	0.00478622853235732	0.0020251328155485	TAOK1/TAOK3	2
panel30	walktrap	205	GOBP_REGULATION_OF_STRESS_ACTIVATED_PROTEIN_KINASE_SIGNALING_CASCADE	GOBP_REGULATION_OF_STRESS_ACTIVATED_PROTEIN_KINASE_SIGNALING_CASCADE	2/2	24/2116	0.0833333333333333	88.1666666666667	13.2066573905874	0.000123342584027135	0.00478622853235732	0.0020251328155485	TAOK1/TAOK3	2
panel30	walktrap	205	GOBP_MITOTIC_G2_M_TRANSITION_CHECKPOINT	GOBP_MITOTIC_G2_M_TRANSITION_CHECKPOINT	2/2	28/2116	0.0714285714285714	75.5714285714286	12.2152939881606	0.000168925712906729	0.00478622853235732	0.0020251328155485	TAOK1/TAOK3	2
panel30	walktrap	205	GOBP_NEGATIVE_REGULATION_OF_CELL_CYCLE_G2_M_PHASE_TRANSITION	GOBP_NEGATIVE_REGULATION_OF_CELL_CYCLE_G2_M_PHASE_TRANSITION	2/2	33/2116	0.0606060606060606	64.1212121212121	11.2384225568824	0.000235959725964955	0.00478622853235732	0.0020251328155485	TAOK1/TAOK3	2
panel30	walktrap	205	GOBP_STRESS_ACTIVATED_PROTEIN_KINASE_SIGNALING_CASCADE	GOBP_STRESS_ACTIVATED_PROTEIN_KINASE_SIGNALING_CASCADE	2/2	35/2116	0.0571428571428571	60.4571428571429	10.9073615764306	0.000265901585130962	0.00478622853235732	0.0020251328155485	TAOK1/TAOK3	2
panel30	walktrap	205	GOBP_MITOTIC_DNA_INTEGRITY_CHECKPOINT_SIGNALING	GOBP_MITOTIC_DNA_INTEGRITY_CHECKPOINT_SIGNALING	2/2	36/2116	0.0555555555555556	58.7777777777778	10.7522191940535	0.000281542854844548	0.00478622853235732	0.0020251328155485	TAOK1/TAOK3	2
panel30	walktrap	205	GOBP_REGULATION_OF_CELL_CYCLE_G2_M_PHASE_TRANSITION	GOBP_REGULATION_OF_CELL_CYCLE_G2_M_PHASE_TRANSITION	2/2	49/2116	0.0408163265306122	43.1836734693878	9.18734215139336	0.00052554666237649	0.00765796565177171	0.00324021250487761	TAOK1/TAOK3	2
panel30	walktrap	205	GOBP_POSITIVE_REGULATION_OF_JNK_CASCADE	GOBP_POSITIVE_REGULATION_OF_JNK_CASCADE	2/2	56/2116	0.0357142857142857	37.7857142857143	8.57940735550533	0.000688215867397784	0.00834171258496561	0.00352951719281311	TAOK1/TAOK3	2
panel30	walktrap	205	GOBP_MITOTIC_CELL_CYCLE_CHECKPOINT_SIGNALING	GOBP_MITOTIC_CELL_CYCLE_CHECKPOINT_SIGNALING	2/2	60/2116	0.0333333333333333	35.2666666666667	8.28044395722029	0.000791001354087063	0.00834171258496561	0.00352951719281311	TAOK1/TAOK3	2
panel30	walktrap	205	GOBP_DNA_INTEGRITY_CHECKPOINT_SIGNALING	GOBP_DNA_INTEGRITY_CHECKPOINT_SIGNALING	2/2	61/2116	0.0327868852459016	34.6885245901639	8.21029360075466	0.000817814959310354	0.00834171258496561	0.00352951719281311	TAOK1/TAOK3	2
panel30	walktrap	103	GOBP_GLOMERULAR_MESANGIAL_CELL_PROLIFERATION	GOBP_GLOMERULAR_MESANGIAL_CELL_PROLIFERATION	2/2	10/2116	0.2	211.6	20.5280111832823	2.01102039174678e-05	0.0018099183525721	0.000571553163970135	PDGFRB/PDGFB	2
panel30	walktrap	103	GOBP_POSITIVE_REGULATION_OF_CALCIUM_ION_IMPORT	GOBP_POSITIVE_REGULATION_OF_CALCIUM_ION_IMPORT	2/2	10/2116	0.2	211.6	20.5280111832823	2.01102039174678e-05	0.0018099183525721	0.000571553163970135	PDGFRB/PDGFB	2
panel30	walktrap	103	GOBP_GLOMERULAR_MESANGIUM_DEVELOPMENT	GOBP_GLOMERULAR_MESANGIUM_DEVELOPMENT	2/2	12/2116	0.166666666666667	176.333333333333	18.7305244170713	2.94949657456193e-05	0.0018099183525721	0.000571553163970135	PDGFRB/PDGFB	2
panel30	walktrap	103	GOBP_CELL_PROLIFERATION_INVOLVED_IN_KIDNEY_DEVELOPMENT	GOBP_CELL_PROLIFERATION_INVOLVED_IN_KIDNEY_DEVELOPMENT	2/2	14/2116	0.142857142857143	151.142857142857	17.3328520592595	4.06673012553236e-05	0.0018099183525721	0.000571553163970135	PDGFRB/PDGFB	2
panel30	walktrap	103	GOBP_METANEPHRIC_NEPHRON_DEVELOPMENT	GOBP_METANEPHRIC_NEPHRON_DEVELOPMENT	2/2	14/2116	0.142857142857143	151.142857142857	17.3328520592595	4.06673012553236e-05	0.0018099183525721	0.000571553163970135	PDGFRB/PDGFB	2
panel30	walktrap	103	GOBP_RESPONSE_TO_PLATELET_DERIVED_GROWTH_FACTOR	GOBP_RESPONSE_TO_PLATELET_DERIVED_GROWTH_FACTOR	2/2	14/2116	0.142857142857143	151.142857142857	17.3328520592595	4.06673012553236e-05	0.0018099183525721	0.000571553163970135	PDGFRB/PDGFB	2
panel30	walktrap	103	GOBP_REGULATION_OF_CALCIUM_ION_IMPORT	GOBP_REGULATION_OF_CALCIUM_ION_IMPORT	2/2	15/2116	0.133333333333333	141.066666666667	16.7411423366521	4.6923809140758e-05	0.0018099183525721	0.000571553163970135	PDGFRB/PDGFB	2
panel30	walktrap	103	GOBP_POSITIVE_REGULATION_OF_DNA_BIOSYNTHETIC_PROCESS	GOBP_POSITIVE_REGULATION_OF_DNA_BIOSYNTHETIC_PROCESS	2/2	17/2116	0.117647058823529	124.470588235294	15.7180784054037	6.07775051727913e-05	0.00182332515518374	0.000575786891110654	PDGFRB/PDGFB	2
panel30	walktrap	103	GOBP_POSITIVE_REGULATION_OF_SMOOTH_MUSCLE_CELL_MIGRATION	GOBP_POSITIVE_REGULATION_OF_SMOOTH_MUSCLE_CELL_MIGRATION	2/2	17/2116	0.117647058823529	124.470588235294	15.7180784054037	6.07775051727913e-05	0.00182332515518374	0.000575786891110654	PDGFRB/PDGFB	2
panel30	walktrap	103	GOBP_PLATELET_DERIVED_GROWTH_FACTOR_RECEPTOR_SIGNALING_PATHWAY	GOBP_PLATELET_DERIVED_GROWTH_FACTOR_RECEPTOR_SIGNALING_PATHWAY	2/2	19/2116	0.105263157894737	111.368421052632	14.8607287431027	7.64187748863773e-05	0.00206330692193219	0.000651570606925954	PDGFRB/PDGFB	2
panel30	walktrap	109	GOBP_G_PROTEIN_COUPLED_RECEPTOR_SIGNALING_PATHWAY	GOBP_G_PROTEIN_COUPLED_RECEPTOR_SIGNALING_PATHWAY	2/2	129/2116	0.0155038759689922	16.4031007751938	5.55164606404025	0.00368955207872474	0.0664119374170454	0.0427211293326023	GNB5/GNG7	2
panel30	walktrap	109	GOBP_FEAR_RESPONSE	GOBP_FEAR_RESPONSE	1/2	10/2116	0.1	105.8	10.2152686230199	0.00943168563729213	0.0735148614406946	0.0472902617454761	GNG7	1
panel30	walktrap	109	GOBP_RESPONSE_TO_MONOAMINE	GOBP_RESPONSE_TO_MONOAMINE	1/2	13/2116	0.0769230769230769	81.3846153846154	8.94010604187068	0.0122524769067824	0.0735148614406946	0.0472902617454761	GNB5	1
panel30	walktrap	109	GOBP_REGULATION_OF_G_PROTEIN_COUPLED_RECEPTOR_SIGNALING_PATHWAY	GOBP_REGULATION_OF_G_PROTEIN_COUPLED_RECEPTOR_SIGNALING_PATHWAY	1/2	21/2116	0.0476190476190476	50.3809523809524	6.9935033551852	0.0197549236482589	0.0744865864939861	0.0479153480370671	GNG7	1
panel30	walktrap	109	GOBP_MULTICELLULAR_ORGANISMAL_RESPONSE_TO_STRESS	GOBP_MULTICELLULAR_ORGANISMAL_RESPONSE_TO_STRESS	1/2	22/2116	0.0454545454545455	48.0909090909091	6.82775247786468	0.0206907184705517	0.0744865864939861	0.0479153480370671	GNG7	1
panel30	walktrap	109	GOBP_LOCOMOTORY_BEHAVIOR	GOBP_LOCOMOTORY_BEHAVIOR	1/2	32/2116	0.03125	33.0625	5.62006329163695	0.0300240875553589	0.0900722626660767	0.0579412215980611	GNG7	1
panel30	walktrap	109	GOBP_CELLULAR_RESPONSE_TO_LIGHT_STIMULUS	GOBP_CELLULAR_RESPONSE_TO_LIGHT_STIMULUS	1/2	41/2116	0.024390243902439	25.8048780487805	4.93216578637829	0.0383859103442418	0.0987066265994788	0.0634954907949864	GNB5	1
panel30	walktrap	109	GOBP_CELLULAR_RESPONSE_TO_RADIATION	GOBP_CELLULAR_RESPONSE_TO_RADIATION	1/2	72/2116	0.0138888888888889	14.6944444444444	3.63569893683955	0.0669106704741985	0.150549008566947	0.0968443914758137	GNB5	1
panel30	walktrap	109	GOBP_RESPONSE_TO_LIGHT_STIMULUS	GOBP_RESPONSE_TO_LIGHT_STIMULUS	1/2	93/2116	0.010752688172043	11.3763440860215	3.14706410787931	0.0859898912708306	0.171979782541661	0.110630269471244	GNB5	1
panel30	walktrap	109	GOBP_BEHAVIOR	GOBP_BEHAVIOR	1/2	114/2116	0.0087719298245614	9.28070175438596	2.7951506775046	0.104872032069072	0.188769657724329	0.121430773974715	GNG7	1
panel30	walktrap	112	GOBP_EXTERNAL_ENCAPSULATING_STRUCTURE_ORGANIZATION	GOBP_EXTERNAL_ENCAPSULATING_STRUCTURE_ORGANIZATION	2/2	156/2116	0.0128205128205128	13.5641025641026	5.01398959875099	0.00540294145249299	0.0861363605893619	0.0579692504397777	FBLN5/LOXL1	2
panel30	walktrap	112	GOBP_ELASTIC_FIBER_ASSEMBLY	GOBP_ELASTIC_FIBER_ASSEMBLY	1/2	10/2116	0.1	105.8	10.2152686230199	0.00943168563729213	0.0861363605893619	0.0579692504397777	FBLN5	1
panel30	walktrap	112	GOBP_CELLULAR_RESPONSE_TO_OXYGEN_RADICAL	GOBP_CELLULAR_RESPONSE_TO_OXYGEN_RADICAL	1/2	11/2116	0.0909090909090909	96.1818181818182	9.73289372375186	0.0103723962872094	0.0861363605893619	0.0579692504397777	FBLN5	1
panel30	walktrap	112	GOBP_REGULATION_OF_RESPONSE_TO_OXIDATIVE_STRESS	GOBP_REGULATION_OF_RESPONSE_TO_OXIDATIVE_STRESS	1/2	11/2116	0.0909090909090909	96.1818181818182	9.73289372375186	0.0103723962872094	0.0861363605893619	0.0579692504397777	FBLN5	1
panel30	walktrap	112	GOBP_RESPONSE_TO_OXYGEN_RADICAL	GOBP_RESPONSE_TO_OXYGEN_RADICAL	1/2	12/2116	0.0833333333333333	88.1666666666667	9.3118481655212	0.0113126600437063	0.0861363605893619	0.0579692504397777	FBLN5	1
panel30	walktrap	112	GOBP_BONE_GROWTH	GOBP_BONE_GROWTH	1/2	13/2116	0.0769230769230769	81.3846153846154	8.94010604187068	0.0122524769067824	0.0861363605893619	0.0579692504397777	FBLN5	1
panel30	walktrap	112	GOBP_REGULATION_OF_OSTEOBLAST_PROLIFERATION	GOBP_REGULATION_OF_OSTEOBLAST_PROLIFERATION	1/2	13/2116	0.0769230769230769	81.3846153846154	8.94010604187068	0.0122524769067824	0.0861363605893619	0.0579692504397777	FBLN5	1
panel30	walktrap	112	GOBP_OSTEOBLAST_PROLIFERATION	GOBP_OSTEOBLAST_PROLIFERATION	1/2	15/2116	0.0666666666666667	70.5333333333333	8.31080983204576	0.0141307699526738	0.0861363605893619	0.0579692504397777	FBLN5	1
panel30	walktrap	112	GOBP_REGULATION_OF_SUPEROXIDE_METABOLIC_PROCESS	GOBP_REGULATION_OF_SUPEROXIDE_METABOLIC_PROCESS	1/2	15/2116	0.0666666666666667	70.5333333333333	8.31080983204576	0.0141307699526738	0.0861363605893619	0.0579692504397777	FBLN5	1
panel30	walktrap	112	GOBP_PROTEIN_LOCALIZATION_TO_CELL_SURFACE	GOBP_PROTEIN_LOCALIZATION_TO_CELL_SURFACE	1/2	16/2116	0.0625	66.125	8.04110572840052	0.0150692461354892	0.0861363605893619	0.0579692504397777	FBLN5	1
panel30	walktrap	75	GOBP_VASCULAR_ENDOTHELIAL_GROWTH_FACTOR_SIGNALING_PATHWAY	GOBP_VASCULAR_ENDOTHELIAL_GROWTH_FACTOR_SIGNALING_PATHWAY	3/3	26/2116	0.115384615384615	81.3846153846154	15.5364765459252	1.64889719916165e-06	0.000224896894141041	0.000131871721749957	FLT4/VEGFC/VEGFD	3
panel30	walktrap	75	GOBP_VASCULAR_ENDOTHELIAL_GROWTH_FACTOR_RECEPTOR_SIGNALING_PATHWAY	GOBP_VASCULAR_ENDOTHELIAL_GROWTH_FACTOR_RECEPTOR_SIGNALING_PATHWAY	3/3	35/2116	0.0857142857142857	60.4571428571429	13.3618958598512	4.15078160327424e-06	0.000224896894141041	0.000131871721749957	FLT4/VEGFC/VEGFD	3
panel30	walktrap	75	GOBP_CELLULAR_RESPONSE_TO_VASCULAR_ENDOTHELIAL_GROWTH_FACTOR_STIMULUS	GOBP_CELLULAR_RESPONSE_TO_VASCULAR_ENDOTHELIAL_GROWTH_FACTOR_STIMULUS	3/3	36/2116	0.0833333333333333	58.7777777777778	13.1718410659172	4.52812538539008e-06	0.000224896894141041	0.000131871721749957	FLT4/VEGFC/VEGFD	3
panel30	walktrap	75	GOBP_SPROUTING_ANGIOGENESIS	GOBP_SPROUTING_ANGIOGENESIS	3/3	47/2116	0.0638297872340426	45.0212765957447	11.497340172662	1.02834108016947e-05	0.000383057052363127	0.00022461134119491	FLT4/VEGFC/VEGFD	3
panel30	walktrap	75	GOBP_INDUCTION_OF_POSITIVE_CHEMOTAXIS	GOBP_INDUCTION_OF_POSITIVE_CHEMOTAXIS	2/3	11/2116	0.181818181818182	128.242424242424	15.9392650309218	7.35281312580009e-05	0.00219113831148843	0.00128480734619244	VEGFC/VEGFD	2
panel30	walktrap	75	GOBP_REGULATION_OF_POSITIVE_CHEMOTAXIS	GOBP_REGULATION_OF_POSITIVE_CHEMOTAXIS	2/3	15/2116	0.133333333333333	94.0444444444444	13.6235131452942	0.000140194313402567	0.00348149211616376	0.00204142596709002	VEGFC/VEGFD	2
panel30	walktrap	75	GOBP_POSITIVE_CHEMOTAXIS	GOBP_POSITIVE_CHEMOTAXIS	2/3	33/2116	0.0606060606060606	42.7474747474747	9.10560088214502	0.000700958883188228	0.014920410513578	0.00874881012099593	VEGFC/VEGFD	2
panel30	walktrap	75	GOBP_POSITIVE_REGULATION_OF_CELL_DIVISION	GOBP_POSITIVE_REGULATION_OF_CELL_DIVISION	2/3	36/2116	0.0555555555555556	39.1851851851852	8.70523598651324	0.000835572313762864	0.0155625343438334	0.00912532921609444	VEGFC/VEGFD	2
panel30	walktrap	75	GOBP_POSITIVE_REGULATION_OF_LOCOMOTION	GOBP_POSITIVE_REGULATION_OF_LOCOMOTION	3/3	223/2116	0.0134529147982063	9.48878923766816	5.04880898612945	0.00115642931717404	0.0170321599514504	0.00998706659110125	FLT4/VEGFC/VEGFD	3
panel30	walktrap	75	GOBP_BLOOD_VESSEL_MORPHOGENESIS	GOBP_BLOOD_VESSEL_MORPHOGENESIS	3/3	226/2116	0.0132743362831858	9.36283185840708	5.01121166750347	0.00120394863188019	0.0170321599514504	0.00998706659110125	FLT4/VEGFC/VEGFD	3
panel30	walktrap	148	GOBP_REGULATION_OF_CYTOKINESIS	GOBP_REGULATION_OF_CYTOKINESIS	4/4	25/2116	0.16	84.64	18.3039675281816	1.51869740939932e-08	2.56152829351144e-06	1.25728473306593e-06	SH3GLB1/UVRAG/PIK3C3/PIK3R4	4
panel30	walktrap	148	GOBP_GLYCEROPHOSPHOLIPID_BIOSYNTHETIC_PROCESS	GOBP_GLYCEROPHOSPHOLIPID_BIOSYNTHETIC_PROCESS	4/4	31/2116	0.129032258064516	68.258064516129	16.4138479997336	3.77753470250984e-08	2.56152829351144e-06	1.25728473306593e-06	SH3GLB1/UVRAG/PIK3C3/PIK3R4	4
panel30	walktrap	148	GOBP_PHOSPHOLIPID_BIOSYNTHETIC_PROCESS	GOBP_PHOSPHOLIPID_BIOSYNTHETIC_PROCESS	4/4	32/2116	0.125	66.125	16.1514714007452	4.31718251715411e-08	2.56152829351144e-06	1.25728473306593e-06	SH3GLB1/UVRAG/PIK3C3/PIK3R4	4
panel30	walktrap	148	GOBP_CYTOKINESIS	GOBP_CYTOKINESIS	4/4	37/2116	0.108108108108108	57.1891891891892	15.0025335698179	7.92904113863858e-08	3.1548255448089e-06	1.54849509295765e-06	SH3GLB1/UVRAG/PIK3C3/PIK3R4	4
panel30	walktrap	148	GOBP_GLYCEROLIPID_BIOSYNTHETIC_PROCESS	GOBP_GLYCEROLIPID_BIOSYNTHETIC_PROCESS	4/4	38/2116	0.105263157894737	55.6842105263158	14.8002549926307	8.86186950789017e-08	3.1548255448089e-06	1.54849509295765e-06	SH3GLB1/UVRAG/PIK3C3/PIK3R4	4
panel30	walktrap	148	GOBP_GLYCEROPHOSPHOLIPID_METABOLIC_PROCESS	GOBP_GLYCEROPHOSPHOLIPID_METABOLIC_PROCESS	4/4	42/2116	0.0952380952380952	50.3809523809524	14.0642946185325	1.34377708327325e-07	3.9865386803773e-06	1.95672803353824e-06	SH3GLB1/UVRAG/PIK3C3/PIK3R4	4
panel30	walktrap	148	GOBP_PHOSPHOLIPID_METABOLIC_PROCESS	GOBP_PHOSPHOLIPID_METABOLIC_PROCESS	4/4	47/2116	0.0851063829787234	45.0212765957447	13.2791275041972	2.14136334725304e-07	5.44518108301487e-06	2.67267906499252e-06	SH3GLB1/UVRAG/PIK3C3/PIK3R4	4
panel30	walktrap	148	GOBP_PHOSPHATIDYLINOSITOL_3_PHOSPHATE_BIOSYNTHETIC_PROCESS	GOBP_PHOSPHATIDYLINOSITOL_3_PHOSPHATE_BIOSYNTHETIC_PROCESS	3/4	11/2116	0.272727272727273	144.272727272727	20.7286989928543	4.1737766629622e-07	9.2866530750909e-06	4.55820346086662e-06	UVRAG/PIK3C3/PIK3R4	3
panel30	walktrap	148	GOBP_GLYCEROLIPID_METABOLIC_PROCESS	GOBP_GLYCEROLIPID_METABOLIC_PROCESS	4/4	57/2116	0.0701754385964912	37.1228070175439	12.0289846326224	4.74229773665474e-07	9.37921107916159e-06	4.60363406014437e-06	SH3GLB1/UVRAG/PIK3C3/PIK3R4	4
panel30	walktrap	148	GOBP_REGULATION_OF_CELL_DIVISION	GOBP_REGULATION_OF_CELL_DIVISION	4/4	59/2116	0.0677966101694915	35.864406779661	11.8176021399852	5.46402116324327e-07	9.72595767057302e-06	4.77382901630728e-06	SH3GLB1/UVRAG/PIK3C3/PIK3R4	4
panel30	walktrap	61	GOBP_NEGATIVE_REGULATION_OF_RNA_BIOSYNTHETIC_PROCESS	GOBP_NEGATIVE_REGULATION_OF_RNA_BIOSYNTHETIC_PROCESS	11/12	252/2116	0.0436507936507936	7.69708994708995	8.55236818782535	6.03863746143577e-10	1.53381391520469e-07	7.46745788843398e-08	E2F4/RBL1/LIN52/LIN37/E2F5/RBL2/LIN54/RB1/TFDP1/TFDP2/LIN9	11
panel30	walktrap	61	GOBP_NEGATIVE_REGULATION_OF_NUCLEOBASE_CONTAINING_COMPOUND_METABOLIC_PROCESS	GOBP_NEGATIVE_REGULATION_OF_NUCLEOBASE_CONTAINING_COMPOUND_METABOLIC_PROCESS	11/12	290/2116	0.0379310344827586	6.68850574712644	7.87353486033794	2.86127052049023e-09	3.63381356102259e-07	1.76914223246797e-07	E2F4/RBL1/LIN52/LIN37/E2F5/RBL2/LIN54/RB1/TFDP1/TFDP2/LIN9	11
panel30	walktrap	61	GOBP_POSITIVE_REGULATION_OF_RNA_METABOLIC_PROCESS	GOBP_POSITIVE_REGULATION_OF_RNA_METABOLIC_PROCESS	10/12	392/2116	0.0255102040816327	4.49829931972789	5.79367740135543	1.99443369480297e-06	0.000129160504184328	6.28825059079388e-05	E2F4/LIN52/LIN37/E2F5/E2F3/LIN54/RB1/TFDP1/TFDP2/LIN9	10
panel30	walktrap	61	GOBP_POSITIVE_REGULATION_OF_TRANSCRIPTION_BY_RNA_POLYMERASE_II	GOBP_POSITIVE_REGULATION_OF_TRANSCRIPTION_BY_RNA_POLYMERASE_II	9/12	286/2116	0.0314685314685315	5.54895104895105	6.24585181559115	2.03402368794218e-06	0.000129160504184328	6.28825059079388e-05	E2F4/LIN52/LIN37/E2F3/LIN54/RB1/TFDP1/TFDP2/LIN9	9
panel30	walktrap	61	GOBP_CELL_CYCLE_G1_S_PHASE_TRANSITION	GOBP_CELL_CYCLE_G1_S_PHASE_TRANSITION	5/12	105/2116	0.0476190476190476	8.3968253968254	5.87025439835114	0.000164072945486791	0.00694575469227415	0.00338157909207835	RBL1/E2F3/RBL2/RB1/TFDP1	5
panel30	walktrap	61	GOBP_CHROMATIN_ORGANIZATION	GOBP_CHROMATIN_ORGANIZATION	5/12	105/2116	0.0476190476190476	8.3968253968254	5.87025439835114	0.000164072945486791	0.00694575469227415	0.00338157909207835	RBL1/RBL2/LIN54/RB1/TFDP1	5
panel30	walktrap	61	GOBP_NEGATIVE_REGULATION_OF_CELL_CYCLE_G1_S_PHASE_TRANSITION	GOBP_NEGATIVE_REGULATION_OF_CELL_CYCLE_G1_S_PHASE_TRANSITION	3/12	22/2116	0.136363636363636	24.0454545454545	8.20410521444816	0.000202172827018756	0.00733598543753774	0.00357156508895458	RBL1/RBL2/RB1	3
panel30	walktrap	61	GOBP_REGULATION_OF_CELL_CYCLE_G1_S_PHASE_TRANSITION	GOBP_REGULATION_OF_CELL_CYCLE_G1_S_PHASE_TRANSITION	4/12	72/2116	0.0555555555555556	9.7962962962963	5.73387991731109	0.000496457758955296	0.0157625338468306	0.00767407679311055	RBL1/RBL2/RB1/TFDP1	4
panel30	walktrap	61	GOBP_CELL_CYCLE	GOBP_CELL_CYCLE	8/12	441/2116	0.018140589569161	3.19879062736206	3.91848967934561	0.000750246173654659	0.0211736142342537	0.0103084912108869	RBL1/LIN37/E2F3/RBL2/RB1/TFDP1/TFDP2/LIN9	8
panel30	walktrap	61	GOBP_FAT_CELL_PROLIFERATION	GOBP_FAT_CELL_PROLIFERATION	2/12	10/2116	0.2	35.2666666666667	8.20097744854505	0.00129416029229218	0.0328716714242213	0.0160037550611251	E2F3/TFDP1	2
panel30	walktrap	200	GOBP_GLYCOPHAGY	GOBP_GLYCOPHAGY	2/2	10/2116	0.2	211.6	20.5280111832823	2.01102039174678e-05	0.00141173631500624	0.000697153735805549	ATG12/WIPI1	2
panel30	walktrap	200	GOBP_POLYSACCHARIDE_CATABOLIC_PROCESS	GOBP_POLYSACCHARIDE_CATABOLIC_PROCESS	2/2	13/2116	0.153846153846154	162.769230769231	17.9914287139273	3.48576867902775e-05	0.00141173631500624	0.000697153735805549	ATG12/WIPI1	2
panel30	walktrap	200	GOBP_NUCLEOPHAGY	GOBP_NUCLEOPHAGY	2/2	20/2116	0.1	105.8	14.4809926639573	8.49097498737527e-05	0.00229256324659132	0.0011321299983167	ATG12/WIPI1	2
panel30	walktrap	200	GOBP_GLUCAN_METABOLIC_PROCESS	GOBP_GLUCAN_METABOLIC_PROCESS	2/2	27/2116	0.0740740740740741	78.3703703703704	12.4424249574012	0.000156859590556248	0.00280537344648675	0.00138536960320333	ATG12/WIPI1	2
panel30	walktrap	200	GOBP_ENERGY_RESERVE_METABOLIC_PROCESS	GOBP_ENERGY_RESERVE_METABOLIC_PROCESS	2/2	29/2116	0.0689655172413793	72.9655172413793	11.9999632988053	0.000181438728677598	0.00280537344648675	0.00138536960320333	ATG12/WIPI1	2
panel30	walktrap	200	GOBP_POLYSACCHARIDE_METABOLIC_PROCESS	GOBP_POLYSACCHARIDE_METABOLIC_PROCESS	2/2	31/2116	0.0645161290322581	68.258064516129	11.6008516982382	0.0002078054404805	0.00280537344648675	0.00138536960320333	ATG12/WIPI1	2
panel30	walktrap	200	GOBP_CARBOHYDRATE_CATABOLIC_PROCESS	GOBP_CARBOHYDRATE_CATABOLIC_PROCESS	2/2	51/2116	0.0392156862745098	41.4901960784314	9.00103876618008	0.000569789110994919	0.0059998793387765	0.00296290337717358	ATG12/WIPI1	2
panel30	walktrap	200	GOBP_AUTOPHAGY_OF_MITOCHONDRION	GOBP_AUTOPHAGY_OF_MITOCHONDRION	2/2	52/2116	0.0384615384615385	40.6923076923077	8.911911536631	0.000592580675434716	0.0059998793387765	0.00296290337717358	ATG12/WIPI1	2
panel30	walktrap	200	GOBP_AUTOPHAGOSOME_ORGANIZATION	GOBP_AUTOPHAGOSOME_ORGANIZATION	2/2	56/2116	0.0357142857142857	37.7857142857143	8.57940735550533	0.000688215867397784	0.00619394280658006	0.0030587371884346	ATG12/WIPI1	2
panel30	walktrap	200	GOBP_VACUOLE_ORGANIZATION	GOBP_VACUOLE_ORGANIZATION	2/2	78/2116	0.0256410256410256	27.1282051282051	7.23056909700474	0.00134202094142568	0.0103988036256869	0.0051352116670059	ATG12/WIPI1	2
panel30	walktrap	89	GOBP_TORC1_SIGNALING	GOBP_TORC1_SIGNALING	2/3	65/2116	0.0307692307692308	21.7025641025641	6.38651668134484	0.00273321199733036	0.149052252685881	0.107289934208877	RHEB/TSC1	2
panel30	walktrap	89	GOBP_EPITHELIAL_CELL_DEVELOPMENT	GOBP_EPITHELIAL_CELL_DEVELOPMENT	2/3	66/2116	0.0303030303030303	21.3737373737374	6.3347839184806	0.0028177179787874	0.149052252685881	0.107289934208877	RHEB/IKBKB	2
panel30	walktrap	89	GOBP_REGULATION_OF_CELL_JUNCTION_ASSEMBLY	GOBP_REGULATION_OF_CELL_JUNCTION_ASSEMBLY	2/3	72/2116	0.0277777777777778	19.5925925925926	6.04688654427989	0.00335113241756881	0.149052252685881	0.107289934208877	TSC1/IKBKB	2
panel30	walktrap	89	GOBP_EPITHELIUM_DEVELOPMENT	GOBP_EPITHELIUM_DEVELOPMENT	3/3	318/2116	0.00943396226415094	6.65408805031447	4.12047561565615	0.00336699480862474	0.149052252685881	0.107289934208877	RHEB/TSC1/IKBKB	3
panel30	walktrap	89	GOBP_REGULATION_OF_MACROAUTOPHAGY	GOBP_REGULATION_OF_MACROAUTOPHAGY	2/3	80/2116	0.025	17.6333333333333	5.71348987713066	0.00413233932229285	0.149052252685881	0.107289934208877	RHEB/TSC1	2
panel30	walktrap	89	GOBP_TOR_SIGNALING	GOBP_TOR_SIGNALING	2/3	87/2116	0.0229885057471264	16.2145593869732	5.45938908601843	0.00488104265807403	0.149052252685881	0.107289934208877	RHEB/TSC1	2
panel30	walktrap	89	GOBP_PROTEIN_MATURATION	GOBP_PROTEIN_MATURATION	2/3	111/2116	0.018018018018018	12.7087087087087	4.77396650161625	0.00790350673884626	0.149052252685881	0.107289934208877	TSC1/IKBKB	2
panel30	walktrap	89	GOBP_CELLULAR_RESPONSE_TO_NUTRIENT_LEVELS	GOBP_CELLULAR_RESPONSE_TO_NUTRIENT_LEVELS	2/3	119/2116	0.0168067226890756	11.8543417366947	4.59149381548527	0.00906560889657664	0.149052252685881	0.107289934208877	RHEB/TSC1	2
panel30	walktrap	89	GOBP_CELL_JUNCTION_ASSEMBLY	GOBP_CELL_JUNCTION_ASSEMBLY	2/3	120/2116	0.0166666666666667	11.7555555555556	4.56992704629843	0.00921624453439728	0.149052252685881	0.107289934208877	TSC1/IKBKB	2
panel30	walktrap	89	GOBP_MACROAUTOPHAGY	GOBP_MACROAUTOPHAGY	2/3	145/2116	0.0137931034482759	9.72873563218391	4.10258978034325	0.0133655040787184	0.149052252685881	0.107289934208877	RHEB/TSC1	2
panel30	walktrap	98	GOBP_MEGAKARYOCYTE_DEVELOPMENT	GOBP_MEGAKARYOCYTE_DEVELOPMENT	1/2	11/2116	0.0909090909090909	96.1818181818182	9.73289372375186	0.0103723962872094	0.267403750933494	0.255888756874157	GP1BB	1
panel30	walktrap	98	GOBP_RESPIRATORY_GASEOUS_EXCHANGE_BY_RESPIRATORY_SYSTEM	GOBP_RESPIRATORY_GASEOUS_EXCHANGE_BY_RESPIRATORY_SYSTEM	1/2	13/2116	0.0769230769230769	81.3846153846154	8.94010604187068	0.0122524769067824	0.267403750933494	0.255888756874157	TRAF4	1
panel30	walktrap	98	GOBP_MEGAKARYOCYTE_DIFFERENTIATION	GOBP_MEGAKARYOCYTE_DIFFERENTIATION	1/2	18/2116	0.0555555555555556	58.7777777777778	7.57028164001055	0.0169448578208581	0.267403750933494	0.255888756874157	GP1BB	1
panel30	walktrap	98	GOBP_MYELOID_CELL_DEVELOPMENT	GOBP_MYELOID_CELL_DEVELOPMENT	1/2	24/2116	0.0416666666666667	44.0833333333333	6.52757349037635	0.0225609674348766	0.267403750933494	0.255888756874157	GP1BB	1
panel30	walktrap	98	GOBP_REGULATION_OF_PLATELET_ACTIVATION	GOBP_REGULATION_OF_PLATELET_ACTIVATION	1/2	24/2116	0.0416666666666667	44.0833333333333	6.52757349037635	0.0225609674348766	0.267403750933494	0.255888756874157	GP1BB	1
panel30	walktrap	98	GOBP_SEQUESTERING_OF_CALCIUM_ION	GOBP_SEQUESTERING_OF_CALCIUM_ION	1/2	53/2116	0.0188679245283019	19.9622641509434	4.29928469983557	0.049478698825117	0.267403750933494	0.255888756874157	GP1BB	1
panel30	walktrap	98	GOBP_POSITIVE_REGULATION_OF_JNK_CASCADE	GOBP_POSITIVE_REGULATION_OF_JNK_CASCADE	1/2	56/2116	0.0178571428571429	18.8928571428571	4.17309037389143	0.0522418408433772	0.267403750933494	0.255888756874157	TRAF4	1
panel30	walktrap	98	GOBP_PLATELET_ACTIVATION	GOBP_PLATELET_ACTIVATION	1/2	57/2116	0.0175438596491228	18.5614035087719	4.13319759997983	0.0531619943959566	0.267403750933494	0.255888756874157	GP1BB	1
panel30	walktrap	98	GOBP_POSITIVE_REGULATION_OF_KINASE_ACTIVITY	GOBP_POSITIVE_REGULATION_OF_KINASE_ACTIVITY	1/2	63/2116	0.0158730158730159	16.7936507936508	3.91359628892161	0.0586735309496037	0.267403750933494	0.255888756874157	TRAF4	1
panel30	walktrap	98	GOBP_CALCIUM_ION_TRANSMEMBRANE_IMPORT_INTO_CYTOSOL	GOBP_CALCIUM_ION_TRANSMEMBRANE_IMPORT_INTO_CYTOSOL	1/2	71/2116	0.0140845070422535	14.9014084507042	3.6640299447763	0.0659972203229251	0.267403750933494	0.255888756874157	GP1BB	1
panel30	walktrap	39	GOBP_NEGATIVE_REGULATION_OF_PROTEASOMAL_PROTEIN_CATABOLIC_PROCESS	GOBP_NEGATIVE_REGULATION_OF_PROTEASOMAL_PROTEIN_CATABOLIC_PROCESS	2/3	11/2116	0.181818181818182	128.242424242424	15.9392650309218	7.35281312580009e-05	0.00698209030013012	0.00477173492624761	CSNK2B/CSNK2A2	2
panel30	walktrap	39	GOBP_NEGATIVE_REGULATION_OF_UBIQUITIN_DEPENDENT_PROTEIN_CATABOLIC_PROCESS	GOBP_NEGATIVE_REGULATION_OF_UBIQUITIN_DEPENDENT_PROTEIN_CATABOLIC_PROCESS	2/3	13/2116	0.153846153846154	108.512820512821	14.6480009640514	0.000104210302987017	0.00698209030013012	0.00477173492624761	CSNK2B/CSNK2A2	2
panel30	walktrap	39	GOBP_NEGATIVE_REGULATION_OF_PROTEOLYSIS_INVOLVED_IN_PROTEIN_CATABOLIC_PROCESS	GOBP_NEGATIVE_REGULATION_OF_PROTEOLYSIS_INVOLVED_IN_PROTEIN_CATABOLIC_PROCESS	2/3	17/2116	0.117647058823529	82.9803921568627	12.7848105695499	0.000181470015444966	0.00810566068987516	0.00553961099779371	CSNK2B/CSNK2A2	2
panel30	walktrap	39	GOBP_REGULATION_OF_PROTEIN_CATABOLIC_PROCESS	GOBP_REGULATION_OF_PROTEIN_CATABOLIC_PROCESS	3/3	135/2116	0.0222222222222222	15.6740740740741	6.63806373903582	0.000254307512453011	0.00851930166717586	0.00582230357458209	CSNK2B/CSNK2A2/CSNK2A3	3
panel30	walktrap	39	GOBP_NEGATIVE_REGULATION_OF_GENE_EXPRESSION_EPIGENETIC	GOBP_NEGATIVE_REGULATION_OF_GENE_EXPRESSION_EPIGENETIC	2/3	26/2116	0.0769230769230769	54.2564102564103	10.2932254500436	0.000432423290480145	0.00968227520365689	0.00661710874091241	CSNK2B/CSNK2A2	2
panel30	walktrap	39	GOBP_HETEROCHROMATIN_ORGANIZATION	GOBP_HETEROCHROMATIN_ORGANIZATION	2/3	27/2116	0.0740740740740741	52.2469135802469	10.0959325697665	0.000466868752970631	0.00968227520365689	0.00661710874091241	CSNK2B/CSNK2A2	2
panel30	walktrap	39	GOBP_NEGATIVE_REGULATION_OF_PROTEIN_CATABOLIC_PROCESS	GOBP_NEGATIVE_REGULATION_OF_PROTEIN_CATABOLIC_PROCESS	2/3	29/2116	0.0689655172413793	48.6436781609195	9.73215733573622	0.000539681516520688	0.00968227520365689	0.00661710874091241	CSNK2B/CSNK2A2	2
panel30	walktrap	39	GOBP_NEGATIVE_REGULATION_OF_PROTEOLYSIS	GOBP_NEGATIVE_REGULATION_OF_PROTEOLYSIS	2/3	30/2116	0.0666666666666667	47.0222222222222	9.56394621552553	0.000578046280815337	0.00968227520365689	0.00661710874091241	CSNK2B/CSNK2A2	2
panel30	walktrap	39	GOBP_EPIGENETIC_REGULATION_OF_GENE_EXPRESSION	GOBP_EPIGENETIC_REGULATION_OF_GENE_EXPRESSION	2/3	40/2116	0.05	35.2666666666667	8.24241060702386	0.00103319898499469	0.0153831848876988	0.0105132528297706	CSNK2B/CSNK2A2	2
panel30	walktrap	39	GOBP_REGULATION_OF_PROTEASOMAL_UBIQUITIN_DEPENDENT_PROTEIN_CATABOLIC_PROCESS	GOBP_REGULATION_OF_PROTEASOMAL_UBIQUITIN_DEPENDENT_PROTEIN_CATABOLIC_PROCESS	2/3	44/2116	0.0454545454545455	32.0606060606061	7.84345578888408	0.00125148506974956	0.0167698999346441	0.0114609685334959	CSNK2B/CSNK2A2	2
panel30	walktrap	150	GOBP_NEGATIVE_REGULATION_OF_ORGANELLE_ASSEMBLY	GOBP_NEGATIVE_REGULATION_OF_ORGANELLE_ASSEMBLY	1/2	10/2116	0.1	105.8	10.2152686230199	0.00943168563729213	0.121467892416455	0.0815664613322836	TBC1D7	1
panel30	walktrap	150	GOBP_REGULATION_OF_CILIUM_ASSEMBLY	GOBP_REGULATION_OF_CILIUM_ASSEMBLY	1/2	11/2116	0.0909090909090909	96.1818181818182	9.73289372375186	0.0103723962872094	0.121467892416455	0.0815664613322836	TBC1D7	1
panel30	walktrap	150	GOBP_TOLERANCE_INDUCTION	GOBP_TOLERANCE_INDUCTION	1/2	11/2116	0.0909090909090909	96.1818181818182	9.73289372375186	0.0103723962872094	0.121467892416455	0.0815664613322836	PHLPP1	1
panel30	walktrap	150	GOBP_NEGATIVE_REGULATION_OF_INTRACELLULAR_SIGNAL_TRANSDUCTION	GOBP_NEGATIVE_REGULATION_OF_INTRACELLULAR_SIGNAL_TRANSDUCTION	2/2	230/2116	0.00869565217391304	9.2	4.05064905973213	0.0117689382259225	0.121467892416455	0.0815664613322836	TBC1D7/PHLPP1	2
panel30	walktrap	150	GOBP_POSITIVE_REGULATION_OF_GTPASE_ACTIVITY	GOBP_POSITIVE_REGULATION_OF_GTPASE_ACTIVITY	1/2	15/2116	0.0666666666666667	70.5333333333333	8.31080983204576	0.0141307699526738	0.121467892416455	0.0815664613322836	TBC1D7	1
panel30	walktrap	150	GOBP_REGULATION_OF_GTPASE_ACTIVITY	GOBP_REGULATION_OF_GTPASE_ACTIVITY	1/2	17/2116	0.0588235294117647	62.2352941176471	7.79538809910682	0.0160072754248839	0.121467892416455	0.0815664613322836	TBC1D7	1
panel30	walktrap	150	GOBP_REGULATION_OF_P38MAPK_CASCADE	GOBP_REGULATION_OF_P38MAPK_CASCADE	1/2	17/2116	0.0588235294117647	62.2352941176471	7.79538809910682	0.0160072754248839	0.121467892416455	0.0815664613322836	PHLPP1	1
panel30	walktrap	150	GOBP_NEGATIVE_REGULATION_OF_PHOSPHATIDYLINOSITOL_3_KINASE_PROTEIN_KINASE_B_SIGNAL_TRANSDUCTION	GOBP_NEGATIVE_REGULATION_OF_PHOSPHATIDYLINOSITOL_3_KINASE_PROTEIN_KINASE_B_SIGNAL_TRANSDUCTION	1/2	21/2116	0.0476190476190476	50.3809523809524	6.9935033551852	0.0197549236482589	0.121467892416455	0.0815664613322836	PHLPP1	1
panel30	walktrap	150	GOBP_POSITIVE_REGULATION_OF_HYDROLASE_ACTIVITY	GOBP_POSITIVE_REGULATION_OF_HYDROLASE_ACTIVITY	1/2	21/2116	0.0476190476190476	50.3809523809524	6.9935033551852	0.0197549236482589	0.121467892416455	0.0815664613322836	TBC1D7	1
panel30	walktrap	150	GOBP_REGULATION_OF_HYDROLASE_ACTIVITY	GOBP_REGULATION_OF_HYDROLASE_ACTIVITY	1/2	27/2116	0.037037037037037	39.1851851851852	6.14080427528994	0.0253629891807103	0.121467892416455	0.0815664613322836	TBC1D7	1
panel30	walktrap	162	GOBP_RESPONSE_TO_TUMOR_CELL	GOBP_RESPONSE_TO_TUMOR_CELL	2/3	16/2116	0.125	88.1666666666667	13.1845966185052	0.000160171337161641	0.0456488310910678	0.0350690927680225	DAPK1/MAPK3	2
panel30	walktrap	162	GOBP_NEGATIVE_REGULATION_OF_TOR_SIGNALING	GOBP_NEGATIVE_REGULATION_OF_TOR_SIGNALING	2/3	41/2116	0.0487804878048781	34.4065040650406	8.13729334480835	0.00108583685712178	0.133841603992401	0.102821989401365	RPS6KA1/MAPK3	2
panel30	walktrap	162	GOBP_PROTEIN_AUTOPHOSPHORYLATION	GOBP_PROTEIN_AUTOPHOSPHORYLATION	2/3	58/2116	0.0344827586206897	24.3218390804598	6.78453630334459	0.00217700726249161	0.133841603992401	0.102821989401365	DAPK1/MAPK3	2
panel30	walktrap	162	GOBP_PHOSPHORYLATION	GOBP_PHOSPHORYLATION	3/3	294/2116	0.0102040816326531	7.19727891156463	4.3138653558622	0.00265868438069317	0.133841603992401	0.102821989401365	RPS6KA1/DAPK1/MAPK3	3
panel30	walktrap	162	GOBP_TORC1_SIGNALING	GOBP_TORC1_SIGNALING	2/3	65/2116	0.0307692307692308	21.7025641025641	6.38651668134484	0.00273321199733036	0.133841603992401	0.102821989401365	RPS6KA1/MAPK3	2
panel30	walktrap	162	GOBP_POSITIVE_REGULATION_OF_AUTOPHAGY	GOBP_POSITIVE_REGULATION_OF_AUTOPHAGY	2/3	66/2116	0.0303030303030303	21.3737373737374	6.3347839184806	0.0028177179787874	0.133841603992401	0.102821989401365	DAPK1/MAPK3	2
panel30	walktrap	162	GOBP_REGULATION_OF_TRANSLATION	GOBP_REGULATION_OF_TRANSLATION	2/3	76/2116	0.0263157894736842	18.5614035087719	5.87377084031362	0.00373177145731805	0.151936409333663	0.116723077161226	RPS6KA1/DAPK1	2
panel30	walktrap	162	GOBP_TOR_SIGNALING	GOBP_TOR_SIGNALING	2/3	87/2116	0.0229885057471264	16.2145593869732	5.45938908601843	0.00488104265807403	0.173887144693887	0.133586430642026	RPS6KA1/MAPK3	2
panel30	walktrap	162	GOBP_POST_TRANSCRIPTIONAL_REGULATION_OF_GENE_EXPRESSION	GOBP_POST_TRANSCRIPTIONAL_REGULATION_OF_GENE_EXPRESSION	2/3	105/2116	0.0190476190476191	13.4349206349206	4.92376930604127	0.00708234324983914	0.179456825940566	0.137865262403094	RPS6KA1/DAPK1	2
panel30	walktrap	162	GOBP_TRANSLATION	GOBP_TRANSLATION	2/3	119/2116	0.0168067226890756	11.8543417366947	4.59149381548527	0.00906560889657664	0.179456825940566	0.137865262403094	RPS6KA1/DAPK1	2
panel30	walktrap	78	GOBP_POSITIVE_REGULATION_OF_NF_KAPPAB_TRANSCRIPTION_FACTOR_ACTIVITY	GOBP_POSITIVE_REGULATION_OF_NF_KAPPAB_TRANSCRIPTION_FACTOR_ACTIVITY	4/5	40/2116	0.1	42.32	12.8372708776248	5.41111122981779e-07	0.000166662225878388	0.000104235090005964	CARD14/CARD11/PRKCQ/BCL10	4
panel30	walktrap	78	GOBP_POSITIVE_REGULATION_OF_DNA_BINDING_TRANSCRIPTION_FACTOR_ACTIVITY	GOBP_POSITIVE_REGULATION_OF_DNA_BINDING_TRANSCRIPTION_FACTOR_ACTIVITY	4/5	48/2116	0.0833333333333333	35.2666666666667	11.6845847462576	1.14854943170845e-06	0.000176876612483101	0.000110623445264551	CARD14/CARD11/PRKCQ/BCL10	4
panel30	walktrap	78	GOBP_REGULATION_OF_DNA_BINDING_TRANSCRIPTION_FACTOR_ACTIVITY	GOBP_REGULATION_OF_DNA_BINDING_TRANSCRIPTION_FACTOR_ACTIVITY	4/5	63/2116	0.0634920634920635	26.8698412698413	10.1429815480751	3.49572202839647e-06	0.000358894128248705	0.000224462151297037	CARD14/CARD11/PRKCQ/BCL10	4
panel30	walktrap	78	GOBP_REGULATION_OF_T_CELL_RECEPTOR_SIGNALING_PATHWAY	GOBP_REGULATION_OF_T_CELL_RECEPTOR_SIGNALING_PATHWAY	3/5	18/2116	0.166666666666667	70.5333333333333	14.4152650266978	5.12004124778689e-06	0.00039424317607959	0.00024657040745921	CARD11/MALT1/BCL10	3
panel30	walktrap	78	GOBP_REGULATION_OF_ANTIGEN_RECEPTOR_MEDIATED_SIGNALING_PATHWAY	GOBP_REGULATION_OF_ANTIGEN_RECEPTOR_MEDIATED_SIGNALING_PATHWAY	3/5	20/2116	0.15	63.48	13.6601809071128	7.1427943546511e-06	0.000439996132246508	0.000275185550926558	CARD11/MALT1/BCL10	3
panel30	walktrap	78	GOBP_POSITIVE_REGULATION_OF_INTERLEUKIN_2_PRODUCTION	GOBP_POSITIVE_REGULATION_OF_INTERLEUKIN_2_PRODUCTION	3/5	29/2116	0.103448275862069	43.7793103448276	11.2867167118958	2.27476583103758e-05	0.00116771312659929	0.000730319556280487	CARD11/PRKCQ/MALT1	3
panel30	walktrap	78	GOBP_POSITIVE_REGULATION_OF_LEUKOCYTE_CELL_CELL_ADHESION	GOBP_POSITIVE_REGULATION_OF_LEUKOCYTE_CELL_CELL_ADHESION	4/5	105/2116	0.0380952380952381	16.1219047619048	7.73376878913707	2.75967727978025e-05	0.00121425800310331	0.000759429988270354	CARD11/PRKCQ/MALT1/BCL10	4
panel30	walktrap	78	GOBP_POSITIVE_REGULATION_OF_CANONICAL_NF_KAPPAB_SIGNAL_TRANSDUCTION	GOBP_POSITIVE_REGULATION_OF_CANONICAL_NF_KAPPAB_SIGNAL_TRANSDUCTION	4/5	110/2116	0.0363636363636364	15.3890909090909	7.54154463948502	3.32635723982302e-05	0.00127031509372188	0.000794489617741298	CARD14/CARD11/MALT1/BCL10	4
panel30	walktrap	78	GOBP_INTERLEUKIN_2_PRODUCTION	GOBP_INTERLEUKIN_2_PRODUCTION	3/5	34/2116	0.0882352941176471	37.3411764705882	10.3942737357864	3.71195968944705e-05	0.00127031509372188	0.000794489617741298	CARD11/PRKCQ/MALT1	3
panel30	walktrap	78	GOBP_POSITIVE_REGULATION_OF_CELL_CELL_ADHESION	GOBP_POSITIVE_REGULATION_OF_CELL_CELL_ADHESION	4/5	120/2116	0.0333333333333333	14.1066666666667	7.19281152223343	4.71434096210674e-05	0.00141030187849074	0.000882041161188674	CARD11/PRKCQ/MALT1/BCL10	4
panel30	walktrap	76	GOBP_GENERATION_OF_NEURONS	GOBP_GENERATION_OF_NEURONS	4/4	309/2116	0.0129449838187702	6.84789644012945	4.83991864031171	0.000447237779723318	0.0446169739170535	0.0364778529725527	PPP1R12A/PPP1R12B/PPP1CC/PPP1R12C	4
panel30	walktrap	76	GOBP_NEUROGENESIS	GOBP_NEUROGENESIS	4/4	371/2116	0.0107816711590297	5.70350404312668	4.34059219776487	0.000932436581336512	0.0446169739170535	0.0364778529725527	PPP1R12A/PPP1R12B/PPP1CC/PPP1R12C	4
panel30	walktrap	76	GOBP_CELL_PROJECTION_MORPHOGENESIS	GOBP_CELL_PROJECTION_MORPHOGENESIS	3/4	149/2116	0.0201342281879195	10.6510067114094	5.31620594130927	0.00129952351214719	0.0446169739170535	0.0364778529725527	PPP1R12A/PPP1R12B/PPP1R12C	3
panel30	walktrap	76	GOBP_PROTEIN_DEPHOSPHORYLATION	GOBP_PROTEIN_DEPHOSPHORYLATION	2/4	37/2116	0.0540540540540541	28.5945945945946	7.36776660643776	0.00174660265222072	0.0449750182946835	0.0367705821520152	PPP1R12A/PPP1CC	2
panel30	walktrap	76	GOBP_DEPHOSPHORYLATION	GOBP_DEPHOSPHORYLATION	2/4	46/2116	0.0434782608695652	23	6.56378955583841	0.00269877969348252	0.0463290514047833	0.0378776097330881	PPP1R12A/PPP1CC	2
panel30	walktrap	76	GOBP_REGULATION_OF_NUCLEOCYTOPLASMIC_TRANSPORT	GOBP_REGULATION_OF_NUCLEOCYTOPLASMIC_TRANSPORT	2/4	46/2116	0.0434782608695652	23	6.56378955583841	0.00269877969348252	0.0463290514047833	0.0378776097330881	PPP1R12A/PPP1CC	2
panel30	walktrap	76	GOBP_NEURON_DEVELOPMENT	GOBP_NEURON_DEVELOPMENT	3/4	227/2116	0.013215859030837	6.99118942731278	4.15669563500103	0.00449227047025709	0.0594713722242885	0.0486224811235879	PPP1R12A/PPP1R12B/PPP1R12C	3
panel30	walktrap	76	GOBP_CELL_MORPHOGENESIS	GOBP_CELL_MORPHOGENESIS	3/4	232/2116	0.0129310344827586	6.84051724137931	4.10197565121295	0.0047878302658982	0.0594713722242885	0.0486224811235879	PPP1R12A/PPP1R12B/PPP1R12C	3
panel30	walktrap	76	GOBP_REGULATION_OF_INTRACELLULAR_TRANSPORT	GOBP_REGULATION_OF_INTRACELLULAR_TRANSPORT	2/4	64/2116	0.03125	16.53125	5.48966627412535	0.00519652767008346	0.0594713722242885	0.0486224811235879	PPP1R12A/PPP1CC	2
panel30	walktrap	76	GOBP_CELL_PROJECTION_ORGANIZATION	GOBP_CELL_PROJECTION_ORGANIZATION	3/4	293/2116	0.0102389078498294	5.41638225255973	3.54360541301011	0.00944271160318687	0.0972599295128248	0.0795175713952579	PPP1R12A/PPP1R12B/PPP1R12C	3
panel30	walktrap	34	GOBP_MRNA_TRANSCRIPTION	GOBP_MRNA_TRANSCRIPTION	6/8	18/2116	0.333333333333333	88.1666666666667	22.8743533304826	4.15818929388533e-12	1.39299341345159e-09	1.04611288551431e-09	THRA/RXRA/NCOA1/NCOA2/RXRB/THRB	6
panel30	walktrap	34	GOBP_NUCLEAR_RECEPTOR_MEDIATED_SIGNALING_PATHWAY	GOBP_NUCLEAR_RECEPTOR_MEDIATED_SIGNALING_PATHWAY	7/8	50/2116	0.14	37.03	15.8799445561054	2.1033193712122e-11	3.52305994678044e-09	2.64575436694588e-09	THRA/RXRA/NCOA1/NCOA2/RXRB/NCOA3/THRB	7
panel30	walktrap	34	GOBP_RETINOIC_ACID_RECEPTOR_SIGNALING_PATHWAY	GOBP_RETINOIC_ACID_RECEPTOR_SIGNALING_PATHWAY	5/8	14/2116	0.357142857142857	94.4642857142857	21.6101722901894	3.15261076210907e-10	3.5204153510218e-08	2.64376832331252e-08	THRA/RXRA/RXRB/NCOA3/THRB	5
panel30	walktrap	34	GOBP_CELLULAR_RESPONSE_TO_NUTRIENT	GOBP_CELLULAR_RESPONSE_TO_NUTRIENT	5/8	15/2116	0.333333333333333	88.1666666666667	20.8664187153201	4.7232970015101e-10	3.95576123876471e-08	2.97070521937082e-08	KAT2B/RXRA/NCOA1/RXRB/NCOA3	5
panel30	walktrap	34	GOBP_HORMONE_MEDIATED_SIGNALING_PATHWAY	GOBP_HORMONE_MEDIATED_SIGNALING_PATHWAY	6/8	55/2116	0.109090909090909	28.8545454545455	12.8914954819081	6.29879472699831e-09	3.6745992330192e-07	2.7595576329665e-07	THRA/RXRA/NCOA1/RXRB/NCOA3/THRB	6
panel30	walktrap	34	GOBP_CELLULAR_RESPONSE_TO_HORMONE_STIMULUS	GOBP_CELLULAR_RESPONSE_TO_HORMONE_STIMULUS	8/8	204/2116	0.0392156862745098	10.3725490196078	8.6734870887565	6.58137176063141e-09	3.6745992330192e-07	2.7595576329665e-07	THRA/KAT2B/RXRA/NCOA1/NCOA2/RXRB/NCOA3/THRB	8
panel30	walktrap	34	GOBP_INTRACELLULAR_RECEPTOR_SIGNALING_PATHWAY	GOBP_INTRACELLULAR_RECEPTOR_SIGNALING_PATHWAY	7/8	121/2116	0.0578512396694215	15.301652892562	9.97866274007112	1.28970250412523e-08	6.14109230076925e-07	4.61184936334282e-07	THRA/RXRA/NCOA1/NCOA2/RXRB/NCOA3/THRB	7
panel30	walktrap	34	GOBP_MRNA_METABOLIC_PROCESS	GOBP_MRNA_METABOLIC_PROCESS	6/8	63/2116	0.0952380952380952	25.1904761904762	12.0056338401267	1.46652950466131e-08	6.14109230076925e-07	4.61184936334282e-07	THRA/RXRA/NCOA1/NCOA2/RXRB/THRB	6
panel30	walktrap	34	GOBP_RESPONSE_TO_HORMONE	GOBP_RESPONSE_TO_HORMONE	8/8	270/2116	0.0296296296296296	7.83703703703704	7.40796364486853	6.41324141077518e-08	2.38715096956632e-06	1.79270724815821e-06	THRA/KAT2B/RXRA/NCOA1/NCOA2/RXRB/NCOA3/THRB	8
panel30	walktrap	34	GOBP_POSITIVE_REGULATION_OF_TRANSCRIPTION_BY_RNA_POLYMERASE_II	GOBP_POSITIVE_REGULATION_OF_TRANSCRIPTION_BY_RNA_POLYMERASE_II	8/8	286/2116	0.027972027972028	7.3986013986014	7.16650493683266	1.02249603889457e-07	3.42536173029681e-06	2.57238477153476e-06	THRA/KAT2B/RXRA/NCOA1/NCOA2/RXRB/NCOA3/THRB	8
panel30	walktrap	128	GOBP_REGULATION_OF_CARDIAC_MUSCLE_CONTRACTION_BY_CALCIUM_ION_SIGNALING	GOBP_REGULATION_OF_CARDIAC_MUSCLE_CONTRACTION_BY_CALCIUM_ION_SIGNALING	2/2	12/2116	0.166666666666667	176.333333333333	18.7305244170713	2.94949657456193e-05	0.0044242448618429	0.00209670296482872	CALM3/SLC9A1	2
panel30	walktrap	128	GOBP_REGULATION_OF_ACTION_POTENTIAL	GOBP_REGULATION_OF_ACTION_POTENTIAL	2/2	14/2116	0.142857142857143	151.142857142857	17.3328520592595	4.06673012553236e-05	0.0044242448618429	0.00209670296482872	CALM3/SLC9A1	2
panel30	walktrap	128	GOBP_EXPORT_ACROSS_PLASMA_MEMBRANE	GOBP_EXPORT_ACROSS_PLASMA_MEMBRANE	2/2	18/2116	0.111111111111111	117.555555555556	15.271587385329	6.83746933193902e-05	0.0044242448618429	0.00209670296482872	CALM3/SLC9A1	2
panel30	walktrap	128	GOBP_REGULATION_OF_CARDIAC_MUSCLE_CONTRACTION	GOBP_REGULATION_OF_CARDIAC_MUSCLE_CONTRACTION	2/2	20/2116	0.1	105.8	14.4809926639573	8.49097498737527e-05	0.0044242448618429	0.00209670296482872	CALM3/SLC9A1	2
panel30	walktrap	128	GOBP_CALCINEURIN_MEDIATED_SIGNALING	GOBP_CALCINEURIN_MEDIATED_SIGNALING	2/2	22/2116	0.0909090909090909	96.1818181818182	13.8004958384639	0.000103232380109668	0.0044242448618429	0.00209670296482872	CALM3/SLC9A1	2
panel30	walktrap	128	GOBP_REGULATION_OF_STRIATED_MUSCLE_CONTRACTION	GOBP_REGULATION_OF_STRIATED_MUSCLE_CONTRACTION	2/2	24/2116	0.0833333333333333	88.1666666666667	13.2066573905874	0.000123342584027135	0.0044242448618429	0.00209670296482872	CALM3/SLC9A1	2
panel30	walktrap	128	GOBP_CARDIAC_CONDUCTION	GOBP_CARDIAC_CONDUCTION	2/2	25/2116	0.08	84.64	12.936735662914	0.000134068026116452	0.0044242448618429	0.00209670296482872	CALM3/SLC9A1	2
panel30	walktrap	128	GOBP_MITOCHONDRIAL_MEMBRANE_ORGANIZATION	GOBP_MITOCHONDRIAL_MEMBRANE_ORGANIZATION	2/2	27/2116	0.0740740740740741	78.3703703703704	12.4424249574012	0.000156859590556248	0.00449060853477055	0.00212815350930115	CALM3/SLC9A1	2
panel30	walktrap	128	GOBP_ACTION_POTENTIAL	GOBP_ACTION_POTENTIAL	2/2	30/2116	0.0666666666666667	70.5333333333333	11.795441930302	0.000194398637868855	0.00449060853477055	0.00212815350930115	CALM3/SLC9A1	2
panel30	walktrap	128	GOBP_REGULATION_OF_CALCIUM_MEDIATED_SIGNALING	GOBP_REGULATION_OF_CALCIUM_MEDIATED_SIGNALING	2/2	30/2116	0.0666666666666667	70.5333333333333	11.795441930302	0.000194398637868855	0.00449060853477055	0.00212815350930115	CALM3/SLC9A1	2
panel30	walktrap	42	GOBP_EPIDERMIS_DEVELOPMENT	GOBP_EPIDERMIS_DEVELOPMENT	3/3	87/2116	0.0344827586206897	24.3218390804598	8.36849694449614	6.72210994712076e-05	0.00181496968572261	0.00120290388527424	LAMA3/LAMC2/LAMB3	3
panel30	walktrap	42	GOBP_ENDODERMAL_CELL_DIFFERENTIATION	GOBP_ENDODERMAL_CELL_DIFFERENTIATION	2/3	27/2116	0.0740740740740741	52.2469135802469	10.0959325697665	0.000466868752970631	0.00630272816510352	0.00417724673710565	LAMA3/LAMB3	2
panel30	walktrap	42	GOBP_ENDODERM_FORMATION	GOBP_ENDODERM_FORMATION	2/3	33/2116	0.0606060606060606	42.7474747474747	9.10560088214502	0.000700958883188228	0.00630862994869405	0.00418115825059645	LAMA3/LAMB3	2
panel30	walktrap	42	GOBP_ENDODERM_DEVELOPMENT	GOBP_ENDODERM_DEVELOPMENT	2/3	43/2116	0.0465116279069768	32.8062015503876	7.93802473972642	0.00119498116788167	0.00806612288320126	0.00534596838262852	LAMA3/LAMB3	2
panel30	walktrap	42	GOBP_FORMATION_OF_PRIMARY_GERM_LAYER	GOBP_FORMATION_OF_PRIMARY_GERM_LAYER	2/3	61/2116	0.0327868852459016	23.1256830601093	6.605744260992	0.0024077957931635	0.0130020972830829	0.00861737441763779	LAMA3/LAMB3	2
panel30	walktrap	42	GOBP_GASTRULATION	GOBP_GASTRULATION	2/3	79/2116	0.0253164556962025	17.8565400843882	5.75244577445344	0.00403033346802287	0.0181365006061029	0.0120202927993664	LAMA3/LAMB3	2
panel30	walktrap	42	GOBP_CELL_ADHESION	GOBP_CELL_ADHESION	3/3	442/2116	0.00678733031674208	4.78733031674208	3.37235011814054	0.00906530702155094	0.0349661842259822	0.023174469077649	LAMA3/LAMC2/LAMB3	3
panel30	walktrap	42	GOBP_EMBRYONIC_MORPHOGENESIS	GOBP_EMBRYONIC_MORPHOGENESIS	2/3	182/2116	0.010989010989011	7.75091575091575	3.58869221021296	0.0208288529308381	0.0633781733169284	0.0420050271496212	LAMA3/LAMB3	2
panel30	walktrap	42	GOBP_BROWN_FAT_CELL_DIFFERENTIATION	GOBP_BROWN_FAT_CELL_DIFFERENTIATION	1/3	15/2116	0.0666666666666667	47.0222222222222	6.73854686503565	0.0211260577723095	0.0633781733169284	0.0420050271496212	LAMB3	1
panel30	walktrap	42	GOBP_REGULATION_OF_EMBRYONIC_DEVELOPMENT	GOBP_REGULATION_OF_EMBRYONIC_DEVELOPMENT	1/3	28/2116	0.0357142857142857	25.1904761904762	4.85427360052374	0.0391928430048322	0.105820676113047	0.0701345611665418	LAMA3	1
panel30	walktrap	50	GOBP_POSITIVE_REGULATION_OF_CELL_SUBSTRATE_ADHESION	GOBP_POSITIVE_REGULATION_OF_CELL_SUBSTRATE_ADHESION	2/5	49/2116	0.0408163265306122	17.2734693877551	5.60794859928072	0.00502557368022413	0.266194828579217	0.240175785184256	NID1/FBLN2	2
panel30	walktrap	50	GOBP_NEPHRON_DEVELOPMENT	GOBP_NEPHRON_DEVELOPMENT	2/5	66/2116	0.0303030303030303	12.8242424242424	4.74858737796061	0.00901832937068523	0.266194828579217	0.240175785184256	NID1/FGF1	2
panel30	walktrap	50	GOBP_REGULATION_OF_CELL_SUBSTRATE_ADHESION	GOBP_REGULATION_OF_CELL_SUBSTRATE_ADHESION	2/5	87/2116	0.0229885057471264	9.72873563218391	4.04544232907715	0.0154135253070845	0.266194828579217	0.240175785184256	NID1/FBLN2	2
panel30	walktrap	50	GOBP_BRANCH_ELONGATION_OF_AN_EPITHELIUM	GOBP_BRANCH_ELONGATION_OF_AN_EPITHELIUM	1/5	10/2116	0.1	42.32	6.37275468311237	0.0234291473334639	0.266194828579217	0.240175785184256	FGF1	1
panel30	walktrap	50	GOBP_POSITIVE_REGULATION_OF_INTEGRIN_MEDIATED_SIGNALING_PATHWAY	GOBP_POSITIVE_REGULATION_OF_INTEGRIN_MEDIATED_SIGNALING_PATHWAY	1/5	10/2116	0.1	42.32	6.37275468311237	0.0234291473334639	0.266194828579217	0.240175785184256	NID1	1
panel30	walktrap	50	GOBP_REGULATION_OF_ALCOHOL_BIOSYNTHETIC_PROCESS	GOBP_REGULATION_OF_ALCOHOL_BIOSYNTHETIC_PROCESS	1/5	11/2116	0.0909090909090909	38.4727272727273	6.06291760404077	0.0257476916180475	0.266194828579217	0.240175785184256	FGF1	1
panel30	walktrap	50	GOBP_REGULATION_OF_ANIMAL_ORGAN_FORMATION	GOBP_REGULATION_OF_ANIMAL_ORGAN_FORMATION	1/5	11/2116	0.0909090909090909	38.4727272727273	6.06291760404077	0.0257476916180475	0.266194828579217	0.240175785184256	FGF1	1
panel30	walktrap	50	GOBP_REGULATION_OF_ENDOTHELIAL_CELL_CHEMOTAXIS	GOBP_REGULATION_OF_ENDOTHELIAL_CELL_CHEMOTAXIS	1/5	11/2116	0.0909090909090909	38.4727272727273	6.06291760404077	0.0257476916180475	0.266194828579217	0.240175785184256	FGF1	1
panel30	walktrap	50	GOBP_RENAL_SYSTEM_DEVELOPMENT	GOBP_RENAL_SYSTEM_DEVELOPMENT	2/5	116/2116	0.0172413793103448	7.29655172413793	3.3940078577218	0.0267200691322487	0.266194828579217	0.240175785184256	NID1/FGF1	2
panel30	walktrap	50	GOBP_REGULATION_OF_VASCULATURE_DEVELOPMENT	GOBP_REGULATION_OF_VASCULATURE_DEVELOPMENT	2/5	117/2116	0.0170940170940171	7.23418803418803	3.37568957427678	0.0271583473619873	0.266194828579217	0.240175785184256	HSPG2/FGF1	2
panel30	walktrap	96	GOBP_NEGATIVE_REGULATION_OF_T_CELL_RECEPTOR_SIGNALING_PATHWAY	GOBP_NEGATIVE_REGULATION_OF_T_CELL_RECEPTOR_SIGNALING_PATHWAY	2/2	12/2116	0.166666666666667	176.333333333333	18.7305244170713	2.94949657456193e-05	0.00125666429813154	0.00023238457860185	CD86/CD80	2
panel30	walktrap	96	GOBP_NEGATIVE_REGULATION_OF_ANTIGEN_RECEPTOR_MEDIATED_SIGNALING_PATHWAY	GOBP_NEGATIVE_REGULATION_OF_ANTIGEN_RECEPTOR_MEDIATED_SIGNALING_PATHWAY	2/2	13/2116	0.153846153846154	162.769230769231	17.9914287139273	3.48576867902775e-05	0.00125666429813154	0.00023238457860185	CD86/CD80	2
panel30	walktrap	96	GOBP_POSITIVE_REGULATION_OF_CD4_POSITIVE_ALPHA_BETA_T_CELL_DIFFERENTIATION	GOBP_POSITIVE_REGULATION_OF_CD4_POSITIVE_ALPHA_BETA_T_CELL_DIFFERENTIATION	2/2	13/2116	0.153846153846154	162.769230769231	17.9914287139273	3.48576867902775e-05	0.00125666429813154	0.00023238457860185	CD86/CD80	2
panel30	walktrap	96	GOBP_POSITIVE_REGULATION_OF_CD4_POSITIVE_ALPHA_BETA_T_CELL_ACTIVATION	GOBP_POSITIVE_REGULATION_OF_CD4_POSITIVE_ALPHA_BETA_T_CELL_ACTIVATION	2/2	15/2116	0.133333333333333	141.066666666667	16.7411423366521	4.6923809140758e-05	0.00125666429813154	0.00023238457860185	CD86/CD80	2
panel30	walktrap	96	GOBP_POSITIVE_REGULATION_OF_ALPHA_BETA_T_CELL_DIFFERENTIATION	GOBP_POSITIVE_REGULATION_OF_ALPHA_BETA_T_CELL_DIFFERENTIATION	2/2	17/2116	0.117647058823529	124.470588235294	15.7180784054037	6.07775051727913e-05	0.00125666429813154	0.00023238457860185	CD86/CD80	2
panel30	walktrap	96	GOBP_REGULATION_OF_T_HELPER_CELL_DIFFERENTIATION	GOBP_REGULATION_OF_T_HELPER_CELL_DIFFERENTIATION	2/2	17/2116	0.117647058823529	124.470588235294	15.7180784054037	6.07775051727913e-05	0.00125666429813154	0.00023238457860185	CD86/CD80	2
panel30	walktrap	96	GOBP_REGULATION_OF_T_CELL_RECEPTOR_SIGNALING_PATHWAY	GOBP_REGULATION_OF_T_CELL_RECEPTOR_SIGNALING_PATHWAY	2/2	18/2116	0.111111111111111	117.555555555556	15.271587385329	6.83746933193902e-05	0.00125666429813154	0.00023238457860185	CD86/CD80	2
panel30	walktrap	96	GOBP_POSITIVE_REGULATION_OF_ALPHA_BETA_T_CELL_ACTIVATION	GOBP_POSITIVE_REGULATION_OF_ALPHA_BETA_T_CELL_ACTIVATION	2/2	20/2116	0.1	105.8	14.4809926639573	8.49097498737527e-05	0.00125666429813154	0.00023238457860185	CD86/CD80	2
panel30	walktrap	96	GOBP_REGULATION_OF_ANTIGEN_RECEPTOR_MEDIATED_SIGNALING_PATHWAY	GOBP_REGULATION_OF_ANTIGEN_RECEPTOR_MEDIATED_SIGNALING_PATHWAY	2/2	20/2116	0.1	105.8	14.4809926639573	8.49097498737527e-05	0.00125666429813154	0.00023238457860185	CD86/CD80	2
panel30	walktrap	96	GOBP_REGULATION_OF_CD4_POSITIVE_ALPHA_BETA_T_CELL_DIFFERENTIATION	GOBP_REGULATION_OF_CD4_POSITIVE_ALPHA_BETA_T_CELL_DIFFERENTIATION	2/2	20/2116	0.1	105.8	14.4809926639573	8.49097498737527e-05	0.00125666429813154	0.00023238457860185	CD86/CD80	2
panel30	walktrap	106	GOBP_POSITIVE_REGULATION_OF_PROTEIN_TRANSPORT	GOBP_POSITIVE_REGULATION_OF_PROTEIN_TRANSPORT	2/2	59/2116	0.0338983050847458	35.864406779661	8.35235283383737	0.000764634642284162	0.100445745074004	0.0617085678671537	YWHAE/BAD	2
panel30	walktrap	106	GOBP_POSITIVE_REGULATION_OF_ESTABLISHMENT_OF_PROTEIN_LOCALIZATION	GOBP_POSITIVE_REGULATION_OF_ESTABLISHMENT_OF_PROTEIN_LOCALIZATION	2/2	79/2116	0.0253164556962025	26.7848101265823	7.18289736710071	0.00137687862821596	0.100445745074004	0.0617085678671537	YWHAE/BAD	2
panel30	walktrap	106	GOBP_REGULATION_OF_MEMBRANE_POTENTIAL	GOBP_REGULATION_OF_MEMBRANE_POTENTIAL	2/2	87/2116	0.0229885057471264	24.3218390804598	6.83123285664424	0.00167182828567215	0.100445745074004	0.0617085678671537	YWHAE/BAD	2
panel30	walktrap	106	GOBP_REGULATION_OF_PROTEIN_TRANSPORT	GOBP_REGULATION_OF_PROTEIN_TRANSPORT	2/2	98/2116	0.0204081632653061	21.5918367346939	6.41896836465859	0.00212408442710498	0.100445745074004	0.0617085678671537	YWHAE/BAD	2
panel30	walktrap	106	GOBP_POSITIVE_REGULATION_OF_PROTEIN_LOCALIZATION	GOBP_POSITIVE_REGULATION_OF_PROTEIN_LOCALIZATION	2/2	119/2116	0.0168067226890756	17.781512605042	5.79473051654512	0.00313763870454535	0.100445745074004	0.0617085678671537	YWHAE/BAD	2
panel30	walktrap	106	GOBP_REGULATION_OF_ESTABLISHMENT_OF_PROTEIN_LOCALIZATION	GOBP_REGULATION_OF_ESTABLISHMENT_OF_PROTEIN_LOCALIZATION	2/2	121/2116	0.0165289256198347	17.4876033057851	5.74376227754768	0.00324444623201813	0.100445745074004	0.0617085678671537	YWHAE/BAD	2
panel30	walktrap	106	GOBP_REGULATION_OF_CELLULAR_LOCALIZATION	GOBP_REGULATION_OF_CELLULAR_LOCALIZATION	2/2	129/2116	0.0155038759689922	16.4031007751938	5.55164606404025	0.00368955207872474	0.100445745074004	0.0617085678671537	YWHAE/BAD	2
panel30	walktrap	106	GOBP_EXPORT_FROM_CELL	GOBP_EXPORT_FROM_CELL	2/2	176/2116	0.0113636363636364	12.0227272727273	4.69636911441839	0.00688215867397784	0.100445745074004	0.0617085678671537	YWHAE/BAD	2
panel30	walktrap	106	GOBP_POSITIVE_REGULATION_OF_TRANSPORT	GOBP_POSITIVE_REGULATION_OF_TRANSPORT	2/2	194/2116	0.0103092783505155	10.9072164948454	4.45239328312151	0.00836629172308696	0.100445745074004	0.0617085678671537	YWHAE/BAD	2
panel30	walktrap	106	GOBP_ENTEROENDOCRINE_CELL_DIFFERENTIATION	GOBP_ENTEROENDOCRINE_CELL_DIFFERENTIATION	1/2	10/2116	0.1	105.8	10.2152686230199	0.00943168563729213	0.100445745074004	0.0617085678671537	BAD	1
panel30	walktrap	36	GOBP_EPITHELIAL_CELL_DEVELOPMENT	GOBP_EPITHELIAL_CELL_DEVELOPMENT	3/3	66/2116	0.0454545454545455	32.0606060606061	9.65764033184325	2.90205907052451e-05	0.00510762396412314	0.00363521083570965	MAGI2/RAPGEF2/MAGI1	3
panel30	walktrap	36	GOBP_NEUROTROPHIN_SIGNALING_PATHWAY	GOBP_NEUROTROPHIN_SIGNALING_PATHWAY	2/3	18/2116	0.111111111111111	78.3703703703704	12.4186461048048	0.000204089079870082	0.0170184557131517	0.0121124176427335	MAGI2/RAPGEF2	2
panel30	walktrap	36	GOBP_RESPONSE_TO_NERVE_GROWTH_FACTOR	GOBP_RESPONSE_TO_NERVE_GROWTH_FACTOR	2/3	22/2116	0.0909090909090909	64.1212121212121	11.2115174315772	0.000307743831339227	0.0170184557131517	0.0121124176427335	MAGI2/RAPGEF2	2
panel30	walktrap	36	GOBP_ENDOTHELIAL_CELL_DEVELOPMENT	GOBP_ENDOTHELIAL_CELL_DEVELOPMENT	2/3	27/2116	0.0740740740740741	52.2469135802469	10.0959325697665	0.000466868752970631	0.0170184557131517	0.0121124176427335	RAPGEF2/MAGI1	2
panel30	walktrap	36	GOBP_EPITHELIAL_CELL_DIFFERENTIATION	GOBP_EPITHELIAL_CELL_DIFFERENTIATION	3/3	167/2116	0.0179640718562874	12.6706586826347	5.91989152241485	0.000483478855487263	0.0170184557131517	0.0121124176427335	MAGI2/RAPGEF2/MAGI1	3
panel30	walktrap	36	GOBP_ENDOTHELIAL_CELL_DIFFERENTIATION	GOBP_ENDOTHELIAL_CELL_DIFFERENTIATION	2/3	41/2116	0.0487804878048781	34.4065040650406	8.13729334480835	0.00108583685712178	0.0286569403801771	0.0203957889069442	RAPGEF2/MAGI1	2
panel30	walktrap	36	GOBP_POSITIVE_REGULATION_OF_NEURON_PROJECTION_DEVELOPMENT	GOBP_POSITIVE_REGULATION_OF_NEURON_PROJECTION_DEVELOPMENT	2/3	42/2116	0.0476190476190476	33.5873015873016	8.03590388750654	0.00113976467421159	0.0286569403801771	0.0203957889069442	MAGI2/RAPGEF2	2
panel30	walktrap	36	GOBP_ENDOTHELIUM_DEVELOPMENT	GOBP_ENDOTHELIUM_DEVELOPMENT	2/3	50/2116	0.04	28.2133333333333	7.33614065785003	0.00161747302369302	0.0355844065212464	0.025326222344667	RAPGEF2/MAGI1	2
panel30	walktrap	36	GOBP_EPITHELIUM_DEVELOPMENT	GOBP_EPITHELIUM_DEVELOPMENT	3/3	318/2116	0.00943396226415094	6.65408805031447	4.12047561565615	0.00336699480862474	0.0658434540353283	0.0468622669270578	MAGI2/RAPGEF2/MAGI1	3
panel30	walktrap	36	GOBP_POSITIVE_REGULATION_OF_CELL_PROJECTION_ORGANIZATION	GOBP_POSITIVE_REGULATION_OF_CELL_PROJECTION_ORGANIZATION	2/3	83/2116	0.0240963855421687	16.995983935743	5.60076538932724	0.00444579467985348	0.0782459863654213	0.0556894280950068	MAGI2/RAPGEF2	2
panel30	walktrap	18	GOBP_SPROUTING_ANGIOGENESIS	GOBP_SPROUTING_ANGIOGENESIS	3/4	47/2116	0.0638297872340426	33.7659574468085	9.88393250674902	4.04912342026029e-05	0.0121473702607809	0.00779989037797508	FLT1/FGF2/PGF	3
panel30	walktrap	18	GOBP_VASCULAR_ENDOTHELIAL_CELL_PROLIFERATION	GOBP_VASCULAR_ENDOTHELIAL_CELL_PROLIFERATION	2/4	16/2116	0.125	66.125	11.3772238977762	0.000318928640977244	0.0413311070352307	0.0265389213594639	FLT1/FGF2	2
panel30	walktrap	18	GOBP_CELL_CHEMOTAXIS	GOBP_CELL_CHEMOTAXIS	3/4	120/2116	0.025	13.225	5.99925672389363	0.000682839022267127	0.0413311070352307	0.0265389213594639	FLT1/FGF2/PGF	3
panel30	walktrap	18	GOBP_POSITIVE_REGULATION_OF_MAP_KINASE_ACTIVITY	GOBP_POSITIVE_REGULATION_OF_MAP_KINASE_ACTIVITY	2/4	24/2116	0.0833333333333333	44.0833333333333	9.23575284514667	0.000729824950934135	0.0413311070352307	0.0265389213594639	FLT1/FGF2	2
panel30	walktrap	18	GOBP_VASCULAR_ENDOTHELIAL_GROWTH_FACTOR_SIGNALING_PATHWAY	GOBP_VASCULAR_ENDOTHELIAL_GROWTH_FACTOR_SIGNALING_PATHWAY	2/4	26/2116	0.0769230769230769	40.6923076923077	8.86049744822186	0.000858304836889975	0.0413311070352307	0.0265389213594639	FLT1/PGF	2
panel30	walktrap	18	GOBP_POSITIVE_REGULATION_OF_PROTEIN_SERINE_THREONINE_KINASE_ACTIVITY	GOBP_POSITIVE_REGULATION_OF_PROTEIN_SERINE_THREONINE_KINASE_ACTIVITY	2/4	32/2116	0.0625	33.0625	7.95173208117303	0.00130491962652659	0.0413311070352307	0.0265389213594639	FLT1/FGF2	2
panel30	walktrap	18	GOBP_POSITIVE_CHEMOTAXIS	GOBP_POSITIVE_CHEMOTAXIS	2/4	33/2116	0.0606060606060606	32.0606060606061	7.8245700880751	0.00138822455664222	0.0413311070352307	0.0265389213594639	FGF2/PGF	2
panel30	walktrap	18	GOBP_REGULATION_OF_MAP_KINASE_ACTIVITY	GOBP_REGULATION_OF_MAP_KINASE_ACTIVITY	2/4	33/2116	0.0606060606060606	32.0606060606061	7.8245700880751	0.00138822455664222	0.0413311070352307	0.0265389213594639	FLT1/FGF2	2
panel30	walktrap	18	GOBP_TAXIS	GOBP_TAXIS	3/4	155/2116	0.0193548387096774	10.2387096774194	5.19848262359554	0.00146078439284412	0.0413311070352307	0.0265389213594639	FLT1/FGF2/PGF	3
panel30	walktrap	18	GOBP_VASCULAR_ENDOTHELIAL_GROWTH_FACTOR_RECEPTOR_SIGNALING_PATHWAY	GOBP_VASCULAR_ENDOTHELIAL_GROWTH_FACTOR_RECEPTOR_SIGNALING_PATHWAY	2/4	35/2116	0.0571428571428571	30.2285714285714	7.58654076930812	0.00156239184055963	0.0413311070352307	0.0265389213594639	FLT1/PGF	2
panel30	walktrap	176	GOBP_PROTON_MOTIVE_FORCE_DRIVEN_ATP_SYNTHESIS	GOBP_PROTON_MOTIVE_FORCE_DRIVEN_ATP_SYNTHESIS	4/4	42/2116	0.0952380952380952	50.3809523809524	14.0642946185325	1.34377708327325e-07	2.39054977752571e-06	5.9208663220451e-07	SDHC/SDHD/SDHA/SDHB	4
panel30	walktrap	176	GOBP_ATP_BIOSYNTHETIC_PROCESS	GOBP_ATP_BIOSYNTHETIC_PROCESS	4/4	50/2116	0.08	42.32	12.865254475807	2.76486967102501e-07	2.39054977752571e-06	5.9208663220451e-07	SDHC/SDHD/SDHA/SDHB	4
panel30	walktrap	176	GOBP_NUCLEOSIDE_TRIPHOSPHATE_BIOSYNTHETIC_PROCESS	GOBP_NUCLEOSIDE_TRIPHOSPHATE_BIOSYNTHETIC_PROCESS	4/4	50/2116	0.08	42.32	12.865254475807	2.76486967102501e-07	2.39054977752571e-06	5.9208663220451e-07	SDHC/SDHD/SDHA/SDHB	4
panel30	walktrap	176	GOBP_RIBOSE_PHOSPHATE_BIOSYNTHETIC_PROCESS	GOBP_RIBOSE_PHOSPHATE_BIOSYNTHETIC_PROCESS	4/4	51/2116	0.0784313725490196	41.4901960784314	12.7354168461809	3.00017772813352e-07	2.39054977752571e-06	5.9208663220451e-07	SDHC/SDHD/SDHA/SDHB	4
panel30	walktrap	176	GOBP_NUCLEOTIDE_BIOSYNTHETIC_PROCESS	GOBP_NUCLEOTIDE_BIOSYNTHETIC_PROCESS	4/4	53/2116	0.0754716981132076	39.9245283018868	12.4867640043436	3.51551437871428e-07	2.39054977752571e-06	5.9208663220451e-07	SDHC/SDHD/SDHA/SDHB	4
panel30	walktrap	176	GOBP_PURINE_CONTAINING_COMPOUND_BIOSYNTHETIC_PROCESS	GOBP_PURINE_CONTAINING_COMPOUND_BIOSYNTHETIC_PROCESS	4/4	61/2116	0.0655737704918033	34.6885245901639	11.616604944311	6.2651370480797e-07	3.55024432724517e-06	8.79317480432239e-07	SDHC/SDHD/SDHA/SDHB	4
panel30	walktrap	176	GOBP_NUCLEOSIDE_PHOSPHATE_BIOSYNTHETIC_PROCESS	GOBP_NUCLEOSIDE_PHOSPHATE_BIOSYNTHETIC_PROCESS	4/4	64/2116	0.0625	33.0625	11.3327919461823	7.62801490272334e-07	3.70503580989419e-06	9.17655928147169e-07	SDHC/SDHD/SDHA/SDHB	4
panel30	walktrap	176	GOBP_ATP_SYNTHESIS_COUPLED_ELECTRON_TRANSPORT	GOBP_ATP_SYNTHESIS_COUPLED_ELECTRON_TRANSPORT	4/4	68/2116	0.0588235294117647	31.1176470588235	10.9837020730693	9.77710980042422e-07	4.15527166518029e-06	1.02916945267623e-06	SDHC/SDHD/SDHA/SDHB	4
panel30	walktrap	176	GOBP_ELECTRON_TRANSPORT_CHAIN	GOBP_ELECTRON_TRANSPORT_CHAIN	4/4	71/2116	0.0563380281690141	29.8028169014085	10.7412718043252	1.16649767381953e-06	4.40676898998489e-06	1.09145981176096e-06	SDHC/SDHD/SDHA/SDHB	4
panel30	walktrap	176	GOBP_OXIDATIVE_PHOSPHORYLATION	GOBP_OXIDATIVE_PHOSPHORYLATION	4/4	73/2116	0.0547945205479452	28.986301369863	10.5879279632711	1.30671606427866e-06	4.44283461854743e-06	1.10039247518203e-06	SDHC/SDHD/SDHA/SDHB	4
panel30	walktrap	135	GOBP_RESPONSE_TO_WOUNDING	GOBP_RESPONSE_TO_WOUNDING	2/2	175/2116	0.0114285714285714	12.0914285714286	4.71098189900618	0.00680395232540992	0.121393011480692	0.0927450851720056	CD40LG/TNC	2
panel30	walktrap	135	GOBP_CD40_SIGNALING_PATHWAY	GOBP_CD40_SIGNALING_PATHWAY	1/2	10/2116	0.1	105.8	10.2152686230199	0.00943168563729213	0.121393011480692	0.0927450851720056	CD40LG	1
panel30	walktrap	135	GOBP_IMMUNOGLOBULIN_PRODUCTION_INVOLVED_IN_IMMUNOGLOBULIN_MEDIATED_IMMUNE_RESPONSE	GOBP_IMMUNOGLOBULIN_PRODUCTION_INVOLVED_IN_IMMUNOGLOBULIN_MEDIATED_IMMUNE_RESPONSE	1/2	12/2116	0.0833333333333333	88.1666666666667	9.3118481655212	0.0113126600437063	0.121393011480692	0.0927450851720056	CD40LG	1
panel30	walktrap	135	GOBP_POSITIVE_REGULATION_OF_INTERLEUKIN_4_PRODUCTION	GOBP_POSITIVE_REGULATION_OF_INTERLEUKIN_4_PRODUCTION	1/2	12/2116	0.0833333333333333	88.1666666666667	9.3118481655212	0.0113126600437063	0.121393011480692	0.0927450851720056	CD40LG	1
panel30	walktrap	135	GOBP_SOMATIC_DIVERSIFICATION_OF_IMMUNOGLOBULINS	GOBP_SOMATIC_DIVERSIFICATION_OF_IMMUNOGLOBULINS	1/2	12/2116	0.0833333333333333	88.1666666666667	9.3118481655212	0.0113126600437063	0.121393011480692	0.0927450851720056	CD40LG	1
panel30	walktrap	135	GOBP_POSITIVE_REGULATION_OF_ENDOTHELIAL_CELL_APOPTOTIC_PROCESS	GOBP_POSITIVE_REGULATION_OF_ENDOTHELIAL_CELL_APOPTOTIC_PROCESS	1/2	13/2116	0.0769230769230769	81.3846153846154	8.94010604187068	0.0122524769067824	0.121393011480692	0.0927450851720056	CD40LG	1
panel30	walktrap	135	GOBP_PROSTATE_GLAND_MORPHOGENESIS	GOBP_PROSTATE_GLAND_MORPHOGENESIS	1/2	14/2116	0.0714285714285714	75.5714285714286	8.60870482867123	0.0131918468764384	0.121393011480692	0.0927450851720056	TNC	1
panel30	walktrap	135	GOBP_INTERLEUKIN_4_PRODUCTION	GOBP_INTERLEUKIN_4_PRODUCTION	1/2	15/2116	0.0666666666666667	70.5333333333333	8.31080983204576	0.0141307699526738	0.121393011480692	0.0927450851720056	CD40LG	1
panel30	walktrap	135	GOBP_SOMATIC_DIVERSIFICATION_OF_IMMUNE_RECEPTORS	GOBP_SOMATIC_DIVERSIFICATION_OF_IMMUNE_RECEPTORS	1/2	17/2116	0.0588235294117647	62.2352941176471	7.79538809910682	0.0160072754248839	0.121393011480692	0.0927450851720056	CD40LG	1
panel30	walktrap	135	GOBP_NEURON_PROJECTION_REGENERATION	GOBP_NEURON_PROJECTION_REGENERATION	1/2	18/2116	0.0555555555555556	58.7777777777778	7.57028164001055	0.0169448578208581	0.121393011480692	0.0927450851720056	TNC	1
panel30	walktrap	187	GOBP_TORC2_SIGNALING	GOBP_TORC2_SIGNALING	2/2	15/2116	0.133333333333333	141.066666666667	16.7411423366521	4.6923809140758e-05	0.00384775234954216	0.00301300248166973	DEPTOR/MAPKAP1	2
panel30	walktrap	187	GOBP_TOR_SIGNALING	GOBP_TOR_SIGNALING	2/2	87/2116	0.0229885057471264	24.3218390804598	6.83123285664424	0.00167182828567215	0.0685449597125582	0.0536744870663165	DEPTOR/MAPKAP1	2
panel30	walktrap	187	GOBP_REGULATION_OF_RESPONSE_TO_OXIDATIVE_STRESS	GOBP_REGULATION_OF_RESPONSE_TO_OXIDATIVE_STRESS	1/2	11/2116	0.0909090909090909	96.1818181818182	9.73289372375186	0.0103723962872094	0.177630852971721	0.139094762917522	MAPKAP1	1
panel30	walktrap	187	GOBP_NEGATIVE_REGULATION_OF_INTRACELLULAR_SIGNAL_TRANSDUCTION	GOBP_NEGATIVE_REGULATION_OF_INTRACELLULAR_SIGNAL_TRANSDUCTION	2/2	230/2116	0.00869565217391304	9.2	4.05064905973213	0.0117689382259225	0.177630852971721	0.139094762917522	DEPTOR/MAPKAP1	2
panel30	walktrap	187	GOBP_NEGATIVE_REGULATION_OF_SMALL_GTPASE_MEDIATED_SIGNAL_TRANSDUCTION	GOBP_NEGATIVE_REGULATION_OF_SMALL_GTPASE_MEDIATED_SIGNAL_TRANSDUCTION	1/2	13/2116	0.0769230769230769	81.3846153846154	8.94010604187068	0.0122524769067824	0.177630852971721	0.139094762917522	MAPKAP1	1
panel30	walktrap	187	GOBP_SUBSTANTIA_NIGRA_DEVELOPMENT	GOBP_SUBSTANTIA_NIGRA_DEVELOPMENT	1/2	18/2116	0.0555555555555556	58.7777777777778	7.57028164001055	0.0169448578208581	0.177630852971721	0.139094762917522	MAPKAP1	1
panel30	walktrap	187	GOBP_NEGATIVE_REGULATION_OF_CELLULAR_RESPONSE_TO_INSULIN_STIMULUS	GOBP_NEGATIVE_REGULATION_OF_CELLULAR_RESPONSE_TO_INSULIN_STIMULUS	1/2	19/2116	0.0526315789473684	55.6842105263158	7.36304108921494	0.0178819933234123	0.177630852971721	0.139094762917522	MAPKAP1	1
panel30	walktrap	187	GOBP_NEURAL_NUCLEUS_DEVELOPMENT	GOBP_NEURAL_NUCLEUS_DEVELOPMENT	1/2	21/2116	0.0476190476190476	50.3809523809524	6.9935033551852	0.0197549236482589	0.177630852971721	0.139094762917522	MAPKAP1	1
panel30	walktrap	187	GOBP_REGULATION_OF_INSULIN_RECEPTOR_SIGNALING_PATHWAY	GOBP_REGULATION_OF_INSULIN_RECEPTOR_SIGNALING_PATHWAY	1/2	25/2116	0.04	42.32	6.39103201329035	0.0234954215769081	0.177630852971721	0.139094762917522	MAPKAP1	1
panel30	walktrap	187	GOBP_NEGATIVE_REGULATION_OF_KINASE_ACTIVITY	GOBP_NEGATIVE_REGULATION_OF_KINASE_ACTIVITY	1/2	26/2116	0.0384615384615385	40.6923076923077	6.26235340251159	0.0244294288255192	0.177630852971721	0.139094762917522	DEPTOR	1
panel30	walktrap	43	GOBP_PROTEIN_DNA_COMPLEX_ORGANIZATION	GOBP_PROTEIN_DNA_COMPLEX_ORGANIZATION	2/4	29/2116	0.0689655172413793	36.4827586206897	8.37130905893464	0.00107017923689978	0.20012351730026	0.168975668984176	ATRX/DAXX	2
panel30	walktrap	43	GOBP_REGULATION_OF_PROTEIN_UBIQUITINATION	GOBP_REGULATION_OF_PROTEIN_UBIQUITINATION	2/4	63/2116	0.0317460317460317	16.7936507936508	5.53728090743859	0.0050373675356818	0.205661103724558	0.173651368188482	RASSF1/DAXX	2
panel30	walktrap	43	GOBP_PROTEIN_STABILIZATION	GOBP_PROTEIN_STABILIZATION	2/4	66/2116	0.0303030303030303	16.030303030303	5.3976037446479	0.00552194937877808	0.205661103724558	0.173651368188482	RASSF1/SAV1	2
panel30	walktrap	43	GOBP_REGULATION_OF_POST_TRANSLATIONAL_PROTEIN_MODIFICATION	GOBP_REGULATION_OF_POST_TRANSLATIONAL_PROTEIN_MODIFICATION	2/4	81/2116	0.0246913580246914	13.0617283950617	4.81623946541366	0.00826072674181067	0.205661103724558	0.173651368188482	RASSF1/DAXX	2
panel30	walktrap	43	GOBP_CHROMATIN_REMODELING	GOBP_CHROMATIN_REMODELING	2/4	82/2116	0.024390243902439	12.9024390243902	4.78305794001355	0.0084617860005399	0.205661103724558	0.173651368188482	ATRX/DAXX	2
panel30	walktrap	43	GOBP_REGULATION_OF_PROTEIN_STABILITY	GOBP_REGULATION_OF_PROTEIN_STABILITY	2/4	100/2116	0.02	10.58	4.27030081940412	0.0124664677052753	0.205661103724558	0.173651368188482	RASSF1/SAV1	2
panel30	walktrap	43	GOBP_CHROMATIN_ORGANIZATION	GOBP_CHROMATIN_ORGANIZATION	2/4	105/2116	0.0190476190476191	10.0761904761905	4.15078692843407	0.0137063612816314	0.205661103724558	0.173651368188482	ATRX/DAXX	2
panel30	walktrap	43	GOBP_CHROMOSOME_ORGANIZATION_INVOLVED_IN_MEIOTIC_CELL_CYCLE	GOBP_CHROMOSOME_ORGANIZATION_INVOLVED_IN_MEIOTIC_CELL_CYCLE	1/4	11/2116	0.0909090909090909	48.0909090909091	6.81311299384424	0.0206468941919639	0.205661103724558	0.173651368188482	ATRX	1
panel30	walktrap	43	GOBP_LUNG_CELL_DIFFERENTIATION	GOBP_LUNG_CELL_DIFFERENTIATION	1/4	11/2116	0.0909090909090909	48.0909090909091	6.81311299384424	0.0206468941919639	0.205661103724558	0.173651368188482	SAV1	1
panel30	walktrap	43	GOBP_NEURON_INTRINSIC_APOPTOTIC_SIGNALING_PATHWAY_IN_RESPONSE_TO_OXIDATIVE_STRESS	GOBP_NEURON_INTRINSIC_APOPTOTIC_SIGNALING_PATHWAY_IN_RESPONSE_TO_OXIDATIVE_STRESS	1/4	11/2116	0.0909090909090909	48.0909090909091	6.81311299384424	0.0206468941919639	0.205661103724558	0.173651368188482	DAXX	1
panel30	walktrap	115	GOBP_CALCIUM_ION_IMPORT_ACROSS_PLASMA_MEMBRANE	GOBP_CALCIUM_ION_IMPORT_ACROSS_PLASMA_MEMBRANE	2/2	16/2116	0.125	132.25	16.2056833297899	5.36272104465806e-05	0.00600624757001702	0.00270958536993249	CACNA1H/CACNA1C	2
panel30	walktrap	115	GOBP_CALCIUM_ION_IMPORT	GOBP_CALCIUM_ION_IMPORT	2/2	28/2116	0.0714285714285714	75.5714285714286	12.2152939881606	0.000168925712906729	0.00677371253729698	0.00305581016720164	CACNA1H/CACNA1C	2
panel30	walktrap	115	GOBP_INORGANIC_ION_IMPORT_ACROSS_PLASMA_MEMBRANE	GOBP_INORGANIC_ION_IMPORT_ACROSS_PLASMA_MEMBRANE	2/2	29/2116	0.0689655172413793	72.9655172413793	11.9999632988053	0.000181438728677598	0.00677371253729698	0.00305581016720164	CACNA1H/CACNA1C	2
panel30	walktrap	115	GOBP_IMPORT_ACROSS_PLASMA_MEMBRANE	GOBP_IMPORT_ACROSS_PLASMA_MEMBRANE	2/2	45/2116	0.0444444444444444	47.0222222222222	9.59624847858887	0.00044242448618429	0.0103607770582794	0.00467403476313355	CACNA1H/CACNA1C	2
panel30	walktrap	115	GOBP_REGULATION_OF_HEART_CONTRACTION	GOBP_REGULATION_OF_HEART_CONTRACTION	2/2	46/2116	0.0434782608695652	46	9.48907652623368	0.000462534690101757	0.0103607770582794	0.00467403476313355	CACNA1H/CACNA1C	2
panel30	walktrap	115	GOBP_REGULATION_OF_BLOOD_CIRCULATION	GOBP_REGULATION_OF_BLOOD_CIRCULATION	2/2	56/2116	0.0357142857142857	37.7857142857143	8.57940735550533	0.000688215867397784	0.0128466961914253	0.0057955020412445	CACNA1H/CACNA1C	2
panel30	walktrap	115	GOBP_HEART_PROCESS	GOBP_HEART_PROCESS	2/2	67/2116	0.0298507462686567	31.5820895522388	7.82260263709983	0.000988081352478248	0.0155474220953045	0.00701387462946068	CACNA1H/CACNA1C	2
panel30	walktrap	115	GOBP_CALCIUM_ION_TRANSMEMBRANE_IMPORT_INTO_CYTOSOL	GOBP_CALCIUM_ION_TRANSMEMBRANE_IMPORT_INTO_CYTOSOL	2/2	71/2116	0.028169014084507	29.8028169014085	7.59163245903499	0.00111053014966461	0.0155474220953045	0.00701387462946068	CACNA1H/CACNA1C	2
panel30	walktrap	115	GOBP_MUSCLE_CONTRACTION	GOBP_MUSCLE_CONTRACTION	2/2	82/2116	0.024390243902439	25.8048780487805	7.04508504864492	0.00148413304910912	0.0184692112778024	0.00833197501254242	CACNA1H/CACNA1C	2
panel30	walktrap	115	GOBP_REGULATION_OF_MEMBRANE_POTENTIAL	GOBP_REGULATION_OF_MEMBRANE_POTENTIAL	2/2	87/2116	0.0229885057471264	24.3218390804598	6.83123285664424	0.00167182828567215	0.0187244767995281	0.00844713239076456	CACNA1H/CACNA1C	2
panel30	walktrap	183	GOBP_IRON_ION_TRANSPORT	GOBP_IRON_ION_TRANSPORT	2/2	13/2116	0.153846153846154	162.769230769231	17.9914287139273	3.48576867902775e-05	0.000455831288795935	5.64496952069269e-05	FTH1/FTL	2
panel30	walktrap	183	GOBP_TRANSITION_METAL_ION_TRANSPORT	GOBP_TRANSITION_METAL_ION_TRANSPORT	2/2	16/2116	0.125	132.25	16.2056833297899	5.36272104465806e-05	0.000455831288795935	5.64496952069269e-05	FTH1/FTL	2
panel30	walktrap	183	GOBP_INTRACELLULAR_IRON_ION_HOMEOSTASIS	GOBP_INTRACELLULAR_IRON_ION_HOMEOSTASIS	2/2	36/2116	0.0555555555555556	58.7777777777778	10.7522191940535	0.000281542854844548	0.00159540951078577	0.000197573933224244	FTH1/FTL	2
panel30	walktrap	183	GOBP_INORGANIC_ION_HOMEOSTASIS	GOBP_INORGANIC_ION_HOMEOSTASIS	2/2	140/2116	0.0142857142857143	15.1142857142857	5.31431318087326	0.00434827298037692	0.0153083341153968	0.0018957689306993	FTH1/FTL	2
panel30	walktrap	183	GOBP_METAL_ION_TRANSPORT	GOBP_METAL_ION_TRANSPORT	2/2	150/2116	0.0133333333333333	14.1066666666667	5.12110663891997	0.00499403397283782	0.0153083341153968	0.0018957689306993	FTH1/FTL	2
panel30	walktrap	183	GOBP_MONOATOMIC_ION_HOMEOSTASIS	GOBP_MONOATOMIC_ION_HOMEOSTASIS	2/2	156/2116	0.0128205128205128	13.5641025641026	5.01398959875099	0.00540294145249299	0.0153083341153968	0.0018957689306993	FTH1/FTL	2
panel30	walktrap	183	GOBP_NEGATIVE_REGULATION_OF_FERROPTOSIS	GOBP_NEGATIVE_REGULATION_OF_FERROPTOSIS	1/2	10/2116	0.1	105.8	10.2152686230199	0.00943168563729213	0.0169645211313554	0.00210086948995113	FTH1	1
panel30	walktrap	183	GOBP_CELLULAR_HOMEOSTASIS	GOBP_CELLULAR_HOMEOSTASIS	2/2	222/2116	0.00900900900900901	9.53153153153153	4.13172294829477	0.0109627424955422	0.0169645211313554	0.00210086948995113	FTH1/FTL	2
panel30	walktrap	183	GOBP_MONOATOMIC_CATION_TRANSPORT	GOBP_MONOATOMIC_CATION_TRANSPORT	2/2	222/2116	0.00900900900900901	9.53153153153153	4.13172294829477	0.0109627424955422	0.0169645211313554	0.00210086948995113	FTH1/FTL	2
panel30	walktrap	183	GOBP_NEGATIVE_REGULATION_OF_FIBROBLAST_PROLIFERATION	GOBP_NEGATIVE_REGULATION_OF_FIBROBLAST_PROLIFERATION	1/2	12/2116	0.0833333333333333	88.1666666666667	9.3118481655212	0.0113126600437063	0.0169645211313554	0.00210086948995113	FTH1	1
panel30	walktrap	120	GOBP_POSITIVE_REGULATION_OF_TRANSMEMBRANE_RECEPTOR_PROTEIN_SERINE_THREONINE_KINASE_SIGNALING_PATHWAY	GOBP_POSITIVE_REGULATION_OF_TRANSMEMBRANE_RECEPTOR_PROTEIN_SERINE_THREONINE_KINASE_SIGNALING_PATHWAY	2/2	50/2116	0.04	42.32	9.09280439518843	0.000547444439975511	0.0866568797007603	0.0489461194715463	SCUBE3/TGFBR2	2
panel30	walktrap	120	GOBP_REGULATION_OF_TRANSMEMBRANE_RECEPTOR_PROTEIN_SERINE_THREONINE_KINASE_SIGNALING_PATHWAY	GOBP_REGULATION_OF_TRANSMEMBRANE_RECEPTOR_PROTEIN_SERINE_THREONINE_KINASE_SIGNALING_PATHWAY	2/2	111/2116	0.018018018018018	19.0630630630631	6.01192274706895	0.00272828433146979	0.0866568797007603	0.0489461194715463	SCUBE3/TGFBR2	2
panel30	walktrap	120	GOBP_CELL_SURFACE_RECEPTOR_PROTEIN_SERINE_THREONINE_KINASE_SIGNALING_PATHWAY	GOBP_CELL_SURFACE_RECEPTOR_PROTEIN_SERINE_THREONINE_KINASE_SIGNALING_PATHWAY	2/2	161/2116	0.0124223602484472	13.1428571428571	4.92921924087765	0.00575598725459965	0.0866568797007603	0.0489461194715463	SCUBE3/TGFBR2	2
panel30	walktrap	120	GOBP_OUTFLOW_TRACT_SEPTUM_MORPHOGENESIS	GOBP_OUTFLOW_TRACT_SEPTUM_MORPHOGENESIS	1/2	10/2116	0.1	105.8	10.2152686230199	0.00943168563729213	0.0866568797007603	0.0489461194715463	TGFBR2	1
panel30	walktrap	120	GOBP_POSITIVE_REGULATION_OF_BMP_SIGNALING_PATHWAY	GOBP_POSITIVE_REGULATION_OF_BMP_SIGNALING_PATHWAY	1/2	10/2116	0.1	105.8	10.2152686230199	0.00943168563729213	0.0866568797007603	0.0489461194715463	SCUBE3	1
panel30	walktrap	120	GOBP_REGULATION_OF_CARDIAC_EPITHELIAL_TO_MESENCHYMAL_TRANSITION	GOBP_REGULATION_OF_CARDIAC_EPITHELIAL_TO_MESENCHYMAL_TRANSITION	1/2	10/2116	0.1	105.8	10.2152686230199	0.00943168563729213	0.0866568797007603	0.0489461194715463	TGFBR2	1
panel30	walktrap	120	GOBP_EMBRYONIC_HEMOPOIESIS	GOBP_EMBRYONIC_HEMOPOIESIS	1/2	11/2116	0.0909090909090909	96.1818181818182	9.73289372375186	0.0103723962872094	0.0866568797007603	0.0489461194715463	TGFBR2	1
panel30	walktrap	120	GOBP_MYELOID_DENDRITIC_CELL_DIFFERENTIATION	GOBP_MYELOID_DENDRITIC_CELL_DIFFERENTIATION	1/2	11/2116	0.0909090909090909	96.1818181818182	9.73289372375186	0.0103723962872094	0.0866568797007603	0.0489461194715463	TGFBR2	1
panel30	walktrap	120	GOBP_TOLERANCE_INDUCTION	GOBP_TOLERANCE_INDUCTION	1/2	11/2116	0.0909090909090909	96.1818181818182	9.73289372375186	0.0103723962872094	0.0866568797007603	0.0489461194715463	TGFBR2	1
panel30	walktrap	120	GOBP_TRACHEA_DEVELOPMENT	GOBP_TRACHEA_DEVELOPMENT	1/2	11/2116	0.0909090909090909	96.1818181818182	9.73289372375186	0.0103723962872094	0.0866568797007603	0.0489461194715463	TGFBR2	1
panel30	walktrap	154	GOBP_RHO_PROTEIN_SIGNAL_TRANSDUCTION	GOBP_RHO_PROTEIN_SIGNAL_TRANSDUCTION	3/3	28/2116	0.107142857142857	75.5714285714286	14.9641583827169	2.07761047094369e-06	0.00056926526903857	0.000406774260626869	LPAR1/GNA12/F2R	3
panel30	walktrap	154	GOBP_POSITIVE_REGULATION_OF_RHO_PROTEIN_SIGNAL_TRANSDUCTION	GOBP_POSITIVE_REGULATION_OF_RHO_PROTEIN_SIGNAL_TRANSDUCTION	2/3	10/2116	0.2	141.066666666667	16.7252136656612	6.0178405857096e-05	0.00824444160242215	0.00589114920495782	LPAR1/F2R	2
panel30	walktrap	154	GOBP_SMALL_GTPASE_MEDIATED_SIGNAL_TRANSDUCTION	GOBP_SMALL_GTPASE_MEDIATED_SIGNAL_TRANSDUCTION	3/3	115/2116	0.0260869565217391	18.4	7.22837522711997	0.000156584985753465	0.01156660374179	0.00826503379167475	LPAR1/GNA12/F2R	3
panel30	walktrap	154	GOBP_REGULATION_OF_RHO_PROTEIN_SIGNAL_TRANSDUCTION	GOBP_REGULATION_OF_RHO_PROTEIN_SIGNAL_TRANSDUCTION	2/3	17/2116	0.117647058823529	82.9803921568627	12.7848105695499	0.000181470015444966	0.01156660374179	0.00826503379167475	LPAR1/F2R	2
panel30	walktrap	154	GOBP_G_PROTEIN_COUPLED_RECEPTOR_SIGNALING_PATHWAY	GOBP_G_PROTEIN_COUPLED_RECEPTOR_SIGNALING_PATHWAY	3/3	129/2116	0.0232558139534884	16.4031007751938	6.80095878720599	0.000221652371806075	0.01156660374179	0.00826503379167475	LPAR1/GNA12/F2R	3
panel30	walktrap	154	GOBP_PHOSPHOLIPASE_C_ACTIVATING_G_PROTEIN_COUPLED_RECEPTOR_SIGNALING_PATHWAY	GOBP_PHOSPHOLIPASE_C_ACTIVATING_G_PROTEIN_COUPLED_RECEPTOR_SIGNALING_PATHWAY	2/3	20/2116	0.1	70.5333333333333	11.7700544710872	0.000253283293615839	0.01156660374179	0.00826503379167475	LPAR1/F2R	2
panel30	walktrap	154	GOBP_ADENYLATE_CYCLASE_MODULATING_G_PROTEIN_COUPLED_RECEPTOR_SIGNALING_PATHWAY	GOBP_ADENYLATE_CYCLASE_MODULATING_G_PROTEIN_COUPLED_RECEPTOR_SIGNALING_PATHWAY	2/3	23/2116	0.0869565217391304	61.3333333333333	10.959801506176	0.00033694580073638	0.0131890213431097	0.00942434871232581	LPAR1/GNA12	2
panel30	walktrap	154	GOBP_POSITIVE_REGULATION_OF_CYTOSOLIC_CALCIUM_ION_CONCENTRATION	GOBP_POSITIVE_REGULATION_OF_CYTOSOLIC_CALCIUM_ION_CONCENTRATION	2/3	26/2116	0.0769230769230769	54.2564102564103	10.2932254500436	0.000432423290480145	0.014810497698945	0.0105829910564878	LPAR1/F2R	2
panel30	walktrap	154	GOBP_SMOOTH_MUSCLE_CELL_MIGRATION	GOBP_SMOOTH_MUSCLE_CELL_MIGRATION	2/3	32/2116	0.0625	44.0833333333333	9.25127292851458	0.000658686232531568	0.018024706221588	0.0128797362935665	LPAR1/GNA12	2
panel30	walktrap	154	GOBP_REGULATION_OF_CELL_SHAPE	GOBP_REGULATION_OF_CELL_SHAPE	2/3	33/2116	0.0606060606060606	42.7474747474747	9.10560088214502	0.000700958883188228	0.018024706221588	0.0128797362935665	LPAR1/GNA12	2
panel30	walktrap	218	GOBP_MYOFIBRIL_ASSEMBLY	GOBP_MYOFIBRIL_ASSEMBLY	1/2	15/2116	0.0666666666666667	70.5333333333333	8.31080983204576	0.0141307699526738	0.153114996104579	0.110519094932628	MYL9	1
panel30	walktrap	218	GOBP_CELLULAR_COMPONENT_ASSEMBLY_INVOLVED_IN_MORPHOGENESIS	GOBP_CELLULAR_COMPONENT_ASSEMBLY_INVOLVED_IN_MORPHOGENESIS	1/2	19/2116	0.0526315789473684	55.6842105263158	7.36304108921494	0.0178819933234123	0.153114996104579	0.110519094932628	MYL9	1
panel30	walktrap	218	GOBP_REGULATION_OF_CELL_SHAPE	GOBP_REGULATION_OF_CELL_SHAPE	1/2	33/2116	0.0303030303030303	32.0606060606061	5.53018872818263	0.0309549665500274	0.153114996104579	0.110519094932628	MYL12B	1
panel30	walktrap	218	GOBP_PLATELET_AGGREGATION	GOBP_PLATELET_AGGREGATION	1/2	34/2116	0.0294117647058824	31.1176470588235	5.44424709090969	0.0318853986512758	0.153114996104579	0.110519094932628	MYL9	1
panel30	walktrap	218	GOBP_STRESS_FIBER_ASSEMBLY	GOBP_STRESS_FIBER_ASSEMBLY	1/2	36/2116	0.0277777777777778	29.3888888888889	5.28306154630898	0.0337449221735109	0.153114996104579	0.110519094932628	MYL9	1
panel30	walktrap	218	GOBP_HOMOTYPIC_CELL_CELL_ADHESION	GOBP_HOMOTYPIC_CELL_CELL_ADHESION	1/2	39/2116	0.0256410256410256	27.1282051282051	5.06455538000356	0.0365308557562106	0.153114996104579	0.110519094932628	MYL9	1
panel30	walktrap	218	GOBP_ACTIN_FILAMENT_BUNDLE_ORGANIZATION	GOBP_ACTIN_FILAMENT_BUNDLE_ORGANIZATION	1/2	43/2116	0.0232558139534884	24.6046511627907	4.80894550433972	0.0402391773585917	0.153114996104579	0.110519094932628	MYL9	1
panel30	walktrap	218	GOBP_ACTOMYOSIN_STRUCTURE_ORGANIZATION	GOBP_ACTOMYOSIN_STRUCTURE_ORGANIZATION	1/2	48/2116	0.0208333333333333	22.0416666666667	4.53464381606472	0.0448645242596094	0.153114996104579	0.110519094932628	MYL9	1
panel30	walktrap	218	GOBP_REGULATION_OF_MUSCLE_CONTRACTION	GOBP_REGULATION_OF_MUSCLE_CONTRACTION	1/2	48/2116	0.0208333333333333	22.0416666666667	4.53464381606472	0.0448645242596094	0.153114996104579	0.110519094932628	MYL9	1
panel30	walktrap	218	GOBP_REGULATION_OF_CELL_MORPHOGENESIS	GOBP_REGULATION_OF_CELL_MORPHOGENESIS	1/2	50/2116	0.02	21.16	4.43637310278313	0.0467115347660737	0.153114996104579	0.110519094932628	MYL12B	1
panel30	walktrap	145	GOBP_MITOCHONDRIAL_TRANSPORT	GOBP_MITOCHONDRIAL_TRANSPORT	5/7	28/2116	0.178571428571429	53.9795918367347	16.2550493595574	5.75994557165494e-09	9.56150964894719e-07	7.57887575217755e-07	SLC25A6/SLC25A5/VDAC1/VDAC2/SLC25A4	5
panel30	walktrap	145	GOBP_ORGANOPHOSPHATE_ESTER_TRANSPORT	GOBP_ORGANOPHOSPHATE_ESTER_TRANSPORT	4/7	11/2116	0.363636363636364	109.922077922078	20.8618167541362	1.37563280745233e-08	1.14177523018543e-06	9.05021583850214e-07	SLC25A6/SLC25A5/VDAC2/SLC25A4	4
panel30	walktrap	145	GOBP_REGULATION_OF_MITOCHONDRIAL_MEMBRANE_PERMEABILITY	GOBP_REGULATION_OF_MITOCHONDRIAL_MEMBRANE_PERMEABILITY	4/7	24/2116	0.166666666666667	50.3809523809524	14.0136142442827	4.36425304344172e-07	2.38486088115997e-05	1.8903462913443e-05	SLC25A6/SLC25A5/VDAC2/SLC25A4	4
panel30	walktrap	145	GOBP_MITOCHONDRIAL_MEMBRANE_ORGANIZATION	GOBP_MITOCHONDRIAL_MEMBRANE_ORGANIZATION	4/7	27/2116	0.148148148148148	44.7830687830688	13.1881772773007	7.18331590710835e-07	2.38486088115997e-05	1.8903462913443e-05	SLC25A6/SLC25A5/VDAC2/SLC25A4	4
panel30	walktrap	145	GOBP_REGULATION_OF_MEMBRANE_PERMEABILITY	GOBP_REGULATION_OF_MEMBRANE_PERMEABILITY	4/7	27/2116	0.148148148148148	44.7830687830688	13.1881772773007	7.18331590710835e-07	2.38486088115997e-05	1.8903462913443e-05	SLC25A6/SLC25A5/VDAC2/SLC25A4	4
panel30	walktrap	145	GOBP_REGULATION_OF_AUTOPHAGY_OF_MITOCHONDRION	GOBP_REGULATION_OF_AUTOPHAGY_OF_MITOCHONDRION	3/7	17/2116	0.176470588235294	53.3445378151261	12.481176561875	1.47959425616152e-05	0.000409354410871353	0.000324472424596824	SLC25A5/VDAC1/SLC25A4	3
panel30	walktrap	145	GOBP_TRANSMEMBRANE_TRANSPORT	GOBP_TRANSMEMBRANE_TRANSPORT	6/7	270/2116	0.0222222222222222	6.71746031746032	5.79342126044851	2.56866556660321e-05	0.000609140691508761	0.000482831873421656	SLC25A6/SLC25A5/VDAC1/VDAC2/VDAC3/SLC25A4	6
panel30	walktrap	145	GOBP_MONOATOMIC_ION_TRANSMEMBRANE_TRANSPORT	GOBP_MONOATOMIC_ION_TRANSMEMBRANE_TRANSPORT	5/7	195/2116	0.0256410256410256	7.75091575091575	5.69878440838934	0.000113964706397446	0.00230395229349575	0.00182621456364597	SLC25A5/VDAC1/VDAC2/VDAC3/SLC25A4	5
panel30	walktrap	145	GOBP_MITOCHONDRION_ORGANIZATION	GOBP_MITOCHONDRION_ORGANIZATION	4/7	98/2116	0.0408163265306122	12.3381924198251	6.62006412128536	0.000136159835383765	0.00230395229349575	0.00182621456364597	SLC25A6/SLC25A5/VDAC2/SLC25A4	4
panel30	walktrap	145	GOBP_POSITIVE_REGULATION_OF_MACROAUTOPHAGY	GOBP_POSITIVE_REGULATION_OF_MACROAUTOPHAGY	3/7	35/2116	0.0857142857142857	25.9102040816327	8.55935784794392	0.000138792306837093	0.00230395229349575	0.00182621456364597	SLC25A5/VDAC1/SLC25A4	3
panel30	walktrap	45	GOBP_MITOPHAGY	GOBP_MITOPHAGY	4/4	41/2116	0.0975609756097561	51.609756097561	14.2382084484888	1.2157983134377e-07	1.03342856642205e-05	6.39893849177737e-06	ATG7/MAP1LC3A/ATG13/ATG10	4
panel30	walktrap	45	GOBP_AUTOPHAGY_OF_MITOCHONDRION	GOBP_AUTOPHAGY_OF_MITOCHONDRION	4/4	52/2116	0.0769230769230769	40.6923076923077	12.6093122431303	3.25019253881131e-07	1.24935972535846e-05	7.7359735316313e-06	ATG7/MAP1LC3A/ATG13/ATG10	4
panel30	walktrap	45	GOBP_AUTOPHAGOSOME_ORGANIZATION	GOBP_AUTOPHAGOSOME_ORGANIZATION	4/4	56/2116	0.0714285714285714	37.7857142857143	12.1388577256312	4.40950491302984e-07	1.24935972535846e-05	7.7359735316313e-06	ATG7/MAP1LC3A/ATG13/ATG10	4
panel30	walktrap	45	GOBP_VACUOLE_ORGANIZATION	GOBP_VACUOLE_ORGANIZATION	4/4	78/2116	0.0512820512820513	27.1282051282051	10.23040938691	1.7124964049031e-06	3.63905486041909e-05	2.25328474329355e-05	ATG7/MAP1LC3A/ATG13/ATG10	4
panel30	walktrap	45	GOBP_MACROAUTOPHAGY	GOBP_MACROAUTOPHAGY	4/4	145/2116	0.0275862068965517	14.5931034482759	7.37900042928737	2.12092035951608e-05	0.000360556461117734	0.000223254774685903	ATG7/MAP1LC3A/ATG13/ATG10	4
panel30	walktrap	45	GOBP_ORGANELLE_ASSEMBLY	GOBP_ORGANELLE_ASSEMBLY	4/4	184/2116	0.0217391304347826	11.5	6.48534186384258	5.54866315215704e-05	0.000786060613222248	0.000486724837908513	ATG7/MAP1LC3A/ATG13/ATG10	4
panel30	walktrap	45	GOBP_CELLULAR_RESPONSE_TO_NITROGEN_LEVELS	GOBP_CELLULAR_RESPONSE_TO_NITROGEN_LEVELS	2/4	10/2116	0.2	105.8	14.4534100440367	0.000120053156270904	0.00115782795388304	0.000716921333673707	ATG7/MAP1LC3A	2
panel30	walktrap	45	GOBP_LIPOPROTEIN_BIOSYNTHETIC_PROCESS	GOBP_LIPOPROTEIN_BIOSYNTHETIC_PROCESS	2/4	10/2116	0.2	105.8	14.4534100440367	0.000120053156270904	0.00115782795388304	0.000716921333673707	ATG7/ATG13	2
panel30	walktrap	45	GOBP_PROCESS_UTILIZING_AUTOPHAGIC_MECHANISM	GOBP_PROCESS_UTILIZING_AUTOPHAGIC_MECHANISM	4/4	224/2116	0.0178571428571429	9.44642857142857	5.81667476803911	0.000122593548058204	0.00115782795388304	0.000716921333673707	ATG7/MAP1LC3A/ATG13/ATG10	4
panel30	walktrap	45	GOBP_LIPOPROTEIN_METABOLIC_PROCESS	GOBP_LIPOPROTEIN_METABOLIC_PROCESS	2/4	15/2116	0.133333333333333	70.5333333333333	11.7588236524571	0.000279239315023344	0.0021577583433622	0.00133607327762366	ATG7/ATG13	2
panel30	walktrap	37	GOBP_MACROAUTOPHAGY	GOBP_MACROAUTOPHAGY	10/10	145/2116	0.0689655172413793	14.5931034482759	11.6838322625551	1.69804246605596e-12	5.43373589137906e-10	4.70089651129175e-10	GABARAP/MAP1LC3B2/WDFY3/ATG4B/RAB33B/SQSTM1/ATG16L2/ATG5/MAP1LC3B/ATG3	10
panel30	walktrap	37	GOBP_AUTOPHAGOSOME_ORGANIZATION	GOBP_AUTOPHAGOSOME_ORGANIZATION	8/10	56/2116	0.142857142857143	30.2285714285714	15.2719324735471	6.2378992568008e-12	9.98063881088128e-10	8.63456581336111e-10	GABARAP/MAP1LC3B2/ATG4B/RAB33B/ATG16L2/ATG5/MAP1LC3B/ATG3	8
panel30	walktrap	37	GOBP_VACUOLE_ORGANIZATION	GOBP_VACUOLE_ORGANIZATION	8/10	78/2116	0.102564102564103	21.7025641025641	12.8349846019856	1.01023294343024e-10	1.07758180632559e-08	9.32250049551416e-09	GABARAP/MAP1LC3B2/ATG4B/RAB33B/ATG16L2/ATG5/MAP1LC3B/ATG3	8
panel30	walktrap	37	GOBP_PROCESS_UTILIZING_AUTOPHAGIC_MECHANISM	GOBP_PROCESS_UTILIZING_AUTOPHAGIC_MECHANISM	10/10	224/2116	0.0446428571428571	9.44642857142857	9.21006211706763	1.47253804520698e-10	1.17803043616558e-08	1.01915133128799e-08	GABARAP/MAP1LC3B2/WDFY3/ATG4B/RAB33B/SQSTM1/ATG16L2/ATG5/MAP1LC3B/ATG3	10
panel30	walktrap	37	GOBP_AUTOPHAGY_OF_MITOCHONDRION	GOBP_AUTOPHAGY_OF_MITOCHONDRION	7/10	52/2116	0.134615384615385	28.4846153846154	13.8249156959554	4.06597756782498e-10	2.60222564340798e-08	2.25126757965888e-08	GABARAP/MAP1LC3B2/ATG4B/SQSTM1/ATG5/MAP1LC3B/ATG3	7
panel30	walktrap	37	GOBP_ORGANELLE_ASSEMBLY	GOBP_ORGANELLE_ASSEMBLY	9/10	184/2116	0.0489130434782609	10.35	9.14414204506545	2.19314198108658e-09	1.16967572324618e-07	1.01192340530837e-07	GABARAP/MAP1LC3B2/ATG4B/RAB33B/SQSTM1/ATG16L2/ATG5/MAP1LC3B/ATG3	9
panel30	walktrap	37	GOBP_MITOPHAGY	GOBP_MITOPHAGY	6/10	41/2116	0.146341463414634	30.9658536585366	13.348594320202	7.20314560114165e-09	3.2928665605219e-07	2.8487628467673e-07	GABARAP/MAP1LC3B2/ATG4B/SQSTM1/ATG5/MAP1LC3B	6
panel30	walktrap	37	GOBP_CELLULAR_RESPONSE_TO_NITROGEN_LEVELS	GOBP_CELLULAR_RESPONSE_TO_NITROGEN_LEVELS	4/10	10/2116	0.4	84.64	18.2646285001348	5.22258997648403e-08	2.08903599059361e-06	1.80729100502013e-06	GABARAP/MAP1LC3B2/ATG5/MAP1LC3B	4
panel30	walktrap	37	GOBP_AUTOPHAGOSOME_MATURATION	GOBP_AUTOPHAGOSOME_MATURATION	4/10	29/2116	0.137931034482759	29.1862068965517	10.5293221250889	5.65573314538956e-06	0.000201092734058296	0.000173971674530697	GABARAP/MAP1LC3B2/ATG5/MAP1LC3B	4
panel30	walktrap	37	GOBP_PROTEIN_CONTAINING_COMPLEX_DISASSEMBLY	GOBP_PROTEIN_CONTAINING_COMPLEX_DISASSEMBLY	4/10	52/2116	0.0769230769230769	16.2769230769231	7.68437799388959	6.11450328194136e-05	0.00195664105022123	0.00169275196121113	GABARAP/MAP1LC3B2/ATG5/MAP1LC3B	4
panel30	walktrap	104	GOBP_POSITIVE_REGULATION_OF_MACROPHAGE_MIGRATION	GOBP_POSITIVE_REGULATION_OF_MACROPHAGE_MIGRATION	2/2	12/2116	0.166666666666667	176.333333333333	18.7305244170713	2.94949657456193e-05	0.00194867875960262	0.000864738768451111	CSF1R/CSF1	2
panel30	walktrap	104	GOBP_MACROPHAGE_CHEMOTAXIS	GOBP_MACROPHAGE_CHEMOTAXIS	2/2	13/2116	0.153846153846154	162.769230769231	17.9914287139273	3.48576867902775e-05	0.00194867875960262	0.000864738768451111	CSF1R/CSF1	2
panel30	walktrap	104	GOBP_REGULATION_OF_MACROPHAGE_MIGRATION	GOBP_REGULATION_OF_MACROPHAGE_MIGRATION	2/2	13/2116	0.153846153846154	162.769230769231	17.9914287139273	3.48576867902775e-05	0.00194867875960262	0.000864738768451111	CSF1R/CSF1	2
panel30	walktrap	104	GOBP_MACROPHAGE_MIGRATION	GOBP_MACROPHAGE_MIGRATION	2/2	15/2116	0.133333333333333	141.066666666667	16.7411423366521	4.6923809140758e-05	0.00194867875960262	0.000864738768451111	CSF1R/CSF1	2
panel30	walktrap	104	GOBP_MAMMARY_GLAND_DUCT_MORPHOGENESIS	GOBP_MAMMARY_GLAND_DUCT_MORPHOGENESIS	2/2	18/2116	0.111111111111111	117.555555555556	15.271587385329	6.83746933193902e-05	0.00194867875960262	0.000864738768451111	CSF1R/CSF1	2
panel30	walktrap	104	GOBP_GLIAL_CELL_PROLIFERATION	GOBP_GLIAL_CELL_PROLIFERATION	2/2	19/2116	0.105263157894737	111.368421052632	14.8607287431027	7.64187748863773e-05	0.00194867875960262	0.000864738768451111	CSF1R/CSF1	2
panel30	walktrap	104	GOBP_MONOCYTE_DIFFERENTIATION	GOBP_MONOCYTE_DIFFERENTIATION	2/2	19/2116	0.105263157894737	111.368421052632	14.8607287431027	7.64187748863773e-05	0.00194867875960262	0.000864738768451111	CSF1R/CSF1	2
panel30	walktrap	104	GOBP_RESPONSE_TO_ISCHEMIA	GOBP_RESPONSE_TO_ISCHEMIA	2/2	19/2116	0.105263157894737	111.368421052632	14.8607287431027	7.64187748863773e-05	0.00194867875960262	0.000864738768451111	CSF1R/CSF1	2
panel30	walktrap	104	GOBP_MAMMARY_GLAND_MORPHOGENESIS	GOBP_MAMMARY_GLAND_MORPHOGENESIS	2/2	25/2116	0.08	84.64	12.936735662914	0.000134068026116452	0.00273498773277561	0.00121366844694893	CSF1R/CSF1	2
panel30	walktrap	104	GOBP_REGULATION_OF_GRANULOCYTE_CHEMOTAXIS	GOBP_REGULATION_OF_GRANULOCYTE_CHEMOTAXIS	2/2	25/2116	0.08	84.64	12.936735662914	0.000134068026116452	0.00273498773277561	0.00121366844694893	CSF1R/CSF1	2
panel30	walktrap	216	GOBP_POSITIVE_REGULATION_OF_CARTILAGE_DEVELOPMENT	GOBP_POSITIVE_REGULATION_OF_CARTILAGE_DEVELOPMENT	2/2	14/2116	0.142857142857143	151.142857142857	17.3328520592595	4.06673012553236e-05	0.00358967139926798	0.00172736067333196	BMPR1B/GDF6	2
panel30	walktrap	216	GOBP_REGULATION_OF_CHONDROCYTE_DIFFERENTIATION	GOBP_REGULATION_OF_CHONDROCYTE_DIFFERENTIATION	2/2	18/2116	0.111111111111111	117.555555555556	15.271587385329	6.83746933193902e-05	0.00358967139926798	0.00172736067333196	BMPR1B/GDF6	2
panel30	walktrap	216	GOBP_REGULATION_OF_CARTILAGE_DEVELOPMENT	GOBP_REGULATION_OF_CARTILAGE_DEVELOPMENT	2/2	30/2116	0.0666666666666667	70.5333333333333	11.795441930302	0.000194398637868855	0.00680395232540992	0.00327408232200176	BMPR1B/GDF6	2
panel30	walktrap	216	GOBP_CHONDROCYTE_DIFFERENTIATION	GOBP_CHONDROCYTE_DIFFERENTIATION	2/2	45/2116	0.0444444444444444	47.0222222222222	9.59624847858887	0.00044242448618429	0.0116136427623376	0.00558851982548577	BMPR1B/GDF6	2
panel30	walktrap	216	GOBP_RESPONSE_TO_BMP	GOBP_RESPONSE_TO_BMP	2/2	72/2116	0.0277777777777778	29.3888888888889	7.53688501714	0.00114225958251217	0.0239874512327555	0.0115428336759124	BMPR1B/GDF6	2
panel30	walktrap	216	GOBP_CARTILAGE_DEVELOPMENT	GOBP_CARTILAGE_DEVELOPMENT	2/2	82/2116	0.024390243902439	25.8048780487805	7.04508504864492	0.00148413304910912	0.0259723283594096	0.0124979625188136	BMPR1B/GDF6	2
panel30	walktrap	216	GOBP_CONNECTIVE_TISSUE_DEVELOPMENT	GOBP_CONNECTIVE_TISSUE_DEVELOPMENT	2/2	113/2116	0.0176991150442478	18.7256637168142	5.95550982028808	0.00282794156421635	0.0424191234632452	0.0204122097868248	BMPR1B/GDF6	2
panel30	walktrap	216	GOBP_SKELETAL_SYSTEM_DEVELOPMENT	GOBP_SKELETAL_SYSTEM_DEVELOPMENT	2/2	160/2116	0.0125	13.225	4.94586349914033	0.00568448430733754	0.0671531846369959	0.0323143144117875	BMPR1B/GDF6	2
panel30	walktrap	216	GOBP_CELL_SURFACE_RECEPTOR_PROTEIN_SERINE_THREONINE_KINASE_SIGNALING_PATHWAY	GOBP_CELL_SURFACE_RECEPTOR_PROTEIN_SERINE_THREONINE_KINASE_SIGNALING_PATHWAY	2/2	161/2116	0.0124223602484472	13.1428571428571	4.92921924087765	0.00575598725459965	0.0671531846369959	0.0323143144117875	BMPR1B/GDF6	2
panel30	walktrap	216	GOBP_POSITIVE_REGULATION_OF_P38MAPK_CASCADE	GOBP_POSITIVE_REGULATION_OF_P38MAPK_CASCADE	1/2	10/2116	0.1	105.8	10.2152686230199	0.00943168563729213	0.0849608887003807	0.040883435164093	GDF6	1
panel30	walktrap	108	GOBP_ENDOSOMAL_TRANSPORT	GOBP_ENDOSOMAL_TRANSPORT	2/2	29/2116	0.0689655172413793	72.9655172413793	11.9999632988053	0.000181438728677598	0.00562460058900553	0.00324679830265175	ZFYVE16/ZFYVE9	2
panel30	walktrap	108	GOBP_ENDOCYTOSIS	GOBP_ENDOCYTOSIS	2/2	152/2116	0.0131578947368421	13.9210526315789	5.0847152852879	0.00512854889237466	0.0551361709079334	0.0318273312541551	ZFYVE16/ZFYVE9	2
panel30	walktrap	108	GOBP_IMPORT_INTO_CELL	GOBP_IMPORT_INTO_CELL	2/2	191/2116	0.0104712041884817	11.0785340314136	4.49072411752869	0.00810888111294338	0.0551361709079334	0.0318273312541551	ZFYVE16/ZFYVE9	2
panel30	walktrap	108	GOBP_PROTEIN_TARGETING_TO_LYSOSOME	GOBP_PROTEIN_TARGETING_TO_LYSOSOME	1/2	10/2116	0.1	105.8	10.2152686230199	0.00943168563729213	0.0551361709079334	0.0318273312541551	ZFYVE16	1
panel30	walktrap	108	GOBP_INTRACELLULAR_TRANSPORT	GOBP_INTRACELLULAR_TRANSPORT	2/2	229/2116	0.00873362445414847	9.24017467248908	4.0605597099774	0.0116665996326536	0.0551361709079334	0.0318273312541551	ZFYVE16/ZFYVE9	2
panel30	walktrap	108	GOBP_PROTEIN_TARGETING_TO_VACUOLE	GOBP_PROTEIN_TARGETING_TO_VACUOLE	1/2	13/2116	0.0769230769230769	81.3846153846154	8.94010604187068	0.0122524769067824	0.0551361709079334	0.0318273312541551	ZFYVE16	1
panel30	walktrap	108	GOBP_VESICLE_MEDIATED_TRANSPORT	GOBP_VESICLE_MEDIATED_TRANSPORT	2/2	251/2116	0.00796812749003984	8.43027888446215	3.85585105535175	0.0140212810646789	0.0551361709079334	0.0318273312541551	ZFYVE16/ZFYVE9	2
panel30	walktrap	108	GOBP_ESTABLISHMENT_OF_PROTEIN_LOCALIZATION_TO_VACUOLE	GOBP_ESTABLISHMENT_OF_PROTEIN_LOCALIZATION_TO_VACUOLE	1/2	16/2116	0.0625	66.125	8.04110572840052	0.0150692461354892	0.0551361709079334	0.0318273312541551	ZFYVE16	1
panel30	walktrap	108	GOBP_PROTEIN_LOCALIZATION_TO_LYSOSOME	GOBP_PROTEIN_LOCALIZATION_TO_LYSOSOME	1/2	17/2116	0.0588235294117647	62.2352941176471	7.79538809910682	0.0160072754248839	0.0551361709079334	0.0318273312541551	ZFYVE16	1
panel30	walktrap	108	GOBP_LYSOSOMAL_TRANSPORT	GOBP_LYSOSOMAL_TRANSPORT	1/2	22/2116	0.0454545454545455	48.0909090909091	6.82775247786468	0.0206907184705517	0.0582824992067645	0.0336435479292019	ZFYVE16	1
panel30	walktrap	214	GOBP_RETINOIC_ACID_RECEPTOR_SIGNALING_PATHWAY	GOBP_RETINOIC_ACID_RECEPTOR_SIGNALING_PATHWAY	2/2	14/2116	0.142857142857143	151.142857142857	17.3328520592595	4.06673012553236e-05	0.0103294945188522	0.0065495758863837	RXRG/PPARG	2
panel30	walktrap	214	GOBP_NUCLEAR_RECEPTOR_MEDIATED_SIGNALING_PATHWAY	GOBP_NUCLEAR_RECEPTOR_MEDIATED_SIGNALING_PATHWAY	2/2	50/2116	0.04	42.32	9.09280439518843	0.000547444439975511	0.0561879097454048	0.0356268138874718	RXRG/PPARG	2
panel30	walktrap	214	GOBP_HORMONE_MEDIATED_SIGNALING_PATHWAY	GOBP_HORMONE_MEDIATED_SIGNALING_PATHWAY	2/2	55/2116	0.0363636363636364	38.4727272727273	8.65915160455733	0.000663636729276435	0.0561879097454048	0.0356268138874718	RXRG/PPARG	2
panel30	walktrap	214	GOBP_INTRACELLULAR_RECEPTOR_SIGNALING_PATHWAY	GOBP_INTRACELLULAR_RECEPTOR_SIGNALING_PATHWAY	2/2	121/2116	0.0165289256198347	17.4876033057851	5.74376227754768	0.00324444623201813	0.101700961933332	0.0644850691081632	RXRG/PPARG	2
panel30	walktrap	214	GOBP_CELLULAR_RESPONSE_TO_HORMONE_STIMULUS	GOBP_CELLULAR_RESPONSE_TO_HORMONE_STIMULUS	2/2	204/2116	0.00980392156862745	10.3725490196078	4.33058485221382	0.00925337516255748	0.101700961933332	0.0644850691081632	RXRG/PPARG	2
panel30	walktrap	214	GOBP_ENDOCRINE_HORMONE_SECRETION	GOBP_ENDOCRINE_HORMONE_SECRETION	1/2	10/2116	0.1	105.8	10.2152686230199	0.00943168563729213	0.101700961933332	0.0644850691081632	PPARG	1
panel30	walktrap	214	GOBP_MITOCHONDRIAL_FISSION	GOBP_MITOCHONDRIAL_FISSION	1/2	10/2116	0.1	105.8	10.2152686230199	0.00943168563729213	0.101700961933332	0.0644850691081632	PPARG	1
panel30	walktrap	214	GOBP_MUSCLE_HYPERTROPHY_IN_RESPONSE_TO_STRESS	GOBP_MUSCLE_HYPERTROPHY_IN_RESPONSE_TO_STRESS	1/2	10/2116	0.1	105.8	10.2152686230199	0.00943168563729213	0.101700961933332	0.0644850691081632	PPARG	1
panel30	walktrap	214	GOBP_NEGATIVE_REGULATION_OF_MUSCLE_HYPERTROPHY	GOBP_NEGATIVE_REGULATION_OF_MUSCLE_HYPERTROPHY	1/2	10/2116	0.1	105.8	10.2152686230199	0.00943168563729213	0.101700961933332	0.0644850691081632	PPARG	1
panel30	walktrap	214	GOBP_NEGATIVE_REGULATION_OF_SMAD_PROTEIN_SIGNAL_TRANSDUCTION	GOBP_NEGATIVE_REGULATION_OF_SMAD_PROTEIN_SIGNAL_TRANSDUCTION	1/2	10/2116	0.1	105.8	10.2152686230199	0.00943168563729213	0.101700961933332	0.0644850691081632	PPARG	1
panel30	walktrap	54	GOBP_DEVELOPMENT_OF_PRIMARY_FEMALE_SEXUAL_CHARACTERISTICS	GOBP_DEVELOPMENT_OF_PRIMARY_FEMALE_SEXUAL_CHARACTERISTICS	3/4	44/2116	0.0681818181818182	36.0681818181818	10.2278167176461	3.31079865007736e-05	0.00527735752440591	0.00365131480353296	INSR/KITLG/KIT	3
panel30	walktrap	54	GOBP_MALE_SEX_DIFFERENTIATION	GOBP_MALE_SEX_DIFFERENTIATION	3/4	46/2116	0.0652173913043478	34.5	9.99486136911757	3.79203556152915e-05	0.00527735752440591	0.00365131480353296	INSR/KITLG/KIT	3
panel30	walktrap	54	GOBP_FEMALE_SEX_DIFFERENTIATION	GOBP_FEMALE_SEX_DIFFERENTIATION	3/4	47/2116	0.0638297872340426	33.7659574468085	9.88393250674902	4.04912342026029e-05	0.00527735752440591	0.00365131480353296	INSR/KITLG/KIT	3
panel30	walktrap	54	GOBP_DEVELOPMENT_OF_PRIMARY_SEXUAL_CHARACTERISTICS	GOBP_DEVELOPMENT_OF_PRIMARY_SEXUAL_CHARACTERISTICS	3/4	63/2116	0.0476190476190476	25.1904761904762	8.48122221400644	9.85920926176991e-05	0.00696410502421253	0.0048183469948112	INSR/KITLG/KIT	3
panel30	walktrap	54	GOBP_REGULATION_OF_GLYCOGEN_BIOSYNTHETIC_PROCESS	GOBP_REGULATION_OF_GLYCOGEN_BIOSYNTHETIC_PROCESS	2/4	10/2116	0.2	105.8	14.4534100440367	0.000120053156270904	0.00696410502421253	0.0048183469948112	INSR/GRB10	2
panel30	walktrap	54	GOBP_EMBRYONIC_HEMOPOIESIS	GOBP_EMBRYONIC_HEMOPOIESIS	2/4	11/2116	0.181818181818182	96.1818181818182	13.7709059933493	0.000146638884849706	0.00696410502421253	0.0048183469948112	KITLG/KIT	2
panel30	walktrap	54	GOBP_GLUCAN_BIOSYNTHETIC_PROCESS	GOBP_GLUCAN_BIOSYNTHETIC_PROCESS	2/4	11/2116	0.181818181818182	96.1818181818182	13.7709059933493	0.000146638884849706	0.00696410502421253	0.0048183469948112	INSR/GRB10	2
panel30	walktrap	54	GOBP_REGULATION_OF_GLYCOGEN_METABOLIC_PROCESS	GOBP_REGULATION_OF_GLYCOGEN_METABOLIC_PROCESS	2/4	11/2116	0.181818181818182	96.1818181818182	13.7709059933493	0.000146638884849706	0.00696410502421253	0.0048183469948112	INSR/GRB10	2
panel30	walktrap	54	GOBP_SEX_DIFFERENTIATION	GOBP_SEX_DIFFERENTIATION	3/4	74/2116	0.0405405405405405	21.4459459459459	7.789927645479	0.000160299092628933	0.00696410502421253	0.0048183469948112	INSR/KITLG/KIT	3
panel30	walktrap	54	GOBP_REGULATION_OF_POLYSACCHARIDE_BIOSYNTHETIC_PROCESS	GOBP_REGULATION_OF_POLYSACCHARIDE_BIOSYNTHETIC_PROCESS	2/4	14/2116	0.142857142857143	75.5714285714286	12.1803102227263	0.00024216064792447	0.00839865939800981	0.00581089100898781	INSR/GRB10	2
panel30	walktrap	171	GOBP_GLYCOPHAGY	GOBP_GLYCOPHAGY	3/3	10/2116	0.3	211.6	25.1475249737381	7.61029476536148e-08	2.35443494303371e-06	8.81192025462908e-07	WIPI2/WDR45/ATG2B	3
panel30	walktrap	171	GOBP_AUTOPHAGY_OF_PEROXISOME	GOBP_AUTOPHAGY_OF_PEROXISOME	3/3	11/2116	0.272727272727273	192.363636363636	23.9715310003027	1.0464155302372e-07	2.35443494303371e-06	8.81192025462908e-07	WIPI2/WDR45/ATG2B	3
panel30	walktrap	171	GOBP_POLYSACCHARIDE_CATABOLIC_PROCESS	GOBP_POLYSACCHARIDE_CATABOLIC_PROCESS	3/3	13/2116	0.230769230769231	162.769230769231	22.0401235588363	1.81378691907782e-07	2.72068037861673e-06	1.01826634053492e-06	WIPI2/WDR45/ATG2B	3
panel30	walktrap	171	GOBP_NUCLEOPHAGY	GOBP_NUCLEOPHAGY	3/3	20/2116	0.15	105.8	17.7397177646684	7.22978002709343e-07	8.13350253048011e-06	3.0441179061446e-06	WIPI2/WDR45/ATG2B	3
panel30	walktrap	171	GOBP_GLUCAN_METABOLIC_PROCESS	GOBP_GLUCAN_METABOLIC_PROCESS	3/3	27/2116	0.111111111111111	78.3703703703704	15.2424016898883	1.85500934905686e-06	1.66950841415118e-05	6.24845254419154e-06	WIPI2/WDR45/ATG2B	3
panel30	walktrap	171	GOBP_ENERGY_RESERVE_METABOLIC_PROCESS	GOBP_ENERGY_RESERVE_METABOLIC_PROCESS	3/3	29/2116	0.103448275862069	72.9655172413793	14.7003708272725	2.31733475605257e-06	1.73800106703943e-05	6.50479931523529e-06	WIPI2/WDR45/ATG2B	3
panel30	walktrap	171	GOBP_POLYSACCHARIDE_METABOLIC_PROCESS	GOBP_POLYSACCHARIDE_METABOLIC_PROCESS	3/3	31/2116	0.0967741935483871	68.258064516129	14.2114452877763	2.85068958085833e-06	1.83258615912321e-05	6.85880199905763e-06	WIPI2/WDR45/ATG2B	3
panel30	walktrap	171	GOBP_CARBOHYDRATE_CATABOLIC_PROCESS	GOBP_CARBOHYDRATE_CATABOLIC_PROCESS	3/3	51/2116	0.0588235294117647	41.4901960784314	11.0265843651935	1.32070323740544e-05	7.00781309643704e-05	2.62280724077176e-05	WIPI2/WDR45/ATG2B	3
panel30	walktrap	171	GOBP_AUTOPHAGY_OF_MITOCHONDRION	GOBP_AUTOPHAGY_OF_MITOCHONDRION	3/3	52/2116	0.0576923076923077	40.6923076923077	10.9174004208301	1.40156261928741e-05	7.00781309643704e-05	2.62280724077176e-05	WIPI2/WDR45/ATG2B	3
panel30	walktrap	171	GOBP_AUTOPHAGOSOME_ORGANIZATION	GOBP_AUTOPHAGOSOME_ORGANIZATION	3/3	56/2116	0.0535714285714286	37.7857142857143	10.5100712780275	1.7579780907985e-05	7.91090140859325e-05	2.96080520555537e-05	WIPI2/WDR45/ATG2B	3
panel30	walktrap	212	GOBP_NEGATIVE_REGULATION_OF_TRANSCRIPTION_BY_RNA_POLYMERASE_II	GOBP_NEGATIVE_REGULATION_OF_TRANSCRIPTION_BY_RNA_POLYMERASE_II	2/2	190/2116	0.0105263157894737	11.1368421052632	4.50369563927155	0.00802397136306962	0.0454800241833182	0.0140805028431326	CIITA/RFX5	2
panel30	walktrap	212	GOBP_TYPE_II_INTERFERON_MEDIATED_SIGNALING_PATHWAY	GOBP_TYPE_II_INTERFERON_MEDIATED_SIGNALING_PATHWAY	1/2	15/2116	0.0666666666666667	70.5333333333333	8.31080983204576	0.0141307699526738	0.0454800241833182	0.0140805028431326	CIITA	1
panel30	walktrap	212	GOBP_NEGATIVE_REGULATION_OF_RNA_BIOSYNTHETIC_PROCESS	GOBP_NEGATIVE_REGULATION_OF_RNA_BIOSYNTHETIC_PROCESS	2/2	252/2116	0.00793650793650794	8.3968253968254	3.84716112689808	0.0141334513131963	0.0454800241833182	0.0140805028431326	CIITA/RFX5	2
panel30	walktrap	212	GOBP_RESPONSE_TO_ANTIBIOTIC	GOBP_RESPONSE_TO_ANTIBIOTIC	1/2	17/2116	0.0588235294117647	62.2352941176471	7.79538809910682	0.0160072754248839	0.0454800241833182	0.0140805028431326	CIITA	1
panel30	walktrap	212	GOBP_REGULATION_OF_COLLAGEN_METABOLIC_PROCESS	GOBP_REGULATION_OF_COLLAGEN_METABOLIC_PROCESS	1/2	19/2116	0.0526315789473684	55.6842105263158	7.36304108921494	0.0178819933234123	0.0454800241833182	0.0140805028431326	CIITA	1
panel30	walktrap	212	GOBP_POSITIVE_REGULATION_OF_TRANSCRIPTION_BY_RNA_POLYMERASE_II	GOBP_POSITIVE_REGULATION_OF_TRANSCRIPTION_BY_RNA_POLYMERASE_II	2/2	286/2116	0.00699300699300699	7.3986013986014	3.57816382329019	0.0182131413479199	0.0454800241833182	0.0140805028431326	CIITA/RFX5	2
panel30	walktrap	212	GOBP_NEGATIVE_REGULATION_OF_NUCLEOBASE_CONTAINING_COMPOUND_METABOLIC_PROCESS	GOBP_NEGATIVE_REGULATION_OF_NUCLEOBASE_CONTAINING_COMPOUND_METABOLIC_PROCESS	2/2	290/2116	0.00689655172413793	7.29655172413793	3.54951552339937	0.0187270687813663	0.0454800241833182	0.0140805028431326	CIITA/RFX5	2
panel30	walktrap	212	GOBP_COLLAGEN_BIOSYNTHETIC_PROCESS	GOBP_COLLAGEN_BIOSYNTHETIC_PROCESS	1/2	26/2116	0.0384615384615385	40.6923076923077	6.26235340251159	0.0244294288255192	0.0519125362542284	0.0160719926483679	CIITA	1
panel30	walktrap	212	GOBP_MODULATION_OF_PROCESS_OF_ANOTHER_ORGANISM	GOBP_MODULATION_OF_PROCESS_OF_ANOTHER_ORGANISM	1/2	31/2116	0.032258064516129	34.1290322580645	5.71418450555904	0.0290927616672699	0.0549529942603988	0.0170133109165321	CIITA	1
panel30	walktrap	212	GOBP_POSITIVE_REGULATION_OF_RNA_METABOLIC_PROCESS	GOBP_POSITIVE_REGULATION_OF_RNA_METABOLIC_PROCESS	2/2	392/2116	0.00510204081632653	5.39795918367347	2.96649273743871	0.0342481241648679	0.0582218110802755	0.0180253285078252	CIITA/RFX5	2
panel30	walktrap	213	GOBP_POSITIVE_REGULATION_OF_B_CELL_PROLIFERATION	GOBP_POSITIVE_REGULATION_OF_B_CELL_PROLIFERATION	2/2	20/2116	0.1	105.8	14.4809926639573	8.49097498737527e-05	0.00266273996314619	0.000968269077507706	TNFSF13B/TNFRSF13C	2
panel30	walktrap	213	GOBP_LYMPHOCYTE_COSTIMULATION	GOBP_LYMPHOCYTE_COSTIMULATION	2/2	22/2116	0.0909090909090909	96.1818181818182	13.8004958384639	0.000103232380109668	0.00266273996314619	0.000968269077507706	TNFSF13B/TNFRSF13C	2
panel30	walktrap	213	GOBP_REGULATION_OF_B_CELL_PROLIFERATION	GOBP_REGULATION_OF_B_CELL_PROLIFERATION	2/2	26/2116	0.0769230769230769	81.3846153846154	12.6824792744663	0.000145240361626156	0.00266273996314619	0.000968269077507706	TNFSF13B/TNFRSF13C	2
panel30	walktrap	213	GOBP_POSITIVE_REGULATION_OF_B_CELL_ACTIVATION	GOBP_POSITIVE_REGULATION_OF_B_CELL_ACTIVATION	2/2	32/2116	0.0625	66.125	11.4154112083542	0.000221659136512533	0.00287985568321811	0.00104722024844295	TNFSF13B/TNFRSF13C	2
panel30	walktrap	213	GOBP_B_CELL_PROLIFERATION	GOBP_B_CELL_PROLIFERATION	2/2	35/2116	0.0571428571428571	60.4571428571429	10.9073615764306	0.000265901585130962	0.00287985568321811	0.00104722024844295	TNFSF13B/TNFRSF13C	2
panel30	walktrap	213	GOBP_POSITIVE_REGULATION_OF_T_CELL_PROLIFERATION	GOBP_POSITIVE_REGULATION_OF_T_CELL_PROLIFERATION	2/2	38/2116	0.0526315789473684	55.6842105263158	10.4604089954047	0.000314166074532885	0.00287985568321811	0.00104722024844295	TNFSF13B/TNFRSF13C	2
panel30	walktrap	213	GOBP_REGULATION_OF_B_CELL_ACTIVATION	GOBP_REGULATION_OF_B_CELL_ACTIVATION	2/2	48/2116	0.0416666666666667	44.0833333333333	9.28479545705133	0.000504095778197858	0.00396075254298317	0.00144027365199388	TNFSF13B/TNFRSF13C	2
panel30	walktrap	213	GOBP_TUMOR_NECROSIS_FACTOR_MEDIATED_SIGNALING_PATHWAY	GOBP_TUMOR_NECROSIS_FACTOR_MEDIATED_SIGNALING_PATHWAY	2/2	56/2116	0.0357142857142857	37.7857142857143	8.57940735550533	0.000688215867397784	0.00473148408835977	0.00172053966849446	TNFSF13B/TNFRSF13C	2
panel30	walktrap	213	GOBP_POSITIVE_REGULATION_OF_LEUKOCYTE_PROLIFERATION	GOBP_POSITIVE_REGULATION_OF_LEUKOCYTE_PROLIFERATION	2/2	69/2116	0.0289855072463768	30.6666666666667	7.70463498091991	0.00104841196423065	0.00640696200363175	0.002329804364957	TNFSF13B/TNFRSF13C	2
panel30	walktrap	213	GOBP_T_CELL_PROLIFERATION	GOBP_T_CELL_PROLIFERATION	2/2	81/2116	0.0246913580246914	26.1234567901235	7.09018210092834	0.00144793468205767	0.00796364075131721	0.00289586936411535	TNFSF13B/TNFRSF13C	2
panel30	walktrap	211	GOBP_FIBROBLAST_GROWTH_FACTOR_RECEPTOR_SIGNALING_PATHWAY	GOBP_FIBROBLAST_GROWTH_FACTOR_RECEPTOR_SIGNALING_PATHWAY	2/2	25/2116	0.08	84.64	12.936735662914	0.000134068026116452	0.0091166257759187	0.00578609375871001	FGFR4/FGF17	2
panel30	walktrap	211	GOBP_RESPONSE_TO_FIBROBLAST_GROWTH_FACTOR	GOBP_RESPONSE_TO_FIBROBLAST_GROWTH_FACTOR	2/2	38/2116	0.0526315789473684	55.6842105263158	10.4604089954047	0.000314166074532885	0.0106816465341181	0.00677937318728856	FGFR4/FGF17	2
panel30	walktrap	211	GOBP_POSITIVE_REGULATION_OF_MAPK_CASCADE	GOBP_POSITIVE_REGULATION_OF_MAPK_CASCADE	2/2	204/2116	0.00980392156862745	10.3725490196078	4.33058485221382	0.00925337516255748	0.103825072508457	0.0658951698583085	FGFR4/FGF17	2
panel30	walktrap	211	GOBP_CELL_SURFACE_RECEPTOR_PROTEIN_TYROSINE_KINASE_SIGNALING_PATHWAY	GOBP_CELL_SURFACE_RECEPTOR_PROTEIN_TYROSINE_KINASE_SIGNALING_PATHWAY	2/2	236/2116	0.00847457627118644	8.96610169491525	3.99246038300726	0.012392354547364	0.103825072508457	0.0658951698583085	FGFR4/FGF17	2
panel30	walktrap	211	GOBP_LIPID_HOMEOSTASIS	GOBP_LIPID_HOMEOSTASIS	1/2	16/2116	0.0625	66.125	8.04110572840052	0.0150692461354892	0.103825072508457	0.0658951698583085	FGFR4	1
panel30	walktrap	211	GOBP_POSITIVE_REGULATION_OF_DNA_BIOSYNTHETIC_PROCESS	GOBP_POSITIVE_REGULATION_OF_DNA_BIOSYNTHETIC_PROCESS	1/2	17/2116	0.0588235294117647	62.2352941176471	7.79538809910682	0.0160072754248839	0.103825072508457	0.0658951698583085	FGFR4	1
panel30	walktrap	211	GOBP_REGULATION_OF_STEROID_BIOSYNTHETIC_PROCESS	GOBP_REGULATION_OF_STEROID_BIOSYNTHETIC_PROCESS	1/2	18/2116	0.0555555555555556	58.7777777777778	7.57028164001055	0.0169448578208581	0.103825072508457	0.0658951698583085	FGFR4	1
panel30	walktrap	211	GOBP_RESPONSE_TO_GROWTH_FACTOR	GOBP_RESPONSE_TO_GROWTH_FACTOR	2/2	287/2116	0.00696864111498258	7.37282229965157	3.57094857978564	0.018340952866151	0.103825072508457	0.0658951698583085	FGFR4/FGF17	2
panel30	walktrap	211	GOBP_MONOCARBOXYLIC_ACID_BIOSYNTHETIC_PROCESS	GOBP_MONOCARBOXYLIC_ACID_BIOSYNTHETIC_PROCESS	1/2	20/2116	0.05	52.9	7.17140762652085	0.0188186819325457	0.103825072508457	0.0658951698583085	FGFR4	1
panel30	walktrap	211	GOBP_REGULATION_OF_STEROID_METABOLIC_PROCESS	GOBP_REGULATION_OF_STEROID_METABOLIC_PROCESS	1/2	21/2116	0.0476190476190476	50.3809523809524	6.9935033551852	0.0197549236482589	0.103825072508457	0.0658951698583085	FGFR4	1
panel30	walktrap	102	GOBP_NERVOUS_SYSTEM_PROCESS	GOBP_NERVOUS_SYSTEM_PROCESS	2/2	159/2116	0.0125786163522013	13.3081761006289	4.96266023863367	0.00561342825349582	0.0924175593362738	0.0530627134945113	ITGA5/COL18A1	2
panel30	walktrap	102	GOBP_CD40_SIGNALING_PATHWAY	GOBP_CD40_SIGNALING_PATHWAY	1/2	10/2116	0.1	105.8	10.2152686230199	0.00943168563729213	0.0924175593362738	0.0530627134945113	ITGA5	1
panel30	walktrap	102	GOBP_RESPONSE_TO_MUSCLE_ACTIVITY	GOBP_RESPONSE_TO_MUSCLE_ACTIVITY	1/2	10/2116	0.1	105.8	10.2152686230199	0.00943168563729213	0.0924175593362738	0.0530627134945113	ITGA5	1
panel30	walktrap	102	GOBP_WOUND_HEALING_SPREADING_OF_EPIDERMAL_CELLS	GOBP_WOUND_HEALING_SPREADING_OF_EPIDERMAL_CELLS	1/2	11/2116	0.0909090909090909	96.1818181818182	9.73289372375186	0.0103723962872094	0.0924175593362738	0.0530627134945113	ITGA5	1
panel30	walktrap	102	GOBP_EPITHELIAL_CELL_MORPHOGENESIS	GOBP_EPITHELIAL_CELL_MORPHOGENESIS	1/2	12/2116	0.0833333333333333	88.1666666666667	9.3118481655212	0.0113126600437063	0.0924175593362738	0.0530627134945113	COL18A1	1
panel30	walktrap	102	GOBP_POSITIVE_REGULATION_OF_VASCULAR_ENDOTHELIAL_GROWTH_FACTOR_RECEPTOR_SIGNALING_PATHWAY	GOBP_POSITIVE_REGULATION_OF_VASCULAR_ENDOTHELIAL_GROWTH_FACTOR_RECEPTOR_SIGNALING_PATHWAY	1/2	12/2116	0.0833333333333333	88.1666666666667	9.3118481655212	0.0113126600437063	0.0924175593362738	0.0530627134945113	ITGA5	1
panel30	walktrap	102	GOBP_BLOOD_VESSEL_MORPHOGENESIS	GOBP_BLOOD_VESSEL_MORPHOGENESIS	2/2	226/2116	0.00884955752212389	9.36283185840708	4.09066933066913	0.0113622652133693	0.0924175593362738	0.0530627134945113	ITGA5/COL18A1	2
panel30	walktrap	102	GOBP_REGULATION_OF_CELLULAR_RESPONSE_TO_VASCULAR_ENDOTHELIAL_GROWTH_FACTOR_STIMULUS	GOBP_REGULATION_OF_CELLULAR_RESPONSE_TO_VASCULAR_ENDOTHELIAL_GROWTH_FACTOR_STIMULUS	1/2	13/2116	0.0769230769230769	81.3846153846154	8.94010604187068	0.0122524769067824	0.0924175593362738	0.0530627134945113	ITGA5	1
panel30	walktrap	102	GOBP_NEGATIVE_REGULATION_OF_ANOIKIS	GOBP_NEGATIVE_REGULATION_OF_ANOIKIS	1/2	15/2116	0.0666666666666667	70.5333333333333	8.31080983204576	0.0141307699526738	0.0924175593362738	0.0530627134945113	ITGA5	1
panel30	walktrap	102	GOBP_REGULATION_OF_ANOIKIS	GOBP_REGULATION_OF_ANOIKIS	1/2	15/2116	0.0666666666666667	70.5333333333333	8.31080983204576	0.0141307699526738	0.0924175593362738	0.0530627134945113	ITGA5	1
panel30	walktrap	41	GOBP_PROTEOLYSIS	GOBP_PROTEOLYSIS	4/5	327/2116	0.0122324159021407	5.17675840978593	3.99672376739435	0.00246408292957797	0.220296225895033	0.186863431265076	CAPN1/CAPN8/CAPN2/CAPNS1	4
panel30	walktrap	41	GOBP_REGULATION_OF_MACROAUTOPHAGY	GOBP_REGULATION_OF_MACROAUTOPHAGY	2/5	80/2116	0.025	10.58	4.25028142553762	0.0131079372660442	0.220296225895033	0.186863431265076	CAPN1/CAPNS1	2
panel30	walktrap	41	GOBP_REGULATION_OF_SYNCYTIUM_FORMATION_BY_PLASMA_MEMBRANE_FUSION	GOBP_REGULATION_OF_SYNCYTIUM_FORMATION_BY_PLASMA_MEMBRANE_FUSION	1/5	10/2116	0.1	42.32	6.37275468311237	0.0234291473334639	0.220296225895033	0.186863431265076	CAPN2	1
panel30	walktrap	41	GOBP_RESPONSE_TO_PAIN	GOBP_RESPONSE_TO_PAIN	1/5	10/2116	0.1	42.32	6.37275468311237	0.0234291473334639	0.220296225895033	0.186863431265076	CAPN2	1
panel30	walktrap	41	GOBP_CELLULAR_RESPONSE_TO_INTERFERON_BETA	GOBP_CELLULAR_RESPONSE_TO_INTERFERON_BETA	1/5	12/2116	0.0833333333333333	35.2666666666667	5.79209513593252	0.0280618301177671	0.220296225895033	0.186863431265076	CAPN2	1
panel30	walktrap	41	GOBP_GLUTAMATE_RECEPTOR_SIGNALING_PATHWAY	GOBP_GLUTAMATE_RECEPTOR_SIGNALING_PATHWAY	1/5	12/2116	0.0833333333333333	35.2666666666667	5.79209513593252	0.0280618301177671	0.220296225895033	0.186863431265076	CAPN1	1
panel30	walktrap	41	GOBP_POSITIVE_REGULATION_OF_MUSCLE_CELL_APOPTOTIC_PROCESS	GOBP_POSITIVE_REGULATION_OF_MUSCLE_CELL_APOPTOTIC_PROCESS	1/5	12/2116	0.0833333333333333	35.2666666666667	5.79209513593252	0.0280618301177671	0.220296225895033	0.186863431265076	CAPN2	1
panel30	walktrap	41	GOBP_RESPONSE_TO_LAMINAR_FLUID_SHEAR_STRESS	GOBP_RESPONSE_TO_LAMINAR_FLUID_SHEAR_STRESS	1/5	12/2116	0.0833333333333333	35.2666666666667	5.79209513593252	0.0280618301177671	0.220296225895033	0.186863431265076	CAPN2	1
panel30	walktrap	41	GOBP_VASCULAR_ENDOTHELIAL_CELL_RESPONSE_TO_FLUID_SHEAR_STRESS	GOBP_VASCULAR_ENDOTHELIAL_CELL_RESPONSE_TO_FLUID_SHEAR_STRESS	1/5	12/2116	0.0833333333333333	35.2666666666667	5.79209513593252	0.0280618301177671	0.220296225895033	0.186863431265076	CAPN2	1
panel30	walktrap	41	GOBP_MYOBLAST_FUSION	GOBP_MYOBLAST_FUSION	1/5	15/2116	0.0666666666666667	28.2133333333333	5.14648150068549	0.0349778736980003	0.220296225895033	0.186863431265076	CAPN2	1
panel30	walktrap	125	GOBP_POSITIVE_REGULATION_OF_REPRODUCTIVE_PROCESS	GOBP_POSITIVE_REGULATION_OF_REPRODUCTIVE_PROCESS	2/2	16/2116	0.125	132.25	16.2056833297899	5.36272104465806e-05	0.00954564345949134	0.0067175137296243	INHBB/ACVR1B	2
panel30	walktrap	125	GOBP_ACTIVIN_RECEPTOR_SIGNALING_PATHWAY	GOBP_ACTIVIN_RECEPTOR_SIGNALING_PATHWAY	2/2	29/2116	0.0689655172413793	72.9655172413793	11.9999632988053	0.000181438728677598	0.0161480468523062	0.0113637940592811	INHBB/ACVR1B	2
panel30	walktrap	125	GOBP_REGULATION_OF_REPRODUCTIVE_PROCESS	GOBP_REGULATION_OF_REPRODUCTIVE_PROCESS	2/2	56/2116	0.0357142857142857	37.7857142857143	8.57940735550533	0.000688215867397784	0.0408341414656019	0.028736030954504	INHBB/ACVR1B	2
panel30	walktrap	125	GOBP_CELL_SURFACE_RECEPTOR_PROTEIN_SERINE_THREONINE_KINASE_SIGNALING_PATHWAY	GOBP_CELL_SURFACE_RECEPTOR_PROTEIN_SERINE_THREONINE_KINASE_SIGNALING_PATHWAY	2/2	161/2116	0.0124223602484472	13.1428571428571	4.92921924087765	0.00575598725459965	0.145582076961235	0.102449835354151	INHBB/ACVR1B	2
panel30	walktrap	125	GOBP_ENDOCRINE_HORMONE_SECRETION	GOBP_ENDOCRINE_HORMONE_SECRETION	1/2	10/2116	0.1	105.8	10.2152686230199	0.00943168563729213	0.145582076961235	0.102449835354151	INHBB	1
panel30	walktrap	125	GOBP_RESPONSE_TO_THYROID_HORMONE	GOBP_RESPONSE_TO_THYROID_HORMONE	1/2	10/2116	0.1	105.8	10.2152686230199	0.00943168563729213	0.145582076961235	0.102449835354151	INHBB	1
panel30	walktrap	125	GOBP_CELLULAR_RESPONSE_TO_CAMP	GOBP_CELLULAR_RESPONSE_TO_CAMP	1/2	11/2116	0.0909090909090909	96.1818181818182	9.73289372375186	0.0103723962872094	0.145582076961235	0.102449835354151	INHBB	1
panel30	walktrap	125	GOBP_PITUITARY_GLAND_DEVELOPMENT	GOBP_PITUITARY_GLAND_DEVELOPMENT	1/2	12/2116	0.0833333333333333	88.1666666666667	9.3118481655212	0.0113126600437063	0.145582076961235	0.102449835354151	INHBB	1
panel30	walktrap	125	GOBP_NEGATIVE_REGULATION_OF_HORMONE_SECRETION	GOBP_NEGATIVE_REGULATION_OF_HORMONE_SECRETION	1/2	13/2116	0.0769230769230769	81.3846153846154	8.94010604187068	0.0122524769067824	0.145582076961235	0.102449835354151	INHBB	1
panel30	walktrap	125	GOBP_TROPHOBLAST_CELL_MIGRATION	GOBP_TROPHOBLAST_CELL_MIGRATION	1/2	13/2116	0.0769230769230769	81.3846153846154	8.94010604187068	0.0122524769067824	0.145582076961235	0.102449835354151	ACVR1B	1
panel30	walktrap	58	GOBP_REGULATION_OF_CALCIUM_ION_TRANSPORT	GOBP_REGULATION_OF_CALCIUM_ION_TRANSPORT	3/3	69/2116	0.0434782608695652	30.6666666666667	9.43844480920821	3.32278153280291e-05	0.0103272575149853	0.00625157677046362	CALM1/NOS3/MYLK	3
panel30	walktrap	58	GOBP_REGULATION_OF_MONOATOMIC_ION_TRANSPORT	GOBP_REGULATION_OF_MONOATOMIC_ION_TRANSPORT	3/3	97/2116	0.0309278350515464	21.8144329896907	7.90584612145726	9.35051550170749e-05	0.0103272575149853	0.00625157677046362	CALM1/NOS3/MYLK	3
panel30	walktrap	58	GOBP_CALCIUM_ION_TRANSPORT	GOBP_CALCIUM_ION_TRANSPORT	3/3	112/2116	0.0267857142857143	18.8928571428571	7.33003269790175	0.000144544865243432	0.0103272575149853	0.00625157677046362	CALM1/NOS3/MYLK	3
panel30	walktrap	58	GOBP_NEGATIVE_REGULATION_OF_CALCIUM_ION_TRANSPORT	GOBP_NEGATIVE_REGULATION_OF_CALCIUM_ION_TRANSPORT	2/3	16/2116	0.125	88.1666666666667	13.1845966185052	0.000160171337161641	0.0103272575149853	0.00625157677046362	CALM1/NOS3	2
panel30	walktrap	58	GOBP_MUSCLE_SYSTEM_PROCESS	GOBP_MUSCLE_SYSTEM_PROCESS	3/3	117/2116	0.0256410256410256	18.0854700854701	7.16274567134985	0.000164972164776123	0.0103272575149853	0.00625157677046362	CALM1/NOS3/MYLK	3
panel30	walktrap	58	GOBP_PRESYNAPTIC_ENDOCYTOSIS	GOBP_PRESYNAPTIC_ENDOCYTOSIS	2/3	19/2116	0.105263157894737	74.2456140350877	12.0816228436917	0.000228027262054526	0.0118954221705111	0.00720086090698503	CALM1/MYLK	2
panel30	walktrap	58	GOBP_METAL_ION_TRANSPORT	GOBP_METAL_ION_TRANSPORT	3/3	150/2116	0.02	14.1066666666667	6.27353307369077	0.000349629625345316	0.0156220959987188	0.00945679260053604	CALM1/NOS3/MYLK	3
panel30	walktrap	58	GOBP_NEGATIVE_REGULATION_OF_MONOATOMIC_ION_TRANSPORT	GOBP_NEGATIVE_REGULATION_OF_MONOATOMIC_ION_TRANSPORT	2/3	25/2116	0.08	56.4266666666667	10.5021402497554	0.000399286798689299	0.0156220959987188	0.00945679260053604	CALM1/NOS3	2
panel30	walktrap	58	GOBP_REGULATION_OF_WOUND_HEALING	GOBP_REGULATION_OF_WOUND_HEALING	2/3	37/2116	0.0540540540540541	38.1261261261261	8.5826088039267	0.000883037722214424	0.0307100896725683	0.0185902678360931	NOS3/MYLK	2
panel30	walktrap	58	GOBP_MONOATOMIC_CATION_TRANSPORT	GOBP_MONOATOMIC_CATION_TRANSPORT	3/3	222/2116	0.0135135135135135	9.53153153153153	5.06150377156	0.00114087197209995	0.0329456582833699	0.0199435631108343	CALM1/NOS3/MYLK	3
panel30	walktrap	137	GOBP_EXTRINSIC_APOPTOTIC_SIGNALING_PATHWAY_VIA_DEATH_DOMAIN_RECEPTORS	GOBP_EXTRINSIC_APOPTOTIC_SIGNALING_PATHWAY_VIA_DEATH_DOMAIN_RECEPTORS	2/3	51/2116	0.0392156862745098	27.6601307189543	7.26028048839777	0.00168295326823665	0.181814833259045	0.142267778237166	FADD/PEA15	2
panel30	walktrap	137	GOBP_NEGATIVE_REGULATION_OF_PROGRAMMED_CELL_DEATH	GOBP_NEGATIVE_REGULATION_OF_PROGRAMMED_CELL_DEATH	3/3	321/2116	0.00934579439252336	6.59190031152648	4.09775298142181	0.00346349588301445	0.181814833259045	0.142267778237166	FADD/PEA15/HIPK3	3
panel30	walktrap	137	GOBP_REGULATION_OF_EXTRINSIC_APOPTOTIC_SIGNALING_PATHWAY	GOBP_REGULATION_OF_EXTRINSIC_APOPTOTIC_SIGNALING_PATHWAY	2/3	96/2116	0.0208333333333333	14.6944444444444	5.17333277100303	0.00593227550489771	0.181814833259045	0.142267778237166	FADD/PEA15	2
panel30	walktrap	137	GOBP_EXTRINSIC_APOPTOTIC_SIGNALING_PATHWAY	GOBP_EXTRINSIC_APOPTOTIC_SIGNALING_PATHWAY	2/3	141/2116	0.0141843971631206	10.0047281323877	4.16929549385536	0.0126524701945025	0.181814833259045	0.142267778237166	FADD/PEA15	2
panel30	walktrap	137	GOBP_POSITIVE_REGULATION_OF_ACTIVATED_T_CELL_PROLIFERATION	GOBP_POSITIVE_REGULATION_OF_ACTIVATED_T_CELL_PROLIFERATION	1/3	10/2116	0.1	70.5333333333333	8.3029023575843	0.0141174392530098	0.181814833259045	0.142267778237166	FADD	1
panel30	walktrap	137	GOBP_POSITIVE_REGULATION_OF_EXECUTION_PHASE_OF_APOPTOSIS	GOBP_POSITIVE_REGULATION_OF_EXECUTION_PHASE_OF_APOPTOSIS	1/3	10/2116	0.1	70.5333333333333	8.3029023575843	0.0141174392530098	0.181814833259045	0.142267778237166	FADD	1
panel30	walktrap	137	GOBP_NEGATIVE_REGULATION_OF_PROTEIN_SERINE_THREONINE_KINASE_ACTIVITY	GOBP_NEGATIVE_REGULATION_OF_PROTEIN_SERINE_THREONINE_KINASE_ACTIVITY	1/3	11/2116	0.0909090909090909	64.1212121212121	7.90699906154085	0.0155218303651853	0.181814833259045	0.142267778237166	HIPK3	1
panel30	walktrap	137	GOBP_REGULATION_OF_MACROPHAGE_DIFFERENTIATION	GOBP_REGULATION_OF_MACROPHAGE_DIFFERENTIATION	1/3	11/2116	0.0909090909090909	64.1212121212121	7.90699906154085	0.0155218303651853	0.181814833259045	0.142267778237166	FADD	1
panel30	walktrap	137	GOBP_RESPONSE_TO_COCAINE	GOBP_RESPONSE_TO_COCAINE	1/3	11/2116	0.0909090909090909	64.1212121212121	7.90699906154085	0.0155218303651853	0.181814833259045	0.142267778237166	FADD	1
panel30	walktrap	137	GOBP_NEGATIVE_REGULATION_OF_JNK_CASCADE	GOBP_NEGATIVE_REGULATION_OF_JNK_CASCADE	1/3	12/2116	0.0833333333333333	58.7777777777778	7.56126839678319	0.0169248871390115	0.181814833259045	0.142267778237166	HIPK3	1
panel30	walktrap	210	GOBP_DIGESTION	GOBP_DIGESTION	2/2	16/2116	0.125	132.25	16.2056833297899	5.36272104465806e-05	0.000107254420893161	NA	CTRB2/CTRB1	2
panel30	walktrap	210	GOBP_PROTEOLYSIS	GOBP_PROTEOLYSIS	2/2	327/2116	0.00611620795107034	6.47094801223242	3.30863596441286	0.0238198662001099	0.0238198662001099	NA	CTRB2/CTRB1	2
panel30	walktrap	157	GOBP_MICROTUBULE_CYTOSKELETON_ORGANIZATION	GOBP_MICROTUBULE_CYTOSKELETON_ORGANIZATION	2/3	125/2116	0.016	11.2853333333333	4.4658467147957	0.00998724349707605	0.177195544918787	0.13621496355408	CALML4/CALML6	2
panel30	walktrap	157	GOBP_MUSCLE_HYPERTROPHY_IN_RESPONSE_TO_STRESS	GOBP_MUSCLE_HYPERTROPHY_IN_RESPONSE_TO_STRESS	1/3	10/2116	0.1	70.5333333333333	8.3029023575843	0.0141174392530098	0.177195544918787	0.13621496355408	PPP3CA	1
panel30	walktrap	157	GOBP_POSITIVE_REGULATION_OF_ACTIVATED_T_CELL_PROLIFERATION	GOBP_POSITIVE_REGULATION_OF_ACTIVATED_T_CELL_PROLIFERATION	1/3	10/2116	0.1	70.5333333333333	8.3029023575843	0.0141174392530098	0.177195544918787	0.13621496355408	PPP3CA	1
panel30	walktrap	157	GOBP_POSITIVE_REGULATION_OF_CALCIUM_ION_IMPORT	GOBP_POSITIVE_REGULATION_OF_CALCIUM_ION_IMPORT	1/3	10/2116	0.1	70.5333333333333	8.3029023575843	0.0141174392530098	0.177195544918787	0.13621496355408	PPP3CA	1
panel30	walktrap	157	GOBP_POSITIVE_REGULATION_OF_OSTEOCLAST_DIFFERENTIATION	GOBP_POSITIVE_REGULATION_OF_OSTEOCLAST_DIFFERENTIATION	1/3	11/2116	0.0909090909090909	64.1212121212121	7.90699906154085	0.0155218303651853	0.177195544918787	0.13621496355408	PPP3CA	1
panel30	walktrap	157	GOBP_DIGESTIVE_SYSTEM_PROCESS	GOBP_DIGESTIVE_SYSTEM_PROCESS	1/3	12/2116	0.0833333333333333	58.7777777777778	7.56126839678319	0.0169248871390115	0.177195544918787	0.13621496355408	PPP3CA	1
panel30	walktrap	157	GOBP_POSTSYNAPTIC_MODULATION_OF_CHEMICAL_SYNAPTIC_TRANSMISSION	GOBP_POSTSYNAPTIC_MODULATION_OF_CHEMICAL_SYNAPTIC_TRANSMISSION	1/3	12/2116	0.0833333333333333	58.7777777777778	7.56126839678319	0.0169248871390115	0.177195544918787	0.13621496355408	PPP3CA	1
panel30	walktrap	157	GOBP_SKELETAL_MUSCLE_TISSUE_REGENERATION	GOBP_SKELETAL_MUSCLE_TISSUE_REGENERATION	1/3	12/2116	0.0833333333333333	58.7777777777778	7.56126839678319	0.0169248871390115	0.177195544918787	0.13621496355408	PPP3CA	1
panel30	walktrap	157	GOBP_MICROTUBULE_BASED_PROCESS	GOBP_MICROTUBULE_BASED_PROCESS	2/3	167/2116	0.0119760479041916	8.44710578842315	3.77751244572085	0.0176162113890268	0.177195544918787	0.13621496355408	CALML4/CALML6	2
panel30	walktrap	157	GOBP_MYOTUBE_CELL_DEVELOPMENT	GOBP_MYOTUBE_CELL_DEVELOPMENT	1/3	13/2116	0.0769230769230769	54.2564102564103	7.25587836926659	0.0183266102086803	0.177195544918787	0.13621496355408	PPP3CA	1
panel30	walktrap	204	GOBP_G_PROTEIN_COUPLED_RECEPTOR_SIGNALING_PATHWAY	GOBP_G_PROTEIN_COUPLED_RECEPTOR_SIGNALING_PATHWAY	2/2	129/2116	0.0155038759689922	16.4031007751938	5.55164606404025	0.00368955207872474	0.0479641770234217	0.0349536512721292	GNB2/GNG5	2
panel30	walktrap	204	GOBP_REGULATION_OF_POTASSIUM_ION_TRANSMEMBRANE_TRANSPORT	GOBP_REGULATION_OF_POTASSIUM_ION_TRANSMEMBRANE_TRANSPORT	1/2	14/2116	0.0714285714285714	75.5714285714286	8.60870482867123	0.0131918468764384	0.0653000665871199	0.0475870930594396	GNB2	1
panel30	walktrap	204	GOBP_REGULATION_OF_POTASSIUM_ION_TRANSPORT	GOBP_REGULATION_OF_POTASSIUM_ION_TRANSPORT	1/2	16/2116	0.0625	66.125	8.04110572840052	0.0150692461354892	0.0653000665871199	0.0475870930594396	GNB2	1
panel30	walktrap	204	GOBP_POTASSIUM_ION_TRANSPORT	GOBP_POTASSIUM_ION_TRANSPORT	1/2	25/2116	0.04	42.32	6.39103201329035	0.0234954215769081	0.0763601201249513	0.0556470511032034	GNB2	1
panel30	walktrap	204	GOBP_REGULATION_OF_MONOATOMIC_ION_TRANSMEMBRANE_TRANSPORT	GOBP_REGULATION_OF_MONOATOMIC_ION_TRANSMEMBRANE_TRANSPORT	1/2	76/2116	0.0131578947368421	13.9210526315789	3.52782716558277	0.0705600021450884	0.18345600557723	0.133692635643325	GNB2	1
panel30	walktrap	204	GOBP_REGULATION_OF_MONOATOMIC_ION_TRANSPORT	GOBP_REGULATION_OF_MONOATOMIC_ION_TRANSPORT	1/2	97/2116	0.0103092783505155	10.9072164948454	3.07175839080901	0.0896016838944078	0.194136981771217	0.14147634299117	GNB2	1
panel30	walktrap	204	GOBP_REGULATION_OF_TRANSMEMBRANE_TRANSPORT	GOBP_REGULATION_OF_TRANSMEMBRANE_TRANSPORT	1/2	125/2116	0.008	8.464	2.64550568679174	0.114684024007114	0.212984616013212	0.15521146106226	GNB2	1
panel30	walktrap	204	GOBP_METAL_ION_TRANSPORT	GOBP_METAL_ION_TRANSPORT	1/2	150/2116	0.00666666666666667	7.05333333333333	2.3651906552082	0.13678290364531	0.222272218423628	0.161979754316814	GNB2	1
panel30	walktrap	204	GOBP_MONOATOMIC_ION_TRANSMEMBRANE_TRANSPORT	GOBP_MONOATOMIC_ION_TRANSMEMBRANE_TRANSPORT	1/2	195/2116	0.00512820512820513	5.42564102564103	1.99456181222612	0.17585702985695	0.24101555310983	0.175638864614451	GNB2	1
panel30	walktrap	204	GOBP_MONOATOMIC_CATION_TRANSPORT	GOBP_MONOATOMIC_CATION_TRANSPORT	1/2	222/2116	0.00450450450450451	4.76576576576577	1.82371720421036	0.198867125179316	0.24101555310983	0.175638864614451	GNB2	1
panel30	walktrap	201	GOBP_ACYL_COA_BIOSYNTHETIC_PROCESS	GOBP_ACYL_COA_BIOSYNTHETIC_PROCESS	2/2	10/2116	0.2	211.6	20.5280111832823	2.01102039174678e-05	0.000221212243092145	NA	PDHA1/PDHB	2
panel30	walktrap	201	GOBP_ACYL_COA_METABOLIC_PROCESS	GOBP_ACYL_COA_METABOLIC_PROCESS	2/2	10/2116	0.2	211.6	20.5280111832823	2.01102039174678e-05	0.000221212243092145	NA	PDHA1/PDHB	2
panel30	walktrap	201	GOBP_SULFUR_COMPOUND_BIOSYNTHETIC_PROCESS	GOBP_SULFUR_COMPOUND_BIOSYNTHETIC_PROCESS	2/2	16/2116	0.125	132.25	16.2056833297899	5.36272104465806e-05	0.000334276278450352	NA	PDHA1/PDHB	2
panel30	walktrap	201	GOBP_AMIDE_BIOSYNTHETIC_PROCESS	GOBP_AMIDE_BIOSYNTHETIC_PROCESS	2/2	17/2116	0.117647058823529	124.470588235294	15.7180784054037	6.07775051727913e-05	0.000334276278450352	NA	PDHA1/PDHB	2
panel30	walktrap	201	GOBP_SULFUR_COMPOUND_METABOLIC_PROCESS	GOBP_SULFUR_COMPOUND_METABOLIC_PROCESS	2/2	26/2116	0.0769230769230769	81.3846153846154	12.6824792744663	0.000145240361626156	0.000639057591155086	NA	PDHA1/PDHB	2
panel30	walktrap	201	GOBP_PYRUVATE_METABOLIC_PROCESS	GOBP_PYRUVATE_METABOLIC_PROCESS	2/2	43/2116	0.0465116279069768	49.2093023255814	9.82161973447905	0.000403544758610519	0.00147966411490524	NA	PDHA1/PDHB	2
panel30	walktrap	201	GOBP_AMIDE_METABOLIC_PROCESS	GOBP_AMIDE_METABOLIC_PROCESS	2/2	52/2116	0.0384615384615385	40.6923076923077	8.911911536631	0.000592580675434716	0.00185907662881479	NA	PDHA1/PDHB	2
panel30	walktrap	201	GOBP_GLUCOSE_METABOLIC_PROCESS	GOBP_GLUCOSE_METABOLIC_PROCESS	2/2	61/2116	0.0327868852459016	34.6885245901639	8.21029360075466	0.000817814959310354	0.00185907662881479	NA	PDHA1/PDHB	2
panel30	walktrap	201	GOBP_PURINE_CONTAINING_COMPOUND_BIOSYNTHETIC_PROCESS	GOBP_PURINE_CONTAINING_COMPOUND_BIOSYNTHETIC_PROCESS	2/2	61/2116	0.0327868852459016	34.6885245901639	8.21029360075466	0.000817814959310354	0.00185907662881479	NA	PDHA1/PDHB	2
panel30	walktrap	201	GOBP_NUCLEOSIDE_PHOSPHATE_BIOSYNTHETIC_PROCESS	GOBP_NUCLEOSIDE_PHOSPHATE_BIOSYNTHETIC_PROCESS	2/2	64/2116	0.03125	33.0625	8.00970245958065	0.000900937135502555	0.00185907662881479	NA	PDHA1/PDHB	2
panel30	walktrap	118	GOBP_RESPONSE_TO_BMP	GOBP_RESPONSE_TO_BMP	2/2	72/2116	0.0277777777777778	29.3888888888889	7.53688501714	0.00114225958251217	0.0902385070184612	0.0637260609190998	RGMB/NEO1	2
panel30	walktrap	118	GOBP_CELL_SURFACE_RECEPTOR_PROTEIN_SERINE_THREONINE_KINASE_SIGNALING_PATHWAY	GOBP_CELL_SURFACE_RECEPTOR_PROTEIN_SERINE_THREONINE_KINASE_SIGNALING_PATHWAY	2/2	161/2116	0.0124223602484472	13.1428571428571	4.92921924087765	0.00575598725459965	0.138851501785339	0.0980563570236236	RGMB/NEO1	2
panel30	walktrap	118	GOBP_POSITIVE_REGULATION_OF_BMP_SIGNALING_PATHWAY	GOBP_POSITIVE_REGULATION_OF_BMP_SIGNALING_PATHWAY	1/2	10/2116	0.1	105.8	10.2152686230199	0.00943168563729213	0.138851501785339	0.0980563570236236	NEO1	1
panel30	walktrap	118	GOBP_MULTICELLULAR_ORGANISMAL_LEVEL_IRON_ION_HOMEOSTASIS	GOBP_MULTICELLULAR_ORGANISMAL_LEVEL_IRON_ION_HOMEOSTASIS	1/2	13/2116	0.0769230769230769	81.3846153846154	8.94010604187068	0.0122524769067824	0.138851501785339	0.0980563570236236	NEO1	1
panel30	walktrap	118	GOBP_NEGATIVE_REGULATION_OF_PROTEIN_SECRETION	GOBP_NEGATIVE_REGULATION_OF_PROTEIN_SECRETION	1/2	14/2116	0.0714285714285714	75.5714285714286	8.60870482867123	0.0131918468764384	0.138851501785339	0.0980563570236236	NEO1	1
panel30	walktrap	118	GOBP_MYOBLAST_FUSION	GOBP_MYOBLAST_FUSION	1/2	15/2116	0.0666666666666667	70.5333333333333	8.31080983204576	0.0141307699526738	0.138851501785339	0.0980563570236236	NEO1	1
panel30	walktrap	118	GOBP_SYNCYTIUM_FORMATION	GOBP_SYNCYTIUM_FORMATION	1/2	17/2116	0.0588235294117647	62.2352941176471	7.79538809910682	0.0160072754248839	0.138851501785339	0.0980563570236236	NEO1	1
panel30	walktrap	118	GOBP_NEURON_PROJECTION_REGENERATION	GOBP_NEURON_PROJECTION_REGENERATION	1/2	18/2116	0.0555555555555556	58.7777777777778	7.57028164001055	0.0169448578208581	0.138851501785339	0.0980563570236236	NEO1	1
panel30	walktrap	118	GOBP_RESPONSE_TO_GROWTH_FACTOR	GOBP_RESPONSE_TO_GROWTH_FACTOR	2/2	287/2116	0.00696864111498258	7.37282229965157	3.57094857978564	0.018340952866151	0.138851501785339	0.0980563570236236	RGMB/NEO1	2
panel30	walktrap	118	GOBP_MULTICELLULAR_ORGANISMAL_LEVEL_CHEMICAL_HOMEOSTASIS	GOBP_MULTICELLULAR_ORGANISMAL_LEVEL_CHEMICAL_HOMEOSTASIS	1/2	22/2116	0.0454545454545455	48.0909090909091	6.82775247786468	0.0206907184705517	0.138851501785339	0.0980563570236236	NEO1	1
panel30	walktrap	121	GOBP_NEGATIVE_REGULATION_OF_NEURON_APOPTOTIC_PROCESS	GOBP_NEGATIVE_REGULATION_OF_NEURON_APOPTOTIC_PROCESS	2/2	63/2116	0.0317460317460317	33.5873015873016	8.07498812176489	0.000872782850018099	0.0829143707517195	0.0560418461590569	CLCF1/CNTFR	2
panel30	walktrap	121	GOBP_REGULATION_OF_NEURON_APOPTOTIC_PROCESS	GOBP_REGULATION_OF_NEURON_APOPTOTIC_PROCESS	2/2	105/2116	0.0190476190476191	20.152380952381	6.19054775205466	0.00244003807531942	0.0964019579432035	0.0651581100779547	CLCF1/CNTFR	2
panel30	walktrap	121	GOBP_NEURON_APOPTOTIC_PROCESS	GOBP_NEURON_APOPTOTIC_PROCESS	2/2	128/2116	0.015625	16.53125	5.57469225236777	0.00363234972091506	0.0964019579432035	0.0651581100779547	CLCF1/CNTFR	2
panel30	walktrap	121	GOBP_FEEDING_BEHAVIOR	GOBP_FEEDING_BEHAVIOR	1/2	10/2116	0.1	105.8	10.2152686230199	0.00943168563729213	0.0964019579432035	0.0651581100779547	CNTFR	1
panel30	walktrap	121	GOBP_REGULATION_OF_ASTROCYTE_DIFFERENTIATION	GOBP_REGULATION_OF_ASTROCYTE_DIFFERENTIATION	1/2	10/2116	0.1	105.8	10.2152686230199	0.00943168563729213	0.0964019579432035	0.0651581100779547	CLCF1	1
panel30	walktrap	121	GOBP_POSITIVE_REGULATION_OF_B_CELL_MEDIATED_IMMUNITY	GOBP_POSITIVE_REGULATION_OF_B_CELL_MEDIATED_IMMUNITY	1/2	11/2116	0.0909090909090909	96.1818181818182	9.73289372375186	0.0103723962872094	0.0964019579432035	0.0651581100779547	CLCF1	1
panel30	walktrap	121	GOBP_IMMUNOGLOBULIN_PRODUCTION_INVOLVED_IN_IMMUNOGLOBULIN_MEDIATED_IMMUNE_RESPONSE	GOBP_IMMUNOGLOBULIN_PRODUCTION_INVOLVED_IN_IMMUNOGLOBULIN_MEDIATED_IMMUNE_RESPONSE	1/2	12/2116	0.0833333333333333	88.1666666666667	9.3118481655212	0.0113126600437063	0.0964019579432035	0.0651581100779547	CLCF1	1
panel30	walktrap	121	GOBP_SOMATIC_DIVERSIFICATION_OF_IMMUNOGLOBULINS	GOBP_SOMATIC_DIVERSIFICATION_OF_IMMUNOGLOBULINS	1/2	12/2116	0.0833333333333333	88.1666666666667	9.3118481655212	0.0113126600437063	0.0964019579432035	0.0651581100779547	CLCF1	1
panel30	walktrap	121	GOBP_CYTOKINE_MEDIATED_SIGNALING_PATHWAY	GOBP_CYTOKINE_MEDIATED_SIGNALING_PATHWAY	2/2	230/2116	0.00869565217391304	9.2	4.05064905973213	0.0117689382259225	0.0964019579432035	0.0651581100779547	CLCF1/CNTFR	2
panel30	walktrap	121	GOBP_POSITIVE_REGULATION_OF_DNA_RECOMBINATION	GOBP_POSITIVE_REGULATION_OF_DNA_RECOMBINATION	1/2	13/2116	0.0769230769230769	81.3846153846154	8.94010604187068	0.0122524769067824	0.0964019579432035	0.0651581100779547	CLCF1	1
panel30	walktrap	144	GOBP_POSITIVE_REGULATION_OF_JNK_CASCADE	GOBP_POSITIVE_REGULATION_OF_JNK_CASCADE	2/2	56/2116	0.0357142857142857	37.7857142857143	8.57940735550533	0.000688215867397784	0.0468326428829988	0.0330654089674575	MAP2K7/MAP3K11	2
panel30	walktrap	144	GOBP_REGULATION_OF_JNK_CASCADE	GOBP_REGULATION_OF_JNK_CASCADE	2/2	72/2116	0.0277777777777778	29.3888888888889	7.53688501714	0.00114225958251217	0.0468326428829988	0.0330654089674575	MAP2K7/MAP3K11	2
panel30	walktrap	144	GOBP_JNK_CASCADE	GOBP_JNK_CASCADE	2/2	95/2116	0.0210526315789474	22.2736842105263	6.52437697379457	0.00199537912203318	0.0500207805440481	0.0353163405638337	MAP2K7/MAP3K11	2
panel30	walktrap	144	GOBP_REGULATION_OF_NEURON_APOPTOTIC_PROCESS	GOBP_REGULATION_OF_NEURON_APOPTOTIC_PROCESS	2/2	105/2116	0.0190476190476191	20.152380952381	6.19054775205466	0.00244003807531942	0.0500207805440481	0.0353163405638337	MAP2K7/MAP3K11	2
panel30	walktrap	144	GOBP_NEURON_APOPTOTIC_PROCESS	GOBP_NEURON_APOPTOTIC_PROCESS	2/2	128/2116	0.015625	16.53125	5.57469225236777	0.00363234972091506	0.059570535423007	0.0420587862421744	MAP2K7/MAP3K11	2
panel30	walktrap	144	GOBP_POSITIVE_REGULATION_OF_MAPK_CASCADE	GOBP_POSITIVE_REGULATION_OF_MAPK_CASCADE	2/2	204/2116	0.00980392156862745	10.3725490196078	4.33058485221382	0.00925337516255748	0.110485460322565	0.0780064225640703	MAP2K7/MAP3K11	2
panel30	walktrap	144	GOBP_POSITIVE_REGULATION_OF_JUN_KINASE_ACTIVITY	GOBP_POSITIVE_REGULATION_OF_JUN_KINASE_ACTIVITY	1/2	10/2116	0.1	105.8	10.2152686230199	0.00943168563729213	0.110485460322565	0.0780064225640703	MAP3K11	1
panel30	walktrap	144	GOBP_REGULATION_OF_JUN_KINASE_ACTIVITY	GOBP_REGULATION_OF_JUN_KINASE_ACTIVITY	1/2	13/2116	0.0769230769230769	81.3846153846154	8.94010604187068	0.0122524769067824	0.12558788829452	0.0886692407727677	MAP3K11	1
panel30	walktrap	144	GOBP_FC_EPSILON_RECEPTOR_SIGNALING_PATHWAY	GOBP_FC_EPSILON_RECEPTOR_SIGNALING_PATHWAY	1/2	19/2116	0.0526315789473684	55.6842105263158	7.36304108921494	0.0178819933234123	0.138354180911395	0.0976826694496368	MAP2K7	1
panel30	walktrap	144	GOBP_POSITIVE_REGULATION_OF_TELOMERE_MAINTENANCE	GOBP_POSITIVE_REGULATION_OF_TELOMERE_MAINTENANCE	1/2	19/2116	0.0526315789473684	55.6842105263158	7.36304108921494	0.0178819933234123	0.138354180911395	0.0976826694496368	MAP2K7	1
panel30	walktrap	56	GOBP_PROTEIN_REFOLDING	GOBP_PROTEIN_REFOLDING	4/4	10/2116	0.4	211.6	29.0447343060509	2.52115775473404e-10	6.45416385211914e-08	2.62731176545968e-08	HSPA6/HSPA1L/HSPA1B/HSPA1A	4
panel30	walktrap	56	GOBP_PROTEIN_FOLDING	GOBP_PROTEIN_FOLDING	4/4	39/2116	0.102564102564103	54.2564102564103	14.6057603111147	9.87465459450619e-08	1.26395578809679e-05	5.1452147624006e-06	HSPA6/HSPA1L/HSPA1B/HSPA1A	4
panel30	walktrap	56	GOBP_PROTEIN_MATURATION	GOBP_PROTEIN_MATURATION	4/4	111/2116	0.036036036036036	19.0630630630631	8.50616736799737	7.1901078089957e-06	0.000613555866367634	0.000249761639680903	HSPA6/HSPA1L/HSPA1B/HSPA1A	4
panel30	walktrap	56	GOBP_CELLULAR_RESPONSE_TO_HEAT	GOBP_CELLULAR_RESPONSE_TO_HEAT	3/4	30/2116	0.1	52.9	12.4568736020242	1.0200562256358e-05	0.000652835984406915	0.000265751490363012	HSPA6/HSPA1B/HSPA1A	3
panel30	walktrap	56	GOBP_RESPONSE_TO_HEAT	GOBP_RESPONSE_TO_HEAT	3/4	38/2116	0.0789473684210526	41.7631578947368	11.0325288660178	2.11342927949597e-05	0.00108207579110194	0.00044048315509495	HSPA6/HSPA1B/HSPA1A	3
panel30	walktrap	56	GOBP_RESPONSE_TO_TOPOLOGICALLY_INCORRECT_PROTEIN	GOBP_RESPONSE_TO_TOPOLOGICALLY_INCORRECT_PROTEIN	3/4	50/2116	0.06	31.74	9.57110170828432	4.88911315657208e-05	0.00201462663350319	0.000820098835184276	HSPA6/HSPA1L/HSPA1A	3
panel30	walktrap	56	GOBP_RESPONSE_TO_TEMPERATURE_STIMULUS	GOBP_RESPONSE_TO_TEMPERATURE_STIMULUS	3/4	52/2116	0.0576923076923077	30.5192307692308	9.3775650645373	5.50874470098529e-05	0.00201462663350319	0.000820098835184276	HSPA6/HSPA1B/HSPA1A	3
panel30	walktrap	56	GOBP_REGULATION_OF_MICROTUBULE_POLYMERIZATION	GOBP_REGULATION_OF_MICROTUBULE_POLYMERIZATION	2/4	13/2116	0.153846153846154	81.3846153846154	12.6492041696431	0.000207697666388966	0.00664632532444691	0.00270553539111942	HSPA1B/HSPA1A	2
panel30	walktrap	56	GOBP_NUCLEOTIDE_BINDING_DOMAIN_LEUCINE_RICH_REPEAT_CONTAINING_RECEPTOR_SIGNALING_PATHWAY	GOBP_NUCLEOTIDE_BINDING_DOMAIN_LEUCINE_RICH_REPEAT_CONTAINING_RECEPTOR_SIGNALING_PATHWAY	2/4	15/2116	0.133333333333333	70.5333333333333	11.7588236524571	0.000279239315023344	0.00794280718288623	0.00323329733184925	HSPA1B/HSPA1A	2
panel30	walktrap	56	GOBP_MITOTIC_SPINDLE_ASSEMBLY	GOBP_MITOTIC_SPINDLE_ASSEMBLY	2/4	18/2116	0.111111111111111	58.7777777777778	10.7110628931821	0.000406119180625027	0.00921037028999602	0.00374928724798358	HSPA1B/HSPA1A	2
panel30	walktrap	167	GOBP_POSITIVE_REGULATION_OF_INTERFERON_ALPHA_PRODUCTION	GOBP_POSITIVE_REGULATION_OF_INTERFERON_ALPHA_PRODUCTION	3/3	16/2116	0.1875	132.25	19.8525235890494	3.55147089050204e-07	4.35562537070856e-05	2.49671073881158e-05	TLR7/TLR9/TLR8	3
panel30	walktrap	167	GOBP_INTERFERON_ALPHA_PRODUCTION	GOBP_INTERFERON_ALPHA_PRODUCTION	3/3	17/2116	0.176470588235294	124.470588235294	19.2551906616732	4.31250036703818e-07	4.35562537070856e-05	2.49671073881158e-05	TLR7/TLR9/TLR8	3
panel30	walktrap	167	GOBP_POSITIVE_REGULATION_OF_INTERFERON_BETA_PRODUCTION	GOBP_POSITIVE_REGULATION_OF_INTERFERON_BETA_PRODUCTION	3/3	23/2116	0.130434782608696	92	16.5305293435694	1.12315266912127e-06	7.36613114163948e-05	4.22237845534311e-05	TLR7/TLR9/TLR8	3
panel30	walktrap	167	GOBP_ENDOLYSOSOMAL_TOLL_LIKE_RECEPTOR_SIGNALING_PATHWAY	GOBP_ENDOLYSOSOMAL_TOLL_LIKE_RECEPTOR_SIGNALING_PATHWAY	3/3	25/2116	0.12	84.64	15.8479494314928	1.45863983002762e-06	7.36613114163948e-05	4.22237845534311e-05	TLR7/TLR9/TLR8	3
panel30	walktrap	167	GOBP_INTERFERON_BETA_PRODUCTION	GOBP_INTERFERON_BETA_PRODUCTION	3/3	30/2116	0.1	70.5333333333333	14.4498250644034	2.57481639561397e-06	0.000104022582382804	5.96273270563236e-05	TLR7/TLR9/TLR8	3
panel30	walktrap	167	GOBP_POSITIVE_REGULATION_OF_INTERLEUKIN_8_PRODUCTION	GOBP_POSITIVE_REGULATION_OF_INTERLEUKIN_8_PRODUCTION	3/3	36/2116	0.0833333333333333	58.7777777777778	13.1718410659172	4.52812538539008e-06	0.000152446887974799	8.73848758584051e-05	TLR7/TLR9/TLR8	3
panel30	walktrap	167	GOBP_POSITIVE_REGULATION_OF_TYPE_I_INTERFERON_PRODUCTION	GOBP_POSITIVE_REGULATION_OF_TYPE_I_INTERFERON_PRODUCTION	3/3	40/2116	0.075	52.9	12.4838845477978	6.26580935681429e-06	0.000163407121750765	9.36674486325388e-05	TLR7/TLR9/TLR8	3
panel30	walktrap	167	GOBP_INTERLEUKIN_8_PRODUCTION	GOBP_INTERLEUKIN_8_PRODUCTION	3/3	41/2116	0.0731707317073171	51.609756097561	12.3277320689783	6.76047851656279e-06	0.000163407121750765	9.36674486325388e-05	TLR7/TLR9/TLR8	3
panel30	walktrap	167	GOBP_POSITIVE_REGULATION_OF_TYPE_II_INTERFERON_PRODUCTION	GOBP_POSITIVE_REGULATION_OF_TYPE_II_INTERFERON_PRODUCTION	3/3	42/2116	0.0714285714285714	50.3809523809524	12.1771539181845	7.28051532552915e-06	0.000163407121750765	9.36674486325388e-05	TLR7/TLR9/TLR8	3
panel30	walktrap	167	GOBP_POSITIVE_REGULATION_OF_INTERLEUKIN_6_PRODUCTION	GOBP_POSITIVE_REGULATION_OF_INTERLEUKIN_6_PRODUCTION	3/3	46/2116	0.0652173913043478	46	11.6244475312595	9.62702287818227e-06	0.000176787147399347	0.000101337082928234	TLR7/TLR9/TLR8	3
panel30	walktrap	86	GOBP_POSITIVE_REGULATION_OF_TRANSCRIPTION_BY_RNA_POLYMERASE_II	GOBP_POSITIVE_REGULATION_OF_TRANSCRIPTION_BY_RNA_POLYMERASE_II	2/2	286/2116	0.00699300699300699	7.3986013986014	3.57816382329019	0.0182131413479199	0.0608847595936844	0.0256356882499724	NFYC/NFYA	2
panel30	walktrap	86	GOBP_POSITIVE_REGULATION_OF_RNA_METABOLIC_PROCESS	GOBP_POSITIVE_REGULATION_OF_RNA_METABOLIC_PROCESS	2/2	392/2116	0.00510204081632653	5.39795918367347	2.96649273743871	0.0342481241648679	0.0608847595936844	0.0256356882499724	NFYC/NFYA	2
panel30	walktrap	86	GOBP_PROTEIN_FOLDING	GOBP_PROTEIN_FOLDING	1/2	39/2116	0.0256410256410256	27.1282051282051	5.06455538000356	0.0365308557562106	0.0608847595936844	0.0256356882499724	NFYC	1
panel30	walktrap	86	GOBP_RHYTHMIC_PROCESS	GOBP_RHYTHMIC_PROCESS	1/2	89/2116	0.0112359550561798	11.8876404494382	3.22715326527356	0.0823709483525274	0.102186649505959	0.0430259576867198	NFYA	1
panel30	walktrap	86	GOBP_PROTEIN_MATURATION	GOBP_PROTEIN_MATURATION	1/2	111/2116	0.00900900900900901	9.53153153153153	2.83954655435127	0.102186649505959	0.102186649505959	0.0430259576867198	NFYC	1
panel30	walktrap	68	GOBP_NEGATIVE_REGULATION_OF_INFLAMMATORY_RESPONSE	GOBP_NEGATIVE_REGULATION_OF_INFLAMMATORY_RESPONSE	3/3	54/2116	0.0555555555555556	39.1851851851852	10.7081270470449	1.57304792800022e-05	0.00280002531184039	0.00140746393557915	IL18R1/IL1RAP/IL1R1	3
panel30	walktrap	68	GOBP_MACROPHAGE_ACTIVATION_INVOLVED_IN_IMMUNE_RESPONSE	GOBP_MACROPHAGE_ACTIVATION_INVOLVED_IN_IMMUNE_RESPONSE	2/3	10/2116	0.2	141.066666666667	16.7252136656612	6.0178405857096e-05	0.00313540973376741	0.00157604865387481	IL1RAP/IL1R1	2
panel30	walktrap	68	GOBP_NEGATIVE_REGULATION_OF_DEFENSE_RESPONSE	GOBP_NEGATIVE_REGULATION_OF_DEFENSE_RESPONSE	3/3	89/2116	0.0337078651685393	23.7752808988764	8.2698557773414	7.20212928944594e-05	0.00313540973376741	0.00157604865387481	IL18R1/IL1RAP/IL1R1	3
panel30	walktrap	68	GOBP_REGULATION_OF_T_HELPER_1_TYPE_IMMUNE_RESPONSE	GOBP_REGULATION_OF_T_HELPER_1_TYPE_IMMUNE_RESPONSE	2/3	12/2116	0.166666666666667	117.555555555556	15.2534049004338	8.82058530954613e-05	0.00313540973376741	0.00157604865387481	IL18R1/IL1R1	2
panel30	walktrap	68	GOBP_POSITIVE_REGULATION_OF_T_CELL_CYTOKINE_PRODUCTION	GOBP_POSITIVE_REGULATION_OF_T_CELL_CYTOKINE_PRODUCTION	2/3	13/2116	0.153846153846154	108.512820512821	14.6480009640514	0.000104210302987017	0.00313540973376741	0.00157604865387481	IL18R1/IL1R1	2
panel30	walktrap	68	GOBP_CELL_ACTIVATION_INVOLVED_IN_IMMUNE_RESPONSE	GOBP_CELL_ACTIVATION_INVOLVED_IN_IMMUNE_RESPONSE	3/3	101/2116	0.0297029702970297	20.950495049505	7.74003461671922	0.000105687968553958	0.00313540973376741	0.00157604865387481	IL18R1/IL1RAP/IL1R1	3
panel30	walktrap	68	GOBP_T_CELL_CYTOKINE_PRODUCTION	GOBP_T_CELL_CYTOKINE_PRODUCTION	2/3	17/2116	0.117647058823529	82.9803921568627	12.7848105695499	0.000181470015444966	0.0041660592700157	0.00209411613217821	IL18R1/IL1R1	2
panel30	walktrap	68	GOBP_NEGATIVE_REGULATION_OF_RESPONSE_TO_EXTERNAL_STIMULUS	GOBP_NEGATIVE_REGULATION_OF_RESPONSE_TO_EXTERNAL_STIMULUS	3/3	122/2116	0.0245901639344262	17.344262295082	7.00565467846323	0.00018723861887711	0.0041660592700157	0.00209411613217821	IL18R1/IL1RAP/IL1R1	3
panel30	walktrap	68	GOBP_INTERLEUKIN_1_MEDIATED_SIGNALING_PATHWAY	GOBP_INTERLEUKIN_1_MEDIATED_SIGNALING_PATHWAY	2/3	19/2116	0.105263157894737	74.2456140350877	12.0816228436917	0.000228027262054526	0.00450987251618952	0.00226693769293973	IL1RAP/IL1R1	2
panel30	walktrap	68	GOBP_REGULATION_OF_INFLAMMATORY_RESPONSE	GOBP_REGULATION_OF_INFLAMMATORY_RESPONSE	3/3	137/2116	0.0218978102189781	15.4452554744526	6.58610542425812	0.000265865647627903	0.00473240852777668	0.00237879789982861	IL18R1/IL1RAP/IL1R1	3
panel30	walktrap	127	GOBP_NEGATIVE_REGULATION_OF_BIOMINERAL_TISSUE_DEVELOPMENT	GOBP_NEGATIVE_REGULATION_OF_BIOMINERAL_TISSUE_DEVELOPMENT	2/2	10/2116	0.2	211.6	20.5280111832823	2.01102039174678e-05	0.00114203613580197	0.000268136052232903	ROCK1/ROCK2	2
panel30	walktrap	127	GOBP_REGULATION_OF_EPIDERMIS_DEVELOPMENT	GOBP_REGULATION_OF_EPIDERMIS_DEVELOPMENT	2/2	10/2116	0.2	211.6	20.5280111832823	2.01102039174678e-05	0.00114203613580197	0.000268136052232903	ROCK1/ROCK2	2
panel30	walktrap	127	GOBP_REGULATION_OF_BICELLULAR_TIGHT_JUNCTION_ASSEMBLY	GOBP_REGULATION_OF_BICELLULAR_TIGHT_JUNCTION_ASSEMBLY	2/2	11/2116	0.181818181818182	192.363636363636	19.5680432554897	2.45791381213494e-05	0.00114203613580197	0.000268136052232903	ROCK1/ROCK2	2
panel30	walktrap	127	GOBP_REGULATION_OF_ENDOTHELIAL_CELL_DEVELOPMENT	GOBP_REGULATION_OF_ENDOTHELIAL_CELL_DEVELOPMENT	2/2	11/2116	0.181818181818182	192.363636363636	19.5680432554897	2.45791381213494e-05	0.00114203613580197	0.000268136052232903	ROCK1/ROCK2	2
panel30	walktrap	127	GOBP_POSITIVE_REGULATION_OF_MRNA_METABOLIC_PROCESS	GOBP_POSITIVE_REGULATION_OF_MRNA_METABOLIC_PROCESS	2/2	12/2116	0.166666666666667	176.333333333333	18.7305244170713	2.94949657456193e-05	0.00114203613580197	0.000268136052232903	ROCK1/ROCK2	2
panel30	walktrap	127	GOBP_CORTICAL_CYTOSKELETON_ORGANIZATION	GOBP_CORTICAL_CYTOSKELETON_ORGANIZATION	2/2	13/2116	0.153846153846154	162.769230769231	17.9914287139273	3.48576867902775e-05	0.00114203613580197	0.000268136052232903	ROCK1/ROCK2	2
panel30	walktrap	127	GOBP_POSITIVE_REGULATION_OF_MUSCLE_HYPERTROPHY	GOBP_POSITIVE_REGULATION_OF_MUSCLE_HYPERTROPHY	2/2	13/2116	0.153846153846154	162.769230769231	17.9914287139273	3.48576867902775e-05	0.00114203613580197	0.000268136052232903	ROCK1/ROCK2	2
panel30	walktrap	127	GOBP_AMYLOID_BETA_FORMATION	GOBP_AMYLOID_BETA_FORMATION	2/2	14/2116	0.142857142857143	151.142857142857	17.3328520592595	4.06673012553236e-05	0.00114203613580197	0.000268136052232903	ROCK1/ROCK2	2
panel30	walktrap	127	GOBP_NEGATIVE_REGULATION_OF_CELL_JUNCTION_ASSEMBLY	GOBP_NEGATIVE_REGULATION_OF_CELL_JUNCTION_ASSEMBLY	2/2	14/2116	0.142857142857143	151.142857142857	17.3328520592595	4.06673012553236e-05	0.00114203613580197	0.000268136052232903	ROCK1/ROCK2	2
panel30	walktrap	127	GOBP_MITOTIC_CYTOKINESIS	GOBP_MITOTIC_CYTOKINESIS	2/2	15/2116	0.133333333333333	141.066666666667	16.7411423366521	4.6923809140758e-05	0.00114203613580197	0.000268136052232903	ROCK1/ROCK2	2
panel30	walktrap	95	GOBP_CHROMATIN_REMODELING	GOBP_CHROMATIN_REMODELING	2/2	82/2116	0.024390243902439	25.8048780487805	7.04508504864492	0.00148413304910912	0.0678330584938799	0.0448558686396777	CHD8/RUVBL1	2
panel30	walktrap	95	GOBP_CHROMATIN_ORGANIZATION	GOBP_CHROMATIN_ORGANIZATION	2/2	105/2116	0.0190476190476191	20.152380952381	6.19054775205466	0.00244003807531942	0.0678330584938799	0.0448558686396777	CHD8/RUVBL1	2
panel30	walktrap	95	GOBP_REGULATION_OF_CANONICAL_WNT_SIGNALING_PATHWAY	GOBP_REGULATION_OF_CANONICAL_WNT_SIGNALING_PATHWAY	2/2	111/2116	0.018018018018018	19.0630630630631	6.01192274706895	0.00272828433146979	0.0678330584938799	0.0448558686396777	CHD8/RUVBL1	2
panel30	walktrap	95	GOBP_REGULATION_OF_WNT_SIGNALING_PATHWAY	GOBP_REGULATION_OF_WNT_SIGNALING_PATHWAY	2/2	132/2116	0.0151515151515152	16.030303030303	5.4840519542046	0.00386384051267613	0.0678330584938799	0.0448558686396777	CHD8/RUVBL1	2
panel30	walktrap	95	GOBP_CANONICAL_WNT_SIGNALING_PATHWAY	GOBP_CANONICAL_WNT_SIGNALING_PATHWAY	2/2	140/2116	0.0142857142857143	15.1142857142857	5.31431318087326	0.00434827298037692	0.0678330584938799	0.0448558686396777	CHD8/RUVBL1	2
panel30	walktrap	95	GOBP_WNT_SIGNALING_PATHWAY	GOBP_WNT_SIGNALING_PATHWAY	2/2	185/2116	0.0108108108108108	11.4378378378378	4.57007118549783	0.00760612601500668	0.0988796381950869	0.0653859955676013	CHD8/RUVBL1	2
panel30	walktrap	95	GOBP_POSITIVE_REGULATION_OF_DNA_RECOMBINATION	GOBP_POSITIVE_REGULATION_OF_DNA_RECOMBINATION	1/2	13/2116	0.0769230769230769	81.3846153846154	8.94010604187068	0.0122524769067824	0.102554800305675	0.0678162647095556	RUVBL1	1
panel30	walktrap	95	GOBP_REGULATION_OF_DOUBLE_STRAND_BREAK_REPAIR_VIA_HOMOLOGOUS_RECOMBINATION	GOBP_REGULATION_OF_DOUBLE_STRAND_BREAK_REPAIR_VIA_HOMOLOGOUS_RECOMBINATION	1/2	14/2116	0.0714285714285714	75.5714285714286	8.60870482867123	0.0131918468764384	0.102554800305675	0.0678162647095556	RUVBL1	1
panel30	walktrap	95	GOBP_DNA_STRAND_ELONGATION	GOBP_DNA_STRAND_ELONGATION	1/2	17/2116	0.0588235294117647	62.2352941176471	7.79538809910682	0.0160072754248839	0.102554800305675	0.0678162647095556	RUVBL1	1
panel30	walktrap	95	GOBP_POSITIVE_REGULATION_OF_DOUBLE_STRAND_BREAK_REPAIR	GOBP_POSITIVE_REGULATION_OF_DOUBLE_STRAND_BREAK_REPAIR	1/2	17/2116	0.0588235294117647	62.2352941176471	7.79538809910682	0.0160072754248839	0.102554800305675	0.0678162647095556	RUVBL1	1
panel30	walktrap	147	GOBP_POSITIVE_REGULATION_OF_MUSCLE_CONTRACTION	GOBP_POSITIVE_REGULATION_OF_MUSCLE_CONTRACTION	5/6	24/2116	0.208333333333333	73.4722222222222	19.0364491239777	7.193963219441e-10	1.41001679101044e-07	9.16283736370906e-08	CACNA2D3/CACNB4/CACNA2D2/CACNA2D1/CACNB2	5
panel30	walktrap	147	GOBP_CALCIUM_ION_TRANSMEMBRANE_TRANSPORT	GOBP_CALCIUM_ION_TRANSMEMBRANE_TRANSPORT	6/6	94/2116	0.0638297872340426	22.5106382978723	11.374078786717	6.57748514069692e-09	6.44593543788298e-07	4.18881948433857e-07	CACNA1A/CACNA2D3/CACNB4/CACNA2D2/CACNA2D1/CACNB2	6
panel30	walktrap	147	GOBP_CALCIUM_ION_TRANSPORT	GOBP_CALCIUM_ION_TRANSPORT	6/6	112/2116	0.0535714285714286	18.8928571428571	10.3735983954268	1.93265820770631e-08	1.26267002903479e-06	8.20532081166537e-07	CACNA1A/CACNA2D3/CACNB4/CACNA2D2/CACNA2D1/CACNB2	6
panel30	walktrap	147	GOBP_REGULATION_OF_MUSCLE_CONTRACTION	GOBP_REGULATION_OF_MUSCLE_CONTRACTION	5/6	48/2116	0.104166666666667	36.7361111111111	13.3518739799471	2.87047446671629e-08	1.40653248869098e-06	9.14019501243873e-07	CACNA2D3/CACNB4/CACNA2D2/CACNA2D1/CACNB2	5
panel30	walktrap	147	GOBP_METAL_ION_TRANSPORT	GOBP_METAL_ION_TRANSPORT	6/6	150/2116	0.04	14.1066666666667	8.87842050766354	1.15495422885612e-07	4.52742057711599e-06	2.94209393034927e-06	CACNA1A/CACNA2D3/CACNB4/CACNA2D2/CACNA2D1/CACNB2	6
panel30	walktrap	147	GOBP_REGULATION_OF_MUSCLE_SYSTEM_PROCESS	GOBP_REGULATION_OF_MUSCLE_SYSTEM_PROCESS	5/6	74/2116	0.0675675675675676	23.8288288288288	10.6576439227342	2.67224799765999e-07	8.72934345902263e-06	5.67266680205015e-06	CACNA2D3/CACNB4/CACNA2D2/CACNA2D1/CACNB2	5
panel30	walktrap	147	GOBP_MUSCLE_CONTRACTION	GOBP_MUSCLE_CONTRACTION	5/6	82/2116	0.0609756097560976	21.5040650406504	10.0962711599965	4.51161073479194e-07	1.26325100574174e-05	8.20909622420788e-06	CACNA2D3/CACNB4/CACNA2D2/CACNA2D1/CACNB2	5
panel30	walktrap	147	GOBP_MONOATOMIC_ION_TRANSMEMBRANE_TRANSPORT	GOBP_MONOATOMIC_ION_TRANSMEMBRANE_TRANSPORT	6/6	195/2116	0.0307692307692308	10.8512820512821	7.69725651964871	5.70780575396513e-07	1.39841240972146e-05	9.0874275819708e-06	CACNA1A/CACNA2D3/CACNB4/CACNA2D2/CACNA2D1/CACNB2	6
panel30	walktrap	147	GOBP_MONOATOMIC_CATION_TRANSPORT	GOBP_MONOATOMIC_CATION_TRANSPORT	6/6	222/2116	0.027027027027027	9.53153153153153	7.16313413146593	1.25462982971535e-06	2.7323049624912e-05	1.7755580046264e-05	CACNA1A/CACNA2D3/CACNB4/CACNA2D2/CACNA2D1/CACNB2	6
panel30	walktrap	147	GOBP_MONOATOMIC_ION_TRANSPORT	GOBP_MONOATOMIC_ION_TRANSPORT	6/6	228/2116	0.0263157894736842	9.28070175438596	7.05704935666102	1.47499952537593e-06	2.89099906973683e-05	1.87868360600513e-05	CACNA1A/CACNA2D3/CACNB4/CACNA2D2/CACNA2D1/CACNB2	6
panel30	walktrap	111	GOBP_ESTABLISHMENT_OR_MAINTENANCE_OF_BIPOLAR_CELL_POLARITY	GOBP_ESTABLISHMENT_OR_MAINTENANCE_OF_BIPOLAR_CELL_POLARITY	2/2	23/2116	0.0869565217391304	92	13.4939279942955	0.000113064035358207	0.00486175352040292	0.00214226593310288	LLGL1/PARD6B	2
panel30	walktrap	111	GOBP_ESTABLISHMENT_OR_MAINTENANCE_OF_CELL_POLARITY	GOBP_ESTABLISHMENT_OR_MAINTENANCE_OF_CELL_POLARITY	2/2	69/2116	0.0289855072463768	30.6666666666667	7.70463498091991	0.00104841196423065	0.022540857230959	0.0099323238716588	LLGL1/PARD6B	2
panel30	walktrap	111	GOBP_AXON_DEVELOPMENT	GOBP_AXON_DEVELOPMENT	2/2	117/2116	0.0170940170940171	18.0854700854701	5.8469739426854	0.00303261875075413	0.0322259314376115	0.0141999208293025	LLGL1/PARD6B	2
panel30	walktrap	111	GOBP_MICROTUBULE_CYTOSKELETON_ORGANIZATION	GOBP_MICROTUBULE_CYTOSKELETON_ORGANIZATION	2/2	125/2116	0.016	16.928	5.64544675498644	0.00346342400800833	0.0322259314376115	0.0141999208293025	LLGL1/PARD6B	2
panel30	walktrap	111	GOBP_CELL_MORPHOGENESIS_INVOLVED_IN_NEURON_DIFFERENTIATION	GOBP_CELL_MORPHOGENESIS_INVOLVED_IN_NEURON_DIFFERENTIATION	2/2	130/2116	0.0153846153846154	16.2769230769231	5.52886057433342	0.00374720132995482	0.0322259314376115	0.0141999208293025	LLGL1/PARD6B	2
panel30	walktrap	111	GOBP_CELL_PROJECTION_MORPHOGENESIS	GOBP_CELL_PROJECTION_MORPHOGENESIS	2/2	149/2116	0.0134228187919463	14.2013422818792	5.13956943797179	0.00492744685319998	0.0353133691145999	0.0155603584837894	LLGL1/PARD6B	2
panel30	walktrap	111	GOBP_MICROTUBULE_BASED_PROCESS	GOBP_MICROTUBULE_BASED_PROCESS	2/2	167/2116	0.0119760479041916	12.6706586826347	4.83242782352773	0.00619438970000045	0.0380512510142885	0.0167667691127832	LLGL1/PARD6B	2
panel30	walktrap	111	GOBP_SPINDLE_LOCALIZATION	GOBP_SPINDLE_LOCALIZATION	1/2	10/2116	0.1	105.8	10.2152686230199	0.00943168563729213	0.0439047089159704	0.0193460161686039	LLGL1	1
panel30	walktrap	111	GOBP_VESICLE_MEDIATED_TRANSPORT_TO_THE_PLASMA_MEMBRANE	GOBP_VESICLE_MEDIATED_TRANSPORT_TO_THE_PLASMA_MEMBRANE	1/2	12/2116	0.0833333333333333	88.1666666666667	9.3118481655212	0.0113126600437063	0.0439047089159704	0.0193460161686039	LLGL1	1
panel30	walktrap	111	GOBP_NEURON_DEVELOPMENT	GOBP_NEURON_DEVELOPMENT	2/2	227/2116	0.00881057268722467	9.3215859030837	4.08056915644286	0.011463263126377	0.0439047089159704	0.0193460161686039	LLGL1/PARD6B	2
panel30	walktrap	143	GOBP_GLYCOLYTIC_PROCESS_THROUGH_GLUCOSE_6_PHOSPHATE	GOBP_GLYCOLYTIC_PROCESS_THROUGH_GLUCOSE_6_PHOSPHATE	3/3	12/2116	0.25	176.333333333333	22.9455414040844	1.39522070698294e-07	1.07431994437687e-05	5.60758561658217e-06	ENO1/PGK1/ENO3	3
panel30	walktrap	143	GOBP_GLYCOLYTIC_PROCESS_THROUGH_FRUCTOSE_6_PHOSPHATE	GOBP_GLYCOLYTIC_PROCESS_THROUGH_FRUCTOSE_6_PHOSPHATE	3/3	14/2116	0.214285714285714	151.142857142857	21.2333443378727	2.30845607882632e-07	1.07431994437687e-05	5.60758561658217e-06	ENO1/PGK1/ENO3	3
panel30	walktrap	143	GOBP_GLUCOSE_CATABOLIC_PROCESS	GOBP_GLUCOSE_CATABOLIC_PROCESS	3/3	16/2116	0.1875	132.25	19.8525235890494	3.55147089050204e-07	1.07431994437687e-05	5.60758561658217e-06	ENO1/PGK1/ENO3	3
panel30	walktrap	143	GOBP_MONOSACCHARIDE_CATABOLIC_PROCESS	GOBP_MONOSACCHARIDE_CATABOLIC_PROCESS	3/3	16/2116	0.1875	132.25	19.8525235890494	3.55147089050204e-07	1.07431994437687e-05	5.60758561658217e-06	ENO1/PGK1/ENO3	3
panel30	walktrap	143	GOBP_MONOSACCHARIDE_BIOSYNTHETIC_PROCESS	GOBP_MONOSACCHARIDE_BIOSYNTHETIC_PROCESS	3/3	24/2116	0.125	88.1666666666667	16.1786129003996	1.28360305042431e-06	3.10631938202682e-05	1.62139332685176e-05	ENO1/PGK1/ENO3	3
panel30	walktrap	143	GOBP_SMALL_MOLECULE_CATABOLIC_PROCESS	GOBP_SMALL_MOLECULE_CATABOLIC_PROCESS	3/3	29/2116	0.103448275862069	72.9655172413793	14.7003708272725	2.31733475605257e-06	4.67329175803935e-05	2.43929974321323e-05	ENO1/PGK1/ENO3	3
panel30	walktrap	143	GOBP_NUCLEOSIDE_DIPHOSPHATE_CATABOLIC_PROCESS	GOBP_NUCLEOSIDE_DIPHOSPHATE_CATABOLIC_PROCESS	3/3	36/2116	0.0833333333333333	58.7777777777778	13.1718410659172	4.52812538539008e-06	5.39462086354952e-05	2.81580906318374e-05	ENO1/PGK1/ENO3	3
panel30	walktrap	143	GOBP_PYRIDINE_CONTAINING_COMPOUND_CATABOLIC_PROCESS	GOBP_PYRIDINE_CONTAINING_COMPOUND_CATABOLIC_PROCESS	3/3	36/2116	0.0833333333333333	58.7777777777778	13.1718410659172	4.52812538539008e-06	5.39462086354952e-05	2.81580906318374e-05	ENO1/PGK1/ENO3	3
panel30	walktrap	143	GOBP_RIBONUCLEOTIDE_CATABOLIC_PROCESS	GOBP_RIBONUCLEOTIDE_CATABOLIC_PROCESS	3/3	36/2116	0.0833333333333333	58.7777777777778	13.1718410659172	4.52812538539008e-06	5.39462086354952e-05	2.81580906318374e-05	ENO1/PGK1/ENO3	3
panel30	walktrap	143	GOBP_NUCLEOSIDE_PHOSPHATE_CATABOLIC_PROCESS	GOBP_NUCLEOSIDE_PHOSPHATE_CATABOLIC_PROCESS	3/3	37/2116	0.0810810810810811	57.1891891891892	12.9895003907039	4.92766586057155e-06	5.39462086354952e-05	2.81580906318374e-05	ENO1/PGK1/ENO3	3
panel30	walktrap	198	GOBP_SISTER_CHROMATID_COHESION	GOBP_SISTER_CHROMATID_COHESION	2/3	31/2116	0.0645161290322581	45.505376344086	9.40386443582828	0.000617714942279783	0.0500349103246624	0.0364126702817556	PPP2R1A/PPP2R5D	2
panel30	walktrap	198	GOBP_CELL_CYCLE_PROCESS	GOBP_CELL_CYCLE_PROCESS	3/3	350/2116	0.00857142857142857	6.04571428571429	3.89248898377513	0.00449305461034638	0.122617738965444	0.0892344818981786	PPP2R1A/PPP2R5D/PPP2R2D	3
panel30	walktrap	198	GOBP_MITOTIC_NUCLEAR_DIVISION	GOBP_MITOTIC_NUCLEAR_DIVISION	2/3	85/2116	0.0235294117647059	16.5960784313725	5.52886488071267	0.00466095039669486	0.122617738965444	0.0892344818981786	PPP2R1A/PPP2R2D	2
panel30	walktrap	198	GOBP_CHROMOSOME_SEGREGATION	GOBP_CHROMOSOME_SEGREGATION	2/3	97/2116	0.0206185567010309	14.5429553264605	5.14395568180007	0.00605519698594783	0.122617738965444	0.0892344818981786	PPP2R1A/PPP2R2D	2
panel30	walktrap	198	GOBP_CELL_CYCLE	GOBP_CELL_CYCLE	3/3	441/2116	0.00680272108843537	4.79818594104308	3.37717974313953	0.009003777788373	0.125726825958001	0.0914971053105659	PPP2R1A/PPP2R5D/PPP2R2D	3
panel30	walktrap	198	GOBP_ORGANELLE_FISSION	GOBP_ORGANELLE_FISSION	2/3	135/2116	0.0148148148148148	10.4493827160494	4.27458689707051	0.011617837937327	0.125726825958001	0.0914971053105659	PPP2R1A/PPP2R2D	2
panel30	walktrap	198	GOBP_CHROMOSOME_ORGANIZATION	GOBP_CHROMOSOME_ORGANIZATION	2/3	141/2116	0.0141843971631206	10.0047281323877	4.16929549385536	0.0126524701945025	0.125726825958001	0.0914971053105659	PPP2R1A/PPP2R5D	2
panel30	walktrap	198	GOBP_EXIT_FROM_MITOSIS	GOBP_EXIT_FROM_MITOSIS	1/3	10/2116	0.1	70.5333333333333	8.3029023575843	0.0141174392530098	0.125726825958001	0.0914971053105659	PPP2R2D	1
panel30	walktrap	198	GOBP_NEGATIVE_REGULATION_OF_HIPPO_SIGNALING	GOBP_NEGATIVE_REGULATION_OF_HIPPO_SIGNALING	1/3	11/2116	0.0909090909090909	64.1212121212121	7.90699906154085	0.0155218303651853	0.125726825958001	0.0914971053105659	PPP2R1A	1
panel30	walktrap	198	GOBP_OOCYTE_MATURATION	GOBP_OOCYTE_MATURATION	1/3	11/2116	0.0909090909090909	64.1212121212121	7.90699906154085	0.0155218303651853	0.125726825958001	0.0914971053105659	PPP2R1A	1
panel30	walktrap	24	GOBP_CIRCADIAN_REGULATION_OF_GENE_EXPRESSION	GOBP_CIRCADIAN_REGULATION_OF_GENE_EXPRESSION	2/4	17/2116	0.117647058823529	62.2352941176471	11.0295621981879	0.000361223602679484	0.0208103876887125	0.0139901765974538	PPP1CB/PPP1CA	2
panel30	walktrap	24	GOBP_POSITIVE_REGULATION_OF_RAS_PROTEIN_SIGNAL_TRANSDUCTION	GOBP_POSITIVE_REGULATION_OF_RAS_PROTEIN_SIGNAL_TRANSDUCTION	2/4	17/2116	0.117647058823529	62.2352941176471	11.0295621981879	0.000361223602679484	0.0208103876887125	0.0139901765974538	PPP1CB/PPP1CA	2
panel30	walktrap	24	GOBP_GLUCAN_METABOLIC_PROCESS	GOBP_GLUCAN_METABOLIC_PROCESS	2/4	27/2116	0.0740740740740741	39.1851851851852	8.68851965291745	0.0009263806775716	0.0208103876887125	0.0139901765974538	PPP1CB/PPP1CA	2
panel30	walktrap	24	GOBP_REGULATION_OF_RAS_PROTEIN_SIGNAL_TRANSDUCTION	GOBP_REGULATION_OF_RAS_PROTEIN_SIGNAL_TRANSDUCTION	2/4	28/2116	0.0714285714285714	37.7857142857143	8.52572237390709	0.00099700713753715	0.0208103876887125	0.0139901765974538	PPP1CB/PPP1CA	2
panel30	walktrap	24	GOBP_ENERGY_RESERVE_METABOLIC_PROCESS	GOBP_ENERGY_RESERVE_METABOLIC_PROCESS	2/4	29/2116	0.0689655172413793	36.4827586206897	8.37130905893464	0.00107017923689978	0.0208103876887125	0.0139901765974538	PPP1CB/PPP1CA	2
panel30	walktrap	24	GOBP_POLYSACCHARIDE_METABOLIC_PROCESS	GOBP_POLYSACCHARIDE_METABOLIC_PROCESS	2/4	31/2116	0.0645161290322581	34.1290322580645	8.08490258787836	0.00122414045227721	0.0208103876887125	0.0139901765974538	PPP1CB/PPP1CA	2
panel30	walktrap	24	GOBP_REGULATION_OF_CIRCADIAN_RHYTHM	GOBP_REGULATION_OF_CIRCADIAN_RHYTHM	2/4	31/2116	0.0645161290322581	34.1290322580645	8.08490258787836	0.00122414045227721	0.0208103876887125	0.0139901765974538	PPP1CB/PPP1CA	2
panel30	walktrap	24	GOBP_PROTEIN_DEPHOSPHORYLATION	GOBP_PROTEIN_DEPHOSPHORYLATION	2/4	37/2116	0.0540540540540541	28.5945945945946	7.36776660643776	0.00174660265222072	0.0259807144517832	0.0174660265222072	PPP1CB/PPP1CA	2
panel30	walktrap	24	GOBP_POSITIVE_REGULATION_OF_SMALL_GTPASE_MEDIATED_SIGNAL_TRANSDUCTION	GOBP_POSITIVE_REGULATION_OF_SMALL_GTPASE_MEDIATED_SIGNAL_TRANSDUCTION	2/4	44/2116	0.0454545454545455	24.0454545454545	6.72132608664497	0.00246986215299834	0.032115478352442	0.0215902375478602	PPP1CB/PPP1CA	2
panel30	walktrap	24	GOBP_DEPHOSPHORYLATION	GOBP_DEPHOSPHORYLATION	2/4	46/2116	0.0434782608695652	23	6.56378955583841	0.00269877969348252	0.032115478352442	0.0215902375478602	PPP1CB/PPP1CA	2
panel30	walktrap	196	GOBP_COLLAGEN_ACTIVATED_TYROSINE_KINASE_RECEPTOR_SIGNALING_PATHWAY	GOBP_COLLAGEN_ACTIVATED_TYROSINE_KINASE_RECEPTOR_SIGNALING_PATHWAY	2/2	10/2116	0.2	211.6	20.5280111832823	2.01102039174678e-05	0.000209146120741665	7.33846037690052e-05	COL4A5/COL4A6	2
panel30	walktrap	196	GOBP_COLLAGEN_ACTIVATED_SIGNALING_PATHWAY	GOBP_COLLAGEN_ACTIVATED_SIGNALING_PATHWAY	2/2	13/2116	0.153846153846154	162.769230769231	17.9914287139273	3.48576867902775e-05	0.000209146120741665	7.33846037690052e-05	COL4A5/COL4A6	2
panel30	walktrap	196	GOBP_COLLAGEN_FIBRIL_ORGANIZATION	GOBP_COLLAGEN_FIBRIL_ORGANIZATION	2/2	57/2116	0.0350877192982456	37.1228070175439	8.50175210625221	0.000713241898939522	0.00285296759575809	0.0010010412616695	COL4A5/COL4A6	2
panel30	walktrap	196	GOBP_EXTERNAL_ENCAPSULATING_STRUCTURE_ORGANIZATION	GOBP_EXTERNAL_ENCAPSULATING_STRUCTURE_ORGANIZATION	2/2	156/2116	0.0128205128205128	13.5641025641026	5.01398959875099	0.00540294145249299	0.016208824357479	0.00568730679209789	COL4A5/COL4A6	2
panel30	walktrap	196	GOBP_CELL_SURFACE_RECEPTOR_PROTEIN_TYROSINE_KINASE_SIGNALING_PATHWAY	GOBP_CELL_SURFACE_RECEPTOR_PROTEIN_TYROSINE_KINASE_SIGNALING_PATHWAY	2/2	236/2116	0.00847457627118644	8.96610169491525	3.99246038300726	0.012392354547364	0.0297416509136736	0.0104356669872539	COL4A5/COL4A6	2
panel30	walktrap	196	GOBP_NEUROMUSCULAR_JUNCTION_DEVELOPMENT	GOBP_NEUROMUSCULAR_JUNCTION_DEVELOPMENT	1/2	24/2116	0.0416666666666667	44.0833333333333	6.52757349037635	0.0225609674348766	0.0451219348697531	0.0158322578490362	COL4A5	1
panel30	walktrap	196	GOBP_ENZYME_LINKED_RECEPTOR_PROTEIN_SIGNALING_PATHWAY	GOBP_ENZYME_LINKED_RECEPTOR_PROTEIN_SIGNALING_PATHWAY	2/2	375/2116	0.00533333333333333	5.64266666666667	3.04790512296558	0.0313384011047205	0.053722973322378	0.0188501660780274	COL4A5/COL4A6	2
panel30	walktrap	196	GOBP_CELLULAR_RESPONSE_TO_ACID_CHEMICAL	GOBP_CELLULAR_RESPONSE_TO_ACID_CHEMICAL	1/2	45/2116	0.0222222222222222	23.5111111111111	4.69386755616153	0.0420906567992601	0.0631359851988901	0.0221529772627684	COL4A6	1
panel30	walktrap	196	GOBP_RESPONSE_TO_ACID_CHEMICAL	GOBP_RESPONSE_TO_ACID_CHEMICAL	1/2	60/2116	0.0166666666666667	17.6333333333333	4.01939838001257	0.0559197736931718	0.0745596982575624	0.0261612976342324	COL4A6	1
panel30	walktrap	196	GOBP_SYNAPSE_ORGANIZATION	GOBP_SYNAPSE_ORGANIZATION	1/2	117/2116	0.00854700854700855	9.04273504273504	2.75237742874785	0.107553392591401	0.129064071109681	0.045285638985853	COL4A5	1
panel30	walktrap	197	GOBP_CELLULAR_SENESCENCE	GOBP_CELLULAR_SENESCENCE	2/2	44/2116	0.0454545454545455	48.0909090909091	9.7070268185904	0.000422761175687211	0.0448126846228443	0.0320408469994518	MAPKAPK5/MAPK11	2
panel30	walktrap	197	GOBP_REGULATION_OF_DENDRITIC_SPINE_DEVELOPMENT	GOBP_REGULATION_OF_DENDRITIC_SPINE_DEVELOPMENT	1/2	12/2116	0.0833333333333333	88.1666666666667	9.3118481655212	0.0113126600437063	0.145318089160344	0.103901712209978	MAPKAPK5	1
panel30	walktrap	197	GOBP_POSITIVE_REGULATION_OF_ERYTHROCYTE_DIFFERENTIATION	GOBP_POSITIVE_REGULATION_OF_ERYTHROCYTE_DIFFERENTIATION	1/2	18/2116	0.0555555555555556	58.7777777777778	7.57028164001055	0.0169448578208581	0.145318089160344	0.103901712209978	MAPK11	1
panel30	walktrap	197	GOBP_POSITIVE_REGULATION_OF_TELOMERE_MAINTENANCE	GOBP_POSITIVE_REGULATION_OF_TELOMERE_MAINTENANCE	1/2	19/2116	0.0526315789473684	55.6842105263158	7.36304108921494	0.0178819933234123	0.145318089160344	0.103901712209978	MAPKAPK5	1
panel30	walktrap	197	GOBP_REGULATION_OF_CARDIAC_MUSCLE_CELL_PROLIFERATION	GOBP_REGULATION_OF_CARDIAC_MUSCLE_CELL_PROLIFERATION	1/2	19/2116	0.0526315789473684	55.6842105263158	7.36304108921494	0.0178819933234123	0.145318089160344	0.103901712209978	MAPK11	1
panel30	walktrap	197	GOBP_DENDRITIC_SPINE_DEVELOPMENT	GOBP_DENDRITIC_SPINE_DEVELOPMENT	1/2	21/2116	0.0476190476190476	50.3809523809524	6.9935033551852	0.0197549236482589	0.145318089160344	0.103901712209978	MAPKAPK5	1
panel30	walktrap	197	GOBP_POSITIVE_REGULATION_OF_INTERLEUKIN_12_PRODUCTION	GOBP_POSITIVE_REGULATION_OF_INTERLEUKIN_12_PRODUCTION	1/2	23/2116	0.0434782608695652	46	6.67282153564063	0.0216260663994244	0.145318089160344	0.103901712209978	MAPK11	1
panel30	walktrap	197	GOBP_REGULATION_OF_ERYTHROCYTE_DIFFERENTIATION	GOBP_REGULATION_OF_ERYTHROCYTE_DIFFERENTIATION	1/2	23/2116	0.0434782608695652	46	6.67282153564063	0.0216260663994244	0.145318089160344	0.103901712209978	MAPK11	1
panel30	walktrap	197	GOBP_CARDIAC_MUSCLE_CELL_PROLIFERATION	GOBP_CARDIAC_MUSCLE_CELL_PROLIFERATION	1/2	25/2116	0.04	42.32	6.39103201329035	0.0234954215769081	0.145318089160344	0.103901712209978	MAPK11	1
panel30	walktrap	197	GOBP_NEGATIVE_REGULATION_OF_DEVELOPMENTAL_GROWTH	GOBP_NEGATIVE_REGULATION_OF_DEVELOPMENTAL_GROWTH	1/2	25/2116	0.04	42.32	6.39103201329035	0.0234954215769081	0.145318089160344	0.103901712209978	MAPK11	1
panel30	walktrap	132	GOBP_SYMBIONT_ENTRY_INTO_HOST	GOBP_SYMBIONT_ENTRY_INTO_HOST	2/2	48/2116	0.0416666666666667	44.0833333333333	9.28479545705133	0.000504095778197858	0.0377467037886134	0.0263900757045294	SLC3A2/BSG	2
panel30	walktrap	132	GOBP_BIOLOGICAL_PROCESS_INVOLVED_IN_INTERACTION_WITH_HOST	GOBP_BIOLOGICAL_PROCESS_INVOLVED_IN_INTERACTION_WITH_HOST	2/2	54/2116	0.037037037037037	39.1851851851852	8.74108096137908	0.000639504484575473	0.0377467037886134	0.0263900757045294	SLC3A2/BSG	2
panel30	walktrap	132	GOBP_BIOLOGICAL_PROCESS_INVOLVED_IN_SYMBIOTIC_INTERACTION	GOBP_BIOLOGICAL_PROCESS_INVOLVED_IN_SYMBIOTIC_INTERACTION	2/2	62/2116	0.032258064516129	34.1290322580645	8.14183069250159	0.000845075457954032	0.0377467037886134	0.0263900757045294	SLC3A2/BSG	2
panel30	walktrap	132	GOBP_VIRAL_LIFE_CYCLE	GOBP_VIRAL_LIFE_CYCLE	2/2	92/2116	0.0217391304347826	23	6.63481828111838	0.00187069585774488	0.0626683112344536	0.0438136661419197	SLC3A2/BSG	2
panel30	walktrap	132	GOBP_VIRAL_PROCESS	GOBP_VIRAL_PROCESS	2/2	113/2116	0.0176991150442478	18.7256637168142	5.95550982028808	0.00282794156421635	0.0757888339209982	0.0529866945716327	SLC3A2/BSG	2
panel30	walktrap	132	GOBP_DECIDUALIZATION	GOBP_DECIDUALIZATION	1/2	10/2116	0.1	105.8	10.2152686230199	0.00943168563729213	0.106001367493866	0.0741093614057668	BSG	1
panel30	walktrap	132	GOBP_NEURAL_RETINA_DEVELOPMENT	GOBP_NEURAL_RETINA_DEVELOPMENT	1/2	10/2116	0.1	105.8	10.2152686230199	0.00943168563729213	0.106001367493866	0.0741093614057668	BSG	1
panel30	walktrap	132	GOBP_AMINO_ACID_TRANSMEMBRANE_TRANSPORT	GOBP_AMINO_ACID_TRANSMEMBRANE_TRANSPORT	1/2	11/2116	0.0909090909090909	96.1818181818182	9.73289372375186	0.0103723962872094	0.106001367493866	0.0741093614057668	SLC3A2	1
panel30	walktrap	132	GOBP_L_AMINO_ACID_TRANSPORT	GOBP_L_AMINO_ACID_TRANSPORT	1/2	11/2116	0.0909090909090909	96.1818181818182	9.73289372375186	0.0103723962872094	0.106001367493866	0.0741093614057668	SLC3A2	1
panel30	walktrap	132	GOBP_MODULATION_BY_SYMBIONT_OF_ENTRY_INTO_HOST	GOBP_MODULATION_BY_SYMBIONT_OF_ENTRY_INTO_HOST	1/2	12/2116	0.0833333333333333	88.1666666666667	9.3118481655212	0.0113126600437063	0.106001367493866	0.0741093614057668	BSG	1
panel30	walktrap	146	GOBP_CYTOSKELETON_DEPENDENT_INTRACELLULAR_TRANSPORT	GOBP_CYTOSKELETON_DEPENDENT_INTRACELLULAR_TRANSPORT	2/2	25/2116	0.08	84.64	12.936735662914	0.000134068026116452	0.00174288433951387	0.000141124238017317	TUBA1C/TUBA1B	2
panel30	walktrap	146	GOBP_MICROTUBULE_CYTOSKELETON_ORGANIZATION	GOBP_MICROTUBULE_CYTOSKELETON_ORGANIZATION	2/2	125/2116	0.016	16.928	5.64544675498644	0.00346342400800833	0.0216088610027395	0.00174970534435137	TUBA1C/TUBA1B	2
panel30	walktrap	146	GOBP_MICROTUBULE_BASED_PROCESS	GOBP_MICROTUBULE_BASED_PROCESS	2/2	167/2116	0.0119760479041916	12.6706586826347	4.83242782352773	0.00619438970000045	0.0216088610027395	0.00174970534435137	TUBA1C/TUBA1B	2
panel30	walktrap	146	GOBP_CELL_DIVISION	GOBP_CELL_DIVISION	2/2	173/2116	0.0115606936416185	12.2312138728324	4.74057520800819	0.00664888030853522	0.0216088610027395	0.00174970534435137	TUBA1C/TUBA1B	2
panel30	walktrap	146	GOBP_INTRACELLULAR_TRANSPORT	GOBP_INTRACELLULAR_TRANSPORT	2/2	229/2116	0.00873362445414847	9.24017467248908	4.0605597099774	0.0116665996326536	0.0289144511925351	0.0023412511087073	TUBA1C/TUBA1B	2
panel30	walktrap	146	GOBP_CYTOSKELETON_ORGANIZATION	GOBP_CYTOSKELETON_ORGANIZATION	2/2	267/2116	0.00749063670411985	7.9250936329588	3.72246409190513	0.0158696322514044	0.0289144511925351	0.0023412511087073	TUBA1C/TUBA1B	2
panel30	walktrap	146	GOBP_MITOTIC_CELL_CYCLE	GOBP_MITOTIC_CELL_CYCLE	2/2	293/2116	0.0068259385665529	7.22184300341297	3.52839514927684	0.0191172067373652	0.0289144511925351	0.0023412511087073	TUBA1C/TUBA1B	2
panel30	walktrap	146	GOBP_RESPONSE_TO_INTERLEUKIN_4	GOBP_RESPONSE_TO_INTERLEUKIN_4	1/2	22/2116	0.0454545454545455	48.0909090909091	6.82775247786468	0.0206907184705517	0.0289144511925351	0.0023412511087073	TUBA1B	1
panel30	walktrap	146	GOBP_GENERATION_OF_NEURONS	GOBP_GENERATION_OF_NEURONS	2/2	309/2116	0.00647249190938511	6.84789644012945	3.42072001511809	0.0212658703025915	0.0289144511925351	0.0023412511087073	TUBA1C/TUBA1B	2
panel30	walktrap	146	GOBP_ESTABLISHMENT_OF_LOCALIZATION_IN_CELL	GOBP_ESTABLISHMENT_OF_LOCALIZATION_IN_CELL	2/2	316/2116	0.00632911392405063	6.69620253164557	3.37606192052667	0.0222418855327193	0.0289144511925351	0.0023412511087073	TUBA1C/TUBA1B	2
panel30	walktrap	149	GOBP_MUSCLE_CONTRACTION	GOBP_MUSCLE_CONTRACTION	2/2	82/2116	0.024390243902439	25.8048780487805	7.04508504864492	0.00148413304910912	0.0445239914732736	0.0343693969267375	SNTB1/UTRN	2
panel30	walktrap	149	GOBP_MUSCLE_SYSTEM_PROCESS	GOBP_MUSCLE_SYSTEM_PROCESS	2/2	117/2116	0.0170940170940171	18.0854700854701	5.8469739426854	0.00303261875075413	0.045489281261312	0.0351145329034689	SNTB1/UTRN	2
panel30	walktrap	149	GOBP_REGULATION_OF_SODIUM_ION_TRANSMEMBRANE_TRANSPORT	GOBP_REGULATION_OF_SODIUM_ION_TRANSMEMBRANE_TRANSPORT	1/2	10/2116	0.1	105.8	10.2152686230199	0.00943168563729213	0.0904154768129353	0.0697944031538448	UTRN	1
panel30	walktrap	149	GOBP_REGULATION_OF_SODIUM_ION_TRANSPORT	GOBP_REGULATION_OF_SODIUM_ION_TRANSPORT	1/2	16/2116	0.0625	66.125	8.04110572840052	0.0150692461354892	0.0904154768129353	0.0697944031538448	UTRN	1
panel30	walktrap	149	GOBP_SODIUM_ION_TRANSMEMBRANE_TRANSPORT	GOBP_SODIUM_ION_TRANSMEMBRANE_TRANSPORT	1/2	16/2116	0.0625	66.125	8.04110572840052	0.0150692461354892	0.0904154768129353	0.0697944031538448	UTRN	1
panel30	walktrap	149	GOBP_SODIUM_ION_TRANSPORT	GOBP_SODIUM_ION_TRANSPORT	1/2	24/2116	0.0416666666666667	44.0833333333333	6.52757349037635	0.0225609674348766	0.108698525060187	0.0839076333797936	UTRN	1
panel30	walktrap	149	GOBP_POSITIVE_REGULATION_OF_CELL_MATRIX_ADHESION	GOBP_POSITIVE_REGULATION_OF_CELL_MATRIX_ADHESION	1/2	27/2116	0.037037037037037	39.1851851851852	6.14080427528994	0.0253629891807103	0.108698525060187	0.0839076333797936	UTRN	1
panel30	walktrap	149	GOBP_POSITIVE_REGULATION_OF_CELL_SUBSTRATE_ADHESION	GOBP_POSITIVE_REGULATION_OF_CELL_SUBSTRATE_ADHESION	1/2	49/2116	0.0204081632653061	21.5918367346939	4.48477418033667	0.0457882529595517	0.171705948598319	0.13254494277765	UTRN	1
panel30	walktrap	149	GOBP_REGULATION_OF_CELL_MATRIX_ADHESION	GOBP_REGULATION_OF_CELL_MATRIX_ADHESION	1/2	56/2116	0.0178571428571429	18.8928571428571	4.17309037389143	0.0522418408433772	0.174139469477924	0.13442345012331	UTRN	1
panel30	walktrap	149	GOBP_REGULATION_OF_MONOATOMIC_ION_TRANSMEMBRANE_TRANSPORT	GOBP_REGULATION_OF_MONOATOMIC_ION_TRANSMEMBRANE_TRANSPORT	1/2	76/2116	0.0131578947368421	13.9210526315789	3.52782716558277	0.0705600021450884	0.205927370881319	0.158961479276807	UTRN	1
panel30	walktrap	40	GOBP_FIBROBLAST_GROWTH_FACTOR_RECEPTOR_SIGNALING_PATHWAY	GOBP_FIBROBLAST_GROWTH_FACTOR_RECEPTOR_SIGNALING_PATHWAY	3/3	25/2116	0.12	84.64	15.8479494314928	1.45863983002762e-06	0.000450719707478534	0.000202674165856469	FGFR3/FGFR2/FGF9	3
panel30	walktrap	40	GOBP_RESPONSE_TO_FIBROBLAST_GROWTH_FACTOR	GOBP_RESPONSE_TO_FIBROBLAST_GROWTH_FACTOR	3/3	38/2116	0.0789473684210526	55.6842105263158	12.8143634616528	5.35003722004911e-06	0.000826580750497588	0.000371686796340254	FGFR3/FGFR2/FGF9	3
panel30	walktrap	40	GOBP_ORGAN_GROWTH	GOBP_ORGAN_GROWTH	3/3	64/2116	0.046875	33.0625	9.81216304083817	2.64229434253351e-05	0.00272156317280951	0.00122379948496289	FGFR3/FGFR2/FGF9	3
panel30	walktrap	40	GOBP_EMBRYONIC_DIGESTIVE_TRACT_DEVELOPMENT	GOBP_EMBRYONIC_DIGESTIVE_TRACT_DEVELOPMENT	2/3	11/2116	0.181818181818182	128.242424242424	15.9392650309218	7.35281312580009e-05	0.00433200428413933	0.00194796309148831	FGFR2/FGF9	2
panel30	walktrap	40	GOBP_REGULATION_OF_DEVELOPMENTAL_GROWTH	GOBP_REGULATION_OF_DEVELOPMENTAL_GROWTH	3/3	90/2116	0.0333333333333333	23.5111111111111	8.22175498829497	7.45047857528889e-05	0.00433200428413933	0.00194796309148831	FGFR3/FGFR2/FGF9	3
panel30	walktrap	40	GOBP_BONE_GROWTH	GOBP_BONE_GROWTH	2/3	13/2116	0.153846153846154	108.512820512821	14.6480009640514	0.000104210302987017	0.00433200428413933	0.00194796309148831	FGFR3/FGFR2	2
panel30	walktrap	40	GOBP_POSITIVE_REGULATION_OF_CARDIAC_MUSCLE_CELL_PROLIFERATION	GOBP_POSITIVE_REGULATION_OF_CARDIAC_MUSCLE_CELL_PROLIFERATION	2/3	13/2116	0.153846153846154	108.512820512821	14.6480009640514	0.000104210302987017	0.00433200428413933	0.00194796309148831	FGFR2/FGF9	2
panel30	walktrap	40	GOBP_REGULATION_OF_SMOOTHENED_SIGNALING_PATHWAY	GOBP_REGULATION_OF_SMOOTHENED_SIGNALING_PATHWAY	2/3	14/2116	0.142857142857143	100.761904761905	14.1084225778127	0.000121540212550206	0.00433200428413933	0.00194796309148831	FGFR2/FGF9	2
panel30	walktrap	40	GOBP_POSITIVE_REGULATION_OF_HEART_GROWTH	GOBP_POSITIVE_REGULATION_OF_HEART_GROWTH	2/3	15/2116	0.133333333333333	94.0444444444444	13.6235131452942	0.000140194313402567	0.00433200428413933	0.00194796309148831	FGFR2/FGF9	2
panel30	walktrap	40	GOBP_POSITIVE_REGULATION_OF_MESENCHYMAL_CELL_PROLIFERATION	GOBP_POSITIVE_REGULATION_OF_MESENCHYMAL_CELL_PROLIFERATION	2/3	15/2116	0.133333333333333	94.0444444444444	13.6235131452942	0.000140194313402567	0.00433200428413933	0.00194796309148831	FGFR2/FGF9	2
panel30	walktrap	57	GOBP_TISSUE_MIGRATION	GOBP_TISSUE_MIGRATION	2/2	37/2116	0.0540540540540541	57.1891891891892	10.6033738733369	0.000297631017978523	0.0312512568877449	0.019737635929102	PKN2/PKN1	2
panel30	walktrap	57	GOBP_AMEBOIDAL_TYPE_CELL_MIGRATION	GOBP_AMEBOIDAL_TYPE_CELL_MIGRATION	2/2	83/2116	0.0240963855421687	25.4939759036145	7.0007945917543	0.00152077830958095	0.0798408612529998	0.0504258071071578	PKN2/PKN1	2
panel30	walktrap	57	GOBP_REGULATION_OF_ANDROGEN_RECEPTOR_SIGNALING_PATHWAY	GOBP_REGULATION_OF_ANDROGEN_RECEPTOR_SIGNALING_PATHWAY	1/2	10/2116	0.1	105.8	10.2152686230199	0.00943168563729213	0.111525653333892	0.0704372547371951	PKN1	1
panel30	walktrap	57	GOBP_NEGATIVE_REGULATION_OF_B_CELL_ACTIVATION	GOBP_NEGATIVE_REGULATION_OF_B_CELL_ACTIVATION	1/2	11/2116	0.0909090909090909	96.1818181818182	9.73289372375186	0.0103723962872094	0.111525653333892	0.0704372547371951	PKN1	1
panel30	walktrap	57	GOBP_POSITIVE_REGULATION_OF_CYTOKINESIS	GOBP_POSITIVE_REGULATION_OF_CYTOKINESIS	1/2	11/2116	0.0909090909090909	96.1818181818182	9.73289372375186	0.0103723962872094	0.111525653333892	0.0704372547371951	PKN2	1
panel30	walktrap	57	GOBP_ANDROGEN_RECEPTOR_SIGNALING_PATHWAY	GOBP_ANDROGEN_RECEPTOR_SIGNALING_PATHWAY	1/2	12/2116	0.0833333333333333	88.1666666666667	9.3118481655212	0.0113126600437063	0.111525653333892	0.0704372547371951	PKN1	1
panel30	walktrap	57	GOBP_RESPONSE_TO_LAMINAR_FLUID_SHEAR_STRESS	GOBP_RESPONSE_TO_LAMINAR_FLUID_SHEAR_STRESS	1/2	12/2116	0.0833333333333333	88.1666666666667	9.3118481655212	0.0113126600437063	0.111525653333892	0.0704372547371951	PKN2	1
panel30	walktrap	57	GOBP_VASCULAR_ENDOTHELIAL_CELL_RESPONSE_TO_FLUID_SHEAR_STRESS	GOBP_VASCULAR_ENDOTHELIAL_CELL_RESPONSE_TO_FLUID_SHEAR_STRESS	1/2	12/2116	0.0833333333333333	88.1666666666667	9.3118481655212	0.0113126600437063	0.111525653333892	0.0704372547371951	PKN2	1
panel30	walktrap	57	GOBP_B_CELL_APOPTOTIC_PROCESS	GOBP_B_CELL_APOPTOTIC_PROCESS	1/2	13/2116	0.0769230769230769	81.3846153846154	8.94010604187068	0.0122524769067824	0.111525653333892	0.0704372547371951	PKN1	1
panel30	walktrap	57	GOBP_RENAL_SYSTEM_PROCESS	GOBP_RENAL_SYSTEM_PROCESS	1/2	16/2116	0.0625	66.125	8.04110572840052	0.0150692461354892	0.111525653333892	0.0704372547371951	PKN1	1
panel30	walktrap	141	GOBP_INSULIN_RECEPTOR_SIGNALING_PATHWAY	GOBP_INSULIN_RECEPTOR_SIGNALING_PATHWAY	2/2	55/2116	0.0363636363636364	38.4727272727273	8.65915160455733	0.000663636729276435	0.0768005668057944	0.0412244241481086	PRKCZ/PDPK1	2
panel30	walktrap	141	GOBP_PROTEIN_LOCALIZATION_TO_PLASMA_MEMBRANE	GOBP_PROTEIN_LOCALIZATION_TO_PLASMA_MEMBRANE	2/2	63/2116	0.0317460317460317	33.5873015873016	8.07498812176489	0.000872782850018099	0.0768005668057944	0.0412244241481086	PRKCZ/PDPK1	2
panel30	walktrap	141	GOBP_PROTEIN_LOCALIZATION_TO_CELL_PERIPHERY	GOBP_PROTEIN_LOCALIZATION_TO_CELL_PERIPHERY	2/2	80/2116	0.025	26.45	7.13611081598731	0.00141218320842662	0.0768005668057944	0.0412244241481086	PRKCZ/PDPK1	2
panel30	walktrap	141	GOBP_CELLULAR_RESPONSE_TO_INSULIN_STIMULUS	GOBP_CELLULAR_RESPONSE_TO_INSULIN_STIMULUS	2/2	82/2116	0.024390243902439	25.8048780487805	7.04508504864492	0.00148413304910912	0.0768005668057944	0.0412244241481086	PRKCZ/PDPK1	2
panel30	walktrap	141	GOBP_REGULATION_OF_LEUKOCYTE_MEDIATED_IMMUNITY	GOBP_REGULATION_OF_LEUKOCYTE_MEDIATED_IMMUNITY	2/2	84/2116	0.0238095238095238	25.1904761904762	6.95728670938137	0.00155787046347317	0.0768005668057944	0.0412244241481086	PRKCZ/PDPK1	2
panel30	walktrap	141	GOBP_RESPONSE_TO_INSULIN	GOBP_RESPONSE_TO_INSULIN	2/2	97/2116	0.0206185567010309	21.8144329896907	6.45356939754775	0.00208073576532733	0.0768005668057944	0.0412244241481086	PRKCZ/PDPK1	2
panel30	walktrap	141	GOBP_CELL_ACTIVATION_INVOLVED_IN_IMMUNE_RESPONSE	GOBP_CELL_ACTIVATION_INVOLVED_IN_IMMUNE_RESPONSE	2/2	101/2116	0.0198019801980198	20.950495049505	6.31821689557653	0.00225681177296027	0.0768005668057944	0.0412244241481086	PRKCZ/PDPK1	2
panel30	walktrap	141	GOBP_PROTEIN_LOCALIZATION_TO_MEMBRANE	GOBP_PROTEIN_LOCALIZATION_TO_MEMBRANE	2/2	103/2116	0.0194174757281553	20.5436893203884	6.25346851060082	0.00234753113729907	0.0768005668057944	0.0412244241481086	PRKCZ/PDPK1	2
panel30	walktrap	141	GOBP_POSITIVE_REGULATION_OF_LEUKOCYTE_CELL_CELL_ADHESION	GOBP_POSITIVE_REGULATION_OF_LEUKOCYTE_CELL_CELL_ADHESION	2/2	105/2116	0.0190476190476191	20.152380952381	6.19054775205466	0.00244003807531942	0.0768005668057944	0.0412244241481086	PRKCZ/PDPK1	2
panel30	walktrap	141	GOBP_REGULATION_OF_IMMUNE_EFFECTOR_PROCESS	GOBP_REGULATION_OF_IMMUNE_EFFECTOR_PROCESS	2/2	117/2116	0.0170940170940171	18.0854700854701	5.8469739426854	0.00303261875075413	0.0768005668057944	0.0412244241481086	PRKCZ/PDPK1	2
panel30	walktrap	165	GOBP_P38MAPK_CASCADE	GOBP_P38MAPK_CASCADE	2/2	30/2116	0.0666666666666667	70.5333333333333	11.795441930302	0.000194398637868855	0.0178846746839346	0.00982224696600529	MAP2K3/MAP3K4	2
panel30	walktrap	165	GOBP_POSITIVE_REGULATION_OF_KINASE_ACTIVITY	GOBP_POSITIVE_REGULATION_OF_KINASE_ACTIVITY	2/2	63/2116	0.0317460317460317	33.5873015873016	8.07498812176489	0.000872782850018099	0.0401480111008326	0.0220492509478257	MAP2K3/MAP3K4	2
panel30	walktrap	165	GOBP_POSITIVE_REGULATION_OF_CATALYTIC_ACTIVITY	GOBP_POSITIVE_REGULATION_OF_CATALYTIC_ACTIVITY	2/2	97/2116	0.0206185567010309	21.8144329896907	6.45356939754775	0.00208073576532733	0.0492489317651205	0.0270474682462904	MAP2K3/MAP3K4	2
panel30	walktrap	165	GOBP_REGULATION_OF_KINASE_ACTIVITY	GOBP_REGULATION_OF_KINASE_ACTIVITY	2/2	107/2116	0.0186915887850467	19.7757009345794	6.12936905951767	0.00253433258702133	0.0492489317651205	0.0270474682462904	MAP2K3/MAP3K4	2
panel30	walktrap	165	GOBP_POSITIVE_REGULATION_OF_PHOSPHORYLATION	GOBP_POSITIVE_REGULATION_OF_PHOSPHORYLATION	2/2	113/2116	0.0176991150442478	18.7256637168142	5.95550982028808	0.00282794156421635	0.0492489317651205	0.0270474682462904	MAP2K3/MAP3K4	2
panel30	walktrap	165	GOBP_REGULATION_OF_TRANSFERASE_ACTIVITY	GOBP_REGULATION_OF_TRANSFERASE_ACTIVITY	2/2	121/2116	0.0165289256198347	17.4876033057851	5.74376227754768	0.00324444623201813	0.0492489317651205	0.0270474682462904	MAP2K3/MAP3K4	2
panel30	walktrap	165	GOBP_POSITIVE_REGULATION_OF_PHOSPHORUS_METABOLIC_PROCESS	GOBP_POSITIVE_REGULATION_OF_PHOSPHORUS_METABOLIC_PROCESS	2/2	130/2116	0.0153846153846154	16.2769230769231	5.52886057433342	0.00374720132995482	0.0492489317651205	0.0270474682462904	MAP2K3/MAP3K4	2
panel30	walktrap	165	GOBP_POSITIVE_REGULATION_OF_PROTEIN_MODIFICATION_PROCESS	GOBP_POSITIVE_REGULATION_OF_PROTEIN_MODIFICATION_PROCESS	2/2	151/2116	0.0132450331125828	14.0132450331126	5.1028229007406	0.00506106798589604	0.0556275053962381	0.0305505750459889	MAP2K3/MAP3K4	2
panel30	walktrap	165	GOBP_POSITIVE_REGULATION_OF_MOLECULAR_FUNCTION	GOBP_POSITIVE_REGULATION_OF_MOLECULAR_FUNCTION	2/2	158/2116	0.0126582278481013	13.3924050632911	4.97961185799197	0.0055428190930745	0.0556275053962381	0.0305505750459889	MAP2K3/MAP3K4	2
panel30	walktrap	165	GOBP_REGULATION_OF_CATALYTIC_ACTIVITY	GOBP_REGULATION_OF_CATALYTIC_ACTIVITY	2/2	165/2116	0.0121212121212121	12.8242424242424	4.86412083056881	0.00604646797785197	0.0556275053962381	0.0305505750459889	MAP2K3/MAP3K4	2
panel30	walktrap	93	GOBP_EPITHELIAL_CELL_APOPTOTIC_PROCESS	GOBP_EPITHELIAL_CELL_APOPTOTIC_PROCESS	2/2	25/2116	0.08	84.64	12.936735662914	0.000134068026116452	0.0145410181125903	0.0100282883535106	E2F1/E2F2	2
panel30	walktrap	93	GOBP_INTRINSIC_APOPTOTIC_SIGNALING_PATHWAY_BY_P53_CLASS_MEDIATOR	GOBP_INTRINSIC_APOPTOTIC_SIGNALING_PATHWAY_BY_P53_CLASS_MEDIATOR	2/2	34/2116	0.0588235294117647	62.2352941176471	11.0692601985097	0.000250707208837764	0.0145410181125903	0.0100282883535106	E2F1/E2F2	2
panel30	walktrap	93	GOBP_SIGNAL_TRANSDUCTION_BY_P53_CLASS_MEDIATOR	GOBP_SIGNAL_TRANSDUCTION_BY_P53_CLASS_MEDIATOR	2/2	66/2116	0.0303030303030303	32.0606060606061	7.88356504042582	0.000958586386732628	0.0370653402869949	0.0255623036462034	E2F1/E2F2	2
panel30	walktrap	93	GOBP_INTRINSIC_APOPTOTIC_SIGNALING_PATHWAY	GOBP_INTRINSIC_APOPTOTIC_SIGNALING_PATHWAY	2/2	149/2116	0.0134228187919463	14.2013422818792	5.13956943797179	0.00492744685319998	0.108966916480089	0.0751495975724751	E2F1/E2F2	2
panel30	walktrap	93	GOBP_FAT_CELL_PROLIFERATION	GOBP_FAT_CELL_PROLIFERATION	1/2	10/2116	0.1	105.8	10.2152686230199	0.00943168563729213	0.108966916480089	0.0751495975724751	E2F1	1
panel30	walktrap	93	GOBP_NEGATIVE_REGULATION_OF_BINDING	GOBP_NEGATIVE_REGULATION_OF_BINDING	1/2	10/2116	0.1	105.8	10.2152686230199	0.00943168563729213	0.108966916480089	0.0751495975724751	E2F1	1
panel30	walktrap	93	GOBP_POSITIVE_REGULATION_OF_GLIAL_CELL_PROLIFERATION	GOBP_POSITIVE_REGULATION_OF_GLIAL_CELL_PROLIFERATION	1/2	10/2116	0.1	105.8	10.2152686230199	0.00943168563729213	0.108966916480089	0.0751495975724751	E2F1	1
panel30	walktrap	93	GOBP_CELLULAR_RESPONSE_TO_FATTY_ACID	GOBP_CELLULAR_RESPONSE_TO_FATTY_ACID	1/2	11/2116	0.0909090909090909	96.1818181818182	9.73289372375186	0.0103723962872094	0.108966916480089	0.0751495975724751	E2F1	1
panel30	walktrap	93	GOBP_REGULATION_OF_DNA_BINDING	GOBP_REGULATION_OF_DNA_BINDING	1/2	12/2116	0.0833333333333333	88.1666666666667	9.3118481655212	0.0113126600437063	0.108966916480089	0.0751495975724751	E2F1	1
panel30	walktrap	93	GOBP_REGULATION_OF_GLIAL_CELL_PROLIFERATION	GOBP_REGULATION_OF_GLIAL_CELL_PROLIFERATION	1/2	13/2116	0.0769230769230769	81.3846153846154	8.94010604187068	0.0122524769067824	0.108966916480089	0.0751495975724751	E2F1	1
panel30	walktrap	194	GOBP_HEPATOCYTE_APOPTOTIC_PROCESS	GOBP_HEPATOCYTE_APOPTOTIC_PROCESS	2/2	10/2116	0.2	211.6	20.5280111832823	2.01102039174678e-05	0.00179227782281993	0.000609062500916843	PRKAA2/PRKAA1	2
panel30	walktrap	194	GOBP_POSITIVE_REGULATION_OF_NUCLEOTIDE_CATABOLIC_PROCESS	GOBP_POSITIVE_REGULATION_OF_NUCLEOTIDE_CATABOLIC_PROCESS	2/2	11/2116	0.181818181818182	192.363636363636	19.5680432554897	2.45791381213494e-05	0.00179227782281993	0.000609062500916843	PRKAA2/PRKAA1	2
panel30	walktrap	194	GOBP_STEROL_METABOLIC_PROCESS	GOBP_STEROL_METABOLIC_PROCESS	2/2	12/2116	0.166666666666667	176.333333333333	18.7305244170713	2.94949657456193e-05	0.00179227782281993	0.000609062500916843	PRKAA2/PRKAA1	2
panel30	walktrap	194	GOBP_POSITIVE_REGULATION_OF_NUCLEOTIDE_METABOLIC_PROCESS	GOBP_POSITIVE_REGULATION_OF_NUCLEOTIDE_METABOLIC_PROCESS	2/2	15/2116	0.133333333333333	141.066666666667	16.7411423366521	4.6923809140758e-05	0.00179227782281993	0.000609062500916843	PRKAA2/PRKAA1	2
panel30	walktrap	194	GOBP_REGULATION_OF_EPITHELIAL_CELL_APOPTOTIC_PROCESS	GOBP_REGULATION_OF_EPITHELIAL_CELL_APOPTOTIC_PROCESS	2/2	15/2116	0.133333333333333	141.066666666667	16.7411423366521	4.6923809140758e-05	0.00179227782281993	0.000609062500916843	PRKAA2/PRKAA1	2
panel30	walktrap	194	GOBP_LIPID_HOMEOSTASIS	GOBP_LIPID_HOMEOSTASIS	2/2	16/2116	0.125	132.25	16.2056833297899	5.36272104465806e-05	0.00179227782281993	0.000609062500916843	PRKAA2/PRKAA1	2
panel30	walktrap	194	GOBP_FATTY_ACID_BIOSYNTHETIC_PROCESS	GOBP_FATTY_ACID_BIOSYNTHETIC_PROCESS	2/2	17/2116	0.117647058823529	124.470588235294	15.7180784054037	6.07775051727913e-05	0.00179227782281993	0.000609062500916843	PRKAA2/PRKAA1	2
panel30	walktrap	194	GOBP_REGULATION_OF_GLYCOLYTIC_PROCESS	GOBP_REGULATION_OF_GLYCOLYTIC_PROCESS	2/2	18/2116	0.111111111111111	117.555555555556	15.271587385329	6.83746933193902e-05	0.00179227782281993	0.000609062500916843	PRKAA2/PRKAA1	2
panel30	walktrap	194	GOBP_ALCOHOL_BIOSYNTHETIC_PROCESS	GOBP_ALCOHOL_BIOSYNTHETIC_PROCESS	2/2	19/2116	0.105263157894737	111.368421052632	14.8607287431027	7.64187748863773e-05	0.00179227782281993	0.000609062500916843	PRKAA2/PRKAA1	2
panel30	walktrap	194	GOBP_ENERGY_HOMEOSTASIS	GOBP_ENERGY_HOMEOSTASIS	2/2	19/2116	0.105263157894737	111.368421052632	14.8607287431027	7.64187748863773e-05	0.00179227782281993	0.000609062500916843	PRKAA2/PRKAA1	2
panel30	walktrap	192	GOBP_NUCLEOSIDE_DIPHOSPHATE_CATABOLIC_PROCESS	GOBP_NUCLEOSIDE_DIPHOSPHATE_CATABOLIC_PROCESS	2/2	36/2116	0.0555555555555556	58.7777777777778	10.7522191940535	0.000281542854844548	0.00294246815985947	0.000878348704435662	HK1/HKDC1	2
panel30	walktrap	192	GOBP_PYRIDINE_CONTAINING_COMPOUND_CATABOLIC_PROCESS	GOBP_PYRIDINE_CONTAINING_COMPOUND_CATABOLIC_PROCESS	2/2	36/2116	0.0555555555555556	58.7777777777778	10.7522191940535	0.000281542854844548	0.00294246815985947	0.000878348704435662	HK1/HKDC1	2
panel30	walktrap	192	GOBP_RIBONUCLEOTIDE_CATABOLIC_PROCESS	GOBP_RIBONUCLEOTIDE_CATABOLIC_PROCESS	2/2	36/2116	0.0555555555555556	58.7777777777778	10.7522191940535	0.000281542854844548	0.00294246815985947	0.000878348704435662	HK1/HKDC1	2
panel30	walktrap	192	GOBP_NUCLEOSIDE_PHOSPHATE_CATABOLIC_PROCESS	GOBP_NUCLEOSIDE_PHOSPHATE_CATABOLIC_PROCESS	2/2	37/2116	0.0540540540540541	57.1891891891892	10.6033738733369	0.000297631017978523	0.00294246815985947	0.000878348704435662	HK1/HKDC1	2
panel30	walktrap	192	GOBP_PURINE_CONTAINING_COMPOUND_CATABOLIC_PROCESS	GOBP_PURINE_CONTAINING_COMPOUND_CATABOLIC_PROCESS	2/2	37/2116	0.0540540540540541	57.1891891891892	10.6033738733369	0.000297631017978523	0.00294246815985947	0.000878348704435662	HK1/HKDC1	2
panel30	walktrap	192	GOBP_PYRIDINE_CONTAINING_COMPOUND_METABOLIC_PROCESS	GOBP_PYRIDINE_CONTAINING_COMPOUND_METABOLIC_PROCESS	2/2	38/2116	0.0526315789473684	55.6842105263158	10.4604089954047	0.000314166074532885	0.00294246815985947	0.000878348704435662	HK1/HKDC1	2
panel30	walktrap	192	GOBP_NUCLEOSIDE_DIPHOSPHATE_METABOLIC_PROCESS	GOBP_NUCLEOSIDE_DIPHOSPHATE_METABOLIC_PROCESS	2/2	43/2116	0.0465116279069768	49.2093023255814	9.82161973447905	0.000403544758610519	0.00294246815985947	0.000878348704435662	HK1/HKDC1	2
panel30	walktrap	192	GOBP_PYRUVATE_METABOLIC_PROCESS	GOBP_PYRUVATE_METABOLIC_PROCESS	2/2	43/2116	0.0465116279069768	49.2093023255814	9.82161973447905	0.000403544758610519	0.00294246815985947	0.000878348704435662	HK1/HKDC1	2
panel30	walktrap	192	GOBP_ORGANOPHOSPHATE_CATABOLIC_PROCESS	GOBP_ORGANOPHOSPHATE_CATABOLIC_PROCESS	2/2	46/2116	0.0434782608695652	46	9.48907652623368	0.000462534690101757	0.00294246815985947	0.000878348704435662	HK1/HKDC1	2
panel30	walktrap	192	GOBP_CARBOHYDRATE_DERIVATIVE_CATABOLIC_PROCESS	GOBP_CARBOHYDRATE_DERIVATIVE_CATABOLIC_PROCESS	2/2	47/2116	0.0425531914893617	45.0212765957447	9.38531835196038	0.000483091787439614	0.00294246815985947	0.000878348704435662	HK1/HKDC1	2
panel30	walktrap	195	GOBP_REGULATION_OF_CANONICAL_WNT_SIGNALING_PATHWAY	GOBP_REGULATION_OF_CANONICAL_WNT_SIGNALING_PATHWAY	2/2	111/2116	0.018018018018018	19.0630630630631	6.01192274706895	0.00272828433146979	0.0637746703788614	0.0457712945302833	ZNRF3/RSPO1	2
panel30	walktrap	195	GOBP_REGULATION_OF_WNT_SIGNALING_PATHWAY	GOBP_REGULATION_OF_WNT_SIGNALING_PATHWAY	2/2	132/2116	0.0151515151515152	16.030303030303	5.4840519542046	0.00386384051267613	0.0637746703788614	0.0457712945302833	ZNRF3/RSPO1	2
panel30	walktrap	195	GOBP_CANONICAL_WNT_SIGNALING_PATHWAY	GOBP_CANONICAL_WNT_SIGNALING_PATHWAY	2/2	140/2116	0.0142857142857143	15.1142857142857	5.31431318087326	0.00434827298037692	0.0637746703788614	0.0457712945302833	ZNRF3/RSPO1	2
panel30	walktrap	195	GOBP_WNT_SIGNALING_PATHWAY	GOBP_WNT_SIGNALING_PATHWAY	2/2	185/2116	0.0108108108108108	11.4378378378378	4.57007118549783	0.00760612601500668	0.0836673861650735	0.0600483632763685	ZNRF3/RSPO1	2
panel30	walktrap	195	GOBP_REGULATION_OF_NON_CANONICAL_WNT_SIGNALING_PATHWAY	GOBP_REGULATION_OF_NON_CANONICAL_WNT_SIGNALING_PATHWAY	1/2	14/2116	0.0714285714285714	75.5714285714286	8.60870482867123	0.0131918468764384	0.103625646319608	0.0743724734351254	ZNRF3	1
panel30	walktrap	195	GOBP_RECEPTOR_CATABOLIC_PROCESS	GOBP_RECEPTOR_CATABOLIC_PROCESS	1/2	15/2116	0.0666666666666667	70.5333333333333	8.31080983204576	0.0141307699526738	0.103625646319608	0.0743724734351254	ZNRF3	1
panel30	walktrap	195	GOBP_RECEPTOR_METABOLIC_PROCESS	GOBP_RECEPTOR_METABOLIC_PROCESS	1/2	22/2116	0.0454545454545455	48.0909090909091	6.82775247786468	0.0206907184705517	0.113798951588034	0.0816738886995462	ZNRF3	1
panel30	walktrap	195	GOBP_REGULATION_OF_RECEPTOR_INTERNALIZATION	GOBP_REGULATION_OF_RECEPTOR_INTERNALIZATION	1/2	22/2116	0.0454545454545455	48.0909090909091	6.82775247786468	0.0206907184705517	0.113798951588034	0.0816738886995462	RSPO1	1
panel30	walktrap	195	GOBP_STEM_CELL_PROLIFERATION	GOBP_STEM_CELL_PROLIFERATION	1/2	26/2116	0.0384615384615385	40.6923076923077	6.26235340251159	0.0244294288255192	0.116913128388011	0.0839089438191469	ZNRF3	1
panel30	walktrap	195	GOBP_REGULATION_OF_RECEPTOR_MEDIATED_ENDOCYTOSIS	GOBP_REGULATION_OF_RECEPTOR_MEDIATED_ENDOCYTOSIS	1/2	31/2116	0.032258064516129	34.1290322580645	5.71418450555904	0.0290927616672699	0.116913128388011	0.0839089438191469	RSPO1	1
panel30	walktrap	190	GOBP_REGULATION_OF_ACTIN_FILAMENT_BASED_MOVEMENT	GOBP_REGULATION_OF_ACTIN_FILAMENT_BASED_MOVEMENT	2/2	11/2116	0.181818181818182	192.363636363636	19.5680432554897	2.45791381213494e-05	0.00217860542439234	0.000825576792401308	ATP2A1/ATP2A2	2
panel30	walktrap	190	GOBP_SARCOPLASMIC_RETICULUM_CALCIUM_ION_TRANSPORT	GOBP_SARCOPLASMIC_RETICULUM_CALCIUM_ION_TRANSPORT	2/2	13/2116	0.153846153846154	162.769230769231	17.9914287139273	3.48576867902775e-05	0.00217860542439234	0.000825576792401308	ATP2A1/ATP2A2	2
panel30	walktrap	190	GOBP_CARDIAC_MUSCLE_CELL_CONTRACTION	GOBP_CARDIAC_MUSCLE_CELL_CONTRACTION	2/2	20/2116	0.1	105.8	14.4809926639573	8.49097498737527e-05	0.00265342968355477	0.00100551019587339	ATP2A1/ATP2A2	2
panel30	walktrap	190	GOBP_REGULATION_OF_CARDIAC_MUSCLE_CONTRACTION	GOBP_REGULATION_OF_CARDIAC_MUSCLE_CONTRACTION	2/2	20/2116	0.1	105.8	14.4809926639573	8.49097498737527e-05	0.00265342968355477	0.00100551019587339	ATP2A1/ATP2A2	2
panel30	walktrap	190	GOBP_REGULATION_OF_STRIATED_MUSCLE_CONTRACTION	GOBP_REGULATION_OF_STRIATED_MUSCLE_CONTRACTION	2/2	24/2116	0.0833333333333333	88.1666666666667	13.2066573905874	0.000123342584027135	0.00279308387742607	0.00105843178512988	ATP2A1/ATP2A2	2
panel30	walktrap	190	GOBP_CARDIAC_CONDUCTION	GOBP_CARDIAC_CONDUCTION	2/2	25/2116	0.08	84.64	12.936735662914	0.000134068026116452	0.00279308387742607	0.00105843178512988	ATP2A1/ATP2A2	2
panel30	walktrap	190	GOBP_ACTIN_MEDIATED_CELL_CONTRACTION	GOBP_ACTIN_MEDIATED_CELL_CONTRACTION	2/2	30/2116	0.0666666666666667	70.5333333333333	11.795441930302	0.000194398637868855	0.00324696000750781	0.00123042695021349	ATP2A1/ATP2A2	2
panel30	walktrap	190	GOBP_ACTIN_FILAMENT_BASED_MOVEMENT	GOBP_ACTIN_FILAMENT_BASED_MOVEMENT	2/2	31/2116	0.0645161290322581	68.258064516129	11.6008516982382	0.0002078054404805	0.00324696000750781	0.00123042695021349	ATP2A1/ATP2A2	2
panel30	walktrap	190	GOBP_CARDIAC_MUSCLE_CONTRACTION	GOBP_CARDIAC_MUSCLE_CONTRACTION	2/2	42/2116	0.0476190476190476	50.3809523809524	9.94025265206388	0.000384775234954216	0.00525099768956102	0.00198985175604417	ATP2A1/ATP2A2	2
panel30	walktrap	190	GOBP_REGULATION_OF_HEART_CONTRACTION	GOBP_REGULATION_OF_HEART_CONTRACTION	2/2	46/2116	0.0434782608695652	46	9.48907652623368	0.000462534690101757	0.00525099768956102	0.00198985175604417	ATP2A1/ATP2A2	2
panel30	walktrap	191	GOBP_EXTERNAL_ENCAPSULATING_STRUCTURE_ORGANIZATION	GOBP_EXTERNAL_ENCAPSULATING_STRUCTURE_ORGANIZATION	2/2	156/2116	0.0128205128205128	13.5641025641026	5.01398959875099	0.00540294145249299	0.010805882904986	0.00568730679209789	COL9A3/COL9A1	2
panel30	walktrap	191	GOBP_ANIMAL_ORGAN_MORPHOGENESIS	GOBP_ANIMAL_ORGAN_MORPHOGENESIS	1/2	296/2116	0.00337837837837838	3.57432432432432	1.46855803573477	0.260261790165664	0.260261790165664	0.136979889560876	COL9A1	1
panel30	walktrap	131	GOBP_EPHRIN_RECEPTOR_SIGNALING_PATHWAY	GOBP_EPHRIN_RECEPTOR_SIGNALING_PATHWAY	3/3	19/2116	0.157894736842105	111.368421052632	18.2049076190813	6.1453130230294e-07	0.000138884074320464	9.31500079280246e-05	EPHA2/EFNA4/EFNA1	3
panel30	walktrap	131	GOBP_REGULATION_OF_CELL_ADHESION_MEDIATED_BY_INTEGRIN	GOBP_REGULATION_OF_CELL_ADHESION_MEDIATED_BY_INTEGRIN	2/3	23/2116	0.0869565217391304	61.3333333333333	10.959801506176	0.00033694580073638	0.0380748754832109	0.0255369448979151	EPHA2/EFNA1	2
panel30	walktrap	131	GOBP_CELL_MORPHOGENESIS	GOBP_CELL_MORPHOGENESIS	3/3	232/2116	0.0129310344827586	9.12068965517241	4.93813002951425	0.00130285709618067	0.0660812687001766	0.0443209254439936	EPHA2/EFNA4/EFNA1	3
panel30	walktrap	131	GOBP_CELL_SURFACE_RECEPTOR_PROTEIN_TYROSINE_KINASE_SIGNALING_PATHWAY	GOBP_CELL_SURFACE_RECEPTOR_PROTEIN_TYROSINE_KINASE_SIGNALING_PATHWAY	3/3	236/2116	0.0127118644067797	8.96610169491525	4.89090230377989	0.00137171757998258	0.0660812687001766	0.0443209254439936	EPHA2/EFNA4/EFNA1	3
panel30	walktrap	131	GOBP_CELL_ADHESION_MEDIATED_BY_INTEGRIN	GOBP_CELL_ADHESION_MEDIATED_BY_INTEGRIN	2/3	52/2116	0.0384615384615385	27.1282051282051	7.18658335195473	0.0017497107739184	0.0660812687001766	0.0443209254439936	EPHA2/EFNA1	2
panel30	walktrap	131	GOBP_BLOOD_VESSEL_ENDOTHELIAL_CELL_MIGRATION	GOBP_BLOOD_VESSEL_ENDOTHELIAL_CELL_MIGRATION	2/3	54/2116	0.037037037037037	26.1234567901235	7.04527595885434	0.00188705249516642	0.0660812687001766	0.0443209254439936	EPHA2/EFNA1	2
panel30	walktrap	131	GOBP_NEURON_PROJECTION_GUIDANCE	GOBP_NEURON_PROJECTION_GUIDANCE	2/3	58/2116	0.0344827586206897	24.3218390804598	6.78453630334459	0.00217700726249161	0.0660812687001766	0.0443209254439936	EFNA4/EFNA1	2
panel30	walktrap	131	GOBP_EMBRYONIC_ORGAN_MORPHOGENESIS	GOBP_EMBRYONIC_ORGAN_MORPHOGENESIS	2/3	63/2116	0.0317460317460317	22.3915343915344	6.49357411700884	0.00256797981414975	0.0660812687001766	0.0443209254439936	EPHA2/EFNA1	2
panel30	walktrap	131	GOBP_CELL_PROJECTION_ORGANIZATION	GOBP_CELL_PROJECTION_ORGANIZATION	3/3	293/2116	0.0102389078498294	7.22184300341297	4.32240631308288	0.00263155494823712	0.0660812687001766	0.0443209254439936	EPHA2/EFNA4/EFNA1	3
panel30	walktrap	131	GOBP_GENERATION_OF_NEURONS	GOBP_GENERATION_OF_NEURONS	3/3	309/2116	0.00970873786407767	6.84789644012945	4.19050054290711	0.00308827917828553	0.0697951094292529	0.0468118107024332	EPHA2/EFNA4/EFNA1	3
panel30	walktrap	155	GOBP_RECOMBINATIONAL_REPAIR	GOBP_RECOMBINATIONAL_REPAIR	4/4	53/2116	0.0754716981132076	39.9245283018868	12.4867640043436	3.51551437871428e-07	4.74594441126427e-05	2.70139525943308e-05	CHEK1/XRCC2/RAD51/RAD54L	4
panel30	walktrap	155	GOBP_DNA_RECOMBINATION	GOBP_DNA_RECOMBINATION	4/4	77/2116	0.051948051948052	27.4805194805195	10.299152169918	1.62467607644653e-06	7.70623382206395e-05	4.38639430027812e-05	CHEK1/XRCC2/RAD51/RAD54L	4
panel30	walktrap	155	GOBP_DOUBLE_STRAND_BREAK_REPAIR	GOBP_DOUBLE_STRAND_BREAK_REPAIR	4/4	78/2116	0.0512820512820513	27.1282051282051	10.23040938691	1.7124964049031e-06	7.70623382206395e-05	4.38639430027812e-05	CHEK1/XRCC2/RAD51/RAD54L	4
panel30	walktrap	155	GOBP_DNA_REPAIR	GOBP_DNA_REPAIR	4/4	160/2116	0.025	13.225	6.99781824765925	3.1567728390366e-05	0.00106541083317485	0.000606432676972821	CHEK1/XRCC2/RAD51/RAD54L	4
panel30	walktrap	155	GOBP_RESPONSE_TO_IONIZING_RADIATION	GOBP_RESPONSE_TO_IONIZING_RADIATION	3/4	59/2116	0.0508474576271187	26.8983050847458	8.77846187160788	8.08284844934058e-05	0.00218236908132196	0.00124220618274076	XRCC2/RAD51/RAD54L	3
panel30	walktrap	155	GOBP_DNA_METABOLIC_PROCESS	GOBP_DNA_METABOLIC_PROCESS	4/4	252/2116	0.0158730158730159	8.3968253968254	5.44328292525099	0.000196962298141404	0.0040055978517872	0.00227998942051045	CHEK1/XRCC2/RAD51/RAD54L	4
panel30	walktrap	155	GOBP_RESPONSE_TO_X_RAY	GOBP_RESPONSE_TO_X_RAY	2/4	13/2116	0.153846153846154	81.3846153846154	12.6492041696431	0.000207697666388966	0.0040055978517872	0.00227998942051045	XRCC2/RAD51	2
panel30	walktrap	155	GOBP_REGULATION_OF_DOUBLE_STRAND_BREAK_REPAIR_VIA_HOMOLOGOUS_RECOMBINATION	GOBP_REGULATION_OF_DOUBLE_STRAND_BREAK_REPAIR_VIA_HOMOLOGOUS_RECOMBINATION	2/4	14/2116	0.142857142857143	75.5714285714286	12.1803102227263	0.00024216064792447	0.00408646093372543	0.00232601674980083	CHEK1/RAD51	2
panel30	walktrap	155	GOBP_DNA_DAMAGE_RESPONSE	GOBP_DNA_DAMAGE_RESPONSE	4/4	277/2116	0.0144404332129964	7.63898916967509	5.15690587543282	0.000288165239946474	0.0043224785991971	0.00246035818901668	CHEK1/XRCC2/RAD51/RAD54L	4
panel30	walktrap	155	GOBP_MEIOTIC_CELL_CYCLE	GOBP_MEIOTIC_CELL_CYCLE	3/4	98/2116	0.0306122448979592	16.1938775510204	6.70130374839126	0.00037282161506661	0.00503309180339924	0.0028648397789329	XRCC2/RAD51/RAD54L	3
panel30	walktrap	189	GOBP_HIPPO_SIGNALING	GOBP_HIPPO_SIGNALING	2/2	29/2116	0.0689655172413793	72.9655172413793	11.9999632988053	0.000181438728677598	0.00562460058900553	0.00305581016720164	TEAD4/TEAD1	2
panel30	walktrap	189	GOBP_EMBRYONIC_ORGAN_DEVELOPMENT	GOBP_EMBRYONIC_ORGAN_DEVELOPMENT	2/2	116/2116	0.0172413793103448	18.2413793103448	5.87359091508963	0.00298077911398911	0.0462020762668311	0.0251012978020135	TEAD4/TEAD1	2
panel30	walktrap	189	GOBP_REGULATION_OF_STEM_CELL_POPULATION_MAINTENANCE	GOBP_REGULATION_OF_STEM_CELL_POPULATION_MAINTENANCE	1/2	16/2116	0.0625	66.125	8.04110572840052	0.0150692461354892	0.0981630274072862	0.0533313561465731	TEAD4	1
panel30	walktrap	189	GOBP_POSITIVE_REGULATION_OF_TRANSCRIPTION_BY_RNA_POLYMERASE_II	GOBP_POSITIVE_REGULATION_OF_TRANSCRIPTION_BY_RNA_POLYMERASE_II	2/2	286/2116	0.00699300699300699	7.3986013986014	3.57816382329019	0.0182131413479199	0.0981630274072862	0.0533313561465731	TEAD4/TEAD1	2
panel30	walktrap	189	GOBP_CELL_FATE_SPECIFICATION	GOBP_CELL_FATE_SPECIFICATION	1/2	20/2116	0.05	52.9	7.17140762652085	0.0188186819325457	0.0981630274072862	0.0533313561465731	TEAD4	1
panel30	walktrap	189	GOBP_EMBRYO_DEVELOPMENT	GOBP_EMBRYO_DEVELOPMENT	2/2	300/2116	0.00666666666666667	7.05333333333333	3.48028642021001	0.0200431699044095	0.0981630274072862	0.0533313561465731	TEAD4/TEAD1	2
panel30	walktrap	189	GOBP_BLASTOCYST_DEVELOPMENT	GOBP_BLASTOCYST_DEVELOPMENT	1/2	25/2116	0.04	42.32	6.39103201329035	0.0234954215769081	0.0981630274072862	0.0533313561465731	TEAD4	1
panel30	walktrap	189	GOBP_EMBRYO_IMPLANTATION	GOBP_EMBRYO_IMPLANTATION	1/2	29/2116	0.0344827586206897	36.4827586206897	5.91660864133717	0.0272287692108308	0.0981630274072862	0.0533313561465731	TEAD4	1
panel30	walktrap	189	GOBP_POSITIVE_REGULATION_OF_MIRNA_METABOLIC_PROCESS	GOBP_POSITIVE_REGULATION_OF_MIRNA_METABOLIC_PROCESS	1/2	34/2116	0.0294117647058824	31.1176470588235	5.44424709090969	0.0318853986512758	0.0981630274072862	0.0533313561465731	TEAD1	1
panel30	walktrap	189	GOBP_POSITIVE_REGULATION_OF_RNA_METABOLIC_PROCESS	GOBP_POSITIVE_REGULATION_OF_RNA_METABOLIC_PROCESS	2/2	392/2116	0.00510204081632653	5.39795918367347	2.96649273743871	0.0342481241648679	0.0981630274072862	0.0533313561465731	TEAD4/TEAD1	2
panel30	walktrap	188	GOBP_COLLAGEN_ACTIVATED_TYROSINE_KINASE_RECEPTOR_SIGNALING_PATHWAY	GOBP_COLLAGEN_ACTIVATED_TYROSINE_KINASE_RECEPTOR_SIGNALING_PATHWAY	2/2	10/2116	0.2	211.6	20.5280111832823	2.01102039174678e-05	0.000906299856547214	0.000513692226383036	COL4A1/COL4A2	2
panel30	walktrap	188	GOBP_COLLAGEN_ACTIVATED_SIGNALING_PATHWAY	GOBP_COLLAGEN_ACTIVATED_SIGNALING_PATHWAY	2/2	13/2116	0.153846153846154	162.769230769231	17.9914287139273	3.48576867902775e-05	0.000906299856547214	0.000513692226383036	COL4A1/COL4A2	2
panel30	walktrap	188	GOBP_COLLAGEN_FIBRIL_ORGANIZATION	GOBP_COLLAGEN_FIBRIL_ORGANIZATION	2/2	57/2116	0.0350877192982456	37.1228070175439	8.50175210625221	0.000713241898939522	0.0123628595816184	0.00700728883168653	COL4A1/COL4A2	2
panel30	walktrap	188	GOBP_EXTERNAL_ENCAPSULATING_STRUCTURE_ORGANIZATION	GOBP_EXTERNAL_ENCAPSULATING_STRUCTURE_ORGANIZATION	2/2	156/2116	0.0128205128205128	13.5641025641026	5.01398959875099	0.00540294145249299	0.0702382388824089	0.0398111475446852	COL4A1/COL4A2	2
panel30	walktrap	188	GOBP_RETINA_VASCULATURE_DEVELOPMENT_IN_CAMERA_TYPE_EYE	GOBP_RETINA_VASCULATURE_DEVELOPMENT_IN_CAMERA_TYPE_EYE	1/2	10/2116	0.1	105.8	10.2152686230199	0.00943168563729213	0.0819155639571518	0.0464298743076974	COL4A1	1
panel30	walktrap	188	GOBP_BLOOD_VESSEL_MORPHOGENESIS	GOBP_BLOOD_VESSEL_MORPHOGENESIS	2/2	226/2116	0.00884955752212389	9.36283185840708	4.09066933066913	0.0113622652133693	0.0819155639571518	0.0464298743076974	COL4A1/COL4A2	2
panel30	walktrap	188	GOBP_CELL_SURFACE_RECEPTOR_PROTEIN_TYROSINE_KINASE_SIGNALING_PATHWAY	GOBP_CELL_SURFACE_RECEPTOR_PROTEIN_TYROSINE_KINASE_SIGNALING_PATHWAY	2/2	236/2116	0.00847457627118644	8.96610169491525	3.99246038300726	0.012392354547364	0.0819155639571518	0.0464298743076974	COL4A1/COL4A2	2
panel30	walktrap	188	GOBP_BRANCHING_INVOLVED_IN_BLOOD_VESSEL_MORPHOGENESIS	GOBP_BRANCHING_INVOLVED_IN_BLOOD_VESSEL_MORPHOGENESIS	1/2	16/2116	0.0625	66.125	8.04110572840052	0.0150692461354892	0.0819155639571518	0.0464298743076974	COL4A1	1
panel30	walktrap	188	GOBP_VASCULATURE_DEVELOPMENT	GOBP_VASCULATURE_DEVELOPMENT	2/2	266/2116	0.0075187969924812	7.95488721804511	3.73046301048888	0.0157507586015811	0.0819155639571518	0.0464298743076974	COL4A1/COL4A2	2
panel30	walktrap	188	GOBP_TUBE_MORPHOGENESIS	GOBP_TUBE_MORPHOGENESIS	2/2	303/2116	0.0066006600660066	6.98349834983498	3.460152818974	0.02044671466302	0.0819155639571518	0.0464298743076974	COL4A1/COL4A2	2
panel30	walktrap	88	GOBP_ASTROCYTE_DEVELOPMENT	GOBP_ASTROCYTE_DEVELOPMENT	2/2	16/2116	0.125	132.25	16.2056833297899	5.36272104465806e-05	0.0027618013379989	0.000705621190086587	S100A9/S100A8	2
panel30	walktrap	88	GOBP_REGULATION_OF_TOLL_LIKE_RECEPTOR_SIGNALING_PATHWAY	GOBP_REGULATION_OF_TOLL_LIKE_RECEPTOR_SIGNALING_PATHWAY	2/2	16/2116	0.125	132.25	16.2056833297899	5.36272104465806e-05	0.0027618013379989	0.000705621190086587	S100A9/S100A8	2
panel30	walktrap	88	GOBP_RESPONSE_TO_FUNGUS	GOBP_RESPONSE_TO_FUNGUS	2/2	22/2116	0.0909090909090909	96.1818181818182	13.8004958384639	0.000103232380109668	0.00354431171709859	0.000905547193944454	S100A9/S100A8	2
panel30	walktrap	88	GOBP_ASTROCYTE_DIFFERENTIATION	GOBP_ASTROCYTE_DIFFERENTIATION	2/2	30/2116	0.0666666666666667	70.5333333333333	11.795441930302	0.000194398637868855	0.00456617821215819	0.00116662703427649	S100A9/S100A8	2
panel30	walktrap	88	GOBP_POSITIVE_REGULATION_OF_INTRINSIC_APOPTOTIC_SIGNALING_PATHWAY	GOBP_POSITIVE_REGULATION_OF_INTRINSIC_APOPTOTIC_SIGNALING_PATHWAY	2/2	32/2116	0.0625	66.125	11.4154112083542	0.000221659136512533	0.00456617821215819	0.00116662703427649	S100A9/S100A8	2
panel30	walktrap	88	GOBP_NEUTROPHIL_CHEMOTAXIS	GOBP_NEUTROPHIL_CHEMOTAXIS	2/2	38/2116	0.0526315789473684	55.6842105263158	10.4604089954047	0.000314166074532885	0.00539318427948118	0.0013779213795302	S100A9/S100A8	2
panel30	walktrap	88	GOBP_NEUTROPHIL_MIGRATION	GOBP_NEUTROPHIL_MIGRATION	2/2	45/2116	0.0444444444444444	47.0222222222222	9.59624847858887	0.00044242448618429	0.00576630642994316	0.00147325151505957	S100A9/S100A8	2
panel30	walktrap	88	GOBP_TOLL_LIKE_RECEPTOR_SIGNALING_PATHWAY	GOBP_TOLL_LIKE_RECEPTOR_SIGNALING_PATHWAY	2/2	46/2116	0.0434782608695652	46	9.48907652623368	0.000462534690101757	0.00576630642994316	0.00147325151505957	S100A9/S100A8	2
panel30	walktrap	88	GOBP_GLIAL_CELL_DEVELOPMENT	GOBP_GLIAL_CELL_DEVELOPMENT	2/2	50/2116	0.04	42.32	9.09280439518843	0.000547444439975511	0.00576630642994316	0.00147325151505957	S100A9/S100A8	2
panel30	walktrap	88	GOBP_GRANULOCYTE_CHEMOTAXIS	GOBP_GRANULOCYTE_CHEMOTAXIS	2/2	53/2116	0.0377358490566038	39.9245283018868	8.82529784652815	0.000615819133294901	0.00576630642994316	0.00147325151505957	S100A9/S100A8	2
panel30	walktrap	186	GOBP_EXTERNAL_ENCAPSULATING_STRUCTURE_ORGANIZATION	GOBP_EXTERNAL_ENCAPSULATING_STRUCTURE_ORGANIZATION	2/2	156/2116	0.0128205128205128	13.5641025641026	5.01398959875099	0.00540294145249299	0.101451956722841	0.0597524055886409	COL16A1/COL11A1	2
panel30	walktrap	186	GOBP_DETECTION_OF_MECHANICAL_STIMULUS	GOBP_DETECTION_OF_MECHANICAL_STIMULUS	1/2	11/2116	0.0909090909090909	96.1818181818182	9.73289372375186	0.0103723962872094	0.101451956722841	0.0597524055886409	COL11A1	1
panel30	walktrap	186	GOBP_PROTEOGLYCAN_METABOLIC_PROCESS	GOBP_PROTEOGLYCAN_METABOLIC_PROCESS	1/2	12/2116	0.0833333333333333	88.1666666666667	9.3118481655212	0.0113126600437063	0.101451956722841	0.0597524055886409	COL11A1	1
panel30	walktrap	186	GOBP_CHONDROCYTE_DEVELOPMENT	GOBP_CHONDROCYTE_DEVELOPMENT	1/2	13/2116	0.0769230769230769	81.3846153846154	8.94010604187068	0.0122524769067824	0.101451956722841	0.0597524055886409	COL11A1	1
panel30	walktrap	186	GOBP_DETECTION_OF_STIMULUS_INVOLVED_IN_SENSORY_PERCEPTION	GOBP_DETECTION_OF_STIMULUS_INVOLVED_IN_SENSORY_PERCEPTION	1/2	13/2116	0.0769230769230769	81.3846153846154	8.94010604187068	0.0122524769067824	0.101451956722841	0.0597524055886409	COL11A1	1
panel30	walktrap	186	GOBP_POSITIVE_REGULATION_OF_FOCAL_ADHESION_ASSEMBLY	GOBP_POSITIVE_REGULATION_OF_FOCAL_ADHESION_ASSEMBLY	1/2	13/2116	0.0769230769230769	81.3846153846154	8.94010604187068	0.0122524769067824	0.101451956722841	0.0597524055886409	COL16A1	1
panel30	walktrap	186	GOBP_VENTRICULAR_CARDIAC_MUSCLE_TISSUE_MORPHOGENESIS	GOBP_VENTRICULAR_CARDIAC_MUSCLE_TISSUE_MORPHOGENESIS	1/2	14/2116	0.0714285714285714	75.5714285714286	8.60870482867123	0.0131918468764384	0.101451956722841	0.0597524055886409	COL11A1	1
panel30	walktrap	186	GOBP_SENSORY_PERCEPTION_OF_LIGHT_STIMULUS	GOBP_SENSORY_PERCEPTION_OF_LIGHT_STIMULUS	1/2	15/2116	0.0666666666666667	70.5333333333333	8.31080983204576	0.0141307699526738	0.101451956722841	0.0597524055886409	COL11A1	1
panel30	walktrap	186	GOBP_POSITIVE_REGULATION_OF_CELL_SUBSTRATE_JUNCTION_ORGANIZATION	GOBP_POSITIVE_REGULATION_OF_CELL_SUBSTRATE_JUNCTION_ORGANIZATION	1/2	16/2116	0.0625	66.125	8.04110572840052	0.0150692461354892	0.101451956722841	0.0597524055886409	COL16A1	1
panel30	walktrap	186	GOBP_DETECTION_OF_ABIOTIC_STIMULUS	GOBP_DETECTION_OF_ABIOTIC_STIMULUS	1/2	17/2116	0.0588235294117647	62.2352941176471	7.79538809910682	0.0160072754248839	0.101451956722841	0.0597524055886409	COL11A1	1
panel30	walktrap	35	GOBP_REGULATION_OF_EXOCYTOSIS	GOBP_REGULATION_OF_EXOCYTOSIS	3/3	35/2116	0.0857142857142857	60.4571428571429	13.3618958598512	4.15078160327424e-06	0.00152748763000492	0.00106172624167962	SDC4/PRKCB/PRKCA	3
panel30	walktrap	35	GOBP_EXOCYTOSIS	GOBP_EXOCYTOSIS	3/3	57/2116	0.0526315789473684	37.1228070175439	10.4149409070189	1.85564354028731e-05	0.00341438411412865	0.00237327042257798	SDC4/PRKCB/PRKCA	3
panel30	walktrap	35	GOBP_NUCLEAR_ENVELOPE_ORGANIZATION	GOBP_NUCLEAR_ENVELOPE_ORGANIZATION	2/3	12/2116	0.166666666666667	117.555555555556	15.2534049004338	8.82058530954613e-05	0.0108199179797099	0.00752070957971828	PRKCB/PRKCA	2
panel30	walktrap	35	GOBP_POSITIVE_REGULATION_OF_EXOCYTOSIS	GOBP_POSITIVE_REGULATION_OF_EXOCYTOSIS	2/3	14/2116	0.142857142857143	100.761904761905	14.1084225778127	0.000121540212550206	0.0111816995546189	0.00777217674992104	SDC4/PRKCA	2
panel30	walktrap	35	GOBP_REGULATION_OF_VESICLE_MEDIATED_TRANSPORT	GOBP_REGULATION_OF_VESICLE_MEDIATED_TRANSPORT	3/3	117/2116	0.0256410256410256	18.0854700854701	7.16274567134985	0.000164972164776123	0.0120629124972663	0.00838469032275659	SDC4/PRKCB/PRKCA	3
panel30	walktrap	35	GOBP_REGULATION_OF_SECRETION	GOBP_REGULATION_OF_SECRETION	3/3	124/2116	0.0241935483870968	17.0645161290323	6.94544200309919	0.000196677921151081	0.0120629124972663	0.00838469032275659	SDC4/PRKCB/PRKCA	3
panel30	walktrap	35	GOBP_POSITIVE_REGULATION_OF_CELL_JUNCTION_ASSEMBLY	GOBP_POSITIVE_REGULATION_OF_CELL_JUNCTION_ASSEMBLY	2/3	26/2116	0.0769230769230769	54.2564102564103	10.2932254500436	0.000432423290480145	0.022733110128099	0.015801332268673	SDC4/PRKCA	2
panel30	walktrap	35	GOBP_EXPORT_FROM_CELL	GOBP_EXPORT_FROM_CELL	3/3	176/2116	0.0170454545454545	12.0227272727273	5.75321488946328	0.000566459607035073	0.0260571419236133	0.0181118005933582	SDC4/PRKCB/PRKCA	3
panel30	walktrap	35	GOBP_SECRETION	GOBP_SECRETION	3/3	189/2116	0.0158730158730159	11.1957671957672	5.53319556196069	0.000702312247274002	0.0273987638319168	0.0190443352721848	SDC4/PRKCB/PRKCA	3
panel30	walktrap	35	GOBP_NUCLEUS_ORGANIZATION	GOBP_NUCLEUS_ORGANIZATION	2/3	34/2116	0.0588235294117647	41.4901960784314	8.96633664307791	0.000744531625867305	0.0273987638319168	0.0190443352721848	PRKCB/PRKCA	2
panel30	walktrap	126	GOBP_PROTEIN_LOCALIZATION_TO_NUCLEUS	GOBP_PROTEIN_LOCALIZATION_TO_NUCLEUS	2/2	123/2116	0.016260162601626	17.2032520325203	5.69401734605386	0.00335304133317245	0.167078553435791	0.129156118609904	STK4/RASSF5	2
panel30	walktrap	126	GOBP_POSITIVE_REGULATION_OF_PROTEIN_MODIFICATION_PROCESS	GOBP_POSITIVE_REGULATION_OF_PROTEIN_MODIFICATION_PROCESS	2/2	151/2116	0.0132450331125828	14.0132450331126	5.1028229007406	0.00506106798589604	0.167078553435791	0.129156118609904	STK4/RASSF5	2
panel30	walktrap	126	GOBP_HEPATOCYTE_APOPTOTIC_PROCESS	GOBP_HEPATOCYTE_APOPTOTIC_PROCESS	1/2	10/2116	0.1	105.8	10.2152686230199	0.00943168563729213	0.167078553435791	0.129156118609904	STK4	1
panel30	walktrap	126	GOBP_PROTEIN_LOCALIZATION_TO_ORGANELLE	GOBP_PROTEIN_LOCALIZATION_TO_ORGANELLE	2/2	213/2116	0.00938967136150235	9.93427230046948	4.22811980457374	0.0100899596455241	0.167078553435791	0.129156118609904	STK4/RASSF5	2
panel30	walktrap	126	GOBP_EMBRYONIC_HEMOPOIESIS	GOBP_EMBRYONIC_HEMOPOIESIS	1/2	11/2116	0.0909090909090909	96.1818181818182	9.73289372375186	0.0103723962872094	0.167078553435791	0.129156118609904	STK4	1
panel30	walktrap	126	GOBP_NEGATIVE_REGULATION_OF_CELL_POPULATION_PROLIFERATION	GOBP_NEGATIVE_REGULATION_OF_CELL_POPULATION_PROLIFERATION	2/2	216/2116	0.00925925925925926	9.7962962962963	4.19534438848596	0.0103768652214133	0.167078553435791	0.129156118609904	STK4/RASSF5	2
panel30	walktrap	126	GOBP_POSITIVE_REGULATION_OF_PEPTIDYL_SERINE_PHOSPHORYLATION	GOBP_POSITIVE_REGULATION_OF_PEPTIDYL_SERINE_PHOSPHORYLATION	1/2	12/2116	0.0833333333333333	88.1666666666667	9.3118481655212	0.0113126600437063	0.167078553435791	0.129156118609904	STK4	1
panel30	walktrap	126	GOBP_REGULATION_OF_PEPTIDYL_SERINE_PHOSPHORYLATION	GOBP_REGULATION_OF_PEPTIDYL_SERINE_PHOSPHORYLATION	1/2	14/2116	0.0714285714285714	75.5714285714286	8.60870482867123	0.0131918468764384	0.167078553435791	0.129156118609904	STK4	1
panel30	walktrap	126	GOBP_REGULATION_OF_PROTEIN_MODIFICATION_PROCESS	GOBP_REGULATION_OF_PROTEIN_MODIFICATION_PROCESS	2/2	246/2116	0.00813008130081301	8.60162601626016	3.90005688826256	0.0134671332233976	0.167078553435791	0.129156118609904	STK4/RASSF5	2
panel30	walktrap	126	GOBP_BRANCHING_INVOLVED_IN_BLOOD_VESSEL_MORPHOGENESIS	GOBP_BRANCHING_INVOLVED_IN_BLOOD_VESSEL_MORPHOGENESIS	1/2	16/2116	0.0625	66.125	8.04110572840052	0.0150692461354892	0.167078553435791	0.129156118609904	STK4	1
panel30	walktrap	107	GOBP_RECEPTOR_LOCALIZATION_TO_SYNAPSE	GOBP_RECEPTOR_LOCALIZATION_TO_SYNAPSE	2/2	22/2116	0.0909090909090909	96.1818181818182	13.8004958384639	0.000103232380109668	0.00293385530484835	0.00155942283009136	DLG4/DLG2	2
panel30	walktrap	107	GOBP_ESTABLISHMENT_OR_MAINTENANCE_OF_BIPOLAR_CELL_POLARITY	GOBP_ESTABLISHMENT_OR_MAINTENANCE_OF_BIPOLAR_CELL_POLARITY	2/2	23/2116	0.0869565217391304	92	13.4939279942955	0.000113064035358207	0.00293385530484835	0.00155942283009136	DLG4/DLG2	2
panel30	walktrap	107	GOBP_RECEPTOR_CLUSTERING	GOBP_RECEPTOR_CLUSTERING	2/2	24/2116	0.0833333333333333	88.1666666666667	13.2066573905874	0.000123342584027135	0.00293385530484835	0.00155942283009136	DLG4/DLG2	2
panel30	walktrap	107	GOBP_PROTEIN_LOCALIZATION_TO_SYNAPSE	GOBP_PROTEIN_LOCALIZATION_TO_SYNAPSE	2/2	25/2116	0.08	84.64	12.936735662914	0.000134068026116452	0.00293385530484835	0.00155942283009136	DLG4/DLG2	2
panel30	walktrap	107	GOBP_REGULATION_OF_POSTSYNAPTIC_MEMBRANE_NEUROTRANSMITTER_RECEPTOR_LEVELS	GOBP_REGULATION_OF_POSTSYNAPTIC_MEMBRANE_NEUROTRANSMITTER_RECEPTOR_LEVELS	2/2	26/2116	0.0769230769230769	81.3846153846154	12.6824792744663	0.000145240361626156	0.00293385530484835	0.00155942283009136	DLG4/DLG2	2
panel30	walktrap	107	GOBP_PROTEIN_LOCALIZATION_TO_CELL_JUNCTION	GOBP_PROTEIN_LOCALIZATION_TO_CELL_JUNCTION	2/2	38/2116	0.0526315789473684	55.6842105263158	10.4604089954047	0.000314166074532885	0.00528846225463689	0.0028109596142416	DLG4/DLG2	2
panel30	walktrap	107	GOBP_CELLULAR_RESPONSE_TO_METAL_ION	GOBP_CELLULAR_RESPONSE_TO_METAL_ION	2/2	57/2116	0.0350877192982456	37.1228070175439	8.50175210625221	0.000713241898939522	0.0102910616846988	0.00546997546555122	DLG4/DLG2	2
panel30	walktrap	107	GOBP_ESTABLISHMENT_OR_MAINTENANCE_OF_CELL_POLARITY	GOBP_ESTABLISHMENT_OR_MAINTENANCE_OF_CELL_POLARITY	2/2	69/2116	0.0289855072463768	30.6666666666667	7.70463498091991	0.00104841196423065	0.013236201048412	0.00703539607575832	DLG4/DLG2	2
panel30	walktrap	107	GOBP_RESPONSE_TO_METAL_ION	GOBP_RESPONSE_TO_METAL_ION	2/2	99/2116	0.0202020202020202	21.3737373737374	6.38488447871102	0.00216787998230302	0.0237100644867206	0.0126025355791845	DLG4/DLG2	2
panel30	walktrap	107	GOBP_PROTEIN_LOCALIZATION_TO_MEMBRANE	GOBP_PROTEIN_LOCALIZATION_TO_MEMBRANE	2/2	103/2116	0.0194174757281553	20.5436893203884	6.25346851060082	0.00234753113729907	0.0237100644867206	0.0126025355791845	DLG4/DLG2	2
panel30	walktrap	184	GOBP_PIECEMEAL_MICROAUTOPHAGY_OF_THE_NUCLEUS	GOBP_PIECEMEAL_MICROAUTOPHAGY_OF_THE_NUCLEUS	2/2	15/2116	0.133333333333333	141.066666666667	16.7411423366521	4.6923809140758e-05	0.00150156189250426	0.000705621190086587	ATG2A/ATG9A	2
panel30	walktrap	184	GOBP_MICROAUTOPHAGY	GOBP_MICROAUTOPHAGY	2/2	16/2116	0.125	132.25	16.2056833297899	5.36272104465806e-05	0.00150156189250426	0.000705621190086587	ATG2A/ATG9A	2
panel30	walktrap	184	GOBP_NUCLEOPHAGY	GOBP_NUCLEOPHAGY	2/2	20/2116	0.1	105.8	14.4809926639573	8.49097498737527e-05	0.00158498199764338	0.000744822367313621	ATG2A/ATG9A	2
panel30	walktrap	184	GOBP_AUTOPHAGY_OF_MITOCHONDRION	GOBP_AUTOPHAGY_OF_MITOCHONDRION	2/2	52/2116	0.0384615384615385	40.6923076923077	8.911911536631	0.000592580675434716	0.00642334809571265	0.00301849064648151	ATG2A/ATG9A	2
panel30	walktrap	184	GOBP_LIPID_LOCALIZATION	GOBP_LIPID_LOCALIZATION	2/2	55/2116	0.0363636363636364	38.4727272727273	8.65915160455733	0.000663636729276435	0.00642334809571265	0.00301849064648151	ATG2A/ATG9A	2
panel30	walktrap	184	GOBP_AUTOPHAGOSOME_ORGANIZATION	GOBP_AUTOPHAGOSOME_ORGANIZATION	2/2	56/2116	0.0357142857142857	37.7857142857143	8.57940735550533	0.000688215867397784	0.00642334809571265	0.00301849064648151	ATG2A/ATG9A	2
panel30	walktrap	184	GOBP_VACUOLE_ORGANIZATION	GOBP_VACUOLE_ORGANIZATION	2/2	78/2116	0.0256410256410256	27.1282051282051	7.23056909700474	0.00134202094142568	0.0107361675314054	0.0050451915091191	ATG2A/ATG9A	2
panel30	walktrap	184	GOBP_MEMBRANE_ORGANIZATION	GOBP_MEMBRANE_ORGANIZATION	2/2	132/2116	0.0151515151515152	16.030303030303	5.4840519542046	0.00386384051267613	0.0270468835887329	0.0127100016864347	ATG2A/ATG9A	2
panel30	walktrap	184	GOBP_MACROAUTOPHAGY	GOBP_MACROAUTOPHAGY	2/2	145/2116	0.0137931034482759	14.5931034482759	5.21527247375436	0.00466556730885251	0.0290301965884156	0.0136420096750073	ATG2A/ATG9A	2
panel30	walktrap	184	GOBP_ORGANELLE_ASSEMBLY	GOBP_ORGANELLE_ASSEMBLY	2/2	184/2116	0.0108695652173913	11.5	4.58365943050249	0.00752389762565526	0.0381188170433231	0.0179129779338925	ATG2A/ATG9A	2
panel30	walktrap	152	GOBP_POSITIVE_REGULATION_OF_MAP_KINASE_ACTIVITY	GOBP_POSITIVE_REGULATION_OF_MAP_KINASE_ACTIVITY	3/4	24/2116	0.125	66.125	13.9608140202749	5.09614102698036e-06	0.000848979003522687	0.000436020625748069	PIK3R5/PIK3R6/PIK3CG	3
panel30	walktrap	152	GOBP_PHOSPHATIDYLINOSITOL_METABOLIC_PROCESS	GOBP_PHOSPHATIDYLINOSITOL_METABOLIC_PROCESS	3/4	31/2116	0.0967741935483871	51.1935483870968	12.249375293806	1.1289432282358e-05	0.000848979003522687	0.000436020625748069	PIK3CD/PIK3R5/PIK3CG	3
panel30	walktrap	152	GOBP_POSITIVE_REGULATION_OF_PROTEIN_SERINE_THREONINE_KINASE_ACTIVITY	GOBP_POSITIVE_REGULATION_OF_PROTEIN_SERINE_THREONINE_KINASE_ACTIVITY	3/4	32/2116	0.09375	49.59375	12.0516017409591	1.24528385365497e-05	0.000848979003522687	0.000436020625748069	PIK3R5/PIK3R6/PIK3CG	3
panel30	walktrap	152	GOBP_REGULATION_OF_MAP_KINASE_ACTIVITY	GOBP_REGULATION_OF_MAP_KINASE_ACTIVITY	3/4	33/2116	0.0909090909090909	48.0909090909091	11.8628116262134	1.36932097342369e-05	0.000848979003522687	0.000436020625748069	PIK3R5/PIK3R6/PIK3CG	3
panel30	walktrap	152	GOBP_GLYCEROPHOSPHOLIPID_METABOLIC_PROCESS	GOBP_GLYCEROPHOSPHOLIPID_METABOLIC_PROCESS	3/4	42/2116	0.0714285714285714	37.7857142857143	10.4770179294276	2.87189281771346e-05	0.00142445883758588	0.000731576907249114	PIK3CD/PIK3R5/PIK3CG	3
panel30	walktrap	152	GOBP_PHOSPHOLIPID_METABOLIC_PROCESS	GOBP_PHOSPHOLIPID_METABOLIC_PROCESS	3/4	47/2116	0.0638297872340426	33.7659574468085	9.88393250674902	4.04912342026029e-05	0.00167363768037425	0.000859550761142974	PIK3CD/PIK3R5/PIK3CG	3
panel30	walktrap	152	GOBP_REGULATION_OF_PROTEIN_SERINE_THREONINE_KINASE_ACTIVITY	GOBP_REGULATION_OF_PROTEIN_SERINE_THREONINE_KINASE_ACTIVITY	3/4	56/2116	0.0535714285714286	28.3392857142857	9.02164620288418	6.89962721580312e-05	0.00225689462100537	0.00115910122725658	PIK3R5/PIK3R6/PIK3CG	3
panel30	walktrap	152	GOBP_GLYCEROLIPID_METABOLIC_PROCESS	GOBP_GLYCEROLIPID_METABOLIC_PROCESS	3/4	57/2116	0.0526315789473684	27.8421052631579	8.93848785231291	7.28030522904959e-05	0.00225689462100537	0.00115910122725658	PIK3CD/PIK3R5/PIK3CG	3
panel30	walktrap	152	GOBP_POSITIVE_REGULATION_OF_KINASE_ACTIVITY	GOBP_POSITIVE_REGULATION_OF_KINASE_ACTIVITY	3/4	63/2116	0.0476190476190476	25.1904761904762	8.48122221400644	9.85920926176991e-05	0.00271675988546549	0.00139527990722124	PIK3R5/PIK3R6/PIK3CG	3
panel30	walktrap	152	GOBP_PHOSPHATIDYLINOSITOL_3_PHOSPHATE_BIOSYNTHETIC_PROCESS	GOBP_PHOSPHATIDYLINOSITOL_3_PHOSPHATE_BIOSYNTHETIC_PROCESS	2/4	11/2116	0.181818181818182	96.1818181818182	13.7709059933493	0.000146638884849706	0.0036366443442727	0.00186771632282257	PIK3CD/PIK3CG	2
panel30	walktrap	12	GOBP_NEUROMUSCULAR_JUNCTION_DEVELOPMENT	GOBP_NEUROMUSCULAR_JUNCTION_DEVELOPMENT	3/4	24/2116	0.125	66.125	13.9608140202749	5.09614102698036e-06	0.000654854121966976	0.000421102179597851	DAG1/LRP4/AGRN	3
panel30	walktrap	12	GOBP_RECEPTOR_CLUSTERING	GOBP_RECEPTOR_CLUSTERING	3/4	24/2116	0.125	66.125	13.9608140202749	5.09614102698036e-06	0.000654854121966976	0.000421102179597851	DAG1/LRP4/AGRN	3
panel30	walktrap	12	GOBP_SYNAPSE_ASSEMBLY	GOBP_SYNAPSE_ASSEMBLY	3/4	45/2116	0.0666666666666667	35.2666666666667	10.1094212129516	3.54600658120647e-05	0.00303774563790021	0.00195341415175233	DAG1/LRP4/AGRN	3
panel30	walktrap	12	GOBP_REGULATION_OF_SYNAPSE_STRUCTURE_OR_ACTIVITY	GOBP_REGULATION_OF_SYNAPSE_STRUCTURE_OR_ACTIVITY	3/4	68/2116	0.0441176470588235	23.3382352941176	8.14660324657825	0.000124199377880158	0.00797981002880016	0.00513139534925916	DAG1/LRP4/AGRN	3
panel30	walktrap	12	GOBP_POSTSYNAPTIC_MEMBRANE_ORGANIZATION	GOBP_POSTSYNAPTIC_MEMBRANE_ORGANIZATION	2/4	12/2116	0.166666666666667	88.1666666666667	13.1751757854706	0.000175855400726828	0.00903896759735895	0.00581248377139199	DAG1/LRP4	2
panel30	walktrap	12	GOBP_POSITIVE_REGULATION_OF_RAC_PROTEIN_SIGNAL_TRANSDUCTION	GOBP_POSITIVE_REGULATION_OF_RAC_PROTEIN_SIGNAL_TRANSDUCTION	2/4	17/2116	0.117647058823529	62.2352941176471	11.0295621981879	0.000361223602679484	0.0129530958044441	0.0083294533741459	DAG1/LRP4	2
panel30	walktrap	12	GOBP_PROTEIN_LOCALIZATION_TO_MEMBRANE	GOBP_PROTEIN_LOCALIZATION_TO_MEMBRANE	3/4	103/2116	0.029126213592233	15.4077669902913	6.52276340115904	0.000432705510680036	0.0129530958044441	0.0083294533741459	DAG1/LRP4/AGRN	3
panel30	walktrap	12	GOBP_REGULATION_OF_NERVOUS_SYSTEM_DEVELOPMENT	GOBP_REGULATION_OF_NERVOUS_SYSTEM_DEVELOPMENT	3/4	103/2116	0.029126213592233	15.4077669902913	6.52276340115904	0.000432705510680036	0.0129530958044441	0.0083294533741459	DAG1/LRP4/AGRN	3
panel30	walktrap	12	GOBP_REGULATION_OF_RAC_PROTEIN_SIGNAL_TRANSDUCTION	GOBP_REGULATION_OF_RAC_PROTEIN_SIGNAL_TRANSDUCTION	2/4	19/2116	0.105263157894737	55.6842105263158	10.4178417583358	0.000453610358910493	0.0129530958044441	0.0083294533741459	DAG1/LRP4	2
panel30	walktrap	12	GOBP_RAC_PROTEIN_SIGNAL_TRANSDUCTION	GOBP_RAC_PROTEIN_SIGNAL_TRANSDUCTION	2/4	21/2116	0.0952380952380952	50.3809523809524	9.89498909593594	0.000556359470895946	0.0134992022094347	0.00868062562720153	DAG1/LRP4	2
panel30	walktrap	182	GOBP_NEGATIVE_REGULATION_OF_ENDOTHELIAL_CELL_APOPTOTIC_PROCESS	GOBP_NEGATIVE_REGULATION_OF_ENDOTHELIAL_CELL_APOPTOTIC_PROCESS	2/2	12/2116	0.166666666666667	176.333333333333	18.7305244170713	2.94949657456193e-05	0.00469707329498988	0.00265407650297902	ANGPT1/TEK	2
panel30	walktrap	182	GOBP_REGULATION_OF_VASCULAR_PERMEABILITY	GOBP_REGULATION_OF_VASCULAR_PERMEABILITY	2/2	14/2116	0.142857142857143	151.142857142857	17.3328520592595	4.06673012553236e-05	0.00469707329498988	0.00265407650297902	ANGPT1/TEK	2
panel30	walktrap	182	GOBP_RENAL_SYSTEM_VASCULATURE_DEVELOPMENT	GOBP_RENAL_SYSTEM_VASCULATURE_DEVELOPMENT	2/2	20/2116	0.1	105.8	14.4809926639573	8.49097498737527e-05	0.00653805074027896	0.00369431894187556	ANGPT1/TEK	2
panel30	walktrap	182	GOBP_ENDOTHELIAL_CELL_APOPTOTIC_PROCESS	GOBP_ENDOTHELIAL_CELL_APOPTOTIC_PROCESS	2/2	30/2116	0.0666666666666667	70.5333333333333	11.795441930302	0.000194398637868855	0.0112265213369264	0.00634353449887842	ANGPT1/TEK	2
panel30	walktrap	182	GOBP_GLOMERULUS_DEVELOPMENT	GOBP_GLOMERULUS_DEVELOPMENT	2/2	35/2116	0.0571428571428571	60.4571428571429	10.9073615764306	0.000265901585130962	0.0122846532330505	0.00694143085394512	ANGPT1/TEK	2
panel30	walktrap	182	GOBP_SPROUTING_ANGIOGENESIS	GOBP_SPROUTING_ANGIOGENESIS	2/2	47/2116	0.0425531914893617	45.0212765957447	9.38531835196038	0.000483091787439614	0.0185990338164251	0.0105093652004407	ANGPT1/TEK	2
panel30	walktrap	182	GOBP_POSITIVE_REGULATION_OF_ENDOTHELIAL_CELL_MIGRATION	GOBP_POSITIVE_REGULATION_OF_ENDOTHELIAL_CELL_MIGRATION	2/2	53/2116	0.0377358490566038	39.9245283018868	8.82529784652815	0.000615819133294901	0.019872233171111	0.0112287852049112	ANGPT1/TEK	2
panel30	walktrap	182	GOBP_VASCULAR_PROCESS_IN_CIRCULATORY_SYSTEM	GOBP_VASCULAR_PROCESS_IN_CIRCULATORY_SYSTEM	2/2	56/2116	0.0357142857142857	37.7857142857143	8.57940735550533	0.000688215867397784	0.019872233171111	0.0112287852049112	ANGPT1/TEK	2
panel30	walktrap	182	GOBP_ENDOTHELIAL_CELL_PROLIFERATION	GOBP_ENDOTHELIAL_CELL_PROLIFERATION	2/2	64/2116	0.03125	33.0625	8.00970245958065	0.000900937135502555	0.0221433455335237	0.0125120749426154	ANGPT1/TEK	2
panel30	walktrap	182	GOBP_NEPHRON_DEVELOPMENT	GOBP_NEPHRON_DEVELOPMENT	2/2	66/2116	0.0303030303030303	32.0606060606061	7.88356504042582	0.000958586386732628	0.0221433455335237	0.0125120749426154	ANGPT1/TEK	2
panel30	walktrap	28	GOBP_HIPPO_SIGNALING	GOBP_HIPPO_SIGNALING	5/5	29/2116	0.172413793103448	72.9655172413793	18.9870851021493	3.37527156795006e-10	8.13440447875966e-08	5.36490533432063e-08	STK3/MOB1A/MOB1B/LATS2/LATS1	5
panel30	walktrap	28	GOBP_REGULATION_OF_ORGAN_GROWTH	GOBP_REGULATION_OF_ORGAN_GROWTH	3/5	37/2116	0.0810810810810811	34.3135135135135	9.94695442434126	4.80947359109873e-05	0.00579541567727397	0.00382226585397847	STK3/LATS2/LATS1	3
panel30	walktrap	28	GOBP_NEGATIVE_REGULATION_OF_PROTEIN_SERINE_THREONINE_KINASE_ACTIVITY	GOBP_NEGATIVE_REGULATION_OF_PROTEIN_SERINE_THREONINE_KINASE_ACTIVITY	2/5	11/2116	0.181818181818182	76.9454545454546	12.2876306802903	0.000243704487629601	0.0139626813880331	0.00920884424369076	LATS2/LATS1	2
panel30	walktrap	28	GOBP_ORGAN_GROWTH	GOBP_ORGAN_GROWTH	3/5	64/2116	0.046875	19.8375	7.4459590848612	0.000252917434880562	0.0139626813880331	0.00920884424369076	STK3/LATS2/LATS1	3
panel30	walktrap	28	GOBP_NEGATIVE_REGULATION_OF_CANONICAL_WNT_SIGNALING_PATHWAY	GOBP_NEGATIVE_REGULATION_OF_CANONICAL_WNT_SIGNALING_PATHWAY	3/5	68/2116	0.0441176470588235	18.6705882352941	7.20670190614387	0.000303343377982812	0.0139626813880331	0.00920884424369076	STK3/LATS2/LATS1	3
panel30	walktrap	28	GOBP_NEGATIVE_REGULATION_OF_WNT_SIGNALING_PATHWAY	GOBP_NEGATIVE_REGULATION_OF_WNT_SIGNALING_PATHWAY	3/5	78/2116	0.0384615384615385	16.2769230769231	6.68924610955866	0.000457139887849912	0.0139626813880331	0.00920884424369076	STK3/LATS2/LATS1	3
panel30	walktrap	28	GOBP_POSITIVE_REGULATION_OF_INFLAMMASOME_MEDIATED_SIGNALING_PATHWAY	GOBP_POSITIVE_REGULATION_OF_INFLAMMASOME_MEDIATED_SIGNALING_PATHWAY	2/5	15/2116	0.133333333333333	56.4266666666667	10.4820791760654	0.000463491498357946	0.0139626813880331	0.00920884424369076	LATS2/LATS1	2
panel30	walktrap	28	GOBP_REGULATION_OF_CYCLIN_DEPENDENT_PROTEIN_SERINE_THREONINE_KINASE_ACTIVITY	GOBP_REGULATION_OF_CYCLIN_DEPENDENT_PROTEIN_SERINE_THREONINE_KINASE_ACTIVITY	2/5	15/2116	0.133333333333333	56.4266666666667	10.4820791760654	0.000463491498357946	0.0139626813880331	0.00920884424369076	LATS2/LATS1	2
panel30	walktrap	28	GOBP_DETECTION_OF_BIOTIC_STIMULUS	GOBP_DETECTION_OF_BIOTIC_STIMULUS	2/5	17/2116	0.117647058823529	49.7882352941177	9.82719157458067	0.00059919284032518	0.015101999712701	0.00996026187647022	STK3/LATS2	2
panel30	walktrap	28	GOBP_NEGATIVE_REGULATION_OF_PROTEIN_LOCALIZATION_TO_NUCLEUS	GOBP_NEGATIVE_REGULATION_OF_PROTEIN_LOCALIZATION_TO_NUCLEUS	2/5	18/2116	0.111111111111111	47.0222222222222	9.54107186650402	0.000673451940209855	0.015101999712701	0.00996026187647022	LATS2/LATS1	2
panel30	walktrap	116	GOBP_VASCULAR_ASSOCIATED_SMOOTH_MUSCLE_CELL_DIFFERENTIATION	GOBP_VASCULAR_ASSOCIATED_SMOOTH_MUSCLE_CELL_DIFFERENTIATION	2/2	13/2116	0.153846153846154	162.769230769231	17.9914287139273	3.48576867902775e-05	0.00216519862178069	0.00131386665594122	NFATC2/NFATC1	2
panel30	walktrap	116	GOBP_NEGATIVE_REGULATION_OF_MUSCLE_CELL_DIFFERENTIATION	GOBP_NEGATIVE_REGULATION_OF_MUSCLE_CELL_DIFFERENTIATION	2/2	19/2116	0.105263157894737	111.368421052632	14.8607287431027	7.64187748863773e-05	0.00216519862178069	0.00131386665594122	NFATC2/NFATC1	2
panel30	walktrap	116	GOBP_REGULATION_OF_SMOOTH_MUSCLE_CELL_DIFFERENTIATION	GOBP_REGULATION_OF_SMOOTH_MUSCLE_CELL_DIFFERENTIATION	2/2	19/2116	0.105263157894737	111.368421052632	14.8607287431027	7.64187748863773e-05	0.00216519862178069	0.00131386665594122	NFATC2/NFATC1	2
panel30	walktrap	116	GOBP_CALCINEURIN_MEDIATED_SIGNALING	GOBP_CALCINEURIN_MEDIATED_SIGNALING	2/2	22/2116	0.0909090909090909	96.1818181818182	13.8004958384639	0.000103232380109668	0.00219368807733044	0.00133115437509835	NFATC2/NFATC1	2
panel30	walktrap	116	GOBP_SMOOTH_MUSCLE_CELL_DIFFERENTIATION	GOBP_SMOOTH_MUSCLE_CELL_DIFFERENTIATION	2/2	30/2116	0.0666666666666667	70.5333333333333	11.795441930302	0.000194398637868855	0.00330477684377053	0.00200537542222608	NFATC2/NFATC1	2
panel30	walktrap	116	GOBP_REGULATION_OF_MUSCLE_CELL_DIFFERENTIATION	GOBP_REGULATION_OF_MUSCLE_CELL_DIFFERENTIATION	2/2	49/2116	0.0408163265306122	43.1836734693878	9.18734215139336	0.00052554666237649	0.00744524438366694	0.00451785727306106	NFATC2/NFATC1	2
panel30	walktrap	116	GOBP_CALCIUM_MEDIATED_SIGNALING	GOBP_CALCIUM_MEDIATED_SIGNALING	2/2	60/2116	0.0333333333333333	35.2666666666667	8.28044395722029	0.000791001354087063	0.00960501644248577	0.0058284310301152	NFATC2/NFATC1	2
panel30	walktrap	116	GOBP_MUSCLE_CELL_DIFFERENTIATION	GOBP_MUSCLE_CELL_DIFFERENTIATION	2/2	120/2116	0.0166666666666667	17.6333333333333	5.76909031195007	0.00319081902157154	0.0339024521041977	0.0205723857969744	NFATC2/NFATC1	2
panel30	walktrap	116	GOBP_MUSCLE_STRUCTURE_DEVELOPMENT	GOBP_MUSCLE_STRUCTURE_DEVELOPMENT	2/2	181/2116	0.0110497237569061	11.6906077348066	4.62507616947337	0.00727989381812332	0.0618790974540482	0.0375489260092677	NFATC2/NFATC1	2
panel30	walktrap	116	GOBP_NEGATIVE_REGULATION_OF_CELL_DIFFERENTIATION	GOBP_NEGATIVE_REGULATION_OF_CELL_DIFFERENTIATION	2/2	181/2116	0.0110497237569061	11.6906077348066	4.62507616947337	0.00727989381812332	0.0618790974540482	0.0375489260092677	NFATC2/NFATC1	2
panel30	walktrap	117	GOBP_ACTIN_FILAMENT_BUNDLE_ORGANIZATION	GOBP_ACTIN_FILAMENT_BUNDLE_ORGANIZATION	2/2	43/2116	0.0465116279069768	49.2093023255814	9.82161973447905	0.000403544758610519	0.0244144578959364	0.0155046144097726	PARVB/ILK	2
panel30	walktrap	117	GOBP_SUBSTRATE_ADHESION_DEPENDENT_CELL_SPREADING	GOBP_SUBSTRATE_ADHESION_DEPENDENT_CELL_SPREADING	2/2	43/2116	0.0465116279069768	49.2093023255814	9.82161973447905	0.000403544758610519	0.0244144578959364	0.0155046144097726	PARVB/ILK	2
panel30	walktrap	117	GOBP_ESTABLISHMENT_OR_MAINTENANCE_OF_CELL_POLARITY	GOBP_ESTABLISHMENT_OR_MAINTENANCE_OF_CELL_POLARITY	2/2	69/2116	0.0289855072463768	30.6666666666667	7.70463498091991	0.00104841196423065	0.0395552069786877	0.0251198791600191	PARVB/ILK	2
panel30	walktrap	117	GOBP_ACTIN_FILAMENT_ORGANIZATION	GOBP_ACTIN_FILAMENT_ORGANIZATION	2/2	77/2116	0.025974025974026	27.4805194805195	7.279154585978	0.00130761014805579	0.0395552069786877	0.0251198791600191	PARVB/ILK	2
panel30	walktrap	117	GOBP_ACTIN_FILAMENT_BASED_PROCESS	GOBP_ACTIN_FILAMENT_BASED_PROCESS	2/2	151/2116	0.0132450331125828	14.0132450331126	5.1028229007406	0.00506106798589604	0.0982603715982632	0.0624011059301715	PARVB/ILK	2
panel30	walktrap	117	GOBP_SUPRAMOLECULAR_FIBER_ORGANIZATION	GOBP_SUPRAMOLECULAR_FIBER_ORGANIZATION	2/2	152/2116	0.0131578947368421	13.9210526315789	5.0847152852879	0.00512854889237466	0.0982603715982632	0.0624011059301715	PARVB/ILK	2
panel30	walktrap	117	GOBP_CELL_SUBSTRATE_ADHESION	GOBP_CELL_SUBSTRATE_ADHESION	2/2	160/2116	0.0125	13.225	4.94586349914033	0.00568448430733754	0.0982603715982632	0.0624011059301715	PARVB/ILK	2
panel30	walktrap	117	GOBP_MEMBRANE_BIOGENESIS	GOBP_MEMBRANE_BIOGENESIS	1/2	10/2116	0.1	105.8	10.2152686230199	0.00943168563729213	0.118238435515513	0.0750883496531749	ILK	1
panel30	walktrap	117	GOBP_POSITIVE_REGULATION_OF_BMP_SIGNALING_PATHWAY	GOBP_POSITIVE_REGULATION_OF_BMP_SIGNALING_PATHWAY	1/2	10/2116	0.1	105.8	10.2152686230199	0.00943168563729213	0.118238435515513	0.0750883496531749	ILK	1
panel30	walktrap	117	GOBP_CELL_MORPHOGENESIS	GOBP_CELL_MORPHOGENESIS	2/2	232/2116	0.00862068965517241	9.12068965517241	4.03101253806222	0.0119749560927215	0.118238435515513	0.0750883496531749	PARVB/ILK	2
panel30	walktrap	122	GOBP_GLYCOLYTIC_PROCESS_THROUGH_GLUCOSE_6_PHOSPHATE	GOBP_GLYCOLYTIC_PROCESS_THROUGH_GLUCOSE_6_PHOSPHATE	2/2	12/2116	0.166666666666667	176.333333333333	18.7305244170713	2.94949657456193e-05	0.0021987156283098	0.00121366844694893	GAPDH/ALDOA	2
panel30	walktrap	122	GOBP_GLYCOLYTIC_PROCESS_THROUGH_FRUCTOSE_6_PHOSPHATE	GOBP_GLYCOLYTIC_PROCESS_THROUGH_FRUCTOSE_6_PHOSPHATE	2/2	14/2116	0.142857142857143	151.142857142857	17.3328520592595	4.06673012553236e-05	0.0021987156283098	0.00121366844694893	GAPDH/ALDOA	2
panel30	walktrap	122	GOBP_GLUCOSE_CATABOLIC_PROCESS	GOBP_GLUCOSE_CATABOLIC_PROCESS	2/2	16/2116	0.125	132.25	16.2056833297899	5.36272104465806e-05	0.0021987156283098	0.00121366844694893	GAPDH/ALDOA	2
panel30	walktrap	122	GOBP_MONOSACCHARIDE_CATABOLIC_PROCESS	GOBP_MONOSACCHARIDE_CATABOLIC_PROCESS	2/2	16/2116	0.125	132.25	16.2056833297899	5.36272104465806e-05	0.0021987156283098	0.00121366844694893	GAPDH/ALDOA	2
panel30	walktrap	122	GOBP_SMALL_MOLECULE_CATABOLIC_PROCESS	GOBP_SMALL_MOLECULE_CATABOLIC_PROCESS	2/2	29/2116	0.0689655172413793	72.9655172413793	11.9999632988053	0.000181438728677598	0.00468393056576301	0.00258548157031848	GAPDH/ALDOA	2
panel30	walktrap	122	GOBP_NUCLEOSIDE_DIPHOSPHATE_CATABOLIC_PROCESS	GOBP_NUCLEOSIDE_DIPHOSPHATE_CATABOLIC_PROCESS	2/2	36/2116	0.0555555555555556	58.7777777777778	10.7522191940535	0.000281542854844548	0.00468393056576301	0.00258548157031848	GAPDH/ALDOA	2
panel30	walktrap	122	GOBP_PYRIDINE_CONTAINING_COMPOUND_CATABOLIC_PROCESS	GOBP_PYRIDINE_CONTAINING_COMPOUND_CATABOLIC_PROCESS	2/2	36/2116	0.0555555555555556	58.7777777777778	10.7522191940535	0.000281542854844548	0.00468393056576301	0.00258548157031848	GAPDH/ALDOA	2
panel30	walktrap	122	GOBP_RIBONUCLEOTIDE_CATABOLIC_PROCESS	GOBP_RIBONUCLEOTIDE_CATABOLIC_PROCESS	2/2	36/2116	0.0555555555555556	58.7777777777778	10.7522191940535	0.000281542854844548	0.00468393056576301	0.00258548157031848	GAPDH/ALDOA	2
panel30	walktrap	122	GOBP_NUCLEOSIDE_PHOSPHATE_CATABOLIC_PROCESS	GOBP_NUCLEOSIDE_PHOSPHATE_CATABOLIC_PROCESS	2/2	37/2116	0.0540540540540541	57.1891891891892	10.6033738733369	0.000297631017978523	0.00468393056576301	0.00258548157031848	GAPDH/ALDOA	2
panel30	walktrap	122	GOBP_PURINE_CONTAINING_COMPOUND_CATABOLIC_PROCESS	GOBP_PURINE_CONTAINING_COMPOUND_CATABOLIC_PROCESS	2/2	37/2116	0.0540540540540541	57.1891891891892	10.6033738733369	0.000297631017978523	0.00468393056576301	0.00258548157031848	GAPDH/ALDOA	2
panel30	walktrap	180	GOBP_ICOSANOID_SECRETION	GOBP_ICOSANOID_SECRETION	2/2	10/2116	0.2	211.6	20.5280111832823	2.01102039174678e-05	0.000867785769044668	0.000343829961714919	TNFRSF11A/TNFSF11	2
panel30	walktrap	180	GOBP_ICOSANOID_TRANSPORT	GOBP_ICOSANOID_TRANSPORT	2/2	10/2116	0.2	211.6	20.5280111832823	2.01102039174678e-05	0.000867785769044668	0.000343829961714919	TNFRSF11A/TNFSF11	2
panel30	walktrap	180	GOBP_POSITIVE_REGULATION_OF_ORGANIC_ACID_TRANSPORT	GOBP_POSITIVE_REGULATION_OF_ORGANIC_ACID_TRANSPORT	2/2	10/2116	0.2	211.6	20.5280111832823	2.01102039174678e-05	0.000867785769044668	0.000343829961714919	TNFRSF11A/TNFSF11	2
panel30	walktrap	180	GOBP_POSITIVE_REGULATION_OF_OSTEOCLAST_DIFFERENTIATION	GOBP_POSITIVE_REGULATION_OF_OSTEOCLAST_DIFFERENTIATION	2/2	11/2116	0.181818181818182	192.363636363636	19.5680432554897	2.45791381213494e-05	0.000867785769044668	0.000343829961714919	TNFRSF11A/TNFSF11	2
panel30	walktrap	180	GOBP_LIPID_EXPORT_FROM_CELL	GOBP_LIPID_EXPORT_FROM_CELL	2/2	13/2116	0.153846153846154	162.769230769231	17.9914287139273	3.48576867902775e-05	0.000867785769044668	0.000343829961714919	TNFRSF11A/TNFSF11	2
panel30	walktrap	180	GOBP_POSITIVE_REGULATION_OF_ACUTE_INFLAMMATORY_RESPONSE	GOBP_POSITIVE_REGULATION_OF_ACUTE_INFLAMMATORY_RESPONSE	2/2	13/2116	0.153846153846154	162.769230769231	17.9914287139273	3.48576867902775e-05	0.000867785769044668	0.000343829961714919	TNFRSF11A/TNFSF11	2
panel30	walktrap	180	GOBP_REGULATION_OF_FATTY_ACID_TRANSPORT	GOBP_REGULATION_OF_FATTY_ACID_TRANSPORT	2/2	13/2116	0.153846153846154	162.769230769231	17.9914287139273	3.48576867902775e-05	0.000867785769044668	0.000343829961714919	TNFRSF11A/TNFSF11	2
panel30	walktrap	180	GOBP_MAMMARY_GLAND_ALVEOLUS_DEVELOPMENT	GOBP_MAMMARY_GLAND_ALVEOLUS_DEVELOPMENT	2/2	14/2116	0.142857142857143	151.142857142857	17.3328520592595	4.06673012553236e-05	0.000867785769044668	0.000343829961714919	TNFRSF11A/TNFSF11	2
panel30	walktrap	180	GOBP_ACUTE_PHASE_RESPONSE	GOBP_ACUTE_PHASE_RESPONSE	2/2	15/2116	0.133333333333333	141.066666666667	16.7411423366521	4.6923809140758e-05	0.000867785769044668	0.000343829961714919	TNFRSF11A/TNFSF11	2
panel30	walktrap	180	GOBP_POSITIVE_REGULATION_OF_LIPID_TRANSPORT	GOBP_POSITIVE_REGULATION_OF_LIPID_TRANSPORT	2/2	16/2116	0.125	132.25	16.2056833297899	5.36272104465806e-05	0.000867785769044668	0.000343829961714919	TNFRSF11A/TNFSF11	2
panel30	walktrap	179	GOBP_REGULATION_OF_LONG_TERM_SYNAPTIC_POTENTIATION	GOBP_REGULATION_OF_LONG_TERM_SYNAPTIC_POTENTIATION	1/2	11/2116	0.0909090909090909	96.1818181818182	9.73289372375186	0.0103723962872094	0.108537144663869	0.0728727343973629	PRNP	1
panel30	walktrap	179	GOBP_GLUTAMATE_RECEPTOR_SIGNALING_PATHWAY	GOBP_GLUTAMATE_RECEPTOR_SIGNALING_PATHWAY	1/2	12/2116	0.0833333333333333	88.1666666666667	9.3118481655212	0.0113126600437063	0.108537144663869	0.0728727343973629	PRNP	1
panel30	walktrap	179	GOBP_LONG_TERM_MEMORY	GOBP_LONG_TERM_MEMORY	1/2	12/2116	0.0833333333333333	88.1666666666667	9.3118481655212	0.0113126600437063	0.108537144663869	0.0728727343973629	PRNP	1
panel30	walktrap	179	GOBP_NEGATIVE_REGULATION_OF_T_CELL_RECEPTOR_SIGNALING_PATHWAY	GOBP_NEGATIVE_REGULATION_OF_T_CELL_RECEPTOR_SIGNALING_PATHWAY	1/2	12/2116	0.0833333333333333	88.1666666666667	9.3118481655212	0.0113126600437063	0.108537144663869	0.0728727343973629	PRNP	1
panel30	walktrap	179	GOBP_RESPONSE_TO_COPPER_ION	GOBP_RESPONSE_TO_COPPER_ION	1/2	12/2116	0.0833333333333333	88.1666666666667	9.3118481655212	0.0113126600437063	0.108537144663869	0.0728727343973629	PRNP	1
panel30	walktrap	179	GOBP_CELLULAR_COMPONENT_MAINTENANCE	GOBP_CELLULAR_COMPONENT_MAINTENANCE	1/2	13/2116	0.0769230769230769	81.3846153846154	8.94010604187068	0.0122524769067824	0.108537144663869	0.0728727343973629	PRNP	1
panel30	walktrap	179	GOBP_NEGATIVE_REGULATION_OF_ANTIGEN_RECEPTOR_MEDIATED_SIGNALING_PATHWAY	GOBP_NEGATIVE_REGULATION_OF_ANTIGEN_RECEPTOR_MEDIATED_SIGNALING_PATHWAY	1/2	13/2116	0.0769230769230769	81.3846153846154	8.94010604187068	0.0122524769067824	0.108537144663869	0.0728727343973629	PRNP	1
panel30	walktrap	179	GOBP_AMYLOID_BETA_FORMATION	GOBP_AMYLOID_BETA_FORMATION	1/2	14/2116	0.0714285714285714	75.5714285714286	8.60870482867123	0.0131918468764384	0.108537144663869	0.0728727343973629	PRNP	1
panel30	walktrap	179	GOBP_PROTEIN_TARGETING_TO_MEMBRANE	GOBP_PROTEIN_TARGETING_TO_MEMBRANE	1/2	14/2116	0.0714285714285714	75.5714285714286	8.60870482867123	0.0131918468764384	0.108537144663869	0.0728727343973629	PRNP	1
panel30	walktrap	179	GOBP_REGULATION_OF_CALCINEURIN_MEDIATED_SIGNALING	GOBP_REGULATION_OF_CALCINEURIN_MEDIATED_SIGNALING	1/2	14/2116	0.0714285714285714	75.5714285714286	8.60870482867123	0.0131918468764384	0.108537144663869	0.0728727343973629	PRNP	1
panel30	walktrap	113	GOBP_ACTIVATION_OF_NF_KAPPAB_INDUCING_KINASE_ACTIVITY	GOBP_ACTIVATION_OF_NF_KAPPAB_INDUCING_KINASE_ACTIVITY	2/2	11/2116	0.181818181818182	192.363636363636	19.5680432554897	2.45791381213494e-05	0.00275286346959113	0.00124189329455239	LTA/LTB	2
panel30	walktrap	113	GOBP_REGULATION_OF_NECROPTOTIC_PROCESS	GOBP_REGULATION_OF_NECROPTOTIC_PROCESS	2/2	18/2116	0.111111111111111	117.555555555556	15.271587385329	6.83746933193902e-05	0.00300312378500851	0.00135479268496625	LTA/LTB	2
panel30	walktrap	113	GOBP_REGULATION_OF_PROGRAMMED_NECROTIC_CELL_DEATH	GOBP_REGULATION_OF_PROGRAMMED_NECROTIC_CELL_DEATH	2/2	20/2116	0.1	105.8	14.4809926639573	8.49097498737527e-05	0.00300312378500851	0.00135479268496625	LTA/LTB	2
panel30	walktrap	113	GOBP_ACTIVATION_OF_PROTEIN_KINASE_ACTIVITY	GOBP_ACTIVATION_OF_PROTEIN_KINASE_ACTIVITY	2/2	23/2116	0.0869565217391304	92	13.4939279942955	0.000113064035358207	0.00300312378500851	0.00135479268496625	LTA/LTB	2
panel30	walktrap	113	GOBP_NECROPTOTIC_PROCESS	GOBP_NECROPTOTIC_PROCESS	2/2	25/2116	0.08	84.64	12.936735662914	0.000134068026116452	0.00300312378500851	0.00135479268496625	LTA/LTB	2
panel30	walktrap	113	GOBP_PROGRAMMED_NECROTIC_CELL_DEATH	GOBP_PROGRAMMED_NECROTIC_CELL_DEATH	2/2	33/2116	0.0606060606060606	64.1212121212121	11.2384225568824	0.000235959725964955	0.00440458155134582	0.00198702927128383	LTA/LTB	2
panel30	walktrap	113	GOBP_POSITIVE_REGULATION_OF_EXTRINSIC_APOPTOTIC_SIGNALING_PATHWAY	GOBP_POSITIVE_REGULATION_OF_EXTRINSIC_APOPTOTIC_SIGNALING_PATHWAY	2/2	38/2116	0.0526315789473684	55.6842105263158	10.4604089954047	0.000314166074532885	0.00502665719252615	0.00226766489888398	LTA/LTB	2
panel30	walktrap	113	GOBP_HEMATOPOIETIC_OR_LYMPHOID_ORGAN_DEVELOPMENT	GOBP_HEMATOPOIETIC_OR_LYMPHOID_ORGAN_DEVELOPMENT	2/2	46/2116	0.0434782608695652	46	9.48907652623368	0.000462534690101757	0.0064754856614246	0.00292127172695847	LTA/LTB	2
panel30	walktrap	113	GOBP_TYPE_I_INTERFERON_PRODUCTION	GOBP_TYPE_I_INTERFERON_PRODUCTION	2/2	59/2116	0.0338983050847458	35.864406779661	8.35235283383737	0.000764634642284162	0.0091731781069351	0.00413827583771508	LTA/LTB	2
panel30	walktrap	113	GOBP_POSITIVE_REGULATION_OF_KINASE_ACTIVITY	GOBP_POSITIVE_REGULATION_OF_KINASE_ACTIVITY	2/2	63/2116	0.0317460317460317	33.5873015873016	8.07498812176489	0.000872782850018099	0.0091731781069351	0.00413827583771508	LTA/LTB	2
panel30	walktrap	82	GOBP_REGULATION_OF_NOTCH_SIGNALING_PATHWAY	GOBP_REGULATION_OF_NOTCH_SIGNALING_PATHWAY	2/2	20/2116	0.1	105.8	14.4809926639573	8.49097498737527e-05	0.0255600691791015	0.0127964402822203	ARRB1/NOTCH1	2
panel30	walktrap	82	GOBP_REGULATION_OF_MUSCLE_HYPERTROPHY	GOBP_REGULATION_OF_MUSCLE_HYPERTROPHY	2/2	23/2116	0.0869565217391304	92	13.4939279942955	0.000113064035358207	0.0255600691791015	0.0127964402822203	ARRB1/NOTCH1	2
panel30	walktrap	82	GOBP_MUSCLE_HYPERTROPHY	GOBP_MUSCLE_HYPERTROPHY	2/2	31/2116	0.0645161290322581	68.258064516129	11.6008516982382	0.0002078054404805	0.0255600691791015	0.0127964402822203	ARRB1/NOTCH1	2
panel30	walktrap	82	GOBP_REGULATION_OF_MUSCLE_ADAPTATION	GOBP_REGULATION_OF_MUSCLE_ADAPTATION	2/2	31/2116	0.0645161290322581	68.258064516129	11.6008516982382	0.0002078054404805	0.0255600691791015	0.0127964402822203	ARRB1/NOTCH1	2
panel30	walktrap	82	GOBP_NOTCH_SIGNALING_PATHWAY	GOBP_NOTCH_SIGNALING_PATHWAY	2/2	39/2116	0.0512820512820513	54.2564102564103	10.322945558653	0.000331148024507635	0.0285833031680275	0.014309997734956	ARRB1/NOTCH1	2
panel30	walktrap	82	GOBP_MUSCLE_ADAPTATION	GOBP_MUSCLE_ADAPTATION	2/2	40/2116	0.05	52.9	10.1906379206552	0.000348576867902774	0.0285833031680275	0.014309997734956	ARRB1/NOTCH1	2
panel30	walktrap	82	GOBP_POSITIVE_REGULATION_OF_SMALL_GTPASE_MEDIATED_SIGNAL_TRANSDUCTION	GOBP_POSITIVE_REGULATION_OF_SMALL_GTPASE_MEDIATED_SIGNAL_TRANSDUCTION	2/2	44/2116	0.0454545454545455	48.0909090909091	9.7070268185904	0.000422761175687211	0.029714071205444	0.0148761075354597	ARRB1/NOTCH1	2
panel30	walktrap	82	GOBP_REGULATION_OF_SMALL_GTPASE_MEDIATED_SIGNAL_TRANSDUCTION	GOBP_REGULATION_OF_SMALL_GTPASE_MEDIATED_SIGNAL_TRANSDUCTION	2/2	69/2116	0.0289855072463768	30.6666666666667	7.70463498091991	0.00104841196423065	0.0600249366528577	0.0300509952434076	ARRB1/NOTCH1	2
panel30	walktrap	82	GOBP_REGULATION_OF_MUSCLE_SYSTEM_PROCESS	GOBP_REGULATION_OF_MUSCLE_SYSTEM_PROCESS	2/2	74/2116	0.027027027027027	28.5945945945946	7.43069954391809	0.00120705912846845	0.0600249366528577	0.0300509952434076	ARRB1/NOTCH1	2
panel30	walktrap	82	GOBP_NEGATIVE_REGULATION_OF_MOLECULAR_FUNCTION	GOBP_NEGATIVE_REGULATION_OF_MOLECULAR_FUNCTION	2/2	76/2116	0.0263157894736842	27.8421052631579	7.32868372483589	0.00127364624810629	0.0600249366528577	0.0300509952434076	ARRB1/NOTCH1	2
panel30	walktrap	119	GOBP_POSITIVE_REGULATION_OF_DNA_TEMPLATED_TRANSCRIPTION_ELONGATION	GOBP_POSITIVE_REGULATION_OF_DNA_TEMPLATED_TRANSCRIPTION_ELONGATION	1/2	12/2116	0.0833333333333333	88.1666666666667	9.3118481655212	0.0113126600437063	0.0387950971322845	0.00272246295665154	MED24	1
panel30	walktrap	119	GOBP_RNA_POLYMERASE_II_PREINITIATION_COMPLEX_ASSEMBLY	GOBP_RNA_POLYMERASE_II_PREINITIATION_COMPLEX_ASSEMBLY	1/2	15/2116	0.0666666666666667	70.5333333333333	8.31080983204576	0.0141307699526738	0.0387950971322845	0.00272246295665154	MED24	1
panel30	walktrap	119	GOBP_TRANSCRIPTION_PREINITIATION_COMPLEX_ASSEMBLY	GOBP_TRANSCRIPTION_PREINITIATION_COMPLEX_ASSEMBLY	1/2	15/2116	0.0666666666666667	70.5333333333333	8.31080983204576	0.0141307699526738	0.0387950971322845	0.00272246295665154	MED24	1
panel30	walktrap	119	GOBP_REGULATION_OF_DNA_TEMPLATED_TRANSCRIPTION_ELONGATION	GOBP_REGULATION_OF_DNA_TEMPLATED_TRANSCRIPTION_ELONGATION	1/2	17/2116	0.0588235294117647	62.2352941176471	7.79538809910682	0.0160072754248839	0.0387950971322845	0.00272246295665154	MED24	1
panel30	walktrap	119	GOBP_TRANSCRIPTION_ELONGATION_BY_RNA_POLYMERASE_II	GOBP_TRANSCRIPTION_ELONGATION_BY_RNA_POLYMERASE_II	1/2	18/2116	0.0555555555555556	58.7777777777778	7.57028164001055	0.0169448578208581	0.0387950971322845	0.00272246295665154	MED24	1
panel30	walktrap	119	GOBP_DNA_TEMPLATED_TRANSCRIPTION_ELONGATION	GOBP_DNA_TEMPLATED_TRANSCRIPTION_ELONGATION	1/2	19/2116	0.0526315789473684	55.6842105263158	7.36304108921494	0.0178819933234123	0.0387950971322845	0.00272246295665154	MED24	1
panel30	walktrap	119	GOBP_POSITIVE_REGULATION_OF_TRANSCRIPTION_BY_RNA_POLYMERASE_II	GOBP_POSITIVE_REGULATION_OF_TRANSCRIPTION_BY_RNA_POLYMERASE_II	2/2	286/2116	0.00699300699300699	7.3986013986014	3.57816382329019	0.0182131413479199	0.0387950971322845	0.00272246295665154	MED12L/MED24	2
panel30	walktrap	119	GOBP_POSITIVE_REGULATION_OF_DNA_TEMPLATED_TRANSCRIPTION_INITIATION	GOBP_POSITIVE_REGULATION_OF_DNA_TEMPLATED_TRANSCRIPTION_INITIATION	1/2	22/2116	0.0454545454545455	48.0909090909091	6.82775247786468	0.0206907184705517	0.0387950971322845	0.00272246295665154	MED24	1
panel30	walktrap	119	GOBP_PROTEIN_DNA_COMPLEX_ORGANIZATION	GOBP_PROTEIN_DNA_COMPLEX_ORGANIZATION	1/2	29/2116	0.0344827586206897	36.4827586206897	5.91660864133717	0.0272287692108308	0.0408431538162463	0.00286618623271904	MED24	1
panel30	walktrap	119	GOBP_REGULATION_OF_DNA_TEMPLATED_TRANSCRIPTION_INITIATION	GOBP_REGULATION_OF_DNA_TEMPLATED_TRANSCRIPTION_INITIATION	1/2	29/2116	0.0344827586206897	36.4827586206897	5.91660864133717	0.0272287692108308	0.0408431538162463	0.00286618623271904	MED24	1
panel30	walktrap	97	GOBP_HOMOLOGOUS_RECOMBINATION	GOBP_HOMOLOGOUS_RECOMBINATION	2/2	23/2116	0.0869565217391304	92	13.4939279942955	0.000113064035358207	0.00520094562647754	0.00238029548122542	RAD51B/RAD51D	2
panel30	walktrap	97	GOBP_MEIOSIS_I_CELL_CYCLE_PROCESS	GOBP_MEIOSIS_I_CELL_CYCLE_PROCESS	2/2	40/2116	0.05	52.9	10.1906379206552	0.000348576867902774	0.0080172679617638	0.00366923018845025	RAD51B/RAD51D	2
panel30	walktrap	97	GOBP_RECOMBINATIONAL_REPAIR	GOBP_RECOMBINATIONAL_REPAIR	2/2	53/2116	0.0377358490566038	39.9245283018868	8.82529784652815	0.000615819133294901	0.00849522047486895	0.00388797275737709	RAD51B/RAD51D	2
panel30	walktrap	97	GOBP_MEIOTIC_CELL_CYCLE_PROCESS	GOBP_MEIOTIC_CELL_CYCLE_PROCESS	2/2	58/2116	0.0344827586206897	36.4827586206897	8.42609556968354	0.000738714823901648	0.00849522047486895	0.00388797275737709	RAD51B/RAD51D	2
panel30	walktrap	97	GOBP_DNA_RECOMBINATION	GOBP_DNA_RECOMBINATION	2/2	77/2116	0.025974025974026	27.4805194805195	7.279154585978	0.00130761014805579	0.0102888272175969	0.00470884540851116	RAD51B/RAD51D	2
panel30	walktrap	97	GOBP_DOUBLE_STRAND_BREAK_REPAIR	GOBP_DOUBLE_STRAND_BREAK_REPAIR	2/2	78/2116	0.0256410256410256	27.1282051282051	7.23056909700474	0.00134202094142568	0.0102888272175969	0.00470884540851116	RAD51B/RAD51D	2
panel30	walktrap	97	GOBP_MEIOTIC_CELL_CYCLE	GOBP_MEIOTIC_CELL_CYCLE	2/2	98/2116	0.0204081632653061	21.5918367346939	6.41896836465859	0.00212408442710498	0.0139582690924042	0.00638822384091723	RAD51B/RAD51D	2
panel30	walktrap	97	GOBP_ORGANELLE_FISSION	GOBP_ORGANELLE_FISSION	2/2	135/2116	0.0148148148148148	15.6740740740741	5.41867427560259	0.00404215098741101	0.0232423681776133	0.0106372394405553	RAD51B/RAD51D	2
panel30	walktrap	97	GOBP_SUPRAMOLECULAR_FIBER_ORGANIZATION	GOBP_SUPRAMOLECULAR_FIBER_ORGANIZATION	2/2	152/2116	0.0131578947368421	13.9210526315789	5.0847152852879	0.00512854889237466	0.0261486278137527	0.0119673353838685	RAD51B/RAD51D	2
panel30	walktrap	97	GOBP_DNA_REPAIR	GOBP_DNA_REPAIR	2/2	160/2116	0.0125	13.225	4.94586349914033	0.00568448430733754	0.0261486278137527	0.0119673353838685	RAD51B/RAD51D	2
panel30	walktrap	219	GOBP_NEUROTROPHIN_TRK_RECEPTOR_SIGNALING_PATHWAY	GOBP_NEUROTROPHIN_TRK_RECEPTOR_SIGNALING_PATHWAY	1/2	10/2116	0.1	105.8	10.2152686230199	0.00943168563729213	0.151042244835027	0.117610399727347	NTRK1	1
panel30	walktrap	219	GOBP_RESPONSE_TO_PAIN	GOBP_RESPONSE_TO_PAIN	1/2	10/2116	0.1	105.8	10.2152686230199	0.00943168563729213	0.151042244835027	0.117610399727347	NTRK1	1
panel30	walktrap	219	GOBP_DETECTION_OF_MECHANICAL_STIMULUS	GOBP_DETECTION_OF_MECHANICAL_STIMULUS	1/2	11/2116	0.0909090909090909	96.1818181818182	9.73289372375186	0.0103723962872094	0.151042244835027	0.117610399727347	NTRK1	1
panel30	walktrap	219	GOBP_POSITIVE_REGULATION_OF_SYNAPSE_ASSEMBLY	GOBP_POSITIVE_REGULATION_OF_SYNAPSE_ASSEMBLY	1/2	11/2116	0.0909090909090909	96.1818181818182	9.73289372375186	0.0103723962872094	0.151042244835027	0.117610399727347	NTRK1	1
panel30	walktrap	219	GOBP_REGULATION_OF_SYNAPTIC_TRANSMISSION_GLUTAMATERGIC	GOBP_REGULATION_OF_SYNAPTIC_TRANSMISSION_GLUTAMATERGIC	1/2	11/2116	0.0909090909090909	96.1818181818182	9.73289372375186	0.0103723962872094	0.151042244835027	0.117610399727347	NTRK1	1
panel30	walktrap	219	GOBP_SENSORY_PERCEPTION_OF_PAIN	GOBP_SENSORY_PERCEPTION_OF_PAIN	1/2	11/2116	0.0909090909090909	96.1818181818182	9.73289372375186	0.0103723962872094	0.151042244835027	0.117610399727347	NTRK1	1
panel30	walktrap	219	GOBP_DETECTION_OF_STIMULUS_INVOLVED_IN_SENSORY_PERCEPTION	GOBP_DETECTION_OF_STIMULUS_INVOLVED_IN_SENSORY_PERCEPTION	1/2	13/2116	0.0769230769230769	81.3846153846154	8.94010604187068	0.0122524769067824	0.151042244835027	0.117610399727347	NTRK1	1
panel30	walktrap	219	GOBP_MECHANORECEPTOR_DIFFERENTIATION	GOBP_MECHANORECEPTOR_DIFFERENTIATION	1/2	13/2116	0.0769230769230769	81.3846153846154	8.94010604187068	0.0122524769067824	0.151042244835027	0.117610399727347	NTRK1	1
panel30	walktrap	219	GOBP_SYNAPTIC_TRANSMISSION_GLUTAMATERGIC	GOBP_SYNAPTIC_TRANSMISSION_GLUTAMATERGIC	1/2	13/2116	0.0769230769230769	81.3846153846154	8.94010604187068	0.0122524769067824	0.151042244835027	0.117610399727347	NTRK1	1
panel30	walktrap	219	GOBP_POSITIVE_REGULATION_OF_GTPASE_ACTIVITY	GOBP_POSITIVE_REGULATION_OF_GTPASE_ACTIVITY	1/2	15/2116	0.0666666666666667	70.5333333333333	8.31080983204576	0.0141307699526738	0.151042244835027	0.117610399727347	NTRK1	1
panel30	walktrap	134	GOBP_MICROTUBULE_POLYMERIZATION	GOBP_MICROTUBULE_POLYMERIZATION	2/2	20/2116	0.1	105.8	14.4809926639573	8.49097498737527e-05	0.0079155997086255	0.00466298003115553	TUBA1A/CLIP1	2
panel30	walktrap	134	GOBP_MICROTUBULE_POLYMERIZATION_OR_DEPOLYMERIZATION	GOBP_MICROTUBULE_POLYMERIZATION_OR_DEPOLYMERIZATION	2/2	26/2116	0.0769230769230769	81.3846153846154	12.6824792744663	0.000145240361626156	0.0079155997086255	0.00466298003115553	TUBA1A/CLIP1	2
panel30	walktrap	134	GOBP_PROTEIN_POLYMERIZATION	GOBP_PROTEIN_POLYMERIZATION	2/2	47/2116	0.0425531914893617	45.0212765957447	9.38531835196038	0.000483091787439614	0.0175523349436393	0.010339859310111	TUBA1A/CLIP1	2
panel30	walktrap	134	GOBP_MICROTUBULE_CYTOSKELETON_ORGANIZATION	GOBP_MICROTUBULE_CYTOSKELETON_ORGANIZATION	2/2	125/2116	0.016	16.928	5.64544675498644	0.00346342400800833	0.0841871870549023	0.0495936109159733	TUBA1A/CLIP1	2
panel30	walktrap	134	GOBP_SUPRAMOLECULAR_FIBER_ORGANIZATION	GOBP_SUPRAMOLECULAR_FIBER_ORGANIZATION	2/2	152/2116	0.0131578947368421	13.9210526315789	5.0847152852879	0.00512854889237466	0.0841871870549023	0.0495936109159733	TUBA1A/CLIP1	2
panel30	walktrap	134	GOBP_MICROTUBULE_BASED_PROCESS	GOBP_MICROTUBULE_BASED_PROCESS	2/2	167/2116	0.0119760479041916	12.6706586826347	4.83242782352773	0.00619438970000045	0.0841871870549023	0.0495936109159733	TUBA1A/CLIP1	2
panel30	walktrap	134	GOBP_CYTOPLASMIC_MICROTUBULE_ORGANIZATION	GOBP_CYTOPLASMIC_MICROTUBULE_ORGANIZATION	1/2	11/2116	0.0909090909090909	96.1818181818182	9.73289372375186	0.0103723962872094	0.0841871870549023	0.0495936109159733	CLIP1	1
panel30	walktrap	134	GOBP_NEURON_PROJECTION_ARBORIZATION	GOBP_NEURON_PROJECTION_ARBORIZATION	1/2	11/2116	0.0909090909090909	96.1818181818182	9.73289372375186	0.0103723962872094	0.0841871870549023	0.0495936109159733	TUBA1A	1
panel30	walktrap	134	GOBP_BRAIN_MORPHOGENESIS	GOBP_BRAIN_MORPHOGENESIS	1/2	12/2116	0.0833333333333333	88.1666666666667	9.3118481655212	0.0113126600437063	0.0841871870549023	0.0495936109159733	TUBA1A	1
panel30	walktrap	134	GOBP_ORGANELLE_TRANSPORT_ALONG_MICROTUBULE	GOBP_ORGANELLE_TRANSPORT_ALONG_MICROTUBULE	1/2	12/2116	0.0833333333333333	88.1666666666667	9.3118481655212	0.0113126600437063	0.0841871870549023	0.0495936109159733	TUBA1A	1
panel30	walktrap	217	GOBP_EOSINOPHIL_CHEMOTAXIS	GOBP_EOSINOPHIL_CHEMOTAXIS	2/2	10/2116	0.2	211.6	20.5280111832823	2.01102039174678e-05	0.00154029265560456	0.000681316460205825	CCL4/CCL3	2
panel30	walktrap	217	GOBP_REGULATION_OF_LYMPHOCYTE_CHEMOTAXIS	GOBP_REGULATION_OF_LYMPHOCYTE_CHEMOTAXIS	2/2	10/2116	0.2	211.6	20.5280111832823	2.01102039174678e-05	0.00154029265560456	0.000681316460205825	CCL4/CCL3	2
panel30	walktrap	217	GOBP_EOSINOPHIL_MIGRATION	GOBP_EOSINOPHIL_MIGRATION	2/2	11/2116	0.181818181818182	192.363636363636	19.5680432554897	2.45791381213494e-05	0.00154029265560456	0.000681316460205825	CCL4/CCL3	2
panel30	walktrap	217	GOBP_LYMPHOCYTE_CHEMOTAXIS	GOBP_LYMPHOCYTE_CHEMOTAXIS	2/2	17/2116	0.117647058823529	124.470588235294	15.7180784054037	6.07775051727913e-05	0.00252047889098929	0.00111488148033681	CCL4/CCL3	2
panel30	walktrap	217	GOBP_HOST_MEDIATED_PERTURBATION_OF_VIRAL_PROCESS	GOBP_HOST_MEDIATED_PERTURBATION_OF_VIRAL_PROCESS	2/2	18/2116	0.111111111111111	117.555555555556	15.271587385329	6.83746933193902e-05	0.00252047889098929	0.00111488148033681	CCL4/CCL3	2
panel30	walktrap	217	GOBP_POSITIVE_REGULATION_OF_CALCIUM_MEDIATED_SIGNALING	GOBP_POSITIVE_REGULATION_OF_CALCIUM_MEDIATED_SIGNALING	2/2	20/2116	0.1	105.8	14.4809926639573	8.49097498737527e-05	0.00252047889098929	0.00111488148033681	CCL4/CCL3	2
panel30	walktrap	217	GOBP_POSITIVE_REGULATION_OF_LYMPHOCYTE_MIGRATION	GOBP_POSITIVE_REGULATION_OF_LYMPHOCYTE_MIGRATION	2/2	21/2116	0.0952380952380952	100.761904761905	14.1286302112951	9.38476182815161e-05	0.00252047889098929	0.00111488148033681	CCL4/CCL3	2
panel30	walktrap	217	GOBP_RESPONSE_TO_CHEMOKINE	GOBP_RESPONSE_TO_CHEMOKINE	2/2	24/2116	0.0833333333333333	88.1666666666667	13.2066573905874	0.000123342584027135	0.00289855072463768	0.00128211370238733	CCL4/CCL3	2
panel30	walktrap	217	GOBP_REGULATION_OF_LYMPHOCYTE_MIGRATION	GOBP_REGULATION_OF_LYMPHOCYTE_MIGRATION	2/2	27/2116	0.0740740740740741	78.3703703703704	12.4424249574012	0.000156859590556248	0.00320553212802741	0.00141790054935143	CCL4/CCL3	2
panel30	walktrap	217	GOBP_REGULATION_OF_CALCIUM_MEDIATED_SIGNALING	GOBP_REGULATION_OF_CALCIUM_MEDIATED_SIGNALING	2/2	30/2116	0.0666666666666667	70.5333333333333	11.795441930302	0.000194398637868855	0.00320553212802741	0.00141790054935143	CCL4/CCL3	2
panel30	walktrap	87	GOBP_CELLULAR_RESPONSE_TO_GROWTH_HORMONE_STIMULUS	GOBP_CELLULAR_RESPONSE_TO_GROWTH_HORMONE_STIMULUS	2/2	18/2116	0.111111111111111	117.555555555556	15.271587385329	6.83746933193902e-05	0.0031282539427172	0.00164644944353537	GHR/SOCS2	2
panel30	walktrap	87	GOBP_RESPONSE_TO_GROWTH_HORMONE	GOBP_RESPONSE_TO_GROWTH_HORMONE	2/2	20/2116	0.1	105.8	14.4809926639573	8.49097498737527e-05	0.0031282539427172	0.00164644944353537	GHR/SOCS2	2
panel30	walktrap	87	GOBP_REGULATION_OF_MULTICELLULAR_ORGANISM_GROWTH	GOBP_REGULATION_OF_MULTICELLULAR_ORGANISM_GROWTH	2/2	21/2116	0.0952380952380952	100.761904761905	14.1286302112951	9.38476182815161e-05	0.0031282539427172	0.00164644944353537	GHR/SOCS2	2
panel30	walktrap	87	GOBP_REGULATION_OF_RECEPTOR_SIGNALING_PATHWAY_VIA_JAK_STAT	GOBP_REGULATION_OF_RECEPTOR_SIGNALING_PATHWAY_VIA_JAK_STAT	2/2	36/2116	0.0555555555555556	58.7777777777778	10.7522191940535	0.000281542854844548	0.00628332149065769	0.00330701131087247	GHR/SOCS2	2
panel30	walktrap	87	GOBP_RESPONSE_TO_ESTRADIOL	GOBP_RESPONSE_TO_ESTRADIOL	2/2	38/2116	0.0526315789473684	55.6842105263158	10.4604089954047	0.000314166074532885	0.00628332149065769	0.00330701131087247	GHR/SOCS2	2
panel30	walktrap	87	GOBP_REGULATION_OF_RECEPTOR_SIGNALING_PATHWAY_VIA_STAT	GOBP_REGULATION_OF_RECEPTOR_SIGNALING_PATHWAY_VIA_STAT	2/2	43/2116	0.0465116279069768	49.2093023255814	9.82161973447905	0.000403544758610519	0.00672574597684198	0.00353986630360104	GHR/SOCS2	2
panel30	walktrap	87	GOBP_MULTICELLULAR_ORGANISM_GROWTH	GOBP_MULTICELLULAR_ORGANISM_GROWTH	2/2	47/2116	0.0425531914893617	45.0212765957447	9.38531835196038	0.000483091787439614	0.00690131124913734	0.00363226907849334	GHR/SOCS2	2
panel30	walktrap	87	GOBP_CELL_SURFACE_RECEPTOR_SIGNALING_PATHWAY_VIA_JAK_STAT	GOBP_CELL_SURFACE_RECEPTOR_SIGNALING_PATHWAY_VIA_JAK_STAT	2/2	71/2116	0.028169014084507	29.8028169014085	7.59163245903499	0.00111053014966461	0.0138816268708076	0.00730611940568821	GHR/SOCS2	2
panel30	walktrap	87	GOBP_CELL_SURFACE_RECEPTOR_SIGNALING_PATHWAY_VIA_STAT	GOBP_CELL_SURFACE_RECEPTOR_SIGNALING_PATHWAY_VIA_STAT	2/2	80/2116	0.025	26.45	7.13611081598731	0.00141218320842662	0.0156909245380736	0.0082583813358282	GHR/SOCS2	2
panel30	walktrap	87	GOBP_REGULATION_OF_DEVELOPMENTAL_GROWTH	GOBP_REGULATION_OF_DEVELOPMENTAL_GROWTH	2/2	90/2116	0.0222222222222222	23.5111111111111	6.71144689277303	0.00178980814865463	0.0178980814865463	0.00942004288765594	GHR/SOCS2	2
panel30	walktrap	136	GOBP_EOSINOPHIL_CHEMOTAXIS	GOBP_EOSINOPHIL_CHEMOTAXIS	1/2	10/2116	0.1	105.8	10.2152686230199	0.00943168563729213	0.11018542532619	0.072490411398809	DAPK2	1
panel30	walktrap	136	GOBP_EOSINOPHIL_MIGRATION	GOBP_EOSINOPHIL_MIGRATION	1/2	11/2116	0.0909090909090909	96.1818181818182	9.73289372375186	0.0103723962872094	0.11018542532619	0.072490411398809	DAPK2	1
panel30	walktrap	136	GOBP_CELL_COMMUNICATION_BY_ELECTRICAL_COUPLING	GOBP_CELL_COMMUNICATION_BY_ELECTRICAL_COUPLING	1/2	12/2116	0.0833333333333333	88.1666666666667	9.3118481655212	0.0113126600437063	0.11018542532619	0.072490411398809	CALM2	1
panel30	walktrap	136	GOBP_CELL_COMMUNICATION_BY_ELECTRICAL_COUPLING_INVOLVED_IN_CARDIAC_CONDUCTION	GOBP_CELL_COMMUNICATION_BY_ELECTRICAL_COUPLING_INVOLVED_IN_CARDIAC_CONDUCTION	1/2	12/2116	0.0833333333333333	88.1666666666667	9.3118481655212	0.0113126600437063	0.11018542532619	0.072490411398809	CALM2	1
panel30	walktrap	136	GOBP_REGULATION_OF_CARDIAC_MUSCLE_CONTRACTION_BY_CALCIUM_ION_SIGNALING	GOBP_REGULATION_OF_CARDIAC_MUSCLE_CONTRACTION_BY_CALCIUM_ION_SIGNALING	1/2	12/2116	0.0833333333333333	88.1666666666667	9.3118481655212	0.0113126600437063	0.11018542532619	0.072490411398809	CALM2	1
panel30	walktrap	136	GOBP_RELEASE_OF_SEQUESTERED_CALCIUM_ION_INTO_CYTOSOL_BY_ENDOPLASMIC_RETICULUM	GOBP_RELEASE_OF_SEQUESTERED_CALCIUM_ION_INTO_CYTOSOL_BY_ENDOPLASMIC_RETICULUM	1/2	13/2116	0.0769230769230769	81.3846153846154	8.94010604187068	0.0122524769067824	0.11018542532619	0.072490411398809	CALM2	1
panel30	walktrap	136	GOBP_SARCOPLASMIC_RETICULUM_CALCIUM_ION_TRANSPORT	GOBP_SARCOPLASMIC_RETICULUM_CALCIUM_ION_TRANSPORT	1/2	13/2116	0.0769230769230769	81.3846153846154	8.94010604187068	0.0122524769067824	0.11018542532619	0.072490411398809	CALM2	1
panel30	walktrap	136	GOBP_NEGATIVE_REGULATION_OF_CALCIUM_ION_TRANSMEMBRANE_TRANSPORT	GOBP_NEGATIVE_REGULATION_OF_CALCIUM_ION_TRANSMEMBRANE_TRANSPORT	1/2	15/2116	0.0666666666666667	70.5333333333333	8.31080983204576	0.0141307699526738	0.11018542532619	0.072490411398809	CALM2	1
panel30	walktrap	136	GOBP_POSITIVE_REGULATION_OF_GRANULOCYTE_CHEMOTAXIS	GOBP_POSITIVE_REGULATION_OF_GRANULOCYTE_CHEMOTAXIS	1/2	15/2116	0.0666666666666667	70.5333333333333	8.31080983204576	0.0141307699526738	0.11018542532619	0.072490411398809	DAPK2	1
panel30	walktrap	136	GOBP_DETECTION_OF_CHEMICAL_STIMULUS	GOBP_DETECTION_OF_CHEMICAL_STIMULUS	1/2	16/2116	0.0625	66.125	8.04110572840052	0.0150692461354892	0.11018542532619	0.072490411398809	CALM2	1
panel30	walktrap	133	GOBP_CYTOPLASMIC_TRANSLATION	GOBP_CYTOPLASMIC_TRANSLATION	47/51	58/2116	0.810344827586207	33.6213657876944	39.579809314472	1.21055243753329e-80	4.72115450637983e-78	4.72115450637983e-78	RPS18/EIF3C/RPS23/RPS21/RPS13/RPSA/EIF3B/RPS11/RPS9/EIF3D/RPS28/EIF3G/EIF3M/RPS12/EIF2S3/RPS14/EIF4G1/RPS27/EIF3L/FAU/RPS19/EIF3F/EIF4A1/EIF2S2/EIF3J/EIF3E/RPS15A/EIF3K/RPS8/RPS15/RPS17/EIF3H/RPS25/RPS20/RPS3/RPS3A/RPS10/RPS2/RPS26/RPS7/RPS29/RPS16/EIF3I/RPS5/RPS24/EIF3A/RPS4X	47
panel30	walktrap	133	GOBP_TRANSLATION	GOBP_TRANSLATION	50/51	119/2116	0.420168067226891	17.4328554951392	28.9919702534973	1.52630427052532e-66	2.97629332752437e-64	2.97629332752437e-64	RPS18/EIF3C/RPS23/RPS21/RPS13/RPSA/EIF3B/RPS11/RPS9/EIF3D/RPS28/EIF3G/EIF3M/RPS12/EIF2S3/RPS14/EIF4G1/RPS27/EIF3L/FAU/RPS19/EIF3F/EIF4A1/EIF2S2/RPS27L/EIF3J/EIF3E/RPS15A/EIF3K/RPS8/RPS15/RPS17/EIF3H/RPS25/RPS20/RPS3/RPS3A/EIF1AX/RPS10/RPS2/RPS26/EIF4A3/RPS7/RPS29/RPS16/EIF3I/RPS5/RPS24/EIF3A/RPS4X	50
panel30	walktrap	133	GOBP_RIBONUCLEOPROTEIN_COMPLEX_BIOGENESIS	GOBP_RIBONUCLEOPROTEIN_COMPLEX_BIOGENESIS	41/51	63/2116	0.650793650793651	27.0015561780268	32.919663477468	1.35171738285383e-60	1.75723259770998e-58	1.75723259770998e-58	EIF3C/RPS23/RPS21/RPS13/RPSA/EIF3B/RPS11/RPS9/EIF3D/RPS28/EIF3G/EIF3M/RPS12/EIF2S3/RPS14/RPS27/EIF3L/FAU/RPS19/EIF3F/EIF2S2/RPS27L/EIF3J/EIF3E/RPS15A/EIF3K/RPS8/RPS15/RPS17/EIF3H/RPS25/RPS3A/EIF1AX/EIF4A3/RPS7/RPS16/EIF3I/RPS5/RPS24/EIF3A/RPS4X	41
panel30	walktrap	133	GOBP_RIBOSOMAL_SMALL_SUBUNIT_BIOGENESIS	GOBP_RIBOSOMAL_SMALL_SUBUNIT_BIOGENESIS	24/51	28/2116	0.857142857142857	35.563025210084	28.9271576549467	4.87186975141832e-38	4.75007300763287e-36	4.75007300763287e-36	RPS23/RPS21/RPS13/RPSA/RPS11/RPS9/RPS28/RPS12/RPS14/RPS27/FAU/RPS19/RPS27L/RPS15A/RPS8/RPS15/RPS17/RPS25/RPS3A/RPS7/RPS16/RPS5/RPS24/RPS4X	24
panel30	walktrap	133	GOBP_RIBOSOME_BIOGENESIS	GOBP_RIBOSOME_BIOGENESIS	26/51	36/2116	0.722222222222222	29.9651416122004	27.5407323699755	9.0845150119955e-38	7.08592170935649e-36	7.08592170935649e-36	RPS23/RPS21/RPS13/RPSA/RPS11/RPS9/RPS28/RPS12/RPS14/RPS27/FAU/RPS19/RPS27L/RPS15A/RPS8/RPS15/RPS17/RPS25/RPS3A/EIF1AX/EIF4A3/RPS7/RPS16/RPS5/RPS24/RPS4X	26
panel30	walktrap	133	GOBP_PROTEIN_RNA_COMPLEX_ORGANIZATION	GOBP_PROTEIN_RNA_COMPLEX_ORGANIZATION	23/51	39/2116	0.58974358974359	24.4685771744595	23.242404846562	5.7315003318398e-30	3.72547521569587e-28	3.72547521569587e-28	EIF3C/RPSA/EIF3B/EIF3D/RPS28/EIF3G/EIF3M/EIF2S3/RPS14/RPS27/EIF3L/FAU/RPS19/EIF3F/EIF2S2/RPS27L/EIF3J/EIF3E/EIF3K/RPS15/EIF3H/EIF3I/EIF3A	23
panel30	walktrap	133	GOBP_CYTOPLASMIC_TRANSLATIONAL_INITIATION	GOBP_CYTOPLASMIC_TRANSLATIONAL_INITIATION	18/51	23/2116	0.782608695652174	32.4705882352941	23.8431927900291	8.28915397209124e-27	4.61824292730798e-25	4.61824292730798e-25	EIF3C/EIF3B/EIF3D/EIF3G/EIF3M/EIF2S3/EIF4G1/EIF3L/EIF3F/EIF4A1/EIF2S2/EIF3J/EIF3E/EIF3K/EIF3H/RPS3/EIF3I/EIF3A	18
panel30	walktrap	133	GOBP_TRANSLATIONAL_INITIATION	GOBP_TRANSLATIONAL_INITIATION	22/51	51/2116	0.431372549019608	17.8977316416763	19.1925956918142	1.42787290243958e-24	6.96088039939295e-23	6.96088039939295e-23	EIF3C/EIF3B/EIF3D/EIF3G/EIF3M/EIF2S3/EIF4G1/EIF3L/EIF3F/EIF4A1/EIF2S2/EIF3J/EIF3E/EIF3K/RPS17/EIF3H/RPS3/RPS3A/EIF1AX/EIF3I/RPS5/EIF3A	22
panel30	walktrap	133	GOBP_FORMATION_OF_CYTOPLASMIC_TRANSLATION_INITIATION_COMPLEX	GOBP_FORMATION_OF_CYTOPLASMIC_TRANSLATION_INITIATION_COMPLEX	13/51	13/2116	1	41.4901960784314	23.0081746639709	1.80493487642484e-22	7.82138446450764e-21	7.82138446450764e-21	EIF3C/EIF3B/EIF3D/EIF3G/EIF3M/EIF3L/EIF3F/EIF3J/EIF3E/EIF3K/EIF3H/EIF3I/EIF3A	13
panel30	walktrap	133	GOBP_RRNA_PROCESSING	GOBP_RRNA_PROCESSING	13/51	19/2116	0.68421052631579	28.3880288957688	18.8416359613988	4.42396120945924e-18	1.7253448716891e-16	1.7253448716891e-16	RPS21/RPS28/RPS14/RPS27/RPS19/RPS8/RPS15/RPS17/RPS25/EIF4A3/RPS7/RPS16/RPS24	13
panel30	walktrap	94	GOBP_MRNA_TRANSPORT	GOBP_MRNA_TRANSPORT	21/22	37/2116	0.567567567567568	54.5896805896806	33.7002384272702	2.31619070938938e-39	6.92541022107426e-37	6.92541022107426e-37	NUP58/NUP160/RANBP2/NUP54/NUP205/NDC1/NUP155/NUP85/NUP133/NUP62/NUP43/NUP88/NUP98/NUP107/NUP210/POM121C/NUP214/NUP50/NUP153/POM121/NUP188	21
panel30	walktrap	94	GOBP_ESTABLISHMENT_OF_RNA_LOCALIZATION	GOBP_ESTABLISHMENT_OF_RNA_LOCALIZATION	21/22	42/2116	0.5	48.0909090909091	31.5889747978773	9.66036509077517e-38	1.44422458107089e-35	1.44422458107089e-35	NUP58/NUP160/RANBP2/NUP54/NUP205/NDC1/NUP155/NUP85/NUP133/NUP62/NUP43/NUP88/NUP98/NUP107/NUP210/POM121C/NUP214/NUP50/NUP153/POM121/NUP188	21
panel30	walktrap	94	GOBP_RNA_LOCALIZATION	GOBP_RNA_LOCALIZATION	21/22	44/2116	0.477272727272727	45.904958677686	30.8463620286185	3.60881311555644e-37	3.59678373850459e-35	3.59678373850459e-35	NUP58/NUP160/RANBP2/NUP54/NUP205/NDC1/NUP155/NUP85/NUP133/NUP62/NUP43/NUP88/NUP98/NUP107/NUP210/POM121C/NUP214/NUP50/NUP153/POM121/NUP188	21
panel30	walktrap	94	GOBP_NUCLEOBASE_CONTAINING_COMPOUND_TRANSPORT	GOBP_NUCLEOBASE_CONTAINING_COMPOUND_TRANSPORT	21/22	45/2116	0.466666666666667	44.8848484848485	30.4936210055416	6.76340890731233e-37	5.05564815821597e-35	5.05564815821597e-35	NUP58/NUP160/RANBP2/NUP54/NUP205/NDC1/NUP155/NUP85/NUP133/NUP62/NUP43/NUP88/NUP98/NUP107/NUP210/POM121C/NUP214/NUP50/NUP153/POM121/NUP188	21
panel30	walktrap	94	GOBP_NUCLEAR_TRANSPORT	GOBP_NUCLEAR_TRANSPORT	22/22	116/2116	0.189655172413793	18.2413793103448	19.5733062298406	2.40131938563917e-29	1.43598899261222e-27	1.43598899261222e-27	NUP58/NUP160/RANBP2/NUP54/NUP205/NDC1/NUP155/NUP85/NUP133/NUP62/NUP43/SUMO1/NUP88/NUP98/NUP107/NUP210/POM121C/NUP214/NUP50/NUP153/POM121/NUP188	22
panel30	walktrap	94	GOBP_RNA_EXPORT_FROM_NUCLEUS	GOBP_RNA_EXPORT_FROM_NUCLEUS	13/22	20/2116	0.65	62.5181818181818	28.3270296803783	1.4211301091767e-23	7.08196504406391e-22	7.08196504406391e-22	NUP160/NUP155/NUP85/NUP133/NUP62/NUP88/NUP98/NUP107/POM121C/NUP214/NUP153/POM121/NUP188	13
panel30	walktrap	94	GOBP_INTRACELLULAR_TRANSPORT	GOBP_INTRACELLULAR_TRANSPORT	22/22	229/2116	0.0960698689956332	9.24017467248908	13.5315141651686	2.23938664725124e-22	9.56538010754456e-21	9.56538010754456e-21	NUP58/NUP160/RANBP2/NUP54/NUP205/NDC1/NUP155/NUP85/NUP133/NUP62/NUP43/SUMO1/NUP88/NUP98/NUP107/NUP210/POM121C/NUP214/NUP50/NUP153/POM121/NUP188	22
panel30	walktrap	94	GOBP_IMPORT_INTO_NUCLEUS	GOBP_IMPORT_INTO_NUCLEUS	17/22	77/2116	0.220779220779221	21.2349468713105	18.536042038846	1.25027232145456e-21	4.67289280143643e-20	4.67289280143643e-20	NUP58/RANBP2/NUP54/NUP155/NUP85/NUP133/NUP62/SUMO1/NUP88/NUP98/NUP107/POM121C/NUP214/NUP50/NUP153/POM121/NUP188	17
panel30	walktrap	94	GOBP_PROTEIN_TRANSPORT	GOBP_PROTEIN_TRANSPORT	22/22	254/2116	0.0866141732283465	8.33070866141732	12.7629529315823	2.43198138986727e-21	8.07958261744792e-20	8.07958261744792e-20	NUP58/NUP160/RANBP2/NUP54/NUP205/NDC1/NUP155/NUP85/NUP133/NUP62/NUP43/SUMO1/NUP88/NUP98/NUP107/NUP210/POM121C/NUP214/NUP50/NUP153/POM121/NUP188	22
panel30	walktrap	94	GOBP_NITROGEN_COMPOUND_TRANSPORT	GOBP_NITROGEN_COMPOUND_TRANSPORT	22/22	295/2116	0.0745762711864407	7.1728813559322	11.7117596860345	7.47586130491195e-20	2.23528253016867e-18	2.23528253016867e-18	NUP58/NUP160/RANBP2/NUP54/NUP205/NDC1/NUP155/NUP85/NUP133/NUP62/NUP43/SUMO1/NUP88/NUP98/NUP107/NUP210/POM121C/NUP214/NUP50/NUP153/POM121/NUP188	22
panel30	walktrap	22	GOBP_INTERSTRAND_CROSS_LINK_REPAIR	GOBP_INTERSTRAND_CROSS_LINK_REPAIR	8/8	16/2116	0.5	132.25	32.4574601173221	1.3083603461606e-18	9.94353863082054e-17	6.05977423484908e-17	FAAP20/FANCA/FAAP100/FANCL/FANCM/CENPS/FANCE/CENPX	8
panel30	walktrap	22	GOBP_DNA_REPAIR	GOBP_DNA_REPAIR	8/8	160/2116	0.05	13.225	9.90579440571775	9.06505821026543e-10	3.44472211990087e-08	2.09927663816673e-08	FAAP20/FANCA/FAAP100/FANCL/FANCM/CENPS/FANCE/CENPX	8
panel30	walktrap	22	GOBP_DNA_METABOLIC_PROCESS	GOBP_DNA_METABOLIC_PROCESS	8/8	252/2116	0.0317460317460317	8.3968253968254	7.70526464698142	3.6651499408771e-08	9.28504651688866e-07	5.658477101705e-07	FAAP20/FANCA/FAAP100/FANCL/FANCM/CENPS/FANCE/CENPX	8
panel30	walktrap	22	GOBP_DNA_DAMAGE_RESPONSE	GOBP_DNA_DAMAGE_RESPONSE	8/8	277/2116	0.0288808664259928	7.63898916967509	7.29988227241578	7.89159913589891e-08	1.49940383582079e-06	9.13764110472506e-07	FAAP20/FANCA/FAAP100/FANCL/FANCM/CENPS/FANCE/CENPX	8
panel30	walktrap	22	GOBP_MEIOTIC_CELL_CYCLE_PROCESS	GOBP_MEIOTIC_CELL_CYCLE_PROCESS	4/8	58/2116	0.0689655172413793	18.2413793103448	8.20027079299904	3.28280913966466e-05	0.000498986989229028	0.00030409179398999	FANCA/FANCM/CENPS/CENPX	4
panel30	walktrap	22	GOBP_HOMOLOGOUS_RECOMBINATION	GOBP_HOMOLOGOUS_RECOMBINATION	3/8	23/2116	0.130434782608696	34.5	9.94921891736757	6.06959709885353e-05	0.000768815632521447	0.000468530302367641	FANCM/CENPS/CENPX	3
panel30	walktrap	22	GOBP_DNA_TEMPLATED_DNA_REPLICATION_MAINTENANCE_OF_FIDELITY	GOBP_DNA_TEMPLATED_DNA_REPLICATION_MAINTENANCE_OF_FIDELITY	3/8	26/2116	0.115384615384615	30.5192307692308	9.32789058425137	8.86314125066759e-05	0.000962283907215339	0.000586433406059209	FANCM/CENPS/CENPX	3
panel30	walktrap	22	GOBP_REPRODUCTIVE_PROCESS	GOBP_REPRODUCTIVE_PROCESS	6/8	297/2116	0.0202020202020202	5.34343434343434	4.97233078223414	0.000159396984997849	0.00151427135747956	0.000922824649987546	FANCA/FANCL/FANCM/CENPS/FANCE/CENPX	6
panel30	walktrap	22	GOBP_SEXUAL_REPRODUCTION	GOBP_SEXUAL_REPRODUCTION	5/8	186/2116	0.0268817204301075	7.11021505376344	5.37401890062078	0.00022401877853216	0.00189171412982713	0.00115284517607194	FANCA/FANCL/FANCM/CENPS/CENPX	5
panel30	walktrap	22	GOBP_MEIOTIC_CELL_CYCLE	GOBP_MEIOTIC_CELL_CYCLE	4/8	98/2116	0.0408163265306122	10.7959183673469	6.11592977864692	0.000262657245429049	0.00194466935214224	0.00118511705670719	FANCA/FANCM/CENPS/CENPX	4
panel30	walktrap	114	GOBP_NEGATIVE_REGULATION_OF_VIRAL_GENOME_REPLICATION	GOBP_NEGATIVE_REGULATION_OF_VIRAL_GENOME_REPLICATION	1/1	22/2116	0.0454545454545455	96.1818181818182	9.7561169622867	0.0103969754253307	0.0858013022474267	0.0546656496313245	OASL	1
panel30	walktrap	114	GOBP_ANTIVIRAL_INNATE_IMMUNE_RESPONSE	GOBP_ANTIVIRAL_INNATE_IMMUNE_RESPONSE	1/1	28/2116	0.0357142857142857	75.5714285714286	8.63547500554709	0.0132325141776937	0.0858013022474267	0.0546656496313245	OASL	1
panel30	walktrap	114	GOBP_NEGATIVE_REGULATION_OF_VIRAL_PROCESS	GOBP_NEGATIVE_REGULATION_OF_VIRAL_PROCESS	1/1	29/2116	0.0344827586206897	72.9655172413793	8.48324921485744	0.0137051039697543	0.0858013022474267	0.0546656496313245	OASL	1
panel30	walktrap	114	GOBP_REGULATION_OF_VIRAL_GENOME_REPLICATION	GOBP_REGULATION_OF_VIRAL_GENOME_REPLICATION	1/1	31/2116	0.032258064516129	68.258064516129	8.2011014209147	0.0146502835538751	0.0858013022474267	0.0546656496313245	OASL	1
panel30	walktrap	114	GOBP_POSITIVE_REGULATION_OF_PATTERN_RECOGNITION_RECEPTOR_SIGNALING_PATHWAY	GOBP_POSITIVE_REGULATION_OF_PATTERN_RECOGNITION_RECEPTOR_SIGNALING_PATHWAY	1/1	32/2116	0.03125	66.125	8.07000619578449	0.0151228733459358	0.0858013022474267	0.0546656496313245	OASL	1
panel30	walktrap	114	GOBP_REGULATION_OF_VIRAL_LIFE_CYCLE	GOBP_REGULATION_OF_VIRAL_LIFE_CYCLE	1/1	41/2116	0.024390243902439	51.609756097561	7.11405342245621	0.0193761814744802	0.0858013022474267	0.0546656496313245	OASL	1
panel30	walktrap	114	GOBP_TYPE_I_INTERFERON_MEDIATED_SIGNALING_PATHWAY	GOBP_TYPE_I_INTERFERON_MEDIATED_SIGNALING_PATHWAY	1/1	41/2116	0.024390243902439	51.609756097561	7.11405342245621	0.0193761814744802	0.0858013022474267	0.0546656496313245	OASL	1
panel30	walktrap	114	GOBP_VIRAL_GENOME_REPLICATION	GOBP_VIRAL_GENOME_REPLICATION	1/1	41/2116	0.024390243902439	51.609756097561	7.11405342245621	0.0193761814744802	0.0858013022474267	0.0546656496313245	OASL	1
panel30	walktrap	114	GOBP_REGULATION_OF_CYTOPLASMIC_PATTERN_RECOGNITION_RECEPTOR_SIGNALING_PATHWAY	GOBP_REGULATION_OF_CYTOPLASMIC_PATTERN_RECOGNITION_RECEPTOR_SIGNALING_PATHWAY	1/1	43/2116	0.0232558139534884	49.2093023255814	6.94329189402126	0.0203213610586011	0.0858013022474267	0.0546656496313245	OASL	1
panel30	walktrap	114	GOBP_REGULATION_OF_VIRAL_PROCESS	GOBP_REGULATION_OF_VIRAL_PROCESS	1/1	49/2116	0.0204081632653061	43.1836734693878	6.4948959552396	0.023156899810964	0.0865268946554397	0.0551279384231333	OASL	1
panel30	walktrap	215	GOBP_CEREBRAL_CORTEX_DEVELOPMENT	GOBP_CEREBRAL_CORTEX_DEVELOPMENT	2/2	30/2116	0.0666666666666667	70.5333333333333	11.795441930302	0.000194398637868855	0.00464173299309847	0.00270017708739801	TUBB2B/TUBB2A	2
panel30	walktrap	215	GOBP_NEURON_MIGRATION	GOBP_NEURON_MIGRATION	2/2	38/2116	0.0526315789473684	55.6842105263158	10.4604089954047	0.000314166074532885	0.00464173299309847	0.00270017708739801	TUBB2B/TUBB2A	2
panel30	walktrap	215	GOBP_PALLIUM_DEVELOPMENT	GOBP_PALLIUM_DEVELOPMENT	2/2	41/2116	0.0487804878048781	51.609756097561	10.0631701147836	0.000366452604718301	0.00464173299309847	0.00270017708739801	TUBB2B/TUBB2A	2
panel30	walktrap	215	GOBP_TELENCEPHALON_DEVELOPMENT	GOBP_TELENCEPHALON_DEVELOPMENT	2/2	56/2116	0.0357142857142857	37.7857142857143	8.57940735550533	0.000688215867397784	0.00653805074027895	0.0038032982145667	TUBB2B/TUBB2A	2
panel30	walktrap	215	GOBP_FOREBRAIN_DEVELOPMENT	GOBP_FOREBRAIN_DEVELOPMENT	2/2	88/2116	0.0227272727272727	24.0454545454545	6.79063412293136	0.00171070801324592	0.013001380900669	0.00756313016382407	TUBB2B/TUBB2A	2
panel30	walktrap	215	GOBP_MICROTUBULE_CYTOSKELETON_ORGANIZATION	GOBP_MICROTUBULE_CYTOSKELETON_ORGANIZATION	2/2	125/2116	0.016	16.928	5.64544675498644	0.00346342400800833	0.0219350187173861	0.0127599831873991	TUBB2B/TUBB2A	2
panel30	walktrap	215	GOBP_HEAD_DEVELOPMENT	GOBP_HEAD_DEVELOPMENT	2/2	167/2116	0.0119760479041916	12.6706586826347	4.83242782352773	0.00619438970000045	0.0294233510750021	0.0171160768026328	TUBB2B/TUBB2A	2
panel30	walktrap	215	GOBP_MICROTUBULE_BASED_PROCESS	GOBP_MICROTUBULE_BASED_PROCESS	2/2	167/2116	0.0119760479041916	12.6706586826347	4.83242782352773	0.00619438970000045	0.0294233510750021	0.0171160768026328	TUBB2B/TUBB2A	2
panel30	walktrap	215	GOBP_CENTRAL_NERVOUS_SYSTEM_DEVELOPMENT	GOBP_CENTRAL_NERVOUS_SYSTEM_DEVELOPMENT	2/2	209/2116	0.00956937799043062	10.1244019138756	4.27287212367578	0.0097136753855573	0.041013296072353	0.0238581500697899	TUBB2B/TUBB2A	2
panel30	walktrap	215	GOBP_CYTOSKELETON_ORGANIZATION	GOBP_CYTOSKELETON_ORGANIZATION	2/2	267/2116	0.00749063670411985	7.9250936329588	3.72246409190513	0.0158696322514044	0.0603046025553365	0.0350802397136307	TUBB2B/TUBB2A	2
panel30	walktrap	178	GOBP_RESPIRATORY_BURST	GOBP_RESPIRATORY_BURST	4/4	17/2116	0.235294117647059	124.470588235294	22.2392421267977	2.85731212203192e-09	5.08601557721682e-07	4.03031394055029e-07	NCF4/CYBA/NCF1/NCF2	4
panel30	walktrap	178	GOBP_SUPEROXIDE_ANION_GENERATION	GOBP_SUPEROXIDE_ANION_GENERATION	4/4	22/2116	0.181818181818182	96.1818181818182	19.5260871275429	8.78203284565693e-09	7.81600923263467e-07	6.19364421746331e-07	NCF4/CYBA/NCF1/NCF2	4
panel30	walktrap	178	GOBP_SUPEROXIDE_METABOLIC_PROCESS	GOBP_SUPEROXIDE_METABOLIC_PROCESS	4/4	34/2116	0.117647058823529	62.2352941176471	15.6617082171159	5.56767676350221e-08	3.30348821301131e-06	2.61778486424314e-06	NCF4/CYBA/NCF1/NCF2	4
panel30	walktrap	178	GOBP_REACTIVE_OXYGEN_SPECIES_METABOLIC_PROCESS	GOBP_REACTIVE_OXYGEN_SPECIES_METABOLIC_PROCESS	4/4	88/2116	0.0454545454545455	24.0454545454545	9.60795286543719	2.79955359842228e-06	0.000124580135129791	9.87211005759435e-05	NCF4/CYBA/NCF1/NCF2	4
panel30	walktrap	178	GOBP_PHAGOCYTOSIS	GOBP_PHAGOCYTOSIS	3/4	68/2116	0.0441176470588235	23.3382352941176	8.14660324657825	0.000124199377880158	0.00442149785253363	0.00350372981809288	NCF4/CYBA/NCF2	3
panel30	walktrap	178	GOBP_CELLULAR_DEFENSE_RESPONSE	GOBP_CELLULAR_DEFENSE_RESPONSE	2/4	13/2116	0.153846153846154	81.3846153846154	12.6492041696431	0.000207697666388966	0.00616169743620599	0.00488271706949499	NCF1/NCF2	2
panel30	walktrap	178	GOBP_HYDROGEN_PEROXIDE_METABOLIC_PROCESS	GOBP_HYDROGEN_PEROXIDE_METABOLIC_PROCESS	2/4	20/2116	0.1	52.9	10.1467028273209	0.000503692125234158	0.0128081711845257	0.0101495856814101	CYBA/NCF1	2
panel30	walktrap	178	GOBP_REACTIVE_OXYGEN_SPECIES_BIOSYNTHETIC_PROCESS	GOBP_REACTIVE_OXYGEN_SPECIES_BIOSYNTHETIC_PROCESS	2/4	22/2116	0.0909090909090909	48.0909090909091	9.66047099528866	0.000611607390797439	0.013608264445243	0.0107836039956391	CYBA/NCF1	2
panel30	walktrap	178	GOBP_ENDOCYTOSIS	GOBP_ENDOCYTOSIS	3/4	152/2116	0.0197368421052632	10.4407894736842	5.25651114992452	0.00137861378082494	0.0272659169985377	0.0216063446351511	NCF4/CYBA/NCF2	3
panel30	walktrap	178	GOBP_CELLULAR_RESPONSE_TO_KETONE	GOBP_CELLULAR_RESPONSE_TO_KETONE	2/4	38/2116	0.0526315789473684	27.8421052631579	7.26480273940487	0.00184246200552215	0.0327958236982943	0.0259884114463124	CYBA/NCF1	2
panel30	walktrap	69	GOBP_IMPORT_INTO_NUCLEUS	GOBP_IMPORT_INTO_NUCLEUS	5/5	77/2116	0.0649350649350649	27.4805194805195	11.5175291918955	5.61559439302069e-08	5.55943844909048e-06	4.07869487493082e-06	KPNA1/KPNA4/KPNA3/KPNB1/KPNA2	5
panel30	walktrap	69	GOBP_NUCLEAR_TRANSPORT	GOBP_NUCLEAR_TRANSPORT	5/5	116/2116	0.0431034482758621	18.2413793103448	9.29355930372892	4.55861293119841e-07	1.51994997365875e-05	1.11511481321057e-05	KPNA1/KPNA4/KPNA3/KPNB1/KPNA2	5
panel30	walktrap	69	GOBP_ESTABLISHMENT_OF_PROTEIN_LOCALIZATION_TO_ORGANELLE	GOBP_ESTABLISHMENT_OF_PROTEIN_LOCALIZATION_TO_ORGANELLE	5/5	122/2116	0.040983606557377	17.344262295082	9.04854463463435	5.89156924995426e-07	1.51994997365875e-05	1.11511481321057e-05	KPNA1/KPNA4/KPNA3/KPNB1/KPNA2	5
panel30	walktrap	69	GOBP_PROTEIN_LOCALIZATION_TO_NUCLEUS	GOBP_PROTEIN_LOCALIZATION_TO_NUCLEUS	5/5	123/2116	0.040650406504065	17.2032520325203	9.00942688161408	6.14121201478282e-07	1.51994997365875e-05	1.11511481321057e-05	KPNA1/KPNA4/KPNA3/KPNB1/KPNA2	5
panel30	walktrap	69	GOBP_INTRACELLULAR_PROTEIN_TRANSPORT	GOBP_INTRACELLULAR_PROTEIN_TRANSPORT	5/5	130/2116	0.0384615384615385	16.2769230769231	8.74810560905948	8.13566147644701e-07	1.61086097233651e-05	1.18181187763125e-05	KPNA1/KPNA4/KPNA3/KPNB1/KPNA2	5
panel30	walktrap	69	GOBP_PROTEIN_LOCALIZATION_TO_ORGANELLE	GOBP_PROTEIN_LOCALIZATION_TO_ORGANELLE	5/5	213/2116	0.0234741784037559	9.93427230046948	6.68999300685503	9.90464858696259e-06	0.000163426701684883	0.000119898377631652	KPNA1/KPNA4/KPNA3/KPNB1/KPNA2	5
panel30	walktrap	69	GOBP_INTRACELLULAR_TRANSPORT	GOBP_INTRACELLULAR_TRANSPORT	5/5	229/2116	0.0218340611353712	9.24017467248908	6.42486904800579	1.42745594882629e-05	0.000201883055619718	0.000148111970630096	KPNA1/KPNA4/KPNA3/KPNB1/KPNA2	5
panel30	walktrap	69	GOBP_PROTEIN_TRANSPORT	GOBP_PROTEIN_TRANSPORT	5/5	254/2116	0.0196850393700787	8.33070866141732	6.05995014677329	2.40682259400536e-05	0.000297844296008163	0.000218514156561013	KPNA1/KPNA4/KPNA3/KPNB1/KPNA2	5
panel30	walktrap	69	GOBP_NITROGEN_COMPOUND_TRANSPORT	GOBP_NITROGEN_COMPOUND_TRANSPORT	5/5	295/2116	0.0169491525423729	7.1728813559322	5.56083534968885	5.11432565406353e-05	0.000562575821946989	0.000412735052784075	KPNA1/KPNA4/KPNA3/KPNB1/KPNA2	5
panel30	walktrap	69	GOBP_ESTABLISHMENT_OF_PROTEIN_LOCALIZATION	GOBP_ESTABLISHMENT_OF_PROTEIN_LOCALIZATION	5/5	310/2116	0.0161290322580645	6.8258064516129	5.40224277625931	6.56456968343885e-05	0.000649892398660447	0.000476795061218191	KPNA1/KPNA4/KPNA3/KPNB1/KPNA2	5
panel30	walktrap	160	GOBP_MODIFICATION_DEPENDENT_MACROMOLECULE_CATABOLIC_PROCESS	GOBP_MODIFICATION_DEPENDENT_MACROMOLECULE_CATABOLIC_PROCESS	4/4	165/2116	0.0242424242424242	12.8242424242424	6.88216193449137	3.57437320760116e-05	0.00228359159567011	0.00180815356899822	UBA7/UBE2L6/HERC5/ISG15	4
panel30	walktrap	160	GOBP_PROTEIN_MODIFICATION_BY_SMALL_PROTEIN_CONJUGATION	GOBP_PROTEIN_MODIFICATION_BY_SMALL_PROTEIN_CONJUGATION	4/4	171/2116	0.0233918128654971	12.374269005848	6.74994092950702	4.12867315073003e-05	0.00228359159567011	0.00180815356899822	UBA7/UBE2L6/HERC5/ISG15	4
panel30	walktrap	160	GOBP_POST_TRANSLATIONAL_PROTEIN_MODIFICATION	GOBP_POST_TRANSLATIONAL_PROTEIN_MODIFICATION	4/4	195/2116	0.0205128205128205	10.8512820512821	6.28180717617163	7.01236258563303e-05	0.00228359159567011	0.00180815356899822	UBA7/UBE2L6/HERC5/ISG15	4
panel30	walktrap	160	GOBP_PROTEOLYSIS_INVOLVED_IN_PROTEIN_CATABOLIC_PROCESS	GOBP_PROTEOLYSIS_INVOLVED_IN_PROTEIN_CATABOLIC_PROCESS	4/4	202/2116	0.0198019801980198	10.4752475247525	6.16074887758568	8.08351007316852e-05	0.00228359159567011	0.00180815356899822	UBA7/UBE2L6/HERC5/ISG15	4
panel30	walktrap	160	GOBP_PROTEIN_CATABOLIC_PROCESS	GOBP_PROTEIN_CATABOLIC_PROCESS	4/4	266/2116	0.0150375939849624	7.95488721804511	5.27816874273914	0.000244825511671224	0.00553305656376966	0.00438108810359032	UBA7/UBE2L6/HERC5/ISG15	4
panel30	walktrap	160	GOBP_PROTEOLYSIS	GOBP_PROTEOLYSIS	4/4	327/2116	0.0122324159021407	6.47094801223242	4.6813328209835	0.000561517387491224	0.00975156094256396	0.00772131048083779	UBA7/UBE2L6/HERC5/ISG15	4
panel30	walktrap	160	GOBP_MACROMOLECULE_CATABOLIC_PROCESS	GOBP_MACROMOLECULE_CATABOLIC_PROCESS	4/4	333/2116	0.012012012012012	6.35435435435436	4.63118126241458	0.000604078996442015	0.00975156094256396	0.00772131048083779	UBA7/UBE2L6/HERC5/ISG15	4
panel30	walktrap	160	GOBP_DEFENSE_RESPONSE_TO_OTHER_ORGANISM	GOBP_DEFENSE_RESPONSE_TO_OTHER_ORGANISM	4/4	353/2116	0.0113314447592068	5.9943342776204	4.47277475509177	0.00076359313380732	0.0107857530150284	0.00854018636495029	UBA7/UBE2L6/HERC5/ISG15	4
panel30	walktrap	160	GOBP_DEFENSE_RESPONSE_TO_VIRUS	GOBP_DEFENSE_RESPONSE_TO_VIRUS	2/4	120/2116	0.0166666666666667	8.81666666666667	3.83592556715216	0.0177496500465275	0.194862340874823	0.154292491610246	HERC5/ISG15	2
panel30	walktrap	160	GOBP_NEGATIVE_REGULATION_OF_TYPE_I_INTERFERON_MEDIATED_SIGNALING_PATHWAY	GOBP_NEGATIVE_REGULATION_OF_TYPE_I_INTERFERON_MEDIATED_SIGNALING_PATHWAY	1/4	10/2116	0.1	52.9	7.15774791302964	0.0187832346185897	0.194862340874823	0.154292491610246	ISG15	1
panel30	walktrap	158	GOBP_POSITIVE_REGULATION_OF_VIRAL_PROCESS	GOBP_POSITIVE_REGULATION_OF_VIRAL_PROCESS	3/4	19/2116	0.157894736842105	83.5263157894737	15.7220172060352	2.44416519855841e-06	0.000401608139685079	0.000249154299728348	ADAR/DHX9/TARBP2	3
panel30	walktrap	158	GOBP_REGULATORY_NCRNA_MEDIATED_GENE_SILENCING	GOBP_REGULATORY_NCRNA_MEDIATED_GENE_SILENCING	3/4	22/2116	0.136363636363636	72.1363636363637	14.5932790614158	3.88027188101525e-06	0.000401608139685079	0.000249154299728348	ADAR/DHX9/TARBP2	3
panel30	walktrap	158	GOBP_PROTEIN_RNA_COMPLEX_ORGANIZATION	GOBP_PROTEIN_RNA_COMPLEX_ORGANIZATION	3/4	39/2116	0.0769230769230769	40.6923076923077	10.8857568423715	2.28872549823777e-05	0.00157922059378406	0.000979735125561431	ADAR/DHX9/TARBP2	3
panel30	walktrap	158	GOBP_REGULATION_OF_VIRAL_PROCESS	GOBP_REGULATION_OF_VIRAL_PROCESS	3/4	49/2116	0.0612244897959184	32.3877551020408	9.67222257214845	4.59742528898037e-05	0.00237916758704734	0.00147601548751475	ADAR/DHX9/TARBP2	3
panel30	walktrap	158	GOBP_RNA_PROCESSING	GOBP_RNA_PROCESSING	3/4	59/2116	0.0508474576271187	26.8983050847458	8.77846187160788	8.08284844934058e-05	0.003346299258027	0.00207601581225169	ADAR/DHX9/TARBP2	3
panel30	walktrap	158	GOBP_RIBONUCLEOPROTEIN_COMPLEX_BIOGENESIS	GOBP_RIBONUCLEOPROTEIN_COMPLEX_BIOGENESIS	3/4	63/2116	0.0476190476190476	25.1904761904762	8.48122221400644	9.85920926176991e-05	0.00340142719531062	0.00211021671918584	ADAR/DHX9/TARBP2	3
panel30	walktrap	158	GOBP_MIRNA_PROCESSING	GOBP_MIRNA_PROCESSING	2/4	12/2116	0.166666666666667	88.1666666666667	13.1751757854706	0.000175855400726828	0.00404467421671704	0.00250928174136526	ADAR/TARBP2	2
panel30	walktrap	158	GOBP_REGULATION_OF_GENE_SILENCING_BY_REGULATORY_NCRNA	GOBP_REGULATION_OF_GENE_SILENCING_BY_REGULATORY_NCRNA	2/4	12/2116	0.166666666666667	88.1666666666667	13.1751757854706	0.000175855400726828	0.00404467421671704	0.00250928174136526	ADAR/TARBP2	2
panel30	walktrap	158	GOBP_REGULATORY_NCRNA_PROCESSING	GOBP_REGULATORY_NCRNA_PROCESSING	2/4	12/2116	0.166666666666667	88.1666666666667	13.1751757854706	0.000175855400726828	0.00404467421671704	0.00250928174136526	ADAR/TARBP2	2
panel30	walktrap	158	GOBP_REGULATION_OF_DEFENSE_RESPONSE_TO_VIRUS_BY_HOST	GOBP_REGULATION_OF_DEFENSE_RESPONSE_TO_VIRUS_BY_HOST	2/4	18/2116	0.111111111111111	58.7777777777778	10.7110628931821	0.000406119180625027	0.00840666703893805	0.00521542526697403	DHX9/TARBP2	2
panel30	walktrap	209	GOBP_RETINOIC_ACID_RECEPTOR_SIGNALING_PATHWAY	GOBP_RETINOIC_ACID_RECEPTOR_SIGNALING_PATHWAY	2/2	14/2116	0.142857142857143	151.142857142857	17.3328520592595	4.06673012553236e-05	0.00707879177894864	0.00392325381688142	SP100/PML	2
panel30	walktrap	209	GOBP_MAINTENANCE_OF_PROTEIN_LOCATION	GOBP_MAINTENANCE_OF_PROTEIN_LOCATION	2/2	16/2116	0.125	132.25	16.2056833297899	5.36272104465806e-05	0.00707879177894864	0.00392325381688142	SP100/PML	2
panel30	walktrap	209	GOBP_DNA_DAMAGE_RESPONSE_SIGNAL_TRANSDUCTION_BY_P53_CLASS_MEDIATOR	GOBP_DNA_DAMAGE_RESPONSE_SIGNAL_TRANSDUCTION_BY_P53_CLASS_MEDIATOR	2/2	34/2116	0.0588235294117647	62.2352941176471	11.0692601985097	0.000250707208837764	0.0220622343777233	0.0122274743959471	SP100/PML	2
panel30	walktrap	209	GOBP_NUCLEAR_RECEPTOR_MEDIATED_SIGNALING_PATHWAY	GOBP_NUCLEAR_RECEPTOR_MEDIATED_SIGNALING_PATHWAY	2/2	50/2116	0.04	42.32	9.09280439518843	0.000547444439975511	0.028905066430707	0.0160199530855992	SP100/PML	2
panel30	walktrap	209	GOBP_TELOMERE_ORGANIZATION	GOBP_TELOMERE_ORGANIZATION	2/2	50/2116	0.04	42.32	9.09280439518843	0.000547444439975511	0.028905066430707	0.0160199530855992	SP100/PML	2
panel30	walktrap	209	GOBP_HORMONE_MEDIATED_SIGNALING_PATHWAY	GOBP_HORMONE_MEDIATED_SIGNALING_PATHWAY	2/2	55/2116	0.0363636363636364	38.4727272727273	8.65915160455733	0.000663636729276435	0.0292000160881632	0.0161834219946359	SP100/PML	2
panel30	walktrap	209	GOBP_SIGNAL_TRANSDUCTION_BY_P53_CLASS_MEDIATOR	GOBP_SIGNAL_TRANSDUCTION_BY_P53_CLASS_MEDIATOR	2/2	66/2116	0.0303030303030303	32.0606060606061	7.88356504042582	0.000958586386732628	0.0361524008710591	0.0200366177076444	SP100/PML	2
panel30	walktrap	209	GOBP_MAINTENANCE_OF_LOCATION	GOBP_MAINTENANCE_OF_LOCATION	2/2	73/2116	0.0273972602739726	28.986301369863	7.48325329292255	0.00117443590878012	0.0387563849897438	0.0214798146474258	SP100/PML	2
panel30	walktrap	209	GOBP_SIGNAL_TRANSDUCTION_IN_RESPONSE_TO_DNA_DAMAGE	GOBP_SIGNAL_TRANSDUCTION_IN_RESPONSE_TO_DNA_DAMAGE	2/2	88/2116	0.0227272727272727	24.0454545454545	6.79063412293136	0.00171070801324592	0.050180768388547	0.0278115103907816	SP100/PML	2
panel30	walktrap	209	GOBP_REGULATION_OF_EXTRINSIC_APOPTOTIC_SIGNALING_PATHWAY	GOBP_REGULATION_OF_EXTRINSIC_APOPTOTIC_SIGNALING_PATHWAY	2/2	96/2116	0.0208333333333333	22.0416666666667	6.48870097190059	0.00203783399697006	0.0537988175200097	0.0298167290082988	SP100/PML	2
panel30	walktrap	151	GOBP_CELLULAR_RESPONSE_TO_OXYGEN_RADICAL	GOBP_CELLULAR_RESPONSE_TO_OXYGEN_RADICAL	2/2	11/2116	0.181818181818182	192.363636363636	19.5680432554897	2.45791381213494e-05	0.002841348366828	0.00133503529164382	SOD2/SOD1	2
panel30	walktrap	151	GOBP_GLUTATHIONE_METABOLIC_PROCESS	GOBP_GLUTATHIONE_METABOLIC_PROCESS	2/2	11/2116	0.181818181818182	192.363636363636	19.5680432554897	2.45791381213494e-05	0.002841348366828	0.00133503529164382	SOD2/SOD1	2
panel30	walktrap	151	GOBP_RESPONSE_TO_OXYGEN_RADICAL	GOBP_RESPONSE_TO_OXYGEN_RADICAL	2/2	12/2116	0.166666666666667	176.333333333333	18.7305244170713	2.94949657456193e-05	0.002841348366828	0.00133503529164382	SOD2/SOD1	2
panel30	walktrap	151	GOBP_VASODILATION	GOBP_VASODILATION	2/2	15/2116	0.133333333333333	141.066666666667	16.7411423366521	4.6923809140758e-05	0.003314906427966	0.00155754117358446	SOD2/SOD1	2
panel30	walktrap	151	GOBP_RESPONSE_TO_CADMIUM_ION	GOBP_RESPONSE_TO_CADMIUM_ION	2/2	17/2116	0.117647058823529	124.470588235294	15.7180784054037	6.07775051727913e-05	0.003314906427966	0.00155754117358446	SOD2/SOD1	2
panel30	walktrap	151	GOBP_REGULATION_OF_OXIDATIVE_STRESS_INDUCED_INTRINSIC_APOPTOTIC_SIGNALING_PATHWAY	GOBP_REGULATION_OF_OXIDATIVE_STRESS_INDUCED_INTRINSIC_APOPTOTIC_SIGNALING_PATHWAY	2/2	19/2116	0.105263157894737	111.368421052632	14.8607287431027	7.64187748863773e-05	0.003314906427966	0.00155754117358446	SOD2/SOD1	2
panel30	walktrap	151	GOBP_HYDROGEN_PEROXIDE_METABOLIC_PROCESS	GOBP_HYDROGEN_PEROXIDE_METABOLIC_PROCESS	2/2	20/2116	0.1	105.8	14.4809926639573	8.49097498737527e-05	0.003314906427966	0.00155754117358446	SOD2/SOD1	2
panel30	walktrap	151	GOBP_REACTIVE_OXYGEN_SPECIES_BIOSYNTHETIC_PROCESS	GOBP_REACTIVE_OXYGEN_SPECIES_BIOSYNTHETIC_PROCESS	2/2	22/2116	0.0909090909090909	96.1818181818182	13.8004958384639	0.000103232380109668	0.003314906427966	0.00155754117358446	SOD2/SOD1	2
panel30	walktrap	151	GOBP_SUPEROXIDE_ANION_GENERATION	GOBP_SUPEROXIDE_ANION_GENERATION	2/2	22/2116	0.0909090909090909	96.1818181818182	13.8004958384639	0.000103232380109668	0.003314906427966	0.00155754117358446	SOD2/SOD1	2
panel30	walktrap	151	GOBP_RESPONSE_TO_AXON_INJURY	GOBP_RESPONSE_TO_AXON_INJURY	2/2	25/2116	0.08	84.64	12.936735662914	0.000134068026116452	0.0034871093592889	0.00163845240338105	SOD2/SOD1	2
panel30	walktrap	100	GOBP_MRNA_TRANSPORT	GOBP_MRNA_TRANSPORT	2/2	37/2116	0.0540540540540541	57.1891891891892	10.6033738733369	0.000297631017978523	0.00265454691710574	0.00128070246000716	NUP35/NUP37	2
panel30	walktrap	100	GOBP_ESTABLISHMENT_OF_RNA_LOCALIZATION	GOBP_ESTABLISHMENT_OF_RNA_LOCALIZATION	2/2	42/2116	0.0476190476190476	50.3809523809524	9.94025265206388	0.000384775234954216	0.00265454691710574	0.00128070246000716	NUP35/NUP37	2
panel30	walktrap	100	GOBP_RNA_LOCALIZATION	GOBP_RNA_LOCALIZATION	2/2	44/2116	0.0454545454545455	48.0909090909091	9.7070268185904	0.000422761175687211	0.00265454691710574	0.00128070246000716	NUP35/NUP37	2
panel30	walktrap	100	GOBP_NUCLEOBASE_CONTAINING_COMPOUND_TRANSPORT	GOBP_NUCLEOBASE_CONTAINING_COMPOUND_TRANSPORT	2/2	45/2116	0.0444444444444444	47.0222222222222	9.59624847858887	0.00044242448618429	0.00265454691710574	0.00128070246000716	NUP35/NUP37	2
panel30	walktrap	100	GOBP_NUCLEAR_TRANSPORT	GOBP_NUCLEAR_TRANSPORT	2/2	116/2116	0.0172413793103448	18.2413793103448	5.87359091508963	0.00298077911398911	0.0143077397471477	0.00690285689555372	NUP35/NUP37	2
panel30	walktrap	100	GOBP_NUCLEAR_PORE_ORGANIZATION	GOBP_NUCLEAR_PORE_ORGANIZATION	1/2	11/2116	0.0909090909090909	96.1818181818182	9.73289372375186	0.0103723962872094	0.0399997701690981	0.0192981347307052	NUP35	1
panel30	walktrap	100	GOBP_INTRACELLULAR_TRANSPORT	GOBP_INTRACELLULAR_TRANSPORT	2/2	229/2116	0.00873362445414847	9.24017467248908	4.0605597099774	0.0116665996326536	0.0399997701690981	0.0192981347307052	NUP35/NUP37	2
panel30	walktrap	100	GOBP_PROTEIN_TRANSPORT	GOBP_PROTEIN_TRANSPORT	2/2	254/2116	0.0078740157480315	8.33070866141732	3.82992855209975	0.0143591324904923	0.043077397471477	0.0207829549204494	NUP35/NUP37	2
panel30	walktrap	100	GOBP_NITROGEN_COMPOUND_TRANSPORT	GOBP_NITROGEN_COMPOUND_TRANSPORT	2/2	295/2116	0.00677966101694915	7.1728813559322	3.51448470094084	0.0193795331751331	0.0485277502532058	0.023412511087073	NUP35/NUP37	2
panel30	walktrap	100	GOBP_ESTABLISHMENT_OF_PROTEIN_LOCALIZATION	GOBP_ESTABLISHMENT_OF_PROTEIN_LOCALIZATION	2/2	310/2116	0.00645161290322581	6.8258064516129	3.41425314615615	0.0214039603694915	0.0485277502532058	0.023412511087073	NUP35/NUP37	2
panel30	walktrap	208	GOBP_CELLULAR_OXIDANT_DETOXIFICATION	GOBP_CELLULAR_OXIDANT_DETOXIFICATION	2/2	31/2116	0.0645161290322581	68.258064516129	11.6008516982382	0.0002078054404805	0.0171633887034281	0.0101298978048831	GSTP1/PRDX6	2
panel30	walktrap	208	GOBP_DETOXIFICATION	GOBP_DETOXIFICATION	2/2	35/2116	0.0571428571428571	60.4571428571429	10.9073615764306	0.000265901585130962	0.0171633887034281	0.0101298978048831	GSTP1/PRDX6	2
panel30	walktrap	208	GOBP_CELLULAR_RESPONSE_TO_TOXIC_SUBSTANCE	GOBP_CELLULAR_RESPONSE_TO_TOXIC_SUBSTANCE	2/2	37/2116	0.0540540540540541	57.1891891891892	10.6033738733369	0.000297631017978523	0.0171633887034281	0.0101298978048831	GSTP1/PRDX6	2
panel30	walktrap	208	GOBP_RESPONSE_TO_TOXIC_SUBSTANCE	GOBP_RESPONSE_TO_TOXIC_SUBSTANCE	2/2	61/2116	0.0327868852459016	34.6885245901639	8.21029360075466	0.000817814959310354	0.0353704969901728	0.0208758029087117	GSTP1/PRDX6	2
panel30	walktrap	208	GOBP_REACTIVE_OXYGEN_SPECIES_METABOLIC_PROCESS	GOBP_REACTIVE_OXYGEN_SPECIES_METABOLIC_PROCESS	2/2	88/2116	0.0227272727272727	24.0454545454545	6.79063412293136	0.00171070801324592	0.0591904972583089	0.0349344583757588	GSTP1/PRDX6	2
panel30	walktrap	208	GOBP_LIPID_METABOLIC_PROCESS	GOBP_LIPID_METABOLIC_PROCESS	2/2	143/2116	0.013986013986014	14.7972027972028	5.25428004263183	0.00453730889720111	0.0856745256402737	0.0505654334475604	GSTP1/PRDX6	2
panel30	walktrap	208	GOBP_RESPONSE_TO_OXIDATIVE_STRESS	GOBP_RESPONSE_TO_OXIDATIVE_STRESS	2/2	171/2116	0.0116959064327485	12.374269005848	4.77067069808067	0.00649559586534208	0.0856745256402737	0.0505654334475604	GSTP1/PRDX6	2
panel30	walktrap	208	GOBP_HYDROGEN_PEROXIDE_CATABOLIC_PROCESS	GOBP_HYDROGEN_PEROXIDE_CATABOLIC_PROCESS	1/2	10/2116	0.1	105.8	10.2152686230199	0.00943168563729213	0.0856745256402737	0.0505654334475604	PRDX6	1
panel30	walktrap	208	GOBP_NEGATIVE_REGULATION_OF_FERROPTOSIS	GOBP_NEGATIVE_REGULATION_OF_FERROPTOSIS	1/2	10/2116	0.1	105.8	10.2152686230199	0.00943168563729213	0.0856745256402737	0.0505654334475604	GSTP1	1
panel30	walktrap	208	GOBP_NEGATIVE_REGULATION_OF_INTERLEUKIN_1_PRODUCTION	GOBP_NEGATIVE_REGULATION_OF_INTERLEUKIN_1_PRODUCTION	1/2	10/2116	0.1	105.8	10.2152686230199	0.00943168563729213	0.0856745256402737	0.0505654334475604	GSTP1	1
panel30	walktrap	27	GOBP_CELLULAR_RESPONSE_TO_OXYGEN_RADICAL	GOBP_CELLULAR_RESPONSE_TO_OXYGEN_RADICAL	2/3	11/2116	0.181818181818182	128.242424242424	15.9392650309218	7.35281312580009e-05	0.00533645411227541	0.00357465825702659	CCS/ATP7A	2
panel30	walktrap	27	GOBP_RESPONSE_TO_OXYGEN_RADICAL	GOBP_RESPONSE_TO_OXYGEN_RADICAL	2/3	12/2116	0.166666666666667	117.555555555556	15.2534049004338	8.82058530954613e-05	0.00533645411227541	0.00357465825702659	CCS/ATP7A	2
panel30	walktrap	27	GOBP_TRANSITION_METAL_ION_TRANSPORT	GOBP_TRANSITION_METAL_ION_TRANSPORT	2/3	16/2116	0.125	88.1666666666667	13.1845966185052	0.000160171337161641	0.0064602439321862	0.00432743612682329	ATOX1/ATP7A	2
panel30	walktrap	27	GOBP_RESPONSE_TO_OXIDATIVE_STRESS	GOBP_RESPONSE_TO_OXIDATIVE_STRESS	3/3	171/2116	0.0175438596491228	12.374269005848	5.84423690392209	0.000519278950445984	0.0133559455484932	0.00894656639611982	ATOX1/CCS/ATP7A	3
panel30	walktrap	27	GOBP_CELLULAR_OXIDANT_DETOXIFICATION	GOBP_CELLULAR_OXIDANT_DETOXIFICATION	2/3	31/2116	0.0645161290322581	45.505376344086	9.40386443582828	0.000617714942279783	0.0133559455484932	0.00894656639611982	CCS/ATP7A	2
panel30	walktrap	27	GOBP_SUPEROXIDE_METABOLIC_PROCESS	GOBP_SUPEROXIDE_METABOLIC_PROCESS	2/3	34/2116	0.0588235294117647	41.4901960784314	8.96633664307791	0.000744531625867305	0.0133559455484932	0.00894656639611982	CCS/ATP7A	2
panel30	walktrap	27	GOBP_DETOXIFICATION	GOBP_DETOXIFICATION	2/3	35/2116	0.0571428571428571	40.3047619047619	8.83302005664038	0.000789403192186337	0.0133559455484932	0.00894656639611982	CCS/ATP7A	2
panel30	walktrap	27	GOBP_CELLULAR_RESPONSE_TO_TOXIC_SUBSTANCE	GOBP_CELLULAR_RESPONSE_TO_TOXIC_SUBSTANCE	2/3	37/2116	0.0540540540540541	38.1261261261261	8.5826088039267	0.000883037722214424	0.0133559455484932	0.00894656639611982	CCS/ATP7A	2
panel30	walktrap	27	GOBP_CELLULAR_RESPONSE_TO_REACTIVE_OXYGEN_SPECIES	GOBP_CELLULAR_RESPONSE_TO_REACTIVE_OXYGEN_SPECIES	2/3	61/2116	0.0327868852459016	23.1256830601093	6.605744260992	0.0024077957931635	0.0291343290972784	0.0195158185340621	CCS/ATP7A	2
panel30	walktrap	27	GOBP_RESPONSE_TO_TOXIC_SUBSTANCE	GOBP_RESPONSE_TO_TOXIC_SUBSTANCE	2/3	61/2116	0.0327868852459016	23.1256830601093	6.605744260992	0.0024077957931635	0.0291343290972784	0.0195158185340621	CCS/ATP7A	2
panel30	walktrap	79	GOBP_CELLULAR_RESPONSE_TO_TYPE_II_INTERFERON	GOBP_CELLULAR_RESPONSE_TO_TYPE_II_INTERFERON	5/5	48/2116	0.104166666666667	44.0833333333333	14.6909783896284	4.86673488012054e-09	3.35215936355832e-07	1.7327891446965e-07	GBP2/GBP1/GBP3/GBP4/GBP5	5
panel30	walktrap	79	GOBP_PYROPTOTIC_INFLAMMATORY_RESPONSE	GOBP_PYROPTOTIC_INFLAMMATORY_RESPONSE	4/5	14/2116	0.285714285714286	120.914285714286	21.9035575528759	5.985998863497e-09	3.35215936355832e-07	1.7327891446965e-07	GBP2/GBP1/GBP3/GBP5	4
panel30	walktrap	79	GOBP_RESPONSE_TO_TYPE_II_INTERFERON	GOBP_RESPONSE_TO_TYPE_II_INTERFERON	5/5	71/2116	0.0704225352112676	29.8028169014085	12.0119510347408	3.70053712812066e-08	1.38153386116505e-06	7.14138744023285e-07	GBP2/GBP1/GBP3/GBP4/GBP5	5
panel30	walktrap	79	GOBP_DEFENSE_RESPONSE_TO_BACTERIUM	GOBP_DEFENSE_RESPONSE_TO_BACTERIUM	5/5	82/2116	0.0609756097560976	25.8048780487805	11.147169873746	7.75507716077337e-08	2.17142160501654e-06	1.12244537853299e-06	GBP2/GBP1/GBP3/GBP4/GBP5	5
panel30	walktrap	79	GOBP_DISRUPTION_OF_ANATOMICAL_STRUCTURE_IN_ANOTHER_ORGANISM	GOBP_DISRUPTION_OF_ANATOMICAL_STRUCTURE_IN_ANOTHER_ORGANISM	4/5	27/2116	0.148148148148148	62.6962962962963	15.6988495367277	1.04430569773304e-07	2.33924476292201e-06	1.20919607105931e-06	GBP2/GBP1/GBP3/GBP5	4
panel30	walktrap	79	GOBP_RESPONSE_TO_PROTOZOAN	GOBP_RESPONSE_TO_PROTOZOAN	3/5	10/2116	0.3	126.96	19.4267226496814	7.57252037332038e-07	1.41353713635314e-05	7.30681790408106e-06	GBP2/GBP1/GBP4	3
panel30	walktrap	79	GOBP_POSITIVE_REGULATION_OF_INFLAMMATORY_RESPONSE	GOBP_POSITIVE_REGULATION_OF_INFLAMMATORY_RESPONSE	4/5	67/2116	0.0597014925373134	25.2656716417911	9.8209796249324	4.4911964270398e-06	7.18591428326368e-05	3.71452336070961e-05	GBP2/GBP1/GBP3/GBP5	4
panel30	walktrap	79	GOBP_CELL_KILLING	GOBP_CELL_KILLING	4/5	71/2116	0.0563380281690141	23.8422535211268	9.52615265923847	5.68446688397282e-06	7.95825363756195e-05	4.11375892919086e-05	GBP2/GBP1/GBP3/GBP5	4
panel30	walktrap	79	GOBP_RESPONSE_TO_BACTERIUM	GOBP_RESPONSE_TO_BACTERIUM	5/5	196/2116	0.0255102040816327	10.7959183673469	7.00516953103546	6.50768497530336e-06	8.09845241371084e-05	4.18623010107233e-05	GBP2/GBP1/GBP3/GBP4/GBP5	5
panel30	walktrap	79	GOBP_DEFENSE_RESPONSE_TO_VIRUS	GOBP_DEFENSE_RESPONSE_TO_VIRUS	4/5	120/2116	0.0333333333333333	14.1066666666667	7.19281152223343	4.71434096210674e-05	0.000528006187755955	0.000272935529385127	GBP2/GBP1/GBP3/GBP5	4
panel30	walktrap	206	GOBP_ANTIVIRAL_INNATE_IMMUNE_RESPONSE	GOBP_ANTIVIRAL_INNATE_IMMUNE_RESPONSE	3/3	28/2116	0.107142857142857	75.5714285714286	14.9641583827169	2.07761047094369e-06	6.44059245992543e-05	3.93652510284067e-05	IFIT2/IFIT1/IFIT3	3
panel30	walktrap	206	GOBP_DEFENSE_RESPONSE_TO_VIRUS	GOBP_DEFENSE_RESPONSE_TO_VIRUS	3/3	120/2116	0.025	17.6333333333333	7.06733552511234	0.000178106265158677	0.00276064710995949	0.00168732251202957	IFIT2/IFIT1/IFIT3	3
panel30	walktrap	206	GOBP_RESPONSE_TO_VIRUS	GOBP_RESPONSE_TO_VIRUS	3/3	155/2116	0.0193548387096774	13.6516129032258	6.16366480122107	0.000386022689104505	0.00398890112074655	0.0024380380364495	IFIT2/IFIT1/IFIT3	3
panel30	walktrap	206	GOBP_DEFENSE_RESPONSE_TO_OTHER_ORGANISM	GOBP_DEFENSE_RESPONSE_TO_OTHER_ORGANISM	3/3	353/2116	0.0084985835694051	5.9943342776204	3.87261985840038	0.00460992083352819	0.0357268864598435	0.0218364671061862	IFIT2/IFIT1/IFIT3	3
panel30	walktrap	206	GOBP_RESPONSE_TO_PEPTIDE	GOBP_RESPONSE_TO_PEPTIDE	3/3	404/2116	0.00742574257425743	5.23762376237624	3.56719838158083	0.00691801415497069	0.0428916877608183	0.0262156325872573	IFIT2/IFIT1/IFIT3	3
panel30	walktrap	206	GOBP_CELLULAR_RESPONSE_TO_DSRNA	GOBP_CELLULAR_RESPONSE_TO_DSRNA	1/3	11/2116	0.0909090909090909	64.1212121212121	7.90699906154085	0.0155218303651853	0.068739534474392	0.0420139769283211	IFIT1	1
panel30	walktrap	206	GOBP_VIRAL_TRANSLATION	GOBP_VIRAL_TRANSLATION	1/3	11/2116	0.0909090909090909	64.1212121212121	7.90699906154085	0.0155218303651853	0.068739534474392	0.0420139769283211	IFIT1	1
panel30	walktrap	206	GOBP_RESPONSE_TO_DSRNA	GOBP_RESPONSE_TO_DSRNA	1/3	18/2116	0.0555555555555556	39.1851851851852	6.1290685179769	0.0253152421913524	0.0909444934238017	0.0555857684763474	IFIT1	1
panel30	walktrap	206	GOBP_POSITIVE_REGULATION_OF_VIRAL_PROCESS	GOBP_POSITIVE_REGULATION_OF_VIRAL_PROCESS	1/3	19/2116	0.0526315789473684	37.1228070175439	5.95833806830208	0.0267089763540912	0.0909444934238017	0.0555857684763474	IFIT1	1
panel30	walktrap	206	GOBP_NEGATIVE_REGULATION_OF_VIRAL_GENOME_REPLICATION	GOBP_NEGATIVE_REGULATION_OF_VIRAL_GENOME_REPLICATION	1/3	22/2116	0.0454545454545455	32.0606060606061	5.51694928822212	0.0308822057901581	0.0909444934238017	0.0555857684763474	IFIT1	1
panel30	walktrap	123	GOBP_INTERSTRAND_CROSS_LINK_REPAIR	GOBP_INTERSTRAND_CROSS_LINK_REPAIR	2/2	16/2116	0.125	132.25	16.2056833297899	5.36272104465806e-05	0.00107254420893161	0.000620946647276196	FANCG/FAAP24	2
panel30	walktrap	123	GOBP_DNA_REPAIR	GOBP_DNA_REPAIR	2/2	160/2116	0.0125	13.225	4.94586349914033	0.00568448430733754	0.0568448430733754	0.0329101723056384	FANCG/FAAP24	2
panel30	walktrap	123	GOBP_DNA_METABOLIC_PROCESS	GOBP_DNA_METABOLIC_PROCESS	2/2	252/2116	0.00793650793650794	8.3968253968254	3.84716112689808	0.0141334513131963	0.068331791551033	0.0395605108979665	FANCG/FAAP24	2
panel30	walktrap	123	GOBP_SPERMATID_DIFFERENTIATION	GOBP_SPERMATID_DIFFERENTIATION	1/2	17/2116	0.0588235294117647	62.2352941176471	7.79538809910682	0.0160072754248839	0.068331791551033	0.0395605108979665	FANCG	1
panel30	walktrap	123	GOBP_DNA_DAMAGE_RESPONSE	GOBP_DNA_DAMAGE_RESPONSE	2/2	277/2116	0.0072202166064982	7.63898916967509	3.64475778523356	0.0170829478877583	0.068331791551033	0.0395605108979665	FANCG/FAAP24	2
panel30	walktrap	123	GOBP_OVARIAN_FOLLICLE_DEVELOPMENT	GOBP_OVARIAN_FOLLICLE_DEVELOPMENT	1/2	25/2116	0.04	42.32	6.39103201329035	0.0234954215769081	0.078318071923027	0.0453420416396472	FANCG	1
panel30	walktrap	123	GOBP_DEVELOPMENT_OF_PRIMARY_FEMALE_SEXUAL_CHARACTERISTICS	GOBP_DEVELOPMENT_OF_PRIMARY_FEMALE_SEXUAL_CHARACTERISTICS	1/2	44/2116	0.0227272727272727	24.0454545454545	4.75044652222522	0.0411651405256361	0.107903905997459	0.0624706824195814	FANCG	1
panel30	walktrap	123	GOBP_FEMALE_SEX_DIFFERENTIATION	GOBP_FEMALE_SEX_DIFFERENTIATION	1/2	47/2116	0.0212765957446809	22.5106382978723	4.58605937836247	0.0439403486662464	0.107903905997459	0.0624706824195814	FANCG	1
panel30	walktrap	123	GOBP_CELLULAR_PROCESS_INVOLVED_IN_REPRODUCTION_IN_MULTICELLULAR_ORGANISM	GOBP_CELLULAR_PROCESS_INVOLVED_IN_REPRODUCTION_IN_MULTICELLULAR_ORGANISM	1/2	52/2116	0.0192307692307692	20.3461538461539	4.34369331678817	0.0485567576988565	0.107903905997459	0.0624706824195814	FANCG	1
panel30	walktrap	123	GOBP_DEVELOPMENT_OF_PRIMARY_SEXUAL_CHARACTERISTICS	GOBP_DEVELOPMENT_OF_PRIMARY_SEXUAL_CHARACTERISTICS	1/2	63/2116	0.0158730158730159	16.7936507936508	3.91359628892161	0.0586735309496037	0.11456038349414	0.0663244325492392	FANCG	1
panel30	walktrap	99	GOBP_REGULATION_OF_TRANSLATIONAL_INITIATION	GOBP_REGULATION_OF_TRANSLATIONAL_INITIATION	2/2	33/2116	0.0606060606060606	64.1212121212121	11.2384225568824	0.000235959725964955	0.00385557298439895	0.00195927483780709	EIF4G2/EIF4G3	2
panel30	walktrap	99	GOBP_NEGATIVE_REGULATION_OF_AUTOPHAGY	GOBP_NEGATIVE_REGULATION_OF_AUTOPHAGY	2/2	35/2116	0.0571428571428571	60.4571428571429	10.9073615764306	0.000265901585130962	0.00385557298439895	0.00195927483780709	EIF4G2/EIF4G3	2
panel30	walktrap	99	GOBP_TRANSLATIONAL_INITIATION	GOBP_TRANSLATIONAL_INITIATION	2/2	51/2116	0.0392156862745098	41.4901960784314	9.00103876618008	0.000569789110994919	0.00550796140628422	0.00279896405401013	EIF4G2/EIF4G3	2
panel30	walktrap	99	GOBP_REGULATION_OF_TRANSLATION	GOBP_REGULATION_OF_TRANSLATION	2/2	76/2116	0.0263157894736842	27.8421052631579	7.32868372483589	0.00127364624810629	0.00923393529877059	0.0046923809140758	EIF4G2/EIF4G3	2
panel30	walktrap	99	GOBP_NEGATIVE_REGULATION_OF_CATABOLIC_PROCESS	GOBP_NEGATIVE_REGULATION_OF_CATABOLIC_PROCESS	2/2	93/2116	0.021505376344086	22.752688172043	6.59742040439362	0.0019118100524206	0.0110884983040395	0.00563480857555545	EIF4G2/EIF4G3	2
panel30	walktrap	99	GOBP_POST_TRANSCRIPTIONAL_REGULATION_OF_GENE_EXPRESSION	GOBP_POST_TRANSCRIPTIONAL_REGULATION_OF_GENE_EXPRESSION	2/2	105/2116	0.0190476190476191	20.152380952381	6.19054775205466	0.00244003807531942	0.0117935173640439	0.00599307597446875	EIF4G2/EIF4G3	2
panel30	walktrap	99	GOBP_TRANSLATION	GOBP_TRANSLATION	2/2	119/2116	0.0168067226890756	17.781512605042	5.79473051654512	0.00313763870454535	0.0129987889188308	0.0066055551674639	EIF4G2/EIF4G3	2
panel30	walktrap	99	GOBP_REGULATION_OF_AUTOPHAGY	GOBP_REGULATION_OF_AUTOPHAGY	2/2	149/2116	0.0134228187919463	14.2013422818792	5.13956943797179	0.00492744685319998	0.0178619948428499	0.00907687578221049	EIF4G2/EIF4G3	2
panel30	walktrap	99	GOBP_PROCESS_UTILIZING_AUTOPHAGIC_MECHANISM	GOBP_PROCESS_UTILIZING_AUTOPHAGIC_MECHANISM	2/2	224/2116	0.00892857142857143	9.44642857142857	4.11106410647893	0.011161610067615	0.0359651879956483	0.0182763205785508	EIF4G2/EIF4G3	2
panel30	walktrap	99	GOBP_SPERMATID_DIFFERENTIATION	GOBP_SPERMATID_DIFFERENTIATION	1/2	17/2116	0.0588235294117647	62.2352941176471	7.79538809910682	0.0160072754248839	0.0464210987321633	0.0235896690471973	EIF4G3	1
panel30	louvain	1	GOBP_POSITIVE_REGULATION_OF_RNA_METABOLIC_PROCESS	GOBP_POSITIVE_REGULATION_OF_RNA_METABOLIC_PROCESS	81/145	392/2116	0.206632653061225	3.01541168191415	11.9876498521273	8.25995214352822e-26	1.70981009371034e-22	1.11044691964671e-22	BAMBI/FOS/SMAD4/SIRT1/EP300/CHD8/TEAD1/DVL2/ZBTB17/SMAD6/ARNT/JUND/SKI/NFKB1/TBL1X/WWTR1/DAXX/NCOA3/THRB/RELA/PSEN1/BCL3/RXRA/ATRX/DDIT3/TP73/PPM1A/LRP5/DVL1/NCOA1/CREBBP/ATF2/FOXO1/WNT10B/KAT2B/NOTCH2/YAP1/BTRC/FOSB/NFYC/HIF1A/CREB1/CTNNB1/CRTC2/SMAD2/NFATC1/LRP6/RELB/NFATC2/RXRB/ATF4/THRA/YWHAH/TEAD4/FBXW11/ZFP36L1/SP1/NCOA2/FOSL1/RUVBL1/JUN/TBL1XR1/SMAD5/MYC/NFKB2/FZD5/SMAD1/FOXO3/HDAC1/NFYA/TGFBR1/YWHAB/DVL3/JUNB/SMAD9/CTBP1/CEBPB/TP53/IRF3/HIPK2/SMAD3	81
panel30	louvain	1	GOBP_POSITIVE_REGULATION_OF_TRANSCRIPTION_BY_RNA_POLYMERASE_II	GOBP_POSITIVE_REGULATION_OF_TRANSCRIPTION_BY_RNA_POLYMERASE_II	68/145	286/2116	0.237762237762238	3.4696889317579	12.1785505168545	1.4989688336027e-24	1.55143274277879e-21	1.00758775292949e-21	FOS/SMAD4/SIRT1/EP300/CHD8/TEAD1/DVL2/ZBTB17/ARNT/JUND/SKI/NFKB1/TBL1X/WWTR1/NCOA3/THRB/RELA/BCL3/RXRA/ATRX/DDIT3/TP73/LRP5/DVL1/NCOA1/CREBBP/ATF2/FOXO1/WNT10B/KAT2B/NOTCH2/YAP1/FOSB/NFYC/HIF1A/CREB1/CTNNB1/CRTC2/SMAD2/NFATC1/LRP6/RELB/NFATC2/RXRB/ATF4/THRA/TEAD4/SP1/NCOA2/JUN/TBL1XR1/SMAD5/MYC/NFKB2/FZD5/SMAD1/FOXO3/HDAC1/NFYA/YWHAB/DVL3/JUNB/SMAD9/CEBPB/TP53/IRF3/HIPK2/SMAD3	68
panel30	louvain	1	GOBP_NEGATIVE_REGULATION_OF_RNA_BIOSYNTHETIC_PROCESS	GOBP_NEGATIVE_REGULATION_OF_RNA_BIOSYNTHETIC_PROCESS	63/145	252/2116	0.25	3.64827586206897	12.1460877211437	9.61038193397421e-24	6.6311635344422e-21	4.30665086583728e-21	SMAD4/SIRT1/EP300/SKP1/CHD8/YWHAZ/YWHAQ/ZBTB17/JUND/TGIF1/SKI/NFKB1/TBL1X/TGIF2/WWTR1/DAXX/THRB/RELA/PSEN1/BCL3/RXRA/DDIT3/PPP1R13L/PPM1A/MDM2/CREBBP/ATF2/FOXO1/WNT10B/KAT2B/CBY1/NOTCH2/YAP1/BTRC/FOSB/HIF1A/CREB1/CTNNB1/SMAD2/NCOR1/RELB/NFATC2/ATF4/AXIN1/THRA/SMAD7/NCOA2/AMOT/JUN/TBL1XR1/SMURF2/SMAD5/MYC/NFKB2/FOXO3/HDAC1/YWHAB/CTBP1/CEBPB/TP53/IRF3/HIPK2/SMAD3	63
panel30	louvain	1	GOBP_NEGATIVE_REGULATION_OF_NUCLEOBASE_CONTAINING_COMPOUND_METABOLIC_PROCESS	GOBP_NEGATIVE_REGULATION_OF_NUCLEOBASE_CONTAINING_COMPOUND_METABOLIC_PROCESS	65/145	290/2116	0.224137931034483	3.27086801426873	11.2885037188184	1.09389224190602e-21	5.66089235186366e-19	3.67650214354365e-19	SMAD4/SIRT1/EP300/SKP1/CHD8/YWHAZ/YWHAQ/ZBTB17/JUND/TGIF1/SKI/FBXO5/NFKB1/TBL1X/TGIF2/WWTR1/DAXX/THRB/RELA/PSEN1/BCL3/RXRA/DDIT3/PPP1R13L/PPM1A/MDM2/CREBBP/ATF2/FOXO1/WNT10B/KAT2B/CBY1/NOTCH2/YAP1/BTRC/FOSB/HIF1A/CREB1/CTNNB1/SMAD2/NCOR1/RELB/NFATC2/ATF4/AXIN1/THRA/SMAD7/NCOA2/AMOT/JUN/TBL1XR1/SMURF2/AXIN2/SMAD5/MYC/NFKB2/FOXO3/HDAC1/YWHAB/CTBP1/CEBPB/TP53/IRF3/HIPK2/SMAD3	65
panel30	louvain	1	GOBP_NEGATIVE_REGULATION_OF_TRANSCRIPTION_BY_RNA_POLYMERASE_II	GOBP_NEGATIVE_REGULATION_OF_TRANSCRIPTION_BY_RNA_POLYMERASE_II	52/145	190/2116	0.273684210526316	3.99390199637024	11.7295706045631	4.25488053280416e-21	1.76152054058092e-18	1.14403059461285e-18	SMAD4/SIRT1/EP300/CHD8/YWHAZ/ZBTB17/JUND/TGIF1/SKI/NFKB1/TBL1X/TGIF2/WWTR1/THRB/RELA/PSEN1/RXRA/DDIT3/PPP1R13L/PPM1A/MDM2/CREBBP/ATF2/FOXO1/WNT10B/KAT2B/NOTCH2/YAP1/BTRC/FOSB/CTNNB1/NCOR1/NFATC2/ATF4/THRA/SMAD7/NCOA2/AMOT/JUN/TBL1XR1/SMURF2/SMAD5/MYC/NFKB2/FOXO3/HDAC1/CTBP1/CEBPB/TP53/IRF3/HIPK2/SMAD3	52
panel30	louvain	1	GOBP_WNT_SIGNALING_PATHWAY	GOBP_WNT_SIGNALING_PATHWAY	50/145	185/2116	0.27027027027027	3.94408201304753	11.3668598703728	6.01412332112367e-20	2.07487254578767e-17	1.3475390253017e-17	BAMBI/SMAD4/EP300/STK3/TCF7L1/CHD8/DVL2/LATS1/SKI/NFKB1/TBL1X/WWTR1/PSEN1/DDIT3/PPM1A/LRP5/DVL1/GSK3B/FOXO1/WNT10B/CBY1/YAP1/BTRC/CTNNB1/NFATC1/LRP6/FRAT1/VANGL1/AXIN1/TSC2/SMAD7/FBXW11/APC/RUVBL1/CSNK1E/TBL1XR1/SIAH1/SMURF2/AXIN2/MYC/CSNK1D/FZD5/FOXO3/HDAC1/SMURF1/STK4/DVL3/LATS2/CSNK1A1/SMAD3	50
panel30	louvain	1	GOBP_CANONICAL_WNT_SIGNALING_PATHWAY	GOBP_CANONICAL_WNT_SIGNALING_PATHWAY	43/145	140/2116	0.307142857142857	4.48216748768473	11.5615504556863	2.26185731080149e-19	6.68863519051296e-17	4.34397619435507e-17	BAMBI/SMAD4/EP300/STK3/TCF7L1/CHD8/DVL2/LATS1/NFKB1/TBL1X/WWTR1/PSEN1/DDIT3/PPM1A/LRP5/DVL1/GSK3B/FOXO1/WNT10B/CBY1/YAP1/BTRC/CTNNB1/LRP6/FRAT1/AXIN1/SMAD7/APC/RUVBL1/CSNK1E/TBL1XR1/SIAH1/SMURF2/AXIN2/CSNK1D/FZD5/FOXO3/HDAC1/STK4/DVL3/LATS2/CSNK1A1/SMAD3	43
panel30	louvain	1	GOBP_REGULATION_OF_WNT_SIGNALING_PATHWAY	GOBP_REGULATION_OF_WNT_SIGNALING_PATHWAY	37/145	132/2116	0.28030303030303	4.09049111807733	9.94350522577739	3.85385748331159e-15	9.97185623806875e-13	6.47628475434607e-13	BAMBI/SMAD4/STK3/TCF7L1/CHD8/LATS1/SKI/NFKB1/TBL1X/WWTR1/PSEN1/DDIT3/PPM1A/GSK3B/FOXO1/WNT10B/CBY1/YAP1/BTRC/CTNNB1/NFATC1/FRAT1/AXIN1/TSC2/APC/RUVBL1/CSNK1E/TBL1XR1/SMURF2/AXIN2/CSNK1D/FOXO3/HDAC1/STK4/LATS2/CSNK1A1/SMAD3	37
panel30	louvain	1	GOBP_REGULATION_OF_CANONICAL_WNT_SIGNALING_PATHWAY	GOBP_REGULATION_OF_CANONICAL_WNT_SIGNALING_PATHWAY	33/145	111/2116	0.297297297297297	4.33849021435228	9.79828986933898	2.42524394869896e-14	5.57806108200761e-12	3.62270685434725e-12	BAMBI/SMAD4/STK3/CHD8/LATS1/NFKB1/TBL1X/WWTR1/PSEN1/DDIT3/PPM1A/GSK3B/FOXO1/WNT10B/CBY1/YAP1/BTRC/CTNNB1/FRAT1/AXIN1/APC/RUVBL1/CSNK1E/TBL1XR1/SMURF2/AXIN2/CSNK1D/FOXO3/HDAC1/STK4/LATS2/CSNK1A1/SMAD3	33
panel30	louvain	1	GOBP_RESPONSE_TO_ENDOGENOUS_STIMULUS	GOBP_RESPONSE_TO_ENDOGENOUS_STIMULUS	71/145	481/2116	0.147609147609148	2.15407556097211	7.80807145163466	5.33102048840509e-13	1.10352124109985e-10	7.16688810910509e-11	BAMBI/FOS/SMAD4/SIRT1/EP300/SKP1/TGFBR2/LATS1/SMAD6/ARNT/JUND/TGIF1/SKI/YWHAG/NFKB1/DAXX/NCOA3/THRB/RELA/RXRA/DDIT3/PPM1A/LEMD3/NCOA1/GSK3B/CREBBP/ATF2/FOXO1/WNT10B/KAT2B/NOTCH2/YAP1/CACYBP/FOSB/ACVR1C/HIF1A/CREB1/CTNNB1/SMAD2/NCOR1/SCUBE3/LRP6/RXRB/AXIN1/THRA/SKP2/TSC2/YWHAH/SMAD7/ZFP36L1/SP1/APC/NCOA2/JUN/TBC1D4/SMURF2/AXIN2/SMAD5/MYC/SMAD1/FOXO3/HDAC1/SMURF1/TGFBR1/JUNB/LATS2/SMAD9/CUL1/HIPK2/SMAD3/PRKCI	71
panel30	louvain	2	GOBP_ANTIMICROBIAL_HUMORAL_IMMUNE_RESPONSE_MEDIATED_BY_ANTIMICROBIAL_PEPTIDE	GOBP_ANTIMICROBIAL_HUMORAL_IMMUNE_RESPONSE_MEDIATED_BY_ANTIMICROBIAL_PEPTIDE	17/27	32/2116	0.53125	41.6342592592593	26.3260878982391	4.94965320110255e-27	3.55880065159273e-24	2.05607023415104e-24	CXCL2/CCL20/CXCL3/CCL21/CXCL1/CXCL12/CXCL9/CX3CL1/CCL13/CCL17/CXCL11/CXCL10/CXCL8/CCL5/CCL2/CCL4L2/CXCL5	17
panel30	louvain	2	GOBP_ANTIMICROBIAL_HUMORAL_RESPONSE	GOBP_ANTIMICROBIAL_HUMORAL_RESPONSE	17/27	38/2116	0.447368421052632	35.0604288499025	24.0816913838246	2.45040178002986e-25	8.80919439920735e-23	5.08944562066274e-23	CXCL2/CCL20/CXCL3/CCL21/CXCL1/CXCL12/CXCL9/CX3CL1/CCL13/CCL17/CXCL11/CXCL10/CXCL8/CCL5/CCL2/CCL4L2/CXCL5	17
panel30	louvain	2	GOBP_G_PROTEIN_COUPLED_RECEPTOR_SIGNALING_PATHWAY	GOBP_G_PROTEIN_COUPLED_RECEPTOR_SIGNALING_PATHWAY	22/27	129/2116	0.170542635658915	13.3654895205283	16.4730904584264	1.96083895594344e-23	4.69947736441111e-21	2.71508760141085e-21	GNG12/GNB5/GNA12/GNB1/GNB3/GNG11/CCL21/CXCL1/LPAR1/GNG7/CXCL12/CXCL9/CX3CL1/CCL13/CXCL11/CXCL10/CXCL8/CCL5/F2R/GNG2/CCL2/CCL4L2	22
panel30	louvain	2	GOBP_HUMORAL_IMMUNE_RESPONSE	GOBP_HUMORAL_IMMUNE_RESPONSE	17/27	55/2116	0.309090909090909	24.223569023569	19.8353176669298	5.3764757628594e-22	9.66421518373978e-20	5.58342742991941e-20	CXCL2/CCL20/CXCL3/CCL21/CXCL1/CXCL12/CXCL9/CX3CL1/CCL13/CCL17/CXCL11/CXCL10/CXCL8/CCL5/CCL2/CCL4L2/CXCL5	17
panel30	louvain	2	GOBP_DISRUPTION_OF_ANATOMICAL_STRUCTURE_IN_ANOTHER_ORGANISM	GOBP_DISRUPTION_OF_ANATOMICAL_STRUCTURE_IN_ANOTHER_ORGANISM	12/27	27/2116	0.444444444444444	34.8312757201646	20.1093894337722	1.67833294136678e-17	2.41344276968543e-15	1.3943483567579e-15	CXCL2/CCL20/CXCL3/CCL21/CXCL1/CXCL12/CXCL9/CCL13/CCL17/CXCL11/CXCL10/CXCL8	12
panel30	louvain	2	GOBP_CELL_CHEMOTAXIS	GOBP_CELL_CHEMOTAXIS	18/27	120/2116	0.15	11.7555555555556	13.7883103604954	3.16963843576085e-17	3.79828339218675e-15	2.19442958122712e-15	CXCL2/CCL20/CXCL3/CCL21/CXCL1/LPAR1/CXCL12/CXCL9/CX3CL1/CCL13/CCL17/CXCL11/CXCL10/CXCL8/CCL5/CCL2/CCL4L2/CXCL5	18
panel30	louvain	2	GOBP_TAXIS	GOBP_TAXIS	18/27	155/2116	0.116129032258065	9.1010752688172	11.9079654939606	3.74435140752281e-15	3.84598380286986e-13	2.22198813371823e-13	CXCL2/CCL20/CXCL3/CCL21/CXCL1/LPAR1/CXCL12/CXCL9/CX3CL1/CCL13/CCL17/CXCL11/CXCL10/CXCL8/CCL5/CCL2/CCL4L2/CXCL5	18
panel30	louvain	2	GOBP_RESPONSE_TO_CHEMOKINE	GOBP_RESPONSE_TO_CHEMOKINE	10/27	24/2116	0.416666666666667	32.6543209876543	17.7266075796547	3.0736177808156e-14	2.76241398050802e-12	1.59596384169012e-12	CCL21/CXCL12/CXCL9/CX3CL1/CCL13/CXCL11/CXCL10/CCL5/CCL2/CCL4L2	10
panel30	louvain	2	GOBP_LEUKOCYTE_CHEMOTAXIS	GOBP_LEUKOCYTE_CHEMOTAXIS	13/27	86/2116	0.151162790697674	11.8466838931955	11.6725579368066	4.1787989927963e-12	3.33839608424504e-10	1.92873315777063e-10	CXCL3/CCL21/CXCL12/CXCL9/CX3CL1/CCL13/CXCL11/CXCL10/CXCL8/CCL5/CCL2/CCL4L2/CXCL5	13
panel30	louvain	2	GOBP_GRANULOCYTE_CHEMOTAXIS	GOBP_GRANULOCYTE_CHEMOTAXIS	11/27	53/2116	0.207547169811321	16.2655485674354	12.7928875973412	7.95286636735773e-12	5.71811091813021e-10	3.30359545401338e-10	CXCL3/CCL21/CXCL9/CX3CL1/CCL13/CXCL10/CXCL8/CCL5/CCL2/CCL4L2/CXCL5	11
panel30	louvain	3	GOBP_ANTIGEN_PROCESSING_AND_PRESENTATION_OF_PEPTIDE_ANTIGEN	GOBP_ANTIGEN_PROCESSING_AND_PRESENTATION_OF_PEPTIDE_ANTIGEN	26/47	40/2116	0.65	29.2638297872341	27.1938814261397	4.11356313168558e-37	3.63227624527837e-34	3.63227624527837e-34	B2M/HLA-DQB2/HLA-B/HLA-DRA/HLA-G/HLA-DQA1/PDIA3/TAPBP/CD74/HLA-F/HLA-DQB1/HLA-DQA2/HLA-DMA/HLA-DPA1/CALR/HLA-DOB/HLA-DRB1/HLA-E/TAP1/HLA-DPB1/TAP2/HLA-DOA/HLA-DMB/HLA-C/HLA-A/HLA-DRB5	26
panel30	louvain	3	GOBP_ANTIGEN_PROCESSING_AND_PRESENTATION	GOBP_ANTIGEN_PROCESSING_AND_PRESENTATION	27/47	51/2116	0.529411764705882	23.8347934918648	24.8740222189534	3.74748873223245e-35	1.65451627528063e-32	1.65451627528063e-32	B2M/HLA-DQB2/CD8A/HLA-B/HLA-DRA/HLA-G/HLA-DQA1/PDIA3/TAPBP/CD74/HLA-F/HLA-DQB1/HLA-DQA2/HLA-DMA/HLA-DPA1/CALR/HLA-DOB/HLA-DRB1/HLA-E/TAP1/HLA-DPB1/TAP2/HLA-DOA/HLA-DMB/HLA-C/HLA-A/HLA-DRB5	27
panel30	louvain	3	GOBP_ANTIGEN_PROCESSING_AND_PRESENTATION_OF_EXOGENOUS_PEPTIDE_ANTIGEN	GOBP_ANTIGEN_PROCESSING_AND_PRESENTATION_OF_EXOGENOUS_PEPTIDE_ANTIGEN	22/47	33/2116	0.666666666666667	30.0141843971631	25.313172068698	2.18788112174125e-31	6.43966343499174e-29	6.43966343499174e-29	B2M/HLA-DQB2/HLA-B/HLA-DRA/HLA-G/HLA-DQA1/CD74/HLA-F/HLA-DQB1/HLA-DQA2/HLA-DMA/HLA-DPA1/HLA-DOB/HLA-DRB1/HLA-E/HLA-DPB1/TAP2/HLA-DOA/HLA-DMB/HLA-C/HLA-A/HLA-DRB5	22
panel30	louvain	3	GOBP_ANTIGEN_PROCESSING_AND_PRESENTATION_OF_EXOGENOUS_ANTIGEN	GOBP_ANTIGEN_PROCESSING_AND_PRESENTATION_OF_EXOGENOUS_ANTIGEN	22/47	34/2116	0.647058823529412	29.1314142678348	24.9180774688107	6.12786460262991e-31	1.35272611103055e-28	1.35272611103055e-28	B2M/HLA-DQB2/HLA-B/HLA-DRA/HLA-G/HLA-DQA1/CD74/HLA-F/HLA-DQB1/HLA-DQA2/HLA-DMA/HLA-DPA1/HLA-DOB/HLA-DRB1/HLA-E/HLA-DPB1/TAP2/HLA-DOA/HLA-DMB/HLA-C/HLA-A/HLA-DRB5	22
panel30	louvain	3	GOBP_PEPTIDE_ANTIGEN_ASSEMBLY_WITH_MHC_PROTEIN_COMPLEX	GOBP_PEPTIDE_ANTIGEN_ASSEMBLY_WITH_MHC_PROTEIN_COMPLEX	18/47	19/2116	0.947368421052632	42.6517357222844	27.481128248897	8.15388890890891e-31	1.43997678131331e-28	1.43997678131331e-28	B2M/HLA-DQB2/HLA-DRA/HLA-DQA1/PDIA3/TAPBP/HLA-DQB1/HLA-DQA2/HLA-DMA/HLA-DPA1/CALR/HLA-DOB/HLA-DRB1/HLA-DPB1/HLA-DOA/HLA-DMB/HLA-A/HLA-DRB5	18
panel30	louvain	3	GOBP_ADAPTIVE_IMMUNE_RESPONSE	GOBP_ADAPTIVE_IMMUNE_RESPONSE	31/47	162/2116	0.191358024691358	8.61518255844497	15.1984540984226	8.0548466358175e-25	1.08728203596984e-22	1.08728203596984e-22	B2M/HLA-DQB2/CD8A/HLA-B/HLA-DRA/HLA-G/HLA-DQA1/PDIA3/KLRD1/CD74/HLA-F/IL27RA/HLA-DQB1/HLA-DQA2/HLA-DMA/HLA-DPA1/KLRC1/HLA-DOB/HLA-DRB1/HLA-E/CD86/TAP1/CD8B/HLA-DPB1/TAP2/HLA-DOA/HLA-DMB/HLA-C/CD80/HLA-A/HLA-DRB5	31
panel30	louvain	3	GOBP_PEPTIDE_ANTIGEN_ASSEMBLY_WITH_MHC_CLASS_II_PROTEIN_COMPLEX	GOBP_PEPTIDE_ANTIGEN_ASSEMBLY_WITH_MHC_CLASS_II_PROTEIN_COMPLEX	14/47	14/2116	1	45.0212765957447	24.9019962974935	8.61944988877563e-25	1.08728203596984e-22	1.08728203596984e-22	B2M/HLA-DQB2/HLA-DRA/HLA-DQA1/HLA-DQB1/HLA-DQA2/HLA-DMA/HLA-DPA1/HLA-DOB/HLA-DRB1/HLA-DPB1/HLA-DOA/HLA-DMB/HLA-DRB5	14
panel30	louvain	3	GOBP_ANTIGEN_PROCESSING_AND_PRESENTATION_OF_EXOGENOUS_PEPTIDE_ANTIGEN_VIA_MHC_CLASS_II	GOBP_ANTIGEN_PROCESSING_AND_PRESENTATION_OF_EXOGENOUS_PEPTIDE_ANTIGEN_VIA_MHC_CLASS_II	15/47	23/2116	0.652173913043478	29.3617021276596	20.607981927013	5.91287254737048e-21	6.52633307416017e-19	6.52633307416017e-19	B2M/HLA-DQB2/HLA-DRA/HLA-DQA1/CD74/HLA-DQB1/HLA-DQA2/HLA-DMA/HLA-DPA1/HLA-DOB/HLA-DRB1/HLA-DPB1/HLA-DOA/HLA-DMB/HLA-DRB5	15
panel30	louvain	3	GOBP_ANTIGEN_PROCESSING_AND_PRESENTATION_OF_PEPTIDE_OR_POLYSACCHARIDE_ANTIGEN_VIA_MHC_CLASS_II	GOBP_ANTIGEN_PROCESSING_AND_PRESENTATION_OF_PEPTIDE_OR_POLYSACCHARIDE_ANTIGEN_VIA_MHC_CLASS_II	15/47	24/2116	0.625	28.1382978723404	20.1479681317808	1.55418098313229e-20	1.52482423122868e-18	1.52482423122868e-18	B2M/HLA-DQB2/HLA-DRA/HLA-DQA1/CD74/HLA-DQB1/HLA-DQA2/HLA-DMA/HLA-DPA1/HLA-DOB/HLA-DRB1/HLA-DPB1/HLA-DOA/HLA-DMB/HLA-DRB5	15
panel30	louvain	3	GOBP_ANTIGEN_PROCESSING_AND_PRESENTATION_OF_ENDOGENOUS_ANTIGEN	GOBP_ANTIGEN_PROCESSING_AND_PRESENTATION_OF_ENDOGENOUS_ANTIGEN	13/47	16/2116	0.8125	36.5797872340426	21.5267050404171	2.8530720886289e-20	2.51926265425932e-18	2.51926265425932e-18	B2M/HLA-B/HLA-DRA/HLA-G/TAPBP/CD74/HLA-F/HLA-DRB1/HLA-E/TAP1/TAP2/HLA-C/HLA-A	13
panel30	louvain	4	GOBP_CELL_SURFACE_RECEPTOR_PROTEIN_TYROSINE_KINASE_SIGNALING_PATHWAY	GOBP_CELL_SURFACE_RECEPTOR_PROTEIN_TYROSINE_KINASE_SIGNALING_PATHWAY	88/198	236/2116	0.372881355932203	3.984934086629	15.626988836151	9.84055231484004e-38	2.21609238130198e-34	1.08485608682307e-34	PDGFRB/CAV2/CSF1R/FLT4/IRS1/MAPK14/STAT6/EPHA2/PIK3CB/SOS1/STAT5A/AKT1/LYN/PIK3R1/GP6/GHR/SOCS3/ERBB2/JAK1/PIK3R2/PIK3CD/STAT3/PGF/SOCS2/PTPN11/MAP2K1/SHC1/KDR/JAK2/IRS4/VEGFC/ERBB3/CSF1/PIK3CA/VEGFD/KIT/RPS6KB2/LCK/GRB2/JAK3/SRC/FLT3/BRAF/IGF1R/MAPK3/PDGFB/ABL1/IRS2/CSF2RA/HRAS/HSPB1/PDPK1/PRKCZ/MET/EGFR/CRK/TYK2/PRKCB/PLCG1/VAV2/EFNA1/AREG/PDGFRA/RET/RAC1/FLT1/SOCS4/PAK2/MAPK1/GRB10/PTK2/TGFA/EREG/MAP2K2/RAPGEF1/INSR/VAV1/EFNA4/STAT5B/PIK3R3/FGF2/CRKL/EGF/ITGA5/FYN/RASA1/ERBB4/CD4	88
panel30	louvain	4	GOBP_CELL_SURFACE_RECEPTOR_SIGNALING_PATHWAY_VIA_STAT	GOBP_CELL_SURFACE_RECEPTOR_SIGNALING_PATHWAY_VIA_STAT	45/198	80/2116	0.5625	6.01136363636364	14.6782913423047	1.46094073910558e-27	1.64501927223288e-24	8.05295476614843e-25	IL15/IFNAR1/CSF1R/IL4R/IL6/IL2RG/IFNAR2/STAT6/STAT5A/STAT4/GHR/SOCS3/LIF/JAK1/STAT3/CTF1/SOCS2/STAT2/LEPR/CSF2/CLCF1/JAK2/OSM/KIT/JAK3/FLT3/CSF2RA/IL15RA/IL13RA1/CAV1/CRLF2/IL6R/TYK2/RAC1/IL2RB/STAT1/IL6ST/CSF2RB/PIAS1/IL7R/IL2RA/STAT5B/EGF/ERBB4/IL7	45
panel30	louvain	4	GOBP_POSITIVE_REGULATION_OF_CELL_POPULATION_PROLIFERATION	GOBP_POSITIVE_REGULATION_OF_CELL_POPULATION_PROLIFERATION	90/198	322/2116	0.279503105590062	2.98701298701299	12.438869218777	2.93554652249811e-27	2.20361692288858e-24	1.07874890595377e-24	IL15/PDGFRB/CAV2/CSF1R/CDC42/FLT4/IRS1/NRAS/IL6/IL2RG/MAPK14/TLR9/STAT5A/ADAM10/AKT1/LYN/PIK3R1/GHR/LIF/ERBB2/FLT3LG/PIK3CD/STAT3/CTF1/PGF/ZAP70/PRKCA/SHC1/BTK/LEPR/KDR/CSF2/KRAS/CLCF1/LIFR/JAK2/VEGFC/ERBB3/OSM/CSF1/OSMR/PIK3CA/VEGFD/KIT/CNTFR/FLT3/IGF1R/MAPK3/PDGFB/ABL1/IRS2/CSF2RA/NF1/HRAS/PDPK1/CRLF2/IL6R/EGFR/TYK2/ESR1/PLCG1/AREG/PDGFRA/IL2RB/FLT1/STAT1/IL6ST/MAPK1/RAC2/CSF2RB/DLG1/PTK2/TGFA/EREG/PTPN6/CSF3R/IL7R/IL2RA/INSR/STAT5B/PTEN/KITLG/FGF2/CRKL/EGF/ILK/ERBB4/CD4/IL7/ITGAX	90
panel30	louvain	4	GOBP_CELL_SURFACE_RECEPTOR_SIGNALING_PATHWAY_VIA_JAK_STAT	GOBP_CELL_SURFACE_RECEPTOR_SIGNALING_PATHWAY_VIA_JAK_STAT	42/198	71/2116	0.591549295774648	6.32180964575331	14.6522842108267	6.28416375435692e-27	3.53798419370295e-24	1.73196917240764e-24	IL15/IFNAR1/CSF1R/IL4R/IL6/IL2RG/IFNAR2/STAT6/STAT5A/STAT4/GHR/SOCS3/JAK1/STAT3/CTF1/SOCS2/STAT2/CSF2/CLCF1/JAK2/OSM/KIT/JAK3/FLT3/CSF2RA/IL15RA/IL13RA1/CAV1/IL6R/TYK2/RAC1/IL2RB/STAT1/IL6ST/CSF2RB/PIAS1/IL7R/IL2RA/STAT5B/EGF/ERBB4/IL7	42
panel30	louvain	4	GOBP_ENZYME_LINKED_RECEPTOR_PROTEIN_SIGNALING_PATHWAY	GOBP_ENZYME_LINKED_RECEPTOR_PROTEIN_SIGNALING_PATHWAY	96/198	375/2116	0.256	2.73583838383838	11.9038930241517	4.41737985995535e-26	1.98958788892389e-23	9.73974076974377e-24	PDGFRB/CAV2/CSF1R/HSPA1A/FLT4/IRS1/MAPK14/STAT6/EPHA2/PIK3CB/SOS1/STAT5A/AKT1/LYN/PIK3R1/GP6/GHR/SOCS3/LIF/ERBB2/JAK1/PIK3R2/PIK3CD/STAT3/PGF/SOCS2/PTPN11/MAP2K1/PIAS2/SHC1/KDR/LIFR/JAK2/IRS4/VEGFC/ERBB3/CSF1/PIK3CA/VEGFD/KIT/RPS6KB2/LCK/GRB2/JAK3/SRC/FLT3/BRAF/IGF1R/MAPK3/PDGFB/ABL1/IRS2/CSF2RA/HRAS/HSPB1/PDPK1/CAV1/PRKCZ/MET/EGFR/CRK/TYK2/PRKCB/PLCG1/VAV2/EFNA1/AREG/PDGFRA/RET/RAC1/FLT1/SOCS4/IL6ST/PAK2/MAPK1/GRB10/PTK2/TGFA/EREG/MAP2K2/RAPGEF1/INSR/VAV1/EFNA4/STAT5B/PIK3R3/FGF2/CRKL/EGF/ILK/ITGA5/FYN/RASA1/ERBB4/CD4/HSP90AB1	96
panel30	louvain	4	GOBP_CYTOKINE_MEDIATED_SIGNALING_PATHWAY	GOBP_CYTOKINE_MEDIATED_SIGNALING_PATHWAY	71/198	230/2116	0.308695652173913	3.2989898989899	11.8629750363509	1.49277592854044e-23	5.60288565178847e-21	2.74281192174186e-21	IL15/IFNAR1/CSF1R/SRSF1/HSPA1A/IL4R/IRS1/IL6/IL2RG/MAPK14/IFNAR2/STAT6/SOS1/STAT5A/ADAM10/STAT4/AKT1/LYN/PIK3R1/HSPA1B/GHR/SOCS3/JAK1/STAT3/SOCS2/PTPN11/STAT2/EPOR/LEPR/CSF2/KRAS/CLCF1/LIFR/JAK2/OSM/CSF1/OSMR/KIT/CNTFR/JAK3/SRC/FLT3/MAPK3/PDGFB/CSF2RA/IL15RA/IL13RA1/CAV1/IL22RA1/CRLF2/IL6R/TYK2/PIAS3/IL2RB/STAT1/SOCS4/IL6ST/MAPK1/CSF2RB/CDC37/EREG/PTPN6/CSF3R/IFNGR1/IL7R/PRKACA/IL2RA/STAT5B/ILK/CD4/IL7	71
panel30	louvain	4	GOBP_PEPTIDYL_TYROSINE_MODIFICATION	GOBP_PEPTIDYL_TYROSINE_MODIFICATION	34/198	59/2116	0.576271186440678	6.15853449751755	12.9091806628866	2.76061236742695e-21	8.88128435920784e-19	4.34770476049944e-19	IL15/PDGFRB/CSF1R/FLT4/IL4R/IL6/IL2RG/LYN/LIF/ERBB2/CTF1/ZAP70/BTK/KDR/JAK2/ITGB2/OSM/KIT/JAK3/SRC/FLT3/IGF1R/MAPK3/PDGFB/IL13RA1/EGFR/PDGFRA/FLT1/SOCS4/PTPN6/IL7R/FYN/ERBB4/IL7	34
panel30	louvain	4	GOBP_CELL_MIGRATION	GOBP_CELL_MIGRATION	97/198	440/2116	0.220454545454545	2.35596877869605	10.2660293285204	7.715718084446e-21	2.17197464077155e-18	1.06325888277366e-18	PDGFRB/UBE2I/CSF1R/CDC42/FLT4/CDH1/IL6/ITGAL/MAPK14/EPHA2/PIK3CB/SOS1/STAT5A/ADAM10/AKT1/LYN/PIK3R1/SDC4/MAP2K3/PIK3CD/STAT3/PGF/PTPN11/MAP2K1/ZAP70/PRKCA/APP/KDR/PIK3CG/CSF2/JAK2/VEGFC/ITGB2/CSF1/PKN1/PIK3CA/VEGFD/KIT/LCK/HSPA8/SDC3/SRC/ROCK2/FLT3/BRAF/IGF1R/MAPK3/PDGFB/ABL1/IRS2/NF1/HRAS/HSPB1/PDPK1/CAV1/MET/IL6R/EGFR/CRK/S100A8/PLCG1/VAV2/EFNA1/PDGFRA/RET/RAC1/FLT1/STAT1/DOCK1/PAK2/MAPK1/RAC2/GRB10/PTK2/S100A9/CSF3R/PKN2/ADAM15/INSR/VAV1/STAT5B/PTEN/ICAM1/PIK3R3/RHOA/FGF2/CRKL/EGF/ROCK1/HSP90AA1/ILK/ITGA5/FYN/ERBB4/PLCG2/CD4/ITGAX	97
panel30	louvain	4	GOBP_RESPONSE_TO_PEPTIDE_HORMONE	GOBP_RESPONSE_TO_PEPTIDE_HORMONE	54/198	153/2116	0.352941176470588	3.77183600713013	11.434484162086	1.301797537395e-20	3.25738672690392e-18	1.59460672652205e-18	CYBB/CAV2/IRS1/MAPK14/STAT6/SOS1/STAT5A/STAT4/AKT1/LYN/PIK3R1/GHR/SOCS3/JAK1/PIK3R2/STAT3/SOCS2/PTPN11/MAP2K1/STAT2/PRKCA/SHC1/JAK2/IRS4/PIK3CA/RPS6KB2/GRB2/JAK3/SRC/ROCK2/IGF1R/MAPK3/IRS2/CSF2RA/HRAS/PDPK1/CAV1/PRKCZ/CRK/TYK2/PRKCB/AREG/RAC1/STAT1/MAPK1/GRB10/PTK2/EREG/PRKACA/INSR/STAT5B/PIK3R3/ROCK1/FYN	54
panel30	louvain	4	GOBP_CELL_ACTIVATION	GOBP_CELL_ACTIVATION	85/198	352/2116	0.241477272727273	2.58063590449954	10.4331959405379	1.56558317821704e-20	3.52569331734477e-18	1.72595235102327e-18	IL15/IL4R/IL6/ITGAL/IL2RG/MAPK14/STAT6/PIK3CB/TLR9/SOS1/RPS6KA1/STAT5A/ADAM10/STAT4/AKT1/LYN/PIK3R1/GP6/SOCS3/SDC4/ERBB2/JAK1/PIK3R2/FLT3LG/PIK3CD/STAT3/PTPN11/PIK3R6/ZAP70/PRKCA/BTK/LEPR/APP/PIK3CG/CSF2/CLCF1/JAK2/ITGB2/ITGAM/CSF1/PKN1/PIK3CA/CD19/KIT/LCK/GRB2/JAK3/SRC/FLT3/BRAF/PDGFB/ABL1/IRS2/LAT/HSPB1/IL15RA/PDPK1/CAV1/PRKCZ/CRLF2/IL6R/TYK2/PRKCB/MAPT/VAV2/PDGFRA/IL6ST/RAC2/DLG1/ICAM3/PTPN6/IFNGR1/IL7R/IL2RA/VAV1/STAT5B/ICAM1/PIK3R3/RHOA/GP1BB/ILK/FYN/PLCG2/CD4/IL7	85
panel30	louvain	5	GOBP_OXIDATIVE_PHOSPHORYLATION	GOBP_OXIDATIVE_PHOSPHORYLATION	62/65	73/2116	0.849315068493151	27.6484720758693	41.2409436499877	7.80758689990151e-104	1.74109187867804e-101	1.74109187867804e-101	COX6B1/COX5B/NDUFB1/NDUFS7/NDUFA3/NDUFB2/COX5A/NDUFAB1/NDUFA6/NDUFA7/NDUFS6/NDUFB6/NDUFA2/NDUFV3/COX7A2/COX7A2L/COX7A1/NDUFS8/NDUFB7/NDUFS3/CYC1/NDUFA12/UQCR10/NDUFB10/UQCRFS1/NDUFA9/NDUFB9/NDUFV2/COX7C/NDUFS4/UQCR11/NDUFB11/NDUFB4/UQCRH/UQCRHL/NDUFC2-KCTD14/NDUFA11/COX7B/NDUFA1/COX6A1/UQCRB/NDUFV1/NDUFA10/NDUFA5/COX4I2/NDUFC2/NDUFA8/CYCS/NDUFA13/NDUFB3/NDUFS2/COX6C/NDUFB8/NDUFS1/UQCRQ/COX4I1/UQCRC1/COX8A/NDUFC1/NDUFB5/UQCRC2/NDUFS5	62
panel30	louvain	5	GOBP_ATP_SYNTHESIS_COUPLED_ELECTRON_TRANSPORT	GOBP_ATP_SYNTHESIS_COUPLED_ELECTRON_TRANSPORT	60/65	68/2116	0.882352941176471	28.7239819004525	41.3593896205683	3.41484586959189e-101	3.80755314459496e-99	3.80755314459496e-99	COX6B1/COX5B/NDUFB1/NDUFS7/NDUFA3/NDUFB2/COX5A/NDUFAB1/NDUFA6/NDUFA7/NDUFS6/NDUFB6/NDUFA2/NDUFV3/COX7A2/COX7A2L/COX7A1/NDUFS8/NDUFB7/NDUFS3/CYC1/NDUFA12/UQCR10/NDUFB10/UQCRFS1/NDUFA9/NDUFB9/NDUFV2/COX7C/NDUFS4/UQCR11/NDUFB4/UQCRH/UQCRHL/NDUFC2-KCTD14/NDUFA11/COX7B/NDUFA1/COX6A1/UQCRB/NDUFV1/NDUFA10/NDUFA5/COX4I2/NDUFC2/NDUFA8/CYCS/NDUFB3/NDUFS2/COX6C/NDUFB8/NDUFS1/UQCRQ/COX4I1/UQCRC1/COX8A/NDUFC1/NDUFB5/UQCRC2/NDUFS5	60
panel30	louvain	5	GOBP_ELECTRON_TRANSPORT_CHAIN	GOBP_ELECTRON_TRANSPORT_CHAIN	60/65	71/2116	0.845070422535211	27.510292524377	40.4413898056907	1.17437721038355e-98	8.72953726385106e-97	8.72953726385106e-97	COX6B1/COX5B/NDUFB1/NDUFS7/NDUFA3/NDUFB2/COX5A/NDUFAB1/NDUFA6/NDUFA7/NDUFS6/NDUFB6/NDUFA2/NDUFV3/COX7A2/COX7A2L/COX7A1/NDUFS8/NDUFB7/NDUFS3/CYC1/NDUFA12/UQCR10/NDUFB10/UQCRFS1/NDUFA9/NDUFB9/NDUFV2/COX7C/NDUFS4/UQCR11/NDUFB4/UQCRH/UQCRHL/NDUFC2-KCTD14/NDUFA11/COX7B/NDUFA1/COX6A1/UQCRB/NDUFV1/NDUFA10/NDUFA5/COX4I2/NDUFC2/NDUFA8/CYCS/NDUFB3/NDUFS2/COX6C/NDUFB8/NDUFS1/UQCRQ/COX4I1/UQCRC1/COX8A/NDUFC1/NDUFB5/UQCRC2/NDUFS5	60
panel30	louvain	5	GOBP_CELLULAR_RESPIRATION	GOBP_CELLULAR_RESPIRATION	62/65	125/2116	0.496	16.1467076923077	31.0718173115361	6.13519647375595e-80	3.42037203411894e-78	3.42037203411894e-78	COX6B1/COX5B/NDUFB1/NDUFS7/NDUFA3/NDUFB2/COX5A/NDUFAB1/NDUFA6/NDUFA7/NDUFS6/NDUFB6/NDUFA2/NDUFV3/COX7A2/COX7A2L/COX7A1/NDUFS8/NDUFB7/NDUFS3/CYC1/NDUFA12/UQCR10/NDUFB10/UQCRFS1/NDUFA9/NDUFB9/NDUFV2/COX7C/NDUFS4/UQCR11/NDUFB11/NDUFB4/UQCRH/UQCRHL/NDUFC2-KCTD14/NDUFA11/COX7B/NDUFA1/COX6A1/UQCRB/NDUFV1/NDUFA10/NDUFA5/COX4I2/NDUFC2/NDUFA8/CYCS/NDUFA13/NDUFB3/NDUFS2/COX6C/NDUFB8/NDUFS1/UQCRQ/COX4I1/UQCRC1/COX8A/NDUFC1/NDUFB5/UQCRC2/NDUFS5	62
panel30	louvain	5	GOBP_GENERATION_OF_PRECURSOR_METABOLITES_AND_ENERGY	GOBP_GENERATION_OF_PRECURSOR_METABOLITES_AND_ENERGY	62/65	153/2116	0.405228758169935	13.1917546505782	27.8663966044391	9.19518188264094e-73	4.10105111965786e-71	4.10105111965786e-71	COX6B1/COX5B/NDUFB1/NDUFS7/NDUFA3/NDUFB2/COX5A/NDUFAB1/NDUFA6/NDUFA7/NDUFS6/NDUFB6/NDUFA2/NDUFV3/COX7A2/COX7A2L/COX7A1/NDUFS8/NDUFB7/NDUFS3/CYC1/NDUFA12/UQCR10/NDUFB10/UQCRFS1/NDUFA9/NDUFB9/NDUFV2/COX7C/NDUFS4/UQCR11/NDUFB11/NDUFB4/UQCRH/UQCRHL/NDUFC2-KCTD14/NDUFA11/COX7B/NDUFA1/COX6A1/UQCRB/NDUFV1/NDUFA10/NDUFA5/COX4I2/NDUFC2/NDUFA8/CYCS/NDUFA13/NDUFB3/NDUFS2/COX6C/NDUFB8/NDUFS1/UQCRQ/COX4I1/UQCRC1/COX8A/NDUFC1/NDUFB5/UQCRC2/NDUFS5	62
panel30	louvain	5	GOBP_PROTON_TRANSMEMBRANE_TRANSPORT	GOBP_PROTON_TRANSMEMBRANE_TRANSPORT	46/65	79/2116	0.582278481012658	18.9554040895813	28.949578747652	1.63511657715903e-57	6.07718327844108e-56	6.07718327844108e-56	COX6B1/COX5B/NDUFB1/NDUFS7/NDUFA3/NDUFB2/COX5A/NDUFA6/NDUFA7/NDUFS6/NDUFB6/NDUFA2/NDUFV3/COX7A2L/COX7A1/NDUFS8/NDUFB7/NDUFS3/CYC1/NDUFA12/UQCR10/NDUFB10/UQCRFS1/NDUFA9/NDUFB9/NDUFV2/NDUFS4/NDUFB4/UQCRH/COX7B/NDUFA1/NDUFV1/NDUFA10/NDUFA5/NDUFC2/NDUFA8/NDUFB3/NDUFS2/NDUFB8/NDUFS1/COX4I1/UQCRC1/COX8A/NDUFC1/NDUFB5/NDUFS5	46
panel30	louvain	5	GOBP_MITOCHONDRIAL_ELECTRON_TRANSPORT_NADH_TO_UBIQUINONE	GOBP_MITOCHONDRIAL_ELECTRON_TRANSPORT_NADH_TO_UBIQUINONE	35/65	36/2116	0.972222222222222	31.6495726495727	33.0120915149724	5.92356675712595e-57	1.88707912405584e-55	1.88707912405584e-55	NDUFB1/NDUFS7/NDUFA3/NDUFB2/NDUFAB1/NDUFA6/NDUFA7/NDUFS6/NDUFB6/NDUFA2/NDUFV3/NDUFS8/NDUFB7/NDUFS3/NDUFB10/NDUFA9/NDUFB9/NDUFV2/NDUFS4/NDUFB4/NDUFC2-KCTD14/NDUFA11/NDUFA1/NDUFV1/NDUFA10/NDUFA5/NDUFC2/NDUFA8/NDUFB3/NDUFS2/NDUFB8/NDUFS1/NDUFC1/NDUFB5/NDUFS5	35
panel30	louvain	5	GOBP_PROTON_MOTIVE_FORCE_DRIVEN_ATP_SYNTHESIS	GOBP_PROTON_MOTIVE_FORCE_DRIVEN_ATP_SYNTHESIS	37/65	42/2116	0.880952380952381	28.6783882783883	32.2470581367855	2.67093928317709e-56	7.44524325185613e-55	7.44524325185613e-55	NDUFB1/NDUFS7/NDUFA3/NDUFB2/NDUFAB1/NDUFA6/NDUFA7/NDUFS6/NDUFB6/NDUFA2/NDUFV3/NDUFS8/NDUFB7/NDUFS3/NDUFA12/NDUFB10/NDUFA9/NDUFB9/NDUFV2/NDUFS4/NDUFB11/NDUFB4/NDUFA11/NDUFA1/NDUFV1/NDUFA10/NDUFA5/NDUFC2/NDUFA8/NDUFA13/NDUFB3/NDUFS2/NDUFB8/NDUFS1/NDUFC1/NDUFB5/NDUFS5	37
panel30	louvain	5	GOBP_ATP_BIOSYNTHETIC_PROCESS	GOBP_ATP_BIOSYNTHETIC_PROCESS	37/65	50/2116	0.74	24.0898461538462	29.4082997809748	1.00211592593661e-50	2.23471851483865e-49	2.23471851483865e-49	NDUFB1/NDUFS7/NDUFA3/NDUFB2/NDUFAB1/NDUFA6/NDUFA7/NDUFS6/NDUFB6/NDUFA2/NDUFV3/NDUFS8/NDUFB7/NDUFS3/NDUFA12/NDUFB10/NDUFA9/NDUFB9/NDUFV2/NDUFS4/NDUFB11/NDUFB4/NDUFA11/NDUFA1/NDUFV1/NDUFA10/NDUFA5/NDUFC2/NDUFA8/NDUFA13/NDUFB3/NDUFS2/NDUFB8/NDUFS1/NDUFC1/NDUFB5/NDUFS5	37
panel30	louvain	5	GOBP_NUCLEOSIDE_TRIPHOSPHATE_BIOSYNTHETIC_PROCESS	GOBP_NUCLEOSIDE_TRIPHOSPHATE_BIOSYNTHETIC_PROCESS	37/65	50/2116	0.74	24.0898461538462	29.4082997809748	1.00211592593661e-50	2.23471851483865e-49	2.23471851483865e-49	NDUFB1/NDUFS7/NDUFA3/NDUFB2/NDUFAB1/NDUFA6/NDUFA7/NDUFS6/NDUFB6/NDUFA2/NDUFV3/NDUFS8/NDUFB7/NDUFS3/NDUFA12/NDUFB10/NDUFA9/NDUFB9/NDUFV2/NDUFS4/NDUFB11/NDUFB4/NDUFA11/NDUFA1/NDUFV1/NDUFA10/NDUFA5/NDUFC2/NDUFA8/NDUFA13/NDUFB3/NDUFS2/NDUFB8/NDUFS1/NDUFC1/NDUFB5/NDUFS5	37
panel30	louvain	6	GOBP_PROCESS_UTILIZING_AUTOPHAGIC_MECHANISM	GOBP_PROCESS_UTILIZING_AUTOPHAGIC_MECHANISM	65/171	224/2116	0.290178571428571	3.59074770258981	12.1557568136287	8.29368537747083e-24	1.11159599370947e-20	1.11159599370947e-20	ATG16L1/GABARAP/RAB8A/BCL2L1/GABARAPL1/MAP1LC3B2/TAX1BP1/HTRA2/SLC25A5/VPS16/MCL1/ATG7/VPS11/MAPK8/ATG3/ATG16L2/IKBKG/RBX1/TAB3/VPS41/CDKN2A/SMCR8/ERN1/PIK3R4/RB1CC1/ATG5/ATG4B/SLC25A4/RAB33B/ATG13/BCL2/CASP3/TICAM1/NRBF2/TAB2/ATG14/WDFY3/STX17/MAP3K7/ATG10/CALCOCO2/RUBCN/AMBRA1/SQSTM1/GABARAPL2/VDAC1/PIK3C3/TBK1/MAP1LC3B/BECN1/SH3GLB1/MAP1LC3A/SUPT20H/VHL/ITPR1/ULK2/TRAF6/VPS33A/OPTN/ULK1/VPS18/VAMP8/NBR1/VPS39/UVRAG	65
panel30	louvain	6	GOBP_CANONICAL_NF_KAPPAB_SIGNAL_TRANSDUCTION	GOBP_CANONICAL_NF_KAPPAB_SIGNAL_TRANSDUCTION	53/171	150/2116	0.353333333333333	4.37224171539961	12.7018215628651	1.28453147360417e-23	1.11159599370947e-20	1.11159599370947e-20	LTA/FADD/CD40/LTB/TAX1BP1/TLR3/FASLG/TRAF1/TLR4/CFLAR/IKBKG/RBX1/CARD11/TAB3/RIPK1/ARRB2/BCL10/BIRC3/IL1R1/MYD88/CASP8/TRADD/TNF/TICAM2/TICAM1/TRAF5/TANK/TAB2/TLR6/TNFRSF1A/MAP3K7/BIRC2/IRAK1/CHUK/TRAF2/SQSTM1/IKBKE/TBK1/TAB1/TRAF3/CARD14/IL1RAP/TRAF6/OPTN/TIRAP/TLR2/CASP10/ERC1/TNFRSF10B/CD40LG/MALT1/XIAP/TNFAIP3	53
panel30	louvain	6	GOBP_MACROAUTOPHAGY	GOBP_MACROAUTOPHAGY	52/171	145/2116	0.358620689655172	4.43766888485582	12.7144673372226	1.68764573943745e-23	1.11159599370947e-20	1.11159599370947e-20	ATG16L1/GABARAP/GABARAPL1/MAP1LC3B2/HTRA2/SLC25A5/VPS16/ATG7/VPS11/MAPK8/ATG3/ATG16L2/IKBKG/RBX1/VPS41/SMCR8/ERN1/PIK3R4/RB1CC1/ATG5/ATG4B/SLC25A4/RAB33B/ATG13/CASP3/ATG14/WDFY3/STX17/MAP3K7/ATG10/CALCOCO2/RUBCN/AMBRA1/SQSTM1/GABARAPL2/VDAC1/PIK3C3/TBK1/MAP1LC3B/BECN1/SH3GLB1/MAP1LC3A/ULK2/TRAF6/VPS33A/OPTN/ULK1/VPS18/VAMP8/NBR1/VPS39/UVRAG	52
panel30	louvain	6	GOBP_POSITIVE_REGULATION_OF_CANONICAL_NF_KAPPAB_SIGNAL_TRANSDUCTION	GOBP_POSITIVE_REGULATION_OF_CANONICAL_NF_KAPPAB_SIGNAL_TRANSDUCTION	43/171	110/2116	0.390909090909091	4.83721424774056	12.2529416347442	5.20529687160419e-21	2.57141665457247e-18	2.57141665457247e-18	LTA/FADD/CD40/LTB/TLR3/FASLG/TLR4/CFLAR/IKBKG/RBX1/CARD11/TAB3/RIPK1/BCL10/BIRC3/IL1R1/MYD88/CASP8/TRADD/TNF/TICAM2/TICAM1/TRAF5/TAB2/TLR6/TNFRSF1A/MAP3K7/BIRC2/IRAK1/CHUK/TRAF2/IKBKE/TBK1/CARD14/IL1RAP/TRAF6/TIRAP/TLR2/CASP10/TNFRSF10B/CD40LG/MALT1/XIAP	43
panel30	louvain	6	GOBP_APOPTOTIC_SIGNALING_PATHWAY	GOBP_APOPTOTIC_SIGNALING_PATHWAY	63/171	270/2116	0.233333333333333	2.88732943469786	9.84253992551396	1.99770511750992e-17	7.89493062439918e-15	7.89493062439919e-15	LTA/GABARAP/CASP6/FADD/BCL2L1/LTB/HTRA2/SLC25A5/TLR3/MCL1/FASLG/TRAF1/TLR4/CFLAR/IKBKG/APAF1/PMAIP1/MAP2K4/CASP9/RIPK1/CDKN2A/CUL2/ERN1/RB1CC1/MAPK9/BBC3/BCL10/BIRC3/BCL2A1/BID/BCL2/CASP8/TRADD/TNF/CASP3/TICAM1/TRAF5/PEA15/TLR6/TNFRSF1A/BIRC2/TRAF2/HRK/RIPK3/MAP3K5/RPS6KB1/RAF1/IKBKE/TNFRSF1B/FAS/BECN1/CASP7/ITPR1/TNFRSF10A/VDAC2/DIABLO/TNFRSF10B/BAX/BCL2L11/CD40LG/TNFAIP3/BAK1/NGFR	63
panel30	louvain	6	GOBP_EXTRINSIC_APOPTOTIC_SIGNALING_PATHWAY	GOBP_EXTRINSIC_APOPTOTIC_SIGNALING_PATHWAY	44/171	141/2116	0.312056737588653	3.86147401600929	10.4257966784853	4.97578324012687e-17	1.63869128041511e-14	1.63869128041511e-14	LTA/GABARAP/FADD/BCL2L1/LTB/HTRA2/TLR3/MCL1/FASLG/TRAF1/TLR4/CFLAR/PMAIP1/RIPK1/RB1CC1/BCL10/BIRC3/BCL2A1/BID/BCL2/CASP8/TRADD/TNF/CASP3/TRAF5/PEA15/TLR6/TNFRSF1A/BIRC2/TRAF2/RPS6KB1/RAF1/TNFRSF1B/FAS/CASP7/TNFRSF10A/DIABLO/TNFRSF10B/BAX/BCL2L11/CD40LG/TNFAIP3/BAK1/NGFR	44
panel30	louvain	6	GOBP_AUTOPHAGOSOME_MATURATION	GOBP_AUTOPHAGOSOME_MATURATION	20/171	29/2116	0.689655172413793	8.53397862472273	12.1103193684723	2.56574375228591e-16	7.24272807788137e-14	7.24272807788137e-14	GABARAP/GABARAPL1/MAP1LC3B2/VPS16/SMCR8/PIK3R4/ATG5/ATG14/STX17/CALCOCO2/RUBCN/GABARAPL2/PIK3C3/MAP1LC3B/BECN1/MAP1LC3A/VPS33A/VAMP8/VPS39/UVRAG	20
panel30	louvain	6	GOBP_AUTOPHAGY_OF_MITOCHONDRION	GOBP_AUTOPHAGY_OF_MITOCHONDRION	26/171	52/2116	0.5	6.18713450292398	11.2271047066957	5.04291407159623e-16	1.24559977568427e-13	1.24559977568427e-13	GABARAP/GABARAPL1/MAP1LC3B2/HTRA2/SLC25A5/ATG7/ATG3/RBX1/CDKN2A/RB1CC1/ATG5/ATG4B/SLC25A4/ATG13/ATG14/ATG10/AMBRA1/SQSTM1/GABARAPL2/VDAC1/MAP1LC3B/BECN1/MAP1LC3A/ULK2/OPTN/ULK1	26
panel30	louvain	6	GOBP_MITOPHAGY	GOBP_MITOPHAGY	23/171	41/2116	0.560975609756098	6.94166310084153	11.3889671221226	1.01596072403317e-15	2.23059821187727e-13	2.23059821187727e-13	GABARAP/GABARAPL1/MAP1LC3B2/HTRA2/SLC25A5/ATG7/RBX1/ATG5/ATG4B/SLC25A4/ATG13/ATG14/ATG10/AMBRA1/SQSTM1/GABARAPL2/VDAC1/MAP1LC3B/BECN1/MAP1LC3A/ULK2/OPTN/ULK1	23
panel30	louvain	6	GOBP_VACUOLE_ORGANIZATION	GOBP_VACUOLE_ORGANIZATION	31/171	78/2116	0.397435897435897	4.91797870745239	10.4520317712315	2.04214510037491e-15	4.03527871834083e-13	4.03527871834083e-13	ATG16L1/GABARAP/GABARAPL1/MAP1LC3B2/VPS16/ATG7/VPS11/ATG3/ATG16L2/SMCR8/RB1CC1/ATG5/ATG4B/RAB33B/ATG13/ATG14/STX17/ATG10/AMBRA1/GABARAPL2/PIK3C3/MAP1LC3B/BECN1/SH3GLB1/MAP1LC3A/ULK2/TRAF6/VPS33A/ULK1/VPS18/VPS39	31
panel30	louvain	7	GOBP_PROTEOLYSIS_INVOLVED_IN_PROTEIN_CATABOLIC_PROCESS	GOBP_PROTEOLYSIS_INVOLVED_IN_PROTEIN_CATABOLIC_PROCESS	49/54	202/2116	0.242574257425743	9.50531719838651	20.5637809103746	6.79754797845993e-47	3.9697680194206e-44	3.9697680194206e-44	PSME3/PSMB5/PSMA3/PSME4/PSMD2/PSMB4/PSMD13/PSMB10/PSMC5/PSMC6/ADRM1/PSME2/PSMA7/PSMA6/PSMA2/PSMF1/PSMD9/PSMC4/PSMB3/PSMD7/STAM/PSMD11/PSMB6/PSMD14/PSMC1/PSME1/PSMB2/PSMB1/PSMA4/UBA52/PSMD6/PSMC2/PSMD3/PSMA5/RPS27A/PSMD4/PSMC3/PSMD8/PSMB8/ITCH/PSMA1/STAM2/PSMD12/PSMB7/UBB/SEM1/UBC/PSMD1/PSMB9	49
panel30	louvain	7	GOBP_MODIFICATION_DEPENDENT_MACROMOLECULE_CATABOLIC_PROCESS	GOBP_MODIFICATION_DEPENDENT_MACROMOLECULE_CATABOLIC_PROCESS	45/54	165/2116	0.272727272727273	10.6868686868687	20.9654643274527	9.17459612414012e-44	2.67898206824892e-41	2.67898206824892e-41	PSMB5/PSMA3/PSMD2/PSMB4/PSMD13/PSMB10/PSMC5/PSMC6/ADRM1/PSMA7/PSMA6/PSMA2/PSMF1/PSMD9/PSMC4/PSMB3/PSMD7/STAM/PSMD11/PSMB6/PSMD14/PSMC1/PSMB2/PSMB1/PSMA4/UBA52/PSMD6/PSMC2/PSMD3/PSMA5/RPS27A/PSMD4/PSMC3/PSMD8/PSMB8/ITCH/PSMA1/STAM2/PSMD12/PSMB7/UBB/SEM1/UBC/PSMD1/PSMB9	45
panel30	louvain	7	GOBP_PROTEIN_CATABOLIC_PROCESS	GOBP_PROTEIN_CATABOLIC_PROCESS	50/54	266/2116	0.18796992481203	7.36563631300473	17.9640606195666	2.49246426607904e-42	4.85199710463387e-40	4.85199710463387e-40	PSME3/PSMB5/PSMA3/PSME4/PSMD2/PSMB4/PSMD13/PSMB10/PSMC5/PSMC6/ADRM1/PSME2/PSMA7/PSMA6/PSMA2/PSMF1/PSMD9/PSMC4/MDM4/PSMB3/PSMD7/STAM/PSMD11/PSMB6/PSMD14/PSMC1/PSME1/PSMB2/PSMB1/PSMA4/UBA52/PSMD6/PSMC2/PSMD3/PSMA5/RPS27A/PSMD4/PSMC3/PSMD8/PSMB8/ITCH/PSMA1/STAM2/PSMD12/PSMB7/UBB/SEM1/UBC/PSMD1/PSMB9	50
panel30	louvain	7	GOBP_PROTEASOMAL_PROTEIN_CATABOLIC_PROCESS	GOBP_PROTEASOMAL_PROTEIN_CATABOLIC_PROCESS	43/54	154/2116	0.279220779220779	10.9413179413179	20.7282461706573	1.43471514560637e-41	2.0946841125853e-39	2.0946841125853e-39	PSME3/PSMB5/PSMA3/PSME4/PSMD2/PSMB4/PSMD13/PSMB10/PSMC5/PSMC6/ADRM1/PSME2/PSMA7/PSMA6/PSMA2/PSMF1/PSMC4/PSMB3/PSMD7/PSMD11/PSMB6/PSMD14/PSMC1/PSME1/PSMB2/PSMB1/PSMA4/PSMD6/PSMC2/PSMD3/PSMA5/PSMD4/PSMC3/PSMD8/PSMB8/ITCH/PSMA1/PSMD12/PSMB7/UBB/SEM1/PSMD1/PSMB9	43
panel30	louvain	7	GOBP_REGULATION_OF_PROTEOLYSIS_INVOLVED_IN_PROTEIN_CATABOLIC_PROCESS	GOBP_REGULATION_OF_PROTEOLYSIS_INVOLVED_IN_PROTEIN_CATABOLIC_PROCESS	38/54	103/2116	0.368932038834951	14.4566702624955	22.6538526285613	9.19064655067061e-41	1.07346751711833e-38	1.07346751711833e-38	PSME3/PSMB5/PSMA3/PSMD2/PSMB4/PSMD13/PSMC5/PSMC6/ADRM1/PSME2/PSMA7/PSMA6/PSMA2/PSMF1/PSMC4/PSMB3/PSMD7/PSMD11/PSMB6/PSMD14/PSMC1/PSME1/PSMB2/PSMB1/PSMA4/PSMD6/PSMC2/PSMD3/PSMA5/PSMD4/PSMC3/PSMD8/PSMA1/PSMD12/PSMB7/UBB/SEM1/PSMD1	38
panel30	louvain	7	GOBP_RESPONSE_TO_TYPE_I_INTERFERON	GOBP_RESPONSE_TO_TYPE_I_INTERFERON	35/54	78/2116	0.448717948717949	17.5830959164293	24.1445190870603	1.25443737042497e-40	1.22098570721364e-38	1.22098570721364e-38	PSMB5/PSMA3/PSMD2/PSMB4/PSMD13/PSMC5/PSMC6/ADRM1/PSME2/PSMA7/PSMA6/PSMA2/PSMC4/PSMB3/PSMD7/PSMD11/PSMB6/PSMD14/PSMC1/PSME1/PSMB2/PSMB1/PSMA4/PSMD6/PSMC2/PSMD3/PSMA5/PSMD4/PSMC3/PSMD8/PSMA1/PSMD12/PSMB7/SEM1/PSMD1	35
panel30	louvain	7	GOBP_REGULATION_OF_PROTEIN_CATABOLIC_PROCESS	GOBP_REGULATION_OF_PROTEIN_CATABOLIC_PROCESS	40/54	135/2116	0.296296296296296	11.6104252400549	20.6141376398844	6.15107279272055e-39	5.13175215849829e-37	5.13175215849829e-37	PSME3/PSMB5/PSMA3/PSMD2/PSMB4/PSMD13/PSMC5/PSMC6/ADRM1/PSME2/PSMA7/PSMA6/PSMA2/PSMF1/PSMC4/MDM4/PSMB3/PSMD7/PSMD11/PSMB6/PSMD14/PSMC1/PSME1/PSMB2/PSMB1/PSMA4/PSMD6/PSMC2/PSMD3/PSMA5/PSMD4/PSMC3/PSMD8/ITCH/PSMA1/PSMD12/PSMB7/UBB/SEM1/PSMD1	40
panel30	louvain	7	GOBP_PROTEOLYSIS	GOBP_PROTEOLYSIS	50/54	327/2116	0.152905198776758	5.99161852984483	15.8824621698317	1.75463483606506e-37	1.28088343032749e-35	1.28088343032749e-35	PSME3/PSMB5/PSMA3/PSME4/PSMD2/PSMB4/PSMD13/CYLD/PSMB10/PSMC5/PSMC6/ADRM1/PSME2/PSMA7/PSMA6/PSMA2/PSMF1/PSMD9/PSMC4/PSMB3/PSMD7/STAM/PSMD11/PSMB6/PSMD14/PSMC1/PSME1/PSMB2/PSMB1/PSMA4/UBA52/PSMD6/PSMC2/PSMD3/PSMA5/RPS27A/PSMD4/PSMC3/PSMD8/PSMB8/ITCH/PSMA1/STAM2/PSMD12/PSMB7/UBB/SEM1/UBC/PSMD1/PSMB9	50
panel30	louvain	7	GOBP_MACROMOLECULE_CATABOLIC_PROCESS	GOBP_MACROMOLECULE_CATABOLIC_PROCESS	50/54	333/2116	0.15015015015015	5.88366143921699	15.7072345604717	4.63366180445694e-37	3.00673165978095e-35	3.00673165978095e-35	PSME3/PSMB5/PSMA3/PSME4/PSMD2/PSMB4/PSMD13/PSMB10/PSMC5/PSMC6/ADRM1/PSME2/PSMA7/PSMA6/PSMA2/PSMF1/PSMD9/PSMC4/MDM4/PSMB3/PSMD7/STAM/PSMD11/PSMB6/PSMD14/PSMC1/PSME1/PSMB2/PSMB1/PSMA4/UBA52/PSMD6/PSMC2/PSMD3/PSMA5/RPS27A/PSMD4/PSMC3/PSMD8/PSMB8/ITCH/PSMA1/STAM2/PSMD12/PSMB7/UBB/SEM1/UBC/PSMD1/PSMB9	50
panel30	louvain	7	GOBP_PROTEASOME_MEDIATED_UBIQUITIN_DEPENDENT_PROTEIN_CATABOLIC_PROCESS	GOBP_PROTEASOME_MEDIATED_UBIQUITIN_DEPENDENT_PROTEIN_CATABOLIC_PROCESS	38/54	133/2116	0.285714285714286	11.1957671957672	19.6513372599185	8.71598582689775e-36	5.09013572290828e-34	5.09013572290828e-34	PSMB5/PSMA3/PSMD2/PSMB4/PSMD13/PSMB10/PSMC5/PSMC6/ADRM1/PSMA7/PSMA6/PSMA2/PSMF1/PSMC4/PSMB3/PSMD7/PSMD11/PSMB6/PSMD14/PSMC1/PSMB2/PSMB1/PSMA4/PSMD6/PSMC2/PSMD3/PSMA5/PSMD4/PSMC3/PSMD8/PSMB8/ITCH/PSMA1/PSMD12/PSMB7/SEM1/PSMD1/PSMB9	38
panel30	louvain	8	GOBP_CELL_SUBSTRATE_ADHESION	GOBP_CELL_SUBSTRATE_ADHESION	44/106	160/2116	0.275	5.48962264150943	13.5611180150941	4.12357497878805e-24	7.07193108862152e-21	7.07193108862152e-21	LAMB3/LAMC1/ITGB4/ZYX/SGCE/FBLN5/ITGA2B/MMP14/NID1/ITGA4/VCAM1/ITGB6/ITGA6/LAMB1/PXN/ITGA2/ITGB3/ACTN4/FN1/FBLN2/ACTN1/ACTG1/ITGAV/ITGA9/THBS1/VCL/COL3A1/ITGA3/LAMA5/ITGB5/TLN1/ITGB8/DAG1/ITGB1/COL1A1/VWF/FLNA/PARVA/LAMC3/UTRN/COL17A1/FBLN1/ITGB7/NID2	44
panel30	louvain	8	GOBP_INTEGRIN_MEDIATED_SIGNALING_PATHWAY	GOBP_INTEGRIN_MEDIATED_SIGNALING_PATHWAY	28/106	69/2116	0.405797101449275	8.10062893081761	13.7680530724082	3.41816504661766e-20	2.93107652747464e-17	2.93107652747464e-17	DST/LAMC1/ITGB4/ZYX/ITGA2B/NID1/ITGA4/ITGB6/LAMA1/ITGA6/LAMB1/TIMP1/ITGA2/ITGB3/FN1/ITGAV/ITGA9/COL3A1/ITGA3/LAMA5/ITGB5/TLN1/ITGB8/ITGB1/FLNA/FBLN1/CTNNA1/ITGB7	28
panel30	louvain	8	GOBP_CELL_ADHESION	GOBP_CELL_ADHESION	63/106	442/2116	0.142533936651584	2.84530009391275	10.0140672008677	5.5129314272082e-19	3.15155913255402e-16	3.15155913255402e-16	LAMB3/DST/LAMC1/ITGB4/LAMC2/ELANE/ZYX/SGCE/TGFB1/ACTB/FBLN5/ITGA2B/MMP14/NID1/ITGA4/VCAM1/ITGB6/CD151/LAMA1/ITGA6/LAMB1/LAMA3/MMP2/PXN/ITGA2/VCAN/BSG/ITGB3/ACTN4/THBS2/IGF1/FN1/FBLN2/ACTN1/ACTG1/MAGI1/ITGAV/ITGA9/ACAN/THBS1/VCL/COL3A1/ITGA3/LAMA5/ITGB5/TLN1/ITGB8/DAG1/ITGB1/COL1A1/VWF/FLNA/FBN1/PARVA/LAMC3/LAMA4/UTRN/COL17A1/FBLN1/CTNNA1/COL5A1/ITGB7/NID2	63
panel30	louvain	8	GOBP_CELL_MOTILITY	GOBP_CELL_MOTILITY	61/106	466/2116	0.130901287553648	2.61308607984452	9.05354406011818	3.3944203777845e-16	1.42751337494183e-13	1.42751337494183e-13	DST/LAMC1/ITGB4/LAMC2/ELANE/TGFB1/ACTB/LOX/ITGA2B/MMP14/ACTA2/ITGA4/VCAM1/ITGB6/CD151/LAMA1/ITGA6/LAMB1/LAMA3/TIMP1/MMP2/FGF1/PXN/ITGA2/VCAN/BSG/ITGB3/ACTN4/IGF1/FN1/MAGI2/ACTG1/ITGAV/ITGA9/THBS1/VCL/COL3A1/ITGA3/FGF9/LAMA5/PLEC/MMP7/ITGB5/LCN2/RAPGEF2/ITGB8/ACTC1/DAG1/ITGB1/DCN/COL1A1/FLNA/PAK1/PARVA/LAMA4/FBN2/MMP9/FBLN1/CTNNA1/COL5A1/ITGB7	61
panel30	louvain	8	GOBP_CELL_MATRIX_ADHESION	GOBP_CELL_MATRIX_ADHESION	31/106	117/2116	0.264957264957265	5.28914691178842	10.9589146740157	4.16184657417444e-16	1.42751337494183e-13	1.42751337494183e-13	ITGB4/ZYX/SGCE/FBLN5/ITGA2B/MMP14/NID1/ITGA4/VCAM1/ITGB6/ITGA6/ITGA2/ITGB3/FN1/ACTN1/ACTG1/ITGAV/ITGA9/THBS1/VCL/COL3A1/ITGA3/ITGB5/TLN1/ITGB8/DAG1/ITGB1/UTRN/COL17A1/ITGB7/NID2	31
panel30	louvain	8	GOBP_CELL_MIGRATION	GOBP_CELL_MIGRATION	58/106	440/2116	0.131818181818182	2.63138936535163	8.82789273999396	2.65964028335469e-15	7.60213847658882e-13	7.60213847658882e-13	LAMC1/ITGB4/LAMC2/ELANE/TGFB1/LOX/ITGA2B/MMP14/ACTA2/ITGA4/VCAM1/ITGB6/CD151/LAMA1/ITGA6/LAMB1/LAMA3/TIMP1/MMP2/FGF1/PXN/ITGA2/VCAN/BSG/ITGB3/ACTN4/IGF1/FN1/MAGI2/ACTG1/ITGAV/ITGA9/THBS1/VCL/COL3A1/ITGA3/FGF9/LAMA5/PLEC/MMP7/ITGB5/LCN2/RAPGEF2/ITGB8/DAG1/ITGB1/DCN/COL1A1/FLNA/PAK1/PARVA/LAMA4/FBN2/MMP9/FBLN1/CTNNA1/COL5A1/ITGB7	58
panel30	louvain	8	GOBP_LOCOMOTION	GOBP_LOCOMOTION	49/106	377/2116	0.129973474801061	2.59456483659477	7.84103074351255	3.54928378110885e-12	8.69574526371669e-10	8.69574526371669e-10	LAMC1/LAMC2/ELANE/TGFB1/LOX/ITGA2B/MMP14/ACTA2/ITGA4/VCAM1/CD151/LAMA1/ITGA6/LAMB1/LAMA3/TIMP1/MMP2/FGF1/ITGA2/BSG/ITGB3/ACTN4/IGF1/FN1/MAGI2/ACTG1/ITGAV/ITGA9/THBS1/VCL/COL3A1/FGF9/LAMA5/PLEC/MMP7/LCN2/RAPGEF2/DAG1/ITGB1/DCN/COL1A1/FLNA/PAK1/PARVA/LAMA4/FBN2/MMP9/FBLN1/CTNNA1	49
panel30	louvain	8	GOBP_REGULATION_OF_LOCOMOTION	GOBP_REGULATION_OF_LOCOMOTION	44/106	328/2116	0.134146341463415	2.67786470317533	7.58962280284062	2.96834104926411e-11	6.36338112435993e-09	6.36338112435993e-09	LAMC1/LAMC2/ELANE/TGFB1/ITGA2B/MMP14/ACTA2/ITGA4/CD151/LAMA1/ITGA6/LAMB1/LAMA3/TIMP1/MMP2/FGF1/ITGA2/BSG/ITGB3/ACTN4/IGF1/FN1/MAGI2/ACTG1/ITGAV/THBS1/VCL/COL3A1/FGF9/LAMA5/MMP7/LCN2/RAPGEF2/DAG1/ITGB1/DCN/COL1A1/FLNA/PAK1/LAMA4/FBN2/MMP9/FBLN1/CTNNA1	44
panel30	louvain	8	GOBP_EXTERNAL_ENCAPSULATING_STRUCTURE_ORGANIZATION	GOBP_EXTERNAL_ENCAPSULATING_STRUCTURE_ORGANIZATION	29/106	156/2116	0.185897435897436	3.71093372036768	8.07724493980752	8.52252981547855e-11	1.6240154037273e-08	1.6240154037273e-08	LAMC1/ELANE/PLOD1/TGFB1/ELN/COLGALT1/FBLN5/LOXL1/LOX/MMP14/NID1/LAMA1/LAMB1/MMP2/ITGA2/ITGB3/PLOD3/COL1A2/COL3A1/MMP7/DAG1/ITGB1/COL1A1/COL23A1/MMP9/COL17A1/FBLN1/COL5A1/NID2	29
panel30	louvain	8	GOBP_WOUND_HEALING	GOBP_WOUND_HEALING	27/106	139/2116	0.194244604316547	3.87756210126239	8.05821517994986	1.55550419620428e-10	2.66768969649035e-08	2.66768969649035e-08	DST/TGFB1/ACTB/ITGB6/CD151/TIMP1/FGF1/ITGA2/ITGB3/IGF1/FN1/ACTN1/ACTG1/ITGAV/THBS1/VCL/COL3A1/PLEC/ITGB5/TLN1/DAG1/ITGB1/VWF/FLNA/PAK1/FBLN1/COL5A1	27
panel30	louvain	9	GOBP_DNA_METABOLIC_PROCESS	GOBP_DNA_METABOLIC_PROCESS	77/86	252/2116	0.305555555555556	7.51808785529716	22.6857905874783	1.31470842429017e-65	1.22136412616557e-62	1.22136412616557e-62	MCM3/POLA1/PDS5A/RAD51B/DBF4/PRIM2/POLE4/DNA2/RAD21/ORC3/RAD9A/BRCA2/ATR/PRKDC/MCM5/RPA3/XRCC2/RFC2/MCM2/CDT1/CDKN1A/BLM/RAD51/MCM6/MCM7/SMC1A/POLD1/ORC4/SMC3/BRCA1/RFC1/PDS5B/CDC45/NIPBL/ATM/MRE11/RAD52/RFC4/ORC1/RAD51D/ORC2/PARP2/WAPL/POLE/CDK2/POLD3/TOP3B/PRIM1/MCM4/POLD4/ORC5/BRCC3/RPA1/RAD54L/PARP1/TOPBP1/PCNA/MAD2L2/NBN/POLA2/SYCP3/HUS1/RFC3/CDC7/BARD1/RPA2/RAD1/CHEK1/POLE2/RAD50/FEN1/CDC6/BRIP1/CCNE1/POLD2/ORC6/RBBP8	77
panel30	louvain	9	GOBP_DNA_REPLICATION	GOBP_DNA_REPLICATION	58/86	106/2116	0.547169811320755	13.4629223343572	27.0913835598015	4.70929186919755e-62	2.18746607324226e-59	2.18746607324226e-59	MCM3/POLA1/PDS5A/DBF4/PRIM2/POLE4/DNA2/ORC3/BRCA2/ATR/MCM5/RPA3/RFC2/MCM2/CDT1/CDKN1A/BLM/RAD51/MCM6/MCM7/POLD1/ORC4/SMC3/BRCA1/RFC1/CDC45/MRE11/RFC4/ORC1/ORC2/WAPL/POLE/CDK2/POLD3/PRIM1/MCM4/POLD4/ORC5/RPA1/PARP1/TOPBP1/PCNA/MAD2L2/NBN/POLA2/RFC3/CDC7/BARD1/RPA2/CHEK1/POLE2/RAD50/FEN1/CDC6/CCNE1/POLD2/ORC6/RBBP8	58
panel30	louvain	9	GOBP_DNA_TEMPLATED_DNA_REPLICATION	GOBP_DNA_TEMPLATED_DNA_REPLICATION	50/86	76/2116	0.657894736842105	16.187270501836	27.7477538498707	6.05896820668972e-58	1.87626048800492e-55	1.87626048800492e-55	MCM3/POLA1/DBF4/PRIM2/POLE4/DNA2/ORC3/BRCA2/ATR/MCM5/RFC2/MCM2/CDT1/BLM/RAD51/MCM6/MCM7/POLD1/ORC4/BRCA1/RFC1/CDC45/MRE11/RFC4/ORC1/ORC2/POLE/CDK2/POLD3/PRIM1/MCM4/POLD4/ORC5/RPA1/PARP1/TOPBP1/PCNA/NBN/POLA2/RFC3/CDC7/BARD1/POLE2/RAD50/FEN1/CDC6/CCNE1/POLD2/ORC6/RBBP8	50
panel30	louvain	9	GOBP_DNA_REPAIR	GOBP_DNA_REPAIR	59/86	160/2116	0.36875	9.07296511627907	21.8557157896598	2.94822814640274e-50	6.84725987002036e-48	6.84725987002036e-48	MCM3/POLA1/RAD51B/DNA2/RAD21/RAD9A/BRCA2/ATR/PRKDC/MCM5/RPA3/XRCC2/RFC2/MCM2/BLM/RAD51/MCM6/MCM7/SMC1A/POLD1/SMC3/BRCA1/RFC1/PDS5B/CDC45/NIPBL/ATM/MRE11/RAD52/RFC4/RAD51D/PARP2/POLE/CDK2/POLD3/TOP3B/MCM4/POLD4/BRCC3/RPA1/RAD54L/PARP1/TOPBP1/PCNA/MAD2L2/NBN/HUS1/RFC3/CDC7/BARD1/RPA2/RAD1/CHEK1/POLE2/RAD50/FEN1/BRIP1/POLD2/RBBP8	59
panel30	louvain	9	GOBP_DNA_DAMAGE_RESPONSE	GOBP_DNA_DAMAGE_RESPONSE	64/86	277/2116	0.231046931407942	5.68482914952565	17.2107251739785	4.61326723924568e-41	8.57145053051848e-39	8.57145053051848e-39	MCM3/POLA1/RAD51B/DBF4/DNA2/RAD21/RAD9A/BRCA2/ATR/PRKDC/MCM5/RPA3/XRCC2/RFC2/CCND1/MCM2/CDKN1A/BLM/RAD51/MCM6/MCM7/SMC1A/POLD1/E2F1/SMC3/BRCA1/RFC1/PDS5B/CDC45/NIPBL/ATM/MRE11/RAD52/RFC4/RAD51D/PARP2/POLE/CDK2/POLD3/TOP3B/MCM4/POLD4/BRCC3/RPA1/RAD54L/PARP1/TOPBP1/PCNA/MAD2L2/NBN/CDK6/HUS1/RFC3/CDC7/BARD1/RPA2/RAD1/CHEK1/POLE2/RAD50/FEN1/BRIP1/POLD2/RBBP8	64
panel30	louvain	9	GOBP_DOUBLE_STRAND_BREAK_REPAIR	GOBP_DOUBLE_STRAND_BREAK_REPAIR	41/86	78/2116	0.525641025641026	12.933214072749	22.0983086757793	1.49224707126543e-40	2.31049588200931e-38	2.31049588200931e-38	MCM3/POLA1/RAD51B/DNA2/RAD21/BRCA2/ATR/PRKDC/MCM5/RPA3/XRCC2/MCM2/BLM/RAD51/MCM6/MCM7/BRCA1/PDS5B/CDC45/NIPBL/ATM/MRE11/RAD52/RAD51D/PARP2/MCM4/BRCC3/RPA1/RAD54L/PARP1/TOPBP1/MAD2L2/NBN/HUS1/CDC7/RPA2/CHEK1/RAD50/FEN1/BRIP1/RBBP8	41
panel30	louvain	9	GOBP_DNA_RECOMBINATION	GOBP_DNA_RECOMBINATION	39/86	77/2116	0.506493506493507	12.4620960434914	21.0842028266557	1.55593315657707e-37	2.064945574943e-35	2.064945574943e-35	MCM3/RAD51B/RAD21/BRCA2/PRKDC/MCM5/RPA3/XRCC2/MCM2/BLM/RAD51/MCM6/MCM7/BRCA1/PDS5B/CDC45/NIPBL/ATM/MRE11/RAD52/RAD51D/TOP3B/MCM4/RPA1/RAD54L/PARP1/TOPBP1/MAD2L2/NBN/SYCP3/HUS1/CDC7/BARD1/RPA2/CHEK1/RAD50/FEN1/BRIP1/RBBP8	39
panel30	louvain	9	GOBP_RECOMBINATIONAL_REPAIR	GOBP_RECOMBINATIONAL_REPAIR	34/86	53/2116	0.641509433962264	15.7841158402808	22.4305576154483	2.50056920764795e-37	2.90378599238118e-35	2.90378599238118e-35	MCM3/RAD51B/RAD21/BRCA2/MCM5/RPA3/XRCC2/MCM2/BLM/RAD51/MCM6/MCM7/BRCA1/PDS5B/CDC45/NIPBL/ATM/MRE11/RAD52/RAD51D/MCM4/RPA1/RAD54L/PARP1/TOPBP1/MAD2L2/NBN/HUS1/CDC7/RPA2/CHEK1/RAD50/FEN1/RBBP8	34
panel30	louvain	9	GOBP_CELL_CYCLE_PROCESS	GOBP_CELL_CYCLE_PROCESS	64/86	350/2116	0.182857142857143	4.49913621262458	14.7453781239284	3.54654519430963e-34	3.66082276168183e-32	3.66082276168183e-32	STAG1/MCM3/POLA1/PDS5A/RAD51B/DBF4/DNA2/RAD21/RAD9A/BRCA2/ATR/PRKDC/XRCC2/RFC2/CCND1/MCM2/CDT1/CDKN1A/CCND3/BLM/RAD51/MCM6/SMC1A/E2F1/ORC4/SMC3/BRCA1/PDS5B/CDC45/NIPBL/ATM/MRE11/RFC4/ORC1/RAD51D/WAPL/POLE/CDK2/TOP3B/MCM4/BRCC3/RAD54L/TOPBP1/PCNA/MAD2L2/NBN/CDK6/SYCP3/HUS1/RFC3/CDC7/BARD1/RPA2/RAD1/CHEK1/STAG2/RAD50/FEN1/CDK4/CDC6/CCNA1/BRIP1/CCNE1/RBBP8	64
panel30	louvain	9	GOBP_CELL_CYCLE	GOBP_CELL_CYCLE	67/86	441/2116	0.151927437641723	3.73812160523124	13.2990620902765	4.21503228548402e-31	3.91576499321465e-29	3.91576499321465e-29	STAG1/MCM3/POLA1/PDS5A/RAD51B/DBF4/DNA2/RAD21/RAD9A/BRCA2/ATR/PRKDC/RPA3/E2F2/XRCC2/RFC2/CCND1/MCM2/CDT1/CDKN1A/CCND3/BLM/RAD51/MCM6/SMC1A/E2F1/ORC4/SMC3/BRCA1/PDS5B/CDC45/NIPBL/ATM/MRE11/RFC4/ORC1/RAD51D/WAPL/POLE/CDK2/TOP3B/MCM4/BRCC3/RPA1/RAD54L/TOPBP1/PCNA/MAD2L2/NBN/CDK6/SYCP3/HUS1/RFC3/CDC7/BARD1/RPA2/RAD1/CHEK1/STAG2/RAD50/FEN1/CDK4/CDC6/CCNA1/BRIP1/CCNE1/RBBP8	67
panel30	louvain	10	GOBP_HOMOPHILIC_CELL_CELL_ADHESION	GOBP_HOMOPHILIC_CELL_CELL_ADHESION	2/2	13/2116	0.153846153846154	162.769230769231	17.9914287139273	3.48576867902775e-05	0.00888871013152075	0.00576069139586691	CEACAM6/CEACAM1	2
panel30	louvain	10	GOBP_REGULATION_OF_CELL_CELL_ADHESION	GOBP_REGULATION_OF_CELL_CELL_ADHESION	2/2	180/2116	0.0111111111111111	11.7555555555556	4.63910407949202	0.00719945300245345	0.113263715463771	0.0734051736958186	CEACAM6/CEACAM1	2
panel30	louvain	10	GOBP_IMMUNE_RESPONSE_TO_TUMOR_CELL	GOBP_IMMUNE_RESPONSE_TO_TUMOR_CELL	1/2	10/2116	0.1	105.8	10.2152686230199	0.00943168563729213	0.113263715463771	0.0734051736958186	CEACAM1	1
panel30	louvain	10	GOBP_LIVER_MORPHOGENESIS	GOBP_LIVER_MORPHOGENESIS	1/2	10/2116	0.1	105.8	10.2152686230199	0.00943168563729213	0.113263715463771	0.0734051736958186	CEACAM1	1
panel30	louvain	10	GOBP_NEGATIVE_REGULATION_OF_INTERLEUKIN_1_PRODUCTION	GOBP_NEGATIVE_REGULATION_OF_INTERLEUKIN_1_PRODUCTION	1/2	10/2116	0.1	105.8	10.2152686230199	0.00943168563729213	0.113263715463771	0.0734051736958186	CEACAM1	1
panel30	louvain	10	GOBP_REGULATION_OF_LEUKOCYTE_DEGRANULATION	GOBP_REGULATION_OF_LEUKOCYTE_DEGRANULATION	1/2	11/2116	0.0909090909090909	96.1818181818182	9.73289372375186	0.0103723962872094	0.113263715463771	0.0734051736958186	CEACAM1	1
panel30	louvain	10	GOBP_NEGATIVE_REGULATION_OF_NATURAL_KILLER_CELL_MEDIATED_IMMUNITY	GOBP_NEGATIVE_REGULATION_OF_NATURAL_KILLER_CELL_MEDIATED_IMMUNITY	1/2	12/2116	0.0833333333333333	88.1666666666667	9.3118481655212	0.0113126600437063	0.113263715463771	0.0734051736958186	CEACAM1	1
panel30	louvain	10	GOBP_NEGATIVE_REGULATION_OF_T_CELL_MEDIATED_IMMUNITY	GOBP_NEGATIVE_REGULATION_OF_T_CELL_MEDIATED_IMMUNITY	1/2	12/2116	0.0833333333333333	88.1666666666667	9.3118481655212	0.0113126600437063	0.113263715463771	0.0734051736958186	CEACAM1	1
panel30	louvain	10	GOBP_NEGATIVE_REGULATION_OF_T_CELL_RECEPTOR_SIGNALING_PATHWAY	GOBP_NEGATIVE_REGULATION_OF_T_CELL_RECEPTOR_SIGNALING_PATHWAY	1/2	12/2116	0.0833333333333333	88.1666666666667	9.3118481655212	0.0113126600437063	0.113263715463771	0.0734051736958186	CEACAM1	1
panel30	louvain	10	GOBP_NEGATIVE_REGULATION_OF_ANTIGEN_RECEPTOR_MEDIATED_SIGNALING_PATHWAY	GOBP_NEGATIVE_REGULATION_OF_ANTIGEN_RECEPTOR_MEDIATED_SIGNALING_PATHWAY	1/2	13/2116	0.0769230769230769	81.3846153846154	8.94010604187068	0.0122524769067824	0.113263715463771	0.0734051736958186	CEACAM1	1
panel30	louvain	11	GOBP_REGULATION_OF_CHROMOSOME_SEGREGATION	GOBP_REGULATION_OF_CHROMOSOME_SEGREGATION	27/62	48/2116	0.5625	19.1975806451613	22.1518404718749	9.25661863740545e-32	7.70150670632133e-29	7.70150670632133e-29	ESPL1/KNL1/BUB1B/CDC16/CCNB1/AURKB/ANAPC1/ANAPC2/ANAPC4/CDC23/ANAPC7/BUB1/ANAPC11/TRIP13/RB1/CDC27/MAD2L1/CDC20/PLK1/CSNK2A1/ANAPC5/CSNK2A2/BUB3/NDC80/CDK1/ANAPC15/BIRC5	27
panel30	louvain	11	GOBP_CELL_CYCLE	GOBP_CELL_CYCLE	54/62	441/2116	0.122448979591837	4.17906517445688	13.0335322700066	7.38625172067693e-30	2.37459400635937e-27	2.37459400635937e-27	ESPL1/KNL1/BUB1B/CDC16/CCNB1/TUBA1C/TFDP1/LIN37/AURKB/ANAPC1/ANAPC2/ANAPC4/CDC23/CDKN1C/CLIP1/RBL2/ANAPC7/BUB1/FZR1/ANAPC13/PTTG1/ANAPC11/ANAPC16/TFDP2/TRIP13/FOXM1/RB1/CDC27/MAD2L1/CDC20/PLK1/HDAC8/CSNK2A1/ANAPC5/TUBA1B/CSNK2A2/LIN9/RBL1/BUB3/CCNA2/MYBL2/NDC80/ANAPC10/CDK1/CSNK2A3/CDC26/TUBA1A/CCNB2/E2F3/ANAPC15/CCNE2/CDCA5/SIN3A/BIRC5	54
panel30	louvain	11	GOBP_REGULATION_OF_SISTER_CHROMATID_SEGREGATION	GOBP_REGULATION_OF_SISTER_CHROMATID_SEGREGATION	25/62	43/2116	0.581395348837209	19.8424606151538	21.6831814394453	8.56223800369966e-30	2.37459400635937e-27	2.37459400635937e-27	ESPL1/KNL1/BUB1B/CDC16/CCNB1/AURKB/ANAPC1/ANAPC2/ANAPC4/CDC23/ANAPC7/BUB1/ANAPC11/TRIP13/RB1/CDC27/MAD2L1/CDC20/PLK1/ANAPC5/BUB3/NDC80/CDK1/ANAPC15/BIRC5	25
panel30	louvain	11	GOBP_NUCLEAR_CHROMOSOME_SEGREGATION	GOBP_NUCLEAR_CHROMOSOME_SEGREGATION	29/62	74/2116	0.391891891891892	13.3748910200523	18.8226247836443	2.47810373030473e-28	5.15445575903384e-26	5.15445575903384e-26	ESPL1/KNL1/BUB1B/CDC16/CCNB1/AURKB/ANAPC1/ANAPC2/ANAPC4/CDC23/ANAPC7/BUB1/PTTG1/ANAPC11/TRIP13/RB1/CDC27/MAD2L1/CDC20/PLK1/ANAPC5/BUB3/MYBL2/NDC80/CDK1/CCNB2/ANAPC15/CCNE2/BIRC5	29
panel30	louvain	11	GOBP_CHROMOSOME_SEGREGATION	GOBP_CHROMOSOME_SEGREGATION	31/62	97/2116	0.319587628865979	10.9072164948454	17.3508266984031	3.14723517767917e-27	5.23699933565814e-25	5.23699933565814e-25	ESPL1/KNL1/BUB1B/CDC16/CCNB1/AURKB/ANAPC1/ANAPC2/ANAPC4/CDC23/ANAPC7/BUB1/PTTG1/ANAPC11/TRIP13/RB1/CDC27/MAD2L1/CDC20/PLK1/CSNK2A1/ANAPC5/CSNK2A2/BUB3/MYBL2/NDC80/CDK1/CCNB2/ANAPC15/CCNE2/BIRC5	31
panel30	louvain	11	GOBP_MITOTIC_CELL_CYCLE	GOBP_MITOTIC_CELL_CYCLE	45/62	293/2116	0.15358361774744	5.24166024441264	13.587112319104	9.19358924651596e-27	1.27484437551688e-24	1.27484437551688e-24	ESPL1/KNL1/BUB1B/CDC16/CCNB1/TUBA1C/TFDP1/AURKB/ANAPC1/ANAPC2/ANAPC4/CDC23/CDKN1C/CLIP1/RBL2/ANAPC7/BUB1/FZR1/ANAPC13/ANAPC11/ANAPC16/TRIP13/FOXM1/RB1/CDC27/MAD2L1/CDC20/PLK1/ANAPC5/TUBA1B/RBL1/BUB3/CCNA2/MYBL2/NDC80/ANAPC10/CDK1/CDC26/TUBA1A/CCNB2/E2F3/ANAPC15/CCNE2/SIN3A/BIRC5	45
panel30	louvain	11	GOBP_CHROMOSOME_SEPARATION	GOBP_CHROMOSOME_SEPARATION	22/62	37/2116	0.594594594594595	20.2929380993897	20.5647199291401	2.10601004851544e-26	2.50314337194977e-24	2.50314337194977e-24	ESPL1/KNL1/BUB1B/CDC16/CCNB1/AURKB/CDC23/ANAPC7/BUB1/ANAPC11/TRIP13/RB1/MAD2L1/CDC20/PLK1/CSNK2A1/ANAPC5/CSNK2A2/BUB3/NDC80/ANAPC15/BIRC5	22
panel30	louvain	11	GOBP_CELL_DIVISION	GOBP_CELL_DIVISION	37/62	173/2116	0.213872832369942	7.29927279507738	15.0185456331224	3.52859453673741e-26	3.66973831820691e-24	3.66973831820691e-24	ESPL1/KNL1/BUB1B/CDC16/CCNB1/TUBA1C/AURKB/ANAPC1/ANAPC2/ANAPC4/CDC23/ANAPC7/BUB1/FZR1/ANAPC13/PTTG1/ANAPC11/ANAPC16/RB1/CDC27/MAD2L1/CDC20/PLK1/ANAPC5/TUBA1B/BUB3/CCNA2/NDC80/ANAPC10/CDK1/CDC26/TUBA1A/CCNB2/ANAPC15/CCNE2/CDCA5/BIRC5	37
panel30	louvain	11	GOBP_SISTER_CHROMATID_SEGREGATION	GOBP_SISTER_CHROMATID_SEGREGATION	26/62	64/2116	0.40625	13.8649193548387	18.153450606404	1.07620450356787e-25	9.94891274409407e-24	9.94891274409407e-24	ESPL1/KNL1/BUB1B/CDC16/CCNB1/AURKB/ANAPC1/ANAPC2/ANAPC4/CDC23/ANAPC7/BUB1/ANAPC11/TRIP13/RB1/CDC27/MAD2L1/CDC20/PLK1/ANAPC5/BUB3/MYBL2/NDC80/CDK1/ANAPC15/BIRC5	26
panel30	louvain	11	GOBP_ANAPHASE_PROMOTING_COMPLEX_DEPENDENT_CATABOLIC_PROCESS	GOBP_ANAPHASE_PROMOTING_COMPLEX_DEPENDENT_CATABOLIC_PROCESS	17/62	19/2116	0.894736842105263	30.5365025466893	22.464019368476	1.34750171490605e-25	1.12112142680183e-23	1.12112142680183e-23	CDC16/ANAPC1/ANAPC2/ANAPC4/CDC23/ANAPC7/FZR1/ANAPC13/ANAPC11/ANAPC16/CDC27/CDC20/PLK1/ANAPC5/ANAPC10/CDC26/ANAPC15	17
panel30	louvain	12	GOBP_TOR_SIGNALING	GOBP_TOR_SIGNALING	34/41	87/2116	0.390804597701149	20.1693299691618	25.6604104960922	1.03926289083183e-43	9.39493653311974e-41	9.39493653311974e-41	WDR24/PRR5/LAMTOR1/MTOR/TTI1/FNIP2/RICTOR/MLST8/RHEB/FNIP1/PRR5L/LAMTOR5/LAMTOR3/LAMTOR2/NPRL3/SEH1L/TSC1/DEPDC5/AKT1S1/RRAGA/LAMTOR4/C9orf72/SESN2/NPRL2/FLCN/MIOS/WDR59/RRAGD/RRAGB/TBC1D7/RPTOR/SLC38A9/RRAGC/SEC13	34
panel30	louvain	12	GOBP_TORC1_SIGNALING	GOBP_TORC1_SIGNALING	30/41	65/2116	0.461538461538462	23.8198874296435	26.261855629972	4.44177588315959e-40	2.00768269918813e-37	2.00768269918813e-37	WDR24/LAMTOR1/MTOR/FNIP2/MLST8/RHEB/FNIP1/LAMTOR5/LAMTOR3/LAMTOR2/NPRL3/SEH1L/TSC1/DEPDC5/AKT1S1/RRAGA/LAMTOR4/C9orf72/SESN2/NPRL2/FLCN/MIOS/WDR59/RRAGD/RRAGB/TBC1D7/RPTOR/SLC38A9/RRAGC/SEC13	30
panel30	louvain	12	GOBP_POSITIVE_REGULATION_OF_TOR_SIGNALING	GOBP_POSITIVE_REGULATION_OF_TOR_SIGNALING	23/41	38/2116	0.605263157894737	31.2374839537869	26.4333825544729	2.62291320934495e-33	7.90371180415946e-31	7.90371180415946e-31	WDR24/LAMTOR1/FNIP2/RICTOR/MLST8/RHEB/FNIP1/LAMTOR5/LAMTOR3/LAMTOR2/SEH1L/RRAGA/LAMTOR4/SESN2/FLCN/MIOS/WDR59/RRAGD/RRAGB/RPTOR/SLC38A9/RRAGC/SEC13	23
panel30	louvain	12	GOBP_POSITIVE_REGULATION_OF_TORC1_SIGNALING	GOBP_POSITIVE_REGULATION_OF_TORC1_SIGNALING	20/41	29/2116	0.689655172413793	35.5929352396972	26.3610832066325	2.03235082127609e-30	4.59311285608395e-28	4.59311285608395e-28	WDR24/LAMTOR1/FNIP2/RHEB/FNIP1/LAMTOR5/LAMTOR3/LAMTOR2/SEH1L/RRAGA/LAMTOR4/SESN2/FLCN/MIOS/WDR59/RRAGD/RRAGB/SLC38A9/RRAGC/SEC13	20
panel30	louvain	12	GOBP_CELLULAR_RESPONSE_TO_NUTRIENT_LEVELS	GOBP_CELLULAR_RESPONSE_TO_NUTRIENT_LEVELS	25/41	119/2116	0.210084033613445	10.8423857347817	15.5318394797428	2.18247017574485e-22	3.94590607774669e-20	3.94590607774669e-20	WDR24/PRR5/LAMTOR1/MTOR/RICTOR/MLST8/RHEB/FNIP1/LAMP2/NPRL3/SEH1L/TSC1/DEPDC5/RRAGA/SESN2/NPRL2/FLCN/MIOS/WDR59/RRAGD/RRAGB/TBC1D7/RPTOR/RRAGC/SEC13	25
panel30	louvain	12	GOBP_RESPONSE_TO_NUTRIENT_LEVELS	GOBP_RESPONSE_TO_NUTRIENT_LEVELS	25/41	175/2116	0.142857142857143	7.37282229965157	12.3701831313388	5.40948475928605e-18	8.15029037065764e-16	8.15029037065764e-16	WDR24/PRR5/LAMTOR1/MTOR/RICTOR/MLST8/RHEB/FNIP1/LAMP2/NPRL3/SEH1L/TSC1/DEPDC5/RRAGA/SESN2/NPRL2/FLCN/MIOS/WDR59/RRAGD/RRAGB/TBC1D7/RPTOR/RRAGC/SEC13	25
panel30	louvain	12	GOBP_RESPONSE_TO_AMINO_ACID_STARVATION	GOBP_RESPONSE_TO_AMINO_ACID_STARVATION	14/41	32/2116	0.4375	22.5792682926829	17.2862547960312	3.37104796614097e-17	4.35346765913062e-15	4.35346765913062e-15	WDR24/MTOR/NPRL3/SEH1L/DEPDC5/RRAGA/SESN2/NPRL2/FLCN/MIOS/WDR59/RRAGD/RRAGB/RRAGC	14
panel30	louvain	12	GOBP_NEGATIVE_REGULATION_OF_TOR_SIGNALING	GOBP_NEGATIVE_REGULATION_OF_TOR_SIGNALING	15/41	41/2116	0.365853658536585	18.8816180844735	16.2490418234252	5.34009649290275e-17	6.03430903698011e-15	6.03430903698011e-15	WDR24/FNIP2/FNIP1/NPRL3/SEH1L/TSC1/DEPDC5/AKT1S1/SESN2/NPRL2/FLCN/MIOS/WDR59/TBC1D7/SEC13	15
panel30	louvain	12	GOBP_CELLULAR_RESPONSE_TO_STARVATION	GOBP_CELLULAR_RESPONSE_TO_STARVATION	19/41	92/2116	0.206521739130435	10.6585365853659	13.3118388798767	2.29527957728714e-16	2.30548081985286e-14	2.30548081985286e-14	WDR24/MTOR/FNIP1/LAMP2/NPRL3/SEH1L/TSC1/DEPDC5/RRAGA/SESN2/NPRL2/FLCN/MIOS/WDR59/RRAGD/RRAGB/TBC1D7/RPTOR/RRAGC	19
panel30	louvain	12	GOBP_RESPONSE_TO_STARVATION	GOBP_RESPONSE_TO_STARVATION	19/41	97/2116	0.195876288659794	10.1091274830274	12.9072152124579	6.65344866727606e-16	6.01471759521756e-14	6.01471759521756e-14	WDR24/MTOR/FNIP1/LAMP2/NPRL3/SEH1L/TSC1/DEPDC5/RRAGA/SESN2/NPRL2/FLCN/MIOS/WDR59/RRAGD/RRAGB/TBC1D7/RPTOR/RRAGC	19
panel30	louvain	13	GOBP_POSITIVE_REGULATION_OF_DEFENSE_RESPONSE	GOBP_POSITIVE_REGULATION_OF_DEFENSE_RESPONSE	4/4	185/2116	0.0216216216216216	11.4378378378378	6.46611608681419	5.67128554225996e-05	0.00697568121697975	0.00519370360185912	MAPKAPK3/MAP2K6/MAPK13/MAPKAPK2	4
panel30	louvain	13	GOBP_POSITIVE_REGULATION_OF_RESPONSE_TO_EXTERNAL_STIMULUS	GOBP_POSITIVE_REGULATION_OF_RESPONSE_TO_EXTERNAL_STIMULUS	4/4	239/2116	0.0167364016736402	8.85355648535565	5.60881880804265	0.00015914928501945	0.00978768102869617	0.00728736199825902	MAPKAPK3/MAP2K6/MAPK13/MAPKAPK2	4
panel30	louvain	13	GOBP_REGULATION_OF_DEFENSE_RESPONSE	GOBP_REGULATION_OF_DEFENSE_RESPONSE	4/4	274/2116	0.0145985401459854	7.72262773722628	5.18928778325235	0.000275816910602166	0.0113084933346888	0.00841967411311874	MAPKAPK3/MAP2K6/MAPK13/MAPKAPK2	4
panel30	louvain	13	GOBP_MAPK_CASCADE	GOBP_MAPK_CASCADE	4/4	328/2116	0.0121951219512195	6.45121951219512	4.6728846430142	0.000568449700917043	0.0156536592430501	0.011654842568638	MAPKAPK3/MAP2K6/MAPK13/MAPKAPK2	4
panel30	louvain	13	GOBP_ACTIVATION_OF_INNATE_IMMUNE_RESPONSE	GOBP_ACTIVATION_OF_INNATE_IMMUNE_RESPONSE	3/4	118/2116	0.0254237288135593	13.4491525423729	6.05509937074522	0.000649464647836886	0.0156536592430501	0.011654842568638	MAPKAPK3/MAP2K6/MAPKAPK2	3
panel30	louvain	13	GOBP_REGULATION_OF_RESPONSE_TO_EXTERNAL_STIMULUS	GOBP_REGULATION_OF_RESPONSE_TO_EXTERNAL_STIMULUS	4/4	353/2116	0.0113314447592068	5.9943342776204	4.47277475509177	0.00076359313380732	0.0156536592430501	0.011654842568638	MAPKAPK3/MAP2K6/MAPK13/MAPKAPK2	4
panel30	louvain	13	GOBP_P38MAPK_CASCADE	GOBP_P38MAPK_CASCADE	2/4	30/2116	0.0666666666666667	35.2666666666667	8.22457679054651	0.00114589199937432	0.0174703814898941	0.0130074727395874	MAP2K6/MAPKAPK2	2
panel30	louvain	13	GOBP_POSITIVE_REGULATION_OF_RESPONSE_TO_BIOTIC_STIMULUS	GOBP_POSITIVE_REGULATION_OF_RESPONSE_TO_BIOTIC_STIMULUS	3/4	148/2116	0.0202702702702703	10.722972972973	5.33648894125928	0.00127383528451474	0.0174703814898941	0.0130074727395874	MAPKAPK3/MAP2K6/MAPKAPK2	3
panel30	louvain	13	GOBP_REGULATION_OF_RESPONSE_TO_STRESS	GOBP_REGULATION_OF_RESPONSE_TO_STRESS	4/4	414/2116	0.00966183574879227	5.11111111111111	4.05805409405826	0.00144830128360679	0.0174703814898941	0.0130074727395874	MAPKAPK3/MAP2K6/MAPK13/MAPKAPK2	4
panel30	louvain	13	GOBP_STRESS_ACTIVATED_PROTEIN_KINASE_SIGNALING_CASCADE	GOBP_STRESS_ACTIVATED_PROTEIN_KINASE_SIGNALING_CASCADE	2/4	35/2116	0.0571428571428571	30.2285714285714	7.58654076930812	0.00156239184055963	0.0174703814898941	0.0130074727395874	MAP2K6/MAPK13	2
panel30	louvain	14	GOBP_DISRUPTION_OF_ANATOMICAL_STRUCTURE_IN_ANOTHER_ORGANISM	GOBP_DISRUPTION_OF_ANATOMICAL_STRUCTURE_IN_ANOTHER_ORGANISM	2/2	27/2116	0.0740740740740741	78.3703703703704	12.4424249574012	0.000156859590556248	0.00862727748059365	0.0051185761128881	PRF1/GZMB	2
panel30	louvain	14	GOBP_LEUKOCYTE_MEDIATED_CYTOTOXICITY	GOBP_LEUKOCYTE_MEDIATED_CYTOTOXICITY	2/2	49/2116	0.0408163265306122	43.1836734693878	9.18734215139336	0.00052554666237649	0.0144525332153535	0.00857470870193221	PRF1/GZMB	2
panel30	louvain	14	GOBP_CELL_KILLING	GOBP_CELL_KILLING	2/2	71/2116	0.028169014084507	29.8028169014085	7.59163245903499	0.00111053014966461	0.0203597194105178	0.0120794507507378	PRF1/GZMB	2
panel30	louvain	14	GOBP_LYMPHOCYTE_MEDIATED_IMMUNITY	GOBP_LYMPHOCYTE_MEDIATED_IMMUNITY	2/2	94/2116	0.0212765957446809	22.5106382978723	6.5606118043156	0.0019533711405167	0.0268588531821046	0.0159353961463204	PRF1/GZMB	2
panel30	louvain	14	GOBP_LEUKOCYTE_MEDIATED_IMMUNITY	GOBP_LEUKOCYTE_MEDIATED_IMMUNITY	2/2	120/2116	0.0166666666666667	17.6333333333333	5.76909031195007	0.00319081902157154	0.035099009237287	0.0208242925618353	PRF1/GZMB	2
panel30	louvain	14	GOBP_IMMUNE_EFFECTOR_PROCESS	GOBP_IMMUNE_EFFECTOR_PROCESS	2/2	193/2116	0.0103626943005181	10.9637305699482	4.46507419471129	0.00828004129295204	0.0690673781209922	0.0409777745789619	PRF1/GZMB	2
panel30	louvain	14	GOBP_IMMUNE_RESPONSE_TO_TUMOR_CELL	GOBP_IMMUNE_RESPONSE_TO_TUMOR_CELL	1/2	10/2116	0.1	105.8	10.2152686230199	0.00943168563729213	0.0690673781209922	0.0409777745789619	PRF1	1
panel30	louvain	14	GOBP_POSITIVE_REGULATION_OF_ESTABLISHMENT_OF_PROTEIN_LOCALIZATION_TO_MITOCHONDRION	GOBP_POSITIVE_REGULATION_OF_ESTABLISHMENT_OF_PROTEIN_LOCALIZATION_TO_MITOCHONDRION	1/2	12/2116	0.0833333333333333	88.1666666666667	9.3118481655212	0.0113126600437063	0.0690673781209922	0.0409777745789619	GZMB	1
panel30	louvain	14	GOBP_CELLULAR_DEFENSE_RESPONSE	GOBP_CELLULAR_DEFENSE_RESPONSE	1/2	13/2116	0.0769230769230769	81.3846153846154	8.94010604187068	0.0122524769067824	0.0690673781209922	0.0409777745789619	PRF1	1
panel30	louvain	14	GOBP_PYROPTOTIC_INFLAMMATORY_RESPONSE	GOBP_PYROPTOTIC_INFLAMMATORY_RESPONSE	1/2	14/2116	0.0714285714285714	75.5714285714286	8.60870482867123	0.0131918468764384	0.0690673781209922	0.0409777745789619	GZMB	1
panel30	louvain	15	GOBP_PROTON_TRANSMEMBRANE_TRANSPORT	GOBP_PROTON_TRANSMEMBRANE_TRANSPORT	21/21	79/2116	0.265822784810127	26.7848101265823	23.3805535107449	6.13589816866706e-32	1.0062872996614e-29	9.36439656304505e-30	ATP6V1A/ATP6V0A1/ATP6V1C1/ATP6V1H/ATP6V0D2/ATP6V1G1/ATP6V1E2/ATP6V1G2/ATP6V1D/ATP6V1F/ATP6V0B/ATP6V0C/ATP6V1C2/ATP6V0E2/ATP6V0D1/ATP6V0A2/TCIRG1/ATP6AP1/ATP6V1E1/ATP6V0E1/ATP6V1B2	21
panel30	louvain	15	GOBP_VACUOLAR_ACIDIFICATION	GOBP_VACUOLAR_ACIDIFICATION	15/21	17/2116	0.882352941176471	88.9075630252101	36.4264880168687	1.32155790954816e-31	1.08367748582949e-29	1.00845809414127e-29	ATP6V1A/ATP6V0A1/ATP6V1H/ATP6V0D2/ATP6V1D/ATP6V1F/ATP6V0B/ATP6V0C/ATP6V0E2/ATP6V0D1/ATP6V0A2/TCIRG1/ATP6AP1/ATP6V0E1/ATP6V1B2	15
panel30	louvain	15	GOBP_INTRACELLULAR_PH_REDUCTION	GOBP_INTRACELLULAR_PH_REDUCTION	15/21	20/2116	0.75	75.5714285714286	33.5401222505905	1.49449191809945e-29	8.16988915227698e-28	7.60280706352797e-28	ATP6V1A/ATP6V0A1/ATP6V1H/ATP6V0D2/ATP6V1D/ATP6V1F/ATP6V0B/ATP6V0C/ATP6V0E2/ATP6V0D1/ATP6V0A2/TCIRG1/ATP6AP1/ATP6V0E1/ATP6V1B2	15
panel30	louvain	15	GOBP_REGULATION_OF_PH	GOBP_REGULATION_OF_PH	15/21	27/2116	0.555555555555556	55.978835978836	28.7793527445444	1.64443725101876e-26	5.91340216504829e-25	5.50294562287674e-25	ATP6V1A/ATP6V0A1/ATP6V1H/ATP6V0D2/ATP6V1D/ATP6V1F/ATP6V0B/ATP6V0C/ATP6V0E2/ATP6V0D1/ATP6V0A2/TCIRG1/ATP6AP1/ATP6V0E1/ATP6V1B2	15
panel30	louvain	15	GOBP_SYNAPTIC_VESICLE_LUMEN_ACIDIFICATION	GOBP_SYNAPTIC_VESICLE_LUMEN_ACIDIFICATION	12/21	12/2116	1	100.761904761905	34.6900804822858	1.80286651373423e-26	5.91340216504829e-25	5.50294562287674e-25	ATP6V1A/ATP6V0A1/ATP6V1C1/ATP6V1G1/ATP6V1G2/ATP6V1D/ATP6V1F/ATP6V0C/ATP6V0D1/ATP6AP1/ATP6V1E1/ATP6V1B2	12
panel30	louvain	15	GOBP_SYNAPTIC_VESICLE_MATURATION	GOBP_SYNAPTIC_VESICLE_MATURATION	12/21	13/2116	0.923076923076923	93.010989010989	33.309227309737	2.3344722100844e-25	6.38089070756403e-24	5.93798520871573e-24	ATP6V1A/ATP6V0A1/ATP6V1C1/ATP6V1G1/ATP6V1G2/ATP6V1D/ATP6V1F/ATP6V0C/ATP6V0D1/ATP6AP1/ATP6V1E1/ATP6V1B2	12
panel30	louvain	15	GOBP_REGULATION_OF_MACROAUTOPHAGY	GOBP_REGULATION_OF_MACROAUTOPHAGY	18/21	80/2116	0.225	22.6714285714286	19.7795527402926	4.12932983815102e-24	9.67442990652524e-23	9.00291578722789e-23	ATP6V1A/ATP6V0A1/ATP6V1C1/ATP6V1H/ATP6V0D2/ATP6V1G1/ATP6V1E2/ATP6V1G2/ATP6V1D/ATP6V0B/ATP6V0C/ATP6V1C2/ATP6V0E2/ATP6V0D1/ATP6V0A2/ATP6V1E1/ATP6V0E1/ATP6V1B2	18
panel30	louvain	15	GOBP_MONOATOMIC_ION_TRANSMEMBRANE_TRANSPORT	GOBP_MONOATOMIC_ION_TRANSMEMBRANE_TRANSPORT	21/21	195/2116	0.107692307692308	10.8512820512821	14.4517086107416	6.50321589377198e-23	1.33315925822326e-21	1.24062302882073e-21	ATP6V1A/ATP6V0A1/ATP6V1C1/ATP6V1H/ATP6V0D2/ATP6V1G1/ATP6V1E2/ATP6V1G2/ATP6V1D/ATP6V1F/ATP6V0B/ATP6V0C/ATP6V1C2/ATP6V0E2/ATP6V0D1/ATP6V0A2/TCIRG1/ATP6AP1/ATP6V1E1/ATP6V0E1/ATP6V1B2	21
panel30	louvain	15	GOBP_NEURON_CELLULAR_HOMEOSTASIS	GOBP_NEURON_CELLULAR_HOMEOSTASIS	12/21	19/2116	0.631578947368421	63.6390977443609	27.4533848582841	8.8358443114047e-22	1.61008718563374e-20	1.49832904702513e-20	ATP6V1A/ATP6V0A1/ATP6V1C1/ATP6V1G1/ATP6V1G2/ATP6V1D/ATP6V1F/ATP6V0C/ATP6V0D1/ATP6AP1/ATP6V1E1/ATP6V1B2	12
panel30	louvain	15	GOBP_MONOATOMIC_CATION_TRANSPORT	GOBP_MONOATOMIC_CATION_TRANSPORT	21/21	222/2116	0.0945945945945946	9.53153153153153	13.4488862289245	1.13957283522237e-21	1.86889944976469e-20	1.73917683249526e-20	ATP6V1A/ATP6V0A1/ATP6V1C1/ATP6V1H/ATP6V0D2/ATP6V1G1/ATP6V1E2/ATP6V1G2/ATP6V1D/ATP6V1F/ATP6V0B/ATP6V0C/ATP6V1C2/ATP6V0E2/ATP6V0D1/ATP6V0A2/TCIRG1/ATP6AP1/ATP6V1E1/ATP6V0E1/ATP6V1B2	21
panel30	louvain	16	GOBP_PROTEIN_DEPHOSPHORYLATION	GOBP_PROTEIN_DEPHOSPHORYLATION	6/12	37/2116	0.162162162162162	28.5945945945946	12.7855841967636	1.60819664067022e-08	8.52344219555214e-06	7.37901748488631e-07	PPP2CB/PPP3CB/PPP2R3B/PPP3CA/PPP2R2A/PPP2CA	6
panel30	louvain	16	GOBP_DEPHOSPHORYLATION	GOBP_DEPHOSPHORYLATION	6/12	46/2116	0.130434782608696	23	11.3904102150414	6.33705340267238e-08	1.67931915170818e-05	1.45384049059728e-06	PPP2CB/PPP3CB/PPP2R3B/PPP3CA/PPP2R2A/PPP2CA	6
panel30	louvain	16	GOBP_POSITIVE_REGULATION_OF_CALCIUM_ION_IMPORT	GOBP_POSITIVE_REGULATION_OF_CALCIUM_ION_IMPORT	3/12	10/2116	0.3	52.9	12.4211302406465	1.63716444832166e-05	0.0028923238587016	0.000250397759915006	PPP3CB/PPP3R1/PPP3CA	3
panel30	louvain	16	GOBP_REGULATION_OF_CALCINEURIN_MEDIATED_SIGNALING	GOBP_REGULATION_OF_CALCINEURIN_MEDIATED_SIGNALING	3/12	14/2116	0.214285714285714	37.7857142857143	10.4267700667024	4.90282485696047e-05	0.0049651745230116	0.000429851095135412	PPP3CB/PPP3R1/PPP3CA	3
panel30	louvain	16	GOBP_NEGATIVE_REGULATION_OF_CALCIUM_ION_TRANSMEMBRANE_TRANSPORT	GOBP_NEGATIVE_REGULATION_OF_CALCIUM_ION_TRANSMEMBRANE_TRANSPORT	3/12	15/2116	0.2	35.2666666666667	10.0560495450184	6.10891822218087e-05	0.0049651745230116	0.000429851095135412	PPP3CB/PPP3R1/PPP3CA	3
panel30	louvain	16	GOBP_REGULATION_OF_CALCIUM_ION_IMPORT	GOBP_REGULATION_OF_CALCIUM_ION_IMPORT	3/12	15/2116	0.2	35.2666666666667	10.0560495450184	6.10891822218087e-05	0.0049651745230116	0.000429851095135412	PPP3CB/PPP3R1/PPP3CA	3
panel30	louvain	16	GOBP_CALCIUM_ION_IMPORT_ACROSS_PLASMA_MEMBRANE	GOBP_CALCIUM_ION_IMPORT_ACROSS_PLASMA_MEMBRANE	3/12	16/2116	0.1875	33.0625	9.7200985363012	7.49460305360241e-05	0.0049651745230116	0.000429851095135412	PPP3CB/PPP3R1/PPP3CA	3
panel30	louvain	16	GOBP_NEGATIVE_REGULATION_OF_CALCIUM_ION_TRANSPORT	GOBP_NEGATIVE_REGULATION_OF_CALCIUM_ION_TRANSPORT	3/12	16/2116	0.1875	33.0625	9.7200985363012	7.49460305360241e-05	0.0049651745230116	0.000429851095135412	PPP3CB/PPP3R1/PPP3CA	3
panel30	louvain	16	GOBP_POSITIVE_REGULATION_OF_CALCIUM_ION_TRANSMEMBRANE_TRANSPORT	GOBP_POSITIVE_REGULATION_OF_CALCIUM_ION_TRANSMEMBRANE_TRANSPORT	3/12	20/2116	0.15	26.45	8.63435869511036	0.000150623935531787	0.00798306858318473	0.000691119870433412	PPP3CB/PPP3R1/PPP3CA	3
panel30	louvain	16	GOBP_POSITIVE_REGULATION_OF_CALCIUM_MEDIATED_SIGNALING	GOBP_POSITIVE_REGULATION_OF_CALCIUM_MEDIATED_SIGNALING	3/12	20/2116	0.15	26.45	8.63435869511036	0.000150623935531787	0.00798306858318473	0.000691119870433412	PPP3CB/PPP3R1/PPP3CA	3
panel30	louvain	17	GOBP_MISMATCH_REPAIR	GOBP_MISMATCH_REPAIR	3/3	13/2116	0.230769230769231	162.769230769231	22.0401235588363	1.81378691907782e-07	7.98066244394242e-06	6.4914479209101e-06	RNASEH2C/RNASEH2B/RNASEH2A	3
panel30	louvain	17	GOBP_NUCLEIC_ACID_CATABOLIC_PROCESS	GOBP_NUCLEIC_ACID_CATABOLIC_PROCESS	3/3	55/2116	0.0545454545454545	38.4727272727273	10.6077607461714	1.66380069307716e-05	0.000366036152476975	0.000297732755603281	RNASEH2C/RNASEH2B/RNASEH2A	3
panel30	louvain	17	GOBP_NUCLEOBASE_CONTAINING_COMPOUND_CATABOLIC_PROCESS	GOBP_NUCLEOBASE_CONTAINING_COMPOUND_CATABOLIC_PROCESS	3/3	91/2116	0.032967032967033	23.2527472527473	8.17443758747937	7.70447216308284e-05	0.00112998925058548	0.000919130012437953	RNASEH2C/RNASEH2B/RNASEH2A	3
panel30	louvain	17	GOBP_DNA_REPAIR	GOBP_DNA_REPAIR	3/3	160/2116	0.01875	13.225	6.05885415546836	0.000424857389100914	0.00467343128011005	0.00380135558669238	RNASEH2C/RNASEH2B/RNASEH2A	3
panel30	louvain	17	GOBP_DNA_METABOLIC_PROCESS	GOBP_DNA_METABOLIC_PROCESS	3/3	252/2116	0.0119047619047619	8.3968253968254	4.71290568057818	0.00167141098784252	0.0147084166930142	0.011963783912978	RNASEH2C/RNASEH2B/RNASEH2A	3
panel30	louvain	17	GOBP_DNA_DAMAGE_RESPONSE	GOBP_DNA_DAMAGE_RESPONSE	3/3	277/2116	0.0108303249097473	7.63898916967509	4.46495457397406	0.00222223778104707	0.0162964103943452	0.0132554534308071	RNASEH2C/RNASEH2B/RNASEH2A	3
panel30	louvain	17	GOBP_MACROMOLECULE_CATABOLIC_PROCESS	GOBP_MACROMOLECULE_CATABOLIC_PROCESS	3/3	333/2116	0.00900900900900901	6.35435435435436	4.00977145210847	0.00386793611964236	0.0243127413234662	0.0197759139951639	RNASEH2C/RNASEH2B/RNASEH2A	3
panel30	louvain	17	GOBP_REGULATION_OF_DNA_DAMAGE_CHECKPOINT	GOBP_REGULATION_OF_DNA_DAMAGE_CHECKPOINT	1/3	14/2116	0.0714285714285714	50.3809523809524	6.98350081775262	0.0197270002083827	0.108498501146105	0.088252369353291	RNASEH2B	1
panel30	louvain	17	GOBP_REGULATION_OF_CELL_CYCLE_CHECKPOINT	GOBP_REGULATION_OF_CELL_CYCLE_CHECKPOINT	1/3	26/2116	0.0384615384615385	27.1282051282051	5.04997435416198	0.036427931593039	0.178092110010413	0.144859611013255	RNASEH2B	1
panel30	louvain	17	GOBP_POSITIVE_REGULATION_OF_FIBROBLAST_PROLIFERATION	GOBP_POSITIVE_REGULATION_OF_FIBROBLAST_PROLIFERATION	1/3	34/2116	0.0294117647058824	20.7450980392157	4.37244600463896	0.0474558321639798	0.208805661521511	0.169841925639506	RNASEH2B	1
panel30	louvain	18	GOBP_REGULATION_OF_TYROSINE_PHOSPHORYLATION_OF_STAT_PROTEIN	GOBP_REGULATION_OF_TYROSINE_PHOSPHORYLATION_OF_STAT_PROTEIN	2/2	16/2116	0.125	132.25	16.2056833297899	5.36272104465806e-05	0.00215849522047487	0.000908840092831525	IL10RB/IL10RA	2
panel30	louvain	18	GOBP_TYROSINE_PHOSPHORYLATION_OF_STAT_PROTEIN	GOBP_TYROSINE_PHOSPHORYLATION_OF_STAT_PROTEIN	2/2	18/2116	0.111111111111111	117.555555555556	15.271587385329	6.83746933193902e-05	0.00215849522047487	0.000908840092831525	IL10RB/IL10RA	2
panel30	louvain	18	GOBP_POSITIVE_REGULATION_OF_PEPTIDYL_TYROSINE_PHOSPHORYLATION	GOBP_POSITIVE_REGULATION_OF_PEPTIDYL_TYROSINE_PHOSPHORYLATION	2/2	24/2116	0.0833333333333333	88.1666666666667	13.2066573905874	0.000123342584027135	0.00215849522047487	0.000908840092831525	IL10RB/IL10RA	2
panel30	louvain	18	GOBP_POSITIVE_REGULATION_OF_RECEPTOR_SIGNALING_PATHWAY_VIA_STAT	GOBP_POSITIVE_REGULATION_OF_RECEPTOR_SIGNALING_PATHWAY_VIA_STAT	2/2	24/2116	0.0833333333333333	88.1666666666667	13.2066573905874	0.000123342584027135	0.00215849522047487	0.000908840092831525	IL10RB/IL10RA	2
panel30	louvain	18	GOBP_REGULATION_OF_PEPTIDYL_TYROSINE_PHOSPHORYLATION	GOBP_REGULATION_OF_PEPTIDYL_TYROSINE_PHOSPHORYLATION	2/2	33/2116	0.0606060606060606	64.1212121212121	11.2384225568824	0.000235959725964955	0.00328466663985306	0.00138301753256971	IL10RB/IL10RA	2
panel30	louvain	18	GOBP_REGULATION_OF_RECEPTOR_SIGNALING_PATHWAY_VIA_JAK_STAT	GOBP_REGULATION_OF_RECEPTOR_SIGNALING_PATHWAY_VIA_JAK_STAT	2/2	36/2116	0.0555555555555556	58.7777777777778	10.7522191940535	0.000281542854844548	0.00328466663985306	0.00138301753256971	IL10RB/IL10RA	2
panel30	louvain	18	GOBP_REGULATION_OF_RECEPTOR_SIGNALING_PATHWAY_VIA_STAT	GOBP_REGULATION_OF_RECEPTOR_SIGNALING_PATHWAY_VIA_STAT	2/2	43/2116	0.0465116279069768	49.2093023255814	9.82161973447905	0.000403544758610519	0.00403544758610519	0.0016991358257285	IL10RB/IL10RA	2
panel30	louvain	18	GOBP_NEGATIVE_REGULATION_OF_INFLAMMATORY_RESPONSE	GOBP_NEGATIVE_REGULATION_OF_INFLAMMATORY_RESPONSE	2/2	54/2116	0.037037037037037	39.1851851851852	8.74108096137908	0.000639504484575473	0.00559566424003539	0.00235606915369911	IL10RB/IL10RA	2
panel30	louvain	18	GOBP_PEPTIDYL_TYROSINE_MODIFICATION	GOBP_PEPTIDYL_TYROSINE_MODIFICATION	2/2	59/2116	0.0338983050847458	35.864406779661	8.35235283383737	0.000764634642284162	0.00594715832887681	0.00250406666479024	IL10RB/IL10RA	2
panel30	louvain	18	GOBP_CELL_SURFACE_RECEPTOR_SIGNALING_PATHWAY_VIA_JAK_STAT	GOBP_CELL_SURFACE_RECEPTOR_SIGNALING_PATHWAY_VIA_JAK_STAT	2/2	71/2116	0.028169014084507	29.8028169014085	7.59163245903499	0.00111053014966461	0.00777371104765225	0.00327314149374832	IL10RB/IL10RA	2
panel30	louvain	19	GOBP_POSITIVE_REGULATION_OF_ACTIVATED_T_CELL_PROLIFERATION	GOBP_POSITIVE_REGULATION_OF_ACTIVATED_T_CELL_PROLIFERATION	2/2	10/2116	0.2	211.6	20.5280111832823	2.01102039174678e-05	0.000657827114811388	0.00014676920753801	IL12RB1/IL23A	2
panel30	louvain	19	GOBP_POSITIVE_REGULATION_OF_NATURAL_KILLER_CELL_ACTIVATION	GOBP_POSITIVE_REGULATION_OF_NATURAL_KILLER_CELL_ACTIVATION	2/2	10/2116	0.2	211.6	20.5280111832823	2.01102039174678e-05	0.000657827114811388	0.00014676920753801	IL12RB1/IL23A	2
panel30	louvain	19	GOBP_POSITIVE_REGULATION_OF_DEFENSE_RESPONSE_TO_VIRUS_BY_HOST	GOBP_POSITIVE_REGULATION_OF_DEFENSE_RESPONSE_TO_VIRUS_BY_HOST	2/2	11/2116	0.181818181818182	192.363636363636	19.5680432554897	2.45791381213494e-05	0.000657827114811388	0.00014676920753801	IL12RB1/IL23A	2
panel30	louvain	19	GOBP_REGULATION_OF_T_HELPER_17_TYPE_IMMUNE_RESPONSE	GOBP_REGULATION_OF_T_HELPER_17_TYPE_IMMUNE_RESPONSE	2/2	11/2116	0.181818181818182	192.363636363636	19.5680432554897	2.45791381213494e-05	0.000657827114811388	0.00014676920753801	IL12RB1/IL23A	2
panel30	louvain	19	GOBP_ALPHA_BETA_T_CELL_PROLIFERATION	GOBP_ALPHA_BETA_T_CELL_PROLIFERATION	2/2	12/2116	0.166666666666667	176.333333333333	18.7305244170713	2.94949657456193e-05	0.000657827114811388	0.00014676920753801	IL12RB1/IL23A	2
panel30	louvain	19	GOBP_POSITIVE_REGULATION_OF_INTERLEUKIN_17_PRODUCTION	GOBP_POSITIVE_REGULATION_OF_INTERLEUKIN_17_PRODUCTION	2/2	12/2116	0.166666666666667	176.333333333333	18.7305244170713	2.94949657456193e-05	0.000657827114811388	0.00014676920753801	IL12RB1/IL23A	2
panel30	louvain	19	GOBP_REGULATION_OF_T_HELPER_1_TYPE_IMMUNE_RESPONSE	GOBP_REGULATION_OF_T_HELPER_1_TYPE_IMMUNE_RESPONSE	2/2	12/2116	0.166666666666667	176.333333333333	18.7305244170713	2.94949657456193e-05	0.000657827114811388	0.00014676920753801	IL12RB1/IL23A	2
panel30	louvain	19	GOBP_POSITIVE_REGULATION_OF_CD4_POSITIVE_ALPHA_BETA_T_CELL_DIFFERENTIATION	GOBP_POSITIVE_REGULATION_OF_CD4_POSITIVE_ALPHA_BETA_T_CELL_DIFFERENTIATION	2/2	13/2116	0.153846153846154	162.769230769231	17.9914287139273	3.48576867902775e-05	0.000657827114811388	0.00014676920753801	IL12RB1/IL23A	2
panel30	louvain	19	GOBP_REGULATION_OF_NATURAL_KILLER_CELL_ACTIVATION	GOBP_REGULATION_OF_NATURAL_KILLER_CELL_ACTIVATION	2/2	13/2116	0.153846153846154	162.769230769231	17.9914287139273	3.48576867902775e-05	0.000657827114811388	0.00014676920753801	IL12RB1/IL23A	2
panel30	louvain	19	GOBP_POSITIVE_REGULATION_OF_CD4_POSITIVE_ALPHA_BETA_T_CELL_ACTIVATION	GOBP_POSITIVE_REGULATION_OF_CD4_POSITIVE_ALPHA_BETA_T_CELL_ACTIVATION	2/2	15/2116	0.133333333333333	141.066666666667	16.7411423366521	4.6923809140758e-05	0.000657827114811388	0.00014676920753801	IL12RB1/IL23A	2
panel30	louvain	20	GOBP_REGULATION_OF_THE_FORCE_OF_HEART_CONTRACTION	GOBP_REGULATION_OF_THE_FORCE_OF_HEART_CONTRACTION	3/3	11/2116	0.272727272727273	192.363636363636	23.9715310003027	1.0464155302372e-07	9.10381511306366e-06	1.76238405092582e-06	MYH6/MYH7/MYL2	3
panel30	louvain	20	GOBP_VENTRICULAR_CARDIAC_MUSCLE_TISSUE_MORPHOGENESIS	GOBP_VENTRICULAR_CARDIAC_MUSCLE_TISSUE_MORPHOGENESIS	3/3	14/2116	0.214285714285714	151.142857142857	21.2333443378727	2.30845607882632e-07	1.00417839428945e-05	1.94396301374848e-06	MYH6/MYH7/MYL2	3
panel30	louvain	20	GOBP_CARDIAC_MUSCLE_TISSUE_MORPHOGENESIS	GOBP_CARDIAC_MUSCLE_TISSUE_MORPHOGENESIS	3/3	18/2116	0.166666666666667	117.555555555556	18.7082236916327	5.17500044044581e-07	1.12556259579696e-05	2.17894755387192e-06	MYH6/MYH7/MYL2	3
panel30	louvain	20	GOBP_VENTRICULAR_CARDIAC_MUSCLE_TISSUE_DEVELOPMENT	GOBP_VENTRICULAR_CARDIAC_MUSCLE_TISSUE_DEVELOPMENT	3/3	18/2116	0.166666666666667	117.555555555556	18.7082236916327	5.17500044044581e-07	1.12556259579696e-05	2.17894755387192e-06	MYH6/MYH7/MYL2	3
panel30	louvain	20	GOBP_CARDIAC_VENTRICLE_MORPHOGENESIS	GOBP_CARDIAC_VENTRICLE_MORPHOGENESIS	3/3	21/2116	0.142857142857143	100.761904761905	17.3080615511649	8.43474336494232e-07	1.46764534549996e-05	2.84117671240163e-06	MYH6/MYH7/MYL2	3
panel30	louvain	20	GOBP_MUSCLE_ORGAN_MORPHOGENESIS	GOBP_MUSCLE_ORGAN_MORPHOGENESIS	3/3	26/2116	0.115384615384615	81.3846153846154	15.5364765459252	1.64889719916165e-06	2.3909009387844e-05	4.6284833660678e-06	MYH6/MYH7/MYL2	3
panel30	louvain	20	GOBP_CARDIAC_VENTRICLE_DEVELOPMENT	GOBP_CARDIAC_VENTRICLE_DEVELOPMENT	3/3	37/2116	0.0810810810810811	57.1891891891892	12.9895003907039	4.92766586057155e-06	6.12438471242465e-05	1.18560381607737e-05	MYH6/MYH7/MYL2	3
panel30	louvain	20	GOBP_CARDIAC_CHAMBER_MORPHOGENESIS	GOBP_CARDIAC_CHAMBER_MORPHOGENESIS	3/3	42/2116	0.0714285714285714	50.3809523809524	12.1771539181845	7.28051532552915e-06	7.03783148134485e-05	1.36243561647329e-05	MYH6/MYH7/MYL2	3
panel30	louvain	20	GOBP_CARDIAC_MUSCLE_CONTRACTION	GOBP_CARDIAC_MUSCLE_CONTRACTION	3/3	42/2116	0.0714285714285714	50.3809523809524	12.1771539181845	7.28051532552915e-06	7.03783148134485e-05	1.36243561647329e-05	MYH6/MYH7/MYL2	3
panel30	louvain	20	GOBP_REGULATION_OF_HEART_CONTRACTION	GOBP_REGULATION_OF_HEART_CONTRACTION	3/3	46/2116	0.0652173913043478	46	11.6244475312595	9.62702287818227e-06	7.95250435331058e-05	1.53950477499055e-05	MYH6/MYH7/MYL2	3
panel30	louvain	21	GOBP_G_PROTEIN_COUPLED_RECEPTOR_SIGNALING_PATHWAY	GOBP_G_PROTEIN_COUPLED_RECEPTOR_SIGNALING_PATHWAY	2/2	129/2116	0.0155038759689922	16.4031007751938	5.55164606404025	0.00368955207872474	0.0405850728659722	0.0194186951511829	GNGT2/GNB4	2
panel30	louvain	21	GOBP_DETECTION_OF_ABIOTIC_STIMULUS	GOBP_DETECTION_OF_ABIOTIC_STIMULUS	1/2	17/2116	0.0588235294117647	62.2352941176471	7.79538809910682	0.0160072754248839	0.0543260400327121	0.0259933205898144	GNGT2	1
panel30	louvain	21	GOBP_SUBSTANTIA_NIGRA_DEVELOPMENT	GOBP_SUBSTANTIA_NIGRA_DEVELOPMENT	1/2	18/2116	0.0555555555555556	58.7777777777778	7.57028164001055	0.0169448578208581	0.0543260400327121	0.0259933205898144	GNB4	1
panel30	louvain	21	GOBP_NEURAL_NUCLEUS_DEVELOPMENT	GOBP_NEURAL_NUCLEUS_DEVELOPMENT	1/2	21/2116	0.0476190476190476	50.3809523809524	6.9935033551852	0.0197549236482589	0.0543260400327121	0.0259933205898144	GNB4	1
panel30	louvain	21	GOBP_MIDBRAIN_DEVELOPMENT	GOBP_MIDBRAIN_DEVELOPMENT	1/2	39/2116	0.0256410256410256	27.1282051282051	5.06455538000356	0.0365308557562106	0.0703741689644432	0.0336718511791594	GNB4	1
panel30	louvain	21	GOBP_DETECTION_OF_STIMULUS	GOBP_DETECTION_OF_STIMULUS	1/2	41/2116	0.024390243902439	25.8048780487805	4.93216578637829	0.0383859103442418	0.0703741689644432	0.0336718511791594	GNGT2	1
panel30	louvain	21	GOBP_RESPONSE_TO_LIGHT_STIMULUS	GOBP_RESPONSE_TO_LIGHT_STIMULUS	1/2	93/2116	0.010752688172043	11.3763440860215	3.14706410787931	0.0859898912708306	0.135126971997019	0.0646540535870907	GNGT2	1
panel30	louvain	21	GOBP_RESPONSE_TO_RADIATION	GOBP_RESPONSE_TO_RADIATION	1/2	138/2116	0.0072463768115942	7.66666666666667	2.49088015563738	0.126210299105766	0.173539161270429	0.0830330915169515	GNGT2	1
panel30	louvain	21	GOBP_HEAD_DEVELOPMENT	GOBP_HEAD_DEVELOPMENT	1/2	167/2116	0.00598802395209581	6.33532934131737	2.20918070331617	0.151650600848204	0.185350734370027	0.0886845618995343	GNB4	1
panel30	louvain	21	GOBP_CENTRAL_NERVOUS_SYSTEM_DEVELOPMENT	GOBP_CENTRAL_NERVOUS_SYSTEM_DEVELOPMENT	1/2	209/2116	0.00478468899521531	5.0622009569378	1.90229073571093	0.187828857695728	0.206611743465301	0.0988572935240674	GNB4	1
panel30	louvain	22	GOBP_NON_CANONICAL_WNT_SIGNALING_PATHWAY	GOBP_NON_CANONICAL_WNT_SIGNALING_PATHWAY	8/10	49/2116	0.163265306122449	34.5469387755102	16.3684177412293	1.99235690855273e-12	1.42254283270665e-09	1.07167829502152e-09	FZD6/WNT11/FZD3/FZD4/FZD8/FZD7/WNT5A/WNT4	8
panel30	louvain	22	GOBP_WNT_SIGNALING_PATHWAY	GOBP_WNT_SIGNALING_PATHWAY	10/10	185/2116	0.0540540540540541	11.4378378378378	10.2383807227725	2.08120680431401e-11	7.42990829140103e-09	5.59735093160243e-09	ROR1/FZD6/WNT11/FZD3/FZD4/WNT10A/FZD8/FZD7/WNT5A/WNT4	10
panel30	louvain	22	GOBP_CANONICAL_WNT_SIGNALING_PATHWAY	GOBP_CANONICAL_WNT_SIGNALING_PATHWAY	9/10	140/2116	0.0642857142857143	13.6028571428571	10.6307905964091	1.79430106469176e-10	4.27043653396639e-08	3.21715033002628e-08	FZD6/WNT11/FZD3/FZD4/WNT10A/FZD8/FZD7/WNT5A/WNT4	9
panel30	louvain	22	GOBP_WNT_SIGNALING_PATHWAY_PLANAR_CELL_POLARITY_PATHWAY	GOBP_WNT_SIGNALING_PATHWAY_PLANAR_CELL_POLARITY_PATHWAY	5/10	34/2116	0.147058823529412	31.1176470588235	12.1968066148423	1.88146381277798e-07	3.3584129058087e-05	2.53007370613039e-05	FZD6/WNT11/FZD3/FZD7/WNT5A	5
panel30	louvain	22	GOBP_CELLULAR_RESPONSE_TO_RETINOIC_ACID	GOBP_CELLULAR_RESPONSE_TO_RETINOIC_ACID	4/10	25/2116	0.16	33.856	11.3850169152603	3.04002331387e-06	0.000434115329220636	0.000327042508081593	WNT11/FZD4/FZD7/WNT5A	4
panel30	louvain	22	GOBP_GENERATION_OF_NEURONS	GOBP_GENERATION_OF_NEURONS	8/10	309/2116	0.0258899676375405	5.47831715210356	5.86868788099233	6.56183435872952e-06	0.000732382275193979	0.000551743096895361	WNT11/FZD3/FZD4/WNT10A/FZD8/FZD7/WNT5A/WNT4	8
panel30	louvain	22	GOBP_G_PROTEIN_COUPLED_RECEPTOR_SIGNALING_PATHWAY	GOBP_G_PROTEIN_COUPLED_RECEPTOR_SIGNALING_PATHWAY	6/10	129/2116	0.0465116279069768	9.84186046511628	7.139463554857	7.86255258175373e-06	0.000732382275193979	0.000551743096895361	FZD6/FZD3/FZD4/FZD8/FZD7/WNT5A	6
panel30	louvain	22	GOBP_EPITHELIUM_DEVELOPMENT	GOBP_EPITHELIUM_DEVELOPMENT	8/10	318/2116	0.0251572327044025	5.32327044025157	5.76178597620043	8.20596386771965e-06	0.000732382275193979	0.000551743096895361	FZD6/WNT11/FZD3/FZD4/WNT10A/FZD7/WNT5A/WNT4	8
panel30	louvain	22	GOBP_RESPONSE_TO_RETINOIC_ACID	GOBP_RESPONSE_TO_RETINOIC_ACID	4/10	35/2116	0.114285714285714	24.1828571428571	9.52776295267422	1.22978341127245e-05	0.000975628172942807	0.00073499336042131	WNT11/FZD4/FZD7/WNT5A	4
panel30	louvain	22	GOBP_BRAIN_MORPHOGENESIS	GOBP_BRAIN_MORPHOGENESIS	3/10	12/2116	0.25	52.9	12.4211302406465	1.63716444832166e-05	0.00108220104778263	0.00081528045911385	FZD6/FZD3/WNT5A	3
panel30	louvain	23	GOBP_ACTIVIN_RECEPTOR_SIGNALING_PATHWAY	GOBP_ACTIVIN_RECEPTOR_SIGNALING_PATHWAY	8/11	29/2116	0.275862068965517	53.0658307210031	20.4040347641454	7.00994916750642e-14	4.01670087298118e-11	2.73756962225777e-11	INHBB/ACVR2A/ACVR2B/BMPR2/INHBA/ACVR1B/FST/ACVR1	8
panel30	louvain	23	GOBP_CELL_SURFACE_RECEPTOR_PROTEIN_SERINE_THREONINE_KINASE_SIGNALING_PATHWAY	GOBP_CELL_SURFACE_RECEPTOR_PROTEIN_SERINE_THREONINE_KINASE_SIGNALING_PATHWAY	11/11	161/2116	0.0683229813664596	13.1428571428571	11.5847301295755	3.58115814069744e-13	1.02600180730982e-10	6.99268247473026e-11	BMPR1A/INHBB/ACVR2A/ACVR2B/BMPR2/RGMB/INHBA/ACVR1B/FST/NEO1/ACVR1	11
panel30	louvain	23	GOBP_POSITIVE_REGULATION_OF_TRANSMEMBRANE_RECEPTOR_PROTEIN_SERINE_THREONINE_KINASE_SIGNALING_PATHWAY	GOBP_POSITIVE_REGULATION_OF_TRANSMEMBRANE_RECEPTOR_PROTEIN_SERINE_THREONINE_KINASE_SIGNALING_PATHWAY	8/11	50/2116	0.16	30.7781818181818	15.4008077379299	8.53538176219085e-12	1.63025791657845e-09	1.11109706448169e-09	BMPR1A/ACVR2A/ACVR2B/BMPR2/INHBA/ACVR1B/NEO1/ACVR1	8
panel30	louvain	23	GOBP_REGULATION_OF_ACTIVIN_RECEPTOR_SIGNALING_PATHWAY	GOBP_REGULATION_OF_ACTIVIN_RECEPTOR_SIGNALING_PATHWAY	6/11	16/2116	0.375	72.1363636363636	20.642746692803	2.92847095098356e-11	4.19503463728394e-09	2.85911242846026e-09	ACVR2A/ACVR2B/INHBA/ACVR1B/FST/ACVR1	6
panel30	louvain	23	GOBP_REGULATION_OF_TRANSMEMBRANE_RECEPTOR_PROTEIN_SERINE_THREONINE_KINASE_SIGNALING_PATHWAY	GOBP_REGULATION_OF_TRANSMEMBRANE_RECEPTOR_PROTEIN_SERINE_THREONINE_KINASE_SIGNALING_PATHWAY	9/11	111/2116	0.0810810810810811	15.5970515970516	11.4181283988499	1.10342711870834e-10	1.26452747803975e-08	8.61834654822722e-09	BMPR1A/ACVR2A/ACVR2B/BMPR2/INHBA/ACVR1B/FST/NEO1/ACVR1	9
panel30	louvain	23	GOBP_RESPONSE_TO_BMP	GOBP_RESPONSE_TO_BMP	8/11	72/2116	0.111111111111111	21.3737373737374	12.7122371002389	1.84945659226804e-10	1.76623104561598e-08	1.20376911531832e-08	BMPR1A/ACVR2A/ACVR2B/BMPR2/RGMB/FST/NEO1/ACVR1	8
panel30	louvain	23	GOBP_ENZYME_LINKED_RECEPTOR_PROTEIN_SIGNALING_PATHWAY	GOBP_ENZYME_LINKED_RECEPTOR_PROTEIN_SIGNALING_PATHWAY	11/11	375/2116	0.0293333333333333	5.64266666666667	7.16323551147623	4.79379290099925e-09	3.92406190324653e-07	2.67443182897853e-07	BMPR1A/INHBB/ACVR2A/ACVR2B/BMPR2/RGMB/INHBA/ACVR1B/FST/NEO1/ACVR1	11
panel30	louvain	23	GOBP_POSITIVE_REGULATION_OF_BONE_MINERALIZATION	GOBP_POSITIVE_REGULATION_OF_BONE_MINERALIZATION	5/11	18/2116	0.277777777777778	53.4343434343434	16.1463671362961	1.09084423176993e-08	7.81317181005211e-07	5.32504223666636e-07	BMPR1A/ACVR2A/ACVR2B/BMPR2/ACVR1	5
panel30	louvain	23	GOBP_CELLULAR_RESPONSE_TO_ENDOGENOUS_STIMULUS	GOBP_CELLULAR_RESPONSE_TO_ENDOGENOUS_STIMULUS	11/11	418/2116	0.0263157894736842	5.0622009569378	6.70048409153269	1.60673892951219e-08	1.0229571184561e-06	6.97193149531022e-07	BMPR1A/INHBB/ACVR2A/ACVR2B/BMPR2/RGMB/INHBA/ACVR1B/FST/NEO1/ACVR1	11
panel30	louvain	23	GOBP_POSITIVE_REGULATION_OF_OSSIFICATION	GOBP_POSITIVE_REGULATION_OF_OSSIFICATION	5/11	21/2116	0.238095238095238	45.8008658008658	14.9117810780559	2.57230263637789e-08	1.34012770377677e-06	9.13359746672511e-07	BMPR1A/ACVR2A/ACVR2B/BMPR2/ACVR1	5
panel30	louvain	24	GOBP_CARDIAC_CONDUCTION	GOBP_CARDIAC_CONDUCTION	3/3	25/2116	0.12	84.64	15.8479494314928	1.45863983002762e-06	0.000320900762606076	0.000132045289876185	PLN/ATP1A2/ATP1B2	3
panel30	louvain	24	GOBP_REGULATION_OF_HEART_CONTRACTION	GOBP_REGULATION_OF_HEART_CONTRACTION	3/3	46/2116	0.0652173913043478	46	11.6244475312595	9.62702287818227e-06	0.00105897251660005	0.000435749456591408	PLN/ATP1A2/ATP1B2	3
panel30	louvain	24	GOBP_REGULATION_OF_BLOOD_CIRCULATION	GOBP_REGULATION_OF_BLOOD_CIRCULATION	3/3	56/2116	0.0535714285714286	37.7857142857143	10.5100712780275	1.7579780907985e-05	0.00120664561353388	0.000496514462985232	PLN/ATP1A2/ATP1B2	3
panel30	louvain	24	GOBP_HEART_PROCESS	GOBP_HEART_PROCESS	3/3	67/2116	0.0447761194029851	31.5820895522388	9.5829592754851	3.03809308945535e-05	0.00120664561353388	0.000496514462985232	PLN/ATP1A2/ATP1B2	3
panel30	louvain	24	GOBP_REGULATION_OF_MONOATOMIC_ION_TRANSMEMBRANE_TRANSPORT	GOBP_REGULATION_OF_MONOATOMIC_ION_TRANSMEMBRANE_TRANSPORT	3/3	76/2116	0.0394736842105263	27.8421052631579	8.97789149418565	4.45836435004093e-05	0.00120664561353388	0.000496514462985232	PLN/ATP1A2/ATP1B2	3
panel30	louvain	24	GOBP_INTRACELLULAR_POTASSIUM_ION_HOMEOSTASIS	GOBP_INTRACELLULAR_POTASSIUM_ION_HOMEOSTASIS	2/3	10/2116	0.2	141.066666666667	16.7252136656612	6.0178405857096e-05	0.00120664561353388	0.000496514462985232	ATP1A2/ATP1B2	2
panel30	louvain	24	GOBP_POTASSIUM_ION_HOMEOSTASIS	GOBP_POTASSIUM_ION_HOMEOSTASIS	2/3	10/2116	0.2	141.066666666667	16.7252136656612	6.0178405857096e-05	0.00120664561353388	0.000496514462985232	ATP1A2/ATP1B2	2
panel30	louvain	24	GOBP_SODIUM_ION_EXPORT_ACROSS_PLASMA_MEMBRANE	GOBP_SODIUM_ION_EXPORT_ACROSS_PLASMA_MEMBRANE	2/3	10/2116	0.2	141.066666666667	16.7252136656612	6.0178405857096e-05	0.00120664561353388	0.000496514462985232	ATP1A2/ATP1B2	2
panel30	louvain	24	GOBP_SODIUM_ION_HOMEOSTASIS	GOBP_SODIUM_ION_HOMEOSTASIS	2/3	10/2116	0.2	141.066666666667	16.7252136656612	6.0178405857096e-05	0.00120664561353388	0.000496514462985232	ATP1A2/ATP1B2	2
panel30	louvain	24	GOBP_REGULATION_OF_MEMBRANE_POTENTIAL	GOBP_REGULATION_OF_MEMBRANE_POTENTIAL	3/3	87/2116	0.0344827586206897	24.3218390804598	8.36849694449614	6.72210994712076e-05	0.00120664561353388	0.000496514462985232	PLN/ATP1A2/ATP1B2	3
panel30	louvain	25	GOBP_TRANSCRIPTION_INITIATION_AT_RNA_POLYMERASE_II_PROMOTER	GOBP_TRANSCRIPTION_INITIATION_AT_RNA_POLYMERASE_II_PROMOTER	12/14	40/2116	0.3	45.3428571428572	23.1016415782701	3.04221755970633e-20	8.18356523561002e-18	5.2445978073575e-18	MED17/MED14/CCNH/MED24/MED12/CDK7/MED16/MED1/MED27/MED30/MED4/MED13	12
panel30	louvain	25	GOBP_DNA_TEMPLATED_TRANSCRIPTION_INITIATION	GOBP_DNA_TEMPLATED_TRANSCRIPTION_INITIATION	12/14	43/2116	0.27906976744186	42.1794019933555	22.2596053410728	8.33014485473049e-20	1.12040448296125e-17	7.18033121936013e-18	MED17/MED14/CCNH/MED24/MED12/CDK7/MED16/MED1/MED27/MED30/MED4/MED13	12
panel30	louvain	25	GOBP_POSITIVE_REGULATION_OF_DNA_TEMPLATED_TRANSCRIPTION_INITIATION	GOBP_POSITIVE_REGULATION_OF_DNA_TEMPLATED_TRANSCRIPTION_INITIATION	10/14	22/2116	0.454545454545455	68.7012987012987	26.0449092987203	1.30595908092972e-18	1.17100997590032e-16	7.50464641654778e-17	MED17/MED14/MED24/MED12/MED16/MED1/MED27/MED30/MED4/MED13	10
panel30	louvain	25	GOBP_REGULATION_OF_DNA_TEMPLATED_TRANSCRIPTION_INITIATION	GOBP_REGULATION_OF_DNA_TEMPLATED_TRANSCRIPTION_INITIATION	10/14	29/2116	0.344827586206897	52.1182266009852	22.6160315370436	3.99629027607666e-17	2.68750521066156e-15	1.72234026726699e-15	MED17/MED14/MED24/MED12/MED16/MED1/MED27/MED30/MED4/MED13	10
panel30	louvain	25	GOBP_POSITIVE_REGULATION_OF_DNA_TEMPLATED_TRANSCRIPTION_ELONGATION	GOBP_POSITIVE_REGULATION_OF_DNA_TEMPLATED_TRANSCRIPTION_ELONGATION	8/14	12/2116	0.666666666666667	100.761904761905	28.2771304721572	1.49591196836616e-16	8.04800638980994e-15	5.15772227023129e-15	MED17/MED14/MED24/MED16/MED1/MED27/MED30/MED4	8
panel30	louvain	25	GOBP_RNA_POLYMERASE_II_PREINITIATION_COMPLEX_ASSEMBLY	GOBP_RNA_POLYMERASE_II_PREINITIATION_COMPLEX_ASSEMBLY	8/14	15/2116	0.533333333333333	80.6095238095238	25.2464592079353	1.92993338055905e-15	7.41645827671979e-14	4.75298231230432e-14	MED17/MED14/MED24/MED16/MED1/MED27/MED30/MED4	8
panel30	louvain	25	GOBP_TRANSCRIPTION_PREINITIATION_COMPLEX_ASSEMBLY	GOBP_TRANSCRIPTION_PREINITIATION_COMPLEX_ASSEMBLY	8/14	15/2116	0.533333333333333	80.6095238095238	25.2464592079353	1.92993338055905e-15	7.41645827671979e-14	4.75298231230432e-14	MED17/MED14/MED24/MED16/MED1/MED27/MED30/MED4	8
panel30	louvain	25	GOBP_REGULATION_OF_DNA_TEMPLATED_TRANSCRIPTION_ELONGATION	GOBP_REGULATION_OF_DNA_TEMPLATED_TRANSCRIPTION_ELONGATION	8/14	17/2116	0.470588235294118	71.1260504201681	23.6864768900146	7.25390435730802e-15	2.43912534014482e-13	1.56316117028425e-13	MED17/MED14/MED24/MED16/MED1/MED27/MED30/MED4	8
panel30	louvain	25	GOBP_TRANSCRIPTION_ELONGATION_BY_RNA_POLYMERASE_II	GOBP_TRANSCRIPTION_ELONGATION_BY_RNA_POLYMERASE_II	8/14	18/2116	0.444444444444444	67.1746031746032	23.0052895699251	1.30238751189613e-14	3.892691563334e-13	2.49470750828062e-13	MED17/MED14/MED24/MED16/MED1/MED27/MED30/MED4	8
panel30	louvain	25	GOBP_DNA_TEMPLATED_TRANSCRIPTION_ELONGATION	GOBP_DNA_TEMPLATED_TRANSCRIPTION_ELONGATION	8/14	19/2116	0.421052631578947	63.6390977443609	22.3782399679487	2.24386432531507e-14	6.03599503509753e-13	3.86828544954264e-13	MED17/MED14/MED24/MED16/MED1/MED27/MED30/MED4	8
panel30	louvain	26	GOBP_TRANSLATIONAL_INITIATION	GOBP_TRANSLATIONAL_INITIATION	2/2	51/2116	0.0392156862745098	41.4901960784314	9.00103876618008	0.000569789110994919	0.0330477684377053	0.0185931183587816	EIF2S1/ABCE1	2
panel30	louvain	26	GOBP_REGULATION_OF_TRANSLATION	GOBP_REGULATION_OF_TRANSLATION	2/2	76/2116	0.0263157894736842	27.8421052631579	7.32868372483589	0.00127364624810629	0.0369357411950824	0.02078054404805	EIF2S1/ABCE1	2
panel30	louvain	26	GOBP_POST_TRANSCRIPTIONAL_REGULATION_OF_GENE_EXPRESSION	GOBP_POST_TRANSCRIPTIONAL_REGULATION_OF_GENE_EXPRESSION	2/2	105/2116	0.0190476190476191	20.152380952381	6.19054775205466	0.00244003807531942	0.0454957612159076	0.0255965262739226	EIF2S1/ABCE1	2
panel30	louvain	26	GOBP_TRANSLATION	GOBP_TRANSLATION	2/2	119/2116	0.0168067226890756	17.781512605042	5.79473051654512	0.00313763870454535	0.0454957612159076	0.0255965262739226	EIF2S1/ABCE1	2
panel30	louvain	26	GOBP_NEGATIVE_REGULATION_OF_TRANSLATIONAL_INITIATION	GOBP_NEGATIVE_REGULATION_OF_TRANSLATIONAL_INITIATION	1/2	11/2116	0.0909090909090909	96.1818181818182	9.73289372375186	0.0103723962872094	0.100266497443024	0.0564112780532443	EIF2S1	1
panel30	louvain	26	GOBP_PERK_MEDIATED_UNFOLDED_PROTEIN_RESPONSE	GOBP_PERK_MEDIATED_UNFOLDED_PROTEIN_RESPONSE	1/2	11/2116	0.0909090909090909	96.1818181818182	9.73289372375186	0.0103723962872094	0.100266497443024	0.0564112780532443	EIF2S1	1
panel30	louvain	26	GOBP_REGULATION_OF_TRANSLATION_IN_RESPONSE_TO_STRESS	GOBP_REGULATION_OF_TRANSLATION_IN_RESPONSE_TO_STRESS	1/2	13/2116	0.0769230769230769	81.3846153846154	8.94010604187068	0.0122524769067824	0.101520522941912	0.0571168096406399	EIF2S1	1
panel30	louvain	26	GOBP_REGULATION_OF_EPITHELIAL_CELL_APOPTOTIC_PROCESS	GOBP_REGULATION_OF_EPITHELIAL_CELL_APOPTOTIC_PROCESS	1/2	15/2116	0.0666666666666667	70.5333333333333	8.31080983204576	0.0141307699526738	0.102448082156885	0.0576386669122221	EIF2S1	1
panel30	louvain	26	GOBP_ER_NUCLEUS_SIGNALING_PATHWAY	GOBP_ER_NUCLEUS_SIGNALING_PATHWAY	1/2	17/2116	0.0588235294117647	62.2352941176471	7.79538809910682	0.0160072754248839	0.103157997182585	0.0580380746399299	EIF2S1	1
panel30	louvain	26	GOBP_INTEGRATED_STRESS_RESPONSE_SIGNALING	GOBP_INTEGRATED_STRESS_RESPONSE_SIGNALING	1/2	21/2116	0.0476190476190476	50.3809523809524	6.9935033551852	0.0197549236482589	0.104307109130877	0.0586845804547583	EIF2S1	1
panel30	louvain	27	GOBP_SYNCYTIUM_FORMATION	GOBP_SYNCYTIUM_FORMATION	2/3	17/2116	0.117647058823529	82.9803921568627	12.7848105695499	0.000181470015444966	0.00798468067957852	0.0064947163422409	ADAM12/SH3PXD2A	2
panel30	louvain	27	GOBP_CELL_CELL_ADHESION_MEDIATED_BY_CADHERIN	GOBP_CELL_CELL_ADHESION_MEDIATED_BY_CADHERIN	1/3	15/2116	0.0666666666666667	47.0222222222222	6.73854686503565	0.0211260577723095	0.177488446843226	0.144368593126069	ADAM19	1
panel30	louvain	27	GOBP_MYOBLAST_FUSION	GOBP_MYOBLAST_FUSION	1/3	15/2116	0.0666666666666667	47.0222222222222	6.73854686503565	0.0211260577723095	0.177488446843226	0.144368593126069	ADAM12	1
panel30	louvain	27	GOBP_MEMBRANE_PROTEIN_ECTODOMAIN_PROTEOLYSIS	GOBP_MEMBRANE_PROTEIN_ECTODOMAIN_PROTEOLYSIS	1/3	19/2116	0.0526315789473684	37.1228070175439	5.95833806830208	0.0267089763540912	0.177488446843226	0.144368593126069	ADAM19	1
panel30	louvain	27	GOBP_AMYLOID_PRECURSOR_PROTEIN_CATABOLIC_PROCESS	GOBP_AMYLOID_PRECURSOR_PROTEIN_CATABOLIC_PROCESS	1/3	21/2116	0.0476190476190476	33.5873015873016	5.65369138656191	0.0294924575193029	0.177488446843226	0.144368593126069	ADAM19	1
panel30	louvain	27	GOBP_AMYLOID_PRECURSOR_PROTEIN_METABOLIC_PROCESS	GOBP_AMYLOID_PRECURSOR_PROTEIN_METABOLIC_PROCESS	1/3	22/2116	0.0454545454545455	32.0606060606061	5.51694928822212	0.0308822057901581	0.177488446843226	0.144368593126069	ADAM19	1
panel30	louvain	27	GOBP_SUPEROXIDE_ANION_GENERATION	GOBP_SUPEROXIDE_ANION_GENERATION	1/3	22/2116	0.0454545454545455	32.0606060606061	5.51694928822212	0.0308822057901581	0.177488446843226	0.144368593126069	SH3PXD2A	1
panel30	louvain	27	GOBP_MEMBRANE_PROTEIN_PROTEOLYSIS	GOBP_MEMBRANE_PROTEIN_PROTEOLYSIS	1/3	23/2116	0.0434782608695652	30.6666666666667	5.3890736687827	0.0322706266987683	0.177488446843226	0.144368593126069	ADAM19	1
panel30	louvain	27	GOBP_MYOTUBE_DIFFERENTIATION	GOBP_MYOTUBE_DIFFERENTIATION	1/3	34/2116	0.0294117647058824	20.7450980392157	4.37244600463896	0.0474558321639798	0.200798388413539	0.163328832680869	ADAM12	1
panel30	louvain	27	GOBP_SUPEROXIDE_METABOLIC_PROCESS	GOBP_SUPEROXIDE_METABOLIC_PROCESS	1/3	34/2116	0.0294117647058824	20.7450980392157	4.37244600463896	0.0474558321639798	0.200798388413539	0.163328832680869	SH3PXD2A	1
panel30	louvain	28	GOBP_ACTIVATION_OF_PROTEIN_KINASE_ACTIVITY	GOBP_ACTIVATION_OF_PROTEIN_KINASE_ACTIVITY	2/3	23/2116	0.0869565217391304	61.3333333333333	10.959801506176	0.00033694580073638	0.0714325097561125	0.0578128058105578	STRADA/STK11	2
panel30	louvain	28	GOBP_POSITIVE_REGULATION_OF_KINASE_ACTIVITY	GOBP_POSITIVE_REGULATION_OF_KINASE_ACTIVITY	2/3	63/2116	0.0317460317460317	22.3915343915344	6.49357411700884	0.00256797981414975	0.199696096224134	0.16162097162132	STRADA/STK11	2
panel30	louvain	28	GOBP_POSITIVE_REGULATION_OF_CATALYTIC_ACTIVITY	GOBP_POSITIVE_REGULATION_OF_CATALYTIC_ACTIVITY	2/3	97/2116	0.0206185567010309	14.5429553264605	5.14395568180007	0.00605519698594783	0.199696096224134	0.16162097162132	STRADA/STK11	2
panel30	louvain	28	GOBP_REGULATION_OF_KINASE_ACTIVITY	GOBP_REGULATION_OF_KINASE_ACTIVITY	2/3	107/2116	0.0186915887850467	13.183800623053	4.8724878933904	0.0073512428683135	0.199696096224134	0.16162097162132	STRADA/STK11	2
panel30	louvain	28	GOBP_POSITIVE_REGULATION_OF_PHOSPHORYLATION	GOBP_POSITIVE_REGULATION_OF_PHOSPHORYLATION	2/3	113/2116	0.0176991150442478	12.4837758112094	4.72660725559858	0.00818685069678527	0.199696096224134	0.16162097162132	STRADA/STK11	2
panel30	louvain	28	GOBP_REGULATION_OF_TRANSFERASE_ACTIVITY	GOBP_REGULATION_OF_TRANSFERASE_ACTIVITY	2/3	121/2116	0.0165289256198347	11.6584022038567	4.5486173599019	0.00936806991496625	0.199696096224134	0.16162097162132	STRADA/STK11	2
panel30	louvain	28	GOBP_POSITIVE_REGULATION_OF_PHOSPHORUS_METABOLIC_PROCESS	GOBP_POSITIVE_REGULATION_OF_PHOSPHORUS_METABOLIC_PROCESS	2/3	130/2116	0.0153846153846154	10.8512820512821	4.36758003678762	0.0107878274806552	0.199696096224134	0.16162097162132	STRADA/STK11	2
panel30	louvain	28	GOBP_CELLULAR_RESPONSE_TO_ABIOTIC_STIMULUS	GOBP_CELLULAR_RESPONSE_TO_ABIOTIC_STIMULUS	2/3	137/2116	0.0145985401459854	10.2968369829684	4.23875843457812	0.0119580460177528	0.199696096224134	0.16162097162132	CAB39/STK11	2
panel30	louvain	28	GOBP_RESPONSE_TO_THYROID_HORMONE	GOBP_RESPONSE_TO_THYROID_HORMONE	1/3	10/2116	0.1	70.5333333333333	8.3029023575843	0.0141174392530098	0.199696096224134	0.16162097162132	CAB39	1
panel30	louvain	28	GOBP_POSITIVE_REGULATION_OF_PROTEIN_MODIFICATION_PROCESS	GOBP_POSITIVE_REGULATION_OF_PROTEIN_MODIFICATION_PROCESS	2/3	151/2116	0.0132450331125828	9.34216335540839	4.00730087181907	0.014469770532997	0.199696096224134	0.16162097162132	STRADA/STK11	2
panel30	louvain	29	GOBP_BASEMENT_MEMBRANE_ORGANIZATION	GOBP_BASEMENT_MEMBRANE_ORGANIZATION	2/2	22/2116	0.0909090909090909	96.1818181818182	13.8004958384639	0.000103232380109668	0.00168925712906729	0.00053344961970546	COL8A2/COL8A1	2
panel30	louvain	29	GOBP_EXTRACELLULAR_MATRIX_ASSEMBLY	GOBP_EXTRACELLULAR_MATRIX_ASSEMBLY	2/2	26/2116	0.0769230769230769	81.3846153846154	12.6824792744663	0.000145240361626156	0.00168925712906729	0.00053344961970546	COL8A2/COL8A1	2
panel30	louvain	29	GOBP_CAMERA_TYPE_EYE_MORPHOGENESIS	GOBP_CAMERA_TYPE_EYE_MORPHOGENESIS	2/2	28/2116	0.0714285714285714	75.5714285714286	12.2152939881606	0.000168925712906729	0.00168925712906729	0.00053344961970546	COL8A2/COL8A1	2
panel30	louvain	29	GOBP_EYE_MORPHOGENESIS	GOBP_EYE_MORPHOGENESIS	2/2	43/2116	0.0465116279069768	49.2093023255814	9.82161973447905	0.000403544758610519	0.00302658568957889	0.000955763901972281	COL8A2/COL8A1	2
panel30	louvain	29	GOBP_SENSORY_ORGAN_MORPHOGENESIS	GOBP_SENSORY_ORGAN_MORPHOGENESIS	2/2	69/2116	0.0289855072463768	30.6666666666667	7.70463498091991	0.00104841196423065	0.00629047178538391	0.00198646477433176	COL8A2/COL8A1	2
panel30	louvain	29	GOBP_SENSORY_SYSTEM_DEVELOPMENT	GOBP_SENSORY_SYSTEM_DEVELOPMENT	2/2	107/2116	0.0186915887850467	19.7757009345794	6.12936905951767	0.00253433258702133	0.0126716629351066	0.00400157776898104	COL8A2/COL8A1	2
panel30	louvain	29	GOBP_SENSORY_ORGAN_DEVELOPMENT	GOBP_SENSORY_ORGAN_DEVELOPMENT	2/2	149/2116	0.0134228187919463	14.2013422818792	5.13956943797179	0.00492744685319998	0.0189482810244585	0.00598366769193425	COL8A2/COL8A1	2
panel30	louvain	29	GOBP_EXTERNAL_ENCAPSULATING_STRUCTURE_ORGANIZATION	GOBP_EXTERNAL_ENCAPSULATING_STRUCTURE_ORGANIZATION	2/2	156/2116	0.0128205128205128	13.5641025641026	5.01398959875099	0.00540294145249299	0.0189482810244585	0.00598366769193425	COL8A2/COL8A1	2
panel30	louvain	29	GOBP_EPITHELIAL_CELL_PROLIFERATION	GOBP_EPITHELIAL_CELL_PROLIFERATION	2/2	160/2116	0.0125	13.225	4.94586349914033	0.00568448430733754	0.0189482810244585	0.00598366769193425	COL8A2/COL8A1	2
panel30	louvain	29	GOBP_BLOOD_VESSEL_MORPHOGENESIS	GOBP_BLOOD_VESSEL_MORPHOGENESIS	2/2	226/2116	0.00884955752212389	9.36283185840708	4.09066933066913	0.0113622652133693	0.0340867956401078	0.0107642512547709	COL8A2/COL8A1	2
panel30	louvain	30	GOBP_NUCLEAR_ENVELOPE_ORGANIZATION	GOBP_NUCLEAR_ENVELOPE_ORGANIZATION	3/3	12/2116	0.25	176.333333333333	22.9455414040844	1.39522070698294e-07	1.36731629284328e-05	9.54624694251486e-06	LMNB1/LMNB2/LMNA	3
panel30	louvain	30	GOBP_PROTEIN_CONTAINING_COMPLEX_LOCALIZATION	GOBP_PROTEIN_CONTAINING_COMPLEX_LOCALIZATION	3/3	24/2116	0.125	88.1666666666667	16.1786129003996	1.28360305042431e-06	4.54477290518931e-05	3.17304230759726e-05	LMNB1/LMNB2/LMNA	3
panel30	louvain	30	GOBP_NEGATIVE_REGULATION_OF_GENE_EXPRESSION_EPIGENETIC	GOBP_NEGATIVE_REGULATION_OF_GENE_EXPRESSION_EPIGENETIC	3/3	26/2116	0.115384615384615	81.3846153846154	15.5364765459252	1.64889719916165e-06	4.54477290518931e-05	3.17304230759726e-05	LMNB1/LMNB2/LMNA	3
panel30	louvain	30	GOBP_HETEROCHROMATIN_ORGANIZATION	GOBP_HETEROCHROMATIN_ORGANIZATION	3/3	27/2116	0.111111111111111	78.3703703703704	15.2424016898883	1.85500934905686e-06	4.54477290518931e-05	3.17304230759726e-05	LMNB1/LMNB2/LMNA	3
panel30	louvain	30	GOBP_NUCLEUS_ORGANIZATION	GOBP_NUCLEUS_ORGANIZATION	3/3	34/2116	0.0882352941176471	62.2352941176471	13.5602272815169	3.79500032299359e-06	7.43820063306743e-05	5.19315833672807e-05	LMNB1/LMNB2/LMNA	3
panel30	louvain	30	GOBP_EPIGENETIC_REGULATION_OF_GENE_EXPRESSION	GOBP_EPIGENETIC_REGULATION_OF_GENE_EXPRESSION	3/3	40/2116	0.075	52.9	12.4838845477978	6.26580935681429e-06	0.000102341552827967	7.14522119636717e-05	LMNB1/LMNB2/LMNA	3
panel30	louvain	30	GOBP_ESTABLISHMENT_OF_ORGANELLE_LOCALIZATION	GOBP_ESTABLISHMENT_OF_ORGANELLE_LOCALIZATION	3/3	63/2116	0.0476190476190476	33.5873015873016	9.8921402390941	2.51843679522725e-05	0.000352581151331815	0.000246162995022212	LMNB1/LMNB2/LMNA	3
panel30	louvain	30	GOBP_ENDOMEMBRANE_SYSTEM_ORGANIZATION	GOBP_ENDOMEMBRANE_SYSTEM_ORGANIZATION	3/3	75/2116	0.04	28.2133333333333	9.03976072791664	4.28237628359195e-05	0.000524591094740014	0.000366255866359838	LMNB1/LMNB2/LMNA	3
panel30	louvain	30	GOBP_CHROMATIN_REMODELING	GOBP_CHROMATIN_REMODELING	3/3	82/2116	0.0365853658536585	25.8048780487805	8.63047328945281	5.61639753683677e-05	0.000611563287344449	0.000426977590519755	LMNB1/LMNB2/LMNA	3
panel30	louvain	30	GOBP_ORGANELLE_LOCALIZATION	GOBP_ORGANELLE_LOCALIZATION	3/3	103/2116	0.029126213592233	20.5436893203884	7.66071560165984	0.000112157353295745	0.00105916162089422	0.000739479112332162	LMNB1/LMNB2/LMNA	3
panel30	louvain	31	GOBP_MONOCARBOXYLIC_ACID_CATABOLIC_PROCESS	GOBP_MONOCARBOXYLIC_ACID_CATABOLIC_PROCESS	3/3	11/2116	0.272727272727273	192.363636363636	23.9715310003027	1.0464155302372e-07	6.80170094654182e-06	2.97402308593731e-06	LPIN1/LPIN2/LPIN3	3
panel30	louvain	31	GOBP_ORGANIC_ACID_CATABOLIC_PROCESS	GOBP_ORGANIC_ACID_CATABOLIC_PROCESS	3/3	14/2116	0.214285714285714	151.142857142857	21.2333443378727	2.30845607882632e-07	7.50248225618555e-06	3.28043758570056e-06	LPIN1/LPIN2/LPIN3	3
panel30	louvain	31	GOBP_TRIGLYCERIDE_METABOLIC_PROCESS	GOBP_TRIGLYCERIDE_METABOLIC_PROCESS	3/3	17/2116	0.176470588235294	124.470588235294	19.2551906616732	4.31250036703818e-07	9.34375079524939e-06	4.08552666350986e-06	LPIN1/LPIN2/LPIN3	3
panel30	louvain	31	GOBP_NEUTRAL_LIPID_METABOLIC_PROCESS	GOBP_NEUTRAL_LIPID_METABOLIC_PROCESS	3/3	20/2116	0.15	105.8	17.7397177646684	7.22978002709343e-07	1.17483925440268e-05	5.13694896661901e-06	LPIN1/LPIN2/LPIN3	3
panel30	louvain	31	GOBP_SMALL_MOLECULE_CATABOLIC_PROCESS	GOBP_SMALL_MOLECULE_CATABOLIC_PROCESS	3/3	29/2116	0.103448275862069	72.9655172413793	14.7003708272725	2.31733475605257e-06	3.01253518286834e-05	1.31722186133515e-05	LPIN1/LPIN2/LPIN3	3
panel30	louvain	31	GOBP_LIPID_CATABOLIC_PROCESS	GOBP_LIPID_CATABOLIC_PROCESS	3/3	36/2116	0.0833333333333333	58.7777777777778	13.1718410659172	4.52812538539008e-06	4.90546916750592e-05	2.14490149834267e-05	LPIN1/LPIN2/LPIN3	3
panel30	louvain	31	GOBP_GLYCEROLIPID_BIOSYNTHETIC_PROCESS	GOBP_GLYCEROLIPID_BIOSYNTHETIC_PROCESS	3/3	38/2116	0.0789473684210526	55.6842105263158	12.8143634616528	5.35003722004911e-06	4.96789170433132e-05	2.17219556302746e-05	LPIN1/LPIN2/LPIN3	3
panel30	louvain	31	GOBP_FATTY_ACID_METABOLIC_PROCESS	GOBP_FATTY_ACID_METABOLIC_PROCESS	3/3	44/2116	0.0681818181818182	48.0909090909091	11.8914441911472	8.3992286560373e-06	6.82437328303031e-05	2.98393649622378e-05	LPIN1/LPIN2/LPIN3	3
panel30	louvain	31	GOBP_GLYCEROLIPID_METABOLIC_PROCESS	GOBP_GLYCEROLIPID_METABOLIC_PROCESS	3/3	57/2116	0.0526315789473684	37.1228070175439	10.4149409070189	1.85564354028731e-05	0.000134018700131861	5.85992696932834e-05	LPIN1/LPIN2/LPIN3	3
panel30	louvain	31	GOBP_LIPID_BIOSYNTHETIC_PROCESS	GOBP_LIPID_BIOSYNTHETIC_PROCESS	3/3	81/2116	0.037037037037037	26.1234567901235	8.68571874106591	5.41091957817201e-05	0.000315629840742025	0.000138008189474246	LPIN1/LPIN2/LPIN3	3
panel30	louvain	32	GOBP_MITOTIC_G2_DNA_DAMAGE_CHECKPOINT_SIGNALING	GOBP_MITOTIC_G2_DNA_DAMAGE_CHECKPOINT_SIGNALING	2/2	19/2116	0.105263157894737	111.368421052632	14.8607287431027	7.64187748863773e-05	0.00478622853235732	0.0020251328155485	TAOK1/TAOK3	2
panel30	louvain	32	GOBP_REGULATION_OF_STRESS_ACTIVATED_PROTEIN_KINASE_SIGNALING_CASCADE	GOBP_REGULATION_OF_STRESS_ACTIVATED_PROTEIN_KINASE_SIGNALING_CASCADE	2/2	24/2116	0.0833333333333333	88.1666666666667	13.2066573905874	0.000123342584027135	0.00478622853235732	0.0020251328155485	TAOK1/TAOK3	2
panel30	louvain	32	GOBP_MITOTIC_G2_M_TRANSITION_CHECKPOINT	GOBP_MITOTIC_G2_M_TRANSITION_CHECKPOINT	2/2	28/2116	0.0714285714285714	75.5714285714286	12.2152939881606	0.000168925712906729	0.00478622853235732	0.0020251328155485	TAOK1/TAOK3	2
panel30	louvain	32	GOBP_NEGATIVE_REGULATION_OF_CELL_CYCLE_G2_M_PHASE_TRANSITION	GOBP_NEGATIVE_REGULATION_OF_CELL_CYCLE_G2_M_PHASE_TRANSITION	2/2	33/2116	0.0606060606060606	64.1212121212121	11.2384225568824	0.000235959725964955	0.00478622853235732	0.0020251328155485	TAOK1/TAOK3	2
panel30	louvain	32	GOBP_STRESS_ACTIVATED_PROTEIN_KINASE_SIGNALING_CASCADE	GOBP_STRESS_ACTIVATED_PROTEIN_KINASE_SIGNALING_CASCADE	2/2	35/2116	0.0571428571428571	60.4571428571429	10.9073615764306	0.000265901585130962	0.00478622853235732	0.0020251328155485	TAOK1/TAOK3	2
panel30	louvain	32	GOBP_MITOTIC_DNA_INTEGRITY_CHECKPOINT_SIGNALING	GOBP_MITOTIC_DNA_INTEGRITY_CHECKPOINT_SIGNALING	2/2	36/2116	0.0555555555555556	58.7777777777778	10.7522191940535	0.000281542854844548	0.00478622853235732	0.0020251328155485	TAOK1/TAOK3	2
panel30	louvain	32	GOBP_REGULATION_OF_CELL_CYCLE_G2_M_PHASE_TRANSITION	GOBP_REGULATION_OF_CELL_CYCLE_G2_M_PHASE_TRANSITION	2/2	49/2116	0.0408163265306122	43.1836734693878	9.18734215139336	0.00052554666237649	0.00765796565177171	0.00324021250487761	TAOK1/TAOK3	2
panel30	louvain	32	GOBP_POSITIVE_REGULATION_OF_JNK_CASCADE	GOBP_POSITIVE_REGULATION_OF_JNK_CASCADE	2/2	56/2116	0.0357142857142857	37.7857142857143	8.57940735550533	0.000688215867397784	0.00834171258496561	0.00352951719281311	TAOK1/TAOK3	2
panel30	louvain	32	GOBP_MITOTIC_CELL_CYCLE_CHECKPOINT_SIGNALING	GOBP_MITOTIC_CELL_CYCLE_CHECKPOINT_SIGNALING	2/2	60/2116	0.0333333333333333	35.2666666666667	8.28044395722029	0.000791001354087063	0.00834171258496561	0.00352951719281311	TAOK1/TAOK3	2
panel30	louvain	32	GOBP_DNA_INTEGRITY_CHECKPOINT_SIGNALING	GOBP_DNA_INTEGRITY_CHECKPOINT_SIGNALING	2/2	61/2116	0.0327868852459016	34.6885245901639	8.21029360075466	0.000817814959310354	0.00834171258496561	0.00352951719281311	TAOK1/TAOK3	2
panel30	louvain	33	GOBP_GLYCOPHAGY	GOBP_GLYCOPHAGY	2/2	10/2116	0.2	211.6	20.5280111832823	2.01102039174678e-05	0.00141173631500624	0.000697153735805549	ATG12/WIPI1	2
panel30	louvain	33	GOBP_POLYSACCHARIDE_CATABOLIC_PROCESS	GOBP_POLYSACCHARIDE_CATABOLIC_PROCESS	2/2	13/2116	0.153846153846154	162.769230769231	17.9914287139273	3.48576867902775e-05	0.00141173631500624	0.000697153735805549	ATG12/WIPI1	2
panel30	louvain	33	GOBP_NUCLEOPHAGY	GOBP_NUCLEOPHAGY	2/2	20/2116	0.1	105.8	14.4809926639573	8.49097498737527e-05	0.00229256324659132	0.0011321299983167	ATG12/WIPI1	2
panel30	louvain	33	GOBP_GLUCAN_METABOLIC_PROCESS	GOBP_GLUCAN_METABOLIC_PROCESS	2/2	27/2116	0.0740740740740741	78.3703703703704	12.4424249574012	0.000156859590556248	0.00280537344648675	0.00138536960320333	ATG12/WIPI1	2
panel30	louvain	33	GOBP_ENERGY_RESERVE_METABOLIC_PROCESS	GOBP_ENERGY_RESERVE_METABOLIC_PROCESS	2/2	29/2116	0.0689655172413793	72.9655172413793	11.9999632988053	0.000181438728677598	0.00280537344648675	0.00138536960320333	ATG12/WIPI1	2
panel30	louvain	33	GOBP_POLYSACCHARIDE_METABOLIC_PROCESS	GOBP_POLYSACCHARIDE_METABOLIC_PROCESS	2/2	31/2116	0.0645161290322581	68.258064516129	11.6008516982382	0.0002078054404805	0.00280537344648675	0.00138536960320333	ATG12/WIPI1	2
panel30	louvain	33	GOBP_CARBOHYDRATE_CATABOLIC_PROCESS	GOBP_CARBOHYDRATE_CATABOLIC_PROCESS	2/2	51/2116	0.0392156862745098	41.4901960784314	9.00103876618008	0.000569789110994919	0.0059998793387765	0.00296290337717358	ATG12/WIPI1	2
panel30	louvain	33	GOBP_AUTOPHAGY_OF_MITOCHONDRION	GOBP_AUTOPHAGY_OF_MITOCHONDRION	2/2	52/2116	0.0384615384615385	40.6923076923077	8.911911536631	0.000592580675434716	0.0059998793387765	0.00296290337717358	ATG12/WIPI1	2
panel30	louvain	33	GOBP_AUTOPHAGOSOME_ORGANIZATION	GOBP_AUTOPHAGOSOME_ORGANIZATION	2/2	56/2116	0.0357142857142857	37.7857142857143	8.57940735550533	0.000688215867397784	0.00619394280658006	0.0030587371884346	ATG12/WIPI1	2
panel30	louvain	33	GOBP_VACUOLE_ORGANIZATION	GOBP_VACUOLE_ORGANIZATION	2/2	78/2116	0.0256410256410256	27.1282051282051	7.23056909700474	0.00134202094142568	0.0103988036256869	0.0051352116670059	ATG12/WIPI1	2
panel30	louvain	34	GOBP_PROTEIN_DEPHOSPHORYLATION	GOBP_PROTEIN_DEPHOSPHORYLATION	4/10	37/2116	0.108108108108108	22.8756756756757	9.24828268008351	1.54409449800351e-05	0.00269871918674996	0.00239360083815055	PPP1R12A/PPP1CB/PPP1CA/PPP1CC	4
panel30	louvain	34	GOBP_DEPHOSPHORYLATION	GOBP_DEPHOSPHORYLATION	4/10	46/2116	0.0869565217391304	18.4	8.21994655502829	3.73698699074491e-05	0.00269871918674996	0.00239360083815055	PPP1R12A/PPP1CB/PPP1CA/PPP1CC	4
panel30	louvain	34	GOBP_CIRCADIAN_REGULATION_OF_GENE_EXPRESSION	GOBP_CIRCADIAN_REGULATION_OF_GENE_EXPRESSION	3/10	17/2116	0.176470588235294	37.3411764705882	10.3643775853945	4.99762812361103e-05	0.00269871918674996	0.00239360083815055	PPP1CB/PPP1CA/PPP1CC	3
panel30	louvain	34	GOBP_POSITIVE_REGULATION_OF_RAS_PROTEIN_SIGNAL_TRANSDUCTION	GOBP_POSITIVE_REGULATION_OF_RAS_PROTEIN_SIGNAL_TRANSDUCTION	3/10	17/2116	0.176470588235294	37.3411764705882	10.3643775853945	4.99762812361103e-05	0.00269871918674996	0.00239360083815055	PPP1CB/PPP1CA/PPP1CC	3
panel30	louvain	34	GOBP_GLUCAN_METABOLIC_PROCESS	GOBP_GLUCAN_METABOLIC_PROCESS	3/10	27/2116	0.111111111111111	23.5111111111111	8.11027529428491	0.000209669178656514	0.00765605032504013	0.00679045399199466	PPP1CB/PPP1CA/PPP1CC	3
panel30	louvain	34	GOBP_REGULATION_OF_RAS_PROTEIN_SIGNAL_TRANSDUCTION	GOBP_REGULATION_OF_RAS_PROTEIN_SIGNAL_TRANSDUCTION	3/10	28/2116	0.107142857142857	22.6714285714286	7.95293277994356	0.000234243061870914	0.00765605032504013	0.00679045399199466	PPP1CB/PPP1CA/PPP1CC	3
panel30	louvain	34	GOBP_ENERGY_RESERVE_METABOLIC_PROCESS	GOBP_ENERGY_RESERVE_METABOLIC_PROCESS	3/10	29/2116	0.103448275862069	21.8896551724138	7.80360086050756	0.000260618522877705	0.00765605032504013	0.00679045399199466	PPP1CB/PPP1CA/PPP1CC	3
panel30	louvain	34	GOBP_POLYSACCHARIDE_METABOLIC_PROCESS	GOBP_POLYSACCHARIDE_METABOLIC_PROCESS	3/10	31/2116	0.0967741935483871	20.4774193548387	7.52636427950364	0.000319002096876672	0.00765605032504013	0.00679045399199466	PPP1CB/PPP1CA/PPP1CC	3
panel30	louvain	34	GOBP_REGULATION_OF_CIRCADIAN_RHYTHM	GOBP_REGULATION_OF_CIRCADIAN_RHYTHM	3/10	31/2116	0.0967741935483871	20.4774193548387	7.52636427950364	0.000319002096876672	0.00765605032504013	0.00679045399199466	PPP1CB/PPP1CA/PPP1CC	3
panel30	louvain	34	GOBP_POSITIVE_REGULATION_OF_SMALL_GTPASE_MEDIATED_SIGNAL_TRANSDUCTION	GOBP_POSITIVE_REGULATION_OF_SMALL_GTPASE_MEDIATED_SIGNAL_TRANSDUCTION	3/10	44/2116	0.0681818181818182	14.4272727272727	6.20076503945175	0.000909781652885609	0.0196512837023292	0.0174295011394927	PPP1CB/PPP1CA/PPP1CC	3
panel30	louvain	35	GOBP_METAL_ION_TRANSPORT	GOBP_METAL_ION_TRANSPORT	14/15	150/2116	0.0933333333333333	13.1662222222222	13.0586236828851	6.3688922852648e-16	3.17835180682999e-13	6.08920887147322e-14	CALM2/CACNB2/NOS3/CACNA1A/CACNA1C/MYLK/SLC9A1/CACNA2D1/CALM1/CACNA1H/CALM3/CACNA2D3/CACNA2D2/CACNB4	14
panel30	louvain	35	GOBP_CALCIUM_ION_TRANSPORT	GOBP_CALCIUM_ION_TRANSPORT	13/15	112/2116	0.116071428571429	16.3738095238095	14.1230806097395	1.23638453800312e-15	3.17835180682999e-13	6.08920887147322e-14	CALM2/CACNB2/NOS3/CACNA1A/CACNA1C/MYLK/CACNA2D1/CALM1/CACNA1H/CALM3/CACNA2D3/CACNA2D2/CACNB4	13
panel30	louvain	35	GOBP_MUSCLE_CONTRACTION	GOBP_MUSCLE_CONTRACTION	12/15	82/2116	0.146341463414634	20.6439024390244	15.3266418718612	2.10554959513799e-15	3.17835180682999e-13	6.08920887147322e-14	CALM2/CACNB2/CACNA1C/MYLK/SLC9A1/CACNA2D1/CALM1/CACNA1H/CALM3/CACNA2D3/CACNA2D2/CACNB4	12
panel30	louvain	35	GOBP_MUSCLE_SYSTEM_PROCESS	GOBP_MUSCLE_SYSTEM_PROCESS	13/15	117/2116	0.111111111111111	15.6740740740741	13.7951056233165	2.24222349688182e-15	3.17835180682999e-13	6.08920887147322e-14	CALM2/CACNB2/NOS3/CACNA1C/MYLK/SLC9A1/CACNA2D1/CALM1/CACNA1H/CALM3/CACNA2D3/CACNA2D2/CACNB4	13
panel30	louvain	35	GOBP_REGULATION_OF_MUSCLE_CONTRACTION	GOBP_REGULATION_OF_MUSCLE_CONTRACTION	10/15	48/2116	0.208333333333333	29.3888888888889	16.8066646956558	3.72477989617458e-14	4.22390040226197e-12	8.09231116152796e-13	CALM2/CACNB2/CACNA1C/SLC9A1/CACNA2D1/CALM1/CALM3/CACNA2D3/CACNA2D2/CACNB4	10
panel30	louvain	35	GOBP_REGULATION_OF_MUSCLE_SYSTEM_PROCESS	GOBP_REGULATION_OF_MUSCLE_SYSTEM_PROCESS	11/15	74/2116	0.148648648648649	20.9693693693694	14.7720282758136	5.49210049454469e-14	5.19003496734473e-12	9.94326899196601e-13	CALM2/CACNB2/NOS3/CACNA1C/SLC9A1/CACNA2D1/CALM1/CALM3/CACNA2D3/CACNA2D2/CACNB4	11
panel30	louvain	35	GOBP_MONOATOMIC_CATION_TRANSPORT	GOBP_MONOATOMIC_CATION_TRANSPORT	14/15	222/2116	0.0630630630630631	8.8960960960961	10.504774017999	1.83105761251132e-13	1.48315666613417e-11	2.84148869543061e-12	CALM2/CACNB2/NOS3/CACNA1A/CACNA1C/MYLK/SLC9A1/CACNA2D1/CALM1/CACNA1H/CALM3/CACNA2D3/CACNA2D2/CACNB4	14
panel30	louvain	35	GOBP_MONOATOMIC_ION_TRANSPORT	GOBP_MONOATOMIC_ION_TRANSPORT	14/15	228/2116	0.0614035087719298	8.66198830409357	10.346553372751	2.68196221964186e-13	1.90084072317117e-11	3.64170390764127e-12	CALM2/CACNB2/NOS3/CACNA1A/CACNA1C/MYLK/SLC9A1/CACNA2D1/CALM1/CACNA1H/CALM3/CACNA2D3/CACNA2D2/CACNB4	14
panel30	louvain	35	GOBP_REGULATION_OF_SYSTEM_PROCESS	GOBP_REGULATION_OF_SYSTEM_PROCESS	12/15	128/2116	0.09375	13.225	12.0540628559931	5.66102223920025e-13	3.56644401069616e-11	6.83273087103703e-12	CALM2/CACNB2/NOS3/CACNA1C/SLC9A1/CACNA2D1/CALM1/CACNA1H/CALM3/CACNA2D3/CACNA2D2/CACNB4	12
panel30	louvain	35	GOBP_CALCIUM_ION_TRANSMEMBRANE_TRANSPORT	GOBP_CALCIUM_ION_TRANSMEMBRANE_TRANSPORT	11/15	94/2116	0.117021276595745	16.5078014184397	12.9930578311298	8.75124837444424e-13	4.96195782830988e-11	9.50631001989539e-12	CALM2/CACNB2/CACNA1A/CACNA1C/CACNA2D1/CALM1/CACNA1H/CALM3/CACNA2D3/CACNA2D2/CACNB4	11
panel30	louvain	36	GOBP_PROTON_MOTIVE_FORCE_DRIVEN_ATP_SYNTHESIS	GOBP_PROTON_MOTIVE_FORCE_DRIVEN_ATP_SYNTHESIS	4/4	42/2116	0.0952380952380952	50.3809523809524	14.0642946185325	1.34377708327325e-07	2.39054977752571e-06	5.9208663220451e-07	SDHC/SDHD/SDHA/SDHB	4
panel30	louvain	36	GOBP_ATP_BIOSYNTHETIC_PROCESS	GOBP_ATP_BIOSYNTHETIC_PROCESS	4/4	50/2116	0.08	42.32	12.865254475807	2.76486967102501e-07	2.39054977752571e-06	5.9208663220451e-07	SDHC/SDHD/SDHA/SDHB	4
panel30	louvain	36	GOBP_NUCLEOSIDE_TRIPHOSPHATE_BIOSYNTHETIC_PROCESS	GOBP_NUCLEOSIDE_TRIPHOSPHATE_BIOSYNTHETIC_PROCESS	4/4	50/2116	0.08	42.32	12.865254475807	2.76486967102501e-07	2.39054977752571e-06	5.9208663220451e-07	SDHC/SDHD/SDHA/SDHB	4
panel30	louvain	36	GOBP_RIBOSE_PHOSPHATE_BIOSYNTHETIC_PROCESS	GOBP_RIBOSE_PHOSPHATE_BIOSYNTHETIC_PROCESS	4/4	51/2116	0.0784313725490196	41.4901960784314	12.7354168461809	3.00017772813352e-07	2.39054977752571e-06	5.9208663220451e-07	SDHC/SDHD/SDHA/SDHB	4
panel30	louvain	36	GOBP_NUCLEOTIDE_BIOSYNTHETIC_PROCESS	GOBP_NUCLEOTIDE_BIOSYNTHETIC_PROCESS	4/4	53/2116	0.0754716981132076	39.9245283018868	12.4867640043436	3.51551437871428e-07	2.39054977752571e-06	5.9208663220451e-07	SDHC/SDHD/SDHA/SDHB	4
panel30	louvain	36	GOBP_PURINE_CONTAINING_COMPOUND_BIOSYNTHETIC_PROCESS	GOBP_PURINE_CONTAINING_COMPOUND_BIOSYNTHETIC_PROCESS	4/4	61/2116	0.0655737704918033	34.6885245901639	11.616604944311	6.2651370480797e-07	3.55024432724517e-06	8.79317480432239e-07	SDHC/SDHD/SDHA/SDHB	4
panel30	louvain	36	GOBP_NUCLEOSIDE_PHOSPHATE_BIOSYNTHETIC_PROCESS	GOBP_NUCLEOSIDE_PHOSPHATE_BIOSYNTHETIC_PROCESS	4/4	64/2116	0.0625	33.0625	11.3327919461823	7.62801490272334e-07	3.70503580989419e-06	9.17655928147169e-07	SDHC/SDHD/SDHA/SDHB	4
panel30	louvain	36	GOBP_ATP_SYNTHESIS_COUPLED_ELECTRON_TRANSPORT	GOBP_ATP_SYNTHESIS_COUPLED_ELECTRON_TRANSPORT	4/4	68/2116	0.0588235294117647	31.1176470588235	10.9837020730693	9.77710980042422e-07	4.15527166518029e-06	1.02916945267623e-06	SDHC/SDHD/SDHA/SDHB	4
panel30	louvain	36	GOBP_ELECTRON_TRANSPORT_CHAIN	GOBP_ELECTRON_TRANSPORT_CHAIN	4/4	71/2116	0.0563380281690141	29.8028169014085	10.7412718043252	1.16649767381953e-06	4.40676898998489e-06	1.09145981176096e-06	SDHC/SDHD/SDHA/SDHB	4
panel30	louvain	36	GOBP_OXIDATIVE_PHOSPHORYLATION	GOBP_OXIDATIVE_PHOSPHORYLATION	4/4	73/2116	0.0547945205479452	28.986301369863	10.5879279632711	1.30671606427866e-06	4.44283461854743e-06	1.10039247518203e-06	SDHC/SDHD/SDHA/SDHB	4
panel30	louvain	37	GOBP_TORC2_SIGNALING	GOBP_TORC2_SIGNALING	2/2	15/2116	0.133333333333333	141.066666666667	16.7411423366521	4.6923809140758e-05	0.00384775234954216	0.00301300248166973	DEPTOR/MAPKAP1	2
panel30	louvain	37	GOBP_TOR_SIGNALING	GOBP_TOR_SIGNALING	2/2	87/2116	0.0229885057471264	24.3218390804598	6.83123285664424	0.00167182828567215	0.0685449597125582	0.0536744870663165	DEPTOR/MAPKAP1	2
panel30	louvain	37	GOBP_REGULATION_OF_RESPONSE_TO_OXIDATIVE_STRESS	GOBP_REGULATION_OF_RESPONSE_TO_OXIDATIVE_STRESS	1/2	11/2116	0.0909090909090909	96.1818181818182	9.73289372375186	0.0103723962872094	0.177630852971721	0.139094762917522	MAPKAP1	1
panel30	louvain	37	GOBP_NEGATIVE_REGULATION_OF_INTRACELLULAR_SIGNAL_TRANSDUCTION	GOBP_NEGATIVE_REGULATION_OF_INTRACELLULAR_SIGNAL_TRANSDUCTION	2/2	230/2116	0.00869565217391304	9.2	4.05064905973213	0.0117689382259225	0.177630852971721	0.139094762917522	DEPTOR/MAPKAP1	2
panel30	louvain	37	GOBP_NEGATIVE_REGULATION_OF_SMALL_GTPASE_MEDIATED_SIGNAL_TRANSDUCTION	GOBP_NEGATIVE_REGULATION_OF_SMALL_GTPASE_MEDIATED_SIGNAL_TRANSDUCTION	1/2	13/2116	0.0769230769230769	81.3846153846154	8.94010604187068	0.0122524769067824	0.177630852971721	0.139094762917522	MAPKAP1	1
panel30	louvain	37	GOBP_SUBSTANTIA_NIGRA_DEVELOPMENT	GOBP_SUBSTANTIA_NIGRA_DEVELOPMENT	1/2	18/2116	0.0555555555555556	58.7777777777778	7.57028164001055	0.0169448578208581	0.177630852971721	0.139094762917522	MAPKAP1	1
panel30	louvain	37	GOBP_NEGATIVE_REGULATION_OF_CELLULAR_RESPONSE_TO_INSULIN_STIMULUS	GOBP_NEGATIVE_REGULATION_OF_CELLULAR_RESPONSE_TO_INSULIN_STIMULUS	1/2	19/2116	0.0526315789473684	55.6842105263158	7.36304108921494	0.0178819933234123	0.177630852971721	0.139094762917522	MAPKAP1	1
panel30	louvain	37	GOBP_NEURAL_NUCLEUS_DEVELOPMENT	GOBP_NEURAL_NUCLEUS_DEVELOPMENT	1/2	21/2116	0.0476190476190476	50.3809523809524	6.9935033551852	0.0197549236482589	0.177630852971721	0.139094762917522	MAPKAP1	1
panel30	louvain	37	GOBP_REGULATION_OF_INSULIN_RECEPTOR_SIGNALING_PATHWAY	GOBP_REGULATION_OF_INSULIN_RECEPTOR_SIGNALING_PATHWAY	1/2	25/2116	0.04	42.32	6.39103201329035	0.0234954215769081	0.177630852971721	0.139094762917522	MAPKAP1	1
panel30	louvain	37	GOBP_NEGATIVE_REGULATION_OF_KINASE_ACTIVITY	GOBP_NEGATIVE_REGULATION_OF_KINASE_ACTIVITY	1/2	26/2116	0.0384615384615385	40.6923076923077	6.26235340251159	0.0244294288255192	0.177630852971721	0.139094762917522	DEPTOR	1
panel30	louvain	38	GOBP_IRON_ION_TRANSPORT	GOBP_IRON_ION_TRANSPORT	2/2	13/2116	0.153846153846154	162.769230769231	17.9914287139273	3.48576867902775e-05	0.000455831288795935	5.64496952069269e-05	FTH1/FTL	2
panel30	louvain	38	GOBP_TRANSITION_METAL_ION_TRANSPORT	GOBP_TRANSITION_METAL_ION_TRANSPORT	2/2	16/2116	0.125	132.25	16.2056833297899	5.36272104465806e-05	0.000455831288795935	5.64496952069269e-05	FTH1/FTL	2
panel30	louvain	38	GOBP_INTRACELLULAR_IRON_ION_HOMEOSTASIS	GOBP_INTRACELLULAR_IRON_ION_HOMEOSTASIS	2/2	36/2116	0.0555555555555556	58.7777777777778	10.7522191940535	0.000281542854844548	0.00159540951078577	0.000197573933224244	FTH1/FTL	2
panel30	louvain	38	GOBP_INORGANIC_ION_HOMEOSTASIS	GOBP_INORGANIC_ION_HOMEOSTASIS	2/2	140/2116	0.0142857142857143	15.1142857142857	5.31431318087326	0.00434827298037692	0.0153083341153968	0.0018957689306993	FTH1/FTL	2
panel30	louvain	38	GOBP_METAL_ION_TRANSPORT	GOBP_METAL_ION_TRANSPORT	2/2	150/2116	0.0133333333333333	14.1066666666667	5.12110663891997	0.00499403397283782	0.0153083341153968	0.0018957689306993	FTH1/FTL	2
panel30	louvain	38	GOBP_MONOATOMIC_ION_HOMEOSTASIS	GOBP_MONOATOMIC_ION_HOMEOSTASIS	2/2	156/2116	0.0128205128205128	13.5641025641026	5.01398959875099	0.00540294145249299	0.0153083341153968	0.0018957689306993	FTH1/FTL	2
panel30	louvain	38	GOBP_NEGATIVE_REGULATION_OF_FERROPTOSIS	GOBP_NEGATIVE_REGULATION_OF_FERROPTOSIS	1/2	10/2116	0.1	105.8	10.2152686230199	0.00943168563729213	0.0169645211313554	0.00210086948995113	FTH1	1
panel30	louvain	38	GOBP_CELLULAR_HOMEOSTASIS	GOBP_CELLULAR_HOMEOSTASIS	2/2	222/2116	0.00900900900900901	9.53153153153153	4.13172294829477	0.0109627424955422	0.0169645211313554	0.00210086948995113	FTH1/FTL	2
panel30	louvain	38	GOBP_MONOATOMIC_CATION_TRANSPORT	GOBP_MONOATOMIC_CATION_TRANSPORT	2/2	222/2116	0.00900900900900901	9.53153153153153	4.13172294829477	0.0109627424955422	0.0169645211313554	0.00210086948995113	FTH1/FTL	2
panel30	louvain	38	GOBP_NEGATIVE_REGULATION_OF_FIBROBLAST_PROLIFERATION	GOBP_NEGATIVE_REGULATION_OF_FIBROBLAST_PROLIFERATION	1/2	12/2116	0.0833333333333333	88.1666666666667	9.3118481655212	0.0113126600437063	0.0169645211313554	0.00210086948995113	FTH1	1
panel30	louvain	39	GOBP_MYOFIBRIL_ASSEMBLY	GOBP_MYOFIBRIL_ASSEMBLY	1/2	15/2116	0.0666666666666667	70.5333333333333	8.31080983204576	0.0141307699526738	0.153114996104579	0.110519094932628	MYL9	1
panel30	louvain	39	GOBP_CELLULAR_COMPONENT_ASSEMBLY_INVOLVED_IN_MORPHOGENESIS	GOBP_CELLULAR_COMPONENT_ASSEMBLY_INVOLVED_IN_MORPHOGENESIS	1/2	19/2116	0.0526315789473684	55.6842105263158	7.36304108921494	0.0178819933234123	0.153114996104579	0.110519094932628	MYL9	1
panel30	louvain	39	GOBP_REGULATION_OF_CELL_SHAPE	GOBP_REGULATION_OF_CELL_SHAPE	1/2	33/2116	0.0303030303030303	32.0606060606061	5.53018872818263	0.0309549665500274	0.153114996104579	0.110519094932628	MYL12B	1
panel30	louvain	39	GOBP_PLATELET_AGGREGATION	GOBP_PLATELET_AGGREGATION	1/2	34/2116	0.0294117647058824	31.1176470588235	5.44424709090969	0.0318853986512758	0.153114996104579	0.110519094932628	MYL9	1
panel30	louvain	39	GOBP_STRESS_FIBER_ASSEMBLY	GOBP_STRESS_FIBER_ASSEMBLY	1/2	36/2116	0.0277777777777778	29.3888888888889	5.28306154630898	0.0337449221735109	0.153114996104579	0.110519094932628	MYL9	1
panel30	louvain	39	GOBP_HOMOTYPIC_CELL_CELL_ADHESION	GOBP_HOMOTYPIC_CELL_CELL_ADHESION	1/2	39/2116	0.0256410256410256	27.1282051282051	5.06455538000356	0.0365308557562106	0.153114996104579	0.110519094932628	MYL9	1
panel30	louvain	39	GOBP_ACTIN_FILAMENT_BUNDLE_ORGANIZATION	GOBP_ACTIN_FILAMENT_BUNDLE_ORGANIZATION	1/2	43/2116	0.0232558139534884	24.6046511627907	4.80894550433972	0.0402391773585917	0.153114996104579	0.110519094932628	MYL9	1
panel30	louvain	39	GOBP_ACTOMYOSIN_STRUCTURE_ORGANIZATION	GOBP_ACTOMYOSIN_STRUCTURE_ORGANIZATION	1/2	48/2116	0.0208333333333333	22.0416666666667	4.53464381606472	0.0448645242596094	0.153114996104579	0.110519094932628	MYL9	1
panel30	louvain	39	GOBP_REGULATION_OF_MUSCLE_CONTRACTION	GOBP_REGULATION_OF_MUSCLE_CONTRACTION	1/2	48/2116	0.0208333333333333	22.0416666666667	4.53464381606472	0.0448645242596094	0.153114996104579	0.110519094932628	MYL9	1
panel30	louvain	39	GOBP_REGULATION_OF_CELL_MORPHOGENESIS	GOBP_REGULATION_OF_CELL_MORPHOGENESIS	1/2	50/2116	0.02	21.16	4.43637310278313	0.0467115347660737	0.153114996104579	0.110519094932628	MYL12B	1
panel30	louvain	40	GOBP_POSITIVE_REGULATION_OF_CARTILAGE_DEVELOPMENT	GOBP_POSITIVE_REGULATION_OF_CARTILAGE_DEVELOPMENT	2/2	14/2116	0.142857142857143	151.142857142857	17.3328520592595	4.06673012553236e-05	0.00358967139926798	0.00172736067333196	BMPR1B/GDF6	2
panel30	louvain	40	GOBP_REGULATION_OF_CHONDROCYTE_DIFFERENTIATION	GOBP_REGULATION_OF_CHONDROCYTE_DIFFERENTIATION	2/2	18/2116	0.111111111111111	117.555555555556	15.271587385329	6.83746933193902e-05	0.00358967139926798	0.00172736067333196	BMPR1B/GDF6	2
panel30	louvain	40	GOBP_REGULATION_OF_CARTILAGE_DEVELOPMENT	GOBP_REGULATION_OF_CARTILAGE_DEVELOPMENT	2/2	30/2116	0.0666666666666667	70.5333333333333	11.795441930302	0.000194398637868855	0.00680395232540992	0.00327408232200176	BMPR1B/GDF6	2
panel30	louvain	40	GOBP_CHONDROCYTE_DIFFERENTIATION	GOBP_CHONDROCYTE_DIFFERENTIATION	2/2	45/2116	0.0444444444444444	47.0222222222222	9.59624847858887	0.00044242448618429	0.0116136427623376	0.00558851982548577	BMPR1B/GDF6	2
panel30	louvain	40	GOBP_RESPONSE_TO_BMP	GOBP_RESPONSE_TO_BMP	2/2	72/2116	0.0277777777777778	29.3888888888889	7.53688501714	0.00114225958251217	0.0239874512327555	0.0115428336759124	BMPR1B/GDF6	2
panel30	louvain	40	GOBP_CARTILAGE_DEVELOPMENT	GOBP_CARTILAGE_DEVELOPMENT	2/2	82/2116	0.024390243902439	25.8048780487805	7.04508504864492	0.00148413304910912	0.0259723283594096	0.0124979625188136	BMPR1B/GDF6	2
panel30	louvain	40	GOBP_CONNECTIVE_TISSUE_DEVELOPMENT	GOBP_CONNECTIVE_TISSUE_DEVELOPMENT	2/2	113/2116	0.0176991150442478	18.7256637168142	5.95550982028808	0.00282794156421635	0.0424191234632452	0.0204122097868248	BMPR1B/GDF6	2
panel30	louvain	40	GOBP_SKELETAL_SYSTEM_DEVELOPMENT	GOBP_SKELETAL_SYSTEM_DEVELOPMENT	2/2	160/2116	0.0125	13.225	4.94586349914033	0.00568448430733754	0.0671531846369959	0.0323143144117875	BMPR1B/GDF6	2
panel30	louvain	40	GOBP_CELL_SURFACE_RECEPTOR_PROTEIN_SERINE_THREONINE_KINASE_SIGNALING_PATHWAY	GOBP_CELL_SURFACE_RECEPTOR_PROTEIN_SERINE_THREONINE_KINASE_SIGNALING_PATHWAY	2/2	161/2116	0.0124223602484472	13.1428571428571	4.92921924087765	0.00575598725459965	0.0671531846369959	0.0323143144117875	BMPR1B/GDF6	2
panel30	louvain	40	GOBP_POSITIVE_REGULATION_OF_P38MAPK_CASCADE	GOBP_POSITIVE_REGULATION_OF_P38MAPK_CASCADE	1/2	10/2116	0.1	105.8	10.2152686230199	0.00943168563729213	0.0849608887003807	0.040883435164093	GDF6	1
panel30	louvain	41	GOBP_RETINOIC_ACID_RECEPTOR_SIGNALING_PATHWAY	GOBP_RETINOIC_ACID_RECEPTOR_SIGNALING_PATHWAY	2/2	14/2116	0.142857142857143	151.142857142857	17.3328520592595	4.06673012553236e-05	0.0103294945188522	0.0065495758863837	RXRG/PPARG	2
panel30	louvain	41	GOBP_NUCLEAR_RECEPTOR_MEDIATED_SIGNALING_PATHWAY	GOBP_NUCLEAR_RECEPTOR_MEDIATED_SIGNALING_PATHWAY	2/2	50/2116	0.04	42.32	9.09280439518843	0.000547444439975511	0.0561879097454048	0.0356268138874718	RXRG/PPARG	2
panel30	louvain	41	GOBP_HORMONE_MEDIATED_SIGNALING_PATHWAY	GOBP_HORMONE_MEDIATED_SIGNALING_PATHWAY	2/2	55/2116	0.0363636363636364	38.4727272727273	8.65915160455733	0.000663636729276435	0.0561879097454048	0.0356268138874718	RXRG/PPARG	2
panel30	louvain	41	GOBP_INTRACELLULAR_RECEPTOR_SIGNALING_PATHWAY	GOBP_INTRACELLULAR_RECEPTOR_SIGNALING_PATHWAY	2/2	121/2116	0.0165289256198347	17.4876033057851	5.74376227754768	0.00324444623201813	0.101700961933332	0.0644850691081632	RXRG/PPARG	2
panel30	louvain	41	GOBP_CELLULAR_RESPONSE_TO_HORMONE_STIMULUS	GOBP_CELLULAR_RESPONSE_TO_HORMONE_STIMULUS	2/2	204/2116	0.00980392156862745	10.3725490196078	4.33058485221382	0.00925337516255748	0.101700961933332	0.0644850691081632	RXRG/PPARG	2
panel30	louvain	41	GOBP_ENDOCRINE_HORMONE_SECRETION	GOBP_ENDOCRINE_HORMONE_SECRETION	1/2	10/2116	0.1	105.8	10.2152686230199	0.00943168563729213	0.101700961933332	0.0644850691081632	PPARG	1
panel30	louvain	41	GOBP_MITOCHONDRIAL_FISSION	GOBP_MITOCHONDRIAL_FISSION	1/2	10/2116	0.1	105.8	10.2152686230199	0.00943168563729213	0.101700961933332	0.0644850691081632	PPARG	1
panel30	louvain	41	GOBP_MUSCLE_HYPERTROPHY_IN_RESPONSE_TO_STRESS	GOBP_MUSCLE_HYPERTROPHY_IN_RESPONSE_TO_STRESS	1/2	10/2116	0.1	105.8	10.2152686230199	0.00943168563729213	0.101700961933332	0.0644850691081632	PPARG	1
panel30	louvain	41	GOBP_NEGATIVE_REGULATION_OF_MUSCLE_HYPERTROPHY	GOBP_NEGATIVE_REGULATION_OF_MUSCLE_HYPERTROPHY	1/2	10/2116	0.1	105.8	10.2152686230199	0.00943168563729213	0.101700961933332	0.0644850691081632	PPARG	1
panel30	louvain	41	GOBP_NEGATIVE_REGULATION_OF_SMAD_PROTEIN_SIGNAL_TRANSDUCTION	GOBP_NEGATIVE_REGULATION_OF_SMAD_PROTEIN_SIGNAL_TRANSDUCTION	1/2	10/2116	0.1	105.8	10.2152686230199	0.00943168563729213	0.101700961933332	0.0644850691081632	PPARG	1
panel30	louvain	42	GOBP_GLYCOPHAGY	GOBP_GLYCOPHAGY	3/3	10/2116	0.3	211.6	25.1475249737381	7.61029476536148e-08	2.35443494303371e-06	8.81192025462908e-07	WIPI2/WDR45/ATG2B	3
panel30	louvain	42	GOBP_AUTOPHAGY_OF_PEROXISOME	GOBP_AUTOPHAGY_OF_PEROXISOME	3/3	11/2116	0.272727272727273	192.363636363636	23.9715310003027	1.0464155302372e-07	2.35443494303371e-06	8.81192025462908e-07	WIPI2/WDR45/ATG2B	3
panel30	louvain	42	GOBP_POLYSACCHARIDE_CATABOLIC_PROCESS	GOBP_POLYSACCHARIDE_CATABOLIC_PROCESS	3/3	13/2116	0.230769230769231	162.769230769231	22.0401235588363	1.81378691907782e-07	2.72068037861673e-06	1.01826634053492e-06	WIPI2/WDR45/ATG2B	3
panel30	louvain	42	GOBP_NUCLEOPHAGY	GOBP_NUCLEOPHAGY	3/3	20/2116	0.15	105.8	17.7397177646684	7.22978002709343e-07	8.13350253048011e-06	3.0441179061446e-06	WIPI2/WDR45/ATG2B	3
panel30	louvain	42	GOBP_GLUCAN_METABOLIC_PROCESS	GOBP_GLUCAN_METABOLIC_PROCESS	3/3	27/2116	0.111111111111111	78.3703703703704	15.2424016898883	1.85500934905686e-06	1.66950841415118e-05	6.24845254419154e-06	WIPI2/WDR45/ATG2B	3
panel30	louvain	42	GOBP_ENERGY_RESERVE_METABOLIC_PROCESS	GOBP_ENERGY_RESERVE_METABOLIC_PROCESS	3/3	29/2116	0.103448275862069	72.9655172413793	14.7003708272725	2.31733475605257e-06	1.73800106703943e-05	6.50479931523529e-06	WIPI2/WDR45/ATG2B	3
panel30	louvain	42	GOBP_POLYSACCHARIDE_METABOLIC_PROCESS	GOBP_POLYSACCHARIDE_METABOLIC_PROCESS	3/3	31/2116	0.0967741935483871	68.258064516129	14.2114452877763	2.85068958085833e-06	1.83258615912321e-05	6.85880199905763e-06	WIPI2/WDR45/ATG2B	3
panel30	louvain	42	GOBP_CARBOHYDRATE_CATABOLIC_PROCESS	GOBP_CARBOHYDRATE_CATABOLIC_PROCESS	3/3	51/2116	0.0588235294117647	41.4901960784314	11.0265843651935	1.32070323740544e-05	7.00781309643704e-05	2.62280724077176e-05	WIPI2/WDR45/ATG2B	3
panel30	louvain	42	GOBP_AUTOPHAGY_OF_MITOCHONDRION	GOBP_AUTOPHAGY_OF_MITOCHONDRION	3/3	52/2116	0.0576923076923077	40.6923076923077	10.9174004208301	1.40156261928741e-05	7.00781309643704e-05	2.62280724077176e-05	WIPI2/WDR45/ATG2B	3
panel30	louvain	42	GOBP_AUTOPHAGOSOME_ORGANIZATION	GOBP_AUTOPHAGOSOME_ORGANIZATION	3/3	56/2116	0.0535714285714286	37.7857142857143	10.5100712780275	1.7579780907985e-05	7.91090140859325e-05	2.96080520555537e-05	WIPI2/WDR45/ATG2B	3
panel30	louvain	43	GOBP_NEGATIVE_REGULATION_OF_TRANSCRIPTION_BY_RNA_POLYMERASE_II	GOBP_NEGATIVE_REGULATION_OF_TRANSCRIPTION_BY_RNA_POLYMERASE_II	2/2	190/2116	0.0105263157894737	11.1368421052632	4.50369563927155	0.00802397136306962	0.0454800241833182	0.0140805028431326	CIITA/RFX5	2
panel30	louvain	43	GOBP_TYPE_II_INTERFERON_MEDIATED_SIGNALING_PATHWAY	GOBP_TYPE_II_INTERFERON_MEDIATED_SIGNALING_PATHWAY	1/2	15/2116	0.0666666666666667	70.5333333333333	8.31080983204576	0.0141307699526738	0.0454800241833182	0.0140805028431326	CIITA	1
panel30	louvain	43	GOBP_NEGATIVE_REGULATION_OF_RNA_BIOSYNTHETIC_PROCESS	GOBP_NEGATIVE_REGULATION_OF_RNA_BIOSYNTHETIC_PROCESS	2/2	252/2116	0.00793650793650794	8.3968253968254	3.84716112689808	0.0141334513131963	0.0454800241833182	0.0140805028431326	CIITA/RFX5	2
panel30	louvain	43	GOBP_RESPONSE_TO_ANTIBIOTIC	GOBP_RESPONSE_TO_ANTIBIOTIC	1/2	17/2116	0.0588235294117647	62.2352941176471	7.79538809910682	0.0160072754248839	0.0454800241833182	0.0140805028431326	CIITA	1
panel30	louvain	43	GOBP_REGULATION_OF_COLLAGEN_METABOLIC_PROCESS	GOBP_REGULATION_OF_COLLAGEN_METABOLIC_PROCESS	1/2	19/2116	0.0526315789473684	55.6842105263158	7.36304108921494	0.0178819933234123	0.0454800241833182	0.0140805028431326	CIITA	1
panel30	louvain	43	GOBP_POSITIVE_REGULATION_OF_TRANSCRIPTION_BY_RNA_POLYMERASE_II	GOBP_POSITIVE_REGULATION_OF_TRANSCRIPTION_BY_RNA_POLYMERASE_II	2/2	286/2116	0.00699300699300699	7.3986013986014	3.57816382329019	0.0182131413479199	0.0454800241833182	0.0140805028431326	CIITA/RFX5	2
panel30	louvain	43	GOBP_NEGATIVE_REGULATION_OF_NUCLEOBASE_CONTAINING_COMPOUND_METABOLIC_PROCESS	GOBP_NEGATIVE_REGULATION_OF_NUCLEOBASE_CONTAINING_COMPOUND_METABOLIC_PROCESS	2/2	290/2116	0.00689655172413793	7.29655172413793	3.54951552339937	0.0187270687813663	0.0454800241833182	0.0140805028431326	CIITA/RFX5	2
panel30	louvain	43	GOBP_COLLAGEN_BIOSYNTHETIC_PROCESS	GOBP_COLLAGEN_BIOSYNTHETIC_PROCESS	1/2	26/2116	0.0384615384615385	40.6923076923077	6.26235340251159	0.0244294288255192	0.0519125362542284	0.0160719926483679	CIITA	1
panel30	louvain	43	GOBP_MODULATION_OF_PROCESS_OF_ANOTHER_ORGANISM	GOBP_MODULATION_OF_PROCESS_OF_ANOTHER_ORGANISM	1/2	31/2116	0.032258064516129	34.1290322580645	5.71418450555904	0.0290927616672699	0.0549529942603988	0.0170133109165321	CIITA	1
panel30	louvain	43	GOBP_POSITIVE_REGULATION_OF_RNA_METABOLIC_PROCESS	GOBP_POSITIVE_REGULATION_OF_RNA_METABOLIC_PROCESS	2/2	392/2116	0.00510204081632653	5.39795918367347	2.96649273743871	0.0342481241648679	0.0582218110802755	0.0180253285078252	CIITA/RFX5	2
panel30	louvain	44	GOBP_POSITIVE_REGULATION_OF_B_CELL_PROLIFERATION	GOBP_POSITIVE_REGULATION_OF_B_CELL_PROLIFERATION	2/2	20/2116	0.1	105.8	14.4809926639573	8.49097498737527e-05	0.00266273996314619	0.000968269077507706	TNFSF13B/TNFRSF13C	2
panel30	louvain	44	GOBP_LYMPHOCYTE_COSTIMULATION	GOBP_LYMPHOCYTE_COSTIMULATION	2/2	22/2116	0.0909090909090909	96.1818181818182	13.8004958384639	0.000103232380109668	0.00266273996314619	0.000968269077507706	TNFSF13B/TNFRSF13C	2
panel30	louvain	44	GOBP_REGULATION_OF_B_CELL_PROLIFERATION	GOBP_REGULATION_OF_B_CELL_PROLIFERATION	2/2	26/2116	0.0769230769230769	81.3846153846154	12.6824792744663	0.000145240361626156	0.00266273996314619	0.000968269077507706	TNFSF13B/TNFRSF13C	2
panel30	louvain	44	GOBP_POSITIVE_REGULATION_OF_B_CELL_ACTIVATION	GOBP_POSITIVE_REGULATION_OF_B_CELL_ACTIVATION	2/2	32/2116	0.0625	66.125	11.4154112083542	0.000221659136512533	0.00287985568321811	0.00104722024844295	TNFSF13B/TNFRSF13C	2
panel30	louvain	44	GOBP_B_CELL_PROLIFERATION	GOBP_B_CELL_PROLIFERATION	2/2	35/2116	0.0571428571428571	60.4571428571429	10.9073615764306	0.000265901585130962	0.00287985568321811	0.00104722024844295	TNFSF13B/TNFRSF13C	2
panel30	louvain	44	GOBP_POSITIVE_REGULATION_OF_T_CELL_PROLIFERATION	GOBP_POSITIVE_REGULATION_OF_T_CELL_PROLIFERATION	2/2	38/2116	0.0526315789473684	55.6842105263158	10.4604089954047	0.000314166074532885	0.00287985568321811	0.00104722024844295	TNFSF13B/TNFRSF13C	2
panel30	louvain	44	GOBP_REGULATION_OF_B_CELL_ACTIVATION	GOBP_REGULATION_OF_B_CELL_ACTIVATION	2/2	48/2116	0.0416666666666667	44.0833333333333	9.28479545705133	0.000504095778197858	0.00396075254298317	0.00144027365199388	TNFSF13B/TNFRSF13C	2
panel30	louvain	44	GOBP_TUMOR_NECROSIS_FACTOR_MEDIATED_SIGNALING_PATHWAY	GOBP_TUMOR_NECROSIS_FACTOR_MEDIATED_SIGNALING_PATHWAY	2/2	56/2116	0.0357142857142857	37.7857142857143	8.57940735550533	0.000688215867397784	0.00473148408835977	0.00172053966849446	TNFSF13B/TNFRSF13C	2
panel30	louvain	44	GOBP_POSITIVE_REGULATION_OF_LEUKOCYTE_PROLIFERATION	GOBP_POSITIVE_REGULATION_OF_LEUKOCYTE_PROLIFERATION	2/2	69/2116	0.0289855072463768	30.6666666666667	7.70463498091991	0.00104841196423065	0.00640696200363175	0.002329804364957	TNFSF13B/TNFRSF13C	2
panel30	louvain	44	GOBP_T_CELL_PROLIFERATION	GOBP_T_CELL_PROLIFERATION	2/2	81/2116	0.0246913580246914	26.1234567901235	7.09018210092834	0.00144793468205767	0.00796364075131721	0.00289586936411535	TNFSF13B/TNFRSF13C	2
panel30	louvain	45	GOBP_FIBROBLAST_GROWTH_FACTOR_RECEPTOR_SIGNALING_PATHWAY	GOBP_FIBROBLAST_GROWTH_FACTOR_RECEPTOR_SIGNALING_PATHWAY	2/2	25/2116	0.08	84.64	12.936735662914	0.000134068026116452	0.0091166257759187	0.00578609375871001	FGFR4/FGF17	2
panel30	louvain	45	GOBP_RESPONSE_TO_FIBROBLAST_GROWTH_FACTOR	GOBP_RESPONSE_TO_FIBROBLAST_GROWTH_FACTOR	2/2	38/2116	0.0526315789473684	55.6842105263158	10.4604089954047	0.000314166074532885	0.0106816465341181	0.00677937318728856	FGFR4/FGF17	2
panel30	louvain	45	GOBP_POSITIVE_REGULATION_OF_MAPK_CASCADE	GOBP_POSITIVE_REGULATION_OF_MAPK_CASCADE	2/2	204/2116	0.00980392156862745	10.3725490196078	4.33058485221382	0.00925337516255748	0.103825072508457	0.0658951698583085	FGFR4/FGF17	2
panel30	louvain	45	GOBP_CELL_SURFACE_RECEPTOR_PROTEIN_TYROSINE_KINASE_SIGNALING_PATHWAY	GOBP_CELL_SURFACE_RECEPTOR_PROTEIN_TYROSINE_KINASE_SIGNALING_PATHWAY	2/2	236/2116	0.00847457627118644	8.96610169491525	3.99246038300726	0.012392354547364	0.103825072508457	0.0658951698583085	FGFR4/FGF17	2
panel30	louvain	45	GOBP_LIPID_HOMEOSTASIS	GOBP_LIPID_HOMEOSTASIS	1/2	16/2116	0.0625	66.125	8.04110572840052	0.0150692461354892	0.103825072508457	0.0658951698583085	FGFR4	1
panel30	louvain	45	GOBP_POSITIVE_REGULATION_OF_DNA_BIOSYNTHETIC_PROCESS	GOBP_POSITIVE_REGULATION_OF_DNA_BIOSYNTHETIC_PROCESS	1/2	17/2116	0.0588235294117647	62.2352941176471	7.79538809910682	0.0160072754248839	0.103825072508457	0.0658951698583085	FGFR4	1
panel30	louvain	45	GOBP_REGULATION_OF_STEROID_BIOSYNTHETIC_PROCESS	GOBP_REGULATION_OF_STEROID_BIOSYNTHETIC_PROCESS	1/2	18/2116	0.0555555555555556	58.7777777777778	7.57028164001055	0.0169448578208581	0.103825072508457	0.0658951698583085	FGFR4	1
panel30	louvain	45	GOBP_RESPONSE_TO_GROWTH_FACTOR	GOBP_RESPONSE_TO_GROWTH_FACTOR	2/2	287/2116	0.00696864111498258	7.37282229965157	3.57094857978564	0.018340952866151	0.103825072508457	0.0658951698583085	FGFR4/FGF17	2
panel30	louvain	45	GOBP_MONOCARBOXYLIC_ACID_BIOSYNTHETIC_PROCESS	GOBP_MONOCARBOXYLIC_ACID_BIOSYNTHETIC_PROCESS	1/2	20/2116	0.05	52.9	7.17140762652085	0.0188186819325457	0.103825072508457	0.0658951698583085	FGFR4	1
panel30	louvain	45	GOBP_REGULATION_OF_STEROID_METABOLIC_PROCESS	GOBP_REGULATION_OF_STEROID_METABOLIC_PROCESS	1/2	21/2116	0.0476190476190476	50.3809523809524	6.9935033551852	0.0197549236482589	0.103825072508457	0.0658951698583085	FGFR4	1
panel30	louvain	46	GOBP_PROTEOLYSIS	GOBP_PROTEOLYSIS	4/5	327/2116	0.0122324159021407	5.17675840978593	3.99672376739435	0.00246408292957797	0.220296225895033	0.186863431265076	CAPN1/CAPN8/CAPN2/CAPNS1	4
panel30	louvain	46	GOBP_REGULATION_OF_MACROAUTOPHAGY	GOBP_REGULATION_OF_MACROAUTOPHAGY	2/5	80/2116	0.025	10.58	4.25028142553762	0.0131079372660442	0.220296225895033	0.186863431265076	CAPN1/CAPNS1	2
panel30	louvain	46	GOBP_REGULATION_OF_SYNCYTIUM_FORMATION_BY_PLASMA_MEMBRANE_FUSION	GOBP_REGULATION_OF_SYNCYTIUM_FORMATION_BY_PLASMA_MEMBRANE_FUSION	1/5	10/2116	0.1	42.32	6.37275468311237	0.0234291473334639	0.220296225895033	0.186863431265076	CAPN2	1
panel30	louvain	46	GOBP_RESPONSE_TO_PAIN	GOBP_RESPONSE_TO_PAIN	1/5	10/2116	0.1	42.32	6.37275468311237	0.0234291473334639	0.220296225895033	0.186863431265076	CAPN2	1
panel30	louvain	46	GOBP_CELLULAR_RESPONSE_TO_INTERFERON_BETA	GOBP_CELLULAR_RESPONSE_TO_INTERFERON_BETA	1/5	12/2116	0.0833333333333333	35.2666666666667	5.79209513593252	0.0280618301177671	0.220296225895033	0.186863431265076	CAPN2	1
panel30	louvain	46	GOBP_GLUTAMATE_RECEPTOR_SIGNALING_PATHWAY	GOBP_GLUTAMATE_RECEPTOR_SIGNALING_PATHWAY	1/5	12/2116	0.0833333333333333	35.2666666666667	5.79209513593252	0.0280618301177671	0.220296225895033	0.186863431265076	CAPN1	1
panel30	louvain	46	GOBP_POSITIVE_REGULATION_OF_MUSCLE_CELL_APOPTOTIC_PROCESS	GOBP_POSITIVE_REGULATION_OF_MUSCLE_CELL_APOPTOTIC_PROCESS	1/5	12/2116	0.0833333333333333	35.2666666666667	5.79209513593252	0.0280618301177671	0.220296225895033	0.186863431265076	CAPN2	1
panel30	louvain	46	GOBP_RESPONSE_TO_LAMINAR_FLUID_SHEAR_STRESS	GOBP_RESPONSE_TO_LAMINAR_FLUID_SHEAR_STRESS	1/5	12/2116	0.0833333333333333	35.2666666666667	5.79209513593252	0.0280618301177671	0.220296225895033	0.186863431265076	CAPN2	1
panel30	louvain	46	GOBP_VASCULAR_ENDOTHELIAL_CELL_RESPONSE_TO_FLUID_SHEAR_STRESS	GOBP_VASCULAR_ENDOTHELIAL_CELL_RESPONSE_TO_FLUID_SHEAR_STRESS	1/5	12/2116	0.0833333333333333	35.2666666666667	5.79209513593252	0.0280618301177671	0.220296225895033	0.186863431265076	CAPN2	1
panel30	louvain	46	GOBP_MYOBLAST_FUSION	GOBP_MYOBLAST_FUSION	1/5	15/2116	0.0666666666666667	28.2133333333333	5.14648150068549	0.0349778736980003	0.220296225895033	0.186863431265076	CAPN2	1
panel30	louvain	47	GOBP_DIGESTION	GOBP_DIGESTION	2/2	16/2116	0.125	132.25	16.2056833297899	5.36272104465806e-05	0.000107254420893161	NA	CTRB2/CTRB1	2
panel30	louvain	47	GOBP_PROTEOLYSIS	GOBP_PROTEOLYSIS	2/2	327/2116	0.00611620795107034	6.47094801223242	3.30863596441286	0.0238198662001099	0.0238198662001099	NA	CTRB2/CTRB1	2
panel30	louvain	48	GOBP_G_PROTEIN_COUPLED_RECEPTOR_SIGNALING_PATHWAY	GOBP_G_PROTEIN_COUPLED_RECEPTOR_SIGNALING_PATHWAY	2/2	129/2116	0.0155038759689922	16.4031007751938	5.55164606404025	0.00368955207872474	0.0479641770234217	0.0349536512721292	GNB2/GNG5	2
panel30	louvain	48	GOBP_REGULATION_OF_POTASSIUM_ION_TRANSMEMBRANE_TRANSPORT	GOBP_REGULATION_OF_POTASSIUM_ION_TRANSMEMBRANE_TRANSPORT	1/2	14/2116	0.0714285714285714	75.5714285714286	8.60870482867123	0.0131918468764384	0.0653000665871199	0.0475870930594396	GNB2	1
panel30	louvain	48	GOBP_REGULATION_OF_POTASSIUM_ION_TRANSPORT	GOBP_REGULATION_OF_POTASSIUM_ION_TRANSPORT	1/2	16/2116	0.0625	66.125	8.04110572840052	0.0150692461354892	0.0653000665871199	0.0475870930594396	GNB2	1
panel30	louvain	48	GOBP_POTASSIUM_ION_TRANSPORT	GOBP_POTASSIUM_ION_TRANSPORT	1/2	25/2116	0.04	42.32	6.39103201329035	0.0234954215769081	0.0763601201249513	0.0556470511032034	GNB2	1
panel30	louvain	48	GOBP_REGULATION_OF_MONOATOMIC_ION_TRANSMEMBRANE_TRANSPORT	GOBP_REGULATION_OF_MONOATOMIC_ION_TRANSMEMBRANE_TRANSPORT	1/2	76/2116	0.0131578947368421	13.9210526315789	3.52782716558277	0.0705600021450884	0.18345600557723	0.133692635643325	GNB2	1
panel30	louvain	48	GOBP_REGULATION_OF_MONOATOMIC_ION_TRANSPORT	GOBP_REGULATION_OF_MONOATOMIC_ION_TRANSPORT	1/2	97/2116	0.0103092783505155	10.9072164948454	3.07175839080901	0.0896016838944078	0.194136981771217	0.14147634299117	GNB2	1
panel30	louvain	48	GOBP_REGULATION_OF_TRANSMEMBRANE_TRANSPORT	GOBP_REGULATION_OF_TRANSMEMBRANE_TRANSPORT	1/2	125/2116	0.008	8.464	2.64550568679174	0.114684024007114	0.212984616013212	0.15521146106226	GNB2	1
panel30	louvain	48	GOBP_METAL_ION_TRANSPORT	GOBP_METAL_ION_TRANSPORT	1/2	150/2116	0.00666666666666667	7.05333333333333	2.3651906552082	0.13678290364531	0.222272218423628	0.161979754316814	GNB2	1
panel30	louvain	48	GOBP_MONOATOMIC_ION_TRANSMEMBRANE_TRANSPORT	GOBP_MONOATOMIC_ION_TRANSMEMBRANE_TRANSPORT	1/2	195/2116	0.00512820512820513	5.42564102564103	1.99456181222612	0.17585702985695	0.24101555310983	0.175638864614451	GNB2	1
panel30	louvain	48	GOBP_MONOATOMIC_CATION_TRANSPORT	GOBP_MONOATOMIC_CATION_TRANSPORT	1/2	222/2116	0.00450450450450451	4.76576576576577	1.82371720421036	0.198867125179316	0.24101555310983	0.175638864614451	GNB2	1
panel30	louvain	49	GOBP_ACYL_COA_BIOSYNTHETIC_PROCESS	GOBP_ACYL_COA_BIOSYNTHETIC_PROCESS	2/2	10/2116	0.2	211.6	20.5280111832823	2.01102039174678e-05	0.000221212243092145	NA	PDHA1/PDHB	2
panel30	louvain	49	GOBP_ACYL_COA_METABOLIC_PROCESS	GOBP_ACYL_COA_METABOLIC_PROCESS	2/2	10/2116	0.2	211.6	20.5280111832823	2.01102039174678e-05	0.000221212243092145	NA	PDHA1/PDHB	2
panel30	louvain	49	GOBP_SULFUR_COMPOUND_BIOSYNTHETIC_PROCESS	GOBP_SULFUR_COMPOUND_BIOSYNTHETIC_PROCESS	2/2	16/2116	0.125	132.25	16.2056833297899	5.36272104465806e-05	0.000334276278450352	NA	PDHA1/PDHB	2
panel30	louvain	49	GOBP_AMIDE_BIOSYNTHETIC_PROCESS	GOBP_AMIDE_BIOSYNTHETIC_PROCESS	2/2	17/2116	0.117647058823529	124.470588235294	15.7180784054037	6.07775051727913e-05	0.000334276278450352	NA	PDHA1/PDHB	2
panel30	louvain	49	GOBP_SULFUR_COMPOUND_METABOLIC_PROCESS	GOBP_SULFUR_COMPOUND_METABOLIC_PROCESS	2/2	26/2116	0.0769230769230769	81.3846153846154	12.6824792744663	0.000145240361626156	0.000639057591155086	NA	PDHA1/PDHB	2
panel30	louvain	49	GOBP_PYRUVATE_METABOLIC_PROCESS	GOBP_PYRUVATE_METABOLIC_PROCESS	2/2	43/2116	0.0465116279069768	49.2093023255814	9.82161973447905	0.000403544758610519	0.00147966411490524	NA	PDHA1/PDHB	2
panel30	louvain	49	GOBP_AMIDE_METABOLIC_PROCESS	GOBP_AMIDE_METABOLIC_PROCESS	2/2	52/2116	0.0384615384615385	40.6923076923077	8.911911536631	0.000592580675434716	0.00185907662881479	NA	PDHA1/PDHB	2
panel30	louvain	49	GOBP_GLUCOSE_METABOLIC_PROCESS	GOBP_GLUCOSE_METABOLIC_PROCESS	2/2	61/2116	0.0327868852459016	34.6885245901639	8.21029360075466	0.000817814959310354	0.00185907662881479	NA	PDHA1/PDHB	2
panel30	louvain	49	GOBP_PURINE_CONTAINING_COMPOUND_BIOSYNTHETIC_PROCESS	GOBP_PURINE_CONTAINING_COMPOUND_BIOSYNTHETIC_PROCESS	2/2	61/2116	0.0327868852459016	34.6885245901639	8.21029360075466	0.000817814959310354	0.00185907662881479	NA	PDHA1/PDHB	2
panel30	louvain	49	GOBP_NUCLEOSIDE_PHOSPHATE_BIOSYNTHETIC_PROCESS	GOBP_NUCLEOSIDE_PHOSPHATE_BIOSYNTHETIC_PROCESS	2/2	64/2116	0.03125	33.0625	8.00970245958065	0.000900937135502555	0.00185907662881479	NA	PDHA1/PDHB	2
panel30	louvain	50	GOBP_SISTER_CHROMATID_COHESION	GOBP_SISTER_CHROMATID_COHESION	2/3	31/2116	0.0645161290322581	45.505376344086	9.40386443582828	0.000617714942279783	0.0500349103246624	0.0364126702817556	PPP2R1A/PPP2R5D	2
panel30	louvain	50	GOBP_CELL_CYCLE_PROCESS	GOBP_CELL_CYCLE_PROCESS	3/3	350/2116	0.00857142857142857	6.04571428571429	3.89248898377513	0.00449305461034638	0.122617738965444	0.0892344818981786	PPP2R1A/PPP2R5D/PPP2R2D	3
panel30	louvain	50	GOBP_MITOTIC_NUCLEAR_DIVISION	GOBP_MITOTIC_NUCLEAR_DIVISION	2/3	85/2116	0.0235294117647059	16.5960784313725	5.52886488071267	0.00466095039669486	0.122617738965444	0.0892344818981786	PPP2R1A/PPP2R2D	2
panel30	louvain	50	GOBP_CHROMOSOME_SEGREGATION	GOBP_CHROMOSOME_SEGREGATION	2/3	97/2116	0.0206185567010309	14.5429553264605	5.14395568180007	0.00605519698594783	0.122617738965444	0.0892344818981786	PPP2R1A/PPP2R2D	2
panel30	louvain	50	GOBP_CELL_CYCLE	GOBP_CELL_CYCLE	3/3	441/2116	0.00680272108843537	4.79818594104308	3.37717974313953	0.009003777788373	0.125726825958001	0.0914971053105659	PPP2R1A/PPP2R5D/PPP2R2D	3
panel30	louvain	50	GOBP_ORGANELLE_FISSION	GOBP_ORGANELLE_FISSION	2/3	135/2116	0.0148148148148148	10.4493827160494	4.27458689707051	0.011617837937327	0.125726825958001	0.0914971053105659	PPP2R1A/PPP2R2D	2
panel30	louvain	50	GOBP_CHROMOSOME_ORGANIZATION	GOBP_CHROMOSOME_ORGANIZATION	2/3	141/2116	0.0141843971631206	10.0047281323877	4.16929549385536	0.0126524701945025	0.125726825958001	0.0914971053105659	PPP2R1A/PPP2R5D	2
panel30	louvain	50	GOBP_EXIT_FROM_MITOSIS	GOBP_EXIT_FROM_MITOSIS	1/3	10/2116	0.1	70.5333333333333	8.3029023575843	0.0141174392530098	0.125726825958001	0.0914971053105659	PPP2R2D	1
panel30	louvain	50	GOBP_NEGATIVE_REGULATION_OF_HIPPO_SIGNALING	GOBP_NEGATIVE_REGULATION_OF_HIPPO_SIGNALING	1/3	11/2116	0.0909090909090909	64.1212121212121	7.90699906154085	0.0155218303651853	0.125726825958001	0.0914971053105659	PPP2R1A	1
panel30	louvain	50	GOBP_OOCYTE_MATURATION	GOBP_OOCYTE_MATURATION	1/3	11/2116	0.0909090909090909	64.1212121212121	7.90699906154085	0.0155218303651853	0.125726825958001	0.0914971053105659	PPP2R1A	1
panel30	louvain	51	GOBP_COLLAGEN_ACTIVATED_TYROSINE_KINASE_RECEPTOR_SIGNALING_PATHWAY	GOBP_COLLAGEN_ACTIVATED_TYROSINE_KINASE_RECEPTOR_SIGNALING_PATHWAY	2/2	10/2116	0.2	211.6	20.5280111832823	2.01102039174678e-05	0.000209146120741665	7.33846037690052e-05	COL4A5/COL4A6	2
panel30	louvain	51	GOBP_COLLAGEN_ACTIVATED_SIGNALING_PATHWAY	GOBP_COLLAGEN_ACTIVATED_SIGNALING_PATHWAY	2/2	13/2116	0.153846153846154	162.769230769231	17.9914287139273	3.48576867902775e-05	0.000209146120741665	7.33846037690052e-05	COL4A5/COL4A6	2
panel30	louvain	51	GOBP_COLLAGEN_FIBRIL_ORGANIZATION	GOBP_COLLAGEN_FIBRIL_ORGANIZATION	2/2	57/2116	0.0350877192982456	37.1228070175439	8.50175210625221	0.000713241898939522	0.00285296759575809	0.0010010412616695	COL4A5/COL4A6	2
panel30	louvain	51	GOBP_EXTERNAL_ENCAPSULATING_STRUCTURE_ORGANIZATION	GOBP_EXTERNAL_ENCAPSULATING_STRUCTURE_ORGANIZATION	2/2	156/2116	0.0128205128205128	13.5641025641026	5.01398959875099	0.00540294145249299	0.016208824357479	0.00568730679209789	COL4A5/COL4A6	2
panel30	louvain	51	GOBP_CELL_SURFACE_RECEPTOR_PROTEIN_TYROSINE_KINASE_SIGNALING_PATHWAY	GOBP_CELL_SURFACE_RECEPTOR_PROTEIN_TYROSINE_KINASE_SIGNALING_PATHWAY	2/2	236/2116	0.00847457627118644	8.96610169491525	3.99246038300726	0.012392354547364	0.0297416509136736	0.0104356669872539	COL4A5/COL4A6	2
panel30	louvain	51	GOBP_NEUROMUSCULAR_JUNCTION_DEVELOPMENT	GOBP_NEUROMUSCULAR_JUNCTION_DEVELOPMENT	1/2	24/2116	0.0416666666666667	44.0833333333333	6.52757349037635	0.0225609674348766	0.0451219348697531	0.0158322578490362	COL4A5	1
panel30	louvain	51	GOBP_ENZYME_LINKED_RECEPTOR_PROTEIN_SIGNALING_PATHWAY	GOBP_ENZYME_LINKED_RECEPTOR_PROTEIN_SIGNALING_PATHWAY	2/2	375/2116	0.00533333333333333	5.64266666666667	3.04790512296558	0.0313384011047205	0.053722973322378	0.0188501660780274	COL4A5/COL4A6	2
panel30	louvain	51	GOBP_CELLULAR_RESPONSE_TO_ACID_CHEMICAL	GOBP_CELLULAR_RESPONSE_TO_ACID_CHEMICAL	1/2	45/2116	0.0222222222222222	23.5111111111111	4.69386755616153	0.0420906567992601	0.0631359851988901	0.0221529772627684	COL4A6	1
panel30	louvain	51	GOBP_RESPONSE_TO_ACID_CHEMICAL	GOBP_RESPONSE_TO_ACID_CHEMICAL	1/2	60/2116	0.0166666666666667	17.6333333333333	4.01939838001257	0.0559197736931718	0.0745596982575624	0.0261612976342324	COL4A6	1
panel30	louvain	51	GOBP_SYNAPSE_ORGANIZATION	GOBP_SYNAPSE_ORGANIZATION	1/2	117/2116	0.00854700854700855	9.04273504273504	2.75237742874785	0.107553392591401	0.129064071109681	0.045285638985853	COL4A5	1
panel30	louvain	52	GOBP_CELLULAR_SENESCENCE	GOBP_CELLULAR_SENESCENCE	2/2	44/2116	0.0454545454545455	48.0909090909091	9.7070268185904	0.000422761175687211	0.0448126846228443	0.0320408469994518	MAPKAPK5/MAPK11	2
panel30	louvain	52	GOBP_REGULATION_OF_DENDRITIC_SPINE_DEVELOPMENT	GOBP_REGULATION_OF_DENDRITIC_SPINE_DEVELOPMENT	1/2	12/2116	0.0833333333333333	88.1666666666667	9.3118481655212	0.0113126600437063	0.145318089160344	0.103901712209978	MAPKAPK5	1
panel30	louvain	52	GOBP_POSITIVE_REGULATION_OF_ERYTHROCYTE_DIFFERENTIATION	GOBP_POSITIVE_REGULATION_OF_ERYTHROCYTE_DIFFERENTIATION	1/2	18/2116	0.0555555555555556	58.7777777777778	7.57028164001055	0.0169448578208581	0.145318089160344	0.103901712209978	MAPK11	1
panel30	louvain	52	GOBP_POSITIVE_REGULATION_OF_TELOMERE_MAINTENANCE	GOBP_POSITIVE_REGULATION_OF_TELOMERE_MAINTENANCE	1/2	19/2116	0.0526315789473684	55.6842105263158	7.36304108921494	0.0178819933234123	0.145318089160344	0.103901712209978	MAPKAPK5	1
panel30	louvain	52	GOBP_REGULATION_OF_CARDIAC_MUSCLE_CELL_PROLIFERATION	GOBP_REGULATION_OF_CARDIAC_MUSCLE_CELL_PROLIFERATION	1/2	19/2116	0.0526315789473684	55.6842105263158	7.36304108921494	0.0178819933234123	0.145318089160344	0.103901712209978	MAPK11	1
panel30	louvain	52	GOBP_DENDRITIC_SPINE_DEVELOPMENT	GOBP_DENDRITIC_SPINE_DEVELOPMENT	1/2	21/2116	0.0476190476190476	50.3809523809524	6.9935033551852	0.0197549236482589	0.145318089160344	0.103901712209978	MAPKAPK5	1
panel30	louvain	52	GOBP_POSITIVE_REGULATION_OF_INTERLEUKIN_12_PRODUCTION	GOBP_POSITIVE_REGULATION_OF_INTERLEUKIN_12_PRODUCTION	1/2	23/2116	0.0434782608695652	46	6.67282153564063	0.0216260663994244	0.145318089160344	0.103901712209978	MAPK11	1
panel30	louvain	52	GOBP_REGULATION_OF_ERYTHROCYTE_DIFFERENTIATION	GOBP_REGULATION_OF_ERYTHROCYTE_DIFFERENTIATION	1/2	23/2116	0.0434782608695652	46	6.67282153564063	0.0216260663994244	0.145318089160344	0.103901712209978	MAPK11	1
panel30	louvain	52	GOBP_CARDIAC_MUSCLE_CELL_PROLIFERATION	GOBP_CARDIAC_MUSCLE_CELL_PROLIFERATION	1/2	25/2116	0.04	42.32	6.39103201329035	0.0234954215769081	0.145318089160344	0.103901712209978	MAPK11	1
panel30	louvain	52	GOBP_NEGATIVE_REGULATION_OF_DEVELOPMENTAL_GROWTH	GOBP_NEGATIVE_REGULATION_OF_DEVELOPMENTAL_GROWTH	1/2	25/2116	0.04	42.32	6.39103201329035	0.0234954215769081	0.145318089160344	0.103901712209978	MAPK11	1
panel30	louvain	53	GOBP_HEPATOCYTE_APOPTOTIC_PROCESS	GOBP_HEPATOCYTE_APOPTOTIC_PROCESS	2/2	10/2116	0.2	211.6	20.5280111832823	2.01102039174678e-05	0.00179227782281993	0.000609062500916843	PRKAA2/PRKAA1	2
panel30	louvain	53	GOBP_POSITIVE_REGULATION_OF_NUCLEOTIDE_CATABOLIC_PROCESS	GOBP_POSITIVE_REGULATION_OF_NUCLEOTIDE_CATABOLIC_PROCESS	2/2	11/2116	0.181818181818182	192.363636363636	19.5680432554897	2.45791381213494e-05	0.00179227782281993	0.000609062500916843	PRKAA2/PRKAA1	2
panel30	louvain	53	GOBP_STEROL_METABOLIC_PROCESS	GOBP_STEROL_METABOLIC_PROCESS	2/2	12/2116	0.166666666666667	176.333333333333	18.7305244170713	2.94949657456193e-05	0.00179227782281993	0.000609062500916843	PRKAA2/PRKAA1	2
panel30	louvain	53	GOBP_POSITIVE_REGULATION_OF_NUCLEOTIDE_METABOLIC_PROCESS	GOBP_POSITIVE_REGULATION_OF_NUCLEOTIDE_METABOLIC_PROCESS	2/2	15/2116	0.133333333333333	141.066666666667	16.7411423366521	4.6923809140758e-05	0.00179227782281993	0.000609062500916843	PRKAA2/PRKAA1	2
panel30	louvain	53	GOBP_REGULATION_OF_EPITHELIAL_CELL_APOPTOTIC_PROCESS	GOBP_REGULATION_OF_EPITHELIAL_CELL_APOPTOTIC_PROCESS	2/2	15/2116	0.133333333333333	141.066666666667	16.7411423366521	4.6923809140758e-05	0.00179227782281993	0.000609062500916843	PRKAA2/PRKAA1	2
panel30	louvain	53	GOBP_LIPID_HOMEOSTASIS	GOBP_LIPID_HOMEOSTASIS	2/2	16/2116	0.125	132.25	16.2056833297899	5.36272104465806e-05	0.00179227782281993	0.000609062500916843	PRKAA2/PRKAA1	2
panel30	louvain	53	GOBP_FATTY_ACID_BIOSYNTHETIC_PROCESS	GOBP_FATTY_ACID_BIOSYNTHETIC_PROCESS	2/2	17/2116	0.117647058823529	124.470588235294	15.7180784054037	6.07775051727913e-05	0.00179227782281993	0.000609062500916843	PRKAA2/PRKAA1	2
panel30	louvain	53	GOBP_REGULATION_OF_GLYCOLYTIC_PROCESS	GOBP_REGULATION_OF_GLYCOLYTIC_PROCESS	2/2	18/2116	0.111111111111111	117.555555555556	15.271587385329	6.83746933193902e-05	0.00179227782281993	0.000609062500916843	PRKAA2/PRKAA1	2
panel30	louvain	53	GOBP_ALCOHOL_BIOSYNTHETIC_PROCESS	GOBP_ALCOHOL_BIOSYNTHETIC_PROCESS	2/2	19/2116	0.105263157894737	111.368421052632	14.8607287431027	7.64187748863773e-05	0.00179227782281993	0.000609062500916843	PRKAA2/PRKAA1	2
panel30	louvain	53	GOBP_ENERGY_HOMEOSTASIS	GOBP_ENERGY_HOMEOSTASIS	2/2	19/2116	0.105263157894737	111.368421052632	14.8607287431027	7.64187748863773e-05	0.00179227782281993	0.000609062500916843	PRKAA2/PRKAA1	2
panel30	louvain	54	GOBP_NUCLEOSIDE_DIPHOSPHATE_CATABOLIC_PROCESS	GOBP_NUCLEOSIDE_DIPHOSPHATE_CATABOLIC_PROCESS	2/2	36/2116	0.0555555555555556	58.7777777777778	10.7522191940535	0.000281542854844548	0.00294246815985947	0.000878348704435662	HK1/HKDC1	2
panel30	louvain	54	GOBP_PYRIDINE_CONTAINING_COMPOUND_CATABOLIC_PROCESS	GOBP_PYRIDINE_CONTAINING_COMPOUND_CATABOLIC_PROCESS	2/2	36/2116	0.0555555555555556	58.7777777777778	10.7522191940535	0.000281542854844548	0.00294246815985947	0.000878348704435662	HK1/HKDC1	2
panel30	louvain	54	GOBP_RIBONUCLEOTIDE_CATABOLIC_PROCESS	GOBP_RIBONUCLEOTIDE_CATABOLIC_PROCESS	2/2	36/2116	0.0555555555555556	58.7777777777778	10.7522191940535	0.000281542854844548	0.00294246815985947	0.000878348704435662	HK1/HKDC1	2
panel30	louvain	54	GOBP_NUCLEOSIDE_PHOSPHATE_CATABOLIC_PROCESS	GOBP_NUCLEOSIDE_PHOSPHATE_CATABOLIC_PROCESS	2/2	37/2116	0.0540540540540541	57.1891891891892	10.6033738733369	0.000297631017978523	0.00294246815985947	0.000878348704435662	HK1/HKDC1	2
panel30	louvain	54	GOBP_PURINE_CONTAINING_COMPOUND_CATABOLIC_PROCESS	GOBP_PURINE_CONTAINING_COMPOUND_CATABOLIC_PROCESS	2/2	37/2116	0.0540540540540541	57.1891891891892	10.6033738733369	0.000297631017978523	0.00294246815985947	0.000878348704435662	HK1/HKDC1	2
panel30	louvain	54	GOBP_PYRIDINE_CONTAINING_COMPOUND_METABOLIC_PROCESS	GOBP_PYRIDINE_CONTAINING_COMPOUND_METABOLIC_PROCESS	2/2	38/2116	0.0526315789473684	55.6842105263158	10.4604089954047	0.000314166074532885	0.00294246815985947	0.000878348704435662	HK1/HKDC1	2
panel30	louvain	54	GOBP_NUCLEOSIDE_DIPHOSPHATE_METABOLIC_PROCESS	GOBP_NUCLEOSIDE_DIPHOSPHATE_METABOLIC_PROCESS	2/2	43/2116	0.0465116279069768	49.2093023255814	9.82161973447905	0.000403544758610519	0.00294246815985947	0.000878348704435662	HK1/HKDC1	2
panel30	louvain	54	GOBP_PYRUVATE_METABOLIC_PROCESS	GOBP_PYRUVATE_METABOLIC_PROCESS	2/2	43/2116	0.0465116279069768	49.2093023255814	9.82161973447905	0.000403544758610519	0.00294246815985947	0.000878348704435662	HK1/HKDC1	2
panel30	louvain	54	GOBP_ORGANOPHOSPHATE_CATABOLIC_PROCESS	GOBP_ORGANOPHOSPHATE_CATABOLIC_PROCESS	2/2	46/2116	0.0434782608695652	46	9.48907652623368	0.000462534690101757	0.00294246815985947	0.000878348704435662	HK1/HKDC1	2
panel30	louvain	54	GOBP_CARBOHYDRATE_DERIVATIVE_CATABOLIC_PROCESS	GOBP_CARBOHYDRATE_DERIVATIVE_CATABOLIC_PROCESS	2/2	47/2116	0.0425531914893617	45.0212765957447	9.38531835196038	0.000483091787439614	0.00294246815985947	0.000878348704435662	HK1/HKDC1	2
panel30	louvain	55	GOBP_REGULATION_OF_CANONICAL_WNT_SIGNALING_PATHWAY	GOBP_REGULATION_OF_CANONICAL_WNT_SIGNALING_PATHWAY	2/2	111/2116	0.018018018018018	19.0630630630631	6.01192274706895	0.00272828433146979	0.0637746703788614	0.0457712945302833	ZNRF3/RSPO1	2
panel30	louvain	55	GOBP_REGULATION_OF_WNT_SIGNALING_PATHWAY	GOBP_REGULATION_OF_WNT_SIGNALING_PATHWAY	2/2	132/2116	0.0151515151515152	16.030303030303	5.4840519542046	0.00386384051267613	0.0637746703788614	0.0457712945302833	ZNRF3/RSPO1	2
panel30	louvain	55	GOBP_CANONICAL_WNT_SIGNALING_PATHWAY	GOBP_CANONICAL_WNT_SIGNALING_PATHWAY	2/2	140/2116	0.0142857142857143	15.1142857142857	5.31431318087326	0.00434827298037692	0.0637746703788614	0.0457712945302833	ZNRF3/RSPO1	2
panel30	louvain	55	GOBP_WNT_SIGNALING_PATHWAY	GOBP_WNT_SIGNALING_PATHWAY	2/2	185/2116	0.0108108108108108	11.4378378378378	4.57007118549783	0.00760612601500668	0.0836673861650735	0.0600483632763685	ZNRF3/RSPO1	2
panel30	louvain	55	GOBP_REGULATION_OF_NON_CANONICAL_WNT_SIGNALING_PATHWAY	GOBP_REGULATION_OF_NON_CANONICAL_WNT_SIGNALING_PATHWAY	1/2	14/2116	0.0714285714285714	75.5714285714286	8.60870482867123	0.0131918468764384	0.103625646319608	0.0743724734351254	ZNRF3	1
panel30	louvain	55	GOBP_RECEPTOR_CATABOLIC_PROCESS	GOBP_RECEPTOR_CATABOLIC_PROCESS	1/2	15/2116	0.0666666666666667	70.5333333333333	8.31080983204576	0.0141307699526738	0.103625646319608	0.0743724734351254	ZNRF3	1
panel30	louvain	55	GOBP_RECEPTOR_METABOLIC_PROCESS	GOBP_RECEPTOR_METABOLIC_PROCESS	1/2	22/2116	0.0454545454545455	48.0909090909091	6.82775247786468	0.0206907184705517	0.113798951588034	0.0816738886995462	ZNRF3	1
panel30	louvain	55	GOBP_REGULATION_OF_RECEPTOR_INTERNALIZATION	GOBP_REGULATION_OF_RECEPTOR_INTERNALIZATION	1/2	22/2116	0.0454545454545455	48.0909090909091	6.82775247786468	0.0206907184705517	0.113798951588034	0.0816738886995462	RSPO1	1
panel30	louvain	55	GOBP_STEM_CELL_PROLIFERATION	GOBP_STEM_CELL_PROLIFERATION	1/2	26/2116	0.0384615384615385	40.6923076923077	6.26235340251159	0.0244294288255192	0.116913128388011	0.0839089438191469	ZNRF3	1
panel30	louvain	55	GOBP_REGULATION_OF_RECEPTOR_MEDIATED_ENDOCYTOSIS	GOBP_REGULATION_OF_RECEPTOR_MEDIATED_ENDOCYTOSIS	1/2	31/2116	0.032258064516129	34.1290322580645	5.71418450555904	0.0290927616672699	0.116913128388011	0.0839089438191469	RSPO1	1
panel30	louvain	56	GOBP_REGULATION_OF_ACTIN_FILAMENT_BASED_MOVEMENT	GOBP_REGULATION_OF_ACTIN_FILAMENT_BASED_MOVEMENT	2/2	11/2116	0.181818181818182	192.363636363636	19.5680432554897	2.45791381213494e-05	0.00217860542439234	0.000825576792401308	ATP2A1/ATP2A2	2
panel30	louvain	56	GOBP_SARCOPLASMIC_RETICULUM_CALCIUM_ION_TRANSPORT	GOBP_SARCOPLASMIC_RETICULUM_CALCIUM_ION_TRANSPORT	2/2	13/2116	0.153846153846154	162.769230769231	17.9914287139273	3.48576867902775e-05	0.00217860542439234	0.000825576792401308	ATP2A1/ATP2A2	2
panel30	louvain	56	GOBP_CARDIAC_MUSCLE_CELL_CONTRACTION	GOBP_CARDIAC_MUSCLE_CELL_CONTRACTION	2/2	20/2116	0.1	105.8	14.4809926639573	8.49097498737527e-05	0.00265342968355477	0.00100551019587339	ATP2A1/ATP2A2	2
panel30	louvain	56	GOBP_REGULATION_OF_CARDIAC_MUSCLE_CONTRACTION	GOBP_REGULATION_OF_CARDIAC_MUSCLE_CONTRACTION	2/2	20/2116	0.1	105.8	14.4809926639573	8.49097498737527e-05	0.00265342968355477	0.00100551019587339	ATP2A1/ATP2A2	2
panel30	louvain	56	GOBP_REGULATION_OF_STRIATED_MUSCLE_CONTRACTION	GOBP_REGULATION_OF_STRIATED_MUSCLE_CONTRACTION	2/2	24/2116	0.0833333333333333	88.1666666666667	13.2066573905874	0.000123342584027135	0.00279308387742607	0.00105843178512988	ATP2A1/ATP2A2	2
panel30	louvain	56	GOBP_CARDIAC_CONDUCTION	GOBP_CARDIAC_CONDUCTION	2/2	25/2116	0.08	84.64	12.936735662914	0.000134068026116452	0.00279308387742607	0.00105843178512988	ATP2A1/ATP2A2	2
panel30	louvain	56	GOBP_ACTIN_MEDIATED_CELL_CONTRACTION	GOBP_ACTIN_MEDIATED_CELL_CONTRACTION	2/2	30/2116	0.0666666666666667	70.5333333333333	11.795441930302	0.000194398637868855	0.00324696000750781	0.00123042695021349	ATP2A1/ATP2A2	2
panel30	louvain	56	GOBP_ACTIN_FILAMENT_BASED_MOVEMENT	GOBP_ACTIN_FILAMENT_BASED_MOVEMENT	2/2	31/2116	0.0645161290322581	68.258064516129	11.6008516982382	0.0002078054404805	0.00324696000750781	0.00123042695021349	ATP2A1/ATP2A2	2
panel30	louvain	56	GOBP_CARDIAC_MUSCLE_CONTRACTION	GOBP_CARDIAC_MUSCLE_CONTRACTION	2/2	42/2116	0.0476190476190476	50.3809523809524	9.94025265206388	0.000384775234954216	0.00525099768956102	0.00198985175604417	ATP2A1/ATP2A2	2
panel30	louvain	56	GOBP_REGULATION_OF_HEART_CONTRACTION	GOBP_REGULATION_OF_HEART_CONTRACTION	2/2	46/2116	0.0434782608695652	46	9.48907652623368	0.000462534690101757	0.00525099768956102	0.00198985175604417	ATP2A1/ATP2A2	2
panel30	louvain	57	GOBP_EXTERNAL_ENCAPSULATING_STRUCTURE_ORGANIZATION	GOBP_EXTERNAL_ENCAPSULATING_STRUCTURE_ORGANIZATION	2/2	156/2116	0.0128205128205128	13.5641025641026	5.01398959875099	0.00540294145249299	0.010805882904986	0.00568730679209789	COL9A3/COL9A1	2
panel30	louvain	57	GOBP_ANIMAL_ORGAN_MORPHOGENESIS	GOBP_ANIMAL_ORGAN_MORPHOGENESIS	1/2	296/2116	0.00337837837837838	3.57432432432432	1.46855803573477	0.260261790165664	0.260261790165664	0.136979889560876	COL9A1	1
panel30	louvain	58	GOBP_COLLAGEN_ACTIVATED_TYROSINE_KINASE_RECEPTOR_SIGNALING_PATHWAY	GOBP_COLLAGEN_ACTIVATED_TYROSINE_KINASE_RECEPTOR_SIGNALING_PATHWAY	2/2	10/2116	0.2	211.6	20.5280111832823	2.01102039174678e-05	0.000906299856547214	0.000513692226383036	COL4A1/COL4A2	2
panel30	louvain	58	GOBP_COLLAGEN_ACTIVATED_SIGNALING_PATHWAY	GOBP_COLLAGEN_ACTIVATED_SIGNALING_PATHWAY	2/2	13/2116	0.153846153846154	162.769230769231	17.9914287139273	3.48576867902775e-05	0.000906299856547214	0.000513692226383036	COL4A1/COL4A2	2
panel30	louvain	58	GOBP_COLLAGEN_FIBRIL_ORGANIZATION	GOBP_COLLAGEN_FIBRIL_ORGANIZATION	2/2	57/2116	0.0350877192982456	37.1228070175439	8.50175210625221	0.000713241898939522	0.0123628595816184	0.00700728883168653	COL4A1/COL4A2	2
panel30	louvain	58	GOBP_EXTERNAL_ENCAPSULATING_STRUCTURE_ORGANIZATION	GOBP_EXTERNAL_ENCAPSULATING_STRUCTURE_ORGANIZATION	2/2	156/2116	0.0128205128205128	13.5641025641026	5.01398959875099	0.00540294145249299	0.0702382388824089	0.0398111475446852	COL4A1/COL4A2	2
panel30	louvain	58	GOBP_RETINA_VASCULATURE_DEVELOPMENT_IN_CAMERA_TYPE_EYE	GOBP_RETINA_VASCULATURE_DEVELOPMENT_IN_CAMERA_TYPE_EYE	1/2	10/2116	0.1	105.8	10.2152686230199	0.00943168563729213	0.0819155639571518	0.0464298743076974	COL4A1	1
panel30	louvain	58	GOBP_BLOOD_VESSEL_MORPHOGENESIS	GOBP_BLOOD_VESSEL_MORPHOGENESIS	2/2	226/2116	0.00884955752212389	9.36283185840708	4.09066933066913	0.0113622652133693	0.0819155639571518	0.0464298743076974	COL4A1/COL4A2	2
panel30	louvain	58	GOBP_CELL_SURFACE_RECEPTOR_PROTEIN_TYROSINE_KINASE_SIGNALING_PATHWAY	GOBP_CELL_SURFACE_RECEPTOR_PROTEIN_TYROSINE_KINASE_SIGNALING_PATHWAY	2/2	236/2116	0.00847457627118644	8.96610169491525	3.99246038300726	0.012392354547364	0.0819155639571518	0.0464298743076974	COL4A1/COL4A2	2
panel30	louvain	58	GOBP_BRANCHING_INVOLVED_IN_BLOOD_VESSEL_MORPHOGENESIS	GOBP_BRANCHING_INVOLVED_IN_BLOOD_VESSEL_MORPHOGENESIS	1/2	16/2116	0.0625	66.125	8.04110572840052	0.0150692461354892	0.0819155639571518	0.0464298743076974	COL4A1	1
panel30	louvain	58	GOBP_VASCULATURE_DEVELOPMENT	GOBP_VASCULATURE_DEVELOPMENT	2/2	266/2116	0.0075187969924812	7.95488721804511	3.73046301048888	0.0157507586015811	0.0819155639571518	0.0464298743076974	COL4A1/COL4A2	2
panel30	louvain	58	GOBP_TUBE_MORPHOGENESIS	GOBP_TUBE_MORPHOGENESIS	2/2	303/2116	0.0066006600660066	6.98349834983498	3.460152818974	0.02044671466302	0.0819155639571518	0.0464298743076974	COL4A1/COL4A2	2
panel30	louvain	59	GOBP_EXTERNAL_ENCAPSULATING_STRUCTURE_ORGANIZATION	GOBP_EXTERNAL_ENCAPSULATING_STRUCTURE_ORGANIZATION	2/2	156/2116	0.0128205128205128	13.5641025641026	5.01398959875099	0.00540294145249299	0.101451956722841	0.0597524055886409	COL16A1/COL11A1	2
panel30	louvain	59	GOBP_DETECTION_OF_MECHANICAL_STIMULUS	GOBP_DETECTION_OF_MECHANICAL_STIMULUS	1/2	11/2116	0.0909090909090909	96.1818181818182	9.73289372375186	0.0103723962872094	0.101451956722841	0.0597524055886409	COL11A1	1
panel30	louvain	59	GOBP_PROTEOGLYCAN_METABOLIC_PROCESS	GOBP_PROTEOGLYCAN_METABOLIC_PROCESS	1/2	12/2116	0.0833333333333333	88.1666666666667	9.3118481655212	0.0113126600437063	0.101451956722841	0.0597524055886409	COL11A1	1
panel30	louvain	59	GOBP_CHONDROCYTE_DEVELOPMENT	GOBP_CHONDROCYTE_DEVELOPMENT	1/2	13/2116	0.0769230769230769	81.3846153846154	8.94010604187068	0.0122524769067824	0.101451956722841	0.0597524055886409	COL11A1	1
panel30	louvain	59	GOBP_DETECTION_OF_STIMULUS_INVOLVED_IN_SENSORY_PERCEPTION	GOBP_DETECTION_OF_STIMULUS_INVOLVED_IN_SENSORY_PERCEPTION	1/2	13/2116	0.0769230769230769	81.3846153846154	8.94010604187068	0.0122524769067824	0.101451956722841	0.0597524055886409	COL11A1	1
panel30	louvain	59	GOBP_POSITIVE_REGULATION_OF_FOCAL_ADHESION_ASSEMBLY	GOBP_POSITIVE_REGULATION_OF_FOCAL_ADHESION_ASSEMBLY	1/2	13/2116	0.0769230769230769	81.3846153846154	8.94010604187068	0.0122524769067824	0.101451956722841	0.0597524055886409	COL16A1	1
panel30	louvain	59	GOBP_VENTRICULAR_CARDIAC_MUSCLE_TISSUE_MORPHOGENESIS	GOBP_VENTRICULAR_CARDIAC_MUSCLE_TISSUE_MORPHOGENESIS	1/2	14/2116	0.0714285714285714	75.5714285714286	8.60870482867123	0.0131918468764384	0.101451956722841	0.0597524055886409	COL11A1	1
panel30	louvain	59	GOBP_SENSORY_PERCEPTION_OF_LIGHT_STIMULUS	GOBP_SENSORY_PERCEPTION_OF_LIGHT_STIMULUS	1/2	15/2116	0.0666666666666667	70.5333333333333	8.31080983204576	0.0141307699526738	0.101451956722841	0.0597524055886409	COL11A1	1
panel30	louvain	59	GOBP_POSITIVE_REGULATION_OF_CELL_SUBSTRATE_JUNCTION_ORGANIZATION	GOBP_POSITIVE_REGULATION_OF_CELL_SUBSTRATE_JUNCTION_ORGANIZATION	1/2	16/2116	0.0625	66.125	8.04110572840052	0.0150692461354892	0.101451956722841	0.0597524055886409	COL16A1	1
panel30	louvain	59	GOBP_DETECTION_OF_ABIOTIC_STIMULUS	GOBP_DETECTION_OF_ABIOTIC_STIMULUS	1/2	17/2116	0.0588235294117647	62.2352941176471	7.79538809910682	0.0160072754248839	0.101451956722841	0.0597524055886409	COL11A1	1
panel30	louvain	60	GOBP_PIECEMEAL_MICROAUTOPHAGY_OF_THE_NUCLEUS	GOBP_PIECEMEAL_MICROAUTOPHAGY_OF_THE_NUCLEUS	2/2	15/2116	0.133333333333333	141.066666666667	16.7411423366521	4.6923809140758e-05	0.00150156189250426	0.000705621190086587	ATG2A/ATG9A	2
panel30	louvain	60	GOBP_MICROAUTOPHAGY	GOBP_MICROAUTOPHAGY	2/2	16/2116	0.125	132.25	16.2056833297899	5.36272104465806e-05	0.00150156189250426	0.000705621190086587	ATG2A/ATG9A	2
panel30	louvain	60	GOBP_NUCLEOPHAGY	GOBP_NUCLEOPHAGY	2/2	20/2116	0.1	105.8	14.4809926639573	8.49097498737527e-05	0.00158498199764338	0.000744822367313621	ATG2A/ATG9A	2
panel30	louvain	60	GOBP_AUTOPHAGY_OF_MITOCHONDRION	GOBP_AUTOPHAGY_OF_MITOCHONDRION	2/2	52/2116	0.0384615384615385	40.6923076923077	8.911911536631	0.000592580675434716	0.00642334809571265	0.00301849064648151	ATG2A/ATG9A	2
panel30	louvain	60	GOBP_LIPID_LOCALIZATION	GOBP_LIPID_LOCALIZATION	2/2	55/2116	0.0363636363636364	38.4727272727273	8.65915160455733	0.000663636729276435	0.00642334809571265	0.00301849064648151	ATG2A/ATG9A	2
panel30	louvain	60	GOBP_AUTOPHAGOSOME_ORGANIZATION	GOBP_AUTOPHAGOSOME_ORGANIZATION	2/2	56/2116	0.0357142857142857	37.7857142857143	8.57940735550533	0.000688215867397784	0.00642334809571265	0.00301849064648151	ATG2A/ATG9A	2
panel30	louvain	60	GOBP_VACUOLE_ORGANIZATION	GOBP_VACUOLE_ORGANIZATION	2/2	78/2116	0.0256410256410256	27.1282051282051	7.23056909700474	0.00134202094142568	0.0107361675314054	0.0050451915091191	ATG2A/ATG9A	2
panel30	louvain	60	GOBP_MEMBRANE_ORGANIZATION	GOBP_MEMBRANE_ORGANIZATION	2/2	132/2116	0.0151515151515152	16.030303030303	5.4840519542046	0.00386384051267613	0.0270468835887329	0.0127100016864347	ATG2A/ATG9A	2
panel30	louvain	60	GOBP_MACROAUTOPHAGY	GOBP_MACROAUTOPHAGY	2/2	145/2116	0.0137931034482759	14.5931034482759	5.21527247375436	0.00466556730885251	0.0290301965884156	0.0136420096750073	ATG2A/ATG9A	2
panel30	louvain	60	GOBP_ORGANELLE_ASSEMBLY	GOBP_ORGANELLE_ASSEMBLY	2/2	184/2116	0.0108695652173913	11.5	4.58365943050249	0.00752389762565526	0.0381188170433231	0.0179129779338925	ATG2A/ATG9A	2
panel30	louvain	61	GOBP_NEGATIVE_REGULATION_OF_ENDOTHELIAL_CELL_APOPTOTIC_PROCESS	GOBP_NEGATIVE_REGULATION_OF_ENDOTHELIAL_CELL_APOPTOTIC_PROCESS	2/2	12/2116	0.166666666666667	176.333333333333	18.7305244170713	2.94949657456193e-05	0.00469707329498988	0.00265407650297902	ANGPT1/TEK	2
panel30	louvain	61	GOBP_REGULATION_OF_VASCULAR_PERMEABILITY	GOBP_REGULATION_OF_VASCULAR_PERMEABILITY	2/2	14/2116	0.142857142857143	151.142857142857	17.3328520592595	4.06673012553236e-05	0.00469707329498988	0.00265407650297902	ANGPT1/TEK	2
panel30	louvain	61	GOBP_RENAL_SYSTEM_VASCULATURE_DEVELOPMENT	GOBP_RENAL_SYSTEM_VASCULATURE_DEVELOPMENT	2/2	20/2116	0.1	105.8	14.4809926639573	8.49097498737527e-05	0.00653805074027896	0.00369431894187556	ANGPT1/TEK	2
panel30	louvain	61	GOBP_ENDOTHELIAL_CELL_APOPTOTIC_PROCESS	GOBP_ENDOTHELIAL_CELL_APOPTOTIC_PROCESS	2/2	30/2116	0.0666666666666667	70.5333333333333	11.795441930302	0.000194398637868855	0.0112265213369264	0.00634353449887842	ANGPT1/TEK	2
panel30	louvain	61	GOBP_GLOMERULUS_DEVELOPMENT	GOBP_GLOMERULUS_DEVELOPMENT	2/2	35/2116	0.0571428571428571	60.4571428571429	10.9073615764306	0.000265901585130962	0.0122846532330505	0.00694143085394512	ANGPT1/TEK	2
panel30	louvain	61	GOBP_SPROUTING_ANGIOGENESIS	GOBP_SPROUTING_ANGIOGENESIS	2/2	47/2116	0.0425531914893617	45.0212765957447	9.38531835196038	0.000483091787439614	0.0185990338164251	0.0105093652004407	ANGPT1/TEK	2
panel30	louvain	61	GOBP_POSITIVE_REGULATION_OF_ENDOTHELIAL_CELL_MIGRATION	GOBP_POSITIVE_REGULATION_OF_ENDOTHELIAL_CELL_MIGRATION	2/2	53/2116	0.0377358490566038	39.9245283018868	8.82529784652815	0.000615819133294901	0.019872233171111	0.0112287852049112	ANGPT1/TEK	2
panel30	louvain	61	GOBP_VASCULAR_PROCESS_IN_CIRCULATORY_SYSTEM	GOBP_VASCULAR_PROCESS_IN_CIRCULATORY_SYSTEM	2/2	56/2116	0.0357142857142857	37.7857142857143	8.57940735550533	0.000688215867397784	0.019872233171111	0.0112287852049112	ANGPT1/TEK	2
panel30	louvain	61	GOBP_ENDOTHELIAL_CELL_PROLIFERATION	GOBP_ENDOTHELIAL_CELL_PROLIFERATION	2/2	64/2116	0.03125	33.0625	8.00970245958065	0.000900937135502555	0.0221433455335237	0.0125120749426154	ANGPT1/TEK	2
panel30	louvain	61	GOBP_NEPHRON_DEVELOPMENT	GOBP_NEPHRON_DEVELOPMENT	2/2	66/2116	0.0303030303030303	32.0606060606061	7.88356504042582	0.000958586386732628	0.0221433455335237	0.0125120749426154	ANGPT1/TEK	2
panel30	louvain	62	GOBP_ICOSANOID_SECRETION	GOBP_ICOSANOID_SECRETION	2/2	10/2116	0.2	211.6	20.5280111832823	2.01102039174678e-05	0.000867785769044668	0.000343829961714919	TNFRSF11A/TNFSF11	2
panel30	louvain	62	GOBP_ICOSANOID_TRANSPORT	GOBP_ICOSANOID_TRANSPORT	2/2	10/2116	0.2	211.6	20.5280111832823	2.01102039174678e-05	0.000867785769044668	0.000343829961714919	TNFRSF11A/TNFSF11	2
panel30	louvain	62	GOBP_POSITIVE_REGULATION_OF_ORGANIC_ACID_TRANSPORT	GOBP_POSITIVE_REGULATION_OF_ORGANIC_ACID_TRANSPORT	2/2	10/2116	0.2	211.6	20.5280111832823	2.01102039174678e-05	0.000867785769044668	0.000343829961714919	TNFRSF11A/TNFSF11	2
panel30	louvain	62	GOBP_POSITIVE_REGULATION_OF_OSTEOCLAST_DIFFERENTIATION	GOBP_POSITIVE_REGULATION_OF_OSTEOCLAST_DIFFERENTIATION	2/2	11/2116	0.181818181818182	192.363636363636	19.5680432554897	2.45791381213494e-05	0.000867785769044668	0.000343829961714919	TNFRSF11A/TNFSF11	2
panel30	louvain	62	GOBP_LIPID_EXPORT_FROM_CELL	GOBP_LIPID_EXPORT_FROM_CELL	2/2	13/2116	0.153846153846154	162.769230769231	17.9914287139273	3.48576867902775e-05	0.000867785769044668	0.000343829961714919	TNFRSF11A/TNFSF11	2
panel30	louvain	62	GOBP_POSITIVE_REGULATION_OF_ACUTE_INFLAMMATORY_RESPONSE	GOBP_POSITIVE_REGULATION_OF_ACUTE_INFLAMMATORY_RESPONSE	2/2	13/2116	0.153846153846154	162.769230769231	17.9914287139273	3.48576867902775e-05	0.000867785769044668	0.000343829961714919	TNFRSF11A/TNFSF11	2
panel30	louvain	62	GOBP_REGULATION_OF_FATTY_ACID_TRANSPORT	GOBP_REGULATION_OF_FATTY_ACID_TRANSPORT	2/2	13/2116	0.153846153846154	162.769230769231	17.9914287139273	3.48576867902775e-05	0.000867785769044668	0.000343829961714919	TNFRSF11A/TNFSF11	2
panel30	louvain	62	GOBP_MAMMARY_GLAND_ALVEOLUS_DEVELOPMENT	GOBP_MAMMARY_GLAND_ALVEOLUS_DEVELOPMENT	2/2	14/2116	0.142857142857143	151.142857142857	17.3328520592595	4.06673012553236e-05	0.000867785769044668	0.000343829961714919	TNFRSF11A/TNFSF11	2
panel30	louvain	62	GOBP_ACUTE_PHASE_RESPONSE	GOBP_ACUTE_PHASE_RESPONSE	2/2	15/2116	0.133333333333333	141.066666666667	16.7411423366521	4.6923809140758e-05	0.000867785769044668	0.000343829961714919	TNFRSF11A/TNFSF11	2
panel30	louvain	62	GOBP_POSITIVE_REGULATION_OF_LIPID_TRANSPORT	GOBP_POSITIVE_REGULATION_OF_LIPID_TRANSPORT	2/2	16/2116	0.125	132.25	16.2056833297899	5.36272104465806e-05	0.000867785769044668	0.000343829961714919	TNFRSF11A/TNFSF11	2
panel30	louvain	63	GOBP_REGULATION_OF_LONG_TERM_SYNAPTIC_POTENTIATION	GOBP_REGULATION_OF_LONG_TERM_SYNAPTIC_POTENTIATION	1/2	11/2116	0.0909090909090909	96.1818181818182	9.73289372375186	0.0103723962872094	0.108537144663869	0.0728727343973629	PRNP	1
panel30	louvain	63	GOBP_GLUTAMATE_RECEPTOR_SIGNALING_PATHWAY	GOBP_GLUTAMATE_RECEPTOR_SIGNALING_PATHWAY	1/2	12/2116	0.0833333333333333	88.1666666666667	9.3118481655212	0.0113126600437063	0.108537144663869	0.0728727343973629	PRNP	1
panel30	louvain	63	GOBP_LONG_TERM_MEMORY	GOBP_LONG_TERM_MEMORY	1/2	12/2116	0.0833333333333333	88.1666666666667	9.3118481655212	0.0113126600437063	0.108537144663869	0.0728727343973629	PRNP	1
panel30	louvain	63	GOBP_NEGATIVE_REGULATION_OF_T_CELL_RECEPTOR_SIGNALING_PATHWAY	GOBP_NEGATIVE_REGULATION_OF_T_CELL_RECEPTOR_SIGNALING_PATHWAY	1/2	12/2116	0.0833333333333333	88.1666666666667	9.3118481655212	0.0113126600437063	0.108537144663869	0.0728727343973629	PRNP	1
panel30	louvain	63	GOBP_RESPONSE_TO_COPPER_ION	GOBP_RESPONSE_TO_COPPER_ION	1/2	12/2116	0.0833333333333333	88.1666666666667	9.3118481655212	0.0113126600437063	0.108537144663869	0.0728727343973629	PRNP	1
panel30	louvain	63	GOBP_CELLULAR_COMPONENT_MAINTENANCE	GOBP_CELLULAR_COMPONENT_MAINTENANCE	1/2	13/2116	0.0769230769230769	81.3846153846154	8.94010604187068	0.0122524769067824	0.108537144663869	0.0728727343973629	PRNP	1
panel30	louvain	63	GOBP_NEGATIVE_REGULATION_OF_ANTIGEN_RECEPTOR_MEDIATED_SIGNALING_PATHWAY	GOBP_NEGATIVE_REGULATION_OF_ANTIGEN_RECEPTOR_MEDIATED_SIGNALING_PATHWAY	1/2	13/2116	0.0769230769230769	81.3846153846154	8.94010604187068	0.0122524769067824	0.108537144663869	0.0728727343973629	PRNP	1
panel30	louvain	63	GOBP_AMYLOID_BETA_FORMATION	GOBP_AMYLOID_BETA_FORMATION	1/2	14/2116	0.0714285714285714	75.5714285714286	8.60870482867123	0.0131918468764384	0.108537144663869	0.0728727343973629	PRNP	1
panel30	louvain	63	GOBP_PROTEIN_TARGETING_TO_MEMBRANE	GOBP_PROTEIN_TARGETING_TO_MEMBRANE	1/2	14/2116	0.0714285714285714	75.5714285714286	8.60870482867123	0.0131918468764384	0.108537144663869	0.0728727343973629	PRNP	1
panel30	louvain	63	GOBP_REGULATION_OF_CALCINEURIN_MEDIATED_SIGNALING	GOBP_REGULATION_OF_CALCINEURIN_MEDIATED_SIGNALING	1/2	14/2116	0.0714285714285714	75.5714285714286	8.60870482867123	0.0131918468764384	0.108537144663869	0.0728727343973629	PRNP	1
panel30	louvain	64	GOBP_NEUROTROPHIN_TRK_RECEPTOR_SIGNALING_PATHWAY	GOBP_NEUROTROPHIN_TRK_RECEPTOR_SIGNALING_PATHWAY	1/2	10/2116	0.1	105.8	10.2152686230199	0.00943168563729213	0.151042244835027	0.117610399727347	NTRK1	1
panel30	louvain	64	GOBP_RESPONSE_TO_PAIN	GOBP_RESPONSE_TO_PAIN	1/2	10/2116	0.1	105.8	10.2152686230199	0.00943168563729213	0.151042244835027	0.117610399727347	NTRK1	1
panel30	louvain	64	GOBP_DETECTION_OF_MECHANICAL_STIMULUS	GOBP_DETECTION_OF_MECHANICAL_STIMULUS	1/2	11/2116	0.0909090909090909	96.1818181818182	9.73289372375186	0.0103723962872094	0.151042244835027	0.117610399727347	NTRK1	1
panel30	louvain	64	GOBP_POSITIVE_REGULATION_OF_SYNAPSE_ASSEMBLY	GOBP_POSITIVE_REGULATION_OF_SYNAPSE_ASSEMBLY	1/2	11/2116	0.0909090909090909	96.1818181818182	9.73289372375186	0.0103723962872094	0.151042244835027	0.117610399727347	NTRK1	1
panel30	louvain	64	GOBP_REGULATION_OF_SYNAPTIC_TRANSMISSION_GLUTAMATERGIC	GOBP_REGULATION_OF_SYNAPTIC_TRANSMISSION_GLUTAMATERGIC	1/2	11/2116	0.0909090909090909	96.1818181818182	9.73289372375186	0.0103723962872094	0.151042244835027	0.117610399727347	NTRK1	1
panel30	louvain	64	GOBP_SENSORY_PERCEPTION_OF_PAIN	GOBP_SENSORY_PERCEPTION_OF_PAIN	1/2	11/2116	0.0909090909090909	96.1818181818182	9.73289372375186	0.0103723962872094	0.151042244835027	0.117610399727347	NTRK1	1
panel30	louvain	64	GOBP_DETECTION_OF_STIMULUS_INVOLVED_IN_SENSORY_PERCEPTION	GOBP_DETECTION_OF_STIMULUS_INVOLVED_IN_SENSORY_PERCEPTION	1/2	13/2116	0.0769230769230769	81.3846153846154	8.94010604187068	0.0122524769067824	0.151042244835027	0.117610399727347	NTRK1	1
panel30	louvain	64	GOBP_MECHANORECEPTOR_DIFFERENTIATION	GOBP_MECHANORECEPTOR_DIFFERENTIATION	1/2	13/2116	0.0769230769230769	81.3846153846154	8.94010604187068	0.0122524769067824	0.151042244835027	0.117610399727347	NTRK1	1
panel30	louvain	64	GOBP_SYNAPTIC_TRANSMISSION_GLUTAMATERGIC	GOBP_SYNAPTIC_TRANSMISSION_GLUTAMATERGIC	1/2	13/2116	0.0769230769230769	81.3846153846154	8.94010604187068	0.0122524769067824	0.151042244835027	0.117610399727347	NTRK1	1
panel30	louvain	64	GOBP_POSITIVE_REGULATION_OF_GTPASE_ACTIVITY	GOBP_POSITIVE_REGULATION_OF_GTPASE_ACTIVITY	1/2	15/2116	0.0666666666666667	70.5333333333333	8.31080983204576	0.0141307699526738	0.151042244835027	0.117610399727347	NTRK1	1
panel30	louvain	65	GOBP_EOSINOPHIL_CHEMOTAXIS	GOBP_EOSINOPHIL_CHEMOTAXIS	2/2	10/2116	0.2	211.6	20.5280111832823	2.01102039174678e-05	0.00154029265560456	0.000681316460205825	CCL4/CCL3	2
panel30	louvain	65	GOBP_REGULATION_OF_LYMPHOCYTE_CHEMOTAXIS	GOBP_REGULATION_OF_LYMPHOCYTE_CHEMOTAXIS	2/2	10/2116	0.2	211.6	20.5280111832823	2.01102039174678e-05	0.00154029265560456	0.000681316460205825	CCL4/CCL3	2
panel30	louvain	65	GOBP_EOSINOPHIL_MIGRATION	GOBP_EOSINOPHIL_MIGRATION	2/2	11/2116	0.181818181818182	192.363636363636	19.5680432554897	2.45791381213494e-05	0.00154029265560456	0.000681316460205825	CCL4/CCL3	2
panel30	louvain	65	GOBP_LYMPHOCYTE_CHEMOTAXIS	GOBP_LYMPHOCYTE_CHEMOTAXIS	2/2	17/2116	0.117647058823529	124.470588235294	15.7180784054037	6.07775051727913e-05	0.00252047889098929	0.00111488148033681	CCL4/CCL3	2
panel30	louvain	65	GOBP_HOST_MEDIATED_PERTURBATION_OF_VIRAL_PROCESS	GOBP_HOST_MEDIATED_PERTURBATION_OF_VIRAL_PROCESS	2/2	18/2116	0.111111111111111	117.555555555556	15.271587385329	6.83746933193902e-05	0.00252047889098929	0.00111488148033681	CCL4/CCL3	2
panel30	louvain	65	GOBP_POSITIVE_REGULATION_OF_CALCIUM_MEDIATED_SIGNALING	GOBP_POSITIVE_REGULATION_OF_CALCIUM_MEDIATED_SIGNALING	2/2	20/2116	0.1	105.8	14.4809926639573	8.49097498737527e-05	0.00252047889098929	0.00111488148033681	CCL4/CCL3	2
panel30	louvain	65	GOBP_POSITIVE_REGULATION_OF_LYMPHOCYTE_MIGRATION	GOBP_POSITIVE_REGULATION_OF_LYMPHOCYTE_MIGRATION	2/2	21/2116	0.0952380952380952	100.761904761905	14.1286302112951	9.38476182815161e-05	0.00252047889098929	0.00111488148033681	CCL4/CCL3	2
panel30	louvain	65	GOBP_RESPONSE_TO_CHEMOKINE	GOBP_RESPONSE_TO_CHEMOKINE	2/2	24/2116	0.0833333333333333	88.1666666666667	13.2066573905874	0.000123342584027135	0.00289855072463768	0.00128211370238733	CCL4/CCL3	2
panel30	louvain	65	GOBP_REGULATION_OF_LYMPHOCYTE_MIGRATION	GOBP_REGULATION_OF_LYMPHOCYTE_MIGRATION	2/2	27/2116	0.0740740740740741	78.3703703703704	12.4424249574012	0.000156859590556248	0.00320553212802741	0.00141790054935143	CCL4/CCL3	2
panel30	louvain	65	GOBP_REGULATION_OF_CALCIUM_MEDIATED_SIGNALING	GOBP_REGULATION_OF_CALCIUM_MEDIATED_SIGNALING	2/2	30/2116	0.0666666666666667	70.5333333333333	11.795441930302	0.000194398637868855	0.00320553212802741	0.00141790054935143	CCL4/CCL3	2
panel30	louvain	66	GOBP_CYTOPLASMIC_TRANSLATION	GOBP_CYTOPLASMIC_TRANSLATION	48/57	58/2116	0.827586206896552	30.7223230490018	38.1802266455192	2.26673473158917e-78	1.10843328374711e-75	1.10843328374711e-75	RPS18/EIF3C/RPS23/RPS21/RPS13/RPSA/EIF3B/RPS11/DHX9/RPS9/RPS4X/RPS28/EIF3M/RPS12/EIF2S3/RPS14/EIF4G1/RPS27/EIF3L/RPS5/RPS24/EIF3A/FAU/RPS19/EIF3F/EIF4A1/EIF2S2/EIF3D/EIF3J/EIF3E/RPS15A/EIF3K/RPS8/RPS15/EIF3H/RPS17/RPS25/RPS20/RPS3/RPS3A/RPS10/RPS2/EIF3G/RPS26/RPS7/RPS29/RPS16/EIF3I	48
panel30	louvain	66	GOBP_TRANSLATION	GOBP_TRANSLATION	54/57	119/2116	0.453781512605042	16.8456435205661	29.5977549387027	9.40893519920469e-70	2.30048465620555e-67	2.30048465620555e-67	RPS18/EIF3C/RPS23/RPS21/RPS13/RPSA/EIF3B/RPS11/DHX9/RPS9/RPS4X/RPS28/EIF3M/RPS12/EIF4G2/EIF2S3/RPS14/EIF4G1/RPS27/EIF3L/RPS5/RPS24/EIF3A/TARBP2/FAU/RPS19/EIF3F/EIF4A1/RPS27L/EIF2S2/EIF3D/EIF3J/EIF3E/RPS15A/EIF3K/RPS8/RPS15/EIF3H/RPS17/RPS25/RPS20/RPS3/RPS3A/EIF1AX/RPS10/EIF4G3/RPS2/EIF3G/RPS26/EIF4A3/RPS7/RPS29/RPS16/EIF3I	54
panel30	louvain	66	GOBP_RIBONUCLEOPROTEIN_COMPLEX_BIOGENESIS	GOBP_RIBONUCLEOPROTEIN_COMPLEX_BIOGENESIS	44/57	63/2116	0.698412698412698	25.9270398217767	33.4126520355868	2.64745214680858e-64	4.31534699929798e-62	4.31534699929798e-62	EIF3C/RPS23/RPS21/RPS13/RPSA/EIF3B/RPS11/DHX9/RPS9/RPS4X/RPS28/EIF3M/RPS12/EIF2S3/RPS14/ADAR/RPS27/EIF3L/RPS5/RPS24/EIF3A/TARBP2/FAU/RPS19/EIF3F/RPS27L/EIF2S2/EIF3D/EIF3J/EIF3E/RPS15A/EIF3K/RPS8/RPS15/EIF3H/RPS17/RPS25/RPS3A/EIF1AX/EIF3G/EIF4A3/RPS7/RPS16/EIF3I	44
panel30	louvain	66	GOBP_RIBOSOMAL_SMALL_SUBUNIT_BIOGENESIS	GOBP_RIBOSOMAL_SMALL_SUBUNIT_BIOGENESIS	24/57	28/2116	0.857142857142857	31.8195488721805	27.3089175493714	1.57847765273192e-36	1.92968893046477e-34	1.92968893046477e-34	RPS23/RPS21/RPS13/RPSA/RPS11/RPS9/RPS4X/RPS28/RPS12/RPS14/RPS27/RPS5/RPS24/FAU/RPS19/RPS27L/RPS15A/RPS8/RPS15/RPS17/RPS25/RPS3A/RPS7/RPS16	24
panel30	louvain	66	GOBP_RIBOSOME_BIOGENESIS	GOBP_RIBOSOME_BIOGENESIS	26/57	36/2116	0.722222222222222	26.8109161793372	25.9828893432094	4.35349094989317e-36	4.25771414899552e-34	4.25771414899552e-34	RPS23/RPS21/RPS13/RPSA/RPS11/RPS9/RPS4X/RPS28/RPS12/RPS14/RPS27/RPS5/RPS24/FAU/RPS19/RPS27L/RPS15A/RPS8/RPS15/RPS17/RPS25/RPS3A/EIF1AX/EIF4A3/RPS7/RPS16	26
panel30	louvain	66	GOBP_PROTEIN_RNA_COMPLEX_ORGANIZATION	GOBP_PROTEIN_RNA_COMPLEX_ORGANIZATION	26/57	39/2116	0.666666666666667	24.7485380116959	24.9009189510413	1.33209360005217e-34	1.08565628404252e-32	1.08565628404252e-32	EIF3C/RPSA/EIF3B/DHX9/RPS28/EIF3M/EIF2S3/RPS14/ADAR/RPS27/EIF3L/EIF3A/TARBP2/FAU/RPS19/EIF3F/RPS27L/EIF2S2/EIF3D/EIF3J/EIF3E/EIF3K/RPS15/EIF3H/EIF3G/EIF3I	26
panel30	louvain	66	GOBP_TRANSLATIONAL_INITIATION	GOBP_TRANSLATIONAL_INITIATION	24/57	51/2116	0.470588235294118	17.46955624355	19.8048427339262	1.2432016635053e-26	8.68465162077276e-25	8.68465162077275e-25	EIF3C/EIF3B/EIF3M/EIF4G2/EIF2S3/EIF4G1/EIF3L/RPS5/EIF3A/EIF3F/EIF4A1/EIF2S2/EIF3D/EIF3J/EIF3E/EIF3K/EIF3H/RPS17/RPS3/RPS3A/EIF1AX/EIF4G3/EIF3G/EIF3I	24
panel30	louvain	66	GOBP_CYTOPLASMIC_TRANSLATIONAL_INITIATION	GOBP_CYTOPLASMIC_TRANSLATIONAL_INITIATION	18/57	23/2116	0.782608695652174	29.0526315789474	22.501804767547	9.09336209282142e-26	5.55831757923709e-24	5.55831757923709e-24	EIF3C/EIF3B/EIF3M/EIF2S3/EIF4G1/EIF3L/EIF3A/EIF3F/EIF4A1/EIF2S2/EIF3D/EIF3J/EIF3E/EIF3K/EIF3H/RPS3/EIF3G/EIF3I	18
panel30	louvain	66	GOBP_FORMATION_OF_CYTOPLASMIC_TRANSLATION_INITIATION_COMPLEX	GOBP_FORMATION_OF_CYTOPLASMIC_TRANSLATION_INITIATION_COMPLEX	13/57	13/2116	1	37.1228070175439	21.7319136703872	9.27857333240967e-22	5.04135817727592e-20	5.04135817727592e-20	EIF3C/EIF3B/EIF3M/EIF3L/EIF3A/EIF3F/EIF3D/EIF3J/EIF3E/EIF3K/EIF3H/EIF3G/EIF3I	13
panel30	louvain	66	GOBP_RRNA_PROCESSING	GOBP_RRNA_PROCESSING	13/57	19/2116	0.68421052631579	25.3998153277932	17.7716832869369	2.2376686305352e-17	1.09421996033171e-15	1.09421996033171e-15	RPS21/RPS28/RPS14/RPS27/RPS24/RPS19/RPS8/RPS15/RPS17/RPS25/EIF4A3/RPS7/RPS16	13
panel30	louvain	67	GOBP_ESTABLISHMENT_OF_RNA_LOCALIZATION	GOBP_ESTABLISHMENT_OF_RNA_LOCALIZATION	24/29	42/2116	0.571428571428571	41.6945812807882	31.3942284113148	4.38979327855248e-40	1.53203785421482e-37	1.53203785421482e-37	NUP35/NUP160/NUP58/NUP54/NUP205/NDC1/NUP210/NUP107/NUP62/NUP43/RANBP2/NUP37/NUP153/NUP188/POM121/NUP88/NUP98/NUP155/NUP85/NUP133/POM121C/KPNB1/NUP214/NUP50	24
panel30	louvain	67	GOBP_RNA_LOCALIZATION	GOBP_RNA_LOCALIZATION	24/29	44/2116	0.545454545454545	39.7993730407524	30.6513163794786	2.17555158873093e-39	3.08474768470708e-37	3.08474768470708e-37	NUP35/NUP160/NUP58/NUP54/NUP205/NDC1/NUP210/NUP107/NUP62/NUP43/RANBP2/NUP37/NUP153/NUP188/POM121/NUP88/NUP98/NUP155/NUP85/NUP133/POM121C/KPNB1/NUP214/NUP50	24
panel30	louvain	67	GOBP_MRNA_TRANSPORT	GOBP_MRNA_TRANSPORT	23/29	37/2116	0.621621621621622	45.3569431500466	32.0795440387903	2.65164557424678e-39	3.08474768470708e-37	3.08474768470708e-37	NUP35/NUP160/NUP58/NUP54/NUP205/NDC1/NUP210/NUP107/NUP62/NUP43/RANBP2/NUP37/NUP153/NUP188/POM121/NUP88/NUP98/NUP155/NUP85/NUP133/POM121C/NUP214/NUP50	23
panel30	louvain	67	GOBP_NUCLEOBASE_CONTAINING_COMPOUND_TRANSPORT	GOBP_NUCLEOBASE_CONTAINING_COMPOUND_TRANSPORT	24/29	45/2116	0.533333333333333	38.9149425287356	30.298391271066	4.65110132628109e-39	4.05808590718025e-37	4.05808590718025e-37	NUP35/NUP160/NUP58/NUP54/NUP205/NDC1/NUP210/NUP107/NUP62/NUP43/RANBP2/NUP37/NUP153/NUP188/POM121/NUP88/NUP98/NUP155/NUP85/NUP133/POM121C/KPNB1/NUP214/NUP50	24
panel30	louvain	67	GOBP_NUCLEAR_TRANSPORT	GOBP_NUCLEAR_TRANSPORT	29/29	116/2116	0.25	18.2413793103448	22.5101797766988	7.0880748955769e-39	4.94747627711268e-37	4.94747627711268e-37	NUP35/NUP160/NUP58/KPNA3/NUP54/KPNA1/NUP205/NDC1/NUP210/NUP107/NUP62/NUP43/RANBP2/NUP37/NUP153/NUP188/POM121/SUMO1/NUP88/NUP98/NUP155/KPNA4/NUP85/NUP133/KPNA2/POM121C/KPNB1/NUP214/NUP50	29
panel30	louvain	67	GOBP_IMPORT_INTO_NUCLEUS	GOBP_IMPORT_INTO_NUCLEUS	23/29	77/2116	0.298701298701299	21.794894760412	21.9071779896438	9.44614374643762e-30	5.49450694584455e-28	5.49450694584455e-28	NUP35/NUP58/KPNA3/NUP54/KPNA1/NUP107/NUP62/RANBP2/NUP153/NUP188/POM121/SUMO1/NUP88/NUP98/NUP155/KPNA4/NUP85/NUP133/KPNA2/POM121C/KPNB1/NUP214/NUP50	23
panel30	louvain	67	GOBP_INTRACELLULAR_TRANSPORT	GOBP_INTRACELLULAR_TRANSPORT	29/29	229/2116	0.126637554585153	9.24017467248908	15.5618480052448	1.88329045066117e-29	9.38954810401067e-28	9.38954810401067e-28	NUP35/NUP160/NUP58/KPNA3/NUP54/KPNA1/NUP205/NDC1/NUP210/NUP107/NUP62/NUP43/RANBP2/NUP37/NUP153/NUP188/POM121/SUMO1/NUP88/NUP98/NUP155/KPNA4/NUP85/NUP133/KPNA2/POM121C/KPNB1/NUP214/NUP50	29
panel30	louvain	67	GOBP_PROTEIN_TRANSPORT	GOBP_PROTEIN_TRANSPORT	29/29	254/2116	0.114173228346457	8.33070866141732	14.6779681264816	4.59426280700706e-28	2.00424714955683e-26	2.00424714955683e-26	NUP35/NUP160/NUP58/KPNA3/NUP54/KPNA1/NUP205/NDC1/NUP210/NUP107/NUP62/NUP43/RANBP2/NUP37/NUP153/NUP188/POM121/SUMO1/NUP88/NUP98/NUP155/KPNA4/NUP85/NUP133/KPNA2/POM121C/KPNB1/NUP214/NUP50	29
panel30	louvain	67	GOBP_NITROGEN_COMPOUND_TRANSPORT	GOBP_NITROGEN_COMPOUND_TRANSPORT	29/29	295/2116	0.0983050847457627	7.1728813559322	13.4690487615324	4.47349893172443e-26	1.73472347463536e-24	1.73472347463536e-24	NUP35/NUP160/NUP58/KPNA3/NUP54/KPNA1/NUP205/NDC1/NUP210/NUP107/NUP62/NUP43/RANBP2/NUP37/NUP153/NUP188/POM121/SUMO1/NUP88/NUP98/NUP155/KPNA4/NUP85/NUP133/KPNA2/POM121C/KPNB1/NUP214/NUP50	29
panel30	louvain	67	GOBP_ESTABLISHMENT_OF_PROTEIN_LOCALIZATION	GOBP_ESTABLISHMENT_OF_PROTEIN_LOCALIZATION	29/29	310/2116	0.0935483870967742	6.8258064516129	13.0849174268654	2.02383912501985e-25	7.06319854631927e-24	7.06319854631927e-24	NUP35/NUP160/NUP58/KPNA3/NUP54/KPNA1/NUP205/NDC1/NUP210/NUP107/NUP62/NUP43/RANBP2/NUP37/NUP153/NUP188/POM121/SUMO1/NUP88/NUP98/NUP155/KPNA4/NUP85/NUP133/KPNA2/POM121C/KPNB1/NUP214/NUP50	29
panel30	louvain	68	GOBP_INTERSTRAND_CROSS_LINK_REPAIR	GOBP_INTERSTRAND_CROSS_LINK_REPAIR	10/10	16/2116	0.625	132.25	36.3057705380147	1.64960611517661e-23	1.33618095329305e-21	8.33485195036603e-22	CENPX/FAAP20/FANCA/FAAP100/FANCL/FANCM/CENPS/FANCG/FANCE/FAAP24	10
panel30	louvain	68	GOBP_DNA_REPAIR	GOBP_DNA_REPAIR	10/10	160/2116	0.0625	13.225	11.0802723746953	4.68442176665143e-12	1.89719081549383e-10	1.18343286736457e-10	CENPX/FAAP20/FANCA/FAAP100/FANCL/FANCM/CENPS/FANCG/FANCE/FAAP24	10
panel30	louvain	68	GOBP_DNA_METABOLIC_PROCESS	GOBP_DNA_METABOLIC_PROCESS	10/10	252/2116	0.0396825396825397	8.3968253968254	8.61883737041667	4.89274637749665e-10	1.3210415219241e-08	8.24041495157331e-09	CENPX/FAAP20/FANCA/FAAP100/FANCL/FANCM/CENPS/FANCG/FANCE/FAAP24	10
panel30	louvain	68	GOBP_DNA_DAMAGE_RESPONSE	GOBP_DNA_DAMAGE_RESPONSE	10/10	277/2116	0.036101083032491	7.63898916967509	8.16539093875085	1.28090508124906e-09	2.59383278952935e-08	1.61798536578829e-08	CENPX/FAAP20/FANCA/FAAP100/FANCL/FANCM/CENPS/FANCG/FANCE/FAAP24	10
panel30	louvain	68	GOBP_SEXUAL_REPRODUCTION	GOBP_SEXUAL_REPRODUCTION	6/10	186/2116	0.032258064516129	6.8258064516129	5.73138881984913	6.64139598705124e-05	0.0010759061499023	0.000671130541849388	CENPX/FANCA/FANCL/FANCM/CENPS/FANCG	6
panel30	louvain	68	GOBP_REPRODUCTIVE_PROCESS	GOBP_REPRODUCTIVE_PROCESS	7/10	297/2116	0.0235690235690236	4.98720538720539	5.10571401333234	8.25165493875008e-05	0.00109356044662006	0.000682142968651891	CENPX/FANCA/FANCL/FANCM/CENPS/FANCG/FANCE	7
panel30	louvain	68	GOBP_MEIOTIC_CELL_CYCLE_PROCESS	GOBP_MEIOTIC_CELL_CYCLE_PROCESS	4/10	58/2116	0.0689655172413793	14.5931034482759	7.23162564237983	9.45052237819807e-05	0.00109356044662006	0.000682142968651891	CENPX/FANCA/FANCM/CENPS	4
panel30	louvain	68	GOBP_HOMOLOGOUS_RECOMBINATION	GOBP_HOMOLOGOUS_RECOMBINATION	3/10	23/2116	0.130434782608696	27.6	8.83663553325959	0.000128223768145206	0.00129826565247021	0.000809834325127618	CENPX/FANCM/CENPS	3
panel30	louvain	68	GOBP_DNA_TEMPLATED_DNA_REPLICATION_MAINTENANCE_OF_FIDELITY	GOBP_DNA_TEMPLATED_DNA_REPLICATION_MAINTENANCE_OF_FIDELITY	3/10	26/2116	0.115384615384615	24.4153846153846	8.27638774849097	0.000186839082045846	0.00168155173841262	0.00104892116236265	CENPX/FANCM/CENPS	3
panel30	louvain	68	GOBP_POSITIVE_REGULATION_OF_PROTEIN_UBIQUITINATION	GOBP_POSITIVE_REGULATION_OF_PROTEIN_UBIQUITINATION	3/10	38/2116	0.0789473684210526	16.7052631578947	6.7303902532609	0.000588285518866439	0.00476511270281815	0.00297238999006201	CENPX/FANCM/CENPS	3
panel30	louvain	69	GOBP_DEFENSE_RESPONSE_TO_OTHER_ORGANISM	GOBP_DEFENSE_RESPONSE_TO_OTHER_ORGANISM	5/5	353/2116	0.0141643059490085	5.9943342776204	5.0018985019961	0.000126180872963425	0.00825067369838815	0.00644583882686574	HERC5/OASL/UBA7/UBE2L6/ISG15	5
panel30	louvain	69	GOBP_MODIFICATION_DEPENDENT_MACROMOLECULE_CATABOLIC_PROCESS	GOBP_MODIFICATION_DEPENDENT_MACROMOLECULE_CATABOLIC_PROCESS	4/5	165/2116	0.0242424242424242	10.2593939393939	6.02687203234326	0.000167819529955365	0.00825067369838815	0.00644583882686574	HERC5/UBA7/UBE2L6/ISG15	4
panel30	louvain	69	GOBP_PROTEIN_MODIFICATION_BY_SMALL_PROTEIN_CONJUGATION	GOBP_PROTEIN_MODIFICATION_BY_SMALL_PROTEIN_CONJUGATION	4/5	171/2116	0.0233918128654971	9.89941520467836	5.90603196439894	0.000193375164805972	0.00825067369838815	0.00644583882686574	HERC5/UBA7/UBE2L6/ISG15	4
panel30	louvain	69	GOBP_POST_TRANSLATIONAL_PROTEIN_MODIFICATION	GOBP_POST_TRANSLATIONAL_PROTEIN_MODIFICATION	4/5	195/2116	0.0205128205128205	8.68102564102564	5.4773300286625	0.000325251438867713	0.00957087592663152	0.00747724681768087	HERC5/UBA7/UBE2L6/ISG15	4
panel30	louvain	69	GOBP_PROTEOLYSIS_INVOLVED_IN_PROTEIN_CATABOLIC_PROCESS	GOBP_PROTEOLYSIS_INVOLVED_IN_PROTEIN_CATABOLIC_PROCESS	4/5	202/2116	0.0198019801980198	8.38019801980198	5.36622408308473	0.000373862340884044	0.00957087592663152	0.00747724681768087	HERC5/UBA7/UBE2L6/ISG15	4
panel30	louvain	69	GOBP_NEGATIVE_REGULATION_OF_VIRAL_GENOME_REPLICATION	GOBP_NEGATIVE_REGULATION_OF_VIRAL_GENOME_REPLICATION	2/5	22/2116	0.0909090909090909	38.4727272727273	8.59675154567088	0.00101292214230412	0.0201625997144301	0.0157520310268985	OASL/ISG15	2
panel30	louvain	69	GOBP_PROTEIN_CATABOLIC_PROCESS	GOBP_PROTEIN_CATABOLIC_PROCESS	4/5	266/2116	0.0150375939849624	6.36390977443609	4.55231692703855	0.0011026421718829	0.0201625997144301	0.0157520310268985	HERC5/UBA7/UBE2L6/ISG15	4
panel30	louvain	69	GOBP_DEFENSE_RESPONSE_TO_VIRUS	GOBP_DEFENSE_RESPONSE_TO_VIRUS	3/5	120/2116	0.025	10.58	5.25741106686136	0.00163638244123621	0.0251515300403113	0.0196496328439932	HERC5/OASL/ISG15	3
panel30	louvain	69	GOBP_NEGATIVE_REGULATION_OF_VIRAL_PROCESS	GOBP_NEGATIVE_REGULATION_OF_VIRAL_PROCESS	2/5	29/2116	0.0689655172413793	29.1862068965517	7.43653251676898	0.00176846695595939	0.0251515300403113	0.0196496328439932	OASL/ISG15	2
panel30	louvain	69	GOBP_REGULATION_OF_VIRAL_GENOME_REPLICATION	GOBP_REGULATION_OF_VIRAL_GENOME_REPLICATION	2/5	31/2116	0.0645161290322581	27.3032258064516	7.17848673036548	0.00202160531169932	0.0258765479897514	0.0202160531169932	OASL/ISG15	2
panel30	louvain	70	GOBP_CEREBRAL_CORTEX_DEVELOPMENT	GOBP_CEREBRAL_CORTEX_DEVELOPMENT	2/2	30/2116	0.0666666666666667	70.5333333333333	11.795441930302	0.000194398637868855	0.00464173299309847	0.00270017708739801	TUBB2B/TUBB2A	2
panel30	louvain	70	GOBP_NEURON_MIGRATION	GOBP_NEURON_MIGRATION	2/2	38/2116	0.0526315789473684	55.6842105263158	10.4604089954047	0.000314166074532885	0.00464173299309847	0.00270017708739801	TUBB2B/TUBB2A	2
panel30	louvain	70	GOBP_PALLIUM_DEVELOPMENT	GOBP_PALLIUM_DEVELOPMENT	2/2	41/2116	0.0487804878048781	51.609756097561	10.0631701147836	0.000366452604718301	0.00464173299309847	0.00270017708739801	TUBB2B/TUBB2A	2
panel30	louvain	70	GOBP_TELENCEPHALON_DEVELOPMENT	GOBP_TELENCEPHALON_DEVELOPMENT	2/2	56/2116	0.0357142857142857	37.7857142857143	8.57940735550533	0.000688215867397784	0.00653805074027895	0.0038032982145667	TUBB2B/TUBB2A	2
panel30	louvain	70	GOBP_FOREBRAIN_DEVELOPMENT	GOBP_FOREBRAIN_DEVELOPMENT	2/2	88/2116	0.0227272727272727	24.0454545454545	6.79063412293136	0.00171070801324592	0.013001380900669	0.00756313016382407	TUBB2B/TUBB2A	2
panel30	louvain	70	GOBP_MICROTUBULE_CYTOSKELETON_ORGANIZATION	GOBP_MICROTUBULE_CYTOSKELETON_ORGANIZATION	2/2	125/2116	0.016	16.928	5.64544675498644	0.00346342400800833	0.0219350187173861	0.0127599831873991	TUBB2B/TUBB2A	2
panel30	louvain	70	GOBP_HEAD_DEVELOPMENT	GOBP_HEAD_DEVELOPMENT	2/2	167/2116	0.0119760479041916	12.6706586826347	4.83242782352773	0.00619438970000045	0.0294233510750021	0.0171160768026328	TUBB2B/TUBB2A	2
panel30	louvain	70	GOBP_MICROTUBULE_BASED_PROCESS	GOBP_MICROTUBULE_BASED_PROCESS	2/2	167/2116	0.0119760479041916	12.6706586826347	4.83242782352773	0.00619438970000045	0.0294233510750021	0.0171160768026328	TUBB2B/TUBB2A	2
panel30	louvain	70	GOBP_CENTRAL_NERVOUS_SYSTEM_DEVELOPMENT	GOBP_CENTRAL_NERVOUS_SYSTEM_DEVELOPMENT	2/2	209/2116	0.00956937799043062	10.1244019138756	4.27287212367578	0.0097136753855573	0.041013296072353	0.0238581500697899	TUBB2B/TUBB2A	2
panel30	louvain	70	GOBP_CYTOSKELETON_ORGANIZATION	GOBP_CYTOSKELETON_ORGANIZATION	2/2	267/2116	0.00749063670411985	7.9250936329588	3.72246409190513	0.0158696322514044	0.0603046025553365	0.0350802397136307	TUBB2B/TUBB2A	2
panel30	louvain	71	GOBP_RESPIRATORY_BURST	GOBP_RESPIRATORY_BURST	4/4	17/2116	0.235294117647059	124.470588235294	22.2392421267977	2.85731212203192e-09	5.08601557721682e-07	4.03031394055029e-07	NCF4/CYBA/NCF1/NCF2	4
panel30	louvain	71	GOBP_SUPEROXIDE_ANION_GENERATION	GOBP_SUPEROXIDE_ANION_GENERATION	4/4	22/2116	0.181818181818182	96.1818181818182	19.5260871275429	8.78203284565693e-09	7.81600923263467e-07	6.19364421746331e-07	NCF4/CYBA/NCF1/NCF2	4
panel30	louvain	71	GOBP_SUPEROXIDE_METABOLIC_PROCESS	GOBP_SUPEROXIDE_METABOLIC_PROCESS	4/4	34/2116	0.117647058823529	62.2352941176471	15.6617082171159	5.56767676350221e-08	3.30348821301131e-06	2.61778486424314e-06	NCF4/CYBA/NCF1/NCF2	4
panel30	louvain	71	GOBP_REACTIVE_OXYGEN_SPECIES_METABOLIC_PROCESS	GOBP_REACTIVE_OXYGEN_SPECIES_METABOLIC_PROCESS	4/4	88/2116	0.0454545454545455	24.0454545454545	9.60795286543719	2.79955359842228e-06	0.000124580135129791	9.87211005759435e-05	NCF4/CYBA/NCF1/NCF2	4
panel30	louvain	71	GOBP_PHAGOCYTOSIS	GOBP_PHAGOCYTOSIS	3/4	68/2116	0.0441176470588235	23.3382352941176	8.14660324657825	0.000124199377880158	0.00442149785253363	0.00350372981809288	NCF4/CYBA/NCF2	3
panel30	louvain	71	GOBP_CELLULAR_DEFENSE_RESPONSE	GOBP_CELLULAR_DEFENSE_RESPONSE	2/4	13/2116	0.153846153846154	81.3846153846154	12.6492041696431	0.000207697666388966	0.00616169743620599	0.00488271706949499	NCF1/NCF2	2
panel30	louvain	71	GOBP_HYDROGEN_PEROXIDE_METABOLIC_PROCESS	GOBP_HYDROGEN_PEROXIDE_METABOLIC_PROCESS	2/4	20/2116	0.1	52.9	10.1467028273209	0.000503692125234158	0.0128081711845257	0.0101495856814101	CYBA/NCF1	2
panel30	louvain	71	GOBP_REACTIVE_OXYGEN_SPECIES_BIOSYNTHETIC_PROCESS	GOBP_REACTIVE_OXYGEN_SPECIES_BIOSYNTHETIC_PROCESS	2/4	22/2116	0.0909090909090909	48.0909090909091	9.66047099528866	0.000611607390797439	0.013608264445243	0.0107836039956391	CYBA/NCF1	2
panel30	louvain	71	GOBP_ENDOCYTOSIS	GOBP_ENDOCYTOSIS	3/4	152/2116	0.0197368421052632	10.4407894736842	5.25651114992452	0.00137861378082494	0.0272659169985377	0.0216063446351511	NCF4/CYBA/NCF2	3
panel30	louvain	71	GOBP_CELLULAR_RESPONSE_TO_KETONE	GOBP_CELLULAR_RESPONSE_TO_KETONE	2/4	38/2116	0.0526315789473684	27.8421052631579	7.26480273940487	0.00184246200552215	0.0327958236982943	0.0259884114463124	CYBA/NCF1	2
panel30	louvain	72	GOBP_RETINOIC_ACID_RECEPTOR_SIGNALING_PATHWAY	GOBP_RETINOIC_ACID_RECEPTOR_SIGNALING_PATHWAY	2/2	14/2116	0.142857142857143	151.142857142857	17.3328520592595	4.06673012553236e-05	0.00707879177894864	0.00392325381688142	SP100/PML	2
panel30	louvain	72	GOBP_MAINTENANCE_OF_PROTEIN_LOCATION	GOBP_MAINTENANCE_OF_PROTEIN_LOCATION	2/2	16/2116	0.125	132.25	16.2056833297899	5.36272104465806e-05	0.00707879177894864	0.00392325381688142	SP100/PML	2
panel30	louvain	72	GOBP_DNA_DAMAGE_RESPONSE_SIGNAL_TRANSDUCTION_BY_P53_CLASS_MEDIATOR	GOBP_DNA_DAMAGE_RESPONSE_SIGNAL_TRANSDUCTION_BY_P53_CLASS_MEDIATOR	2/2	34/2116	0.0588235294117647	62.2352941176471	11.0692601985097	0.000250707208837764	0.0220622343777233	0.0122274743959471	SP100/PML	2
panel30	louvain	72	GOBP_NUCLEAR_RECEPTOR_MEDIATED_SIGNALING_PATHWAY	GOBP_NUCLEAR_RECEPTOR_MEDIATED_SIGNALING_PATHWAY	2/2	50/2116	0.04	42.32	9.09280439518843	0.000547444439975511	0.028905066430707	0.0160199530855992	SP100/PML	2
panel30	louvain	72	GOBP_TELOMERE_ORGANIZATION	GOBP_TELOMERE_ORGANIZATION	2/2	50/2116	0.04	42.32	9.09280439518843	0.000547444439975511	0.028905066430707	0.0160199530855992	SP100/PML	2
panel30	louvain	72	GOBP_HORMONE_MEDIATED_SIGNALING_PATHWAY	GOBP_HORMONE_MEDIATED_SIGNALING_PATHWAY	2/2	55/2116	0.0363636363636364	38.4727272727273	8.65915160455733	0.000663636729276435	0.0292000160881632	0.0161834219946359	SP100/PML	2
panel30	louvain	72	GOBP_SIGNAL_TRANSDUCTION_BY_P53_CLASS_MEDIATOR	GOBP_SIGNAL_TRANSDUCTION_BY_P53_CLASS_MEDIATOR	2/2	66/2116	0.0303030303030303	32.0606060606061	7.88356504042582	0.000958586386732628	0.0361524008710591	0.0200366177076444	SP100/PML	2
panel30	louvain	72	GOBP_MAINTENANCE_OF_LOCATION	GOBP_MAINTENANCE_OF_LOCATION	2/2	73/2116	0.0273972602739726	28.986301369863	7.48325329292255	0.00117443590878012	0.0387563849897438	0.0214798146474258	SP100/PML	2
panel30	louvain	72	GOBP_SIGNAL_TRANSDUCTION_IN_RESPONSE_TO_DNA_DAMAGE	GOBP_SIGNAL_TRANSDUCTION_IN_RESPONSE_TO_DNA_DAMAGE	2/2	88/2116	0.0227272727272727	24.0454545454545	6.79063412293136	0.00171070801324592	0.050180768388547	0.0278115103907816	SP100/PML	2
panel30	louvain	72	GOBP_REGULATION_OF_EXTRINSIC_APOPTOTIC_SIGNALING_PATHWAY	GOBP_REGULATION_OF_EXTRINSIC_APOPTOTIC_SIGNALING_PATHWAY	2/2	96/2116	0.0208333333333333	22.0416666666667	6.48870097190059	0.00203783399697006	0.0537988175200097	0.0298167290082988	SP100/PML	2
panel30	louvain	73	GOBP_CELLULAR_RESPONSE_TO_OXYGEN_RADICAL	GOBP_CELLULAR_RESPONSE_TO_OXYGEN_RADICAL	4/5	11/2116	0.363636363636364	153.890909090909	24.7370568327893	1.97565725244486e-09	5.28781324583533e-07	3.72633750775363e-07	CCS/ATP7A/SOD2/SOD1	4
panel30	louvain	73	GOBP_RESPONSE_TO_OXYGEN_RADICAL	GOBP_RESPONSE_TO_OXYGEN_RADICAL	4/5	12/2116	0.333333333333333	141.066666666667	23.6754705848137	2.96236036181251e-09	5.28781324583533e-07	3.72633750775363e-07	CCS/ATP7A/SOD2/SOD1	4
panel30	louvain	73	GOBP_CELLULAR_OXIDANT_DETOXIFICATION	GOBP_CELLULAR_OXIDANT_DETOXIFICATION	4/5	31/2116	0.129032258064516	54.6064516129032	14.6298862503328	1.86945041243527e-07	2.21778137959843e-05	1.56287704474134e-05	CCS/ATP7A/SOD2/SOD1	4
panel30	louvain	73	GOBP_SUPEROXIDE_METABOLIC_PROCESS	GOBP_SUPEROXIDE_METABOLIC_PROCESS	4/5	34/2116	0.117647058823529	49.7882352941177	13.9543713765963	2.75220385468575e-07	2.21778137959843e-05	1.56287704474134e-05	CCS/ATP7A/SOD2/SOD1	4
panel30	louvain	73	GOBP_DETOXIFICATION	GOBP_DETOXIFICATION	4/5	35/2116	0.114285714285714	48.3657142857143	13.7485894754788	3.1061363859922e-07	2.21778137959843e-05	1.56287704474134e-05	CCS/ATP7A/SOD2/SOD1	4
panel30	louvain	73	GOBP_CELLULAR_RESPONSE_TO_TOXIC_SUBSTANCE	GOBP_CELLULAR_RESPONSE_TO_TOXIC_SUBSTANCE	4/5	37/2116	0.108108108108108	45.7513513513514	13.3621346226061	3.91496406220279e-07	2.32940361701066e-05	1.64153756292363e-05	CCS/ATP7A/SOD2/SOD1	4
panel30	louvain	73	GOBP_CELLULAR_RESPONSE_TO_REACTIVE_OXYGEN_SPECIES	GOBP_CELLULAR_RESPONSE_TO_REACTIVE_OXYGEN_SPECIES	4/5	61/2116	0.0655737704918033	27.7508196721312	10.3155448006242	3.06493352181626e-06	0.000129496719577743	9.12567182045718e-05	CCS/ATP7A/SOD2/SOD1	4
panel30	louvain	73	GOBP_RESPONSE_TO_TOXIC_SUBSTANCE	GOBP_RESPONSE_TO_TOXIC_SUBSTANCE	4/5	61/2116	0.0655737704918033	27.7508196721312	10.3155448006242	3.06493352181626e-06	0.000129496719577743	9.12567182045718e-05	CCS/ATP7A/SOD2/SOD1	4
panel30	louvain	73	GOBP_RESPONSE_TO_OXIDATIVE_STRESS	GOBP_RESPONSE_TO_OXIDATIVE_STRESS	5/5	171/2116	0.0292397660818713	12.374269005848	7.54845063132865	3.26462318263217e-06	0.000129496719577743	9.12567182045718e-05	ATOX1/CCS/ATP7A/SOD2/SOD1	5
panel30	louvain	73	GOBP_RESPONSE_TO_REACTIVE_OXYGEN_SPECIES	GOBP_RESPONSE_TO_REACTIVE_OXYGEN_SPECIES	4/5	81/2116	0.0493827160493827	20.8987654320988	8.88551299954505	9.69573793320103e-06	0.000346137844215277	0.000243924354319479	CCS/ATP7A/SOD2/SOD1	4
panel30	louvain	74	GOBP_CELLULAR_OXIDANT_DETOXIFICATION	GOBP_CELLULAR_OXIDANT_DETOXIFICATION	2/2	31/2116	0.0645161290322581	68.258064516129	11.6008516982382	0.0002078054404805	0.0171633887034281	0.0101298978048831	GSTP1/PRDX6	2
panel30	louvain	74	GOBP_DETOXIFICATION	GOBP_DETOXIFICATION	2/2	35/2116	0.0571428571428571	60.4571428571429	10.9073615764306	0.000265901585130962	0.0171633887034281	0.0101298978048831	GSTP1/PRDX6	2
panel30	louvain	74	GOBP_CELLULAR_RESPONSE_TO_TOXIC_SUBSTANCE	GOBP_CELLULAR_RESPONSE_TO_TOXIC_SUBSTANCE	2/2	37/2116	0.0540540540540541	57.1891891891892	10.6033738733369	0.000297631017978523	0.0171633887034281	0.0101298978048831	GSTP1/PRDX6	2
panel30	louvain	74	GOBP_RESPONSE_TO_TOXIC_SUBSTANCE	GOBP_RESPONSE_TO_TOXIC_SUBSTANCE	2/2	61/2116	0.0327868852459016	34.6885245901639	8.21029360075466	0.000817814959310354	0.0353704969901728	0.0208758029087117	GSTP1/PRDX6	2
panel30	louvain	74	GOBP_REACTIVE_OXYGEN_SPECIES_METABOLIC_PROCESS	GOBP_REACTIVE_OXYGEN_SPECIES_METABOLIC_PROCESS	2/2	88/2116	0.0227272727272727	24.0454545454545	6.79063412293136	0.00171070801324592	0.0591904972583089	0.0349344583757588	GSTP1/PRDX6	2
panel30	louvain	74	GOBP_LIPID_METABOLIC_PROCESS	GOBP_LIPID_METABOLIC_PROCESS	2/2	143/2116	0.013986013986014	14.7972027972028	5.25428004263183	0.00453730889720111	0.0856745256402737	0.0505654334475604	GSTP1/PRDX6	2
panel30	louvain	74	GOBP_RESPONSE_TO_OXIDATIVE_STRESS	GOBP_RESPONSE_TO_OXIDATIVE_STRESS	2/2	171/2116	0.0116959064327485	12.374269005848	4.77067069808067	0.00649559586534208	0.0856745256402737	0.0505654334475604	GSTP1/PRDX6	2
panel30	louvain	74	GOBP_HYDROGEN_PEROXIDE_CATABOLIC_PROCESS	GOBP_HYDROGEN_PEROXIDE_CATABOLIC_PROCESS	1/2	10/2116	0.1	105.8	10.2152686230199	0.00943168563729213	0.0856745256402737	0.0505654334475604	PRDX6	1
panel30	louvain	74	GOBP_NEGATIVE_REGULATION_OF_FERROPTOSIS	GOBP_NEGATIVE_REGULATION_OF_FERROPTOSIS	1/2	10/2116	0.1	105.8	10.2152686230199	0.00943168563729213	0.0856745256402737	0.0505654334475604	GSTP1	1
panel30	louvain	74	GOBP_NEGATIVE_REGULATION_OF_INTERLEUKIN_1_PRODUCTION	GOBP_NEGATIVE_REGULATION_OF_INTERLEUKIN_1_PRODUCTION	1/2	10/2116	0.1	105.8	10.2152686230199	0.00943168563729213	0.0856745256402737	0.0505654334475604	GSTP1	1
panel30	louvain	75	GOBP_CELLULAR_RESPONSE_TO_TYPE_II_INTERFERON	GOBP_CELLULAR_RESPONSE_TO_TYPE_II_INTERFERON	5/5	48/2116	0.104166666666667	44.0833333333333	14.6909783896284	4.86673488012054e-09	3.35215936355832e-07	1.7327891446965e-07	GBP2/GBP1/GBP3/GBP4/GBP5	5
panel30	louvain	75	GOBP_PYROPTOTIC_INFLAMMATORY_RESPONSE	GOBP_PYROPTOTIC_INFLAMMATORY_RESPONSE	4/5	14/2116	0.285714285714286	120.914285714286	21.9035575528759	5.985998863497e-09	3.35215936355832e-07	1.7327891446965e-07	GBP2/GBP1/GBP3/GBP5	4
panel30	louvain	75	GOBP_RESPONSE_TO_TYPE_II_INTERFERON	GOBP_RESPONSE_TO_TYPE_II_INTERFERON	5/5	71/2116	0.0704225352112676	29.8028169014085	12.0119510347408	3.70053712812066e-08	1.38153386116505e-06	7.14138744023285e-07	GBP2/GBP1/GBP3/GBP4/GBP5	5
panel30	louvain	75	GOBP_DEFENSE_RESPONSE_TO_BACTERIUM	GOBP_DEFENSE_RESPONSE_TO_BACTERIUM	5/5	82/2116	0.0609756097560976	25.8048780487805	11.147169873746	7.75507716077337e-08	2.17142160501654e-06	1.12244537853299e-06	GBP2/GBP1/GBP3/GBP4/GBP5	5
panel30	louvain	75	GOBP_DISRUPTION_OF_ANATOMICAL_STRUCTURE_IN_ANOTHER_ORGANISM	GOBP_DISRUPTION_OF_ANATOMICAL_STRUCTURE_IN_ANOTHER_ORGANISM	4/5	27/2116	0.148148148148148	62.6962962962963	15.6988495367277	1.04430569773304e-07	2.33924476292201e-06	1.20919607105931e-06	GBP2/GBP1/GBP3/GBP5	4
panel30	louvain	75	GOBP_RESPONSE_TO_PROTOZOAN	GOBP_RESPONSE_TO_PROTOZOAN	3/5	10/2116	0.3	126.96	19.4267226496814	7.57252037332038e-07	1.41353713635314e-05	7.30681790408106e-06	GBP2/GBP1/GBP4	3
panel30	louvain	75	GOBP_POSITIVE_REGULATION_OF_INFLAMMATORY_RESPONSE	GOBP_POSITIVE_REGULATION_OF_INFLAMMATORY_RESPONSE	4/5	67/2116	0.0597014925373134	25.2656716417911	9.8209796249324	4.4911964270398e-06	7.18591428326368e-05	3.71452336070961e-05	GBP2/GBP1/GBP3/GBP5	4
panel30	louvain	75	GOBP_CELL_KILLING	GOBP_CELL_KILLING	4/5	71/2116	0.0563380281690141	23.8422535211268	9.52615265923847	5.68446688397282e-06	7.95825363756195e-05	4.11375892919086e-05	GBP2/GBP1/GBP3/GBP5	4
panel30	louvain	75	GOBP_RESPONSE_TO_BACTERIUM	GOBP_RESPONSE_TO_BACTERIUM	5/5	196/2116	0.0255102040816327	10.7959183673469	7.00516953103546	6.50768497530336e-06	8.09845241371084e-05	4.18623010107233e-05	GBP2/GBP1/GBP3/GBP4/GBP5	5
panel30	louvain	75	GOBP_DEFENSE_RESPONSE_TO_VIRUS	GOBP_DEFENSE_RESPONSE_TO_VIRUS	4/5	120/2116	0.0333333333333333	14.1066666666667	7.19281152223343	4.71434096210674e-05	0.000528006187755955	0.000272935529385127	GBP2/GBP1/GBP3/GBP5	4
panel30	louvain	76	GOBP_ANTIVIRAL_INNATE_IMMUNE_RESPONSE	GOBP_ANTIVIRAL_INNATE_IMMUNE_RESPONSE	3/3	28/2116	0.107142857142857	75.5714285714286	14.9641583827169	2.07761047094369e-06	6.44059245992543e-05	3.93652510284067e-05	IFIT2/IFIT1/IFIT3	3
panel30	louvain	76	GOBP_DEFENSE_RESPONSE_TO_VIRUS	GOBP_DEFENSE_RESPONSE_TO_VIRUS	3/3	120/2116	0.025	17.6333333333333	7.06733552511234	0.000178106265158677	0.00276064710995949	0.00168732251202957	IFIT2/IFIT1/IFIT3	3
panel30	louvain	76	GOBP_RESPONSE_TO_VIRUS	GOBP_RESPONSE_TO_VIRUS	3/3	155/2116	0.0193548387096774	13.6516129032258	6.16366480122107	0.000386022689104505	0.00398890112074655	0.0024380380364495	IFIT2/IFIT1/IFIT3	3
panel30	louvain	76	GOBP_DEFENSE_RESPONSE_TO_OTHER_ORGANISM	GOBP_DEFENSE_RESPONSE_TO_OTHER_ORGANISM	3/3	353/2116	0.0084985835694051	5.9943342776204	3.87261985840038	0.00460992083352819	0.0357268864598435	0.0218364671061862	IFIT2/IFIT1/IFIT3	3
panel30	louvain	76	GOBP_RESPONSE_TO_PEPTIDE	GOBP_RESPONSE_TO_PEPTIDE	3/3	404/2116	0.00742574257425743	5.23762376237624	3.56719838158083	0.00691801415497069	0.0428916877608183	0.0262156325872573	IFIT2/IFIT1/IFIT3	3
panel30	louvain	76	GOBP_CELLULAR_RESPONSE_TO_DSRNA	GOBP_CELLULAR_RESPONSE_TO_DSRNA	1/3	11/2116	0.0909090909090909	64.1212121212121	7.90699906154085	0.0155218303651853	0.068739534474392	0.0420139769283211	IFIT1	1
panel30	louvain	76	GOBP_VIRAL_TRANSLATION	GOBP_VIRAL_TRANSLATION	1/3	11/2116	0.0909090909090909	64.1212121212121	7.90699906154085	0.0155218303651853	0.068739534474392	0.0420139769283211	IFIT1	1
panel30	louvain	76	GOBP_RESPONSE_TO_DSRNA	GOBP_RESPONSE_TO_DSRNA	1/3	18/2116	0.0555555555555556	39.1851851851852	6.1290685179769	0.0253152421913524	0.0909444934238017	0.0555857684763474	IFIT1	1
panel30	louvain	76	GOBP_POSITIVE_REGULATION_OF_VIRAL_PROCESS	GOBP_POSITIVE_REGULATION_OF_VIRAL_PROCESS	1/3	19/2116	0.0526315789473684	37.1228070175439	5.95833806830208	0.0267089763540912	0.0909444934238017	0.0555857684763474	IFIT1	1
panel30	louvain	76	GOBP_NEGATIVE_REGULATION_OF_VIRAL_GENOME_REPLICATION	GOBP_NEGATIVE_REGULATION_OF_VIRAL_GENOME_REPLICATION	1/3	22/2116	0.0454545454545455	32.0606060606061	5.51694928822212	0.0308822057901581	0.0909444934238017	0.0555857684763474	IFIT1	1
panel30	leiden	1	GOBP_POSITIVE_REGULATION_OF_RNA_METABOLIC_PROCESS	GOBP_POSITIVE_REGULATION_OF_RNA_METABOLIC_PROCESS	83/156	392/2116	0.211734693877551	2.87199110413396	11.5815752345968	1.73573923681005e-24	3.67108848585325e-21	2.60354071258382e-21	BAMBI/FOS/SMAD4/EP300/CHD8/NFYC/CDH1/FOSB/ARNT/ABL1/DVL2/WWTR1/ZBTB17/JUND/SIRT1/SKI/NFKB1/TBL1X/YWHAH/NCOA3/CDKN2A/CEBPB/BCL3/SMAD6/DDIT3/TP73/PPM1A/LRP5/DVL1/KAT2A/NCOA1/SMAD3/CREBBP/ATF2/FOXO1/EGLN1/NOTCH2/WNT10B/YAP1/BTRC/HIF1A/CREB1/CTNNB1/THRB/RELA/HIPK2/PSEN1/TEAD1/SMAD2/NFATC1/LRP6/RELB/NFATC2/MAP2K7/NFKB2/RXRB/ATF4/CRTC2/TEAD4/NCOA2/FOSL1/RUVBL1/JUN/TBL1XR1/SUPT20H/VHL/SMAD5/MYC/ZFP36L1/SP1/FBXW11/FZD5/SMAD1/FOXO3/EPAS1/HDAC1/NFYA/TGFBR1/YWHAB/DVL3/JUNB/SMAD9/CTBP1	83
panel30	leiden	1	GOBP_NEGATIVE_REGULATION_OF_RNA_BIOSYNTHETIC_PROCESS	GOBP_NEGATIVE_REGULATION_OF_RNA_BIOSYNTHETIC_PROCESS	63/156	252/2116	0.25	3.39102564102564	11.4064630821138	1.2331031637663e-21	1.30400659568286e-18	9.24803167894517e-19	LIMD1/SMAD4/EP300/CHD8/YWHAZ/FOSB/WWTR1/ZBTB17/JUND/SIRT1/ELOB/CUL2/TGIF1/SKI/NFKB1/TBL1X/TGIF2/YWHAQ/CDKN2A/CEBPB/BCL3/DDIT3/PPP1R13L/PPM1A/KAT2A/SMAD3/CREBBP/ATF2/FOXO1/RBX1/CBY1/NOTCH2/WNT10B/YAP1/BTRC/HIF1A/CREB1/CTNNB1/THRB/RELA/HIPK2/ELOC/PSEN1/SMAD2/NCOR1/RELB/NFATC2/NFKB2/AXIN1/ATF4/SMAD7/NCOA2/AMOT/JUN/TBL1XR1/VHL/SMURF2/SMAD5/MYC/FOXO3/HDAC1/YWHAB/CTBP1	63
panel30	leiden	1	GOBP_POSITIVE_REGULATION_OF_TRANSCRIPTION_BY_RNA_POLYMERASE_II	GOBP_POSITIVE_REGULATION_OF_TRANSCRIPTION_BY_RNA_POLYMERASE_II	67/156	286/2116	0.234265734265734	3.17760444683522	11.1692989666345	1.87259659842325e-21	1.32018060188839e-18	9.36273794060011e-19	FOS/SMAD4/EP300/CHD8/NFYC/FOSB/ARNT/ABL1/DVL2/WWTR1/ZBTB17/JUND/SIRT1/SKI/NFKB1/TBL1X/NCOA3/CDKN2A/CEBPB/BCL3/DDIT3/TP73/LRP5/DVL1/KAT2A/NCOA1/SMAD3/CREBBP/ATF2/FOXO1/EGLN1/NOTCH2/WNT10B/YAP1/HIF1A/CREB1/CTNNB1/THRB/RELA/HIPK2/TEAD1/SMAD2/NFATC1/LRP6/RELB/NFATC2/NFKB2/RXRB/ATF4/CRTC2/TEAD4/NCOA2/JUN/TBL1XR1/SMAD5/MYC/SP1/FZD5/SMAD1/FOXO3/EPAS1/HDAC1/NFYA/YWHAB/DVL3/JUNB/SMAD9	67
panel30	leiden	1	GOBP_WNT_SIGNALING_PATHWAY	GOBP_WNT_SIGNALING_PATHWAY	53/156	185/2116	0.286486486486487	3.88593208593209	11.5896490027752	7.48141453099562e-21	3.95579793326393e-18	2.80545702172413e-18	BAMBI/LIMD1/SMAD4/EP300/STK3/TCF7L1/CHD8/FRAT1/ABL1/DVL2/LATS1/AXIN2/WWTR1/SKI/NFKB1/TBL1X/DDIT3/PPM1A/LRP5/DVL1/SMAD3/GSK3B/FOXO1/RBX1/CBY1/WNT10B/YAP1/BTRC/CTNNB1/PSEN1/NFATC1/LRP6/VANGL1/CSNK1D/TSC2/AXIN1/SMAD7/APC/RUVBL1/CSNK1E/TBL1XR1/SIAH1/SMURF2/MYC/FBXW11/FZD5/FOXO3/HDAC1/SMURF1/STK4/DVL3/LATS2/CSNK1A1	53
panel30	leiden	1	GOBP_NEGATIVE_REGULATION_OF_TRANSCRIPTION_BY_RNA_POLYMERASE_II	GOBP_NEGATIVE_REGULATION_OF_TRANSCRIPTION_BY_RNA_POLYMERASE_II	53/156	190/2116	0.278947368421053	3.78367071524966	11.3437322991948	2.99780209063471e-20	1.26807028433848e-17	8.99317089308906e-18	SMAD4/EP300/CHD8/YWHAZ/FOSB/WWTR1/ZBTB17/JUND/SIRT1/ELOB/CUL2/TGIF1/SKI/NFKB1/TBL1X/TGIF2/CDKN2A/CEBPB/DDIT3/PPP1R13L/PPM1A/KAT2A/SMAD3/CREBBP/ATF2/FOXO1/RBX1/NOTCH2/WNT10B/YAP1/BTRC/CTNNB1/THRB/RELA/HIPK2/ELOC/PSEN1/NCOR1/NFATC2/NFKB2/ATF4/SMAD7/NCOA2/AMOT/JUN/TBL1XR1/VHL/SMURF2/SMAD5/MYC/FOXO3/HDAC1/CTBP1	53
panel30	leiden	1	GOBP_CANONICAL_WNT_SIGNALING_PATHWAY	GOBP_CANONICAL_WNT_SIGNALING_PATHWAY	45/156	140/2116	0.321428571428571	4.35989010989011	11.6033948346279	8.90887163273597e-20	3.14037725053943e-17	2.22715961659833e-17	BAMBI/LIMD1/SMAD4/EP300/STK3/TCF7L1/CHD8/FRAT1/DVL2/LATS1/AXIN2/WWTR1/NFKB1/TBL1X/DDIT3/PPM1A/LRP5/DVL1/SMAD3/GSK3B/FOXO1/RBX1/CBY1/WNT10B/YAP1/BTRC/CTNNB1/PSEN1/LRP6/CSNK1D/AXIN1/SMAD7/APC/RUVBL1/CSNK1E/TBL1XR1/SIAH1/SMURF2/FZD5/FOXO3/HDAC1/STK4/DVL3/LATS2/CSNK1A1	45
panel30	leiden	1	GOBP_NEGATIVE_REGULATION_OF_NUCLEOBASE_CONTAINING_COMPOUND_METABOLIC_PROCESS	GOBP_NEGATIVE_REGULATION_OF_NUCLEOBASE_CONTAINING_COMPOUND_METABOLIC_PROCESS	65/156	290/2116	0.224137931034483	3.04022988505747	10.5491426838558	1.45019469560137e-19	4.38165968742413e-17	3.10747872977096e-17	LIMD1/SMAD4/EP300/CHD8/YWHAZ/FOSB/ABL1/AXIN2/WWTR1/ZBTB17/JUND/SIRT1/ELOB/CUL2/TGIF1/SKI/NFKB1/TBL1X/TGIF2/YWHAQ/CDKN2A/CEBPB/BCL3/DDIT3/PPP1R13L/PPM1A/KAT2A/SMAD3/CREBBP/ATF2/FOXO1/RBX1/CBY1/NOTCH2/WNT10B/YAP1/BTRC/HIF1A/CREB1/CTNNB1/THRB/RELA/HIPK2/ELOC/PSEN1/SMAD2/NCOR1/RELB/NFATC2/NFKB2/AXIN1/ATF4/SMAD7/NCOA2/AMOT/JUN/TBL1XR1/VHL/SMURF2/SMAD5/MYC/FOXO3/HDAC1/YWHAB/CTBP1	65
panel30	leiden	1	GOBP_REGULATION_OF_WNT_SIGNALING_PATHWAY	GOBP_REGULATION_OF_WNT_SIGNALING_PATHWAY	40/156	132/2116	0.303030303030303	4.11033411033411	10.4090866603504	1.73470478897494e-16	4.5861257858525e-14	3.25248635180263e-14	BAMBI/LIMD1/SMAD4/STK3/TCF7L1/CHD8/FRAT1/ABL1/LATS1/AXIN2/WWTR1/SKI/NFKB1/TBL1X/DDIT3/PPM1A/SMAD3/GSK3B/FOXO1/RBX1/CBY1/WNT10B/YAP1/BTRC/CTNNB1/PSEN1/NFATC1/CSNK1D/TSC2/AXIN1/APC/RUVBL1/CSNK1E/TBL1XR1/SMURF2/FOXO3/HDAC1/STK4/LATS2/CSNK1A1	40
panel30	leiden	1	GOBP_REGULATION_OF_CANONICAL_WNT_SIGNALING_PATHWAY	GOBP_REGULATION_OF_CANONICAL_WNT_SIGNALING_PATHWAY	35/156	111/2116	0.315315315315315	4.27696927696928	10.0038257852902	5.00482973737936e-15	1.17613498828415e-12	8.3411645818185e-13	BAMBI/LIMD1/SMAD4/STK3/CHD8/FRAT1/LATS1/AXIN2/WWTR1/NFKB1/TBL1X/DDIT3/PPM1A/SMAD3/GSK3B/FOXO1/RBX1/CBY1/WNT10B/YAP1/BTRC/CTNNB1/PSEN1/CSNK1D/AXIN1/APC/RUVBL1/CSNK1E/TBL1XR1/SMURF2/FOXO3/HDAC1/STK4/LATS2/CSNK1A1	35
panel30	leiden	1	GOBP_EMBRYO_DEVELOPMENT	GOBP_EMBRYO_DEVELOPMENT	58/156	300/2116	0.193333333333333	2.62239316239316	8.55555646575792	5.65899652355597e-14	1.19687776473209e-11	8.48827262125242e-12	SMAD4/EP300/STK3/CHD8/ARNT/ABL1/TGFBR2/DVL2/LATS1/AXIN2/ZBTB17/TGIF1/SKI/TGIF2/CEBPB/SMAD6/PPP1R13L/LRP5/DVL1/KAT2A/NCOA1/SMAD3/CREBBP/ATF2/EGLN1/RBX1/CBY1/NOTCH2/YAP1/ACVR1C/HIF1A/CTNNB1/HIPK2/PSEN1/TEAD1/SMAD2/LRP6/TSC2/AXIN1/RXRB/ATF4/TEAD4/FOSL1/AMOT/RUVBL1/TBL1XR1/SUPT20H/SMAD5/MYC/ZFP36L1/FZD5/SMAD1/EPAS1/HDAC1/TGFBR1/STK4/JUNB/LATS2	58
panel30	leiden	4	GOBP_ANTIMICROBIAL_HUMORAL_IMMUNE_RESPONSE_MEDIATED_BY_ANTIMICROBIAL_PEPTIDE	GOBP_ANTIMICROBIAL_HUMORAL_IMMUNE_RESPONSE_MEDIATED_BY_ANTIMICROBIAL_PEPTIDE	17/27	32/2116	0.53125	41.6342592592593	26.3260878982391	4.94965320110255e-27	3.55880065159273e-24	2.05607023415104e-24	CXCL2/CCL20/CXCL3/CCL21/CXCL1/CXCL12/CXCL9/CX3CL1/CCL13/CCL17/CXCL11/CXCL10/CXCL8/CCL5/CCL2/CCL4L2/CXCL5	17
panel30	leiden	4	GOBP_ANTIMICROBIAL_HUMORAL_RESPONSE	GOBP_ANTIMICROBIAL_HUMORAL_RESPONSE	17/27	38/2116	0.447368421052632	35.0604288499025	24.0816913838246	2.45040178002986e-25	8.80919439920735e-23	5.08944562066274e-23	CXCL2/CCL20/CXCL3/CCL21/CXCL1/CXCL12/CXCL9/CX3CL1/CCL13/CCL17/CXCL11/CXCL10/CXCL8/CCL5/CCL2/CCL4L2/CXCL5	17
panel30	leiden	4	GOBP_G_PROTEIN_COUPLED_RECEPTOR_SIGNALING_PATHWAY	GOBP_G_PROTEIN_COUPLED_RECEPTOR_SIGNALING_PATHWAY	22/27	129/2116	0.170542635658915	13.3654895205283	16.4730904584264	1.96083895594344e-23	4.69947736441111e-21	2.71508760141085e-21	GNG12/GNB5/GNA12/GNB1/GNB3/GNG11/CCL21/CXCL1/LPAR1/GNG7/CXCL12/CXCL9/CX3CL1/CCL13/CXCL11/CXCL10/CXCL8/CCL5/F2R/GNG2/CCL2/CCL4L2	22
panel30	leiden	4	GOBP_HUMORAL_IMMUNE_RESPONSE	GOBP_HUMORAL_IMMUNE_RESPONSE	17/27	55/2116	0.309090909090909	24.223569023569	19.8353176669298	5.3764757628594e-22	9.66421518373978e-20	5.58342742991941e-20	CXCL2/CCL20/CXCL3/CCL21/CXCL1/CXCL12/CXCL9/CX3CL1/CCL13/CCL17/CXCL11/CXCL10/CXCL8/CCL5/CCL2/CCL4L2/CXCL5	17
panel30	leiden	4	GOBP_DISRUPTION_OF_ANATOMICAL_STRUCTURE_IN_ANOTHER_ORGANISM	GOBP_DISRUPTION_OF_ANATOMICAL_STRUCTURE_IN_ANOTHER_ORGANISM	12/27	27/2116	0.444444444444444	34.8312757201646	20.1093894337722	1.67833294136678e-17	2.41344276968543e-15	1.3943483567579e-15	CXCL2/CCL20/CXCL3/CCL21/CXCL1/CXCL12/CXCL9/CCL13/CCL17/CXCL11/CXCL10/CXCL8	12
panel30	leiden	4	GOBP_CELL_CHEMOTAXIS	GOBP_CELL_CHEMOTAXIS	18/27	120/2116	0.15	11.7555555555556	13.7883103604954	3.16963843576085e-17	3.79828339218675e-15	2.19442958122712e-15	CXCL2/CCL20/CXCL3/CCL21/CXCL1/LPAR1/CXCL12/CXCL9/CX3CL1/CCL13/CCL17/CXCL11/CXCL10/CXCL8/CCL5/CCL2/CCL4L2/CXCL5	18
panel30	leiden	4	GOBP_TAXIS	GOBP_TAXIS	18/27	155/2116	0.116129032258065	9.1010752688172	11.9079654939606	3.74435140752281e-15	3.84598380286986e-13	2.22198813371823e-13	CXCL2/CCL20/CXCL3/CCL21/CXCL1/LPAR1/CXCL12/CXCL9/CX3CL1/CCL13/CCL17/CXCL11/CXCL10/CXCL8/CCL5/CCL2/CCL4L2/CXCL5	18
panel30	leiden	4	GOBP_RESPONSE_TO_CHEMOKINE	GOBP_RESPONSE_TO_CHEMOKINE	10/27	24/2116	0.416666666666667	32.6543209876543	17.7266075796547	3.0736177808156e-14	2.76241398050802e-12	1.59596384169012e-12	CCL21/CXCL12/CXCL9/CX3CL1/CCL13/CXCL11/CXCL10/CCL5/CCL2/CCL4L2	10
panel30	leiden	4	GOBP_LEUKOCYTE_CHEMOTAXIS	GOBP_LEUKOCYTE_CHEMOTAXIS	13/27	86/2116	0.151162790697674	11.8466838931955	11.6725579368066	4.1787989927963e-12	3.33839608424504e-10	1.92873315777063e-10	CXCL3/CCL21/CXCL12/CXCL9/CX3CL1/CCL13/CXCL11/CXCL10/CXCL8/CCL5/CCL2/CCL4L2/CXCL5	13
panel30	leiden	4	GOBP_GRANULOCYTE_CHEMOTAXIS	GOBP_GRANULOCYTE_CHEMOTAXIS	11/27	53/2116	0.207547169811321	16.2655485674354	12.7928875973412	7.95286636735773e-12	5.71811091813021e-10	3.30359545401338e-10	CXCL3/CCL21/CXCL9/CX3CL1/CCL13/CXCL10/CXCL8/CCL5/CCL2/CCL4L2/CXCL5	11
panel30	leiden	5	GOBP_ANTIGEN_PROCESSING_AND_PRESENTATION_OF_PEPTIDE_ANTIGEN	GOBP_ANTIGEN_PROCESSING_AND_PRESENTATION_OF_PEPTIDE_ANTIGEN	26/46	40/2116	0.65	29.9	27.5019249632809	1.85001742286689e-37	1.66686569800307e-34	1.66686569800307e-34	B2M/HLA-DQB2/HLA-B/HLA-DRA/HLA-G/HLA-DQA1/PDIA3/CD74/TAPBP/HLA-F/HLA-DQB1/HLA-DQA2/HLA-DMA/HLA-DPA1/CALR/HLA-DOB/HLA-DRB1/HLA-E/TAP1/HLA-DPB1/TAP2/HLA-DOA/HLA-DMB/HLA-C/HLA-A/HLA-DRB5	26
panel30	leiden	5	GOBP_ANTIGEN_PROCESSING_AND_PRESENTATION	GOBP_ANTIGEN_PROCESSING_AND_PRESENTATION	27/46	51/2116	0.529411764705882	24.3529411764706	25.1602860536761	1.61269541474618e-35	7.26519284343155e-33	7.26519284343155e-33	B2M/HLA-DQB2/CD8A/HLA-B/HLA-DRA/HLA-G/HLA-DQA1/PDIA3/CD74/TAPBP/HLA-F/HLA-DQB1/HLA-DQA2/HLA-DMA/HLA-DPA1/CALR/HLA-DOB/HLA-DRB1/HLA-E/TAP1/HLA-DPB1/TAP2/HLA-DOA/HLA-DMB/HLA-C/HLA-A/HLA-DRB5	27
panel30	leiden	5	GOBP_ANTIGEN_PROCESSING_AND_PRESENTATION_OF_EXOGENOUS_PEPTIDE_ANTIGEN	GOBP_ANTIGEN_PROCESSING_AND_PRESENTATION_OF_EXOGENOUS_PEPTIDE_ANTIGEN	22/46	33/2116	0.666666666666667	30.6666666666667	25.5994135244471	1.16970785821032e-31	3.513022600825e-29	3.513022600825e-29	B2M/HLA-DQB2/HLA-B/HLA-DRA/HLA-G/HLA-DQA1/CD74/HLA-F/HLA-DQB1/HLA-DQA2/HLA-DMA/HLA-DPA1/HLA-DOB/HLA-DRB1/HLA-E/HLA-DPB1/TAP2/HLA-DOA/HLA-DMB/HLA-C/HLA-A/HLA-DRB5	22
panel30	leiden	5	GOBP_ANTIGEN_PROCESSING_AND_PRESENTATION_OF_EXOGENOUS_ANTIGEN	GOBP_ANTIGEN_PROCESSING_AND_PRESENTATION_OF_EXOGENOUS_ANTIGEN	22/46	34/2116	0.647058823529412	29.7647058823529	25.2004306584985	3.2776637866679e-31	7.38293767946944e-29	7.38293767946944e-29	B2M/HLA-DQB2/HLA-B/HLA-DRA/HLA-G/HLA-DQA1/CD74/HLA-F/HLA-DQB1/HLA-DQA2/HLA-DMA/HLA-DPA1/HLA-DOB/HLA-DRB1/HLA-E/HLA-DPB1/TAP2/HLA-DOA/HLA-DMB/HLA-C/HLA-A/HLA-DRB5	22
panel30	leiden	5	GOBP_PEPTIDE_ANTIGEN_ASSEMBLY_WITH_MHC_PROTEIN_COMPLEX	GOBP_PEPTIDE_ANTIGEN_ASSEMBLY_WITH_MHC_PROTEIN_COMPLEX	18/46	19/2116	0.947368421052632	43.578947368421	27.7857059187744	5.03342493192372e-31	9.07023172732654e-29	9.07023172732654e-29	B2M/HLA-DQB2/HLA-DRA/HLA-DQA1/PDIA3/TAPBP/HLA-DQB1/HLA-DQA2/HLA-DMA/HLA-DPA1/CALR/HLA-DOB/HLA-DRB1/HLA-DPB1/HLA-DOA/HLA-DMB/HLA-A/HLA-DRB5	18
panel30	leiden	5	GOBP_ADAPTIVE_IMMUNE_RESPONSE	GOBP_ADAPTIVE_IMMUNE_RESPONSE	32/46	162/2116	0.197530864197531	9.08641975308642	15.9624826292021	9.21488704154958e-27	1.38376887073936e-24	1.38376887073936e-24	B2M/HLA-DQB2/CD8A/HLA-B/HLA-DRA/HLA-G/HLA-DQA1/PDIA3/KLRD1/CD74/HLA-F/IL27RA/HLA-DQB1/HLA-DQA2/HLA-DMA/HLA-DPA1/KLRC1/HLA-DOB/HLA-DRB1/HLA-E/CD86/CD4/TAP1/CD8B/HLA-DPB1/TAP2/HLA-DOA/HLA-DMB/HLA-C/CD80/HLA-A/HLA-DRB5	32
panel30	leiden	5	GOBP_PEPTIDE_ANTIGEN_ASSEMBLY_WITH_MHC_CLASS_II_PROTEIN_COMPLEX	GOBP_PEPTIDE_ANTIGEN_ASSEMBLY_WITH_MHC_CLASS_II_PROTEIN_COMPLEX	14/46	14/2116	1	46	25.1772970997352	6.05195417722546e-25	7.78972959097162e-23	7.78972959097162e-23	B2M/HLA-DQB2/HLA-DRA/HLA-DQA1/HLA-DQB1/HLA-DQA2/HLA-DMA/HLA-DPA1/HLA-DOB/HLA-DRB1/HLA-DPB1/HLA-DOA/HLA-DMB/HLA-DRB5	14
panel30	leiden	5	GOBP_ANTIGEN_PROCESSING_AND_PRESENTATION_OF_EXOGENOUS_PEPTIDE_ANTIGEN_VIA_MHC_CLASS_II	GOBP_ANTIGEN_PROCESSING_AND_PRESENTATION_OF_EXOGENOUS_PEPTIDE_ANTIGEN_VIA_MHC_CLASS_II	15/46	23/2116	0.652173913043478	30	20.8413684138695	4.04040523014364e-21	4.55050639044928e-19	4.55050639044928e-19	B2M/HLA-DQB2/HLA-DRA/HLA-DQA1/CD74/HLA-DQB1/HLA-DQA2/HLA-DMA/HLA-DPA1/HLA-DOB/HLA-DRB1/HLA-DPB1/HLA-DOA/HLA-DMB/HLA-DRB5	15
panel30	leiden	5	GOBP_POSITIVE_REGULATION_OF_IMMUNE_RESPONSE	GOBP_POSITIVE_REGULATION_OF_IMMUNE_RESPONSE	32/46	246/2116	0.130081300813008	5.98373983739837	12.3922749982124	1.04903103703477e-20	9.57304002337973e-19	9.57304002337973e-19	B2M/HLA-DQB2/CD8A/HLA-B/HLA-DRA/HLA-G/HLA-DQA1/KLRD1/CD74/HLA-F/IL27RA/HLA-DQB1/HLA-DQA2/HLA-DMA/HLA-DPA1/KLRC1/HSP90B1/HLA-DOB/HLA-DRB1/HLA-E/CD86/A2M/CD4/CD8B/HLA-DPB1/TAP2/HLA-DOA/HLA-DMB/HLA-C/CD80/HLA-A/HLA-DRB5	32
panel30	leiden	5	GOBP_ANTIGEN_PROCESSING_AND_PRESENTATION_OF_PEPTIDE_OR_POLYSACCHARIDE_ANTIGEN_VIA_MHC_CLASS_II	GOBP_ANTIGEN_PROCESSING_AND_PRESENTATION_OF_PEPTIDE_OR_POLYSACCHARIDE_ANTIGEN_VIA_MHC_CLASS_II	15/46	24/2116	0.625	28.75	20.3768335167233	1.0624905686326e-20	9.57304002337973e-19	9.57304002337973e-19	B2M/HLA-DQB2/HLA-DRA/HLA-DQA1/CD74/HLA-DQB1/HLA-DQA2/HLA-DMA/HLA-DPA1/HLA-DOB/HLA-DRB1/HLA-DPB1/HLA-DOA/HLA-DMB/HLA-DRB5	15
panel30	leiden	2	GOBP_CELL_SURFACE_RECEPTOR_PROTEIN_TYROSINE_KINASE_SIGNALING_PATHWAY	GOBP_CELL_SURFACE_RECEPTOR_PROTEIN_TYROSINE_KINASE_SIGNALING_PATHWAY	80/188	236/2116	0.338983050847458	3.81536242336819	14.3249126474826	3.19404714369894e-32	7.07162037614945e-29	4.16323258380452e-29	PDGFRB/CAV2/CSF1R/FLT4/IRS1/STAT6/EPHA2/PIK3CB/SOS1/STAT5A/LYN/PIK3R1/GP6/GHR/SOCS3/ERBB2/JAK1/PIK3CD/STAT3/PGF/SOCS2/PTPN11/MAP2K1/GRB2/JAK3/SRC/SHC1/PDGFRA/RET/BRAF/HRAS/HSPB1/EFNA1/JAK2/AKT1/IRS4/VEGFC/RPS6KB2/LCK/EREG/IGF1R/MAPK3/TGFA/VEGFD/KDR/CSF1/ERBB3/KIT/MET/EGFR/CRK/TYK2/PRKCB/PLCG1/PDGFB/IRS2/CSF2RA/VAV2/AREG/PIK3CA/FLT1/MAPK1/GRB10/PTK2/MAP2K2/RAPGEF1/INSR/VAV1/EFNA4/STAT5B/FLT3/PIK3R3/FGF2/CRKL/EGF/ITGA5/FYN/RASA1/ERBB4/PIK3R2	80
panel30	leiden	2	GOBP_CELL_SURFACE_RECEPTOR_SIGNALING_PATHWAY_VIA_STAT	GOBP_CELL_SURFACE_RECEPTOR_SIGNALING_PATHWAY_VIA_STAT	44/188	80/2116	0.55	6.19042553191489	14.7754142869278	2.04067806819465e-27	2.25903062149148e-24	1.32994552746715e-24	IL15/IFNAR1/CSF1R/IL4R/IL6/IL2RG/IFNAR2/STAT6/STAT5A/STAT4/GHR/SOCS3/LIF/JAK1/STAT3/CTF1/SOCS2/STAT2/JAK3/IL15RA/CSF2/IL13RA1/JAK2/LEPR/OSM/KIT/CRLF2/IL6R/TYK2/CSF2RA/IL2RB/STAT1/IL6ST/CSF2RB/PIAS1/IL7R/CLCF1/IL2RA/STAT5B/FLT3/EGF/ERBB4/IL7/CAV1	44
panel30	leiden	2	GOBP_CELL_SURFACE_RECEPTOR_SIGNALING_PATHWAY_VIA_JAK_STAT	GOBP_CELL_SURFACE_RECEPTOR_SIGNALING_PATHWAY_VIA_JAK_STAT	41/188	71/2116	0.577464788732394	6.4995504944561	14.716017912729	1.1439399793072e-26	8.44227704728715e-24	4.97017105207064e-24	IL15/IFNAR1/CSF1R/IL4R/IL6/IL2RG/IFNAR2/STAT6/STAT5A/STAT4/GHR/SOCS3/JAK1/STAT3/CTF1/SOCS2/STAT2/JAK3/IL15RA/CSF2/IL13RA1/JAK2/OSM/KIT/IL6R/TYK2/CSF2RA/IL2RB/STAT1/IL6ST/CSF2RB/PIAS1/IL7R/CLCF1/IL2RA/STAT5B/FLT3/EGF/ERBB4/IL7/CAV1	41
panel30	leiden	2	GOBP_POSITIVE_REGULATION_OF_CELL_POPULATION_PROLIFERATION	GOBP_POSITIVE_REGULATION_OF_CELL_POPULATION_PROLIFERATION	85/188	322/2116	0.263975155279503	2.97112462006079	11.9925460468487	1.99351072754001e-25	1.10340818769339e-22	6.4960287400823e-23	IL15/PDGFRB/CAV2/CSF1R/FLT4/NRAS/IRS1/IL6/IL2RG/STAT5A/LYN/PIK3R1/GHR/LIF/ERBB2/PIK3CD/STAT3/CTF1/PGF/SHC1/BTK/PDGFRA/ZAP70/PRKCA/NF1/HRAS/CSF2/KRAS/LIFR/JAK2/AKT1/VEGFC/CNTFR/EREG/IGF1R/MAPK3/TGFA/VEGFD/KDR/LEPR/OSM/CSF1/ERBB3/KIT/CRLF2/IL6R/EGFR/TYK2/ESR1/CDK6/PLCG1/PDGFB/IRS2/CSF2RA/AREG/PIK3CA/FLT3LG/IL2RB/OSMR/FLT1/STAT1/IL6ST/MAPK1/CSF2RB/DLG1/PTK2/PTEN/PTPN6/CSF3R/IL7R/CLCF1/IL2RA/INSR/STAT5B/KITLG/FLT3/FGF2/CRKL/EGF/ILK/ERBB4/ADAM10/CDK4/IL7/ITGAX	85
panel30	leiden	2	GOBP_CYTOKINE_MEDIATED_SIGNALING_PATHWAY	GOBP_CYTOKINE_MEDIATED_SIGNALING_PATHWAY	69/188	230/2116	0.3	3.37659574468085	11.9187026401462	1.56100264507702e-23	6.91211971240105e-21	4.06933071617948e-21	IL15/IFNAR1/CSF1R/SRSF1/HSPA1A/IL4R/IRS1/IL6/IL2RG/IFNAR2/STAT6/SOS1/STAT5A/STAT4/LYN/PIK3R1/HSPA1B/GHR/SOCS3/JAK1/STAT3/SOCS2/PTPN11/STAT2/JAK3/SRC/EPOR/IL15RA/CSF2/KRAS/IL13RA1/LIFR/JAK2/AKT1/CNTFR/EREG/MAPK3/CDC37/LEPR/OSM/CSF1/KIT/IL22RA1/CRLF2/IL6R/TYK2/PIAS3/PDGFB/CSF2RA/IL2RB/OSMR/STAT1/IL6ST/MAPK1/CSF2RB/PTPN6/CSF3R/IFNGR1/IL7R/PRKACA/CLCF1/IL2RA/STAT5B/FLT3/ILK/ADAM10/IL7/IKBKB/CAV1	69
panel30	leiden	2	GOBP_ENZYME_LINKED_RECEPTOR_PROTEIN_SIGNALING_PATHWAY	GOBP_ENZYME_LINKED_RECEPTOR_PROTEIN_SIGNALING_PATHWAY	88/188	375/2116	0.234666666666667	2.64124822695035	10.9388360678782	2.08777080327834e-22	7.70387426409708e-20	4.53545561721543e-20	PDGFRB/CAV2/CSF1R/HSPA1A/FLT4/IRS1/STAT6/EPHA2/PIK3CB/SOS1/STAT5A/LYN/PIK3R1/GP6/GHR/SOCS3/LIF/ERBB2/JAK1/PIK3CD/STAT3/PGF/SOCS2/PTPN11/MAP2K1/PIAS2/GRB2/JAK3/SRC/SHC1/PDGFRA/RET/BRAF/HRAS/HSPB1/EFNA1/LIFR/JAK2/AKT1/IRS4/VEGFC/RPS6KB2/LCK/EREG/IGF1R/MAPK3/TGFA/VEGFD/KDR/CSF1/ERBB3/KIT/MET/EGFR/CRK/TYK2/PRKCB/PLCG1/PDGFB/IRS2/CSF2RA/VAV2/AREG/PIK3CA/FLT1/IL6ST/MAPK1/GRB10/PTK2/MAP2K2/RAPGEF1/INSR/VAV1/EFNA4/STAT5B/FLT3/PIK3R3/FGF2/CRKL/EGF/ILK/ITGA5/FYN/RASA1/ERBB4/HSP90AB1/PIK3R2/CAV1	88
panel30	leiden	2	GOBP_PEPTIDYL_TYROSINE_MODIFICATION	GOBP_PEPTIDYL_TYROSINE_MODIFICATION	33/188	59/2116	0.559322033898305	6.29534799855752	12.879053934618	7.31486163332168e-21	2.31358623659631e-18	1.36206372702435e-18	IL15/PDGFRB/CSF1R/FLT4/IL4R/IL6/IL2RG/LYN/LIF/ERBB2/CTF1/JAK3/SRC/BTK/PDGFRA/ZAP70/IL13RA1/JAK2/ITGB2/IGF1R/MAPK3/KDR/OSM/KIT/EGFR/PDGFB/FLT1/PTPN6/IL7R/FLT3/FYN/ERBB4/IL7	33
panel30	leiden	2	GOBP_CELL_ACTIVATION	GOBP_CELL_ACTIVATION	78/188	352/2116	0.221590909090909	2.49407640232108	9.58463201427591	1.08910057157059e-17	3.0140858318216e-15	1.774464645719e-15	IL15/IL4R/IL6/ITGAL/IL2RG/STAT6/PIK3CB/SOS1/RPS6KA1/STAT5A/STAT4/LYN/PIK3R1/GP6/SOCS3/SDC4/ERBB2/JAK1/PIK3CD/STAT3/PTPN11/PIK3R6/GRB2/JAK3/SRC/BTK/PDGFRA/ZAP70/PRKCA/BRAF/LAT/PIK3CG/TSC1/HSPB1/IL15RA/CSF2/JAK2/AKT1/ITGB2/ITGAM/LCK/CD19/APP/LEPR/CSF1/KIT/CCND3/CRLF2/IL6R/TYK2/CDK6/PRKCB/PDGFB/IRS2/VAV2/PIK3CA/FLT3LG/IL6ST/DLG1/ICAM3/ICAM1/PTPN6/IFNGR1/IL7R/CLCF1/IL2RA/VAV1/STAT5B/FLT3/PIK3R3/GP1BB/ILK/FYN/PLCG2/ADAM10/IL7/PIK3R2/CAV1	78
panel30	leiden	2	GOBP_PEPTIDYL_AMINO_ACID_MODIFICATION	GOBP_PEPTIDYL_AMINO_ACID_MODIFICATION	46/188	137/2116	0.335766423357664	3.77915825438733	10.5010145399129	1.84027341629709e-17	4.52707260409085e-15	2.6651962594268e-15	IL15/PDGFRB/UBE2I/CSF1R/FLT4/IL4R/IL6/IL2RG/LYN/LIF/ERBB2/CTF1/PIAS2/JAK3/SRC/BTK/PDGFRA/ZAP70/BRAF/IL13RA1/JAK2/AKT1/ITGB2/IGF1R/MAPK3/KDR/OSM/KIT/EGFR/S100A8/PIAS3/PDGFB/FLT1/MAPK1/PTEN/PIAS1/MAP2K2/S100A9/PTPN6/IL7R/FLT3/EGF/FYN/ERBB4/IL7/IKBKB	46
panel30	leiden	2	GOBP_RESPONSE_TO_PEPTIDE_HORMONE	GOBP_RESPONSE_TO_PEPTIDE_HORMONE	48/188	153/2116	0.313725490196078	3.53108051731331	10.1478052099824	7.57130108243783e-17	1.67628605965174e-14	9.86869822206066e-15	CAV2/IRS1/STAT6/SOS1/STAT5A/STAT4/LYN/PIK3R1/GHR/SOCS3/JAK1/STAT3/SOCS2/PTPN11/MAP2K1/STAT2/GRB2/JAK3/SRC/SHC1/PRKCA/HRAS/TSC1/JAK2/AKT1/IRS4/RPS6KB2/EREG/IGF1R/MAPK3/CRK/TYK2/PRKCB/IRS2/CSF2RA/AREG/PIK3CA/STAT1/MAPK1/GRB10/PTK2/PRKACA/INSR/STAT5B/PIK3R3/FYN/PIK3R2/CAV1	48
panel30	leiden	8	GOBP_OXIDATIVE_PHOSPHORYLATION	GOBP_OXIDATIVE_PHOSPHORYLATION	62/65	73/2116	0.849315068493151	27.6484720758693	41.2409436499877	7.80758689990151e-104	1.74109187867804e-101	1.74109187867804e-101	COX6B1/COX5B/NDUFB1/NDUFS7/NDUFA3/NDUFB2/COX5A/NDUFAB1/NDUFA6/NDUFA7/NDUFS6/NDUFB6/NDUFA2/NDUFV3/COX7A2/COX7A2L/COX7A1/NDUFS8/NDUFB7/NDUFS3/CYC1/NDUFA12/UQCR10/NDUFB10/UQCRFS1/NDUFA9/NDUFB9/NDUFV2/COX7C/NDUFS4/UQCR11/NDUFB11/NDUFB4/UQCRH/UQCRHL/NDUFC2-KCTD14/NDUFA11/COX7B/NDUFA1/COX6A1/UQCRB/NDUFV1/NDUFA10/NDUFA5/COX4I2/NDUFC2/NDUFA8/CYCS/NDUFA13/NDUFB3/NDUFS2/COX6C/NDUFB8/NDUFS1/UQCRQ/COX4I1/UQCRC1/COX8A/NDUFC1/NDUFB5/UQCRC2/NDUFS5	62
panel30	leiden	8	GOBP_ATP_SYNTHESIS_COUPLED_ELECTRON_TRANSPORT	GOBP_ATP_SYNTHESIS_COUPLED_ELECTRON_TRANSPORT	60/65	68/2116	0.882352941176471	28.7239819004525	41.3593896205683	3.41484586959189e-101	3.80755314459496e-99	3.80755314459496e-99	COX6B1/COX5B/NDUFB1/NDUFS7/NDUFA3/NDUFB2/COX5A/NDUFAB1/NDUFA6/NDUFA7/NDUFS6/NDUFB6/NDUFA2/NDUFV3/COX7A2/COX7A2L/COX7A1/NDUFS8/NDUFB7/NDUFS3/CYC1/NDUFA12/UQCR10/NDUFB10/UQCRFS1/NDUFA9/NDUFB9/NDUFV2/COX7C/NDUFS4/UQCR11/NDUFB4/UQCRH/UQCRHL/NDUFC2-KCTD14/NDUFA11/COX7B/NDUFA1/COX6A1/UQCRB/NDUFV1/NDUFA10/NDUFA5/COX4I2/NDUFC2/NDUFA8/CYCS/NDUFB3/NDUFS2/COX6C/NDUFB8/NDUFS1/UQCRQ/COX4I1/UQCRC1/COX8A/NDUFC1/NDUFB5/UQCRC2/NDUFS5	60
panel30	leiden	8	GOBP_ELECTRON_TRANSPORT_CHAIN	GOBP_ELECTRON_TRANSPORT_CHAIN	60/65	71/2116	0.845070422535211	27.510292524377	40.4413898056907	1.17437721038355e-98	8.72953726385106e-97	8.72953726385106e-97	COX6B1/COX5B/NDUFB1/NDUFS7/NDUFA3/NDUFB2/COX5A/NDUFAB1/NDUFA6/NDUFA7/NDUFS6/NDUFB6/NDUFA2/NDUFV3/COX7A2/COX7A2L/COX7A1/NDUFS8/NDUFB7/NDUFS3/CYC1/NDUFA12/UQCR10/NDUFB10/UQCRFS1/NDUFA9/NDUFB9/NDUFV2/COX7C/NDUFS4/UQCR11/NDUFB4/UQCRH/UQCRHL/NDUFC2-KCTD14/NDUFA11/COX7B/NDUFA1/COX6A1/UQCRB/NDUFV1/NDUFA10/NDUFA5/COX4I2/NDUFC2/NDUFA8/CYCS/NDUFB3/NDUFS2/COX6C/NDUFB8/NDUFS1/UQCRQ/COX4I1/UQCRC1/COX8A/NDUFC1/NDUFB5/UQCRC2/NDUFS5	60
panel30	leiden	8	GOBP_CELLULAR_RESPIRATION	GOBP_CELLULAR_RESPIRATION	62/65	125/2116	0.496	16.1467076923077	31.0718173115361	6.13519647375595e-80	3.42037203411894e-78	3.42037203411894e-78	COX6B1/COX5B/NDUFB1/NDUFS7/NDUFA3/NDUFB2/COX5A/NDUFAB1/NDUFA6/NDUFA7/NDUFS6/NDUFB6/NDUFA2/NDUFV3/COX7A2/COX7A2L/COX7A1/NDUFS8/NDUFB7/NDUFS3/CYC1/NDUFA12/UQCR10/NDUFB10/UQCRFS1/NDUFA9/NDUFB9/NDUFV2/COX7C/NDUFS4/UQCR11/NDUFB11/NDUFB4/UQCRH/UQCRHL/NDUFC2-KCTD14/NDUFA11/COX7B/NDUFA1/COX6A1/UQCRB/NDUFV1/NDUFA10/NDUFA5/COX4I2/NDUFC2/NDUFA8/CYCS/NDUFA13/NDUFB3/NDUFS2/COX6C/NDUFB8/NDUFS1/UQCRQ/COX4I1/UQCRC1/COX8A/NDUFC1/NDUFB5/UQCRC2/NDUFS5	62
panel30	leiden	8	GOBP_GENERATION_OF_PRECURSOR_METABOLITES_AND_ENERGY	GOBP_GENERATION_OF_PRECURSOR_METABOLITES_AND_ENERGY	62/65	153/2116	0.405228758169935	13.1917546505782	27.8663966044391	9.19518188264094e-73	4.10105111965786e-71	4.10105111965786e-71	COX6B1/COX5B/NDUFB1/NDUFS7/NDUFA3/NDUFB2/COX5A/NDUFAB1/NDUFA6/NDUFA7/NDUFS6/NDUFB6/NDUFA2/NDUFV3/COX7A2/COX7A2L/COX7A1/NDUFS8/NDUFB7/NDUFS3/CYC1/NDUFA12/UQCR10/NDUFB10/UQCRFS1/NDUFA9/NDUFB9/NDUFV2/COX7C/NDUFS4/UQCR11/NDUFB11/NDUFB4/UQCRH/UQCRHL/NDUFC2-KCTD14/NDUFA11/COX7B/NDUFA1/COX6A1/UQCRB/NDUFV1/NDUFA10/NDUFA5/COX4I2/NDUFC2/NDUFA8/CYCS/NDUFA13/NDUFB3/NDUFS2/COX6C/NDUFB8/NDUFS1/UQCRQ/COX4I1/UQCRC1/COX8A/NDUFC1/NDUFB5/UQCRC2/NDUFS5	62
panel30	leiden	8	GOBP_PROTON_TRANSMEMBRANE_TRANSPORT	GOBP_PROTON_TRANSMEMBRANE_TRANSPORT	46/65	79/2116	0.582278481012658	18.9554040895813	28.949578747652	1.63511657715903e-57	6.07718327844108e-56	6.07718327844108e-56	COX6B1/COX5B/NDUFB1/NDUFS7/NDUFA3/NDUFB2/COX5A/NDUFA6/NDUFA7/NDUFS6/NDUFB6/NDUFA2/NDUFV3/COX7A2L/COX7A1/NDUFS8/NDUFB7/NDUFS3/CYC1/NDUFA12/UQCR10/NDUFB10/UQCRFS1/NDUFA9/NDUFB9/NDUFV2/NDUFS4/NDUFB4/UQCRH/COX7B/NDUFA1/NDUFV1/NDUFA10/NDUFA5/NDUFC2/NDUFA8/NDUFB3/NDUFS2/NDUFB8/NDUFS1/COX4I1/UQCRC1/COX8A/NDUFC1/NDUFB5/NDUFS5	46
panel30	leiden	8	GOBP_MITOCHONDRIAL_ELECTRON_TRANSPORT_NADH_TO_UBIQUINONE	GOBP_MITOCHONDRIAL_ELECTRON_TRANSPORT_NADH_TO_UBIQUINONE	35/65	36/2116	0.972222222222222	31.6495726495727	33.0120915149724	5.92356675712595e-57	1.88707912405584e-55	1.88707912405584e-55	NDUFB1/NDUFS7/NDUFA3/NDUFB2/NDUFAB1/NDUFA6/NDUFA7/NDUFS6/NDUFB6/NDUFA2/NDUFV3/NDUFS8/NDUFB7/NDUFS3/NDUFB10/NDUFA9/NDUFB9/NDUFV2/NDUFS4/NDUFB4/NDUFC2-KCTD14/NDUFA11/NDUFA1/NDUFV1/NDUFA10/NDUFA5/NDUFC2/NDUFA8/NDUFB3/NDUFS2/NDUFB8/NDUFS1/NDUFC1/NDUFB5/NDUFS5	35
panel30	leiden	8	GOBP_PROTON_MOTIVE_FORCE_DRIVEN_ATP_SYNTHESIS	GOBP_PROTON_MOTIVE_FORCE_DRIVEN_ATP_SYNTHESIS	37/65	42/2116	0.880952380952381	28.6783882783883	32.2470581367855	2.67093928317709e-56	7.44524325185613e-55	7.44524325185613e-55	NDUFB1/NDUFS7/NDUFA3/NDUFB2/NDUFAB1/NDUFA6/NDUFA7/NDUFS6/NDUFB6/NDUFA2/NDUFV3/NDUFS8/NDUFB7/NDUFS3/NDUFA12/NDUFB10/NDUFA9/NDUFB9/NDUFV2/NDUFS4/NDUFB11/NDUFB4/NDUFA11/NDUFA1/NDUFV1/NDUFA10/NDUFA5/NDUFC2/NDUFA8/NDUFA13/NDUFB3/NDUFS2/NDUFB8/NDUFS1/NDUFC1/NDUFB5/NDUFS5	37
panel30	leiden	8	GOBP_ATP_BIOSYNTHETIC_PROCESS	GOBP_ATP_BIOSYNTHETIC_PROCESS	37/65	50/2116	0.74	24.0898461538462	29.4082997809748	1.00211592593661e-50	2.23471851483865e-49	2.23471851483865e-49	NDUFB1/NDUFS7/NDUFA3/NDUFB2/NDUFAB1/NDUFA6/NDUFA7/NDUFS6/NDUFB6/NDUFA2/NDUFV3/NDUFS8/NDUFB7/NDUFS3/NDUFA12/NDUFB10/NDUFA9/NDUFB9/NDUFV2/NDUFS4/NDUFB11/NDUFB4/NDUFA11/NDUFA1/NDUFV1/NDUFA10/NDUFA5/NDUFC2/NDUFA8/NDUFA13/NDUFB3/NDUFS2/NDUFB8/NDUFS1/NDUFC1/NDUFB5/NDUFS5	37
panel30	leiden	8	GOBP_NUCLEOSIDE_TRIPHOSPHATE_BIOSYNTHETIC_PROCESS	GOBP_NUCLEOSIDE_TRIPHOSPHATE_BIOSYNTHETIC_PROCESS	37/65	50/2116	0.74	24.0898461538462	29.4082997809748	1.00211592593661e-50	2.23471851483865e-49	2.23471851483865e-49	NDUFB1/NDUFS7/NDUFA3/NDUFB2/NDUFAB1/NDUFA6/NDUFA7/NDUFS6/NDUFB6/NDUFA2/NDUFV3/NDUFS8/NDUFB7/NDUFS3/NDUFA12/NDUFB10/NDUFA9/NDUFB9/NDUFV2/NDUFS4/NDUFB11/NDUFB4/NDUFA11/NDUFA1/NDUFV1/NDUFA10/NDUFA5/NDUFC2/NDUFA8/NDUFA13/NDUFB3/NDUFS2/NDUFB8/NDUFS1/NDUFC1/NDUFB5/NDUFS5	37
panel30	leiden	6	GOBP_CANONICAL_NF_KAPPAB_SIGNAL_TRANSDUCTION	GOBP_CANONICAL_NF_KAPPAB_SIGNAL_TRANSDUCTION	57/144	150/2116	0.38	5.58388888888889	15.7351515971518	3.39730359225618e-32	6.3495604139268e-29	6.3495604139268e-29	LTA/TRAF5/CASP10/FADD/CD40/IKBKG/TAB3/MYD88/TLR9/TANK/TAB2/MALT1/TNFRSF1A/TLR4/TRAF1/CASP8/TRADD/TICAM1/TLR8/TLR6/CFLAR/MAP3K7/BCL10/BIRC3/IL1R1/CARD11/BIRC2/TLR2/IRF3/IRAK1/TRAF2/SQSTM1/FASLG/IKBKE/TBK1/TAB1/TRAF3/CARD14/IL1RAP/ARRB2/RIPK1/ERC1/TNFRSF10B/TAX1BP1/CYLD/OPTN/TIRAP/TLR7/CD40LG/XIAP/TNFAIP3/TICAM2/TNF/TLR3/CHUK/LTB/TRAF6	57
panel30	leiden	6	GOBP_POSITIVE_REGULATION_OF_CANONICAL_NF_KAPPAB_SIGNAL_TRANSDUCTION	GOBP_POSITIVE_REGULATION_OF_CANONICAL_NF_KAPPAB_SIGNAL_TRANSDUCTION	46/144	110/2116	0.418181818181818	6.1449494949495	14.9725223738303	1.06893860786357e-27	9.98923129048505e-25	9.98923129048505e-25	LTA/TRAF5/CASP10/FADD/CD40/IKBKG/TAB3/MYD88/TLR9/TAB2/MALT1/TNFRSF1A/TLR4/CASP8/TRADD/TICAM1/TLR8/TLR6/CFLAR/MAP3K7/BCL10/BIRC3/IL1R1/CARD11/BIRC2/TLR2/IRF3/IRAK1/TRAF2/FASLG/IKBKE/TBK1/CARD14/IL1RAP/RIPK1/TNFRSF10B/TIRAP/TLR7/CD40LG/XIAP/TICAM2/TNF/TLR3/CHUK/LTB/TRAF6	46
panel30	leiden	6	GOBP_EXTRINSIC_APOPTOTIC_SIGNALING_PATHWAY	GOBP_EXTRINSIC_APOPTOTIC_SIGNALING_PATHWAY	44/144	141/2116	0.312056737588653	4.58550039401103	11.9058047904408	2.72560898141328e-20	1.69805439542047e-17	1.69805439542047e-17	LTA/GABARAP/TRAF5/FADD/BCL2L1/RAF1/RB1CC1/PEA15/HTRA2/BCL2A1/TNFRSF1A/BCL2/BID/TLR4/TRAF1/CASP8/TRADD/CASP3/TLR6/CFLAR/BCL10/BIRC3/BIRC2/TRAF2/FASLG/TNFRSF1B/FAS/CASP7/TNFRSF10A/RIPK1/DIABLO/TNFRSF10B/BAX/CYLD/BCL2L11/CD40LG/MCL1/TNFAIP3/BAK1/NGFR/PMAIP1/TNF/TLR3/LTB	44
panel30	leiden	6	GOBP_POSITIVE_REGULATION_OF_DEFENSE_RESPONSE	GOBP_POSITIVE_REGULATION_OF_DEFENSE_RESPONSE	50/144	185/2116	0.27027027027027	3.97147147147147	11.4300799705864	4.22253380516153e-20	1.97297892046172e-17	1.97297892046172e-17	LTA/CASP6/FADD/CD14/MYD88/TLR9/TNFRSF1A/TLR4/TRADD/CASP3/TICAM1/TLR8/TLR6/IRF5/IRF7/MAP3K7/BCL10/BIRC3/IL1R1/BIRC2/TLR2/IRF3/IRAK1/TRAF2/SQSTM1/TLR1/IKBKE/TBK1/TAB1/TRAF3/BECN1/IL1RAP/TLR5/ARRB2/RIPK1/PIK3C3/LY96/IRF1/TAX1BP1/CYLD/OPTN/TIRAP/TLR7/XIAP/TNFAIP3/TICAM2/TNF/TLR3/CHUK/TRAF6	50
panel30	leiden	6	GOBP_ACTIVATION_OF_INNATE_IMMUNE_RESPONSE	GOBP_ACTIVATION_OF_INNATE_IMMUNE_RESPONSE	40/144	118/2116	0.338983050847458	4.98116760828625	12.0236603666329	7.07333947532964e-20	2.64401429587822e-17	2.64401429587822e-17	CASP6/CD14/MYD88/TLR9/TLR4/TICAM1/TLR8/TLR6/IRF5/IRF7/MAP3K7/BCL10/BIRC3/BIRC2/TLR2/IRF3/IRAK1/TRAF2/SQSTM1/TLR1/IKBKE/TBK1/TAB1/TRAF3/BECN1/TLR5/ARRB2/LY96/IRF1/TAX1BP1/CYLD/TIRAP/TLR7/XIAP/TNFAIP3/TICAM2/TNF/TLR3/CHUK/TRAF6	40
panel30	leiden	6	GOBP_TOLL_LIKE_RECEPTOR_SIGNALING_PATHWAY	GOBP_TOLL_LIKE_RECEPTOR_SIGNALING_PATHWAY	26/144	46/2116	0.565217391304348	8.30555555555556	13.5341182737823	8.68312707915101e-20	2.6646292319071e-17	2.6646292319071e-17	MYD88/TLR9/TLR4/TICAM1/TLR8/TLR6/IRF7/MAP3K7/BCL10/BIRC3/BIRC2/TLR2/IRF3/IRAK1/TRAF2/TLR1/TRAF3/TLR5/ARRB2/LY96/IRF1/TIRAP/TLR7/TICAM2/TLR3/TRAF6	26
panel30	leiden	6	GOBP_APOPTOTIC_SIGNALING_PATHWAY	GOBP_APOPTOTIC_SIGNALING_PATHWAY	60/144	270/2116	0.222222222222222	3.26543209876543	10.7671325630788	9.97988476369702e-20	2.6646292319071e-17	2.6646292319071e-17	LTA/GABARAP/CASP6/TRAF5/FADD/BCL2L1/RAF1/IKBKG/MAP3K5/CASP9/ERN1/RB1CC1/SLC25A5/BBC3/PEA15/HTRA2/BCL2A1/TNFRSF1A/BCL2/BID/TLR4/TRAF1/RIPK3/CASP8/TRADD/CASP3/TICAM1/TLR6/CFLAR/BCL10/BIRC3/APAF1/BIRC2/HRK/TRAF2/FASLG/IKBKE/TNFRSF1B/FAS/BECN1/CASP7/ITPR1/TNFRSF10A/VDAC2/RIPK1/DIABLO/TNFRSF10B/BAX/CYLD/BCL2L11/CD40LG/MCL1/TNFAIP3/BAK1/NGFR/MAP2K4/PMAIP1/TNF/TLR3/LTB	60
panel30	leiden	6	GOBP_TYPE_I_INTERFERON_PRODUCTION	GOBP_TYPE_I_INTERFERON_PRODUCTION	28/144	59/2116	0.474576271186441	6.97363465160075	12.5727561990069	1.49036526164351e-18	3.48186584251466e-16	3.48186584251466e-16	LTA/CD14/MYD88/TLR9/TANK/TLR4/TRADD/TICAM1/TLR8/IRF5/IRF7/ATG5/TLR2/IRF3/IRAK1/IKBKE/TBK1/TRAF3/IRF1/CYLD/TIRAP/TLR7/XIAP/TICAM2/TLR3/CHUK/LTB/TRAF6	28
panel30	leiden	6	GOBP_REGULATION_OF_IMMUNE_RESPONSE	GOBP_REGULATION_OF_IMMUNE_RESPONSE	61/144	301/2116	0.20265780730897	2.97794389073459	10.0101797789809	6.82810456135444e-18	1.41796971390794e-15	1.41796971390794e-15	LTA/CASP6/FADD/PRKCQ/CD40/CD14/IKBKG/IL18R1/MYD88/SMCR8/TLR9/MAPK14/MALT1/BCL2/TLR4/RIPK3/CASP8/TICAM1/TLR8/TLR6/IRF5/IRF7/MAP3K7/ATG5/BCL10/BIRC3/IL1R1/MAP3K1/CARD11/BIRC2/TLR2/IRF3/IRAK1/TRAF2/SQSTM1/TLR1/IKBKE/TNFRSF1B/TBK1/TAB1/TRAF3/BECN1/CARD14/TLR5/ARRB2/PIK3C3/LY96/IRF1/BAX/TAX1BP1/CYLD/TIRAP/TLR7/XIAP/TNFAIP3/MAP2K4/TICAM2/TNF/TLR3/CHUK/TRAF6	61
panel30	leiden	6	GOBP_POSITIVE_REGULATION_OF_TYPE_I_INTERFERON_PRODUCTION	GOBP_POSITIVE_REGULATION_OF_TYPE_I_INTERFERON_PRODUCTION	23/144	40/2116	0.575	8.44930555555555	12.8503538366522	8.46126629757893e-18	1.5814106710175e-15	1.5814106710175e-15	CD14/MYD88/TLR9/TANK/TLR4/TRADD/TICAM1/TLR8/IRF5/IRF7/TLR2/IRF3/IRAK1/IKBKE/TBK1/TRAF3/IRF1/TLR7/XIAP/TICAM2/TLR3/CHUK/TRAF6	23
panel30	leiden	9	GOBP_PROTEOLYSIS_INVOLVED_IN_PROTEIN_CATABOLIC_PROCESS	GOBP_PROTEOLYSIS_INVOLVED_IN_PROTEIN_CATABOLIC_PROCESS	49/53	202/2116	0.242574257425743	9.68466280590323	20.7970236502942	6.78724420516941e-48	3.65153738238114e-45	3.65153738238114e-45	PSME3/PSMB5/PSMA3/PSME4/PSMD2/PSMB4/PSMD13/PSMB10/PSMC5/PSMC6/ADRM1/PSME2/PSMA7/PSMA6/PSMA2/PSMF1/PSMD9/PSMC4/PSMB3/PSMD7/STAM/PSMD11/PSMB6/PSMD14/PSMC1/PSME1/PSMB2/PSMB1/PSMA4/UBA52/PSMD6/PSMC2/PSMD3/PSMA5/RPS27A/PSMD4/PSMC3/PSMD8/PSMB8/ITCH/PSMA1/STAM2/PSMD12/PSMB7/UBB/SEM1/UBC/PSMD1/PSMB9	49
panel30	leiden	9	GOBP_MODIFICATION_DEPENDENT_MACROMOLECULE_CATABOLIC_PROCESS	GOBP_MODIFICATION_DEPENDENT_MACROMOLECULE_CATABOLIC_PROCESS	45/53	165/2116	0.272727272727273	10.8885077186964	21.1976443295207	1.62132879380765e-44	4.36137445534259e-42	4.36137445534259e-42	PSMB5/PSMA3/PSMD2/PSMB4/PSMD13/PSMB10/PSMC5/PSMC6/ADRM1/PSMA7/PSMA6/PSMA2/PSMF1/PSMD9/PSMC4/PSMB3/PSMD7/STAM/PSMD11/PSMB6/PSMD14/PSMC1/PSMB2/PSMB1/PSMA4/UBA52/PSMD6/PSMC2/PSMD3/PSMA5/RPS27A/PSMD4/PSMC3/PSMD8/PSMB8/ITCH/PSMA1/STAM2/PSMD12/PSMB7/UBB/SEM1/UBC/PSMD1/PSMB9	45
panel30	leiden	9	GOBP_PROTEIN_CATABOLIC_PROCESS	GOBP_PROTEIN_CATABOLIC_PROCESS	50/53	266/2116	0.18796992481203	7.50461058306143	18.1810835331939	2.05742798950047e-43	3.68965419450418e-41	3.68965419450418e-41	PSME3/PSMB5/PSMA3/PSME4/PSMD2/PSMB4/PSMD13/PSMB10/PSMC5/PSMC6/ADRM1/PSME2/PSMA7/PSMA6/PSMA2/PSMF1/PSMD9/PSMC4/MDM4/PSMB3/PSMD7/STAM/PSMD11/PSMB6/PSMD14/PSMC1/PSME1/PSMB2/PSMB1/PSMA4/UBA52/PSMD6/PSMC2/PSMD3/PSMA5/RPS27A/PSMD4/PSMC3/PSMD8/PSMB8/ITCH/PSMA1/STAM2/PSMD12/PSMB7/UBB/SEM1/UBC/PSMD1/PSMB9	50
panel30	leiden	9	GOBP_PROTEASOMAL_PROTEIN_CATABOLIC_PROCESS	GOBP_PROTEASOMAL_PROTEIN_CATABOLIC_PROCESS	43/53	154/2116	0.279220779220779	11.1477579024749	20.956775603405	3.08470304049746e-42	4.14892558946909e-40	4.14892558946909e-40	PSME3/PSMB5/PSMA3/PSME4/PSMD2/PSMB4/PSMD13/PSMB10/PSMC5/PSMC6/ADRM1/PSME2/PSMA7/PSMA6/PSMA2/PSMF1/PSMC4/PSMB3/PSMD7/PSMD11/PSMB6/PSMD14/PSMC1/PSME1/PSMB2/PSMB1/PSMA4/PSMD6/PSMC2/PSMD3/PSMA5/PSMD4/PSMC3/PSMD8/PSMB8/ITCH/PSMA1/PSMD12/PSMB7/UBB/SEM1/PSMD1/PSMB9	43
panel30	leiden	9	GOBP_REGULATION_OF_PROTEOLYSIS_INVOLVED_IN_PROTEIN_CATABOLIC_PROCESS	GOBP_REGULATION_OF_PROTEOLYSIS_INVOLVED_IN_PROTEIN_CATABOLIC_PROCESS	38/53	103/2116	0.368932038834951	14.7294376259388	22.8924871964028	2.80935720501468e-41	3.0228683525958e-39	3.0228683525958e-39	PSME3/PSMB5/PSMA3/PSMD2/PSMB4/PSMD13/PSMC5/PSMC6/ADRM1/PSME2/PSMA7/PSMA6/PSMA2/PSMF1/PSMC4/PSMB3/PSMD7/PSMD11/PSMB6/PSMD14/PSMC1/PSME1/PSMB2/PSMB1/PSMA4/PSMD6/PSMC2/PSMD3/PSMA5/PSMD4/PSMC3/PSMD8/PSMA1/PSMD12/PSMB7/UBB/SEM1/PSMD1	38
panel30	leiden	9	GOBP_RESPONSE_TO_TYPE_I_INTERFERON	GOBP_RESPONSE_TO_TYPE_I_INTERFERON	35/53	78/2116	0.448717948717949	17.9148524431543	24.3925347153607	4.50500392552919e-41	4.0394868532245e-39	4.0394868532245e-39	PSMB5/PSMA3/PSMD2/PSMB4/PSMD13/PSMC5/PSMC6/ADRM1/PSME2/PSMA7/PSMA6/PSMA2/PSMC4/PSMB3/PSMD7/PSMD11/PSMB6/PSMD14/PSMC1/PSME1/PSMB2/PSMB1/PSMA4/PSMD6/PSMC2/PSMD3/PSMA5/PSMD4/PSMC3/PSMD8/PSMA1/PSMD12/PSMB7/SEM1/PSMD1	35
panel30	leiden	9	GOBP_REGULATION_OF_PROTEIN_CATABOLIC_PROCESS	GOBP_REGULATION_OF_PROTEIN_CATABOLIC_PROCESS	40/53	135/2116	0.296296296296296	11.8294898672257	20.8389653446154	1.66969626522075e-39	1.28328084384109e-37	1.28328084384109e-37	PSME3/PSMB5/PSMA3/PSMD2/PSMB4/PSMD13/PSMC5/PSMC6/ADRM1/PSME2/PSMA7/PSMA6/PSMA2/PSMF1/PSMC4/MDM4/PSMB3/PSMD7/PSMD11/PSMB6/PSMD14/PSMC1/PSME1/PSMB2/PSMB1/PSMA4/PSMD6/PSMC2/PSMD3/PSMA5/PSMD4/PSMC3/PSMD8/ITCH/PSMA1/PSMD12/PSMB7/UBB/SEM1/PSMD1	40
panel30	leiden	9	GOBP_MACROMOLECULE_CATABOLIC_PROCESS	GOBP_MACROMOLECULE_CATABOLIC_PROCESS	50/53	333/2116	0.15015015015015	5.99467391920222	15.9109859448995	3.965552117703e-38	2.66683379915527e-36	2.66683379915527e-36	PSME3/PSMB5/PSMA3/PSME4/PSMD2/PSMB4/PSMD13/PSMB10/PSMC5/PSMC6/ADRM1/PSME2/PSMA7/PSMA6/PSMA2/PSMF1/PSMD9/PSMC4/MDM4/PSMB3/PSMD7/STAM/PSMD11/PSMB6/PSMD14/PSMC1/PSME1/PSMB2/PSMB1/PSMA4/UBA52/PSMD6/PSMC2/PSMD3/PSMA5/RPS27A/PSMD4/PSMC3/PSMD8/PSMB8/ITCH/PSMA1/STAM2/PSMD12/PSMB7/UBB/SEM1/UBC/PSMD1/PSMB9	50
panel30	leiden	9	GOBP_PROTEOLYSIS	GOBP_PROTEOLYSIS	49/53	327/2116	0.149847094801223	5.98257457734695	15.7023994286074	1.20598867672733e-36	7.20913231199225e-35	7.20913231199225e-35	PSME3/PSMB5/PSMA3/PSME4/PSMD2/PSMB4/PSMD13/PSMB10/PSMC5/PSMC6/ADRM1/PSME2/PSMA7/PSMA6/PSMA2/PSMF1/PSMD9/PSMC4/PSMB3/PSMD7/STAM/PSMD11/PSMB6/PSMD14/PSMC1/PSME1/PSMB2/PSMB1/PSMA4/UBA52/PSMD6/PSMC2/PSMD3/PSMA5/RPS27A/PSMD4/PSMC3/PSMD8/PSMB8/ITCH/PSMA1/STAM2/PSMD12/PSMB7/UBB/SEM1/UBC/PSMD1/PSMB9	49
panel30	leiden	9	GOBP_PROTEASOME_MEDIATED_UBIQUITIN_DEPENDENT_PROTEIN_CATABOLIC_PROCESS	GOBP_PROTEASOME_MEDIATED_UBIQUITIN_DEPENDENT_PROTEIN_CATABOLIC_PROCESS	38/53	133/2116	0.285714285714286	11.4070080862534	19.867071833291	2.70374740731517e-36	1.45461610513556e-34	1.45461610513556e-34	PSMB5/PSMA3/PSMD2/PSMB4/PSMD13/PSMB10/PSMC5/PSMC6/ADRM1/PSMA7/PSMA6/PSMA2/PSMF1/PSMC4/PSMB3/PSMD7/PSMD11/PSMB6/PSMD14/PSMC1/PSMB2/PSMB1/PSMA4/PSMD6/PSMC2/PSMD3/PSMA5/PSMD4/PSMC3/PSMD8/PSMB8/ITCH/PSMA1/PSMD12/PSMB7/SEM1/PSMD1/PSMB9	38
panel30	leiden	10	GOBP_CELL_SUBSTRATE_ADHESION	GOBP_CELL_SUBSTRATE_ADHESION	44/106	160/2116	0.275	5.48962264150943	13.5611180150941	4.12357497878805e-24	7.07193108862152e-21	7.07193108862152e-21	LAMB3/LAMC1/ITGB4/ZYX/SGCE/FBLN5/ITGA2B/MMP14/NID1/ITGA4/VCAM1/ITGB6/ITGA6/LAMB1/PXN/ITGA2/ITGB3/ACTN4/FN1/FBLN2/ACTN1/ACTG1/ITGAV/ITGA9/THBS1/VCL/COL3A1/ITGA3/LAMA5/ITGB5/TLN1/ITGB8/DAG1/ITGB1/COL1A1/VWF/FLNA/PARVA/LAMC3/UTRN/COL17A1/FBLN1/ITGB7/NID2	44
panel30	leiden	10	GOBP_INTEGRIN_MEDIATED_SIGNALING_PATHWAY	GOBP_INTEGRIN_MEDIATED_SIGNALING_PATHWAY	28/106	69/2116	0.405797101449275	8.10062893081761	13.7680530724082	3.41816504661766e-20	2.93107652747464e-17	2.93107652747464e-17	DST/LAMC1/ITGB4/ZYX/ITGA2B/NID1/ITGA4/ITGB6/LAMA1/ITGA6/LAMB1/TIMP1/ITGA2/ITGB3/FN1/ITGAV/ITGA9/COL3A1/ITGA3/LAMA5/ITGB5/TLN1/ITGB8/ITGB1/FLNA/FBLN1/CTNNA1/ITGB7	28
panel30	leiden	10	GOBP_CELL_ADHESION	GOBP_CELL_ADHESION	63/106	442/2116	0.142533936651584	2.84530009391275	10.0140672008677	5.5129314272082e-19	3.15155913255402e-16	3.15155913255402e-16	LAMB3/DST/LAMC1/ITGB4/LAMC2/ELANE/ZYX/SGCE/TGFB1/ACTB/FBLN5/ITGA2B/MMP14/NID1/ITGA4/VCAM1/ITGB6/CD151/LAMA1/ITGA6/LAMB1/LAMA3/MMP2/PXN/ITGA2/VCAN/BSG/ITGB3/ACTN4/THBS2/IGF1/FN1/FBLN2/ACTN1/ACTG1/MAGI1/ITGAV/ITGA9/ACAN/THBS1/VCL/COL3A1/ITGA3/LAMA5/ITGB5/TLN1/ITGB8/DAG1/ITGB1/COL1A1/VWF/FLNA/FBN1/PARVA/LAMC3/LAMA4/UTRN/COL17A1/FBLN1/CTNNA1/COL5A1/ITGB7/NID2	63
panel30	leiden	10	GOBP_CELL_MOTILITY	GOBP_CELL_MOTILITY	61/106	466/2116	0.130901287553648	2.61308607984452	9.05354406011818	3.3944203777845e-16	1.42751337494183e-13	1.42751337494183e-13	DST/LAMC1/ITGB4/LAMC2/ELANE/TGFB1/ACTB/LOX/ITGA2B/MMP14/ACTA2/ITGA4/VCAM1/ITGB6/CD151/LAMA1/ITGA6/LAMB1/LAMA3/TIMP1/MMP2/FGF1/PXN/ITGA2/VCAN/BSG/ITGB3/ACTN4/IGF1/FN1/MAGI2/ACTG1/ITGAV/ITGA9/THBS1/VCL/COL3A1/ITGA3/FGF9/LAMA5/PLEC/MMP7/ITGB5/LCN2/RAPGEF2/ITGB8/ACTC1/DAG1/ITGB1/DCN/COL1A1/FLNA/PAK1/PARVA/LAMA4/FBN2/MMP9/FBLN1/CTNNA1/COL5A1/ITGB7	61
panel30	leiden	10	GOBP_CELL_MATRIX_ADHESION	GOBP_CELL_MATRIX_ADHESION	31/106	117/2116	0.264957264957265	5.28914691178842	10.9589146740157	4.16184657417444e-16	1.42751337494183e-13	1.42751337494183e-13	ITGB4/ZYX/SGCE/FBLN5/ITGA2B/MMP14/NID1/ITGA4/VCAM1/ITGB6/ITGA6/ITGA2/ITGB3/FN1/ACTN1/ACTG1/ITGAV/ITGA9/THBS1/VCL/COL3A1/ITGA3/ITGB5/TLN1/ITGB8/DAG1/ITGB1/UTRN/COL17A1/ITGB7/NID2	31
panel30	leiden	10	GOBP_CELL_MIGRATION	GOBP_CELL_MIGRATION	58/106	440/2116	0.131818181818182	2.63138936535163	8.82789273999396	2.65964028335469e-15	7.60213847658882e-13	7.60213847658882e-13	LAMC1/ITGB4/LAMC2/ELANE/TGFB1/LOX/ITGA2B/MMP14/ACTA2/ITGA4/VCAM1/ITGB6/CD151/LAMA1/ITGA6/LAMB1/LAMA3/TIMP1/MMP2/FGF1/PXN/ITGA2/VCAN/BSG/ITGB3/ACTN4/IGF1/FN1/MAGI2/ACTG1/ITGAV/ITGA9/THBS1/VCL/COL3A1/ITGA3/FGF9/LAMA5/PLEC/MMP7/ITGB5/LCN2/RAPGEF2/ITGB8/DAG1/ITGB1/DCN/COL1A1/FLNA/PAK1/PARVA/LAMA4/FBN2/MMP9/FBLN1/CTNNA1/COL5A1/ITGB7	58
panel30	leiden	10	GOBP_LOCOMOTION	GOBP_LOCOMOTION	49/106	377/2116	0.129973474801061	2.59456483659477	7.84103074351255	3.54928378110885e-12	8.69574526371669e-10	8.69574526371669e-10	LAMC1/LAMC2/ELANE/TGFB1/LOX/ITGA2B/MMP14/ACTA2/ITGA4/VCAM1/CD151/LAMA1/ITGA6/LAMB1/LAMA3/TIMP1/MMP2/FGF1/ITGA2/BSG/ITGB3/ACTN4/IGF1/FN1/MAGI2/ACTG1/ITGAV/ITGA9/THBS1/VCL/COL3A1/FGF9/LAMA5/PLEC/MMP7/LCN2/RAPGEF2/DAG1/ITGB1/DCN/COL1A1/FLNA/PAK1/PARVA/LAMA4/FBN2/MMP9/FBLN1/CTNNA1	49
panel30	leiden	10	GOBP_REGULATION_OF_LOCOMOTION	GOBP_REGULATION_OF_LOCOMOTION	44/106	328/2116	0.134146341463415	2.67786470317533	7.58962280284062	2.96834104926411e-11	6.36338112435993e-09	6.36338112435993e-09	LAMC1/LAMC2/ELANE/TGFB1/ITGA2B/MMP14/ACTA2/ITGA4/CD151/LAMA1/ITGA6/LAMB1/LAMA3/TIMP1/MMP2/FGF1/ITGA2/BSG/ITGB3/ACTN4/IGF1/FN1/MAGI2/ACTG1/ITGAV/THBS1/VCL/COL3A1/FGF9/LAMA5/MMP7/LCN2/RAPGEF2/DAG1/ITGB1/DCN/COL1A1/FLNA/PAK1/LAMA4/FBN2/MMP9/FBLN1/CTNNA1	44
panel30	leiden	10	GOBP_EXTERNAL_ENCAPSULATING_STRUCTURE_ORGANIZATION	GOBP_EXTERNAL_ENCAPSULATING_STRUCTURE_ORGANIZATION	29/106	156/2116	0.185897435897436	3.71093372036768	8.07724493980752	8.52252981547855e-11	1.6240154037273e-08	1.6240154037273e-08	LAMC1/ELANE/PLOD1/TGFB1/ELN/COLGALT1/FBLN5/LOXL1/LOX/MMP14/NID1/LAMA1/LAMB1/MMP2/ITGA2/ITGB3/PLOD3/COL1A2/COL3A1/MMP7/DAG1/ITGB1/COL1A1/COL23A1/MMP9/COL17A1/FBLN1/COL5A1/NID2	29
panel30	leiden	10	GOBP_WOUND_HEALING	GOBP_WOUND_HEALING	27/106	139/2116	0.194244604316547	3.87756210126239	8.05821517994986	1.55550419620428e-10	2.66768969649035e-08	2.66768969649035e-08	DST/TGFB1/ACTB/ITGB6/CD151/TIMP1/FGF1/ITGA2/ITGB3/IGF1/FN1/ACTN1/ACTG1/ITGAV/THBS1/VCL/COL3A1/PLEC/ITGB5/TLN1/DAG1/ITGB1/VWF/FLNA/PAK1/FBLN1/COL5A1	27
panel30	leiden	11	GOBP_DNA_TEMPLATED_DNA_REPLICATION	GOBP_DNA_TEMPLATED_DNA_REPLICATION	38/52	76/2116	0.5	20.3461538461538	27.2576468620085	2.95484157252305e-48	1.7817694682314e-45	1.7817694682314e-45	POLA1/MCM7/POLE4/DBF4/MCM5/POLE/ORC6/CCNE1/POLD2/POLD3/CDK2/MCM6/RFC1/POLE2/RFC4/PRIM1/POLD1/ORC4/POLA2/PCNA/ORC1/CDC7/ORC2/MCM4/ORC5/RFC2/MCM3/RPA1/POLD4/CDC45/POLE3/RFC3/CDC6/MCM2/CDT1/PRIM2/ORC3/FEN1	38
panel30	leiden	11	GOBP_DNA_REPLICATION	GOBP_DNA_REPLICATION	41/52	106/2116	0.386792452830189	15.7394775036284	24.7080802775066	3.96787685693504e-47	1.19631487236591e-44	1.19631487236591e-44	POLA1/MCM7/POLE4/CACYBP/DBF4/MCM5/MAD2L2/POLE/ORC6/CCNE1/POLD2/POLD3/CDK2/MCM6/RFC1/POLE2/RFC4/CDKN1A/PRIM1/POLD1/ORC4/POLA2/PCNA/ORC1/CDC7/ORC2/MCM4/ORC5/RFC2/MCM3/RPA1/POLD4/CDC45/POLE3/RFC3/CDC6/MCM2/CDT1/PRIM2/ORC3/FEN1	41
panel30	leiden	11	GOBP_DNA_METABOLIC_PROCESS	GOBP_DNA_METABOLIC_PROCESS	46/52	252/2116	0.182539682539683	7.42796092796093	17.2525206477051	6.98464760203144e-38	1.40391416800832e-35	1.40391416800832e-35	POLA1/MCM7/POLE4/CACYBP/DBF4/MCM5/MAD2L2/RAD9A/POLE/ORC6/CCNE1/POLD2/POLD3/CDK2/MCM6/RFC1/POLE2/RFC4/CDKN1A/PRIM1/POLD1/ORC4/POLA2/PCNA/ORC1/CDC7/ORC2/MCM4/TOP3B/ORC5/RFC2/MCM3/RPA1/POLD4/CDC45/SKP2/POLE3/RAD1/RFC3/CDC6/MCM2/CDT1/HUS1/PRIM2/ORC3/FEN1	46
panel30	leiden	11	GOBP_DNA_REPLICATION_INITIATION	GOBP_DNA_REPLICATION_INITIATION	21/52	26/2116	0.807692307692308	32.8668639053254	25.9450712530988	9.68759995140562e-32	1.4604056926744e-29	1.4604056926744e-29	POLA1/MCM7/MCM5/ORC6/CCNE1/CDK2/MCM6/PRIM1/ORC4/POLA2/ORC1/ORC2/MCM4/ORC5/MCM3/CDC45/CDC6/MCM2/CDT1/PRIM2/ORC3	21
panel30	leiden	11	GOBP_DNA_DAMAGE_RESPONSE	GOBP_DNA_DAMAGE_RESPONSE	36/52	277/2116	0.129963898916968	5.28853096362122	12.1495328938366	3.08860262782609e-21	3.72485476915827e-19	3.72485476915827e-19	POLA1/MCM7/E2F1/SKP1/DBF4/MCM5/MAD2L2/RAD9A/POLE/POLD2/POLD3/CDK2/MCM6/RFC1/POLE2/RFC4/CDKN1A/POLD1/PCNA/CUL1/CDC7/MCM4/TOP3B/CCND1/RFC2/MCM3/RPA1/POLD4/CDC45/SKP2/POLE3/RAD1/RFC3/MCM2/HUS1/FEN1	36
panel30	leiden	11	GOBP_DNA_REPAIR	GOBP_DNA_REPAIR	29/52	160/2116	0.18125	7.37548076923077	13.3103819309374	2.03623225310853e-20	2.04641341437407e-18	2.04641341437407e-18	POLA1/MCM7/MCM5/MAD2L2/RAD9A/POLE/POLD2/POLD3/CDK2/MCM6/RFC1/POLE2/RFC4/POLD1/PCNA/CDC7/MCM4/TOP3B/RFC2/MCM3/RPA1/POLD4/CDC45/SKP2/RAD1/RFC3/MCM2/HUS1/FEN1	29
panel30	leiden	11	GOBP_DNA_STRAND_ELONGATION_INVOLVED_IN_DNA_REPLICATION	GOBP_DNA_STRAND_ELONGATION_INVOLVED_IN_DNA_REPLICATION	11/52	13/2116	0.846153846153846	34.4319526627219	19.1873851915457	4.88988037906623e-17	4.21228266939562e-15	4.21228266939562e-15	POLA1/MCM7/POLE/POLD2/POLD3/RFC4/PCNA/MCM4/MCM3/POLE3/RFC3	11
panel30	leiden	11	GOBP_REGULATION_OF_DNA_REPLICATION	GOBP_REGULATION_OF_DNA_REPLICATION	17/52	48/2116	0.354166666666667	14.411858974359	14.9154493221377	6.30147231540839e-17	4.74973475773907e-15	4.74973475773907e-15	MCM7/CACYBP/DBF4/MCM5/CDK2/MCM6/CDKN1A/PCNA/CDC7/MCM4/ORC5/MCM3/POLE3/CDC6/MCM2/CDT1/ORC3	17
panel30	leiden	11	GOBP_DNA_BIOSYNTHETIC_PROCESS	GOBP_DNA_BIOSYNTHETIC_PROCESS	17/52	50/2116	0.34	13.8353846153846	14.575744326073	1.41572671278048e-16	9.48536897562921e-15	9.48536897562921e-15	POLA1/POLE4/MAD2L2/POLE/POLD2/POLD3/RFC1/POLE2/RFC4/CDKN1A/POLD1/PCNA/RFC2/RPA1/POLD4/POLE3/RFC3	17
panel30	leiden	11	GOBP_DNA_INTEGRITY_CHECKPOINT_SIGNALING	GOBP_DNA_INTEGRITY_CHECKPOINT_SIGNALING	18/52	61/2116	0.295081967213115	12.0075662042875	13.8437045400619	2.7242687172484e-16	1.64273403650078e-14	1.64273403650078e-14	E2F1/SKP1/DBF4/RAD9A/CDK2/RFC4/CDKN1A/CUL1/ORC1/CDC7/CCND1/RFC2/CDC45/RAD1/RFC3/CDC6/CDT1/HUS1	18
panel30	leiden	12	GOBP_HOMOPHILIC_CELL_CELL_ADHESION	GOBP_HOMOPHILIC_CELL_CELL_ADHESION	2/2	13/2116	0.153846153846154	162.769230769231	17.9914287139273	3.48576867902775e-05	0.00888871013152075	0.00576069139586691	CEACAM6/CEACAM1	2
panel30	leiden	12	GOBP_REGULATION_OF_CELL_CELL_ADHESION	GOBP_REGULATION_OF_CELL_CELL_ADHESION	2/2	180/2116	0.0111111111111111	11.7555555555556	4.63910407949202	0.00719945300245345	0.113263715463771	0.0734051736958186	CEACAM6/CEACAM1	2
panel30	leiden	12	GOBP_IMMUNE_RESPONSE_TO_TUMOR_CELL	GOBP_IMMUNE_RESPONSE_TO_TUMOR_CELL	1/2	10/2116	0.1	105.8	10.2152686230199	0.00943168563729213	0.113263715463771	0.0734051736958186	CEACAM1	1
panel30	leiden	12	GOBP_LIVER_MORPHOGENESIS	GOBP_LIVER_MORPHOGENESIS	1/2	10/2116	0.1	105.8	10.2152686230199	0.00943168563729213	0.113263715463771	0.0734051736958186	CEACAM1	1
panel30	leiden	12	GOBP_NEGATIVE_REGULATION_OF_INTERLEUKIN_1_PRODUCTION	GOBP_NEGATIVE_REGULATION_OF_INTERLEUKIN_1_PRODUCTION	1/2	10/2116	0.1	105.8	10.2152686230199	0.00943168563729213	0.113263715463771	0.0734051736958186	CEACAM1	1
panel30	leiden	12	GOBP_REGULATION_OF_LEUKOCYTE_DEGRANULATION	GOBP_REGULATION_OF_LEUKOCYTE_DEGRANULATION	1/2	11/2116	0.0909090909090909	96.1818181818182	9.73289372375186	0.0103723962872094	0.113263715463771	0.0734051736958186	CEACAM1	1
panel30	leiden	12	GOBP_NEGATIVE_REGULATION_OF_NATURAL_KILLER_CELL_MEDIATED_IMMUNITY	GOBP_NEGATIVE_REGULATION_OF_NATURAL_KILLER_CELL_MEDIATED_IMMUNITY	1/2	12/2116	0.0833333333333333	88.1666666666667	9.3118481655212	0.0113126600437063	0.113263715463771	0.0734051736958186	CEACAM1	1
panel30	leiden	12	GOBP_NEGATIVE_REGULATION_OF_T_CELL_MEDIATED_IMMUNITY	GOBP_NEGATIVE_REGULATION_OF_T_CELL_MEDIATED_IMMUNITY	1/2	12/2116	0.0833333333333333	88.1666666666667	9.3118481655212	0.0113126600437063	0.113263715463771	0.0734051736958186	CEACAM1	1
panel30	leiden	12	GOBP_NEGATIVE_REGULATION_OF_T_CELL_RECEPTOR_SIGNALING_PATHWAY	GOBP_NEGATIVE_REGULATION_OF_T_CELL_RECEPTOR_SIGNALING_PATHWAY	1/2	12/2116	0.0833333333333333	88.1666666666667	9.3118481655212	0.0113126600437063	0.113263715463771	0.0734051736958186	CEACAM1	1
panel30	leiden	12	GOBP_NEGATIVE_REGULATION_OF_ANTIGEN_RECEPTOR_MEDIATED_SIGNALING_PATHWAY	GOBP_NEGATIVE_REGULATION_OF_ANTIGEN_RECEPTOR_MEDIATED_SIGNALING_PATHWAY	1/2	13/2116	0.0769230769230769	81.3846153846154	8.94010604187068	0.0122524769067824	0.113263715463771	0.0734051736958186	CEACAM1	1
panel30	leiden	13	GOBP_REGULATION_OF_CHROMOSOME_SEGREGATION	GOBP_REGULATION_OF_CHROMOSOME_SEGREGATION	29/62	48/2116	0.604166666666667	20.619623655914	23.8828876111941	1.37283968665095e-35	1.32753597699147e-32	1.32753597699147e-32	ESPL1/KNL1/CDC20/CDC16/BUB1B/CCNB1/AURKB/ANAPC1/ANAPC2/ANAPC4/CDC23/ANAPC7/BUB1/ANAPC11/TRIP13/CDC27/PLK1/CSNK2A1/ANAPC5/CSNK2A2/BUB3/NDC80/CDK1/ANAPC15/MAD2L1/KAT2B/RB1/FBXO5/BIRC5	29
panel30	leiden	13	GOBP_REGULATION_OF_SISTER_CHROMATID_SEGREGATION	GOBP_REGULATION_OF_SISTER_CHROMATID_SEGREGATION	27/62	43/2116	0.627906976744186	21.4298574643661	23.5098968881799	1.19417668834219e-33	5.77384428813449e-31	5.77384428813449e-31	ESPL1/KNL1/CDC20/CDC16/BUB1B/CCNB1/AURKB/ANAPC1/ANAPC2/ANAPC4/CDC23/ANAPC7/BUB1/ANAPC11/TRIP13/CDC27/PLK1/ANAPC5/BUB3/NDC80/CDK1/ANAPC15/MAD2L1/KAT2B/RB1/FBXO5/BIRC5	27
panel30	leiden	13	GOBP_NUCLEAR_CHROMOSOME_SEGREGATION	GOBP_NUCLEAR_CHROMOSOME_SEGREGATION	31/62	74/2116	0.418918918918919	14.2972972972973	20.2256357052376	1.37284305980625e-31	4.42513079610882e-29	4.42513079610882e-29	ESPL1/KNL1/CDC20/CDC16/BUB1B/CCNB1/AURKB/ANAPC1/ANAPC2/ANAPC4/CDC23/ANAPC7/BUB1/PTTG1/ANAPC11/TRIP13/CDC27/PLK1/ANAPC5/BUB3/MYBL2/NDC80/CDK1/CCNB2/ANAPC15/MAD2L1/KAT2B/RB1/CCNE2/FBXO5/BIRC5	31
panel30	leiden	13	GOBP_CHROMOSOME_SEGREGATION	GOBP_CHROMOSOME_SEGREGATION	33/62	97/2116	0.34020618556701	11.6109078816096	18.5832240430313	2.98958601111499e-30	7.22732418187048e-28	7.22732418187048e-28	ESPL1/KNL1/CDC20/CDC16/BUB1B/CCNB1/AURKB/ANAPC1/ANAPC2/ANAPC4/CDC23/ANAPC7/BUB1/PTTG1/ANAPC11/TRIP13/CDC27/PLK1/CSNK2A1/ANAPC5/CSNK2A2/BUB3/MYBL2/NDC80/CDK1/CCNB2/ANAPC15/MAD2L1/KAT2B/RB1/CCNE2/FBXO5/BIRC5	33
panel30	leiden	13	GOBP_CELL_CYCLE	GOBP_CELL_CYCLE	54/62	441/2116	0.122448979591837	4.17906517445688	13.0335322700066	7.38625172067693e-30	1.42850108277892e-27	1.42850108277892e-27	ESPL1/KNL1/CDC20/CDC16/BUB1B/MDM2/CCNB1/TFDP1/LIN37/AURKB/ANAPC1/ANAPC2/ANAPC4/CDC23/CDKN1C/RBL2/ANAPC7/BUB1/FZR1/ANAPC13/PTTG1/ANAPC11/ANAPC16/TFDP2/TRIP13/FOXM1/CDC27/PLK1/HDAC8/CSNK2A1/ANAPC5/CSNK2A2/LIN9/RBL1/BUB3/CCNA2/MYBL2/NDC80/ANAPC10/CDK1/CSNK2A3/CDC26/CCNB2/E2F3/ANAPC15/MAD2L1/KAT2B/RB1/TP53/CCNE2/FBXO5/CDCA5/SIN3A/BIRC5	54
panel30	leiden	13	GOBP_SISTER_CHROMATID_SEGREGATION	GOBP_SISTER_CHROMATID_SEGREGATION	28/62	64/2116	0.4375	14.9314516129032	19.6584146200049	6.16929981979917e-29	9.94285487624299e-27	9.94285487624299e-27	ESPL1/KNL1/CDC20/CDC16/BUB1B/CCNB1/AURKB/ANAPC1/ANAPC2/ANAPC4/CDC23/ANAPC7/BUB1/ANAPC11/TRIP13/CDC27/PLK1/ANAPC5/BUB3/MYBL2/NDC80/CDK1/ANAPC15/MAD2L1/KAT2B/RB1/FBXO5/BIRC5	28
panel30	leiden	13	GOBP_REGULATION_OF_CHROMOSOME_ORGANIZATION	GOBP_REGULATION_OF_CHROMOSOME_ORGANIZATION	29/62	72/2116	0.402777777777778	13.7464157706093	19.1145771000143	9.37293416650474e-29	1.29480390557287e-26	1.29480390557287e-26	ESPL1/KNL1/CDC20/CDC16/BUB1B/CCNB1/AURKB/ANAPC1/ANAPC2/ANAPC4/CDC23/ANAPC7/BUB1/ANAPC11/TRIP13/CDC27/PLK1/HDAC8/ANAPC5/BUB3/NDC80/CDK1/ANAPC15/MAD2L1/KAT2B/RB1/TP53/FBXO5/BIRC5	29
panel30	leiden	13	GOBP_MITOTIC_CELL_CYCLE_PHASE_TRANSITION	GOBP_MITOTIC_CELL_CYCLE_PHASE_TRANSITION	39/62	178/2116	0.219101123595506	7.47770931496919	15.6857533276743	2.33509814517982e-28	2.8225498829861e-26	2.8225498829861e-26	ESPL1/KNL1/CDC20/CDC16/BUB1B/MDM2/CCNB1/TFDP1/AURKB/ANAPC1/ANAPC2/ANAPC4/CDC23/CDKN1C/RBL2/ANAPC7/BUB1/FZR1/ANAPC11/TRIP13/FOXM1/CDC27/PLK1/ANAPC5/RBL1/BUB3/CCNA2/NDC80/CDK1/CCNB2/E2F3/ANAPC15/MAD2L1/RB1/TP53/CCNE2/FBXO5/SIN3A/BIRC5	39
panel30	leiden	13	GOBP_CHROMOSOME_SEPARATION	GOBP_CHROMOSOME_SEPARATION	23/62	37/2116	0.621621621621622	21.2153443766347	21.5479308146311	2.68865042871822e-28	2.88880551618947e-26	2.88880551618947e-26	ESPL1/KNL1/CDC20/CDC16/BUB1B/CCNB1/AURKB/CDC23/ANAPC7/BUB1/ANAPC11/TRIP13/PLK1/CSNK2A1/ANAPC5/CSNK2A2/BUB3/NDC80/ANAPC15/MAD2L1/RB1/FBXO5/BIRC5	23
panel30	leiden	13	GOBP_REGULATION_OF_MITOTIC_CELL_CYCLE	GOBP_REGULATION_OF_MITOTIC_CELL_CYCLE	40/62	206/2116	0.194174757281553	6.62699655496398	14.7653717861234	4.89910737965629e-27	4.73743683612763e-25	4.73743683612763e-25	ESPL1/KNL1/CDC20/CDC16/BUB1B/MDM2/CCNB1/TFDP1/AURKB/ANAPC1/ANAPC2/ANAPC4/CDC23/CDKN1C/RBL2/ANAPC7/BUB1/FZR1/ANAPC13/ANAPC11/ANAPC16/TRIP13/FOXM1/CDC27/PLK1/ANAPC5/RBL1/BUB3/NDC80/ANAPC10/CDK1/CDC26/ANAPC15/MAD2L1/RB1/TP53/CCNE2/FBXO5/SIN3A/BIRC5	40
panel30	leiden	3	GOBP_TOR_SIGNALING	GOBP_TOR_SIGNALING	32/37	87/2116	0.367816091954023	21.0351040695868	25.4530018267486	3.08309085911638e-42	2.55896541306659e-39	2.55896541306659e-39	WDR24/PRR5/LAMTOR1/MTOR/LAMTOR4/FNIP1/DEPDC5/PRR5L/RPS6KB1/LAMTOR5/FLCN/RICTOR/LAMTOR3/LAMTOR2/SEH1L/NPRL3/C9orf72/SESN2/NPRL2/MIOS/WDR59/RRAGD/RRAGB/RPTOR/RRAGC/SEC13/AKT1S1/RRAGA/RHEB/MLST8/TTI1/FNIP2	32
panel30	leiden	3	GOBP_TORC1_SIGNALING	GOBP_TORC1_SIGNALING	28/37	65/2116	0.430769230769231	24.635343035343	25.8145501446116	5.86589984679668e-38	2.43434843642062e-35	2.43434843642062e-35	WDR24/LAMTOR1/MTOR/LAMTOR4/FNIP1/DEPDC5/RPS6KB1/LAMTOR5/FLCN/LAMTOR3/LAMTOR2/SEH1L/NPRL3/C9orf72/SESN2/NPRL2/MIOS/WDR59/RRAGD/RRAGB/RPTOR/RRAGC/SEC13/AKT1S1/RRAGA/RHEB/MLST8/FNIP2	28
panel30	leiden	3	GOBP_POSITIVE_REGULATION_OF_TOR_SIGNALING	GOBP_POSITIVE_REGULATION_OF_TOR_SIGNALING	23/37	38/2116	0.605263157894737	34.6145092460882	27.888464616556	8.14855452949373e-35	2.2544334198266e-32	2.2544334198266e-32	WDR24/LAMTOR1/LAMTOR4/FNIP1/RPS6KB1/LAMTOR5/FLCN/RICTOR/LAMTOR3/LAMTOR2/SEH1L/SESN2/MIOS/WDR59/RRAGD/RRAGB/RPTOR/RRAGC/SEC13/RRAGA/RHEB/MLST8/FNIP2	23
panel30	leiden	3	GOBP_POSITIVE_REGULATION_OF_TORC1_SIGNALING	GOBP_POSITIVE_REGULATION_OF_TORC1_SIGNALING	20/37	29/2116	0.689655172413793	39.4408201304753	27.8009234786844	1.22112459564901e-31	2.53383353597169e-29	2.53383353597169e-29	WDR24/LAMTOR1/LAMTOR4/FNIP1/RPS6KB1/LAMTOR5/FLCN/LAMTOR3/LAMTOR2/SEH1L/SESN2/MIOS/WDR59/RRAGD/RRAGB/RRAGC/SEC13/RRAGA/RHEB/FNIP2	20
panel30	leiden	3	GOBP_CELLULAR_RESPONSE_TO_NUTRIENT_LEVELS	GOBP_CELLULAR_RESPONSE_TO_NUTRIENT_LEVELS	23/37	119/2116	0.19327731092437	11.0533727004315	15.0565348803377	6.71322198620288e-21	1.11439484970968e-18	1.11439484970968e-18	WDR24/PRR5/LAMTOR1/MTOR/FNIP1/DEPDC5/RPS6KB1/FLCN/RICTOR/SEH1L/NPRL3/SESN2/NPRL2/MIOS/WDR59/RRAGD/RRAGB/RPTOR/RRAGC/SEC13/RRAGA/RHEB/MLST8	23
panel30	leiden	3	GOBP_RESPONSE_TO_AMINO_ACID_STARVATION	GOBP_RESPONSE_TO_AMINO_ACID_STARVATION	14/37	32/2116	0.4375	25.0202702702703	18.2613476633467	6.03452287767296e-18	8.34775664744759e-16	8.34775664744759e-16	WDR24/MTOR/DEPDC5/FLCN/SEH1L/NPRL3/SESN2/NPRL2/MIOS/WDR59/RRAGD/RRAGB/RRAGC/RRAGA	14
panel30	leiden	3	GOBP_RESPONSE_TO_NUTRIENT_LEVELS	GOBP_RESPONSE_TO_NUTRIENT_LEVELS	23/37	175/2116	0.131428571428571	7.51629343629344	12.0042682786228	6.99433995914401e-17	8.29328880869933e-15	8.29328880869933e-15	WDR24/PRR5/LAMTOR1/MTOR/FNIP1/DEPDC5/RPS6KB1/FLCN/RICTOR/SEH1L/NPRL3/SESN2/NPRL2/MIOS/WDR59/RRAGD/RRAGB/RPTOR/RRAGC/SEC13/RRAGA/RHEB/MLST8	23
panel30	leiden	3	GOBP_NEGATIVE_REGULATION_OF_TOR_SIGNALING	GOBP_NEGATIVE_REGULATION_OF_TOR_SIGNALING	14/37	41/2116	0.341463414634146	19.5280158206988	15.9786687630227	4.10940662704539e-16	4.26350937555959e-14	4.26350937555959e-14	WDR24/FNIP1/DEPDC5/RPS6KB1/FLCN/SEH1L/NPRL3/SESN2/NPRL2/MIOS/WDR59/SEC13/AKT1S1/FNIP2	14
panel30	leiden	3	GOBP_CELLULAR_RESPONSE_TO_STARVATION	GOBP_CELLULAR_RESPONSE_TO_STARVATION	16/37	92/2116	0.173913043478261	9.94594594594595	11.7015591567626	2.68192732463236e-13	2.47333297716096e-11	2.47333297716096e-11	WDR24/MTOR/FNIP1/DEPDC5/FLCN/SEH1L/NPRL3/SESN2/NPRL2/MIOS/WDR59/RRAGD/RRAGB/RPTOR/RRAGC/RRAGA	16
panel30	leiden	3	GOBP_RESPONSE_TO_STARVATION	GOBP_RESPONSE_TO_STARVATION	16/37	97/2116	0.164948453608247	9.43326831986626	11.3407670392481	6.42412439885053e-13	5.33202325104594e-11	5.33202325104594e-11	WDR24/MTOR/FNIP1/DEPDC5/FLCN/SEH1L/NPRL3/SESN2/NPRL2/MIOS/WDR59/RRAGD/RRAGB/RPTOR/RRAGC/RRAGA	16
panel30	leiden	14	GOBP_POSITIVE_REGULATION_OF_DEFENSE_RESPONSE	GOBP_POSITIVE_REGULATION_OF_DEFENSE_RESPONSE	4/4	185/2116	0.0216216216216216	11.4378378378378	6.46611608681419	5.67128554225996e-05	0.00697568121697975	0.00519370360185912	MAPKAPK3/MAP2K6/MAPK13/MAPKAPK2	4
panel30	leiden	14	GOBP_POSITIVE_REGULATION_OF_RESPONSE_TO_EXTERNAL_STIMULUS	GOBP_POSITIVE_REGULATION_OF_RESPONSE_TO_EXTERNAL_STIMULUS	4/4	239/2116	0.0167364016736402	8.85355648535565	5.60881880804265	0.00015914928501945	0.00978768102869617	0.00728736199825902	MAPKAPK3/MAP2K6/MAPK13/MAPKAPK2	4
panel30	leiden	14	GOBP_REGULATION_OF_DEFENSE_RESPONSE	GOBP_REGULATION_OF_DEFENSE_RESPONSE	4/4	274/2116	0.0145985401459854	7.72262773722628	5.18928778325235	0.000275816910602166	0.0113084933346888	0.00841967411311874	MAPKAPK3/MAP2K6/MAPK13/MAPKAPK2	4
panel30	leiden	14	GOBP_MAPK_CASCADE	GOBP_MAPK_CASCADE	4/4	328/2116	0.0121951219512195	6.45121951219512	4.6728846430142	0.000568449700917043	0.0156536592430501	0.011654842568638	MAPKAPK3/MAP2K6/MAPK13/MAPKAPK2	4
panel30	leiden	14	GOBP_ACTIVATION_OF_INNATE_IMMUNE_RESPONSE	GOBP_ACTIVATION_OF_INNATE_IMMUNE_RESPONSE	3/4	118/2116	0.0254237288135593	13.4491525423729	6.05509937074522	0.000649464647836886	0.0156536592430501	0.011654842568638	MAPKAPK3/MAP2K6/MAPKAPK2	3
panel30	leiden	14	GOBP_REGULATION_OF_RESPONSE_TO_EXTERNAL_STIMULUS	GOBP_REGULATION_OF_RESPONSE_TO_EXTERNAL_STIMULUS	4/4	353/2116	0.0113314447592068	5.9943342776204	4.47277475509177	0.00076359313380732	0.0156536592430501	0.011654842568638	MAPKAPK3/MAP2K6/MAPK13/MAPKAPK2	4
panel30	leiden	14	GOBP_P38MAPK_CASCADE	GOBP_P38MAPK_CASCADE	2/4	30/2116	0.0666666666666667	35.2666666666667	8.22457679054651	0.00114589199937432	0.0174703814898941	0.0130074727395874	MAP2K6/MAPKAPK2	2
panel30	leiden	14	GOBP_POSITIVE_REGULATION_OF_RESPONSE_TO_BIOTIC_STIMULUS	GOBP_POSITIVE_REGULATION_OF_RESPONSE_TO_BIOTIC_STIMULUS	3/4	148/2116	0.0202702702702703	10.722972972973	5.33648894125928	0.00127383528451474	0.0174703814898941	0.0130074727395874	MAPKAPK3/MAP2K6/MAPKAPK2	3
panel30	leiden	14	GOBP_REGULATION_OF_RESPONSE_TO_STRESS	GOBP_REGULATION_OF_RESPONSE_TO_STRESS	4/4	414/2116	0.00966183574879227	5.11111111111111	4.05805409405826	0.00144830128360679	0.0174703814898941	0.0130074727395874	MAPKAPK3/MAP2K6/MAPK13/MAPKAPK2	4
panel30	leiden	14	GOBP_STRESS_ACTIVATED_PROTEIN_KINASE_SIGNALING_CASCADE	GOBP_STRESS_ACTIVATED_PROTEIN_KINASE_SIGNALING_CASCADE	2/4	35/2116	0.0571428571428571	30.2285714285714	7.58654076930812	0.00156239184055963	0.0174703814898941	0.0130074727395874	MAP2K6/MAPK13	2
panel30	leiden	15	GOBP_DISRUPTION_OF_ANATOMICAL_STRUCTURE_IN_ANOTHER_ORGANISM	GOBP_DISRUPTION_OF_ANATOMICAL_STRUCTURE_IN_ANOTHER_ORGANISM	2/2	27/2116	0.0740740740740741	78.3703703703704	12.4424249574012	0.000156859590556248	0.00862727748059365	0.0051185761128881	PRF1/GZMB	2
panel30	leiden	15	GOBP_LEUKOCYTE_MEDIATED_CYTOTOXICITY	GOBP_LEUKOCYTE_MEDIATED_CYTOTOXICITY	2/2	49/2116	0.0408163265306122	43.1836734693878	9.18734215139336	0.00052554666237649	0.0144525332153535	0.00857470870193221	PRF1/GZMB	2
panel30	leiden	15	GOBP_CELL_KILLING	GOBP_CELL_KILLING	2/2	71/2116	0.028169014084507	29.8028169014085	7.59163245903499	0.00111053014966461	0.0203597194105178	0.0120794507507378	PRF1/GZMB	2
panel30	leiden	15	GOBP_LYMPHOCYTE_MEDIATED_IMMUNITY	GOBP_LYMPHOCYTE_MEDIATED_IMMUNITY	2/2	94/2116	0.0212765957446809	22.5106382978723	6.5606118043156	0.0019533711405167	0.0268588531821046	0.0159353961463204	PRF1/GZMB	2
panel30	leiden	15	GOBP_LEUKOCYTE_MEDIATED_IMMUNITY	GOBP_LEUKOCYTE_MEDIATED_IMMUNITY	2/2	120/2116	0.0166666666666667	17.6333333333333	5.76909031195007	0.00319081902157154	0.035099009237287	0.0208242925618353	PRF1/GZMB	2
panel30	leiden	15	GOBP_IMMUNE_EFFECTOR_PROCESS	GOBP_IMMUNE_EFFECTOR_PROCESS	2/2	193/2116	0.0103626943005181	10.9637305699482	4.46507419471129	0.00828004129295204	0.0690673781209922	0.0409777745789619	PRF1/GZMB	2
panel30	leiden	15	GOBP_IMMUNE_RESPONSE_TO_TUMOR_CELL	GOBP_IMMUNE_RESPONSE_TO_TUMOR_CELL	1/2	10/2116	0.1	105.8	10.2152686230199	0.00943168563729213	0.0690673781209922	0.0409777745789619	PRF1	1
panel30	leiden	15	GOBP_POSITIVE_REGULATION_OF_ESTABLISHMENT_OF_PROTEIN_LOCALIZATION_TO_MITOCHONDRION	GOBP_POSITIVE_REGULATION_OF_ESTABLISHMENT_OF_PROTEIN_LOCALIZATION_TO_MITOCHONDRION	1/2	12/2116	0.0833333333333333	88.1666666666667	9.3118481655212	0.0113126600437063	0.0690673781209922	0.0409777745789619	GZMB	1
panel30	leiden	15	GOBP_CELLULAR_DEFENSE_RESPONSE	GOBP_CELLULAR_DEFENSE_RESPONSE	1/2	13/2116	0.0769230769230769	81.3846153846154	8.94010604187068	0.0122524769067824	0.0690673781209922	0.0409777745789619	PRF1	1
panel30	leiden	15	GOBP_PYROPTOTIC_INFLAMMATORY_RESPONSE	GOBP_PYROPTOTIC_INFLAMMATORY_RESPONSE	1/2	14/2116	0.0714285714285714	75.5714285714286	8.60870482867123	0.0131918468764384	0.0690673781209922	0.0409777745789619	GZMB	1
panel30	leiden	16	GOBP_VACUOLAR_ACIDIFICATION	GOBP_VACUOLAR_ACIDIFICATION	15/22	17/2116	0.882352941176471	84.8663101604278	35.5781994080855	4.14975111648119e-31	7.34505947617171e-29	7.1718777682367e-29	ATP6V1A/ATP6V0A1/ATP6V1H/ATP6V0D2/ATP6V0C/ATP6V1D/ATP6V1F/ATP6V0B/ATP6V0E2/ATP6V0D1/ATP6V0A2/TCIRG1/ATP6AP1/ATP6V0E1/ATP6V1B2	15
panel30	leiden	16	GOBP_PROTON_TRANSMEMBRANE_TRANSPORT	GOBP_PROTON_TRANSMEMBRANE_TRANSPORT	21/22	79/2116	0.265822784810127	25.5673187571922	22.8062551886169	1.31422445166792e-30	1.16308863972611e-28	1.13566535230944e-28	ATP6V1A/ATP6V0A1/ATP6V1C1/ATP6V1H/ATP6V0D2/ATP6V1G1/ATP6V0C/ATP6V1E2/ATP6V1G2/ATP6V1D/ATP6V1F/ATP6V0B/ATP6V1C2/ATP6V0E2/ATP6V0D1/ATP6V0A2/TCIRG1/ATP6AP1/ATP6V1E1/ATP6V0E1/ATP6V1B2	21
panel30	leiden	16	GOBP_INTRACELLULAR_PH_REDUCTION	GOBP_INTRACELLULAR_PH_REDUCTION	15/22	20/2116	0.75	72.1363636363636	32.7558751660944	4.68646758779867e-29	2.76501587680121e-27	2.69982237175673e-27	ATP6V1A/ATP6V0A1/ATP6V1H/ATP6V0D2/ATP6V0C/ATP6V1D/ATP6V1F/ATP6V0B/ATP6V0E2/ATP6V0D1/ATP6V0A2/TCIRG1/ATP6AP1/ATP6V0E1/ATP6V1B2	15
panel30	leiden	16	GOBP_SYNAPTIC_VESICLE_LUMEN_ACIDIFICATION	GOBP_SYNAPTIC_VESICLE_LUMEN_ACIDIFICATION	12/22	12/2116	1	96.1818181818182	33.884410885709	3.96630633021534e-26	1.75509055112029e-24	1.7137090510508e-24	ATP6V1A/ATP6V0A1/ATP6V1C1/ATP6V1G1/ATP6V0C/ATP6V1G2/ATP6V1D/ATP6V1F/ATP6V0D1/ATP6AP1/ATP6V1E1/ATP6V1B2	12
panel30	leiden	16	GOBP_REGULATION_OF_PH	GOBP_REGULATION_OF_PH	15/22	27/2116	0.555555555555556	53.4343434343434	28.1000235557039	5.14048655964836e-26	1.81973224211552e-24	1.77682662117449e-24	ATP6V1A/ATP6V0A1/ATP6V1H/ATP6V0D2/ATP6V0C/ATP6V1D/ATP6V1F/ATP6V0B/ATP6V0E2/ATP6V0D1/ATP6V0A2/TCIRG1/ATP6AP1/ATP6V0E1/ATP6V1B2	15
panel30	leiden	16	GOBP_SYNAPTIC_VESICLE_MATURATION	GOBP_SYNAPTIC_VESICLE_MATURATION	12/22	13/2116	0.923076923076923	88.7832167832168	32.5343188607105	5.13357671028629e-25	1.51440512953445e-23	1.47869850691429e-23	ATP6V1A/ATP6V0A1/ATP6V1C1/ATP6V1G1/ATP6V0C/ATP6V1G2/ATP6V1D/ATP6V1F/ATP6V0D1/ATP6AP1/ATP6V1E1/ATP6V1B2	12
panel30	leiden	16	GOBP_REGULATION_OF_MACROAUTOPHAGY	GOBP_REGULATION_OF_MACROAUTOPHAGY	18/22	80/2116	0.225	21.6409090909091	19.2869304921644	2.2074764658011e-23	5.5817619206685e-22	5.45015521743567e-22	ATP6V1A/ATP6V0A1/ATP6V1C1/ATP6V1H/ATP6V0D2/ATP6V1G1/ATP6V0C/ATP6V1E2/ATP6V1G2/ATP6V1D/ATP6V0B/ATP6V1C2/ATP6V0E2/ATP6V0D1/ATP6V0A2/ATP6V1E1/ATP6V0E1/ATP6V1B2	18
panel30	leiden	16	GOBP_MONOATOMIC_ION_TRANSMEMBRANE_TRANSPORT	GOBP_MONOATOMIC_ION_TRANSMEMBRANE_TRANSPORT	21/22	195/2116	0.107692307692308	10.358041958042	14.0545452765525	1.3172814781294e-21	2.91448527036129e-20	2.84576757807983e-20	ATP6V1A/ATP6V0A1/ATP6V1C1/ATP6V1H/ATP6V0D2/ATP6V1G1/ATP6V0C/ATP6V1E2/ATP6V1G2/ATP6V1D/ATP6V1F/ATP6V0B/ATP6V1C2/ATP6V0E2/ATP6V0D1/ATP6V0A2/TCIRG1/ATP6AP1/ATP6V1E1/ATP6V0E1/ATP6V1B2	21
panel30	leiden	16	GOBP_NEURON_CELLULAR_HOMEOSTASIS	GOBP_NEURON_CELLULAR_HOMEOSTASIS	12/22	19/2116	0.631578947368421	60.7464114832536	26.80819651815	1.93789312726316e-21	3.81118981695087e-20	3.72132963761464e-20	ATP6V1A/ATP6V0A1/ATP6V1C1/ATP6V1G1/ATP6V0C/ATP6V1G2/ATP6V1D/ATP6V1F/ATP6V0D1/ATP6AP1/ATP6V1E1/ATP6V1B2	12
panel30	leiden	16	GOBP_TRANSMEMBRANE_TRANSPORT	GOBP_TRANSMEMBRANE_TRANSPORT	22/22	270/2116	0.0814814814814815	7.83703703703704	12.3257159160449	9.87172378383793e-21	1.74729510973931e-19	1.70609741047591e-19	ATP6V1A/ATP6V0A1/ATP6V1C1/ATP6V1H/ATP6V0D2/ATP6V1G1/ATP6V0C/ATP6V1E2/ATP6V1G2/ATP6V1D/ATP6V1F/ATP6V0B/ATP6V1C2/ATP6V0E2/ATP6V0D1/ATP6V0A2/TCIRG1/ATP6AP1/ATP6V1E1/ATP6V0E1/ATP6V1B2/SLC38A9	22
panel30	leiden	17	GOBP_DOUBLE_STRAND_BREAK_REPAIR	GOBP_DOUBLE_STRAND_BREAK_REPAIR	28/36	78/2116	0.358974358974359	21.0997150997151	23.7908457871275	8.58802813781932e-36	6.20914434364337e-33	6.20914434364337e-33	RAD21/CHEK1/RAD51/PARP1/XRCC2/RPA2/RAD54L/BLM/RAD52/ATM/NIPBL/PDS5B/BRCA1/PRKDC/RAD51B/PARP2/BRIP1/BRCA2/RAD50/BRCC3/TOPBP1/RBBP8/RAD51D/NBN/DNA2/RPA3/MRE11/ATR	28
panel30	leiden	17	GOBP_DNA_RECOMBINATION	GOBP_DNA_RECOMBINATION	26/36	77/2116	0.337662337662338	19.8470418470418	22.1592324522476	7.52522492189907e-32	2.72036880926651e-29	2.72036880926651e-29	RAD21/CHEK1/RAD51/PARP1/XRCC2/RPA2/RAD54L/BLM/RAD52/ATM/NIPBL/BARD1/PDS5B/BRCA1/SYCP3/PRKDC/RAD51B/BRIP1/BRCA2/RAD50/TOPBP1/RBBP8/RAD51D/NBN/RPA3/MRE11	26
panel30	leiden	17	GOBP_DNA_REPAIR	GOBP_DNA_REPAIR	31/36	160/2116	0.19375	11.3881944444444	17.9758901285338	2.65232229677625e-31	6.39209673523075e-29	6.39209673523075e-29	RAD21/CHEK1/SMC1A/RAD51/PARP1/XRCC2/RPA2/RAD54L/BLM/RAD52/ATM/NIPBL/BARD1/PDS5B/BRCA1/SMC3/PRKDC/RAD51B/PARP2/BRIP1/BRCA2/RAD50/BRCC3/TOPBP1/RBBP8/RAD51D/NBN/DNA2/RPA3/MRE11/ATR	31
panel30	leiden	17	GOBP_DNA_METABOLIC_PROCESS	GOBP_DNA_METABOLIC_PROCESS	34/36	252/2116	0.134920634920635	7.93033509700176	15.417228861726	2.45035702882024e-30	4.42902032959259e-28	4.42902032959259e-28	PDS5A/RAD21/CHEK1/SMC1A/RAD51/PARP1/XRCC2/RPA2/RAD54L/BLM/RAD52/ATM/NIPBL/BARD1/PDS5B/BRCA1/SMC3/SYCP3/PRKDC/RAD51B/PARP2/WAPL/BRIP1/BRCA2/RAD50/BRCC3/TOPBP1/RBBP8/RAD51D/NBN/DNA2/RPA3/MRE11/ATR	34
panel30	leiden	17	GOBP_RECOMBINATIONAL_REPAIR	GOBP_RECOMBINATIONAL_REPAIR	22/36	53/2116	0.415094339622642	24.398322851153	22.6906960680995	1.24317532976141e-28	1.79763152683499e-26	1.79763152683499e-26	RAD21/CHEK1/RAD51/PARP1/XRCC2/RPA2/RAD54L/BLM/RAD52/ATM/NIPBL/PDS5B/BRCA1/RAD51B/BRCA2/RAD50/TOPBP1/RBBP8/RAD51D/NBN/RPA3/MRE11	22
panel30	leiden	17	GOBP_CHROMOSOME_ORGANIZATION	GOBP_CHROMOSOME_ORGANIZATION	27/36	141/2116	0.191489361702128	11.2553191489362	16.5786802476449	8.28828552747259e-26	9.98738406060447e-24	9.98738406060447e-24	PDS5A/RAD21/SMC1A/RAD51/PARP1/RPA2/RAD54L/BLM/STAG2/ATM/NIPBL/PDS5B/SMC3/SYCP3/PRKDC/WAPL/BRIP1/BRCA2/STAG1/RAD50/TOPBP1/RAD51D/NBN/DNA2/RPA3/MRE11/ATR	27
panel30	leiden	17	GOBP_DNA_DAMAGE_RESPONSE	GOBP_DNA_DAMAGE_RESPONSE	31/36	277/2116	0.111913357400722	6.57801845166466	13.097962274561	1.89226236929648e-23	1.95443670428765e-21	1.95443670428765e-21	RAD21/CHEK1/SMC1A/RAD51/PARP1/XRCC2/RPA2/RAD54L/BLM/RAD52/ATM/NIPBL/BARD1/PDS5B/BRCA1/SMC3/PRKDC/RAD51B/PARP2/BRIP1/BRCA2/RAD50/BRCC3/TOPBP1/RBBP8/RAD51D/NBN/DNA2/RPA3/MRE11/ATR	31
panel30	leiden	17	GOBP_HOMOLOGOUS_RECOMBINATION	GOBP_HOMOLOGOUS_RECOMBINATION	15/36	23/2116	0.652173913043478	38.3333333333333	23.6783175477797	4.55798729507232e-23	4.11928101792161e-21	4.11928101792161e-21	RAD21/RAD51/RAD54L/ATM/BARD1/BRCA1/SYCP3/RAD51B/BRIP1/RAD50/TOPBP1/RBBP8/RAD51D/NBN/MRE11	15
panel30	leiden	17	GOBP_CELL_CYCLE_PROCESS	GOBP_CELL_CYCLE_PROCESS	32/36	350/2116	0.0914285714285714	5.37396825396825	11.7811875002283	8.97484034821583e-22	7.20978841306672e-20	7.20978841306672e-20	PDS5A/RAD21/CHEK1/SMC1A/RAD51/XRCC2/RPA2/RAD54L/BLM/STAG2/ATM/NIPBL/BARD1/PDS5B/BRCA1/SMC3/SYCP3/PRKDC/RAD51B/WAPL/BRIP1/BRCA2/STAG1/RAD50/BRCC3/TOPBP1/RBBP8/RAD51D/NBN/DNA2/MRE11/ATR	32
panel30	leiden	17	GOBP_CELL_CYCLE	GOBP_CELL_CYCLE	33/36	441/2116	0.0748299319727891	4.39833711262283	10.550015948984	4.77576655982028e-20	3.45287922275006e-18	3.45287922275006e-18	PDS5A/RAD21/CHEK1/SMC1A/RAD51/XRCC2/RPA2/RAD54L/BLM/STAG2/ATM/NIPBL/BARD1/PDS5B/BRCA1/SMC3/SYCP3/PRKDC/RAD51B/WAPL/BRIP1/BRCA2/STAG1/RAD50/BRCC3/TOPBP1/RBBP8/RAD51D/NBN/DNA2/RPA3/MRE11/ATR	33
panel30	leiden	7	GOBP_ORGANELLE_MEMBRANE_FUSION	GOBP_ORGANELLE_MEMBRANE_FUSION	8/8	22/2116	0.363636363636364	96.1818181818182	27.6402441144097	3.25077224469133e-17	5.8513900404444e-15	3.69561476238594e-15	VAMP8/VPS41/VPS39/VPS11/VPS18/STX17/VPS33A/VPS16	8
panel30	leiden	7	GOBP_MEMBRANE_FUSION	GOBP_MEMBRANE_FUSION	8/8	24/2116	0.333333333333333	88.1666666666667	26.4508781774204	7.47677616279014e-17	6.72909854651113e-15	4.24995697674387e-15	VAMP8/VPS41/VPS39/VPS11/VPS18/STX17/VPS33A/VPS16	8
panel30	leiden	7	GOBP_ORGANELLE_FUSION	GOBP_ORGANELLE_FUSION	8/8	29/2116	0.275862068965517	72.9655172413793	24.0340578212046	4.3633817544456e-16	2.61802905266736e-14	1.6534920332636e-14	VAMP8/VPS41/VPS39/VPS11/VPS18/STX17/VPS33A/VPS16	8
panel30	leiden	7	GOBP_ENDOSOME_TO_LYSOSOME_TRANSPORT	GOBP_ENDOSOME_TO_LYSOSOME_TRANSPORT	6/8	10/2116	0.6	158.7	30.7870010132323	4.73461161885987e-14	2.13057522848694e-12	1.34562646009702e-12	VPS41/VPS39/VPS11/VPS18/VPS33A/VPS16	6
panel30	leiden	7	GOBP_VESICLE_ORGANIZATION	GOBP_VESICLE_ORGANIZATION	8/8	62/2116	0.129032258064516	34.1290322580645	16.3068190094817	3.4372146563631e-13	1.23739727629072e-11	7.81514069236243e-12	VAMP8/VPS41/VPS39/VPS11/VPS18/STX17/VPS33A/VPS16	8
panel30	leiden	7	GOBP_LYSOSOMAL_TRANSPORT	GOBP_LYSOSOMAL_TRANSPORT	6/8	22/2116	0.272727272727273	72.1363636363637	20.6575845458697	1.66581825229347e-11	4.99745475688041e-10	3.15628721487184e-10	VPS41/VPS39/VPS11/VPS18/VPS33A/VPS16	6
panel30	leiden	7	GOBP_VACUOLAR_TRANSPORT	GOBP_VACUOLAR_TRANSPORT	6/8	28/2116	0.214285714285714	56.6785714285714	18.266978955037	8.36991807880812e-11	2.15226464883637e-09	1.35932504137034e-09	VPS41/VPS39/VPS11/VPS18/VPS33A/VPS16	6
panel30	leiden	7	GOBP_MEMBRANE_ORGANIZATION	GOBP_MEMBRANE_ORGANIZATION	8/8	132/2116	0.0606060606060606	16.030303030303	10.9837020730693	1.87197843280036e-10	4.21195147380081e-09	2.66017987818999e-09	VAMP8/VPS41/VPS39/VPS11/VPS18/STX17/VPS33A/VPS16	8
panel30	leiden	7	GOBP_MACROAUTOPHAGY	GOBP_MACROAUTOPHAGY	8/8	145/2116	0.0551724137931035	14.5931034482759	10.4453786287853	4.04784816625463e-10	8.09569633250925e-09	5.11307136790058e-09	VAMP8/VPS41/VPS39/VPS11/VPS18/STX17/VPS33A/VPS16	8
panel30	leiden	7	GOBP_PROCESS_UTILIZING_AUTOPHAGIC_MECHANISM	GOBP_PROCESS_UTILIZING_AUTOPHAGIC_MECHANISM	8/8	224/2116	0.0357142857142857	9.44642857142857	8.23382121940575	1.40834629412518e-08	2.53502332942532e-07	1.60106736595283e-07	VAMP8/VPS41/VPS39/VPS11/VPS18/STX17/VPS33A/VPS16	8
panel30	leiden	18	GOBP_PROTEIN_DEPHOSPHORYLATION	GOBP_PROTEIN_DEPHOSPHORYLATION	6/12	37/2116	0.162162162162162	28.5945945945946	12.7855841967636	1.60819664067022e-08	8.52344219555214e-06	7.37901748488631e-07	PPP2CB/PPP3CB/PPP2R3B/PPP3CA/PPP2R2A/PPP2CA	6
panel30	leiden	18	GOBP_DEPHOSPHORYLATION	GOBP_DEPHOSPHORYLATION	6/12	46/2116	0.130434782608696	23	11.3904102150414	6.33705340267238e-08	1.67931915170818e-05	1.45384049059728e-06	PPP2CB/PPP3CB/PPP2R3B/PPP3CA/PPP2R2A/PPP2CA	6
panel30	leiden	18	GOBP_POSITIVE_REGULATION_OF_CALCIUM_ION_IMPORT	GOBP_POSITIVE_REGULATION_OF_CALCIUM_ION_IMPORT	3/12	10/2116	0.3	52.9	12.4211302406465	1.63716444832166e-05	0.0028923238587016	0.000250397759915006	PPP3CB/PPP3R1/PPP3CA	3
panel30	leiden	18	GOBP_REGULATION_OF_CALCINEURIN_MEDIATED_SIGNALING	GOBP_REGULATION_OF_CALCINEURIN_MEDIATED_SIGNALING	3/12	14/2116	0.214285714285714	37.7857142857143	10.4267700667024	4.90282485696047e-05	0.0049651745230116	0.000429851095135412	PPP3CB/PPP3R1/PPP3CA	3
panel30	leiden	18	GOBP_NEGATIVE_REGULATION_OF_CALCIUM_ION_TRANSMEMBRANE_TRANSPORT	GOBP_NEGATIVE_REGULATION_OF_CALCIUM_ION_TRANSMEMBRANE_TRANSPORT	3/12	15/2116	0.2	35.2666666666667	10.0560495450184	6.10891822218087e-05	0.0049651745230116	0.000429851095135412	PPP3CB/PPP3R1/PPP3CA	3
panel30	leiden	18	GOBP_REGULATION_OF_CALCIUM_ION_IMPORT	GOBP_REGULATION_OF_CALCIUM_ION_IMPORT	3/12	15/2116	0.2	35.2666666666667	10.0560495450184	6.10891822218087e-05	0.0049651745230116	0.000429851095135412	PPP3CB/PPP3R1/PPP3CA	3
panel30	leiden	18	GOBP_CALCIUM_ION_IMPORT_ACROSS_PLASMA_MEMBRANE	GOBP_CALCIUM_ION_IMPORT_ACROSS_PLASMA_MEMBRANE	3/12	16/2116	0.1875	33.0625	9.7200985363012	7.49460305360241e-05	0.0049651745230116	0.000429851095135412	PPP3CB/PPP3R1/PPP3CA	3
panel30	leiden	18	GOBP_NEGATIVE_REGULATION_OF_CALCIUM_ION_TRANSPORT	GOBP_NEGATIVE_REGULATION_OF_CALCIUM_ION_TRANSPORT	3/12	16/2116	0.1875	33.0625	9.7200985363012	7.49460305360241e-05	0.0049651745230116	0.000429851095135412	PPP3CB/PPP3R1/PPP3CA	3
panel30	leiden	18	GOBP_POSITIVE_REGULATION_OF_CALCIUM_ION_TRANSMEMBRANE_TRANSPORT	GOBP_POSITIVE_REGULATION_OF_CALCIUM_ION_TRANSMEMBRANE_TRANSPORT	3/12	20/2116	0.15	26.45	8.63435869511036	0.000150623935531787	0.00798306858318473	0.000691119870433412	PPP3CB/PPP3R1/PPP3CA	3
panel30	leiden	18	GOBP_POSITIVE_REGULATION_OF_CALCIUM_MEDIATED_SIGNALING	GOBP_POSITIVE_REGULATION_OF_CALCIUM_MEDIATED_SIGNALING	3/12	20/2116	0.15	26.45	8.63435869511036	0.000150623935531787	0.00798306858318473	0.000691119870433412	PPP3CB/PPP3R1/PPP3CA	3
panel30	leiden	19	GOBP_MISMATCH_REPAIR	GOBP_MISMATCH_REPAIR	3/3	13/2116	0.230769230769231	162.769230769231	22.0401235588363	1.81378691907782e-07	7.98066244394242e-06	6.4914479209101e-06	RNASEH2C/RNASEH2B/RNASEH2A	3
panel30	leiden	19	GOBP_NUCLEIC_ACID_CATABOLIC_PROCESS	GOBP_NUCLEIC_ACID_CATABOLIC_PROCESS	3/3	55/2116	0.0545454545454545	38.4727272727273	10.6077607461714	1.66380069307716e-05	0.000366036152476975	0.000297732755603281	RNASEH2C/RNASEH2B/RNASEH2A	3
panel30	leiden	19	GOBP_NUCLEOBASE_CONTAINING_COMPOUND_CATABOLIC_PROCESS	GOBP_NUCLEOBASE_CONTAINING_COMPOUND_CATABOLIC_PROCESS	3/3	91/2116	0.032967032967033	23.2527472527473	8.17443758747937	7.70447216308284e-05	0.00112998925058548	0.000919130012437953	RNASEH2C/RNASEH2B/RNASEH2A	3
panel30	leiden	19	GOBP_DNA_REPAIR	GOBP_DNA_REPAIR	3/3	160/2116	0.01875	13.225	6.05885415546836	0.000424857389100914	0.00467343128011005	0.00380135558669238	RNASEH2C/RNASEH2B/RNASEH2A	3
panel30	leiden	19	GOBP_DNA_METABOLIC_PROCESS	GOBP_DNA_METABOLIC_PROCESS	3/3	252/2116	0.0119047619047619	8.3968253968254	4.71290568057818	0.00167141098784252	0.0147084166930142	0.011963783912978	RNASEH2C/RNASEH2B/RNASEH2A	3
panel30	leiden	19	GOBP_DNA_DAMAGE_RESPONSE	GOBP_DNA_DAMAGE_RESPONSE	3/3	277/2116	0.0108303249097473	7.63898916967509	4.46495457397406	0.00222223778104707	0.0162964103943452	0.0132554534308071	RNASEH2C/RNASEH2B/RNASEH2A	3
panel30	leiden	19	GOBP_MACROMOLECULE_CATABOLIC_PROCESS	GOBP_MACROMOLECULE_CATABOLIC_PROCESS	3/3	333/2116	0.00900900900900901	6.35435435435436	4.00977145210847	0.00386793611964236	0.0243127413234662	0.0197759139951639	RNASEH2C/RNASEH2B/RNASEH2A	3
panel30	leiden	19	GOBP_REGULATION_OF_DNA_DAMAGE_CHECKPOINT	GOBP_REGULATION_OF_DNA_DAMAGE_CHECKPOINT	1/3	14/2116	0.0714285714285714	50.3809523809524	6.98350081775262	0.0197270002083827	0.108498501146105	0.088252369353291	RNASEH2B	1
panel30	leiden	19	GOBP_REGULATION_OF_CELL_CYCLE_CHECKPOINT	GOBP_REGULATION_OF_CELL_CYCLE_CHECKPOINT	1/3	26/2116	0.0384615384615385	27.1282051282051	5.04997435416198	0.036427931593039	0.178092110010413	0.144859611013255	RNASEH2B	1
panel30	leiden	19	GOBP_POSITIVE_REGULATION_OF_FIBROBLAST_PROLIFERATION	GOBP_POSITIVE_REGULATION_OF_FIBROBLAST_PROLIFERATION	1/3	34/2116	0.0294117647058824	20.7450980392157	4.37244600463896	0.0474558321639798	0.208805661521511	0.169841925639506	RNASEH2B	1
panel30	leiden	20	GOBP_REGULATION_OF_TYROSINE_PHOSPHORYLATION_OF_STAT_PROTEIN	GOBP_REGULATION_OF_TYROSINE_PHOSPHORYLATION_OF_STAT_PROTEIN	2/2	16/2116	0.125	132.25	16.2056833297899	5.36272104465806e-05	0.00215849522047487	0.000908840092831525	IL10RB/IL10RA	2
panel30	leiden	20	GOBP_TYROSINE_PHOSPHORYLATION_OF_STAT_PROTEIN	GOBP_TYROSINE_PHOSPHORYLATION_OF_STAT_PROTEIN	2/2	18/2116	0.111111111111111	117.555555555556	15.271587385329	6.83746933193902e-05	0.00215849522047487	0.000908840092831525	IL10RB/IL10RA	2
panel30	leiden	20	GOBP_POSITIVE_REGULATION_OF_PEPTIDYL_TYROSINE_PHOSPHORYLATION	GOBP_POSITIVE_REGULATION_OF_PEPTIDYL_TYROSINE_PHOSPHORYLATION	2/2	24/2116	0.0833333333333333	88.1666666666667	13.2066573905874	0.000123342584027135	0.00215849522047487	0.000908840092831525	IL10RB/IL10RA	2
panel30	leiden	20	GOBP_POSITIVE_REGULATION_OF_RECEPTOR_SIGNALING_PATHWAY_VIA_STAT	GOBP_POSITIVE_REGULATION_OF_RECEPTOR_SIGNALING_PATHWAY_VIA_STAT	2/2	24/2116	0.0833333333333333	88.1666666666667	13.2066573905874	0.000123342584027135	0.00215849522047487	0.000908840092831525	IL10RB/IL10RA	2
panel30	leiden	20	GOBP_REGULATION_OF_PEPTIDYL_TYROSINE_PHOSPHORYLATION	GOBP_REGULATION_OF_PEPTIDYL_TYROSINE_PHOSPHORYLATION	2/2	33/2116	0.0606060606060606	64.1212121212121	11.2384225568824	0.000235959725964955	0.00328466663985306	0.00138301753256971	IL10RB/IL10RA	2
panel30	leiden	20	GOBP_REGULATION_OF_RECEPTOR_SIGNALING_PATHWAY_VIA_JAK_STAT	GOBP_REGULATION_OF_RECEPTOR_SIGNALING_PATHWAY_VIA_JAK_STAT	2/2	36/2116	0.0555555555555556	58.7777777777778	10.7522191940535	0.000281542854844548	0.00328466663985306	0.00138301753256971	IL10RB/IL10RA	2
panel30	leiden	20	GOBP_REGULATION_OF_RECEPTOR_SIGNALING_PATHWAY_VIA_STAT	GOBP_REGULATION_OF_RECEPTOR_SIGNALING_PATHWAY_VIA_STAT	2/2	43/2116	0.0465116279069768	49.2093023255814	9.82161973447905	0.000403544758610519	0.00403544758610519	0.0016991358257285	IL10RB/IL10RA	2
panel30	leiden	20	GOBP_NEGATIVE_REGULATION_OF_INFLAMMATORY_RESPONSE	GOBP_NEGATIVE_REGULATION_OF_INFLAMMATORY_RESPONSE	2/2	54/2116	0.037037037037037	39.1851851851852	8.74108096137908	0.000639504484575473	0.00559566424003539	0.00235606915369911	IL10RB/IL10RA	2
panel30	leiden	20	GOBP_PEPTIDYL_TYROSINE_MODIFICATION	GOBP_PEPTIDYL_TYROSINE_MODIFICATION	2/2	59/2116	0.0338983050847458	35.864406779661	8.35235283383737	0.000764634642284162	0.00594715832887681	0.00250406666479024	IL10RB/IL10RA	2
panel30	leiden	20	GOBP_CELL_SURFACE_RECEPTOR_SIGNALING_PATHWAY_VIA_JAK_STAT	GOBP_CELL_SURFACE_RECEPTOR_SIGNALING_PATHWAY_VIA_JAK_STAT	2/2	71/2116	0.028169014084507	29.8028169014085	7.59163245903499	0.00111053014966461	0.00777371104765225	0.00327314149374832	IL10RB/IL10RA	2
panel30	leiden	21	GOBP_POSITIVE_REGULATION_OF_ACTIVATED_T_CELL_PROLIFERATION	GOBP_POSITIVE_REGULATION_OF_ACTIVATED_T_CELL_PROLIFERATION	2/2	10/2116	0.2	211.6	20.5280111832823	2.01102039174678e-05	0.000657827114811388	0.00014676920753801	IL12RB1/IL23A	2
panel30	leiden	21	GOBP_POSITIVE_REGULATION_OF_NATURAL_KILLER_CELL_ACTIVATION	GOBP_POSITIVE_REGULATION_OF_NATURAL_KILLER_CELL_ACTIVATION	2/2	10/2116	0.2	211.6	20.5280111832823	2.01102039174678e-05	0.000657827114811388	0.00014676920753801	IL12RB1/IL23A	2
panel30	leiden	21	GOBP_POSITIVE_REGULATION_OF_DEFENSE_RESPONSE_TO_VIRUS_BY_HOST	GOBP_POSITIVE_REGULATION_OF_DEFENSE_RESPONSE_TO_VIRUS_BY_HOST	2/2	11/2116	0.181818181818182	192.363636363636	19.5680432554897	2.45791381213494e-05	0.000657827114811388	0.00014676920753801	IL12RB1/IL23A	2
panel30	leiden	21	GOBP_REGULATION_OF_T_HELPER_17_TYPE_IMMUNE_RESPONSE	GOBP_REGULATION_OF_T_HELPER_17_TYPE_IMMUNE_RESPONSE	2/2	11/2116	0.181818181818182	192.363636363636	19.5680432554897	2.45791381213494e-05	0.000657827114811388	0.00014676920753801	IL12RB1/IL23A	2
panel30	leiden	21	GOBP_ALPHA_BETA_T_CELL_PROLIFERATION	GOBP_ALPHA_BETA_T_CELL_PROLIFERATION	2/2	12/2116	0.166666666666667	176.333333333333	18.7305244170713	2.94949657456193e-05	0.000657827114811388	0.00014676920753801	IL12RB1/IL23A	2
panel30	leiden	21	GOBP_POSITIVE_REGULATION_OF_INTERLEUKIN_17_PRODUCTION	GOBP_POSITIVE_REGULATION_OF_INTERLEUKIN_17_PRODUCTION	2/2	12/2116	0.166666666666667	176.333333333333	18.7305244170713	2.94949657456193e-05	0.000657827114811388	0.00014676920753801	IL12RB1/IL23A	2
panel30	leiden	21	GOBP_REGULATION_OF_T_HELPER_1_TYPE_IMMUNE_RESPONSE	GOBP_REGULATION_OF_T_HELPER_1_TYPE_IMMUNE_RESPONSE	2/2	12/2116	0.166666666666667	176.333333333333	18.7305244170713	2.94949657456193e-05	0.000657827114811388	0.00014676920753801	IL12RB1/IL23A	2
panel30	leiden	21	GOBP_POSITIVE_REGULATION_OF_CD4_POSITIVE_ALPHA_BETA_T_CELL_DIFFERENTIATION	GOBP_POSITIVE_REGULATION_OF_CD4_POSITIVE_ALPHA_BETA_T_CELL_DIFFERENTIATION	2/2	13/2116	0.153846153846154	162.769230769231	17.9914287139273	3.48576867902775e-05	0.000657827114811388	0.00014676920753801	IL12RB1/IL23A	2
panel30	leiden	21	GOBP_REGULATION_OF_NATURAL_KILLER_CELL_ACTIVATION	GOBP_REGULATION_OF_NATURAL_KILLER_CELL_ACTIVATION	2/2	13/2116	0.153846153846154	162.769230769231	17.9914287139273	3.48576867902775e-05	0.000657827114811388	0.00014676920753801	IL12RB1/IL23A	2
panel30	leiden	21	GOBP_POSITIVE_REGULATION_OF_CD4_POSITIVE_ALPHA_BETA_T_CELL_ACTIVATION	GOBP_POSITIVE_REGULATION_OF_CD4_POSITIVE_ALPHA_BETA_T_CELL_ACTIVATION	2/2	15/2116	0.133333333333333	141.066666666667	16.7411423366521	4.6923809140758e-05	0.000657827114811388	0.00014676920753801	IL12RB1/IL23A	2
panel30	leiden	22	GOBP_REGULATION_OF_THE_FORCE_OF_HEART_CONTRACTION	GOBP_REGULATION_OF_THE_FORCE_OF_HEART_CONTRACTION	3/3	11/2116	0.272727272727273	192.363636363636	23.9715310003027	1.0464155302372e-07	9.10381511306366e-06	1.76238405092582e-06	MYH6/MYH7/MYL2	3
panel30	leiden	22	GOBP_VENTRICULAR_CARDIAC_MUSCLE_TISSUE_MORPHOGENESIS	GOBP_VENTRICULAR_CARDIAC_MUSCLE_TISSUE_MORPHOGENESIS	3/3	14/2116	0.214285714285714	151.142857142857	21.2333443378727	2.30845607882632e-07	1.00417839428945e-05	1.94396301374848e-06	MYH6/MYH7/MYL2	3
panel30	leiden	22	GOBP_CARDIAC_MUSCLE_TISSUE_MORPHOGENESIS	GOBP_CARDIAC_MUSCLE_TISSUE_MORPHOGENESIS	3/3	18/2116	0.166666666666667	117.555555555556	18.7082236916327	5.17500044044581e-07	1.12556259579696e-05	2.17894755387192e-06	MYH6/MYH7/MYL2	3
panel30	leiden	22	GOBP_VENTRICULAR_CARDIAC_MUSCLE_TISSUE_DEVELOPMENT	GOBP_VENTRICULAR_CARDIAC_MUSCLE_TISSUE_DEVELOPMENT	3/3	18/2116	0.166666666666667	117.555555555556	18.7082236916327	5.17500044044581e-07	1.12556259579696e-05	2.17894755387192e-06	MYH6/MYH7/MYL2	3
panel30	leiden	22	GOBP_CARDIAC_VENTRICLE_MORPHOGENESIS	GOBP_CARDIAC_VENTRICLE_MORPHOGENESIS	3/3	21/2116	0.142857142857143	100.761904761905	17.3080615511649	8.43474336494232e-07	1.46764534549996e-05	2.84117671240163e-06	MYH6/MYH7/MYL2	3
panel30	leiden	22	GOBP_MUSCLE_ORGAN_MORPHOGENESIS	GOBP_MUSCLE_ORGAN_MORPHOGENESIS	3/3	26/2116	0.115384615384615	81.3846153846154	15.5364765459252	1.64889719916165e-06	2.3909009387844e-05	4.6284833660678e-06	MYH6/MYH7/MYL2	3
panel30	leiden	22	GOBP_CARDIAC_VENTRICLE_DEVELOPMENT	GOBP_CARDIAC_VENTRICLE_DEVELOPMENT	3/3	37/2116	0.0810810810810811	57.1891891891892	12.9895003907039	4.92766586057155e-06	6.12438471242465e-05	1.18560381607737e-05	MYH6/MYH7/MYL2	3
panel30	leiden	22	GOBP_CARDIAC_CHAMBER_MORPHOGENESIS	GOBP_CARDIAC_CHAMBER_MORPHOGENESIS	3/3	42/2116	0.0714285714285714	50.3809523809524	12.1771539181845	7.28051532552915e-06	7.03783148134485e-05	1.36243561647329e-05	MYH6/MYH7/MYL2	3
panel30	leiden	22	GOBP_CARDIAC_MUSCLE_CONTRACTION	GOBP_CARDIAC_MUSCLE_CONTRACTION	3/3	42/2116	0.0714285714285714	50.3809523809524	12.1771539181845	7.28051532552915e-06	7.03783148134485e-05	1.36243561647329e-05	MYH6/MYH7/MYL2	3
panel30	leiden	22	GOBP_REGULATION_OF_HEART_CONTRACTION	GOBP_REGULATION_OF_HEART_CONTRACTION	3/3	46/2116	0.0652173913043478	46	11.6244475312595	9.62702287818227e-06	7.95250435331058e-05	1.53950477499055e-05	MYH6/MYH7/MYL2	3
panel30	leiden	23	GOBP_G_PROTEIN_COUPLED_RECEPTOR_SIGNALING_PATHWAY	GOBP_G_PROTEIN_COUPLED_RECEPTOR_SIGNALING_PATHWAY	2/2	129/2116	0.0155038759689922	16.4031007751938	5.55164606404025	0.00368955207872474	0.0405850728659722	0.0194186951511829	GNGT2/GNB4	2
panel30	leiden	23	GOBP_DETECTION_OF_ABIOTIC_STIMULUS	GOBP_DETECTION_OF_ABIOTIC_STIMULUS	1/2	17/2116	0.0588235294117647	62.2352941176471	7.79538809910682	0.0160072754248839	0.0543260400327121	0.0259933205898144	GNGT2	1
panel30	leiden	23	GOBP_SUBSTANTIA_NIGRA_DEVELOPMENT	GOBP_SUBSTANTIA_NIGRA_DEVELOPMENT	1/2	18/2116	0.0555555555555556	58.7777777777778	7.57028164001055	0.0169448578208581	0.0543260400327121	0.0259933205898144	GNB4	1
panel30	leiden	23	GOBP_NEURAL_NUCLEUS_DEVELOPMENT	GOBP_NEURAL_NUCLEUS_DEVELOPMENT	1/2	21/2116	0.0476190476190476	50.3809523809524	6.9935033551852	0.0197549236482589	0.0543260400327121	0.0259933205898144	GNB4	1
panel30	leiden	23	GOBP_MIDBRAIN_DEVELOPMENT	GOBP_MIDBRAIN_DEVELOPMENT	1/2	39/2116	0.0256410256410256	27.1282051282051	5.06455538000356	0.0365308557562106	0.0703741689644432	0.0336718511791594	GNB4	1
panel30	leiden	23	GOBP_DETECTION_OF_STIMULUS	GOBP_DETECTION_OF_STIMULUS	1/2	41/2116	0.024390243902439	25.8048780487805	4.93216578637829	0.0383859103442418	0.0703741689644432	0.0336718511791594	GNGT2	1
panel30	leiden	23	GOBP_RESPONSE_TO_LIGHT_STIMULUS	GOBP_RESPONSE_TO_LIGHT_STIMULUS	1/2	93/2116	0.010752688172043	11.3763440860215	3.14706410787931	0.0859898912708306	0.135126971997019	0.0646540535870907	GNGT2	1
panel30	leiden	23	GOBP_RESPONSE_TO_RADIATION	GOBP_RESPONSE_TO_RADIATION	1/2	138/2116	0.0072463768115942	7.66666666666667	2.49088015563738	0.126210299105766	0.173539161270429	0.0830330915169515	GNGT2	1
panel30	leiden	23	GOBP_HEAD_DEVELOPMENT	GOBP_HEAD_DEVELOPMENT	1/2	167/2116	0.00598802395209581	6.33532934131737	2.20918070331617	0.151650600848204	0.185350734370027	0.0886845618995343	GNB4	1
panel30	leiden	23	GOBP_CENTRAL_NERVOUS_SYSTEM_DEVELOPMENT	GOBP_CENTRAL_NERVOUS_SYSTEM_DEVELOPMENT	1/2	209/2116	0.00478468899521531	5.0622009569378	1.90229073571093	0.187828857695728	0.206611743465301	0.0988572935240674	GNB4	1
panel30	leiden	24	GOBP_NON_CANONICAL_WNT_SIGNALING_PATHWAY	GOBP_NON_CANONICAL_WNT_SIGNALING_PATHWAY	8/10	49/2116	0.163265306122449	34.5469387755102	16.3684177412293	1.99235690855273e-12	1.42254283270665e-09	1.07167829502152e-09	FZD6/WNT11/FZD3/FZD4/FZD8/FZD7/WNT5A/WNT4	8
panel30	leiden	24	GOBP_WNT_SIGNALING_PATHWAY	GOBP_WNT_SIGNALING_PATHWAY	10/10	185/2116	0.0540540540540541	11.4378378378378	10.2383807227725	2.08120680431401e-11	7.42990829140103e-09	5.59735093160243e-09	ROR1/FZD6/WNT11/FZD3/FZD4/WNT10A/FZD8/FZD7/WNT5A/WNT4	10
panel30	leiden	24	GOBP_CANONICAL_WNT_SIGNALING_PATHWAY	GOBP_CANONICAL_WNT_SIGNALING_PATHWAY	9/10	140/2116	0.0642857142857143	13.6028571428571	10.6307905964091	1.79430106469176e-10	4.27043653396639e-08	3.21715033002628e-08	FZD6/WNT11/FZD3/FZD4/WNT10A/FZD8/FZD7/WNT5A/WNT4	9
panel30	leiden	24	GOBP_WNT_SIGNALING_PATHWAY_PLANAR_CELL_POLARITY_PATHWAY	GOBP_WNT_SIGNALING_PATHWAY_PLANAR_CELL_POLARITY_PATHWAY	5/10	34/2116	0.147058823529412	31.1176470588235	12.1968066148423	1.88146381277798e-07	3.3584129058087e-05	2.53007370613039e-05	FZD6/WNT11/FZD3/FZD7/WNT5A	5
panel30	leiden	24	GOBP_CELLULAR_RESPONSE_TO_RETINOIC_ACID	GOBP_CELLULAR_RESPONSE_TO_RETINOIC_ACID	4/10	25/2116	0.16	33.856	11.3850169152603	3.04002331387e-06	0.000434115329220636	0.000327042508081593	WNT11/FZD4/FZD7/WNT5A	4
panel30	leiden	24	GOBP_GENERATION_OF_NEURONS	GOBP_GENERATION_OF_NEURONS	8/10	309/2116	0.0258899676375405	5.47831715210356	5.86868788099233	6.56183435872952e-06	0.000732382275193979	0.000551743096895361	WNT11/FZD3/FZD4/WNT10A/FZD8/FZD7/WNT5A/WNT4	8
panel30	leiden	24	GOBP_G_PROTEIN_COUPLED_RECEPTOR_SIGNALING_PATHWAY	GOBP_G_PROTEIN_COUPLED_RECEPTOR_SIGNALING_PATHWAY	6/10	129/2116	0.0465116279069768	9.84186046511628	7.139463554857	7.86255258175373e-06	0.000732382275193979	0.000551743096895361	FZD6/FZD3/FZD4/FZD8/FZD7/WNT5A	6
panel30	leiden	24	GOBP_EPITHELIUM_DEVELOPMENT	GOBP_EPITHELIUM_DEVELOPMENT	8/10	318/2116	0.0251572327044025	5.32327044025157	5.76178597620043	8.20596386771965e-06	0.000732382275193979	0.000551743096895361	FZD6/WNT11/FZD3/FZD4/WNT10A/FZD7/WNT5A/WNT4	8
panel30	leiden	24	GOBP_RESPONSE_TO_RETINOIC_ACID	GOBP_RESPONSE_TO_RETINOIC_ACID	4/10	35/2116	0.114285714285714	24.1828571428571	9.52776295267422	1.22978341127245e-05	0.000975628172942807	0.00073499336042131	WNT11/FZD4/FZD7/WNT5A	4
panel30	leiden	24	GOBP_BRAIN_MORPHOGENESIS	GOBP_BRAIN_MORPHOGENESIS	3/10	12/2116	0.25	52.9	12.4211302406465	1.63716444832166e-05	0.00108220104778263	0.00081528045911385	FZD6/FZD3/WNT5A	3
panel30	leiden	25	GOBP_ACTIVIN_RECEPTOR_SIGNALING_PATHWAY	GOBP_ACTIVIN_RECEPTOR_SIGNALING_PATHWAY	8/11	29/2116	0.275862068965517	53.0658307210031	20.4040347641454	7.00994916750642e-14	4.01670087298118e-11	2.73756962225777e-11	INHBB/ACVR2A/ACVR2B/BMPR2/INHBA/ACVR1B/FST/ACVR1	8
panel30	leiden	25	GOBP_CELL_SURFACE_RECEPTOR_PROTEIN_SERINE_THREONINE_KINASE_SIGNALING_PATHWAY	GOBP_CELL_SURFACE_RECEPTOR_PROTEIN_SERINE_THREONINE_KINASE_SIGNALING_PATHWAY	11/11	161/2116	0.0683229813664596	13.1428571428571	11.5847301295755	3.58115814069744e-13	1.02600180730982e-10	6.99268247473026e-11	BMPR1A/INHBB/ACVR2A/ACVR2B/BMPR2/RGMB/INHBA/ACVR1B/FST/NEO1/ACVR1	11
panel30	leiden	25	GOBP_POSITIVE_REGULATION_OF_TRANSMEMBRANE_RECEPTOR_PROTEIN_SERINE_THREONINE_KINASE_SIGNALING_PATHWAY	GOBP_POSITIVE_REGULATION_OF_TRANSMEMBRANE_RECEPTOR_PROTEIN_SERINE_THREONINE_KINASE_SIGNALING_PATHWAY	8/11	50/2116	0.16	30.7781818181818	15.4008077379299	8.53538176219085e-12	1.63025791657845e-09	1.11109706448169e-09	BMPR1A/ACVR2A/ACVR2B/BMPR2/INHBA/ACVR1B/NEO1/ACVR1	8
panel30	leiden	25	GOBP_REGULATION_OF_ACTIVIN_RECEPTOR_SIGNALING_PATHWAY	GOBP_REGULATION_OF_ACTIVIN_RECEPTOR_SIGNALING_PATHWAY	6/11	16/2116	0.375	72.1363636363636	20.642746692803	2.92847095098356e-11	4.19503463728394e-09	2.85911242846026e-09	ACVR2A/ACVR2B/INHBA/ACVR1B/FST/ACVR1	6
panel30	leiden	25	GOBP_REGULATION_OF_TRANSMEMBRANE_RECEPTOR_PROTEIN_SERINE_THREONINE_KINASE_SIGNALING_PATHWAY	GOBP_REGULATION_OF_TRANSMEMBRANE_RECEPTOR_PROTEIN_SERINE_THREONINE_KINASE_SIGNALING_PATHWAY	9/11	111/2116	0.0810810810810811	15.5970515970516	11.4181283988499	1.10342711870834e-10	1.26452747803975e-08	8.61834654822722e-09	BMPR1A/ACVR2A/ACVR2B/BMPR2/INHBA/ACVR1B/FST/NEO1/ACVR1	9
panel30	leiden	25	GOBP_RESPONSE_TO_BMP	GOBP_RESPONSE_TO_BMP	8/11	72/2116	0.111111111111111	21.3737373737374	12.7122371002389	1.84945659226804e-10	1.76623104561598e-08	1.20376911531832e-08	BMPR1A/ACVR2A/ACVR2B/BMPR2/RGMB/FST/NEO1/ACVR1	8
panel30	leiden	25	GOBP_ENZYME_LINKED_RECEPTOR_PROTEIN_SIGNALING_PATHWAY	GOBP_ENZYME_LINKED_RECEPTOR_PROTEIN_SIGNALING_PATHWAY	11/11	375/2116	0.0293333333333333	5.64266666666667	7.16323551147623	4.79379290099925e-09	3.92406190324653e-07	2.67443182897853e-07	BMPR1A/INHBB/ACVR2A/ACVR2B/BMPR2/RGMB/INHBA/ACVR1B/FST/NEO1/ACVR1	11
panel30	leiden	25	GOBP_POSITIVE_REGULATION_OF_BONE_MINERALIZATION	GOBP_POSITIVE_REGULATION_OF_BONE_MINERALIZATION	5/11	18/2116	0.277777777777778	53.4343434343434	16.1463671362961	1.09084423176993e-08	7.81317181005211e-07	5.32504223666636e-07	BMPR1A/ACVR2A/ACVR2B/BMPR2/ACVR1	5
panel30	leiden	25	GOBP_CELLULAR_RESPONSE_TO_ENDOGENOUS_STIMULUS	GOBP_CELLULAR_RESPONSE_TO_ENDOGENOUS_STIMULUS	11/11	418/2116	0.0263157894736842	5.0622009569378	6.70048409153269	1.60673892951219e-08	1.0229571184561e-06	6.97193149531022e-07	BMPR1A/INHBB/ACVR2A/ACVR2B/BMPR2/RGMB/INHBA/ACVR1B/FST/NEO1/ACVR1	11
panel30	leiden	25	GOBP_POSITIVE_REGULATION_OF_OSSIFICATION	GOBP_POSITIVE_REGULATION_OF_OSSIFICATION	5/11	21/2116	0.238095238095238	45.8008658008658	14.9117810780559	2.57230263637789e-08	1.34012770377677e-06	9.13359746672511e-07	BMPR1A/ACVR2A/ACVR2B/BMPR2/ACVR1	5
panel30	leiden	26	GOBP_CYTOSKELETON_ORGANIZATION	GOBP_CYTOSKELETON_ORGANIZATION	14/19	267/2116	0.052434456928839	5.83954267691701	8.05052624547875	1.22714150778668e-09	1.18787297953751e-06	8.65457694965342e-07	DIAPH1/TUBA1B/ROCK2/TUBA1C/PAK2/ROCK1/RHOA/CLIP1/PRKCZ/CDC42/TUBA1A/PDPK1/RAC1/RAC2	14
panel30	leiden	26	GOBP_APICAL_JUNCTION_ASSEMBLY	GOBP_APICAL_JUNCTION_ASSEMBLY	6/19	23/2116	0.260869565217391	29.0526315789474	12.8731752920097	2.02165472224198e-08	9.7848088556512e-06	7.12899296790594e-06	PKN2/ROCK2/PAK2/ROCK1/RHOA/RAC1	6
panel30	leiden	26	GOBP_REGULATION_OF_ACTIN_FILAMENT_BUNDLE_ASSEMBLY	GOBP_REGULATION_OF_ACTIN_FILAMENT_BUNDLE_ASSEMBLY	6/19	30/2116	0.2	22.2736842105263	11.1680912731562	1.145619429669e-07	2.26188874539992e-05	1.64796156961499e-05	ROCK2/PAK2/ROCK1/RHOA/CDC42/RAC1	6
panel30	leiden	26	GOBP_REGULATION_OF_ACTOMYOSIN_STRUCTURE_ORGANIZATION	GOBP_REGULATION_OF_ACTOMYOSIN_STRUCTURE_ORGANIZATION	6/19	30/2116	0.2	22.2736842105263	11.1680912731562	1.145619429669e-07	2.26188874539992e-05	1.64796156961499e-05	ROCK2/PAK2/ROCK1/RHOA/CDC42/RAC1	6
panel30	leiden	26	GOBP_ACTIN_FILAMENT_ORGANIZATION	GOBP_ACTIN_FILAMENT_ORGANIZATION	8/19	77/2116	0.103896103896104	11.5707450444293	8.99238968989012	1.16833096353302e-07	2.26188874539992e-05	1.64796156961499e-05	DIAPH1/ROCK2/PAK2/ROCK1/RHOA/CDC42/RAC1/RAC2	8
panel30	leiden	26	GOBP_SUPRAMOLECULAR_FIBER_ORGANIZATION	GOBP_SUPRAMOLECULAR_FIBER_ORGANIZATION	10/19	152/2116	0.0657894736842105	7.32686980609418	7.70500138311946	1.44424654200581e-07	2.27156578368322e-05	1.65501204335337e-05	DIAPH1/ROCK2/PAK2/ROCK1/RHOA/CLIP1/CDC42/TUBA1A/RAC1/RAC2	10
panel30	leiden	26	GOBP_REGULATION_OF_CYTOSKELETON_ORGANIZATION	GOBP_REGULATION_OF_CYTOSKELETON_ORGANIZATION	9/19	114/2116	0.0789473684210526	8.79224376731302	8.13983666663429	1.64266120720894e-07	2.27156578368322e-05	1.65501204335337e-05	DIAPH1/ROCK2/PAK2/ROCK1/RHOA/CLIP1/CDC42/RAC1/RAC2	9
panel30	leiden	26	GOBP_CELL_CELL_JUNCTION_ORGANIZATION	GOBP_CELL_CELL_JUNCTION_ORGANIZATION	7/19	57/2116	0.12280701754386	13.6768236380425	9.23320491376943	2.77591141699272e-07	3.35885281456119e-05	2.44718506498042e-05	PKN2/ROCK2/PAK2/ROCK1/RHOA/CDC42/RAC1	7
panel30	leiden	26	GOBP_MICROTUBULE_BASED_PROCESS	GOBP_MICROTUBULE_BASED_PROCESS	10/19	167/2116	0.0598802395209581	6.66876772770249	7.26396511234722	3.57629944827303e-07	3.52312112195003e-05	2.56686728110757e-05	DIAPH1/TUBA1B/ROCK2/TUBA1C/ROCK1/RHOA/CLIP1/PRKCZ/CDC42/TUBA1A	10
panel30	leiden	26	GOBP_STRESS_FIBER_ASSEMBLY	GOBP_STRESS_FIBER_ASSEMBLY	6/19	36/2116	0.166666666666667	18.5614035087719	10.1137351337449	3.63958793589879e-07	3.52312112195003e-05	2.56686728110757e-05	ROCK2/PAK2/ROCK1/RHOA/CDC42/RAC1	6
panel30	leiden	27	GOBP_CARDIAC_CONDUCTION	GOBP_CARDIAC_CONDUCTION	3/3	25/2116	0.12	84.64	15.8479494314928	1.45863983002762e-06	0.000320900762606076	0.000132045289876185	PLN/ATP1A2/ATP1B2	3
panel30	leiden	27	GOBP_REGULATION_OF_HEART_CONTRACTION	GOBP_REGULATION_OF_HEART_CONTRACTION	3/3	46/2116	0.0652173913043478	46	11.6244475312595	9.62702287818227e-06	0.00105897251660005	0.000435749456591408	PLN/ATP1A2/ATP1B2	3
panel30	leiden	27	GOBP_REGULATION_OF_BLOOD_CIRCULATION	GOBP_REGULATION_OF_BLOOD_CIRCULATION	3/3	56/2116	0.0535714285714286	37.7857142857143	10.5100712780275	1.7579780907985e-05	0.00120664561353388	0.000496514462985232	PLN/ATP1A2/ATP1B2	3
panel30	leiden	27	GOBP_HEART_PROCESS	GOBP_HEART_PROCESS	3/3	67/2116	0.0447761194029851	31.5820895522388	9.5829592754851	3.03809308945535e-05	0.00120664561353388	0.000496514462985232	PLN/ATP1A2/ATP1B2	3
panel30	leiden	27	GOBP_REGULATION_OF_MONOATOMIC_ION_TRANSMEMBRANE_TRANSPORT	GOBP_REGULATION_OF_MONOATOMIC_ION_TRANSMEMBRANE_TRANSPORT	3/3	76/2116	0.0394736842105263	27.8421052631579	8.97789149418565	4.45836435004093e-05	0.00120664561353388	0.000496514462985232	PLN/ATP1A2/ATP1B2	3
panel30	leiden	27	GOBP_INTRACELLULAR_POTASSIUM_ION_HOMEOSTASIS	GOBP_INTRACELLULAR_POTASSIUM_ION_HOMEOSTASIS	2/3	10/2116	0.2	141.066666666667	16.7252136656612	6.0178405857096e-05	0.00120664561353388	0.000496514462985232	ATP1A2/ATP1B2	2
panel30	leiden	27	GOBP_POTASSIUM_ION_HOMEOSTASIS	GOBP_POTASSIUM_ION_HOMEOSTASIS	2/3	10/2116	0.2	141.066666666667	16.7252136656612	6.0178405857096e-05	0.00120664561353388	0.000496514462985232	ATP1A2/ATP1B2	2
panel30	leiden	27	GOBP_SODIUM_ION_EXPORT_ACROSS_PLASMA_MEMBRANE	GOBP_SODIUM_ION_EXPORT_ACROSS_PLASMA_MEMBRANE	2/3	10/2116	0.2	141.066666666667	16.7252136656612	6.0178405857096e-05	0.00120664561353388	0.000496514462985232	ATP1A2/ATP1B2	2
panel30	leiden	27	GOBP_SODIUM_ION_HOMEOSTASIS	GOBP_SODIUM_ION_HOMEOSTASIS	2/3	10/2116	0.2	141.066666666667	16.7252136656612	6.0178405857096e-05	0.00120664561353388	0.000496514462985232	ATP1A2/ATP1B2	2
panel30	leiden	27	GOBP_REGULATION_OF_MEMBRANE_POTENTIAL	GOBP_REGULATION_OF_MEMBRANE_POTENTIAL	3/3	87/2116	0.0344827586206897	24.3218390804598	8.36849694449614	6.72210994712076e-05	0.00120664561353388	0.000496514462985232	PLN/ATP1A2/ATP1B2	3
panel30	leiden	28	GOBP_TRANSCRIPTION_INITIATION_AT_RNA_POLYMERASE_II_PROMOTER	GOBP_TRANSCRIPTION_INITIATION_AT_RNA_POLYMERASE_II_PROMOTER	13/16	40/2116	0.325	42.98125	23.3925311537665	2.46351542794869e-21	8.22814152934862e-19	3.38574816494765e-19	MED13/MED30/MED17/MED14/THRA/CCNH/MED24/MED12/CDK7/MED16/MED1/MED27/MED4	13
panel30	leiden	28	GOBP_DNA_TEMPLATED_TRANSCRIPTION_INITIATION	GOBP_DNA_TEMPLATED_TRANSCRIPTION_INITIATION	13/16	43/2116	0.302325581395349	39.9825581395349	22.5377440149711	7.45815161385646e-21	1.24551131951403e-18	5.12507915599744e-19	MED13/MED30/MED17/MED14/THRA/CCNH/MED24/MED12/CDK7/MED16/MED1/MED27/MED4	13
panel30	leiden	28	GOBP_REGULATION_OF_DNA_TEMPLATED_TRANSCRIPTION_INITIATION	GOBP_REGULATION_OF_DNA_TEMPLATED_TRANSCRIPTION_INITIATION	11/16	29/2116	0.379310344827586	50.1637931034483	23.2642302020952	1.56319791488439e-18	1.74036034523795e-16	7.16130346594016e-17	MED13/MED30/MED17/MED14/THRA/MED24/MED12/MED16/MED1/MED27/MED4	11
panel30	leiden	28	GOBP_POSITIVE_REGULATION_OF_DNA_TEMPLATED_TRANSCRIPTION_INITIATION	GOBP_POSITIVE_REGULATION_OF_DNA_TEMPLATED_TRANSCRIPTION_INITIATION	10/16	22/2116	0.454545454545455	60.1136363636364	24.3229477723761	1.03395249053068e-17	8.63350329593118e-16	3.55254802521396e-16	MED13/MED30/MED17/MED14/MED24/MED12/MED16/MED1/MED27/MED4	10
panel30	leiden	28	GOBP_RNA_POLYMERASE_II_PREINITIATION_COMPLEX_ASSEMBLY	GOBP_RNA_POLYMERASE_II_PREINITIATION_COMPLEX_ASSEMBLY	9/16	15/2116	0.6	79.35	26.5752362450122	2.44084380016016e-17	1.35873638208916e-15	5.59098211412286e-16	MED30/MED17/MED14/THRA/MED24/MED16/MED1/MED27/MED4	9
panel30	leiden	28	GOBP_TRANSCRIPTION_PREINITIATION_COMPLEX_ASSEMBLY	GOBP_TRANSCRIPTION_PREINITIATION_COMPLEX_ASSEMBLY	9/16	15/2116	0.6	79.35	26.5752362450122	2.44084380016016e-17	1.35873638208916e-15	5.59098211412286e-16	MED30/MED17/MED14/THRA/MED24/MED16/MED1/MED27/MED4	9
panel30	leiden	28	GOBP_POSITIVE_REGULATION_OF_DNA_TEMPLATED_TRANSCRIPTION_ELONGATION	GOBP_POSITIVE_REGULATION_OF_DNA_TEMPLATED_TRANSCRIPTION_ELONGATION	8/16	12/2116	0.666666666666667	88.1666666666667	26.4255310434595	6.38938544995726e-16	3.04864962897961e-14	1.25447038679015e-14	MED30/MED17/MED14/MED24/MED16/MED1/MED27/MED4	8
panel30	leiden	28	GOBP_REGULATION_OF_DNA_TEMPLATED_TRANSCRIPTION_ELONGATION	GOBP_REGULATION_OF_DNA_TEMPLATED_TRANSCRIPTION_ELONGATION	8/16	17/2116	0.470588235294118	62.2352941176471	22.1220606851714	3.08520654545458e-14	1.28807373272729e-12	5.30021665444533e-13	MED30/MED17/MED14/MED24/MED16/MED1/MED27/MED4	8
panel30	leiden	28	GOBP_PROTEIN_DNA_COMPLEX_ORGANIZATION	GOBP_PROTEIN_DNA_COMPLEX_ORGANIZATION	9/16	29/2116	0.310344827586207	41.0431034482759	18.9483340853467	4.68261224933362e-14	1.7377694347527e-12	7.1506422851745e-13	MED30/MED17/MED14/THRA/MED24/MED16/MED1/MED27/MED4	9
panel30	leiden	28	GOBP_TRANSCRIPTION_ELONGATION_BY_RNA_POLYMERASE_II	GOBP_TRANSCRIPTION_ELONGATION_BY_RNA_POLYMERASE_II	8/16	18/2116	0.444444444444444	58.7777777777778	21.4832446717234	5.53457305881431e-14	1.84854740164398e-12	7.60647583735754e-13	MED30/MED17/MED14/MED24/MED16/MED1/MED27/MED4	8
panel30	leiden	29	GOBP_TRANSLATIONAL_INITIATION	GOBP_TRANSLATIONAL_INITIATION	2/2	51/2116	0.0392156862745098	41.4901960784314	9.00103876618008	0.000569789110994919	0.0330477684377053	0.0185931183587816	EIF2S1/ABCE1	2
panel30	leiden	29	GOBP_REGULATION_OF_TRANSLATION	GOBP_REGULATION_OF_TRANSLATION	2/2	76/2116	0.0263157894736842	27.8421052631579	7.32868372483589	0.00127364624810629	0.0369357411950824	0.02078054404805	EIF2S1/ABCE1	2
panel30	leiden	29	GOBP_POST_TRANSCRIPTIONAL_REGULATION_OF_GENE_EXPRESSION	GOBP_POST_TRANSCRIPTIONAL_REGULATION_OF_GENE_EXPRESSION	2/2	105/2116	0.0190476190476191	20.152380952381	6.19054775205466	0.00244003807531942	0.0454957612159076	0.0255965262739226	EIF2S1/ABCE1	2
panel30	leiden	29	GOBP_TRANSLATION	GOBP_TRANSLATION	2/2	119/2116	0.0168067226890756	17.781512605042	5.79473051654512	0.00313763870454535	0.0454957612159076	0.0255965262739226	EIF2S1/ABCE1	2
panel30	leiden	29	GOBP_NEGATIVE_REGULATION_OF_TRANSLATIONAL_INITIATION	GOBP_NEGATIVE_REGULATION_OF_TRANSLATIONAL_INITIATION	1/2	11/2116	0.0909090909090909	96.1818181818182	9.73289372375186	0.0103723962872094	0.100266497443024	0.0564112780532443	EIF2S1	1
panel30	leiden	29	GOBP_PERK_MEDIATED_UNFOLDED_PROTEIN_RESPONSE	GOBP_PERK_MEDIATED_UNFOLDED_PROTEIN_RESPONSE	1/2	11/2116	0.0909090909090909	96.1818181818182	9.73289372375186	0.0103723962872094	0.100266497443024	0.0564112780532443	EIF2S1	1
panel30	leiden	29	GOBP_REGULATION_OF_TRANSLATION_IN_RESPONSE_TO_STRESS	GOBP_REGULATION_OF_TRANSLATION_IN_RESPONSE_TO_STRESS	1/2	13/2116	0.0769230769230769	81.3846153846154	8.94010604187068	0.0122524769067824	0.101520522941912	0.0571168096406399	EIF2S1	1
panel30	leiden	29	GOBP_REGULATION_OF_EPITHELIAL_CELL_APOPTOTIC_PROCESS	GOBP_REGULATION_OF_EPITHELIAL_CELL_APOPTOTIC_PROCESS	1/2	15/2116	0.0666666666666667	70.5333333333333	8.31080983204576	0.0141307699526738	0.102448082156885	0.0576386669122221	EIF2S1	1
panel30	leiden	29	GOBP_ER_NUCLEUS_SIGNALING_PATHWAY	GOBP_ER_NUCLEUS_SIGNALING_PATHWAY	1/2	17/2116	0.0588235294117647	62.2352941176471	7.79538809910682	0.0160072754248839	0.103157997182585	0.0580380746399299	EIF2S1	1
panel30	leiden	29	GOBP_INTEGRATED_STRESS_RESPONSE_SIGNALING	GOBP_INTEGRATED_STRESS_RESPONSE_SIGNALING	1/2	21/2116	0.0476190476190476	50.3809523809524	6.9935033551852	0.0197549236482589	0.104307109130877	0.0586845804547583	EIF2S1	1
panel30	leiden	30	GOBP_SYNCYTIUM_FORMATION	GOBP_SYNCYTIUM_FORMATION	2/3	17/2116	0.117647058823529	82.9803921568627	12.7848105695499	0.000181470015444966	0.00798468067957852	0.0064947163422409	ADAM12/SH3PXD2A	2
panel30	leiden	30	GOBP_CELL_CELL_ADHESION_MEDIATED_BY_CADHERIN	GOBP_CELL_CELL_ADHESION_MEDIATED_BY_CADHERIN	1/3	15/2116	0.0666666666666667	47.0222222222222	6.73854686503565	0.0211260577723095	0.177488446843226	0.144368593126069	ADAM19	1
panel30	leiden	30	GOBP_MYOBLAST_FUSION	GOBP_MYOBLAST_FUSION	1/3	15/2116	0.0666666666666667	47.0222222222222	6.73854686503565	0.0211260577723095	0.177488446843226	0.144368593126069	ADAM12	1
panel30	leiden	30	GOBP_MEMBRANE_PROTEIN_ECTODOMAIN_PROTEOLYSIS	GOBP_MEMBRANE_PROTEIN_ECTODOMAIN_PROTEOLYSIS	1/3	19/2116	0.0526315789473684	37.1228070175439	5.95833806830208	0.0267089763540912	0.177488446843226	0.144368593126069	ADAM19	1
panel30	leiden	30	GOBP_AMYLOID_PRECURSOR_PROTEIN_CATABOLIC_PROCESS	GOBP_AMYLOID_PRECURSOR_PROTEIN_CATABOLIC_PROCESS	1/3	21/2116	0.0476190476190476	33.5873015873016	5.65369138656191	0.0294924575193029	0.177488446843226	0.144368593126069	ADAM19	1
panel30	leiden	30	GOBP_AMYLOID_PRECURSOR_PROTEIN_METABOLIC_PROCESS	GOBP_AMYLOID_PRECURSOR_PROTEIN_METABOLIC_PROCESS	1/3	22/2116	0.0454545454545455	32.0606060606061	5.51694928822212	0.0308822057901581	0.177488446843226	0.144368593126069	ADAM19	1
panel30	leiden	30	GOBP_SUPEROXIDE_ANION_GENERATION	GOBP_SUPEROXIDE_ANION_GENERATION	1/3	22/2116	0.0454545454545455	32.0606060606061	5.51694928822212	0.0308822057901581	0.177488446843226	0.144368593126069	SH3PXD2A	1
panel30	leiden	30	GOBP_MEMBRANE_PROTEIN_PROTEOLYSIS	GOBP_MEMBRANE_PROTEIN_PROTEOLYSIS	1/3	23/2116	0.0434782608695652	30.6666666666667	5.3890736687827	0.0322706266987683	0.177488446843226	0.144368593126069	ADAM19	1
panel30	leiden	30	GOBP_MYOTUBE_DIFFERENTIATION	GOBP_MYOTUBE_DIFFERENTIATION	1/3	34/2116	0.0294117647058824	20.7450980392157	4.37244600463896	0.0474558321639798	0.200798388413539	0.163328832680869	ADAM12	1
panel30	leiden	30	GOBP_SUPEROXIDE_METABOLIC_PROCESS	GOBP_SUPEROXIDE_METABOLIC_PROCESS	1/3	34/2116	0.0294117647058824	20.7450980392157	4.37244600463896	0.0474558321639798	0.200798388413539	0.163328832680869	SH3PXD2A	1
panel30	leiden	31	GOBP_ACTIVATION_OF_PROTEIN_KINASE_ACTIVITY	GOBP_ACTIVATION_OF_PROTEIN_KINASE_ACTIVITY	2/3	23/2116	0.0869565217391304	61.3333333333333	10.959801506176	0.00033694580073638	0.0714325097561125	0.0578128058105578	STRADA/STK11	2
panel30	leiden	31	GOBP_POSITIVE_REGULATION_OF_KINASE_ACTIVITY	GOBP_POSITIVE_REGULATION_OF_KINASE_ACTIVITY	2/3	63/2116	0.0317460317460317	22.3915343915344	6.49357411700884	0.00256797981414975	0.199696096224134	0.16162097162132	STRADA/STK11	2
panel30	leiden	31	GOBP_POSITIVE_REGULATION_OF_CATALYTIC_ACTIVITY	GOBP_POSITIVE_REGULATION_OF_CATALYTIC_ACTIVITY	2/3	97/2116	0.0206185567010309	14.5429553264605	5.14395568180007	0.00605519698594783	0.199696096224134	0.16162097162132	STRADA/STK11	2
panel30	leiden	31	GOBP_REGULATION_OF_KINASE_ACTIVITY	GOBP_REGULATION_OF_KINASE_ACTIVITY	2/3	107/2116	0.0186915887850467	13.183800623053	4.8724878933904	0.0073512428683135	0.199696096224134	0.16162097162132	STRADA/STK11	2
panel30	leiden	31	GOBP_POSITIVE_REGULATION_OF_PHOSPHORYLATION	GOBP_POSITIVE_REGULATION_OF_PHOSPHORYLATION	2/3	113/2116	0.0176991150442478	12.4837758112094	4.72660725559858	0.00818685069678527	0.199696096224134	0.16162097162132	STRADA/STK11	2
panel30	leiden	31	GOBP_REGULATION_OF_TRANSFERASE_ACTIVITY	GOBP_REGULATION_OF_TRANSFERASE_ACTIVITY	2/3	121/2116	0.0165289256198347	11.6584022038567	4.5486173599019	0.00936806991496625	0.199696096224134	0.16162097162132	STRADA/STK11	2
panel30	leiden	31	GOBP_POSITIVE_REGULATION_OF_PHOSPHORUS_METABOLIC_PROCESS	GOBP_POSITIVE_REGULATION_OF_PHOSPHORUS_METABOLIC_PROCESS	2/3	130/2116	0.0153846153846154	10.8512820512821	4.36758003678762	0.0107878274806552	0.199696096224134	0.16162097162132	STRADA/STK11	2
panel30	leiden	31	GOBP_CELLULAR_RESPONSE_TO_ABIOTIC_STIMULUS	GOBP_CELLULAR_RESPONSE_TO_ABIOTIC_STIMULUS	2/3	137/2116	0.0145985401459854	10.2968369829684	4.23875843457812	0.0119580460177528	0.199696096224134	0.16162097162132	CAB39/STK11	2
panel30	leiden	31	GOBP_RESPONSE_TO_THYROID_HORMONE	GOBP_RESPONSE_TO_THYROID_HORMONE	1/3	10/2116	0.1	70.5333333333333	8.3029023575843	0.0141174392530098	0.199696096224134	0.16162097162132	CAB39	1
panel30	leiden	31	GOBP_POSITIVE_REGULATION_OF_PROTEIN_MODIFICATION_PROCESS	GOBP_POSITIVE_REGULATION_OF_PROTEIN_MODIFICATION_PROCESS	2/3	151/2116	0.0132450331125828	9.34216335540839	4.00730087181907	0.014469770532997	0.199696096224134	0.16162097162132	STRADA/STK11	2
panel30	leiden	32	GOBP_BASEMENT_MEMBRANE_ORGANIZATION	GOBP_BASEMENT_MEMBRANE_ORGANIZATION	2/2	22/2116	0.0909090909090909	96.1818181818182	13.8004958384639	0.000103232380109668	0.00168925712906729	0.00053344961970546	COL8A2/COL8A1	2
panel30	leiden	32	GOBP_EXTRACELLULAR_MATRIX_ASSEMBLY	GOBP_EXTRACELLULAR_MATRIX_ASSEMBLY	2/2	26/2116	0.0769230769230769	81.3846153846154	12.6824792744663	0.000145240361626156	0.00168925712906729	0.00053344961970546	COL8A2/COL8A1	2
panel30	leiden	32	GOBP_CAMERA_TYPE_EYE_MORPHOGENESIS	GOBP_CAMERA_TYPE_EYE_MORPHOGENESIS	2/2	28/2116	0.0714285714285714	75.5714285714286	12.2152939881606	0.000168925712906729	0.00168925712906729	0.00053344961970546	COL8A2/COL8A1	2
panel30	leiden	32	GOBP_EYE_MORPHOGENESIS	GOBP_EYE_MORPHOGENESIS	2/2	43/2116	0.0465116279069768	49.2093023255814	9.82161973447905	0.000403544758610519	0.00302658568957889	0.000955763901972281	COL8A2/COL8A1	2
panel30	leiden	32	GOBP_SENSORY_ORGAN_MORPHOGENESIS	GOBP_SENSORY_ORGAN_MORPHOGENESIS	2/2	69/2116	0.0289855072463768	30.6666666666667	7.70463498091991	0.00104841196423065	0.00629047178538391	0.00198646477433176	COL8A2/COL8A1	2
panel30	leiden	32	GOBP_SENSORY_SYSTEM_DEVELOPMENT	GOBP_SENSORY_SYSTEM_DEVELOPMENT	2/2	107/2116	0.0186915887850467	19.7757009345794	6.12936905951767	0.00253433258702133	0.0126716629351066	0.00400157776898104	COL8A2/COL8A1	2
panel30	leiden	32	GOBP_SENSORY_ORGAN_DEVELOPMENT	GOBP_SENSORY_ORGAN_DEVELOPMENT	2/2	149/2116	0.0134228187919463	14.2013422818792	5.13956943797179	0.00492744685319998	0.0189482810244585	0.00598366769193425	COL8A2/COL8A1	2
panel30	leiden	32	GOBP_EXTERNAL_ENCAPSULATING_STRUCTURE_ORGANIZATION	GOBP_EXTERNAL_ENCAPSULATING_STRUCTURE_ORGANIZATION	2/2	156/2116	0.0128205128205128	13.5641025641026	5.01398959875099	0.00540294145249299	0.0189482810244585	0.00598366769193425	COL8A2/COL8A1	2
panel30	leiden	32	GOBP_EPITHELIAL_CELL_PROLIFERATION	GOBP_EPITHELIAL_CELL_PROLIFERATION	2/2	160/2116	0.0125	13.225	4.94586349914033	0.00568448430733754	0.0189482810244585	0.00598366769193425	COL8A2/COL8A1	2
panel30	leiden	32	GOBP_BLOOD_VESSEL_MORPHOGENESIS	GOBP_BLOOD_VESSEL_MORPHOGENESIS	2/2	226/2116	0.00884955752212389	9.36283185840708	4.09066933066913	0.0113622652133693	0.0340867956401078	0.0107642512547709	COL8A2/COL8A1	2
panel30	leiden	33	GOBP_NUCLEAR_ENVELOPE_ORGANIZATION	GOBP_NUCLEAR_ENVELOPE_ORGANIZATION	3/3	12/2116	0.25	176.333333333333	22.9455414040844	1.39522070698294e-07	1.36731629284328e-05	9.54624694251486e-06	LMNB1/LMNB2/LMNA	3
panel30	leiden	33	GOBP_PROTEIN_CONTAINING_COMPLEX_LOCALIZATION	GOBP_PROTEIN_CONTAINING_COMPLEX_LOCALIZATION	3/3	24/2116	0.125	88.1666666666667	16.1786129003996	1.28360305042431e-06	4.54477290518931e-05	3.17304230759726e-05	LMNB1/LMNB2/LMNA	3
panel30	leiden	33	GOBP_NEGATIVE_REGULATION_OF_GENE_EXPRESSION_EPIGENETIC	GOBP_NEGATIVE_REGULATION_OF_GENE_EXPRESSION_EPIGENETIC	3/3	26/2116	0.115384615384615	81.3846153846154	15.5364765459252	1.64889719916165e-06	4.54477290518931e-05	3.17304230759726e-05	LMNB1/LMNB2/LMNA	3
panel30	leiden	33	GOBP_HETEROCHROMATIN_ORGANIZATION	GOBP_HETEROCHROMATIN_ORGANIZATION	3/3	27/2116	0.111111111111111	78.3703703703704	15.2424016898883	1.85500934905686e-06	4.54477290518931e-05	3.17304230759726e-05	LMNB1/LMNB2/LMNA	3
panel30	leiden	33	GOBP_NUCLEUS_ORGANIZATION	GOBP_NUCLEUS_ORGANIZATION	3/3	34/2116	0.0882352941176471	62.2352941176471	13.5602272815169	3.79500032299359e-06	7.43820063306743e-05	5.19315833672807e-05	LMNB1/LMNB2/LMNA	3
panel30	leiden	33	GOBP_EPIGENETIC_REGULATION_OF_GENE_EXPRESSION	GOBP_EPIGENETIC_REGULATION_OF_GENE_EXPRESSION	3/3	40/2116	0.075	52.9	12.4838845477978	6.26580935681429e-06	0.000102341552827967	7.14522119636717e-05	LMNB1/LMNB2/LMNA	3
panel30	leiden	33	GOBP_ESTABLISHMENT_OF_ORGANELLE_LOCALIZATION	GOBP_ESTABLISHMENT_OF_ORGANELLE_LOCALIZATION	3/3	63/2116	0.0476190476190476	33.5873015873016	9.8921402390941	2.51843679522725e-05	0.000352581151331815	0.000246162995022212	LMNB1/LMNB2/LMNA	3
panel30	leiden	33	GOBP_ENDOMEMBRANE_SYSTEM_ORGANIZATION	GOBP_ENDOMEMBRANE_SYSTEM_ORGANIZATION	3/3	75/2116	0.04	28.2133333333333	9.03976072791664	4.28237628359195e-05	0.000524591094740014	0.000366255866359838	LMNB1/LMNB2/LMNA	3
panel30	leiden	33	GOBP_CHROMATIN_REMODELING	GOBP_CHROMATIN_REMODELING	3/3	82/2116	0.0365853658536585	25.8048780487805	8.63047328945281	5.61639753683677e-05	0.000611563287344449	0.000426977590519755	LMNB1/LMNB2/LMNA	3
panel30	leiden	33	GOBP_ORGANELLE_LOCALIZATION	GOBP_ORGANELLE_LOCALIZATION	3/3	103/2116	0.029126213592233	20.5436893203884	7.66071560165984	0.000112157353295745	0.00105916162089422	0.000739479112332162	LMNB1/LMNB2/LMNA	3
panel30	leiden	34	GOBP_MONOCARBOXYLIC_ACID_CATABOLIC_PROCESS	GOBP_MONOCARBOXYLIC_ACID_CATABOLIC_PROCESS	3/3	11/2116	0.272727272727273	192.363636363636	23.9715310003027	1.0464155302372e-07	6.80170094654182e-06	2.97402308593731e-06	LPIN1/LPIN2/LPIN3	3
panel30	leiden	34	GOBP_ORGANIC_ACID_CATABOLIC_PROCESS	GOBP_ORGANIC_ACID_CATABOLIC_PROCESS	3/3	14/2116	0.214285714285714	151.142857142857	21.2333443378727	2.30845607882632e-07	7.50248225618555e-06	3.28043758570056e-06	LPIN1/LPIN2/LPIN3	3
panel30	leiden	34	GOBP_TRIGLYCERIDE_METABOLIC_PROCESS	GOBP_TRIGLYCERIDE_METABOLIC_PROCESS	3/3	17/2116	0.176470588235294	124.470588235294	19.2551906616732	4.31250036703818e-07	9.34375079524939e-06	4.08552666350986e-06	LPIN1/LPIN2/LPIN3	3
panel30	leiden	34	GOBP_NEUTRAL_LIPID_METABOLIC_PROCESS	GOBP_NEUTRAL_LIPID_METABOLIC_PROCESS	3/3	20/2116	0.15	105.8	17.7397177646684	7.22978002709343e-07	1.17483925440268e-05	5.13694896661901e-06	LPIN1/LPIN2/LPIN3	3
panel30	leiden	34	GOBP_SMALL_MOLECULE_CATABOLIC_PROCESS	GOBP_SMALL_MOLECULE_CATABOLIC_PROCESS	3/3	29/2116	0.103448275862069	72.9655172413793	14.7003708272725	2.31733475605257e-06	3.01253518286834e-05	1.31722186133515e-05	LPIN1/LPIN2/LPIN3	3
panel30	leiden	34	GOBP_LIPID_CATABOLIC_PROCESS	GOBP_LIPID_CATABOLIC_PROCESS	3/3	36/2116	0.0833333333333333	58.7777777777778	13.1718410659172	4.52812538539008e-06	4.90546916750592e-05	2.14490149834267e-05	LPIN1/LPIN2/LPIN3	3
panel30	leiden	34	GOBP_GLYCEROLIPID_BIOSYNTHETIC_PROCESS	GOBP_GLYCEROLIPID_BIOSYNTHETIC_PROCESS	3/3	38/2116	0.0789473684210526	55.6842105263158	12.8143634616528	5.35003722004911e-06	4.96789170433132e-05	2.17219556302746e-05	LPIN1/LPIN2/LPIN3	3
panel30	leiden	34	GOBP_FATTY_ACID_METABOLIC_PROCESS	GOBP_FATTY_ACID_METABOLIC_PROCESS	3/3	44/2116	0.0681818181818182	48.0909090909091	11.8914441911472	8.3992286560373e-06	6.82437328303031e-05	2.98393649622378e-05	LPIN1/LPIN2/LPIN3	3
panel30	leiden	34	GOBP_GLYCEROLIPID_METABOLIC_PROCESS	GOBP_GLYCEROLIPID_METABOLIC_PROCESS	3/3	57/2116	0.0526315789473684	37.1228070175439	10.4149409070189	1.85564354028731e-05	0.000134018700131861	5.85992696932834e-05	LPIN1/LPIN2/LPIN3	3
panel30	leiden	34	GOBP_LIPID_BIOSYNTHETIC_PROCESS	GOBP_LIPID_BIOSYNTHETIC_PROCESS	3/3	81/2116	0.037037037037037	26.1234567901235	8.68571874106591	5.41091957817201e-05	0.000315629840742025	0.000138008189474246	LPIN1/LPIN2/LPIN3	3
panel30	leiden	35	GOBP_MITOTIC_G2_DNA_DAMAGE_CHECKPOINT_SIGNALING	GOBP_MITOTIC_G2_DNA_DAMAGE_CHECKPOINT_SIGNALING	2/2	19/2116	0.105263157894737	111.368421052632	14.8607287431027	7.64187748863773e-05	0.00478622853235732	0.0020251328155485	TAOK1/TAOK3	2
panel30	leiden	35	GOBP_REGULATION_OF_STRESS_ACTIVATED_PROTEIN_KINASE_SIGNALING_CASCADE	GOBP_REGULATION_OF_STRESS_ACTIVATED_PROTEIN_KINASE_SIGNALING_CASCADE	2/2	24/2116	0.0833333333333333	88.1666666666667	13.2066573905874	0.000123342584027135	0.00478622853235732	0.0020251328155485	TAOK1/TAOK3	2
panel30	leiden	35	GOBP_MITOTIC_G2_M_TRANSITION_CHECKPOINT	GOBP_MITOTIC_G2_M_TRANSITION_CHECKPOINT	2/2	28/2116	0.0714285714285714	75.5714285714286	12.2152939881606	0.000168925712906729	0.00478622853235732	0.0020251328155485	TAOK1/TAOK3	2
panel30	leiden	35	GOBP_NEGATIVE_REGULATION_OF_CELL_CYCLE_G2_M_PHASE_TRANSITION	GOBP_NEGATIVE_REGULATION_OF_CELL_CYCLE_G2_M_PHASE_TRANSITION	2/2	33/2116	0.0606060606060606	64.1212121212121	11.2384225568824	0.000235959725964955	0.00478622853235732	0.0020251328155485	TAOK1/TAOK3	2
panel30	leiden	35	GOBP_STRESS_ACTIVATED_PROTEIN_KINASE_SIGNALING_CASCADE	GOBP_STRESS_ACTIVATED_PROTEIN_KINASE_SIGNALING_CASCADE	2/2	35/2116	0.0571428571428571	60.4571428571429	10.9073615764306	0.000265901585130962	0.00478622853235732	0.0020251328155485	TAOK1/TAOK3	2
panel30	leiden	35	GOBP_MITOTIC_DNA_INTEGRITY_CHECKPOINT_SIGNALING	GOBP_MITOTIC_DNA_INTEGRITY_CHECKPOINT_SIGNALING	2/2	36/2116	0.0555555555555556	58.7777777777778	10.7522191940535	0.000281542854844548	0.00478622853235732	0.0020251328155485	TAOK1/TAOK3	2
panel30	leiden	35	GOBP_REGULATION_OF_CELL_CYCLE_G2_M_PHASE_TRANSITION	GOBP_REGULATION_OF_CELL_CYCLE_G2_M_PHASE_TRANSITION	2/2	49/2116	0.0408163265306122	43.1836734693878	9.18734215139336	0.00052554666237649	0.00765796565177171	0.00324021250487761	TAOK1/TAOK3	2
panel30	leiden	35	GOBP_POSITIVE_REGULATION_OF_JNK_CASCADE	GOBP_POSITIVE_REGULATION_OF_JNK_CASCADE	2/2	56/2116	0.0357142857142857	37.7857142857143	8.57940735550533	0.000688215867397784	0.00834171258496561	0.00352951719281311	TAOK1/TAOK3	2
panel30	leiden	35	GOBP_MITOTIC_CELL_CYCLE_CHECKPOINT_SIGNALING	GOBP_MITOTIC_CELL_CYCLE_CHECKPOINT_SIGNALING	2/2	60/2116	0.0333333333333333	35.2666666666667	8.28044395722029	0.000791001354087063	0.00834171258496561	0.00352951719281311	TAOK1/TAOK3	2
panel30	leiden	35	GOBP_DNA_INTEGRITY_CHECKPOINT_SIGNALING	GOBP_DNA_INTEGRITY_CHECKPOINT_SIGNALING	2/2	61/2116	0.0327868852459016	34.6885245901639	8.21029360075466	0.000817814959310354	0.00834171258496561	0.00352951719281311	TAOK1/TAOK3	2
panel30	leiden	36	GOBP_GLYCOPHAGY	GOBP_GLYCOPHAGY	2/2	10/2116	0.2	211.6	20.5280111832823	2.01102039174678e-05	0.00141173631500624	0.000697153735805549	ATG12/WIPI1	2
panel30	leiden	36	GOBP_POLYSACCHARIDE_CATABOLIC_PROCESS	GOBP_POLYSACCHARIDE_CATABOLIC_PROCESS	2/2	13/2116	0.153846153846154	162.769230769231	17.9914287139273	3.48576867902775e-05	0.00141173631500624	0.000697153735805549	ATG12/WIPI1	2
panel30	leiden	36	GOBP_NUCLEOPHAGY	GOBP_NUCLEOPHAGY	2/2	20/2116	0.1	105.8	14.4809926639573	8.49097498737527e-05	0.00229256324659132	0.0011321299983167	ATG12/WIPI1	2
panel30	leiden	36	GOBP_GLUCAN_METABOLIC_PROCESS	GOBP_GLUCAN_METABOLIC_PROCESS	2/2	27/2116	0.0740740740740741	78.3703703703704	12.4424249574012	0.000156859590556248	0.00280537344648675	0.00138536960320333	ATG12/WIPI1	2
panel30	leiden	36	GOBP_ENERGY_RESERVE_METABOLIC_PROCESS	GOBP_ENERGY_RESERVE_METABOLIC_PROCESS	2/2	29/2116	0.0689655172413793	72.9655172413793	11.9999632988053	0.000181438728677598	0.00280537344648675	0.00138536960320333	ATG12/WIPI1	2
panel30	leiden	36	GOBP_POLYSACCHARIDE_METABOLIC_PROCESS	GOBP_POLYSACCHARIDE_METABOLIC_PROCESS	2/2	31/2116	0.0645161290322581	68.258064516129	11.6008516982382	0.0002078054404805	0.00280537344648675	0.00138536960320333	ATG12/WIPI1	2
panel30	leiden	36	GOBP_CARBOHYDRATE_CATABOLIC_PROCESS	GOBP_CARBOHYDRATE_CATABOLIC_PROCESS	2/2	51/2116	0.0392156862745098	41.4901960784314	9.00103876618008	0.000569789110994919	0.0059998793387765	0.00296290337717358	ATG12/WIPI1	2
panel30	leiden	36	GOBP_AUTOPHAGY_OF_MITOCHONDRION	GOBP_AUTOPHAGY_OF_MITOCHONDRION	2/2	52/2116	0.0384615384615385	40.6923076923077	8.911911536631	0.000592580675434716	0.0059998793387765	0.00296290337717358	ATG12/WIPI1	2
panel30	leiden	36	GOBP_AUTOPHAGOSOME_ORGANIZATION	GOBP_AUTOPHAGOSOME_ORGANIZATION	2/2	56/2116	0.0357142857142857	37.7857142857143	8.57940735550533	0.000688215867397784	0.00619394280658006	0.0030587371884346	ATG12/WIPI1	2
panel30	leiden	36	GOBP_VACUOLE_ORGANIZATION	GOBP_VACUOLE_ORGANIZATION	2/2	78/2116	0.0256410256410256	27.1282051282051	7.23056909700474	0.00134202094142568	0.0103988036256869	0.0051352116670059	ATG12/WIPI1	2
panel30	leiden	37	GOBP_PROTEIN_DEPHOSPHORYLATION	GOBP_PROTEIN_DEPHOSPHORYLATION	4/10	37/2116	0.108108108108108	22.8756756756757	9.24828268008351	1.54409449800351e-05	0.00269871918674996	0.00239360083815055	PPP1R12A/PPP1CB/PPP1CA/PPP1CC	4
panel30	leiden	37	GOBP_DEPHOSPHORYLATION	GOBP_DEPHOSPHORYLATION	4/10	46/2116	0.0869565217391304	18.4	8.21994655502829	3.73698699074491e-05	0.00269871918674996	0.00239360083815055	PPP1R12A/PPP1CB/PPP1CA/PPP1CC	4
panel30	leiden	37	GOBP_CIRCADIAN_REGULATION_OF_GENE_EXPRESSION	GOBP_CIRCADIAN_REGULATION_OF_GENE_EXPRESSION	3/10	17/2116	0.176470588235294	37.3411764705882	10.3643775853945	4.99762812361103e-05	0.00269871918674996	0.00239360083815055	PPP1CB/PPP1CA/PPP1CC	3
panel30	leiden	37	GOBP_POSITIVE_REGULATION_OF_RAS_PROTEIN_SIGNAL_TRANSDUCTION	GOBP_POSITIVE_REGULATION_OF_RAS_PROTEIN_SIGNAL_TRANSDUCTION	3/10	17/2116	0.176470588235294	37.3411764705882	10.3643775853945	4.99762812361103e-05	0.00269871918674996	0.00239360083815055	PPP1CB/PPP1CA/PPP1CC	3
panel30	leiden	37	GOBP_GLUCAN_METABOLIC_PROCESS	GOBP_GLUCAN_METABOLIC_PROCESS	3/10	27/2116	0.111111111111111	23.5111111111111	8.11027529428491	0.000209669178656514	0.00765605032504013	0.00679045399199466	PPP1CB/PPP1CA/PPP1CC	3
panel30	leiden	37	GOBP_REGULATION_OF_RAS_PROTEIN_SIGNAL_TRANSDUCTION	GOBP_REGULATION_OF_RAS_PROTEIN_SIGNAL_TRANSDUCTION	3/10	28/2116	0.107142857142857	22.6714285714286	7.95293277994356	0.000234243061870914	0.00765605032504013	0.00679045399199466	PPP1CB/PPP1CA/PPP1CC	3
panel30	leiden	37	GOBP_ENERGY_RESERVE_METABOLIC_PROCESS	GOBP_ENERGY_RESERVE_METABOLIC_PROCESS	3/10	29/2116	0.103448275862069	21.8896551724138	7.80360086050756	0.000260618522877705	0.00765605032504013	0.00679045399199466	PPP1CB/PPP1CA/PPP1CC	3
panel30	leiden	37	GOBP_POLYSACCHARIDE_METABOLIC_PROCESS	GOBP_POLYSACCHARIDE_METABOLIC_PROCESS	3/10	31/2116	0.0967741935483871	20.4774193548387	7.52636427950364	0.000319002096876672	0.00765605032504013	0.00679045399199466	PPP1CB/PPP1CA/PPP1CC	3
panel30	leiden	37	GOBP_REGULATION_OF_CIRCADIAN_RHYTHM	GOBP_REGULATION_OF_CIRCADIAN_RHYTHM	3/10	31/2116	0.0967741935483871	20.4774193548387	7.52636427950364	0.000319002096876672	0.00765605032504013	0.00679045399199466	PPP1CB/PPP1CA/PPP1CC	3
panel30	leiden	37	GOBP_POSITIVE_REGULATION_OF_SMALL_GTPASE_MEDIATED_SIGNAL_TRANSDUCTION	GOBP_POSITIVE_REGULATION_OF_SMALL_GTPASE_MEDIATED_SIGNAL_TRANSDUCTION	3/10	44/2116	0.0681818181818182	14.4272727272727	6.20076503945175	0.000909781652885609	0.0196512837023292	0.0174295011394927	PPP1CB/PPP1CA/PPP1CC	3
panel30	leiden	38	GOBP_METAL_ION_TRANSPORT	GOBP_METAL_ION_TRANSPORT	14/15	150/2116	0.0933333333333333	13.1662222222222	13.0586236828851	6.3688922852648e-16	3.17835180682999e-13	6.08920887147322e-14	CALM2/CACNB2/NOS3/CACNA1A/CACNA1C/MYLK/SLC9A1/CACNA2D1/CALM1/CACNA1H/CALM3/CACNA2D3/CACNA2D2/CACNB4	14
panel30	leiden	38	GOBP_CALCIUM_ION_TRANSPORT	GOBP_CALCIUM_ION_TRANSPORT	13/15	112/2116	0.116071428571429	16.3738095238095	14.1230806097395	1.23638453800312e-15	3.17835180682999e-13	6.08920887147322e-14	CALM2/CACNB2/NOS3/CACNA1A/CACNA1C/MYLK/CACNA2D1/CALM1/CACNA1H/CALM3/CACNA2D3/CACNA2D2/CACNB4	13
panel30	leiden	38	GOBP_MUSCLE_CONTRACTION	GOBP_MUSCLE_CONTRACTION	12/15	82/2116	0.146341463414634	20.6439024390244	15.3266418718612	2.10554959513799e-15	3.17835180682999e-13	6.08920887147322e-14	CALM2/CACNB2/CACNA1C/MYLK/SLC9A1/CACNA2D1/CALM1/CACNA1H/CALM3/CACNA2D3/CACNA2D2/CACNB4	12
panel30	leiden	38	GOBP_MUSCLE_SYSTEM_PROCESS	GOBP_MUSCLE_SYSTEM_PROCESS	13/15	117/2116	0.111111111111111	15.6740740740741	13.7951056233165	2.24222349688182e-15	3.17835180682999e-13	6.08920887147322e-14	CALM2/CACNB2/NOS3/CACNA1C/MYLK/SLC9A1/CACNA2D1/CALM1/CACNA1H/CALM3/CACNA2D3/CACNA2D2/CACNB4	13
panel30	leiden	38	GOBP_REGULATION_OF_MUSCLE_CONTRACTION	GOBP_REGULATION_OF_MUSCLE_CONTRACTION	10/15	48/2116	0.208333333333333	29.3888888888889	16.8066646956558	3.72477989617458e-14	4.22390040226197e-12	8.09231116152796e-13	CALM2/CACNB2/CACNA1C/SLC9A1/CACNA2D1/CALM1/CALM3/CACNA2D3/CACNA2D2/CACNB4	10
panel30	leiden	38	GOBP_REGULATION_OF_MUSCLE_SYSTEM_PROCESS	GOBP_REGULATION_OF_MUSCLE_SYSTEM_PROCESS	11/15	74/2116	0.148648648648649	20.9693693693694	14.7720282758136	5.49210049454469e-14	5.19003496734473e-12	9.94326899196601e-13	CALM2/CACNB2/NOS3/CACNA1C/SLC9A1/CACNA2D1/CALM1/CALM3/CACNA2D3/CACNA2D2/CACNB4	11
panel30	leiden	38	GOBP_MONOATOMIC_CATION_TRANSPORT	GOBP_MONOATOMIC_CATION_TRANSPORT	14/15	222/2116	0.0630630630630631	8.8960960960961	10.504774017999	1.83105761251132e-13	1.48315666613417e-11	2.84148869543061e-12	CALM2/CACNB2/NOS3/CACNA1A/CACNA1C/MYLK/SLC9A1/CACNA2D1/CALM1/CACNA1H/CALM3/CACNA2D3/CACNA2D2/CACNB4	14
panel30	leiden	38	GOBP_MONOATOMIC_ION_TRANSPORT	GOBP_MONOATOMIC_ION_TRANSPORT	14/15	228/2116	0.0614035087719298	8.66198830409357	10.346553372751	2.68196221964186e-13	1.90084072317117e-11	3.64170390764127e-12	CALM2/CACNB2/NOS3/CACNA1A/CACNA1C/MYLK/SLC9A1/CACNA2D1/CALM1/CACNA1H/CALM3/CACNA2D3/CACNA2D2/CACNB4	14
panel30	leiden	38	GOBP_REGULATION_OF_SYSTEM_PROCESS	GOBP_REGULATION_OF_SYSTEM_PROCESS	12/15	128/2116	0.09375	13.225	12.0540628559931	5.66102223920025e-13	3.56644401069616e-11	6.83273087103703e-12	CALM2/CACNB2/NOS3/CACNA1C/SLC9A1/CACNA2D1/CALM1/CACNA1H/CALM3/CACNA2D3/CACNA2D2/CACNB4	12
panel30	leiden	38	GOBP_CALCIUM_ION_TRANSMEMBRANE_TRANSPORT	GOBP_CALCIUM_ION_TRANSMEMBRANE_TRANSPORT	11/15	94/2116	0.117021276595745	16.5078014184397	12.9930578311298	8.75124837444424e-13	4.96195782830988e-11	9.50631001989539e-12	CALM2/CACNB2/CACNA1A/CACNA1C/CACNA2D1/CALM1/CACNA1H/CALM3/CACNA2D3/CACNA2D2/CACNB4	11
panel30	leiden	39	GOBP_PROTON_MOTIVE_FORCE_DRIVEN_ATP_SYNTHESIS	GOBP_PROTON_MOTIVE_FORCE_DRIVEN_ATP_SYNTHESIS	4/4	42/2116	0.0952380952380952	50.3809523809524	14.0642946185325	1.34377708327325e-07	2.39054977752571e-06	5.9208663220451e-07	SDHC/SDHD/SDHA/SDHB	4
panel30	leiden	39	GOBP_ATP_BIOSYNTHETIC_PROCESS	GOBP_ATP_BIOSYNTHETIC_PROCESS	4/4	50/2116	0.08	42.32	12.865254475807	2.76486967102501e-07	2.39054977752571e-06	5.9208663220451e-07	SDHC/SDHD/SDHA/SDHB	4
panel30	leiden	39	GOBP_NUCLEOSIDE_TRIPHOSPHATE_BIOSYNTHETIC_PROCESS	GOBP_NUCLEOSIDE_TRIPHOSPHATE_BIOSYNTHETIC_PROCESS	4/4	50/2116	0.08	42.32	12.865254475807	2.76486967102501e-07	2.39054977752571e-06	5.9208663220451e-07	SDHC/SDHD/SDHA/SDHB	4
panel30	leiden	39	GOBP_RIBOSE_PHOSPHATE_BIOSYNTHETIC_PROCESS	GOBP_RIBOSE_PHOSPHATE_BIOSYNTHETIC_PROCESS	4/4	51/2116	0.0784313725490196	41.4901960784314	12.7354168461809	3.00017772813352e-07	2.39054977752571e-06	5.9208663220451e-07	SDHC/SDHD/SDHA/SDHB	4
panel30	leiden	39	GOBP_NUCLEOTIDE_BIOSYNTHETIC_PROCESS	GOBP_NUCLEOTIDE_BIOSYNTHETIC_PROCESS	4/4	53/2116	0.0754716981132076	39.9245283018868	12.4867640043436	3.51551437871428e-07	2.39054977752571e-06	5.9208663220451e-07	SDHC/SDHD/SDHA/SDHB	4
panel30	leiden	39	GOBP_PURINE_CONTAINING_COMPOUND_BIOSYNTHETIC_PROCESS	GOBP_PURINE_CONTAINING_COMPOUND_BIOSYNTHETIC_PROCESS	4/4	61/2116	0.0655737704918033	34.6885245901639	11.616604944311	6.2651370480797e-07	3.55024432724517e-06	8.79317480432239e-07	SDHC/SDHD/SDHA/SDHB	4
panel30	leiden	39	GOBP_NUCLEOSIDE_PHOSPHATE_BIOSYNTHETIC_PROCESS	GOBP_NUCLEOSIDE_PHOSPHATE_BIOSYNTHETIC_PROCESS	4/4	64/2116	0.0625	33.0625	11.3327919461823	7.62801490272334e-07	3.70503580989419e-06	9.17655928147169e-07	SDHC/SDHD/SDHA/SDHB	4
panel30	leiden	39	GOBP_ATP_SYNTHESIS_COUPLED_ELECTRON_TRANSPORT	GOBP_ATP_SYNTHESIS_COUPLED_ELECTRON_TRANSPORT	4/4	68/2116	0.0588235294117647	31.1176470588235	10.9837020730693	9.77710980042422e-07	4.15527166518029e-06	1.02916945267623e-06	SDHC/SDHD/SDHA/SDHB	4
panel30	leiden	39	GOBP_ELECTRON_TRANSPORT_CHAIN	GOBP_ELECTRON_TRANSPORT_CHAIN	4/4	71/2116	0.0563380281690141	29.8028169014085	10.7412718043252	1.16649767381953e-06	4.40676898998489e-06	1.09145981176096e-06	SDHC/SDHD/SDHA/SDHB	4
panel30	leiden	39	GOBP_OXIDATIVE_PHOSPHORYLATION	GOBP_OXIDATIVE_PHOSPHORYLATION	4/4	73/2116	0.0547945205479452	28.986301369863	10.5879279632711	1.30671606427866e-06	4.44283461854743e-06	1.10039247518203e-06	SDHC/SDHD/SDHA/SDHB	4
panel30	leiden	40	GOBP_TORC2_SIGNALING	GOBP_TORC2_SIGNALING	2/2	15/2116	0.133333333333333	141.066666666667	16.7411423366521	4.6923809140758e-05	0.00384775234954216	0.00301300248166973	DEPTOR/MAPKAP1	2
panel30	leiden	40	GOBP_TOR_SIGNALING	GOBP_TOR_SIGNALING	2/2	87/2116	0.0229885057471264	24.3218390804598	6.83123285664424	0.00167182828567215	0.0685449597125582	0.0536744870663165	DEPTOR/MAPKAP1	2
panel30	leiden	40	GOBP_REGULATION_OF_RESPONSE_TO_OXIDATIVE_STRESS	GOBP_REGULATION_OF_RESPONSE_TO_OXIDATIVE_STRESS	1/2	11/2116	0.0909090909090909	96.1818181818182	9.73289372375186	0.0103723962872094	0.177630852971721	0.139094762917522	MAPKAP1	1
panel30	leiden	40	GOBP_NEGATIVE_REGULATION_OF_INTRACELLULAR_SIGNAL_TRANSDUCTION	GOBP_NEGATIVE_REGULATION_OF_INTRACELLULAR_SIGNAL_TRANSDUCTION	2/2	230/2116	0.00869565217391304	9.2	4.05064905973213	0.0117689382259225	0.177630852971721	0.139094762917522	DEPTOR/MAPKAP1	2
panel30	leiden	40	GOBP_NEGATIVE_REGULATION_OF_SMALL_GTPASE_MEDIATED_SIGNAL_TRANSDUCTION	GOBP_NEGATIVE_REGULATION_OF_SMALL_GTPASE_MEDIATED_SIGNAL_TRANSDUCTION	1/2	13/2116	0.0769230769230769	81.3846153846154	8.94010604187068	0.0122524769067824	0.177630852971721	0.139094762917522	MAPKAP1	1
panel30	leiden	40	GOBP_SUBSTANTIA_NIGRA_DEVELOPMENT	GOBP_SUBSTANTIA_NIGRA_DEVELOPMENT	1/2	18/2116	0.0555555555555556	58.7777777777778	7.57028164001055	0.0169448578208581	0.177630852971721	0.139094762917522	MAPKAP1	1
panel30	leiden	40	GOBP_NEGATIVE_REGULATION_OF_CELLULAR_RESPONSE_TO_INSULIN_STIMULUS	GOBP_NEGATIVE_REGULATION_OF_CELLULAR_RESPONSE_TO_INSULIN_STIMULUS	1/2	19/2116	0.0526315789473684	55.6842105263158	7.36304108921494	0.0178819933234123	0.177630852971721	0.139094762917522	MAPKAP1	1
panel30	leiden	40	GOBP_NEURAL_NUCLEUS_DEVELOPMENT	GOBP_NEURAL_NUCLEUS_DEVELOPMENT	1/2	21/2116	0.0476190476190476	50.3809523809524	6.9935033551852	0.0197549236482589	0.177630852971721	0.139094762917522	MAPKAP1	1
panel30	leiden	40	GOBP_REGULATION_OF_INSULIN_RECEPTOR_SIGNALING_PATHWAY	GOBP_REGULATION_OF_INSULIN_RECEPTOR_SIGNALING_PATHWAY	1/2	25/2116	0.04	42.32	6.39103201329035	0.0234954215769081	0.177630852971721	0.139094762917522	MAPKAP1	1
panel30	leiden	40	GOBP_NEGATIVE_REGULATION_OF_KINASE_ACTIVITY	GOBP_NEGATIVE_REGULATION_OF_KINASE_ACTIVITY	1/2	26/2116	0.0384615384615385	40.6923076923077	6.26235340251159	0.0244294288255192	0.177630852971721	0.139094762917522	DEPTOR	1
panel30	leiden	41	GOBP_IRON_ION_TRANSPORT	GOBP_IRON_ION_TRANSPORT	2/2	13/2116	0.153846153846154	162.769230769231	17.9914287139273	3.48576867902775e-05	0.000455831288795935	5.64496952069269e-05	FTH1/FTL	2
panel30	leiden	41	GOBP_TRANSITION_METAL_ION_TRANSPORT	GOBP_TRANSITION_METAL_ION_TRANSPORT	2/2	16/2116	0.125	132.25	16.2056833297899	5.36272104465806e-05	0.000455831288795935	5.64496952069269e-05	FTH1/FTL	2
panel30	leiden	41	GOBP_INTRACELLULAR_IRON_ION_HOMEOSTASIS	GOBP_INTRACELLULAR_IRON_ION_HOMEOSTASIS	2/2	36/2116	0.0555555555555556	58.7777777777778	10.7522191940535	0.000281542854844548	0.00159540951078577	0.000197573933224244	FTH1/FTL	2
panel30	leiden	41	GOBP_INORGANIC_ION_HOMEOSTASIS	GOBP_INORGANIC_ION_HOMEOSTASIS	2/2	140/2116	0.0142857142857143	15.1142857142857	5.31431318087326	0.00434827298037692	0.0153083341153968	0.0018957689306993	FTH1/FTL	2
panel30	leiden	41	GOBP_METAL_ION_TRANSPORT	GOBP_METAL_ION_TRANSPORT	2/2	150/2116	0.0133333333333333	14.1066666666667	5.12110663891997	0.00499403397283782	0.0153083341153968	0.0018957689306993	FTH1/FTL	2
panel30	leiden	41	GOBP_MONOATOMIC_ION_HOMEOSTASIS	GOBP_MONOATOMIC_ION_HOMEOSTASIS	2/2	156/2116	0.0128205128205128	13.5641025641026	5.01398959875099	0.00540294145249299	0.0153083341153968	0.0018957689306993	FTH1/FTL	2
panel30	leiden	41	GOBP_NEGATIVE_REGULATION_OF_FERROPTOSIS	GOBP_NEGATIVE_REGULATION_OF_FERROPTOSIS	1/2	10/2116	0.1	105.8	10.2152686230199	0.00943168563729213	0.0169645211313554	0.00210086948995113	FTH1	1
panel30	leiden	41	GOBP_CELLULAR_HOMEOSTASIS	GOBP_CELLULAR_HOMEOSTASIS	2/2	222/2116	0.00900900900900901	9.53153153153153	4.13172294829477	0.0109627424955422	0.0169645211313554	0.00210086948995113	FTH1/FTL	2
panel30	leiden	41	GOBP_MONOATOMIC_CATION_TRANSPORT	GOBP_MONOATOMIC_CATION_TRANSPORT	2/2	222/2116	0.00900900900900901	9.53153153153153	4.13172294829477	0.0109627424955422	0.0169645211313554	0.00210086948995113	FTH1/FTL	2
panel30	leiden	41	GOBP_NEGATIVE_REGULATION_OF_FIBROBLAST_PROLIFERATION	GOBP_NEGATIVE_REGULATION_OF_FIBROBLAST_PROLIFERATION	1/2	12/2116	0.0833333333333333	88.1666666666667	9.3118481655212	0.0113126600437063	0.0169645211313554	0.00210086948995113	FTH1	1
panel30	leiden	42	GOBP_MYOFIBRIL_ASSEMBLY	GOBP_MYOFIBRIL_ASSEMBLY	1/2	15/2116	0.0666666666666667	70.5333333333333	8.31080983204576	0.0141307699526738	0.153114996104579	0.110519094932628	MYL9	1
panel30	leiden	42	GOBP_CELLULAR_COMPONENT_ASSEMBLY_INVOLVED_IN_MORPHOGENESIS	GOBP_CELLULAR_COMPONENT_ASSEMBLY_INVOLVED_IN_MORPHOGENESIS	1/2	19/2116	0.0526315789473684	55.6842105263158	7.36304108921494	0.0178819933234123	0.153114996104579	0.110519094932628	MYL9	1
panel30	leiden	42	GOBP_REGULATION_OF_CELL_SHAPE	GOBP_REGULATION_OF_CELL_SHAPE	1/2	33/2116	0.0303030303030303	32.0606060606061	5.53018872818263	0.0309549665500274	0.153114996104579	0.110519094932628	MYL12B	1
panel30	leiden	42	GOBP_PLATELET_AGGREGATION	GOBP_PLATELET_AGGREGATION	1/2	34/2116	0.0294117647058824	31.1176470588235	5.44424709090969	0.0318853986512758	0.153114996104579	0.110519094932628	MYL9	1
panel30	leiden	42	GOBP_STRESS_FIBER_ASSEMBLY	GOBP_STRESS_FIBER_ASSEMBLY	1/2	36/2116	0.0277777777777778	29.3888888888889	5.28306154630898	0.0337449221735109	0.153114996104579	0.110519094932628	MYL9	1
panel30	leiden	42	GOBP_HOMOTYPIC_CELL_CELL_ADHESION	GOBP_HOMOTYPIC_CELL_CELL_ADHESION	1/2	39/2116	0.0256410256410256	27.1282051282051	5.06455538000356	0.0365308557562106	0.153114996104579	0.110519094932628	MYL9	1
panel30	leiden	42	GOBP_ACTIN_FILAMENT_BUNDLE_ORGANIZATION	GOBP_ACTIN_FILAMENT_BUNDLE_ORGANIZATION	1/2	43/2116	0.0232558139534884	24.6046511627907	4.80894550433972	0.0402391773585917	0.153114996104579	0.110519094932628	MYL9	1
panel30	leiden	42	GOBP_ACTOMYOSIN_STRUCTURE_ORGANIZATION	GOBP_ACTOMYOSIN_STRUCTURE_ORGANIZATION	1/2	48/2116	0.0208333333333333	22.0416666666667	4.53464381606472	0.0448645242596094	0.153114996104579	0.110519094932628	MYL9	1
panel30	leiden	42	GOBP_REGULATION_OF_MUSCLE_CONTRACTION	GOBP_REGULATION_OF_MUSCLE_CONTRACTION	1/2	48/2116	0.0208333333333333	22.0416666666667	4.53464381606472	0.0448645242596094	0.153114996104579	0.110519094932628	MYL9	1
panel30	leiden	42	GOBP_REGULATION_OF_CELL_MORPHOGENESIS	GOBP_REGULATION_OF_CELL_MORPHOGENESIS	1/2	50/2116	0.02	21.16	4.43637310278313	0.0467115347660737	0.153114996104579	0.110519094932628	MYL12B	1
panel30	leiden	43	GOBP_POSITIVE_REGULATION_OF_CARTILAGE_DEVELOPMENT	GOBP_POSITIVE_REGULATION_OF_CARTILAGE_DEVELOPMENT	2/2	14/2116	0.142857142857143	151.142857142857	17.3328520592595	4.06673012553236e-05	0.00358967139926798	0.00172736067333196	BMPR1B/GDF6	2
panel30	leiden	43	GOBP_REGULATION_OF_CHONDROCYTE_DIFFERENTIATION	GOBP_REGULATION_OF_CHONDROCYTE_DIFFERENTIATION	2/2	18/2116	0.111111111111111	117.555555555556	15.271587385329	6.83746933193902e-05	0.00358967139926798	0.00172736067333196	BMPR1B/GDF6	2
panel30	leiden	43	GOBP_REGULATION_OF_CARTILAGE_DEVELOPMENT	GOBP_REGULATION_OF_CARTILAGE_DEVELOPMENT	2/2	30/2116	0.0666666666666667	70.5333333333333	11.795441930302	0.000194398637868855	0.00680395232540992	0.00327408232200176	BMPR1B/GDF6	2
panel30	leiden	43	GOBP_CHONDROCYTE_DIFFERENTIATION	GOBP_CHONDROCYTE_DIFFERENTIATION	2/2	45/2116	0.0444444444444444	47.0222222222222	9.59624847858887	0.00044242448618429	0.0116136427623376	0.00558851982548577	BMPR1B/GDF6	2
panel30	leiden	43	GOBP_RESPONSE_TO_BMP	GOBP_RESPONSE_TO_BMP	2/2	72/2116	0.0277777777777778	29.3888888888889	7.53688501714	0.00114225958251217	0.0239874512327555	0.0115428336759124	BMPR1B/GDF6	2
panel30	leiden	43	GOBP_CARTILAGE_DEVELOPMENT	GOBP_CARTILAGE_DEVELOPMENT	2/2	82/2116	0.024390243902439	25.8048780487805	7.04508504864492	0.00148413304910912	0.0259723283594096	0.0124979625188136	BMPR1B/GDF6	2
panel30	leiden	43	GOBP_CONNECTIVE_TISSUE_DEVELOPMENT	GOBP_CONNECTIVE_TISSUE_DEVELOPMENT	2/2	113/2116	0.0176991150442478	18.7256637168142	5.95550982028808	0.00282794156421635	0.0424191234632452	0.0204122097868248	BMPR1B/GDF6	2
panel30	leiden	43	GOBP_SKELETAL_SYSTEM_DEVELOPMENT	GOBP_SKELETAL_SYSTEM_DEVELOPMENT	2/2	160/2116	0.0125	13.225	4.94586349914033	0.00568448430733754	0.0671531846369959	0.0323143144117875	BMPR1B/GDF6	2
panel30	leiden	43	GOBP_CELL_SURFACE_RECEPTOR_PROTEIN_SERINE_THREONINE_KINASE_SIGNALING_PATHWAY	GOBP_CELL_SURFACE_RECEPTOR_PROTEIN_SERINE_THREONINE_KINASE_SIGNALING_PATHWAY	2/2	161/2116	0.0124223602484472	13.1428571428571	4.92921924087765	0.00575598725459965	0.0671531846369959	0.0323143144117875	BMPR1B/GDF6	2
panel30	leiden	43	GOBP_POSITIVE_REGULATION_OF_P38MAPK_CASCADE	GOBP_POSITIVE_REGULATION_OF_P38MAPK_CASCADE	1/2	10/2116	0.1	105.8	10.2152686230199	0.00943168563729213	0.0849608887003807	0.040883435164093	GDF6	1
panel30	leiden	44	GOBP_RETINOIC_ACID_RECEPTOR_SIGNALING_PATHWAY	GOBP_RETINOIC_ACID_RECEPTOR_SIGNALING_PATHWAY	2/2	14/2116	0.142857142857143	151.142857142857	17.3328520592595	4.06673012553236e-05	0.0103294945188522	0.0065495758863837	RXRG/PPARG	2
panel30	leiden	44	GOBP_NUCLEAR_RECEPTOR_MEDIATED_SIGNALING_PATHWAY	GOBP_NUCLEAR_RECEPTOR_MEDIATED_SIGNALING_PATHWAY	2/2	50/2116	0.04	42.32	9.09280439518843	0.000547444439975511	0.0561879097454048	0.0356268138874718	RXRG/PPARG	2
panel30	leiden	44	GOBP_HORMONE_MEDIATED_SIGNALING_PATHWAY	GOBP_HORMONE_MEDIATED_SIGNALING_PATHWAY	2/2	55/2116	0.0363636363636364	38.4727272727273	8.65915160455733	0.000663636729276435	0.0561879097454048	0.0356268138874718	RXRG/PPARG	2
panel30	leiden	44	GOBP_INTRACELLULAR_RECEPTOR_SIGNALING_PATHWAY	GOBP_INTRACELLULAR_RECEPTOR_SIGNALING_PATHWAY	2/2	121/2116	0.0165289256198347	17.4876033057851	5.74376227754768	0.00324444623201813	0.101700961933332	0.0644850691081632	RXRG/PPARG	2
panel30	leiden	44	GOBP_CELLULAR_RESPONSE_TO_HORMONE_STIMULUS	GOBP_CELLULAR_RESPONSE_TO_HORMONE_STIMULUS	2/2	204/2116	0.00980392156862745	10.3725490196078	4.33058485221382	0.00925337516255748	0.101700961933332	0.0644850691081632	RXRG/PPARG	2
panel30	leiden	44	GOBP_ENDOCRINE_HORMONE_SECRETION	GOBP_ENDOCRINE_HORMONE_SECRETION	1/2	10/2116	0.1	105.8	10.2152686230199	0.00943168563729213	0.101700961933332	0.0644850691081632	PPARG	1
panel30	leiden	44	GOBP_MITOCHONDRIAL_FISSION	GOBP_MITOCHONDRIAL_FISSION	1/2	10/2116	0.1	105.8	10.2152686230199	0.00943168563729213	0.101700961933332	0.0644850691081632	PPARG	1
panel30	leiden	44	GOBP_MUSCLE_HYPERTROPHY_IN_RESPONSE_TO_STRESS	GOBP_MUSCLE_HYPERTROPHY_IN_RESPONSE_TO_STRESS	1/2	10/2116	0.1	105.8	10.2152686230199	0.00943168563729213	0.101700961933332	0.0644850691081632	PPARG	1
panel30	leiden	44	GOBP_NEGATIVE_REGULATION_OF_MUSCLE_HYPERTROPHY	GOBP_NEGATIVE_REGULATION_OF_MUSCLE_HYPERTROPHY	1/2	10/2116	0.1	105.8	10.2152686230199	0.00943168563729213	0.101700961933332	0.0644850691081632	PPARG	1
panel30	leiden	44	GOBP_NEGATIVE_REGULATION_OF_SMAD_PROTEIN_SIGNAL_TRANSDUCTION	GOBP_NEGATIVE_REGULATION_OF_SMAD_PROTEIN_SIGNAL_TRANSDUCTION	1/2	10/2116	0.1	105.8	10.2152686230199	0.00943168563729213	0.101700961933332	0.0644850691081632	PPARG	1
panel30	leiden	45	GOBP_GLYCOPHAGY	GOBP_GLYCOPHAGY	3/3	10/2116	0.3	211.6	25.1475249737381	7.61029476536148e-08	2.35443494303371e-06	8.81192025462908e-07	WIPI2/WDR45/ATG2B	3
panel30	leiden	45	GOBP_AUTOPHAGY_OF_PEROXISOME	GOBP_AUTOPHAGY_OF_PEROXISOME	3/3	11/2116	0.272727272727273	192.363636363636	23.9715310003027	1.0464155302372e-07	2.35443494303371e-06	8.81192025462908e-07	WIPI2/WDR45/ATG2B	3
panel30	leiden	45	GOBP_POLYSACCHARIDE_CATABOLIC_PROCESS	GOBP_POLYSACCHARIDE_CATABOLIC_PROCESS	3/3	13/2116	0.230769230769231	162.769230769231	22.0401235588363	1.81378691907782e-07	2.72068037861673e-06	1.01826634053492e-06	WIPI2/WDR45/ATG2B	3
panel30	leiden	45	GOBP_NUCLEOPHAGY	GOBP_NUCLEOPHAGY	3/3	20/2116	0.15	105.8	17.7397177646684	7.22978002709343e-07	8.13350253048011e-06	3.0441179061446e-06	WIPI2/WDR45/ATG2B	3
panel30	leiden	45	GOBP_GLUCAN_METABOLIC_PROCESS	GOBP_GLUCAN_METABOLIC_PROCESS	3/3	27/2116	0.111111111111111	78.3703703703704	15.2424016898883	1.85500934905686e-06	1.66950841415118e-05	6.24845254419154e-06	WIPI2/WDR45/ATG2B	3
panel30	leiden	45	GOBP_ENERGY_RESERVE_METABOLIC_PROCESS	GOBP_ENERGY_RESERVE_METABOLIC_PROCESS	3/3	29/2116	0.103448275862069	72.9655172413793	14.7003708272725	2.31733475605257e-06	1.73800106703943e-05	6.50479931523529e-06	WIPI2/WDR45/ATG2B	3
panel30	leiden	45	GOBP_POLYSACCHARIDE_METABOLIC_PROCESS	GOBP_POLYSACCHARIDE_METABOLIC_PROCESS	3/3	31/2116	0.0967741935483871	68.258064516129	14.2114452877763	2.85068958085833e-06	1.83258615912321e-05	6.85880199905763e-06	WIPI2/WDR45/ATG2B	3
panel30	leiden	45	GOBP_CARBOHYDRATE_CATABOLIC_PROCESS	GOBP_CARBOHYDRATE_CATABOLIC_PROCESS	3/3	51/2116	0.0588235294117647	41.4901960784314	11.0265843651935	1.32070323740544e-05	7.00781309643704e-05	2.62280724077176e-05	WIPI2/WDR45/ATG2B	3
panel30	leiden	45	GOBP_AUTOPHAGY_OF_MITOCHONDRION	GOBP_AUTOPHAGY_OF_MITOCHONDRION	3/3	52/2116	0.0576923076923077	40.6923076923077	10.9174004208301	1.40156261928741e-05	7.00781309643704e-05	2.62280724077176e-05	WIPI2/WDR45/ATG2B	3
panel30	leiden	45	GOBP_AUTOPHAGOSOME_ORGANIZATION	GOBP_AUTOPHAGOSOME_ORGANIZATION	3/3	56/2116	0.0535714285714286	37.7857142857143	10.5100712780275	1.7579780907985e-05	7.91090140859325e-05	2.96080520555537e-05	WIPI2/WDR45/ATG2B	3
panel30	leiden	46	GOBP_NEGATIVE_REGULATION_OF_TRANSCRIPTION_BY_RNA_POLYMERASE_II	GOBP_NEGATIVE_REGULATION_OF_TRANSCRIPTION_BY_RNA_POLYMERASE_II	2/2	190/2116	0.0105263157894737	11.1368421052632	4.50369563927155	0.00802397136306962	0.0454800241833182	0.0140805028431326	CIITA/RFX5	2
panel30	leiden	46	GOBP_TYPE_II_INTERFERON_MEDIATED_SIGNALING_PATHWAY	GOBP_TYPE_II_INTERFERON_MEDIATED_SIGNALING_PATHWAY	1/2	15/2116	0.0666666666666667	70.5333333333333	8.31080983204576	0.0141307699526738	0.0454800241833182	0.0140805028431326	CIITA	1
panel30	leiden	46	GOBP_NEGATIVE_REGULATION_OF_RNA_BIOSYNTHETIC_PROCESS	GOBP_NEGATIVE_REGULATION_OF_RNA_BIOSYNTHETIC_PROCESS	2/2	252/2116	0.00793650793650794	8.3968253968254	3.84716112689808	0.0141334513131963	0.0454800241833182	0.0140805028431326	CIITA/RFX5	2
panel30	leiden	46	GOBP_RESPONSE_TO_ANTIBIOTIC	GOBP_RESPONSE_TO_ANTIBIOTIC	1/2	17/2116	0.0588235294117647	62.2352941176471	7.79538809910682	0.0160072754248839	0.0454800241833182	0.0140805028431326	CIITA	1
panel30	leiden	46	GOBP_REGULATION_OF_COLLAGEN_METABOLIC_PROCESS	GOBP_REGULATION_OF_COLLAGEN_METABOLIC_PROCESS	1/2	19/2116	0.0526315789473684	55.6842105263158	7.36304108921494	0.0178819933234123	0.0454800241833182	0.0140805028431326	CIITA	1
panel30	leiden	46	GOBP_POSITIVE_REGULATION_OF_TRANSCRIPTION_BY_RNA_POLYMERASE_II	GOBP_POSITIVE_REGULATION_OF_TRANSCRIPTION_BY_RNA_POLYMERASE_II	2/2	286/2116	0.00699300699300699	7.3986013986014	3.57816382329019	0.0182131413479199	0.0454800241833182	0.0140805028431326	CIITA/RFX5	2
panel30	leiden	46	GOBP_NEGATIVE_REGULATION_OF_NUCLEOBASE_CONTAINING_COMPOUND_METABOLIC_PROCESS	GOBP_NEGATIVE_REGULATION_OF_NUCLEOBASE_CONTAINING_COMPOUND_METABOLIC_PROCESS	2/2	290/2116	0.00689655172413793	7.29655172413793	3.54951552339937	0.0187270687813663	0.0454800241833182	0.0140805028431326	CIITA/RFX5	2
panel30	leiden	46	GOBP_COLLAGEN_BIOSYNTHETIC_PROCESS	GOBP_COLLAGEN_BIOSYNTHETIC_PROCESS	1/2	26/2116	0.0384615384615385	40.6923076923077	6.26235340251159	0.0244294288255192	0.0519125362542284	0.0160719926483679	CIITA	1
panel30	leiden	46	GOBP_MODULATION_OF_PROCESS_OF_ANOTHER_ORGANISM	GOBP_MODULATION_OF_PROCESS_OF_ANOTHER_ORGANISM	1/2	31/2116	0.032258064516129	34.1290322580645	5.71418450555904	0.0290927616672699	0.0549529942603988	0.0170133109165321	CIITA	1
panel30	leiden	46	GOBP_POSITIVE_REGULATION_OF_RNA_METABOLIC_PROCESS	GOBP_POSITIVE_REGULATION_OF_RNA_METABOLIC_PROCESS	2/2	392/2116	0.00510204081632653	5.39795918367347	2.96649273743871	0.0342481241648679	0.0582218110802755	0.0180253285078252	CIITA/RFX5	2
panel30	leiden	47	GOBP_POSITIVE_REGULATION_OF_B_CELL_PROLIFERATION	GOBP_POSITIVE_REGULATION_OF_B_CELL_PROLIFERATION	2/2	20/2116	0.1	105.8	14.4809926639573	8.49097498737527e-05	0.00266273996314619	0.000968269077507706	TNFSF13B/TNFRSF13C	2
panel30	leiden	47	GOBP_LYMPHOCYTE_COSTIMULATION	GOBP_LYMPHOCYTE_COSTIMULATION	2/2	22/2116	0.0909090909090909	96.1818181818182	13.8004958384639	0.000103232380109668	0.00266273996314619	0.000968269077507706	TNFSF13B/TNFRSF13C	2
panel30	leiden	47	GOBP_REGULATION_OF_B_CELL_PROLIFERATION	GOBP_REGULATION_OF_B_CELL_PROLIFERATION	2/2	26/2116	0.0769230769230769	81.3846153846154	12.6824792744663	0.000145240361626156	0.00266273996314619	0.000968269077507706	TNFSF13B/TNFRSF13C	2
panel30	leiden	47	GOBP_POSITIVE_REGULATION_OF_B_CELL_ACTIVATION	GOBP_POSITIVE_REGULATION_OF_B_CELL_ACTIVATION	2/2	32/2116	0.0625	66.125	11.4154112083542	0.000221659136512533	0.00287985568321811	0.00104722024844295	TNFSF13B/TNFRSF13C	2
panel30	leiden	47	GOBP_B_CELL_PROLIFERATION	GOBP_B_CELL_PROLIFERATION	2/2	35/2116	0.0571428571428571	60.4571428571429	10.9073615764306	0.000265901585130962	0.00287985568321811	0.00104722024844295	TNFSF13B/TNFRSF13C	2
panel30	leiden	47	GOBP_POSITIVE_REGULATION_OF_T_CELL_PROLIFERATION	GOBP_POSITIVE_REGULATION_OF_T_CELL_PROLIFERATION	2/2	38/2116	0.0526315789473684	55.6842105263158	10.4604089954047	0.000314166074532885	0.00287985568321811	0.00104722024844295	TNFSF13B/TNFRSF13C	2
panel30	leiden	47	GOBP_REGULATION_OF_B_CELL_ACTIVATION	GOBP_REGULATION_OF_B_CELL_ACTIVATION	2/2	48/2116	0.0416666666666667	44.0833333333333	9.28479545705133	0.000504095778197858	0.00396075254298317	0.00144027365199388	TNFSF13B/TNFRSF13C	2
panel30	leiden	47	GOBP_TUMOR_NECROSIS_FACTOR_MEDIATED_SIGNALING_PATHWAY	GOBP_TUMOR_NECROSIS_FACTOR_MEDIATED_SIGNALING_PATHWAY	2/2	56/2116	0.0357142857142857	37.7857142857143	8.57940735550533	0.000688215867397784	0.00473148408835977	0.00172053966849446	TNFSF13B/TNFRSF13C	2
panel30	leiden	47	GOBP_POSITIVE_REGULATION_OF_LEUKOCYTE_PROLIFERATION	GOBP_POSITIVE_REGULATION_OF_LEUKOCYTE_PROLIFERATION	2/2	69/2116	0.0289855072463768	30.6666666666667	7.70463498091991	0.00104841196423065	0.00640696200363175	0.002329804364957	TNFSF13B/TNFRSF13C	2
panel30	leiden	47	GOBP_T_CELL_PROLIFERATION	GOBP_T_CELL_PROLIFERATION	2/2	81/2116	0.0246913580246914	26.1234567901235	7.09018210092834	0.00144793468205767	0.00796364075131721	0.00289586936411535	TNFSF13B/TNFRSF13C	2
panel30	leiden	48	GOBP_FIBROBLAST_GROWTH_FACTOR_RECEPTOR_SIGNALING_PATHWAY	GOBP_FIBROBLAST_GROWTH_FACTOR_RECEPTOR_SIGNALING_PATHWAY	2/2	25/2116	0.08	84.64	12.936735662914	0.000134068026116452	0.0091166257759187	0.00578609375871001	FGFR4/FGF17	2
panel30	leiden	48	GOBP_RESPONSE_TO_FIBROBLAST_GROWTH_FACTOR	GOBP_RESPONSE_TO_FIBROBLAST_GROWTH_FACTOR	2/2	38/2116	0.0526315789473684	55.6842105263158	10.4604089954047	0.000314166074532885	0.0106816465341181	0.00677937318728856	FGFR4/FGF17	2
panel30	leiden	48	GOBP_POSITIVE_REGULATION_OF_MAPK_CASCADE	GOBP_POSITIVE_REGULATION_OF_MAPK_CASCADE	2/2	204/2116	0.00980392156862745	10.3725490196078	4.33058485221382	0.00925337516255748	0.103825072508457	0.0658951698583085	FGFR4/FGF17	2
panel30	leiden	48	GOBP_CELL_SURFACE_RECEPTOR_PROTEIN_TYROSINE_KINASE_SIGNALING_PATHWAY	GOBP_CELL_SURFACE_RECEPTOR_PROTEIN_TYROSINE_KINASE_SIGNALING_PATHWAY	2/2	236/2116	0.00847457627118644	8.96610169491525	3.99246038300726	0.012392354547364	0.103825072508457	0.0658951698583085	FGFR4/FGF17	2
panel30	leiden	48	GOBP_LIPID_HOMEOSTASIS	GOBP_LIPID_HOMEOSTASIS	1/2	16/2116	0.0625	66.125	8.04110572840052	0.0150692461354892	0.103825072508457	0.0658951698583085	FGFR4	1
panel30	leiden	48	GOBP_POSITIVE_REGULATION_OF_DNA_BIOSYNTHETIC_PROCESS	GOBP_POSITIVE_REGULATION_OF_DNA_BIOSYNTHETIC_PROCESS	1/2	17/2116	0.0588235294117647	62.2352941176471	7.79538809910682	0.0160072754248839	0.103825072508457	0.0658951698583085	FGFR4	1
panel30	leiden	48	GOBP_REGULATION_OF_STEROID_BIOSYNTHETIC_PROCESS	GOBP_REGULATION_OF_STEROID_BIOSYNTHETIC_PROCESS	1/2	18/2116	0.0555555555555556	58.7777777777778	7.57028164001055	0.0169448578208581	0.103825072508457	0.0658951698583085	FGFR4	1
panel30	leiden	48	GOBP_RESPONSE_TO_GROWTH_FACTOR	GOBP_RESPONSE_TO_GROWTH_FACTOR	2/2	287/2116	0.00696864111498258	7.37282229965157	3.57094857978564	0.018340952866151	0.103825072508457	0.0658951698583085	FGFR4/FGF17	2
panel30	leiden	48	GOBP_MONOCARBOXYLIC_ACID_BIOSYNTHETIC_PROCESS	GOBP_MONOCARBOXYLIC_ACID_BIOSYNTHETIC_PROCESS	1/2	20/2116	0.05	52.9	7.17140762652085	0.0188186819325457	0.103825072508457	0.0658951698583085	FGFR4	1
panel30	leiden	48	GOBP_REGULATION_OF_STEROID_METABOLIC_PROCESS	GOBP_REGULATION_OF_STEROID_METABOLIC_PROCESS	1/2	21/2116	0.0476190476190476	50.3809523809524	6.9935033551852	0.0197549236482589	0.103825072508457	0.0658951698583085	FGFR4	1
panel30	leiden	49	GOBP_PROTEOLYSIS	GOBP_PROTEOLYSIS	4/5	327/2116	0.0122324159021407	5.17675840978593	3.99672376739435	0.00246408292957797	0.220296225895033	0.186863431265076	CAPN1/CAPN8/CAPN2/CAPNS1	4
panel30	leiden	49	GOBP_REGULATION_OF_MACROAUTOPHAGY	GOBP_REGULATION_OF_MACROAUTOPHAGY	2/5	80/2116	0.025	10.58	4.25028142553762	0.0131079372660442	0.220296225895033	0.186863431265076	CAPN1/CAPNS1	2
panel30	leiden	49	GOBP_REGULATION_OF_SYNCYTIUM_FORMATION_BY_PLASMA_MEMBRANE_FUSION	GOBP_REGULATION_OF_SYNCYTIUM_FORMATION_BY_PLASMA_MEMBRANE_FUSION	1/5	10/2116	0.1	42.32	6.37275468311237	0.0234291473334639	0.220296225895033	0.186863431265076	CAPN2	1
panel30	leiden	49	GOBP_RESPONSE_TO_PAIN	GOBP_RESPONSE_TO_PAIN	1/5	10/2116	0.1	42.32	6.37275468311237	0.0234291473334639	0.220296225895033	0.186863431265076	CAPN2	1
panel30	leiden	49	GOBP_CELLULAR_RESPONSE_TO_INTERFERON_BETA	GOBP_CELLULAR_RESPONSE_TO_INTERFERON_BETA	1/5	12/2116	0.0833333333333333	35.2666666666667	5.79209513593252	0.0280618301177671	0.220296225895033	0.186863431265076	CAPN2	1
panel30	leiden	49	GOBP_GLUTAMATE_RECEPTOR_SIGNALING_PATHWAY	GOBP_GLUTAMATE_RECEPTOR_SIGNALING_PATHWAY	1/5	12/2116	0.0833333333333333	35.2666666666667	5.79209513593252	0.0280618301177671	0.220296225895033	0.186863431265076	CAPN1	1
panel30	leiden	49	GOBP_POSITIVE_REGULATION_OF_MUSCLE_CELL_APOPTOTIC_PROCESS	GOBP_POSITIVE_REGULATION_OF_MUSCLE_CELL_APOPTOTIC_PROCESS	1/5	12/2116	0.0833333333333333	35.2666666666667	5.79209513593252	0.0280618301177671	0.220296225895033	0.186863431265076	CAPN2	1
panel30	leiden	49	GOBP_RESPONSE_TO_LAMINAR_FLUID_SHEAR_STRESS	GOBP_RESPONSE_TO_LAMINAR_FLUID_SHEAR_STRESS	1/5	12/2116	0.0833333333333333	35.2666666666667	5.79209513593252	0.0280618301177671	0.220296225895033	0.186863431265076	CAPN2	1
panel30	leiden	49	GOBP_VASCULAR_ENDOTHELIAL_CELL_RESPONSE_TO_FLUID_SHEAR_STRESS	GOBP_VASCULAR_ENDOTHELIAL_CELL_RESPONSE_TO_FLUID_SHEAR_STRESS	1/5	12/2116	0.0833333333333333	35.2666666666667	5.79209513593252	0.0280618301177671	0.220296225895033	0.186863431265076	CAPN2	1
panel30	leiden	49	GOBP_MYOBLAST_FUSION	GOBP_MYOBLAST_FUSION	1/5	15/2116	0.0666666666666667	28.2133333333333	5.14648150068549	0.0349778736980003	0.220296225895033	0.186863431265076	CAPN2	1
panel30	leiden	50	GOBP_DIGESTION	GOBP_DIGESTION	2/2	16/2116	0.125	132.25	16.2056833297899	5.36272104465806e-05	0.000107254420893161	NA	CTRB2/CTRB1	2
panel30	leiden	50	GOBP_PROTEOLYSIS	GOBP_PROTEOLYSIS	2/2	327/2116	0.00611620795107034	6.47094801223242	3.30863596441286	0.0238198662001099	0.0238198662001099	NA	CTRB2/CTRB1	2
panel30	leiden	51	GOBP_G_PROTEIN_COUPLED_RECEPTOR_SIGNALING_PATHWAY	GOBP_G_PROTEIN_COUPLED_RECEPTOR_SIGNALING_PATHWAY	2/2	129/2116	0.0155038759689922	16.4031007751938	5.55164606404025	0.00368955207872474	0.0479641770234217	0.0349536512721292	GNB2/GNG5	2
panel30	leiden	51	GOBP_REGULATION_OF_POTASSIUM_ION_TRANSMEMBRANE_TRANSPORT	GOBP_REGULATION_OF_POTASSIUM_ION_TRANSMEMBRANE_TRANSPORT	1/2	14/2116	0.0714285714285714	75.5714285714286	8.60870482867123	0.0131918468764384	0.0653000665871199	0.0475870930594396	GNB2	1
panel30	leiden	51	GOBP_REGULATION_OF_POTASSIUM_ION_TRANSPORT	GOBP_REGULATION_OF_POTASSIUM_ION_TRANSPORT	1/2	16/2116	0.0625	66.125	8.04110572840052	0.0150692461354892	0.0653000665871199	0.0475870930594396	GNB2	1
panel30	leiden	51	GOBP_POTASSIUM_ION_TRANSPORT	GOBP_POTASSIUM_ION_TRANSPORT	1/2	25/2116	0.04	42.32	6.39103201329035	0.0234954215769081	0.0763601201249513	0.0556470511032034	GNB2	1
panel30	leiden	51	GOBP_REGULATION_OF_MONOATOMIC_ION_TRANSMEMBRANE_TRANSPORT	GOBP_REGULATION_OF_MONOATOMIC_ION_TRANSMEMBRANE_TRANSPORT	1/2	76/2116	0.0131578947368421	13.9210526315789	3.52782716558277	0.0705600021450884	0.18345600557723	0.133692635643325	GNB2	1
panel30	leiden	51	GOBP_REGULATION_OF_MONOATOMIC_ION_TRANSPORT	GOBP_REGULATION_OF_MONOATOMIC_ION_TRANSPORT	1/2	97/2116	0.0103092783505155	10.9072164948454	3.07175839080901	0.0896016838944078	0.194136981771217	0.14147634299117	GNB2	1
panel30	leiden	51	GOBP_REGULATION_OF_TRANSMEMBRANE_TRANSPORT	GOBP_REGULATION_OF_TRANSMEMBRANE_TRANSPORT	1/2	125/2116	0.008	8.464	2.64550568679174	0.114684024007114	0.212984616013212	0.15521146106226	GNB2	1
panel30	leiden	51	GOBP_METAL_ION_TRANSPORT	GOBP_METAL_ION_TRANSPORT	1/2	150/2116	0.00666666666666667	7.05333333333333	2.3651906552082	0.13678290364531	0.222272218423628	0.161979754316814	GNB2	1
panel30	leiden	51	GOBP_MONOATOMIC_ION_TRANSMEMBRANE_TRANSPORT	GOBP_MONOATOMIC_ION_TRANSMEMBRANE_TRANSPORT	1/2	195/2116	0.00512820512820513	5.42564102564103	1.99456181222612	0.17585702985695	0.24101555310983	0.175638864614451	GNB2	1
panel30	leiden	51	GOBP_MONOATOMIC_CATION_TRANSPORT	GOBP_MONOATOMIC_CATION_TRANSPORT	1/2	222/2116	0.00450450450450451	4.76576576576577	1.82371720421036	0.198867125179316	0.24101555310983	0.175638864614451	GNB2	1
panel30	leiden	52	GOBP_ACYL_COA_BIOSYNTHETIC_PROCESS	GOBP_ACYL_COA_BIOSYNTHETIC_PROCESS	2/2	10/2116	0.2	211.6	20.5280111832823	2.01102039174678e-05	0.000221212243092145	NA	PDHA1/PDHB	2
panel30	leiden	52	GOBP_ACYL_COA_METABOLIC_PROCESS	GOBP_ACYL_COA_METABOLIC_PROCESS	2/2	10/2116	0.2	211.6	20.5280111832823	2.01102039174678e-05	0.000221212243092145	NA	PDHA1/PDHB	2
panel30	leiden	52	GOBP_SULFUR_COMPOUND_BIOSYNTHETIC_PROCESS	GOBP_SULFUR_COMPOUND_BIOSYNTHETIC_PROCESS	2/2	16/2116	0.125	132.25	16.2056833297899	5.36272104465806e-05	0.000334276278450352	NA	PDHA1/PDHB	2
panel30	leiden	52	GOBP_AMIDE_BIOSYNTHETIC_PROCESS	GOBP_AMIDE_BIOSYNTHETIC_PROCESS	2/2	17/2116	0.117647058823529	124.470588235294	15.7180784054037	6.07775051727913e-05	0.000334276278450352	NA	PDHA1/PDHB	2
panel30	leiden	52	GOBP_SULFUR_COMPOUND_METABOLIC_PROCESS	GOBP_SULFUR_COMPOUND_METABOLIC_PROCESS	2/2	26/2116	0.0769230769230769	81.3846153846154	12.6824792744663	0.000145240361626156	0.000639057591155086	NA	PDHA1/PDHB	2
panel30	leiden	52	GOBP_PYRUVATE_METABOLIC_PROCESS	GOBP_PYRUVATE_METABOLIC_PROCESS	2/2	43/2116	0.0465116279069768	49.2093023255814	9.82161973447905	0.000403544758610519	0.00147966411490524	NA	PDHA1/PDHB	2
panel30	leiden	52	GOBP_AMIDE_METABOLIC_PROCESS	GOBP_AMIDE_METABOLIC_PROCESS	2/2	52/2116	0.0384615384615385	40.6923076923077	8.911911536631	0.000592580675434716	0.00185907662881479	NA	PDHA1/PDHB	2
panel30	leiden	52	GOBP_GLUCOSE_METABOLIC_PROCESS	GOBP_GLUCOSE_METABOLIC_PROCESS	2/2	61/2116	0.0327868852459016	34.6885245901639	8.21029360075466	0.000817814959310354	0.00185907662881479	NA	PDHA1/PDHB	2
panel30	leiden	52	GOBP_PURINE_CONTAINING_COMPOUND_BIOSYNTHETIC_PROCESS	GOBP_PURINE_CONTAINING_COMPOUND_BIOSYNTHETIC_PROCESS	2/2	61/2116	0.0327868852459016	34.6885245901639	8.21029360075466	0.000817814959310354	0.00185907662881479	NA	PDHA1/PDHB	2
panel30	leiden	52	GOBP_NUCLEOSIDE_PHOSPHATE_BIOSYNTHETIC_PROCESS	GOBP_NUCLEOSIDE_PHOSPHATE_BIOSYNTHETIC_PROCESS	2/2	64/2116	0.03125	33.0625	8.00970245958065	0.000900937135502555	0.00185907662881479	NA	PDHA1/PDHB	2
panel30	leiden	53	GOBP_SISTER_CHROMATID_COHESION	GOBP_SISTER_CHROMATID_COHESION	2/3	31/2116	0.0645161290322581	45.505376344086	9.40386443582828	0.000617714942279783	0.0500349103246624	0.0364126702817556	PPP2R1A/PPP2R5D	2
panel30	leiden	53	GOBP_CELL_CYCLE_PROCESS	GOBP_CELL_CYCLE_PROCESS	3/3	350/2116	0.00857142857142857	6.04571428571429	3.89248898377513	0.00449305461034638	0.122617738965444	0.0892344818981786	PPP2R1A/PPP2R5D/PPP2R2D	3
panel30	leiden	53	GOBP_MITOTIC_NUCLEAR_DIVISION	GOBP_MITOTIC_NUCLEAR_DIVISION	2/3	85/2116	0.0235294117647059	16.5960784313725	5.52886488071267	0.00466095039669486	0.122617738965444	0.0892344818981786	PPP2R1A/PPP2R2D	2
panel30	leiden	53	GOBP_CHROMOSOME_SEGREGATION	GOBP_CHROMOSOME_SEGREGATION	2/3	97/2116	0.0206185567010309	14.5429553264605	5.14395568180007	0.00605519698594783	0.122617738965444	0.0892344818981786	PPP2R1A/PPP2R2D	2
panel30	leiden	53	GOBP_CELL_CYCLE	GOBP_CELL_CYCLE	3/3	441/2116	0.00680272108843537	4.79818594104308	3.37717974313953	0.009003777788373	0.125726825958001	0.0914971053105659	PPP2R1A/PPP2R5D/PPP2R2D	3
panel30	leiden	53	GOBP_ORGANELLE_FISSION	GOBP_ORGANELLE_FISSION	2/3	135/2116	0.0148148148148148	10.4493827160494	4.27458689707051	0.011617837937327	0.125726825958001	0.0914971053105659	PPP2R1A/PPP2R2D	2
panel30	leiden	53	GOBP_CHROMOSOME_ORGANIZATION	GOBP_CHROMOSOME_ORGANIZATION	2/3	141/2116	0.0141843971631206	10.0047281323877	4.16929549385536	0.0126524701945025	0.125726825958001	0.0914971053105659	PPP2R1A/PPP2R5D	2
panel30	leiden	53	GOBP_EXIT_FROM_MITOSIS	GOBP_EXIT_FROM_MITOSIS	1/3	10/2116	0.1	70.5333333333333	8.3029023575843	0.0141174392530098	0.125726825958001	0.0914971053105659	PPP2R2D	1
panel30	leiden	53	GOBP_NEGATIVE_REGULATION_OF_HIPPO_SIGNALING	GOBP_NEGATIVE_REGULATION_OF_HIPPO_SIGNALING	1/3	11/2116	0.0909090909090909	64.1212121212121	7.90699906154085	0.0155218303651853	0.125726825958001	0.0914971053105659	PPP2R1A	1
panel30	leiden	53	GOBP_OOCYTE_MATURATION	GOBP_OOCYTE_MATURATION	1/3	11/2116	0.0909090909090909	64.1212121212121	7.90699906154085	0.0155218303651853	0.125726825958001	0.0914971053105659	PPP2R1A	1
panel30	leiden	54	GOBP_COLLAGEN_ACTIVATED_TYROSINE_KINASE_RECEPTOR_SIGNALING_PATHWAY	GOBP_COLLAGEN_ACTIVATED_TYROSINE_KINASE_RECEPTOR_SIGNALING_PATHWAY	2/2	10/2116	0.2	211.6	20.5280111832823	2.01102039174678e-05	0.000209146120741665	7.33846037690052e-05	COL4A5/COL4A6	2
panel30	leiden	54	GOBP_COLLAGEN_ACTIVATED_SIGNALING_PATHWAY	GOBP_COLLAGEN_ACTIVATED_SIGNALING_PATHWAY	2/2	13/2116	0.153846153846154	162.769230769231	17.9914287139273	3.48576867902775e-05	0.000209146120741665	7.33846037690052e-05	COL4A5/COL4A6	2
panel30	leiden	54	GOBP_COLLAGEN_FIBRIL_ORGANIZATION	GOBP_COLLAGEN_FIBRIL_ORGANIZATION	2/2	57/2116	0.0350877192982456	37.1228070175439	8.50175210625221	0.000713241898939522	0.00285296759575809	0.0010010412616695	COL4A5/COL4A6	2
panel30	leiden	54	GOBP_EXTERNAL_ENCAPSULATING_STRUCTURE_ORGANIZATION	GOBP_EXTERNAL_ENCAPSULATING_STRUCTURE_ORGANIZATION	2/2	156/2116	0.0128205128205128	13.5641025641026	5.01398959875099	0.00540294145249299	0.016208824357479	0.00568730679209789	COL4A5/COL4A6	2
panel30	leiden	54	GOBP_CELL_SURFACE_RECEPTOR_PROTEIN_TYROSINE_KINASE_SIGNALING_PATHWAY	GOBP_CELL_SURFACE_RECEPTOR_PROTEIN_TYROSINE_KINASE_SIGNALING_PATHWAY	2/2	236/2116	0.00847457627118644	8.96610169491525	3.99246038300726	0.012392354547364	0.0297416509136736	0.0104356669872539	COL4A5/COL4A6	2
panel30	leiden	54	GOBP_NEUROMUSCULAR_JUNCTION_DEVELOPMENT	GOBP_NEUROMUSCULAR_JUNCTION_DEVELOPMENT	1/2	24/2116	0.0416666666666667	44.0833333333333	6.52757349037635	0.0225609674348766	0.0451219348697531	0.0158322578490362	COL4A5	1
panel30	leiden	54	GOBP_ENZYME_LINKED_RECEPTOR_PROTEIN_SIGNALING_PATHWAY	GOBP_ENZYME_LINKED_RECEPTOR_PROTEIN_SIGNALING_PATHWAY	2/2	375/2116	0.00533333333333333	5.64266666666667	3.04790512296558	0.0313384011047205	0.053722973322378	0.0188501660780274	COL4A5/COL4A6	2
panel30	leiden	54	GOBP_CELLULAR_RESPONSE_TO_ACID_CHEMICAL	GOBP_CELLULAR_RESPONSE_TO_ACID_CHEMICAL	1/2	45/2116	0.0222222222222222	23.5111111111111	4.69386755616153	0.0420906567992601	0.0631359851988901	0.0221529772627684	COL4A6	1
panel30	leiden	54	GOBP_RESPONSE_TO_ACID_CHEMICAL	GOBP_RESPONSE_TO_ACID_CHEMICAL	1/2	60/2116	0.0166666666666667	17.6333333333333	4.01939838001257	0.0559197736931718	0.0745596982575624	0.0261612976342324	COL4A6	1
panel30	leiden	54	GOBP_SYNAPSE_ORGANIZATION	GOBP_SYNAPSE_ORGANIZATION	1/2	117/2116	0.00854700854700855	9.04273504273504	2.75237742874785	0.107553392591401	0.129064071109681	0.045285638985853	COL4A5	1
panel30	leiden	55	GOBP_CELLULAR_SENESCENCE	GOBP_CELLULAR_SENESCENCE	2/2	44/2116	0.0454545454545455	48.0909090909091	9.7070268185904	0.000422761175687211	0.0448126846228443	0.0320408469994518	MAPKAPK5/MAPK11	2
panel30	leiden	55	GOBP_REGULATION_OF_DENDRITIC_SPINE_DEVELOPMENT	GOBP_REGULATION_OF_DENDRITIC_SPINE_DEVELOPMENT	1/2	12/2116	0.0833333333333333	88.1666666666667	9.3118481655212	0.0113126600437063	0.145318089160344	0.103901712209978	MAPKAPK5	1
panel30	leiden	55	GOBP_POSITIVE_REGULATION_OF_ERYTHROCYTE_DIFFERENTIATION	GOBP_POSITIVE_REGULATION_OF_ERYTHROCYTE_DIFFERENTIATION	1/2	18/2116	0.0555555555555556	58.7777777777778	7.57028164001055	0.0169448578208581	0.145318089160344	0.103901712209978	MAPK11	1
panel30	leiden	55	GOBP_POSITIVE_REGULATION_OF_TELOMERE_MAINTENANCE	GOBP_POSITIVE_REGULATION_OF_TELOMERE_MAINTENANCE	1/2	19/2116	0.0526315789473684	55.6842105263158	7.36304108921494	0.0178819933234123	0.145318089160344	0.103901712209978	MAPKAPK5	1
panel30	leiden	55	GOBP_REGULATION_OF_CARDIAC_MUSCLE_CELL_PROLIFERATION	GOBP_REGULATION_OF_CARDIAC_MUSCLE_CELL_PROLIFERATION	1/2	19/2116	0.0526315789473684	55.6842105263158	7.36304108921494	0.0178819933234123	0.145318089160344	0.103901712209978	MAPK11	1
panel30	leiden	55	GOBP_DENDRITIC_SPINE_DEVELOPMENT	GOBP_DENDRITIC_SPINE_DEVELOPMENT	1/2	21/2116	0.0476190476190476	50.3809523809524	6.9935033551852	0.0197549236482589	0.145318089160344	0.103901712209978	MAPKAPK5	1
panel30	leiden	55	GOBP_POSITIVE_REGULATION_OF_INTERLEUKIN_12_PRODUCTION	GOBP_POSITIVE_REGULATION_OF_INTERLEUKIN_12_PRODUCTION	1/2	23/2116	0.0434782608695652	46	6.67282153564063	0.0216260663994244	0.145318089160344	0.103901712209978	MAPK11	1
panel30	leiden	55	GOBP_REGULATION_OF_ERYTHROCYTE_DIFFERENTIATION	GOBP_REGULATION_OF_ERYTHROCYTE_DIFFERENTIATION	1/2	23/2116	0.0434782608695652	46	6.67282153564063	0.0216260663994244	0.145318089160344	0.103901712209978	MAPK11	1
panel30	leiden	55	GOBP_CARDIAC_MUSCLE_CELL_PROLIFERATION	GOBP_CARDIAC_MUSCLE_CELL_PROLIFERATION	1/2	25/2116	0.04	42.32	6.39103201329035	0.0234954215769081	0.145318089160344	0.103901712209978	MAPK11	1
panel30	leiden	55	GOBP_NEGATIVE_REGULATION_OF_DEVELOPMENTAL_GROWTH	GOBP_NEGATIVE_REGULATION_OF_DEVELOPMENTAL_GROWTH	1/2	25/2116	0.04	42.32	6.39103201329035	0.0234954215769081	0.145318089160344	0.103901712209978	MAPK11	1
panel30	leiden	56	GOBP_HEPATOCYTE_APOPTOTIC_PROCESS	GOBP_HEPATOCYTE_APOPTOTIC_PROCESS	2/2	10/2116	0.2	211.6	20.5280111832823	2.01102039174678e-05	0.00179227782281993	0.000609062500916843	PRKAA2/PRKAA1	2
panel30	leiden	56	GOBP_POSITIVE_REGULATION_OF_NUCLEOTIDE_CATABOLIC_PROCESS	GOBP_POSITIVE_REGULATION_OF_NUCLEOTIDE_CATABOLIC_PROCESS	2/2	11/2116	0.181818181818182	192.363636363636	19.5680432554897	2.45791381213494e-05	0.00179227782281993	0.000609062500916843	PRKAA2/PRKAA1	2
panel30	leiden	56	GOBP_STEROL_METABOLIC_PROCESS	GOBP_STEROL_METABOLIC_PROCESS	2/2	12/2116	0.166666666666667	176.333333333333	18.7305244170713	2.94949657456193e-05	0.00179227782281993	0.000609062500916843	PRKAA2/PRKAA1	2
panel30	leiden	56	GOBP_POSITIVE_REGULATION_OF_NUCLEOTIDE_METABOLIC_PROCESS	GOBP_POSITIVE_REGULATION_OF_NUCLEOTIDE_METABOLIC_PROCESS	2/2	15/2116	0.133333333333333	141.066666666667	16.7411423366521	4.6923809140758e-05	0.00179227782281993	0.000609062500916843	PRKAA2/PRKAA1	2
panel30	leiden	56	GOBP_REGULATION_OF_EPITHELIAL_CELL_APOPTOTIC_PROCESS	GOBP_REGULATION_OF_EPITHELIAL_CELL_APOPTOTIC_PROCESS	2/2	15/2116	0.133333333333333	141.066666666667	16.7411423366521	4.6923809140758e-05	0.00179227782281993	0.000609062500916843	PRKAA2/PRKAA1	2
panel30	leiden	56	GOBP_LIPID_HOMEOSTASIS	GOBP_LIPID_HOMEOSTASIS	2/2	16/2116	0.125	132.25	16.2056833297899	5.36272104465806e-05	0.00179227782281993	0.000609062500916843	PRKAA2/PRKAA1	2
panel30	leiden	56	GOBP_FATTY_ACID_BIOSYNTHETIC_PROCESS	GOBP_FATTY_ACID_BIOSYNTHETIC_PROCESS	2/2	17/2116	0.117647058823529	124.470588235294	15.7180784054037	6.07775051727913e-05	0.00179227782281993	0.000609062500916843	PRKAA2/PRKAA1	2
panel30	leiden	56	GOBP_REGULATION_OF_GLYCOLYTIC_PROCESS	GOBP_REGULATION_OF_GLYCOLYTIC_PROCESS	2/2	18/2116	0.111111111111111	117.555555555556	15.271587385329	6.83746933193902e-05	0.00179227782281993	0.000609062500916843	PRKAA2/PRKAA1	2
panel30	leiden	56	GOBP_ALCOHOL_BIOSYNTHETIC_PROCESS	GOBP_ALCOHOL_BIOSYNTHETIC_PROCESS	2/2	19/2116	0.105263157894737	111.368421052632	14.8607287431027	7.64187748863773e-05	0.00179227782281993	0.000609062500916843	PRKAA2/PRKAA1	2
panel30	leiden	56	GOBP_ENERGY_HOMEOSTASIS	GOBP_ENERGY_HOMEOSTASIS	2/2	19/2116	0.105263157894737	111.368421052632	14.8607287431027	7.64187748863773e-05	0.00179227782281993	0.000609062500916843	PRKAA2/PRKAA1	2
panel30	leiden	57	GOBP_NUCLEOSIDE_DIPHOSPHATE_CATABOLIC_PROCESS	GOBP_NUCLEOSIDE_DIPHOSPHATE_CATABOLIC_PROCESS	2/2	36/2116	0.0555555555555556	58.7777777777778	10.7522191940535	0.000281542854844548	0.00294246815985947	0.000878348704435662	HK1/HKDC1	2
panel30	leiden	57	GOBP_PYRIDINE_CONTAINING_COMPOUND_CATABOLIC_PROCESS	GOBP_PYRIDINE_CONTAINING_COMPOUND_CATABOLIC_PROCESS	2/2	36/2116	0.0555555555555556	58.7777777777778	10.7522191940535	0.000281542854844548	0.00294246815985947	0.000878348704435662	HK1/HKDC1	2
panel30	leiden	57	GOBP_RIBONUCLEOTIDE_CATABOLIC_PROCESS	GOBP_RIBONUCLEOTIDE_CATABOLIC_PROCESS	2/2	36/2116	0.0555555555555556	58.7777777777778	10.7522191940535	0.000281542854844548	0.00294246815985947	0.000878348704435662	HK1/HKDC1	2
panel30	leiden	57	GOBP_NUCLEOSIDE_PHOSPHATE_CATABOLIC_PROCESS	GOBP_NUCLEOSIDE_PHOSPHATE_CATABOLIC_PROCESS	2/2	37/2116	0.0540540540540541	57.1891891891892	10.6033738733369	0.000297631017978523	0.00294246815985947	0.000878348704435662	HK1/HKDC1	2
panel30	leiden	57	GOBP_PURINE_CONTAINING_COMPOUND_CATABOLIC_PROCESS	GOBP_PURINE_CONTAINING_COMPOUND_CATABOLIC_PROCESS	2/2	37/2116	0.0540540540540541	57.1891891891892	10.6033738733369	0.000297631017978523	0.00294246815985947	0.000878348704435662	HK1/HKDC1	2
panel30	leiden	57	GOBP_PYRIDINE_CONTAINING_COMPOUND_METABOLIC_PROCESS	GOBP_PYRIDINE_CONTAINING_COMPOUND_METABOLIC_PROCESS	2/2	38/2116	0.0526315789473684	55.6842105263158	10.4604089954047	0.000314166074532885	0.00294246815985947	0.000878348704435662	HK1/HKDC1	2
panel30	leiden	57	GOBP_NUCLEOSIDE_DIPHOSPHATE_METABOLIC_PROCESS	GOBP_NUCLEOSIDE_DIPHOSPHATE_METABOLIC_PROCESS	2/2	43/2116	0.0465116279069768	49.2093023255814	9.82161973447905	0.000403544758610519	0.00294246815985947	0.000878348704435662	HK1/HKDC1	2
panel30	leiden	57	GOBP_PYRUVATE_METABOLIC_PROCESS	GOBP_PYRUVATE_METABOLIC_PROCESS	2/2	43/2116	0.0465116279069768	49.2093023255814	9.82161973447905	0.000403544758610519	0.00294246815985947	0.000878348704435662	HK1/HKDC1	2
panel30	leiden	57	GOBP_ORGANOPHOSPHATE_CATABOLIC_PROCESS	GOBP_ORGANOPHOSPHATE_CATABOLIC_PROCESS	2/2	46/2116	0.0434782608695652	46	9.48907652623368	0.000462534690101757	0.00294246815985947	0.000878348704435662	HK1/HKDC1	2
panel30	leiden	57	GOBP_CARBOHYDRATE_DERIVATIVE_CATABOLIC_PROCESS	GOBP_CARBOHYDRATE_DERIVATIVE_CATABOLIC_PROCESS	2/2	47/2116	0.0425531914893617	45.0212765957447	9.38531835196038	0.000483091787439614	0.00294246815985947	0.000878348704435662	HK1/HKDC1	2
panel30	leiden	58	GOBP_REGULATION_OF_CANONICAL_WNT_SIGNALING_PATHWAY	GOBP_REGULATION_OF_CANONICAL_WNT_SIGNALING_PATHWAY	2/2	111/2116	0.018018018018018	19.0630630630631	6.01192274706895	0.00272828433146979	0.0637746703788614	0.0457712945302833	ZNRF3/RSPO1	2
panel30	leiden	58	GOBP_REGULATION_OF_WNT_SIGNALING_PATHWAY	GOBP_REGULATION_OF_WNT_SIGNALING_PATHWAY	2/2	132/2116	0.0151515151515152	16.030303030303	5.4840519542046	0.00386384051267613	0.0637746703788614	0.0457712945302833	ZNRF3/RSPO1	2
panel30	leiden	58	GOBP_CANONICAL_WNT_SIGNALING_PATHWAY	GOBP_CANONICAL_WNT_SIGNALING_PATHWAY	2/2	140/2116	0.0142857142857143	15.1142857142857	5.31431318087326	0.00434827298037692	0.0637746703788614	0.0457712945302833	ZNRF3/RSPO1	2
panel30	leiden	58	GOBP_WNT_SIGNALING_PATHWAY	GOBP_WNT_SIGNALING_PATHWAY	2/2	185/2116	0.0108108108108108	11.4378378378378	4.57007118549783	0.00760612601500668	0.0836673861650735	0.0600483632763685	ZNRF3/RSPO1	2
panel30	leiden	58	GOBP_REGULATION_OF_NON_CANONICAL_WNT_SIGNALING_PATHWAY	GOBP_REGULATION_OF_NON_CANONICAL_WNT_SIGNALING_PATHWAY	1/2	14/2116	0.0714285714285714	75.5714285714286	8.60870482867123	0.0131918468764384	0.103625646319608	0.0743724734351254	ZNRF3	1
panel30	leiden	58	GOBP_RECEPTOR_CATABOLIC_PROCESS	GOBP_RECEPTOR_CATABOLIC_PROCESS	1/2	15/2116	0.0666666666666667	70.5333333333333	8.31080983204576	0.0141307699526738	0.103625646319608	0.0743724734351254	ZNRF3	1
panel30	leiden	58	GOBP_RECEPTOR_METABOLIC_PROCESS	GOBP_RECEPTOR_METABOLIC_PROCESS	1/2	22/2116	0.0454545454545455	48.0909090909091	6.82775247786468	0.0206907184705517	0.113798951588034	0.0816738886995462	ZNRF3	1
panel30	leiden	58	GOBP_REGULATION_OF_RECEPTOR_INTERNALIZATION	GOBP_REGULATION_OF_RECEPTOR_INTERNALIZATION	1/2	22/2116	0.0454545454545455	48.0909090909091	6.82775247786468	0.0206907184705517	0.113798951588034	0.0816738886995462	RSPO1	1
panel30	leiden	58	GOBP_STEM_CELL_PROLIFERATION	GOBP_STEM_CELL_PROLIFERATION	1/2	26/2116	0.0384615384615385	40.6923076923077	6.26235340251159	0.0244294288255192	0.116913128388011	0.0839089438191469	ZNRF3	1
panel30	leiden	58	GOBP_REGULATION_OF_RECEPTOR_MEDIATED_ENDOCYTOSIS	GOBP_REGULATION_OF_RECEPTOR_MEDIATED_ENDOCYTOSIS	1/2	31/2116	0.032258064516129	34.1290322580645	5.71418450555904	0.0290927616672699	0.116913128388011	0.0839089438191469	RSPO1	1
panel30	leiden	59	GOBP_REGULATION_OF_ACTIN_FILAMENT_BASED_MOVEMENT	GOBP_REGULATION_OF_ACTIN_FILAMENT_BASED_MOVEMENT	2/2	11/2116	0.181818181818182	192.363636363636	19.5680432554897	2.45791381213494e-05	0.00217860542439234	0.000825576792401308	ATP2A1/ATP2A2	2
panel30	leiden	59	GOBP_SARCOPLASMIC_RETICULUM_CALCIUM_ION_TRANSPORT	GOBP_SARCOPLASMIC_RETICULUM_CALCIUM_ION_TRANSPORT	2/2	13/2116	0.153846153846154	162.769230769231	17.9914287139273	3.48576867902775e-05	0.00217860542439234	0.000825576792401308	ATP2A1/ATP2A2	2
panel30	leiden	59	GOBP_CARDIAC_MUSCLE_CELL_CONTRACTION	GOBP_CARDIAC_MUSCLE_CELL_CONTRACTION	2/2	20/2116	0.1	105.8	14.4809926639573	8.49097498737527e-05	0.00265342968355477	0.00100551019587339	ATP2A1/ATP2A2	2
panel30	leiden	59	GOBP_REGULATION_OF_CARDIAC_MUSCLE_CONTRACTION	GOBP_REGULATION_OF_CARDIAC_MUSCLE_CONTRACTION	2/2	20/2116	0.1	105.8	14.4809926639573	8.49097498737527e-05	0.00265342968355477	0.00100551019587339	ATP2A1/ATP2A2	2
panel30	leiden	59	GOBP_REGULATION_OF_STRIATED_MUSCLE_CONTRACTION	GOBP_REGULATION_OF_STRIATED_MUSCLE_CONTRACTION	2/2	24/2116	0.0833333333333333	88.1666666666667	13.2066573905874	0.000123342584027135	0.00279308387742607	0.00105843178512988	ATP2A1/ATP2A2	2
panel30	leiden	59	GOBP_CARDIAC_CONDUCTION	GOBP_CARDIAC_CONDUCTION	2/2	25/2116	0.08	84.64	12.936735662914	0.000134068026116452	0.00279308387742607	0.00105843178512988	ATP2A1/ATP2A2	2
panel30	leiden	59	GOBP_ACTIN_MEDIATED_CELL_CONTRACTION	GOBP_ACTIN_MEDIATED_CELL_CONTRACTION	2/2	30/2116	0.0666666666666667	70.5333333333333	11.795441930302	0.000194398637868855	0.00324696000750781	0.00123042695021349	ATP2A1/ATP2A2	2
panel30	leiden	59	GOBP_ACTIN_FILAMENT_BASED_MOVEMENT	GOBP_ACTIN_FILAMENT_BASED_MOVEMENT	2/2	31/2116	0.0645161290322581	68.258064516129	11.6008516982382	0.0002078054404805	0.00324696000750781	0.00123042695021349	ATP2A1/ATP2A2	2
panel30	leiden	59	GOBP_CARDIAC_MUSCLE_CONTRACTION	GOBP_CARDIAC_MUSCLE_CONTRACTION	2/2	42/2116	0.0476190476190476	50.3809523809524	9.94025265206388	0.000384775234954216	0.00525099768956102	0.00198985175604417	ATP2A1/ATP2A2	2
panel30	leiden	59	GOBP_REGULATION_OF_HEART_CONTRACTION	GOBP_REGULATION_OF_HEART_CONTRACTION	2/2	46/2116	0.0434782608695652	46	9.48907652623368	0.000462534690101757	0.00525099768956102	0.00198985175604417	ATP2A1/ATP2A2	2
panel30	leiden	60	GOBP_EXTERNAL_ENCAPSULATING_STRUCTURE_ORGANIZATION	GOBP_EXTERNAL_ENCAPSULATING_STRUCTURE_ORGANIZATION	2/2	156/2116	0.0128205128205128	13.5641025641026	5.01398959875099	0.00540294145249299	0.010805882904986	0.00568730679209789	COL9A3/COL9A1	2
panel30	leiden	60	GOBP_ANIMAL_ORGAN_MORPHOGENESIS	GOBP_ANIMAL_ORGAN_MORPHOGENESIS	1/2	296/2116	0.00337837837837838	3.57432432432432	1.46855803573477	0.260261790165664	0.260261790165664	0.136979889560876	COL9A1	1
panel30	leiden	61	GOBP_COLLAGEN_ACTIVATED_TYROSINE_KINASE_RECEPTOR_SIGNALING_PATHWAY	GOBP_COLLAGEN_ACTIVATED_TYROSINE_KINASE_RECEPTOR_SIGNALING_PATHWAY	2/2	10/2116	0.2	211.6	20.5280111832823	2.01102039174678e-05	0.000906299856547214	0.000513692226383036	COL4A1/COL4A2	2
panel30	leiden	61	GOBP_COLLAGEN_ACTIVATED_SIGNALING_PATHWAY	GOBP_COLLAGEN_ACTIVATED_SIGNALING_PATHWAY	2/2	13/2116	0.153846153846154	162.769230769231	17.9914287139273	3.48576867902775e-05	0.000906299856547214	0.000513692226383036	COL4A1/COL4A2	2
panel30	leiden	61	GOBP_COLLAGEN_FIBRIL_ORGANIZATION	GOBP_COLLAGEN_FIBRIL_ORGANIZATION	2/2	57/2116	0.0350877192982456	37.1228070175439	8.50175210625221	0.000713241898939522	0.0123628595816184	0.00700728883168653	COL4A1/COL4A2	2
panel30	leiden	61	GOBP_EXTERNAL_ENCAPSULATING_STRUCTURE_ORGANIZATION	GOBP_EXTERNAL_ENCAPSULATING_STRUCTURE_ORGANIZATION	2/2	156/2116	0.0128205128205128	13.5641025641026	5.01398959875099	0.00540294145249299	0.0702382388824089	0.0398111475446852	COL4A1/COL4A2	2
panel30	leiden	61	GOBP_RETINA_VASCULATURE_DEVELOPMENT_IN_CAMERA_TYPE_EYE	GOBP_RETINA_VASCULATURE_DEVELOPMENT_IN_CAMERA_TYPE_EYE	1/2	10/2116	0.1	105.8	10.2152686230199	0.00943168563729213	0.0819155639571518	0.0464298743076974	COL4A1	1
panel30	leiden	61	GOBP_BLOOD_VESSEL_MORPHOGENESIS	GOBP_BLOOD_VESSEL_MORPHOGENESIS	2/2	226/2116	0.00884955752212389	9.36283185840708	4.09066933066913	0.0113622652133693	0.0819155639571518	0.0464298743076974	COL4A1/COL4A2	2
panel30	leiden	61	GOBP_CELL_SURFACE_RECEPTOR_PROTEIN_TYROSINE_KINASE_SIGNALING_PATHWAY	GOBP_CELL_SURFACE_RECEPTOR_PROTEIN_TYROSINE_KINASE_SIGNALING_PATHWAY	2/2	236/2116	0.00847457627118644	8.96610169491525	3.99246038300726	0.012392354547364	0.0819155639571518	0.0464298743076974	COL4A1/COL4A2	2
panel30	leiden	61	GOBP_BRANCHING_INVOLVED_IN_BLOOD_VESSEL_MORPHOGENESIS	GOBP_BRANCHING_INVOLVED_IN_BLOOD_VESSEL_MORPHOGENESIS	1/2	16/2116	0.0625	66.125	8.04110572840052	0.0150692461354892	0.0819155639571518	0.0464298743076974	COL4A1	1
panel30	leiden	61	GOBP_VASCULATURE_DEVELOPMENT	GOBP_VASCULATURE_DEVELOPMENT	2/2	266/2116	0.0075187969924812	7.95488721804511	3.73046301048888	0.0157507586015811	0.0819155639571518	0.0464298743076974	COL4A1/COL4A2	2
panel30	leiden	61	GOBP_TUBE_MORPHOGENESIS	GOBP_TUBE_MORPHOGENESIS	2/2	303/2116	0.0066006600660066	6.98349834983498	3.460152818974	0.02044671466302	0.0819155639571518	0.0464298743076974	COL4A1/COL4A2	2
panel30	leiden	62	GOBP_EXTERNAL_ENCAPSULATING_STRUCTURE_ORGANIZATION	GOBP_EXTERNAL_ENCAPSULATING_STRUCTURE_ORGANIZATION	2/2	156/2116	0.0128205128205128	13.5641025641026	5.01398959875099	0.00540294145249299	0.101451956722841	0.0597524055886409	COL16A1/COL11A1	2
panel30	leiden	62	GOBP_DETECTION_OF_MECHANICAL_STIMULUS	GOBP_DETECTION_OF_MECHANICAL_STIMULUS	1/2	11/2116	0.0909090909090909	96.1818181818182	9.73289372375186	0.0103723962872094	0.101451956722841	0.0597524055886409	COL11A1	1
panel30	leiden	62	GOBP_PROTEOGLYCAN_METABOLIC_PROCESS	GOBP_PROTEOGLYCAN_METABOLIC_PROCESS	1/2	12/2116	0.0833333333333333	88.1666666666667	9.3118481655212	0.0113126600437063	0.101451956722841	0.0597524055886409	COL11A1	1
panel30	leiden	62	GOBP_CHONDROCYTE_DEVELOPMENT	GOBP_CHONDROCYTE_DEVELOPMENT	1/2	13/2116	0.0769230769230769	81.3846153846154	8.94010604187068	0.0122524769067824	0.101451956722841	0.0597524055886409	COL11A1	1
panel30	leiden	62	GOBP_DETECTION_OF_STIMULUS_INVOLVED_IN_SENSORY_PERCEPTION	GOBP_DETECTION_OF_STIMULUS_INVOLVED_IN_SENSORY_PERCEPTION	1/2	13/2116	0.0769230769230769	81.3846153846154	8.94010604187068	0.0122524769067824	0.101451956722841	0.0597524055886409	COL11A1	1
panel30	leiden	62	GOBP_POSITIVE_REGULATION_OF_FOCAL_ADHESION_ASSEMBLY	GOBP_POSITIVE_REGULATION_OF_FOCAL_ADHESION_ASSEMBLY	1/2	13/2116	0.0769230769230769	81.3846153846154	8.94010604187068	0.0122524769067824	0.101451956722841	0.0597524055886409	COL16A1	1
panel30	leiden	62	GOBP_VENTRICULAR_CARDIAC_MUSCLE_TISSUE_MORPHOGENESIS	GOBP_VENTRICULAR_CARDIAC_MUSCLE_TISSUE_MORPHOGENESIS	1/2	14/2116	0.0714285714285714	75.5714285714286	8.60870482867123	0.0131918468764384	0.101451956722841	0.0597524055886409	COL11A1	1
panel30	leiden	62	GOBP_SENSORY_PERCEPTION_OF_LIGHT_STIMULUS	GOBP_SENSORY_PERCEPTION_OF_LIGHT_STIMULUS	1/2	15/2116	0.0666666666666667	70.5333333333333	8.31080983204576	0.0141307699526738	0.101451956722841	0.0597524055886409	COL11A1	1
panel30	leiden	62	GOBP_POSITIVE_REGULATION_OF_CELL_SUBSTRATE_JUNCTION_ORGANIZATION	GOBP_POSITIVE_REGULATION_OF_CELL_SUBSTRATE_JUNCTION_ORGANIZATION	1/2	16/2116	0.0625	66.125	8.04110572840052	0.0150692461354892	0.101451956722841	0.0597524055886409	COL16A1	1
panel30	leiden	62	GOBP_DETECTION_OF_ABIOTIC_STIMULUS	GOBP_DETECTION_OF_ABIOTIC_STIMULUS	1/2	17/2116	0.0588235294117647	62.2352941176471	7.79538809910682	0.0160072754248839	0.101451956722841	0.0597524055886409	COL11A1	1
panel30	leiden	63	GOBP_PIECEMEAL_MICROAUTOPHAGY_OF_THE_NUCLEUS	GOBP_PIECEMEAL_MICROAUTOPHAGY_OF_THE_NUCLEUS	2/2	15/2116	0.133333333333333	141.066666666667	16.7411423366521	4.6923809140758e-05	0.00150156189250426	0.000705621190086587	ATG2A/ATG9A	2
panel30	leiden	63	GOBP_MICROAUTOPHAGY	GOBP_MICROAUTOPHAGY	2/2	16/2116	0.125	132.25	16.2056833297899	5.36272104465806e-05	0.00150156189250426	0.000705621190086587	ATG2A/ATG9A	2
panel30	leiden	63	GOBP_NUCLEOPHAGY	GOBP_NUCLEOPHAGY	2/2	20/2116	0.1	105.8	14.4809926639573	8.49097498737527e-05	0.00158498199764338	0.000744822367313621	ATG2A/ATG9A	2
panel30	leiden	63	GOBP_AUTOPHAGY_OF_MITOCHONDRION	GOBP_AUTOPHAGY_OF_MITOCHONDRION	2/2	52/2116	0.0384615384615385	40.6923076923077	8.911911536631	0.000592580675434716	0.00642334809571265	0.00301849064648151	ATG2A/ATG9A	2
panel30	leiden	63	GOBP_LIPID_LOCALIZATION	GOBP_LIPID_LOCALIZATION	2/2	55/2116	0.0363636363636364	38.4727272727273	8.65915160455733	0.000663636729276435	0.00642334809571265	0.00301849064648151	ATG2A/ATG9A	2
panel30	leiden	63	GOBP_AUTOPHAGOSOME_ORGANIZATION	GOBP_AUTOPHAGOSOME_ORGANIZATION	2/2	56/2116	0.0357142857142857	37.7857142857143	8.57940735550533	0.000688215867397784	0.00642334809571265	0.00301849064648151	ATG2A/ATG9A	2
panel30	leiden	63	GOBP_VACUOLE_ORGANIZATION	GOBP_VACUOLE_ORGANIZATION	2/2	78/2116	0.0256410256410256	27.1282051282051	7.23056909700474	0.00134202094142568	0.0107361675314054	0.0050451915091191	ATG2A/ATG9A	2
panel30	leiden	63	GOBP_MEMBRANE_ORGANIZATION	GOBP_MEMBRANE_ORGANIZATION	2/2	132/2116	0.0151515151515152	16.030303030303	5.4840519542046	0.00386384051267613	0.0270468835887329	0.0127100016864347	ATG2A/ATG9A	2
panel30	leiden	63	GOBP_MACROAUTOPHAGY	GOBP_MACROAUTOPHAGY	2/2	145/2116	0.0137931034482759	14.5931034482759	5.21527247375436	0.00466556730885251	0.0290301965884156	0.0136420096750073	ATG2A/ATG9A	2
panel30	leiden	63	GOBP_ORGANELLE_ASSEMBLY	GOBP_ORGANELLE_ASSEMBLY	2/2	184/2116	0.0108695652173913	11.5	4.58365943050249	0.00752389762565526	0.0381188170433231	0.0179129779338925	ATG2A/ATG9A	2
panel30	leiden	64	GOBP_NEGATIVE_REGULATION_OF_ENDOTHELIAL_CELL_APOPTOTIC_PROCESS	GOBP_NEGATIVE_REGULATION_OF_ENDOTHELIAL_CELL_APOPTOTIC_PROCESS	2/2	12/2116	0.166666666666667	176.333333333333	18.7305244170713	2.94949657456193e-05	0.00469707329498988	0.00265407650297902	ANGPT1/TEK	2
panel30	leiden	64	GOBP_REGULATION_OF_VASCULAR_PERMEABILITY	GOBP_REGULATION_OF_VASCULAR_PERMEABILITY	2/2	14/2116	0.142857142857143	151.142857142857	17.3328520592595	4.06673012553236e-05	0.00469707329498988	0.00265407650297902	ANGPT1/TEK	2
panel30	leiden	64	GOBP_RENAL_SYSTEM_VASCULATURE_DEVELOPMENT	GOBP_RENAL_SYSTEM_VASCULATURE_DEVELOPMENT	2/2	20/2116	0.1	105.8	14.4809926639573	8.49097498737527e-05	0.00653805074027896	0.00369431894187556	ANGPT1/TEK	2
panel30	leiden	64	GOBP_ENDOTHELIAL_CELL_APOPTOTIC_PROCESS	GOBP_ENDOTHELIAL_CELL_APOPTOTIC_PROCESS	2/2	30/2116	0.0666666666666667	70.5333333333333	11.795441930302	0.000194398637868855	0.0112265213369264	0.00634353449887842	ANGPT1/TEK	2
panel30	leiden	64	GOBP_GLOMERULUS_DEVELOPMENT	GOBP_GLOMERULUS_DEVELOPMENT	2/2	35/2116	0.0571428571428571	60.4571428571429	10.9073615764306	0.000265901585130962	0.0122846532330505	0.00694143085394512	ANGPT1/TEK	2
panel30	leiden	64	GOBP_SPROUTING_ANGIOGENESIS	GOBP_SPROUTING_ANGIOGENESIS	2/2	47/2116	0.0425531914893617	45.0212765957447	9.38531835196038	0.000483091787439614	0.0185990338164251	0.0105093652004407	ANGPT1/TEK	2
panel30	leiden	64	GOBP_POSITIVE_REGULATION_OF_ENDOTHELIAL_CELL_MIGRATION	GOBP_POSITIVE_REGULATION_OF_ENDOTHELIAL_CELL_MIGRATION	2/2	53/2116	0.0377358490566038	39.9245283018868	8.82529784652815	0.000615819133294901	0.019872233171111	0.0112287852049112	ANGPT1/TEK	2
panel30	leiden	64	GOBP_VASCULAR_PROCESS_IN_CIRCULATORY_SYSTEM	GOBP_VASCULAR_PROCESS_IN_CIRCULATORY_SYSTEM	2/2	56/2116	0.0357142857142857	37.7857142857143	8.57940735550533	0.000688215867397784	0.019872233171111	0.0112287852049112	ANGPT1/TEK	2
panel30	leiden	64	GOBP_ENDOTHELIAL_CELL_PROLIFERATION	GOBP_ENDOTHELIAL_CELL_PROLIFERATION	2/2	64/2116	0.03125	33.0625	8.00970245958065	0.000900937135502555	0.0221433455335237	0.0125120749426154	ANGPT1/TEK	2
panel30	leiden	64	GOBP_NEPHRON_DEVELOPMENT	GOBP_NEPHRON_DEVELOPMENT	2/2	66/2116	0.0303030303030303	32.0606060606061	7.88356504042582	0.000958586386732628	0.0221433455335237	0.0125120749426154	ANGPT1/TEK	2
panel30	leiden	65	GOBP_ICOSANOID_SECRETION	GOBP_ICOSANOID_SECRETION	2/2	10/2116	0.2	211.6	20.5280111832823	2.01102039174678e-05	0.000867785769044668	0.000343829961714919	TNFRSF11A/TNFSF11	2
panel30	leiden	65	GOBP_ICOSANOID_TRANSPORT	GOBP_ICOSANOID_TRANSPORT	2/2	10/2116	0.2	211.6	20.5280111832823	2.01102039174678e-05	0.000867785769044668	0.000343829961714919	TNFRSF11A/TNFSF11	2
panel30	leiden	65	GOBP_POSITIVE_REGULATION_OF_ORGANIC_ACID_TRANSPORT	GOBP_POSITIVE_REGULATION_OF_ORGANIC_ACID_TRANSPORT	2/2	10/2116	0.2	211.6	20.5280111832823	2.01102039174678e-05	0.000867785769044668	0.000343829961714919	TNFRSF11A/TNFSF11	2
panel30	leiden	65	GOBP_POSITIVE_REGULATION_OF_OSTEOCLAST_DIFFERENTIATION	GOBP_POSITIVE_REGULATION_OF_OSTEOCLAST_DIFFERENTIATION	2/2	11/2116	0.181818181818182	192.363636363636	19.5680432554897	2.45791381213494e-05	0.000867785769044668	0.000343829961714919	TNFRSF11A/TNFSF11	2
panel30	leiden	65	GOBP_LIPID_EXPORT_FROM_CELL	GOBP_LIPID_EXPORT_FROM_CELL	2/2	13/2116	0.153846153846154	162.769230769231	17.9914287139273	3.48576867902775e-05	0.000867785769044668	0.000343829961714919	TNFRSF11A/TNFSF11	2
panel30	leiden	65	GOBP_POSITIVE_REGULATION_OF_ACUTE_INFLAMMATORY_RESPONSE	GOBP_POSITIVE_REGULATION_OF_ACUTE_INFLAMMATORY_RESPONSE	2/2	13/2116	0.153846153846154	162.769230769231	17.9914287139273	3.48576867902775e-05	0.000867785769044668	0.000343829961714919	TNFRSF11A/TNFSF11	2
panel30	leiden	65	GOBP_REGULATION_OF_FATTY_ACID_TRANSPORT	GOBP_REGULATION_OF_FATTY_ACID_TRANSPORT	2/2	13/2116	0.153846153846154	162.769230769231	17.9914287139273	3.48576867902775e-05	0.000867785769044668	0.000343829961714919	TNFRSF11A/TNFSF11	2
panel30	leiden	65	GOBP_MAMMARY_GLAND_ALVEOLUS_DEVELOPMENT	GOBP_MAMMARY_GLAND_ALVEOLUS_DEVELOPMENT	2/2	14/2116	0.142857142857143	151.142857142857	17.3328520592595	4.06673012553236e-05	0.000867785769044668	0.000343829961714919	TNFRSF11A/TNFSF11	2
panel30	leiden	65	GOBP_ACUTE_PHASE_RESPONSE	GOBP_ACUTE_PHASE_RESPONSE	2/2	15/2116	0.133333333333333	141.066666666667	16.7411423366521	4.6923809140758e-05	0.000867785769044668	0.000343829961714919	TNFRSF11A/TNFSF11	2
panel30	leiden	65	GOBP_POSITIVE_REGULATION_OF_LIPID_TRANSPORT	GOBP_POSITIVE_REGULATION_OF_LIPID_TRANSPORT	2/2	16/2116	0.125	132.25	16.2056833297899	5.36272104465806e-05	0.000867785769044668	0.000343829961714919	TNFRSF11A/TNFSF11	2
panel30	leiden	66	GOBP_REGULATION_OF_LONG_TERM_SYNAPTIC_POTENTIATION	GOBP_REGULATION_OF_LONG_TERM_SYNAPTIC_POTENTIATION	1/2	11/2116	0.0909090909090909	96.1818181818182	9.73289372375186	0.0103723962872094	0.108537144663869	0.0728727343973629	PRNP	1
panel30	leiden	66	GOBP_GLUTAMATE_RECEPTOR_SIGNALING_PATHWAY	GOBP_GLUTAMATE_RECEPTOR_SIGNALING_PATHWAY	1/2	12/2116	0.0833333333333333	88.1666666666667	9.3118481655212	0.0113126600437063	0.108537144663869	0.0728727343973629	PRNP	1
panel30	leiden	66	GOBP_LONG_TERM_MEMORY	GOBP_LONG_TERM_MEMORY	1/2	12/2116	0.0833333333333333	88.1666666666667	9.3118481655212	0.0113126600437063	0.108537144663869	0.0728727343973629	PRNP	1
panel30	leiden	66	GOBP_NEGATIVE_REGULATION_OF_T_CELL_RECEPTOR_SIGNALING_PATHWAY	GOBP_NEGATIVE_REGULATION_OF_T_CELL_RECEPTOR_SIGNALING_PATHWAY	1/2	12/2116	0.0833333333333333	88.1666666666667	9.3118481655212	0.0113126600437063	0.108537144663869	0.0728727343973629	PRNP	1
panel30	leiden	66	GOBP_RESPONSE_TO_COPPER_ION	GOBP_RESPONSE_TO_COPPER_ION	1/2	12/2116	0.0833333333333333	88.1666666666667	9.3118481655212	0.0113126600437063	0.108537144663869	0.0728727343973629	PRNP	1
panel30	leiden	66	GOBP_CELLULAR_COMPONENT_MAINTENANCE	GOBP_CELLULAR_COMPONENT_MAINTENANCE	1/2	13/2116	0.0769230769230769	81.3846153846154	8.94010604187068	0.0122524769067824	0.108537144663869	0.0728727343973629	PRNP	1
panel30	leiden	66	GOBP_NEGATIVE_REGULATION_OF_ANTIGEN_RECEPTOR_MEDIATED_SIGNALING_PATHWAY	GOBP_NEGATIVE_REGULATION_OF_ANTIGEN_RECEPTOR_MEDIATED_SIGNALING_PATHWAY	1/2	13/2116	0.0769230769230769	81.3846153846154	8.94010604187068	0.0122524769067824	0.108537144663869	0.0728727343973629	PRNP	1
panel30	leiden	66	GOBP_AMYLOID_BETA_FORMATION	GOBP_AMYLOID_BETA_FORMATION	1/2	14/2116	0.0714285714285714	75.5714285714286	8.60870482867123	0.0131918468764384	0.108537144663869	0.0728727343973629	PRNP	1
panel30	leiden	66	GOBP_PROTEIN_TARGETING_TO_MEMBRANE	GOBP_PROTEIN_TARGETING_TO_MEMBRANE	1/2	14/2116	0.0714285714285714	75.5714285714286	8.60870482867123	0.0131918468764384	0.108537144663869	0.0728727343973629	PRNP	1
panel30	leiden	66	GOBP_REGULATION_OF_CALCINEURIN_MEDIATED_SIGNALING	GOBP_REGULATION_OF_CALCINEURIN_MEDIATED_SIGNALING	1/2	14/2116	0.0714285714285714	75.5714285714286	8.60870482867123	0.0131918468764384	0.108537144663869	0.0728727343973629	PRNP	1
panel30	leiden	67	GOBP_NEUROTROPHIN_TRK_RECEPTOR_SIGNALING_PATHWAY	GOBP_NEUROTROPHIN_TRK_RECEPTOR_SIGNALING_PATHWAY	1/2	10/2116	0.1	105.8	10.2152686230199	0.00943168563729213	0.151042244835027	0.117610399727347	NTRK1	1
panel30	leiden	67	GOBP_RESPONSE_TO_PAIN	GOBP_RESPONSE_TO_PAIN	1/2	10/2116	0.1	105.8	10.2152686230199	0.00943168563729213	0.151042244835027	0.117610399727347	NTRK1	1
panel30	leiden	67	GOBP_DETECTION_OF_MECHANICAL_STIMULUS	GOBP_DETECTION_OF_MECHANICAL_STIMULUS	1/2	11/2116	0.0909090909090909	96.1818181818182	9.73289372375186	0.0103723962872094	0.151042244835027	0.117610399727347	NTRK1	1
panel30	leiden	67	GOBP_POSITIVE_REGULATION_OF_SYNAPSE_ASSEMBLY	GOBP_POSITIVE_REGULATION_OF_SYNAPSE_ASSEMBLY	1/2	11/2116	0.0909090909090909	96.1818181818182	9.73289372375186	0.0103723962872094	0.151042244835027	0.117610399727347	NTRK1	1
panel30	leiden	67	GOBP_REGULATION_OF_SYNAPTIC_TRANSMISSION_GLUTAMATERGIC	GOBP_REGULATION_OF_SYNAPTIC_TRANSMISSION_GLUTAMATERGIC	1/2	11/2116	0.0909090909090909	96.1818181818182	9.73289372375186	0.0103723962872094	0.151042244835027	0.117610399727347	NTRK1	1
panel30	leiden	67	GOBP_SENSORY_PERCEPTION_OF_PAIN	GOBP_SENSORY_PERCEPTION_OF_PAIN	1/2	11/2116	0.0909090909090909	96.1818181818182	9.73289372375186	0.0103723962872094	0.151042244835027	0.117610399727347	NTRK1	1
panel30	leiden	67	GOBP_DETECTION_OF_STIMULUS_INVOLVED_IN_SENSORY_PERCEPTION	GOBP_DETECTION_OF_STIMULUS_INVOLVED_IN_SENSORY_PERCEPTION	1/2	13/2116	0.0769230769230769	81.3846153846154	8.94010604187068	0.0122524769067824	0.151042244835027	0.117610399727347	NTRK1	1
panel30	leiden	67	GOBP_MECHANORECEPTOR_DIFFERENTIATION	GOBP_MECHANORECEPTOR_DIFFERENTIATION	1/2	13/2116	0.0769230769230769	81.3846153846154	8.94010604187068	0.0122524769067824	0.151042244835027	0.117610399727347	NTRK1	1
panel30	leiden	67	GOBP_SYNAPTIC_TRANSMISSION_GLUTAMATERGIC	GOBP_SYNAPTIC_TRANSMISSION_GLUTAMATERGIC	1/2	13/2116	0.0769230769230769	81.3846153846154	8.94010604187068	0.0122524769067824	0.151042244835027	0.117610399727347	NTRK1	1
panel30	leiden	67	GOBP_POSITIVE_REGULATION_OF_GTPASE_ACTIVITY	GOBP_POSITIVE_REGULATION_OF_GTPASE_ACTIVITY	1/2	15/2116	0.0666666666666667	70.5333333333333	8.31080983204576	0.0141307699526738	0.151042244835027	0.117610399727347	NTRK1	1
panel30	leiden	68	GOBP_EOSINOPHIL_CHEMOTAXIS	GOBP_EOSINOPHIL_CHEMOTAXIS	2/2	10/2116	0.2	211.6	20.5280111832823	2.01102039174678e-05	0.00154029265560456	0.000681316460205825	CCL4/CCL3	2
panel30	leiden	68	GOBP_REGULATION_OF_LYMPHOCYTE_CHEMOTAXIS	GOBP_REGULATION_OF_LYMPHOCYTE_CHEMOTAXIS	2/2	10/2116	0.2	211.6	20.5280111832823	2.01102039174678e-05	0.00154029265560456	0.000681316460205825	CCL4/CCL3	2
panel30	leiden	68	GOBP_EOSINOPHIL_MIGRATION	GOBP_EOSINOPHIL_MIGRATION	2/2	11/2116	0.181818181818182	192.363636363636	19.5680432554897	2.45791381213494e-05	0.00154029265560456	0.000681316460205825	CCL4/CCL3	2
panel30	leiden	68	GOBP_LYMPHOCYTE_CHEMOTAXIS	GOBP_LYMPHOCYTE_CHEMOTAXIS	2/2	17/2116	0.117647058823529	124.470588235294	15.7180784054037	6.07775051727913e-05	0.00252047889098929	0.00111488148033681	CCL4/CCL3	2
panel30	leiden	68	GOBP_HOST_MEDIATED_PERTURBATION_OF_VIRAL_PROCESS	GOBP_HOST_MEDIATED_PERTURBATION_OF_VIRAL_PROCESS	2/2	18/2116	0.111111111111111	117.555555555556	15.271587385329	6.83746933193902e-05	0.00252047889098929	0.00111488148033681	CCL4/CCL3	2
panel30	leiden	68	GOBP_POSITIVE_REGULATION_OF_CALCIUM_MEDIATED_SIGNALING	GOBP_POSITIVE_REGULATION_OF_CALCIUM_MEDIATED_SIGNALING	2/2	20/2116	0.1	105.8	14.4809926639573	8.49097498737527e-05	0.00252047889098929	0.00111488148033681	CCL4/CCL3	2
panel30	leiden	68	GOBP_POSITIVE_REGULATION_OF_LYMPHOCYTE_MIGRATION	GOBP_POSITIVE_REGULATION_OF_LYMPHOCYTE_MIGRATION	2/2	21/2116	0.0952380952380952	100.761904761905	14.1286302112951	9.38476182815161e-05	0.00252047889098929	0.00111488148033681	CCL4/CCL3	2
panel30	leiden	68	GOBP_RESPONSE_TO_CHEMOKINE	GOBP_RESPONSE_TO_CHEMOKINE	2/2	24/2116	0.0833333333333333	88.1666666666667	13.2066573905874	0.000123342584027135	0.00289855072463768	0.00128211370238733	CCL4/CCL3	2
panel30	leiden	68	GOBP_REGULATION_OF_LYMPHOCYTE_MIGRATION	GOBP_REGULATION_OF_LYMPHOCYTE_MIGRATION	2/2	27/2116	0.0740740740740741	78.3703703703704	12.4424249574012	0.000156859590556248	0.00320553212802741	0.00141790054935143	CCL4/CCL3	2
panel30	leiden	68	GOBP_REGULATION_OF_CALCIUM_MEDIATED_SIGNALING	GOBP_REGULATION_OF_CALCIUM_MEDIATED_SIGNALING	2/2	30/2116	0.0666666666666667	70.5333333333333	11.795441930302	0.000194398637868855	0.00320553212802741	0.00141790054935143	CCL4/CCL3	2
panel30	leiden	69	GOBP_CYTOPLASMIC_TRANSLATION	GOBP_CYTOPLASMIC_TRANSLATION	48/57	58/2116	0.827586206896552	30.7223230490018	38.1802266455192	2.26673473158917e-78	1.10843328374711e-75	1.10843328374711e-75	RPS18/EIF3C/RPS23/RPS21/RPS13/RPSA/EIF3B/RPS11/DHX9/RPS9/RPS4X/RPS28/EIF3M/RPS12/EIF2S3/RPS14/EIF4G1/RPS27/EIF3L/RPS5/RPS24/EIF3A/FAU/RPS19/EIF3F/EIF4A1/EIF2S2/EIF3D/EIF3J/EIF3E/RPS15A/EIF3K/RPS8/RPS15/EIF3H/RPS17/RPS25/RPS20/RPS3/RPS3A/RPS10/RPS2/EIF3G/RPS26/RPS7/RPS29/RPS16/EIF3I	48
panel30	leiden	69	GOBP_TRANSLATION	GOBP_TRANSLATION	54/57	119/2116	0.453781512605042	16.8456435205661	29.5977549387027	9.40893519920469e-70	2.30048465620555e-67	2.30048465620555e-67	RPS18/EIF3C/RPS23/RPS21/RPS13/RPSA/EIF3B/RPS11/DHX9/RPS9/RPS4X/RPS28/EIF3M/RPS12/EIF4G2/EIF2S3/RPS14/EIF4G1/RPS27/EIF3L/RPS5/RPS24/EIF3A/TARBP2/FAU/RPS19/EIF3F/EIF4A1/RPS27L/EIF2S2/EIF3D/EIF3J/EIF3E/RPS15A/EIF3K/RPS8/RPS15/EIF3H/RPS17/RPS25/RPS20/RPS3/RPS3A/EIF1AX/RPS10/EIF4G3/RPS2/EIF3G/RPS26/EIF4A3/RPS7/RPS29/RPS16/EIF3I	54
panel30	leiden	69	GOBP_RIBONUCLEOPROTEIN_COMPLEX_BIOGENESIS	GOBP_RIBONUCLEOPROTEIN_COMPLEX_BIOGENESIS	44/57	63/2116	0.698412698412698	25.9270398217767	33.4126520355868	2.64745214680858e-64	4.31534699929798e-62	4.31534699929798e-62	EIF3C/RPS23/RPS21/RPS13/RPSA/EIF3B/RPS11/DHX9/RPS9/RPS4X/RPS28/EIF3M/RPS12/EIF2S3/RPS14/ADAR/RPS27/EIF3L/RPS5/RPS24/EIF3A/TARBP2/FAU/RPS19/EIF3F/RPS27L/EIF2S2/EIF3D/EIF3J/EIF3E/RPS15A/EIF3K/RPS8/RPS15/EIF3H/RPS17/RPS25/RPS3A/EIF1AX/EIF3G/EIF4A3/RPS7/RPS16/EIF3I	44
panel30	leiden	69	GOBP_RIBOSOMAL_SMALL_SUBUNIT_BIOGENESIS	GOBP_RIBOSOMAL_SMALL_SUBUNIT_BIOGENESIS	24/57	28/2116	0.857142857142857	31.8195488721805	27.3089175493714	1.57847765273192e-36	1.92968893046477e-34	1.92968893046477e-34	RPS23/RPS21/RPS13/RPSA/RPS11/RPS9/RPS4X/RPS28/RPS12/RPS14/RPS27/RPS5/RPS24/FAU/RPS19/RPS27L/RPS15A/RPS8/RPS15/RPS17/RPS25/RPS3A/RPS7/RPS16	24
panel30	leiden	69	GOBP_RIBOSOME_BIOGENESIS	GOBP_RIBOSOME_BIOGENESIS	26/57	36/2116	0.722222222222222	26.8109161793372	25.9828893432094	4.35349094989317e-36	4.25771414899552e-34	4.25771414899552e-34	RPS23/RPS21/RPS13/RPSA/RPS11/RPS9/RPS4X/RPS28/RPS12/RPS14/RPS27/RPS5/RPS24/FAU/RPS19/RPS27L/RPS15A/RPS8/RPS15/RPS17/RPS25/RPS3A/EIF1AX/EIF4A3/RPS7/RPS16	26
panel30	leiden	69	GOBP_PROTEIN_RNA_COMPLEX_ORGANIZATION	GOBP_PROTEIN_RNA_COMPLEX_ORGANIZATION	26/57	39/2116	0.666666666666667	24.7485380116959	24.9009189510413	1.33209360005217e-34	1.08565628404252e-32	1.08565628404252e-32	EIF3C/RPSA/EIF3B/DHX9/RPS28/EIF3M/EIF2S3/RPS14/ADAR/RPS27/EIF3L/EIF3A/TARBP2/FAU/RPS19/EIF3F/RPS27L/EIF2S2/EIF3D/EIF3J/EIF3E/EIF3K/RPS15/EIF3H/EIF3G/EIF3I	26
panel30	leiden	69	GOBP_TRANSLATIONAL_INITIATION	GOBP_TRANSLATIONAL_INITIATION	24/57	51/2116	0.470588235294118	17.46955624355	19.8048427339262	1.2432016635053e-26	8.68465162077276e-25	8.68465162077275e-25	EIF3C/EIF3B/EIF3M/EIF4G2/EIF2S3/EIF4G1/EIF3L/RPS5/EIF3A/EIF3F/EIF4A1/EIF2S2/EIF3D/EIF3J/EIF3E/EIF3K/EIF3H/RPS17/RPS3/RPS3A/EIF1AX/EIF4G3/EIF3G/EIF3I	24
panel30	leiden	69	GOBP_CYTOPLASMIC_TRANSLATIONAL_INITIATION	GOBP_CYTOPLASMIC_TRANSLATIONAL_INITIATION	18/57	23/2116	0.782608695652174	29.0526315789474	22.501804767547	9.09336209282142e-26	5.55831757923709e-24	5.55831757923709e-24	EIF3C/EIF3B/EIF3M/EIF2S3/EIF4G1/EIF3L/EIF3A/EIF3F/EIF4A1/EIF2S2/EIF3D/EIF3J/EIF3E/EIF3K/EIF3H/RPS3/EIF3G/EIF3I	18
panel30	leiden	69	GOBP_FORMATION_OF_CYTOPLASMIC_TRANSLATION_INITIATION_COMPLEX	GOBP_FORMATION_OF_CYTOPLASMIC_TRANSLATION_INITIATION_COMPLEX	13/57	13/2116	1	37.1228070175439	21.7319136703872	9.27857333240967e-22	5.04135817727592e-20	5.04135817727592e-20	EIF3C/EIF3B/EIF3M/EIF3L/EIF3A/EIF3F/EIF3D/EIF3J/EIF3E/EIF3K/EIF3H/EIF3G/EIF3I	13
panel30	leiden	69	GOBP_RRNA_PROCESSING	GOBP_RRNA_PROCESSING	13/57	19/2116	0.68421052631579	25.3998153277932	17.7716832869369	2.2376686305352e-17	1.09421996033171e-15	1.09421996033171e-15	RPS21/RPS28/RPS14/RPS27/RPS24/RPS19/RPS8/RPS15/RPS17/RPS25/EIF4A3/RPS7/RPS16	13
panel30	leiden	70	GOBP_ESTABLISHMENT_OF_RNA_LOCALIZATION	GOBP_ESTABLISHMENT_OF_RNA_LOCALIZATION	24/29	42/2116	0.571428571428571	41.6945812807882	31.3942284113148	4.38979327855248e-40	1.53203785421482e-37	1.53203785421482e-37	NUP35/NUP160/NUP58/NUP54/NUP205/NDC1/NUP210/NUP107/NUP62/NUP43/RANBP2/NUP37/NUP153/NUP188/POM121/NUP88/NUP98/NUP155/NUP85/NUP133/POM121C/KPNB1/NUP214/NUP50	24
panel30	leiden	70	GOBP_RNA_LOCALIZATION	GOBP_RNA_LOCALIZATION	24/29	44/2116	0.545454545454545	39.7993730407524	30.6513163794786	2.17555158873093e-39	3.08474768470708e-37	3.08474768470708e-37	NUP35/NUP160/NUP58/NUP54/NUP205/NDC1/NUP210/NUP107/NUP62/NUP43/RANBP2/NUP37/NUP153/NUP188/POM121/NUP88/NUP98/NUP155/NUP85/NUP133/POM121C/KPNB1/NUP214/NUP50	24
panel30	leiden	70	GOBP_MRNA_TRANSPORT	GOBP_MRNA_TRANSPORT	23/29	37/2116	0.621621621621622	45.3569431500466	32.0795440387903	2.65164557424678e-39	3.08474768470708e-37	3.08474768470708e-37	NUP35/NUP160/NUP58/NUP54/NUP205/NDC1/NUP210/NUP107/NUP62/NUP43/RANBP2/NUP37/NUP153/NUP188/POM121/NUP88/NUP98/NUP155/NUP85/NUP133/POM121C/NUP214/NUP50	23
panel30	leiden	70	GOBP_NUCLEOBASE_CONTAINING_COMPOUND_TRANSPORT	GOBP_NUCLEOBASE_CONTAINING_COMPOUND_TRANSPORT	24/29	45/2116	0.533333333333333	38.9149425287356	30.298391271066	4.65110132628109e-39	4.05808590718025e-37	4.05808590718025e-37	NUP35/NUP160/NUP58/NUP54/NUP205/NDC1/NUP210/NUP107/NUP62/NUP43/RANBP2/NUP37/NUP153/NUP188/POM121/NUP88/NUP98/NUP155/NUP85/NUP133/POM121C/KPNB1/NUP214/NUP50	24
panel30	leiden	70	GOBP_NUCLEAR_TRANSPORT	GOBP_NUCLEAR_TRANSPORT	29/29	116/2116	0.25	18.2413793103448	22.5101797766988	7.0880748955769e-39	4.94747627711268e-37	4.94747627711268e-37	NUP35/NUP160/NUP58/KPNA3/NUP54/KPNA1/NUP205/NDC1/NUP210/NUP107/NUP62/NUP43/RANBP2/NUP37/NUP153/NUP188/POM121/SUMO1/NUP88/NUP98/NUP155/KPNA4/NUP85/NUP133/KPNA2/POM121C/KPNB1/NUP214/NUP50	29
panel30	leiden	70	GOBP_IMPORT_INTO_NUCLEUS	GOBP_IMPORT_INTO_NUCLEUS	23/29	77/2116	0.298701298701299	21.794894760412	21.9071779896438	9.44614374643762e-30	5.49450694584455e-28	5.49450694584455e-28	NUP35/NUP58/KPNA3/NUP54/KPNA1/NUP107/NUP62/RANBP2/NUP153/NUP188/POM121/SUMO1/NUP88/NUP98/NUP155/KPNA4/NUP85/NUP133/KPNA2/POM121C/KPNB1/NUP214/NUP50	23
panel30	leiden	70	GOBP_INTRACELLULAR_TRANSPORT	GOBP_INTRACELLULAR_TRANSPORT	29/29	229/2116	0.126637554585153	9.24017467248908	15.5618480052448	1.88329045066117e-29	9.38954810401067e-28	9.38954810401067e-28	NUP35/NUP160/NUP58/KPNA3/NUP54/KPNA1/NUP205/NDC1/NUP210/NUP107/NUP62/NUP43/RANBP2/NUP37/NUP153/NUP188/POM121/SUMO1/NUP88/NUP98/NUP155/KPNA4/NUP85/NUP133/KPNA2/POM121C/KPNB1/NUP214/NUP50	29
panel30	leiden	70	GOBP_PROTEIN_TRANSPORT	GOBP_PROTEIN_TRANSPORT	29/29	254/2116	0.114173228346457	8.33070866141732	14.6779681264816	4.59426280700706e-28	2.00424714955683e-26	2.00424714955683e-26	NUP35/NUP160/NUP58/KPNA3/NUP54/KPNA1/NUP205/NDC1/NUP210/NUP107/NUP62/NUP43/RANBP2/NUP37/NUP153/NUP188/POM121/SUMO1/NUP88/NUP98/NUP155/KPNA4/NUP85/NUP133/KPNA2/POM121C/KPNB1/NUP214/NUP50	29
panel30	leiden	70	GOBP_NITROGEN_COMPOUND_TRANSPORT	GOBP_NITROGEN_COMPOUND_TRANSPORT	29/29	295/2116	0.0983050847457627	7.1728813559322	13.4690487615324	4.47349893172443e-26	1.73472347463536e-24	1.73472347463536e-24	NUP35/NUP160/NUP58/KPNA3/NUP54/KPNA1/NUP205/NDC1/NUP210/NUP107/NUP62/NUP43/RANBP2/NUP37/NUP153/NUP188/POM121/SUMO1/NUP88/NUP98/NUP155/KPNA4/NUP85/NUP133/KPNA2/POM121C/KPNB1/NUP214/NUP50	29
panel30	leiden	70	GOBP_ESTABLISHMENT_OF_PROTEIN_LOCALIZATION	GOBP_ESTABLISHMENT_OF_PROTEIN_LOCALIZATION	29/29	310/2116	0.0935483870967742	6.8258064516129	13.0849174268654	2.02383912501985e-25	7.06319854631927e-24	7.06319854631927e-24	NUP35/NUP160/NUP58/KPNA3/NUP54/KPNA1/NUP205/NDC1/NUP210/NUP107/NUP62/NUP43/RANBP2/NUP37/NUP153/NUP188/POM121/SUMO1/NUP88/NUP98/NUP155/KPNA4/NUP85/NUP133/KPNA2/POM121C/KPNB1/NUP214/NUP50	29
panel30	leiden	71	GOBP_INTERSTRAND_CROSS_LINK_REPAIR	GOBP_INTERSTRAND_CROSS_LINK_REPAIR	10/10	16/2116	0.625	132.25	36.3057705380147	1.64960611517661e-23	1.33618095329305e-21	8.33485195036603e-22	CENPX/FAAP20/FANCA/FAAP100/FANCL/FANCM/CENPS/FANCG/FANCE/FAAP24	10
panel30	leiden	71	GOBP_DNA_REPAIR	GOBP_DNA_REPAIR	10/10	160/2116	0.0625	13.225	11.0802723746953	4.68442176665143e-12	1.89719081549383e-10	1.18343286736457e-10	CENPX/FAAP20/FANCA/FAAP100/FANCL/FANCM/CENPS/FANCG/FANCE/FAAP24	10
panel30	leiden	71	GOBP_DNA_METABOLIC_PROCESS	GOBP_DNA_METABOLIC_PROCESS	10/10	252/2116	0.0396825396825397	8.3968253968254	8.61883737041667	4.89274637749665e-10	1.3210415219241e-08	8.24041495157331e-09	CENPX/FAAP20/FANCA/FAAP100/FANCL/FANCM/CENPS/FANCG/FANCE/FAAP24	10
panel30	leiden	71	GOBP_DNA_DAMAGE_RESPONSE	GOBP_DNA_DAMAGE_RESPONSE	10/10	277/2116	0.036101083032491	7.63898916967509	8.16539093875085	1.28090508124906e-09	2.59383278952935e-08	1.61798536578829e-08	CENPX/FAAP20/FANCA/FAAP100/FANCL/FANCM/CENPS/FANCG/FANCE/FAAP24	10
panel30	leiden	71	GOBP_SEXUAL_REPRODUCTION	GOBP_SEXUAL_REPRODUCTION	6/10	186/2116	0.032258064516129	6.8258064516129	5.73138881984913	6.64139598705124e-05	0.0010759061499023	0.000671130541849388	CENPX/FANCA/FANCL/FANCM/CENPS/FANCG	6
panel30	leiden	71	GOBP_REPRODUCTIVE_PROCESS	GOBP_REPRODUCTIVE_PROCESS	7/10	297/2116	0.0235690235690236	4.98720538720539	5.10571401333234	8.25165493875008e-05	0.00109356044662006	0.000682142968651891	CENPX/FANCA/FANCL/FANCM/CENPS/FANCG/FANCE	7
panel30	leiden	71	GOBP_MEIOTIC_CELL_CYCLE_PROCESS	GOBP_MEIOTIC_CELL_CYCLE_PROCESS	4/10	58/2116	0.0689655172413793	14.5931034482759	7.23162564237983	9.45052237819807e-05	0.00109356044662006	0.000682142968651891	CENPX/FANCA/FANCM/CENPS	4
panel30	leiden	71	GOBP_HOMOLOGOUS_RECOMBINATION	GOBP_HOMOLOGOUS_RECOMBINATION	3/10	23/2116	0.130434782608696	27.6	8.83663553325959	0.000128223768145206	0.00129826565247021	0.000809834325127618	CENPX/FANCM/CENPS	3
panel30	leiden	71	GOBP_DNA_TEMPLATED_DNA_REPLICATION_MAINTENANCE_OF_FIDELITY	GOBP_DNA_TEMPLATED_DNA_REPLICATION_MAINTENANCE_OF_FIDELITY	3/10	26/2116	0.115384615384615	24.4153846153846	8.27638774849097	0.000186839082045846	0.00168155173841262	0.00104892116236265	CENPX/FANCM/CENPS	3
panel30	leiden	71	GOBP_POSITIVE_REGULATION_OF_PROTEIN_UBIQUITINATION	GOBP_POSITIVE_REGULATION_OF_PROTEIN_UBIQUITINATION	3/10	38/2116	0.0789473684210526	16.7052631578947	6.7303902532609	0.000588285518866439	0.00476511270281815	0.00297238999006201	CENPX/FANCM/CENPS	3
panel30	leiden	72	GOBP_DEFENSE_RESPONSE_TO_OTHER_ORGANISM	GOBP_DEFENSE_RESPONSE_TO_OTHER_ORGANISM	5/5	353/2116	0.0141643059490085	5.9943342776204	5.0018985019961	0.000126180872963425	0.00825067369838815	0.00644583882686574	HERC5/OASL/UBA7/UBE2L6/ISG15	5
panel30	leiden	72	GOBP_MODIFICATION_DEPENDENT_MACROMOLECULE_CATABOLIC_PROCESS	GOBP_MODIFICATION_DEPENDENT_MACROMOLECULE_CATABOLIC_PROCESS	4/5	165/2116	0.0242424242424242	10.2593939393939	6.02687203234326	0.000167819529955365	0.00825067369838815	0.00644583882686574	HERC5/UBA7/UBE2L6/ISG15	4
panel30	leiden	72	GOBP_PROTEIN_MODIFICATION_BY_SMALL_PROTEIN_CONJUGATION	GOBP_PROTEIN_MODIFICATION_BY_SMALL_PROTEIN_CONJUGATION	4/5	171/2116	0.0233918128654971	9.89941520467836	5.90603196439894	0.000193375164805972	0.00825067369838815	0.00644583882686574	HERC5/UBA7/UBE2L6/ISG15	4
panel30	leiden	72	GOBP_POST_TRANSLATIONAL_PROTEIN_MODIFICATION	GOBP_POST_TRANSLATIONAL_PROTEIN_MODIFICATION	4/5	195/2116	0.0205128205128205	8.68102564102564	5.4773300286625	0.000325251438867713	0.00957087592663152	0.00747724681768087	HERC5/UBA7/UBE2L6/ISG15	4
panel30	leiden	72	GOBP_PROTEOLYSIS_INVOLVED_IN_PROTEIN_CATABOLIC_PROCESS	GOBP_PROTEOLYSIS_INVOLVED_IN_PROTEIN_CATABOLIC_PROCESS	4/5	202/2116	0.0198019801980198	8.38019801980198	5.36622408308473	0.000373862340884044	0.00957087592663152	0.00747724681768087	HERC5/UBA7/UBE2L6/ISG15	4
panel30	leiden	72	GOBP_NEGATIVE_REGULATION_OF_VIRAL_GENOME_REPLICATION	GOBP_NEGATIVE_REGULATION_OF_VIRAL_GENOME_REPLICATION	2/5	22/2116	0.0909090909090909	38.4727272727273	8.59675154567088	0.00101292214230412	0.0201625997144301	0.0157520310268985	OASL/ISG15	2
panel30	leiden	72	GOBP_PROTEIN_CATABOLIC_PROCESS	GOBP_PROTEIN_CATABOLIC_PROCESS	4/5	266/2116	0.0150375939849624	6.36390977443609	4.55231692703855	0.0011026421718829	0.0201625997144301	0.0157520310268985	HERC5/UBA7/UBE2L6/ISG15	4
panel30	leiden	72	GOBP_DEFENSE_RESPONSE_TO_VIRUS	GOBP_DEFENSE_RESPONSE_TO_VIRUS	3/5	120/2116	0.025	10.58	5.25741106686136	0.00163638244123621	0.0251515300403113	0.0196496328439932	HERC5/OASL/ISG15	3
panel30	leiden	72	GOBP_NEGATIVE_REGULATION_OF_VIRAL_PROCESS	GOBP_NEGATIVE_REGULATION_OF_VIRAL_PROCESS	2/5	29/2116	0.0689655172413793	29.1862068965517	7.43653251676898	0.00176846695595939	0.0251515300403113	0.0196496328439932	OASL/ISG15	2
panel30	leiden	72	GOBP_REGULATION_OF_VIRAL_GENOME_REPLICATION	GOBP_REGULATION_OF_VIRAL_GENOME_REPLICATION	2/5	31/2116	0.0645161290322581	27.3032258064516	7.17848673036548	0.00202160531169932	0.0258765479897514	0.0202160531169932	OASL/ISG15	2
panel30	leiden	73	GOBP_CEREBRAL_CORTEX_DEVELOPMENT	GOBP_CEREBRAL_CORTEX_DEVELOPMENT	2/2	30/2116	0.0666666666666667	70.5333333333333	11.795441930302	0.000194398637868855	0.00464173299309847	0.00270017708739801	TUBB2B/TUBB2A	2
panel30	leiden	73	GOBP_NEURON_MIGRATION	GOBP_NEURON_MIGRATION	2/2	38/2116	0.0526315789473684	55.6842105263158	10.4604089954047	0.000314166074532885	0.00464173299309847	0.00270017708739801	TUBB2B/TUBB2A	2
panel30	leiden	73	GOBP_PALLIUM_DEVELOPMENT	GOBP_PALLIUM_DEVELOPMENT	2/2	41/2116	0.0487804878048781	51.609756097561	10.0631701147836	0.000366452604718301	0.00464173299309847	0.00270017708739801	TUBB2B/TUBB2A	2
panel30	leiden	73	GOBP_TELENCEPHALON_DEVELOPMENT	GOBP_TELENCEPHALON_DEVELOPMENT	2/2	56/2116	0.0357142857142857	37.7857142857143	8.57940735550533	0.000688215867397784	0.00653805074027895	0.0038032982145667	TUBB2B/TUBB2A	2
panel30	leiden	73	GOBP_FOREBRAIN_DEVELOPMENT	GOBP_FOREBRAIN_DEVELOPMENT	2/2	88/2116	0.0227272727272727	24.0454545454545	6.79063412293136	0.00171070801324592	0.013001380900669	0.00756313016382407	TUBB2B/TUBB2A	2
panel30	leiden	73	GOBP_MICROTUBULE_CYTOSKELETON_ORGANIZATION	GOBP_MICROTUBULE_CYTOSKELETON_ORGANIZATION	2/2	125/2116	0.016	16.928	5.64544675498644	0.00346342400800833	0.0219350187173861	0.0127599831873991	TUBB2B/TUBB2A	2
panel30	leiden	73	GOBP_HEAD_DEVELOPMENT	GOBP_HEAD_DEVELOPMENT	2/2	167/2116	0.0119760479041916	12.6706586826347	4.83242782352773	0.00619438970000045	0.0294233510750021	0.0171160768026328	TUBB2B/TUBB2A	2
panel30	leiden	73	GOBP_MICROTUBULE_BASED_PROCESS	GOBP_MICROTUBULE_BASED_PROCESS	2/2	167/2116	0.0119760479041916	12.6706586826347	4.83242782352773	0.00619438970000045	0.0294233510750021	0.0171160768026328	TUBB2B/TUBB2A	2
panel30	leiden	73	GOBP_CENTRAL_NERVOUS_SYSTEM_DEVELOPMENT	GOBP_CENTRAL_NERVOUS_SYSTEM_DEVELOPMENT	2/2	209/2116	0.00956937799043062	10.1244019138756	4.27287212367578	0.0097136753855573	0.041013296072353	0.0238581500697899	TUBB2B/TUBB2A	2
panel30	leiden	73	GOBP_CYTOSKELETON_ORGANIZATION	GOBP_CYTOSKELETON_ORGANIZATION	2/2	267/2116	0.00749063670411985	7.9250936329588	3.72246409190513	0.0158696322514044	0.0603046025553365	0.0350802397136307	TUBB2B/TUBB2A	2
panel30	leiden	74	GOBP_RESPIRATORY_BURST	GOBP_RESPIRATORY_BURST	4/4	17/2116	0.235294117647059	124.470588235294	22.2392421267977	2.85731212203192e-09	5.08601557721682e-07	4.03031394055029e-07	NCF4/CYBA/NCF1/NCF2	4
panel30	leiden	74	GOBP_SUPEROXIDE_ANION_GENERATION	GOBP_SUPEROXIDE_ANION_GENERATION	4/4	22/2116	0.181818181818182	96.1818181818182	19.5260871275429	8.78203284565693e-09	7.81600923263467e-07	6.19364421746331e-07	NCF4/CYBA/NCF1/NCF2	4
panel30	leiden	74	GOBP_SUPEROXIDE_METABOLIC_PROCESS	GOBP_SUPEROXIDE_METABOLIC_PROCESS	4/4	34/2116	0.117647058823529	62.2352941176471	15.6617082171159	5.56767676350221e-08	3.30348821301131e-06	2.61778486424314e-06	NCF4/CYBA/NCF1/NCF2	4
panel30	leiden	74	GOBP_REACTIVE_OXYGEN_SPECIES_METABOLIC_PROCESS	GOBP_REACTIVE_OXYGEN_SPECIES_METABOLIC_PROCESS	4/4	88/2116	0.0454545454545455	24.0454545454545	9.60795286543719	2.79955359842228e-06	0.000124580135129791	9.87211005759435e-05	NCF4/CYBA/NCF1/NCF2	4
panel30	leiden	74	GOBP_PHAGOCYTOSIS	GOBP_PHAGOCYTOSIS	3/4	68/2116	0.0441176470588235	23.3382352941176	8.14660324657825	0.000124199377880158	0.00442149785253363	0.00350372981809288	NCF4/CYBA/NCF2	3
panel30	leiden	74	GOBP_CELLULAR_DEFENSE_RESPONSE	GOBP_CELLULAR_DEFENSE_RESPONSE	2/4	13/2116	0.153846153846154	81.3846153846154	12.6492041696431	0.000207697666388966	0.00616169743620599	0.00488271706949499	NCF1/NCF2	2
panel30	leiden	74	GOBP_HYDROGEN_PEROXIDE_METABOLIC_PROCESS	GOBP_HYDROGEN_PEROXIDE_METABOLIC_PROCESS	2/4	20/2116	0.1	52.9	10.1467028273209	0.000503692125234158	0.0128081711845257	0.0101495856814101	CYBA/NCF1	2
panel30	leiden	74	GOBP_REACTIVE_OXYGEN_SPECIES_BIOSYNTHETIC_PROCESS	GOBP_REACTIVE_OXYGEN_SPECIES_BIOSYNTHETIC_PROCESS	2/4	22/2116	0.0909090909090909	48.0909090909091	9.66047099528866	0.000611607390797439	0.013608264445243	0.0107836039956391	CYBA/NCF1	2
panel30	leiden	74	GOBP_ENDOCYTOSIS	GOBP_ENDOCYTOSIS	3/4	152/2116	0.0197368421052632	10.4407894736842	5.25651114992452	0.00137861378082494	0.0272659169985377	0.0216063446351511	NCF4/CYBA/NCF2	3
panel30	leiden	74	GOBP_CELLULAR_RESPONSE_TO_KETONE	GOBP_CELLULAR_RESPONSE_TO_KETONE	2/4	38/2116	0.0526315789473684	27.8421052631579	7.26480273940487	0.00184246200552215	0.0327958236982943	0.0259884114463124	CYBA/NCF1	2
panel30	leiden	75	GOBP_RETINOIC_ACID_RECEPTOR_SIGNALING_PATHWAY	GOBP_RETINOIC_ACID_RECEPTOR_SIGNALING_PATHWAY	2/2	14/2116	0.142857142857143	151.142857142857	17.3328520592595	4.06673012553236e-05	0.00707879177894864	0.00392325381688142	SP100/PML	2
panel30	leiden	75	GOBP_MAINTENANCE_OF_PROTEIN_LOCATION	GOBP_MAINTENANCE_OF_PROTEIN_LOCATION	2/2	16/2116	0.125	132.25	16.2056833297899	5.36272104465806e-05	0.00707879177894864	0.00392325381688142	SP100/PML	2
panel30	leiden	75	GOBP_DNA_DAMAGE_RESPONSE_SIGNAL_TRANSDUCTION_BY_P53_CLASS_MEDIATOR	GOBP_DNA_DAMAGE_RESPONSE_SIGNAL_TRANSDUCTION_BY_P53_CLASS_MEDIATOR	2/2	34/2116	0.0588235294117647	62.2352941176471	11.0692601985097	0.000250707208837764	0.0220622343777233	0.0122274743959471	SP100/PML	2
panel30	leiden	75	GOBP_NUCLEAR_RECEPTOR_MEDIATED_SIGNALING_PATHWAY	GOBP_NUCLEAR_RECEPTOR_MEDIATED_SIGNALING_PATHWAY	2/2	50/2116	0.04	42.32	9.09280439518843	0.000547444439975511	0.028905066430707	0.0160199530855992	SP100/PML	2
panel30	leiden	75	GOBP_TELOMERE_ORGANIZATION	GOBP_TELOMERE_ORGANIZATION	2/2	50/2116	0.04	42.32	9.09280439518843	0.000547444439975511	0.028905066430707	0.0160199530855992	SP100/PML	2
panel30	leiden	75	GOBP_HORMONE_MEDIATED_SIGNALING_PATHWAY	GOBP_HORMONE_MEDIATED_SIGNALING_PATHWAY	2/2	55/2116	0.0363636363636364	38.4727272727273	8.65915160455733	0.000663636729276435	0.0292000160881632	0.0161834219946359	SP100/PML	2
panel30	leiden	75	GOBP_SIGNAL_TRANSDUCTION_BY_P53_CLASS_MEDIATOR	GOBP_SIGNAL_TRANSDUCTION_BY_P53_CLASS_MEDIATOR	2/2	66/2116	0.0303030303030303	32.0606060606061	7.88356504042582	0.000958586386732628	0.0361524008710591	0.0200366177076444	SP100/PML	2
panel30	leiden	75	GOBP_MAINTENANCE_OF_LOCATION	GOBP_MAINTENANCE_OF_LOCATION	2/2	73/2116	0.0273972602739726	28.986301369863	7.48325329292255	0.00117443590878012	0.0387563849897438	0.0214798146474258	SP100/PML	2
panel30	leiden	75	GOBP_SIGNAL_TRANSDUCTION_IN_RESPONSE_TO_DNA_DAMAGE	GOBP_SIGNAL_TRANSDUCTION_IN_RESPONSE_TO_DNA_DAMAGE	2/2	88/2116	0.0227272727272727	24.0454545454545	6.79063412293136	0.00171070801324592	0.050180768388547	0.0278115103907816	SP100/PML	2
panel30	leiden	75	GOBP_REGULATION_OF_EXTRINSIC_APOPTOTIC_SIGNALING_PATHWAY	GOBP_REGULATION_OF_EXTRINSIC_APOPTOTIC_SIGNALING_PATHWAY	2/2	96/2116	0.0208333333333333	22.0416666666667	6.48870097190059	0.00203783399697006	0.0537988175200097	0.0298167290082988	SP100/PML	2
panel30	leiden	76	GOBP_CELLULAR_RESPONSE_TO_OXYGEN_RADICAL	GOBP_CELLULAR_RESPONSE_TO_OXYGEN_RADICAL	4/5	11/2116	0.363636363636364	153.890909090909	24.7370568327893	1.97565725244486e-09	5.28781324583533e-07	3.72633750775363e-07	CCS/ATP7A/SOD2/SOD1	4
panel30	leiden	76	GOBP_RESPONSE_TO_OXYGEN_RADICAL	GOBP_RESPONSE_TO_OXYGEN_RADICAL	4/5	12/2116	0.333333333333333	141.066666666667	23.6754705848137	2.96236036181251e-09	5.28781324583533e-07	3.72633750775363e-07	CCS/ATP7A/SOD2/SOD1	4
panel30	leiden	76	GOBP_CELLULAR_OXIDANT_DETOXIFICATION	GOBP_CELLULAR_OXIDANT_DETOXIFICATION	4/5	31/2116	0.129032258064516	54.6064516129032	14.6298862503328	1.86945041243527e-07	2.21778137959843e-05	1.56287704474134e-05	CCS/ATP7A/SOD2/SOD1	4
panel30	leiden	76	GOBP_SUPEROXIDE_METABOLIC_PROCESS	GOBP_SUPEROXIDE_METABOLIC_PROCESS	4/5	34/2116	0.117647058823529	49.7882352941177	13.9543713765963	2.75220385468575e-07	2.21778137959843e-05	1.56287704474134e-05	CCS/ATP7A/SOD2/SOD1	4
panel30	leiden	76	GOBP_DETOXIFICATION	GOBP_DETOXIFICATION	4/5	35/2116	0.114285714285714	48.3657142857143	13.7485894754788	3.1061363859922e-07	2.21778137959843e-05	1.56287704474134e-05	CCS/ATP7A/SOD2/SOD1	4
panel30	leiden	76	GOBP_CELLULAR_RESPONSE_TO_TOXIC_SUBSTANCE	GOBP_CELLULAR_RESPONSE_TO_TOXIC_SUBSTANCE	4/5	37/2116	0.108108108108108	45.7513513513514	13.3621346226061	3.91496406220279e-07	2.32940361701066e-05	1.64153756292363e-05	CCS/ATP7A/SOD2/SOD1	4
panel30	leiden	76	GOBP_CELLULAR_RESPONSE_TO_REACTIVE_OXYGEN_SPECIES	GOBP_CELLULAR_RESPONSE_TO_REACTIVE_OXYGEN_SPECIES	4/5	61/2116	0.0655737704918033	27.7508196721312	10.3155448006242	3.06493352181626e-06	0.000129496719577743	9.12567182045718e-05	CCS/ATP7A/SOD2/SOD1	4
panel30	leiden	76	GOBP_RESPONSE_TO_TOXIC_SUBSTANCE	GOBP_RESPONSE_TO_TOXIC_SUBSTANCE	4/5	61/2116	0.0655737704918033	27.7508196721312	10.3155448006242	3.06493352181626e-06	0.000129496719577743	9.12567182045718e-05	CCS/ATP7A/SOD2/SOD1	4
panel30	leiden	76	GOBP_RESPONSE_TO_OXIDATIVE_STRESS	GOBP_RESPONSE_TO_OXIDATIVE_STRESS	5/5	171/2116	0.0292397660818713	12.374269005848	7.54845063132865	3.26462318263217e-06	0.000129496719577743	9.12567182045718e-05	ATOX1/CCS/ATP7A/SOD2/SOD1	5
panel30	leiden	76	GOBP_RESPONSE_TO_REACTIVE_OXYGEN_SPECIES	GOBP_RESPONSE_TO_REACTIVE_OXYGEN_SPECIES	4/5	81/2116	0.0493827160493827	20.8987654320988	8.88551299954505	9.69573793320103e-06	0.000346137844215277	0.000243924354319479	CCS/ATP7A/SOD2/SOD1	4
panel30	leiden	77	GOBP_CELLULAR_OXIDANT_DETOXIFICATION	GOBP_CELLULAR_OXIDANT_DETOXIFICATION	2/2	31/2116	0.0645161290322581	68.258064516129	11.6008516982382	0.0002078054404805	0.0171633887034281	0.0101298978048831	GSTP1/PRDX6	2
panel30	leiden	77	GOBP_DETOXIFICATION	GOBP_DETOXIFICATION	2/2	35/2116	0.0571428571428571	60.4571428571429	10.9073615764306	0.000265901585130962	0.0171633887034281	0.0101298978048831	GSTP1/PRDX6	2
panel30	leiden	77	GOBP_CELLULAR_RESPONSE_TO_TOXIC_SUBSTANCE	GOBP_CELLULAR_RESPONSE_TO_TOXIC_SUBSTANCE	2/2	37/2116	0.0540540540540541	57.1891891891892	10.6033738733369	0.000297631017978523	0.0171633887034281	0.0101298978048831	GSTP1/PRDX6	2
panel30	leiden	77	GOBP_RESPONSE_TO_TOXIC_SUBSTANCE	GOBP_RESPONSE_TO_TOXIC_SUBSTANCE	2/2	61/2116	0.0327868852459016	34.6885245901639	8.21029360075466	0.000817814959310354	0.0353704969901728	0.0208758029087117	GSTP1/PRDX6	2
panel30	leiden	77	GOBP_REACTIVE_OXYGEN_SPECIES_METABOLIC_PROCESS	GOBP_REACTIVE_OXYGEN_SPECIES_METABOLIC_PROCESS	2/2	88/2116	0.0227272727272727	24.0454545454545	6.79063412293136	0.00171070801324592	0.0591904972583089	0.0349344583757588	GSTP1/PRDX6	2
panel30	leiden	77	GOBP_LIPID_METABOLIC_PROCESS	GOBP_LIPID_METABOLIC_PROCESS	2/2	143/2116	0.013986013986014	14.7972027972028	5.25428004263183	0.00453730889720111	0.0856745256402737	0.0505654334475604	GSTP1/PRDX6	2
panel30	leiden	77	GOBP_RESPONSE_TO_OXIDATIVE_STRESS	GOBP_RESPONSE_TO_OXIDATIVE_STRESS	2/2	171/2116	0.0116959064327485	12.374269005848	4.77067069808067	0.00649559586534208	0.0856745256402737	0.0505654334475604	GSTP1/PRDX6	2
panel30	leiden	77	GOBP_HYDROGEN_PEROXIDE_CATABOLIC_PROCESS	GOBP_HYDROGEN_PEROXIDE_CATABOLIC_PROCESS	1/2	10/2116	0.1	105.8	10.2152686230199	0.00943168563729213	0.0856745256402737	0.0505654334475604	PRDX6	1
panel30	leiden	77	GOBP_NEGATIVE_REGULATION_OF_FERROPTOSIS	GOBP_NEGATIVE_REGULATION_OF_FERROPTOSIS	1/2	10/2116	0.1	105.8	10.2152686230199	0.00943168563729213	0.0856745256402737	0.0505654334475604	GSTP1	1
panel30	leiden	77	GOBP_NEGATIVE_REGULATION_OF_INTERLEUKIN_1_PRODUCTION	GOBP_NEGATIVE_REGULATION_OF_INTERLEUKIN_1_PRODUCTION	1/2	10/2116	0.1	105.8	10.2152686230199	0.00943168563729213	0.0856745256402737	0.0505654334475604	GSTP1	1
panel30	leiden	78	GOBP_CELLULAR_RESPONSE_TO_TYPE_II_INTERFERON	GOBP_CELLULAR_RESPONSE_TO_TYPE_II_INTERFERON	5/5	48/2116	0.104166666666667	44.0833333333333	14.6909783896284	4.86673488012054e-09	3.35215936355832e-07	1.7327891446965e-07	GBP2/GBP1/GBP3/GBP4/GBP5	5
panel30	leiden	78	GOBP_PYROPTOTIC_INFLAMMATORY_RESPONSE	GOBP_PYROPTOTIC_INFLAMMATORY_RESPONSE	4/5	14/2116	0.285714285714286	120.914285714286	21.9035575528759	5.985998863497e-09	3.35215936355832e-07	1.7327891446965e-07	GBP2/GBP1/GBP3/GBP5	4
panel30	leiden	78	GOBP_RESPONSE_TO_TYPE_II_INTERFERON	GOBP_RESPONSE_TO_TYPE_II_INTERFERON	5/5	71/2116	0.0704225352112676	29.8028169014085	12.0119510347408	3.70053712812066e-08	1.38153386116505e-06	7.14138744023285e-07	GBP2/GBP1/GBP3/GBP4/GBP5	5
panel30	leiden	78	GOBP_DEFENSE_RESPONSE_TO_BACTERIUM	GOBP_DEFENSE_RESPONSE_TO_BACTERIUM	5/5	82/2116	0.0609756097560976	25.8048780487805	11.147169873746	7.75507716077337e-08	2.17142160501654e-06	1.12244537853299e-06	GBP2/GBP1/GBP3/GBP4/GBP5	5
panel30	leiden	78	GOBP_DISRUPTION_OF_ANATOMICAL_STRUCTURE_IN_ANOTHER_ORGANISM	GOBP_DISRUPTION_OF_ANATOMICAL_STRUCTURE_IN_ANOTHER_ORGANISM	4/5	27/2116	0.148148148148148	62.6962962962963	15.6988495367277	1.04430569773304e-07	2.33924476292201e-06	1.20919607105931e-06	GBP2/GBP1/GBP3/GBP5	4
panel30	leiden	78	GOBP_RESPONSE_TO_PROTOZOAN	GOBP_RESPONSE_TO_PROTOZOAN	3/5	10/2116	0.3	126.96	19.4267226496814	7.57252037332038e-07	1.41353713635314e-05	7.30681790408106e-06	GBP2/GBP1/GBP4	3
panel30	leiden	78	GOBP_POSITIVE_REGULATION_OF_INFLAMMATORY_RESPONSE	GOBP_POSITIVE_REGULATION_OF_INFLAMMATORY_RESPONSE	4/5	67/2116	0.0597014925373134	25.2656716417911	9.8209796249324	4.4911964270398e-06	7.18591428326368e-05	3.71452336070961e-05	GBP2/GBP1/GBP3/GBP5	4
panel30	leiden	78	GOBP_CELL_KILLING	GOBP_CELL_KILLING	4/5	71/2116	0.0563380281690141	23.8422535211268	9.52615265923847	5.68446688397282e-06	7.95825363756195e-05	4.11375892919086e-05	GBP2/GBP1/GBP3/GBP5	4
panel30	leiden	78	GOBP_RESPONSE_TO_BACTERIUM	GOBP_RESPONSE_TO_BACTERIUM	5/5	196/2116	0.0255102040816327	10.7959183673469	7.00516953103546	6.50768497530336e-06	8.09845241371084e-05	4.18623010107233e-05	GBP2/GBP1/GBP3/GBP4/GBP5	5
panel30	leiden	78	GOBP_DEFENSE_RESPONSE_TO_VIRUS	GOBP_DEFENSE_RESPONSE_TO_VIRUS	4/5	120/2116	0.0333333333333333	14.1066666666667	7.19281152223343	4.71434096210674e-05	0.000528006187755955	0.000272935529385127	GBP2/GBP1/GBP3/GBP5	4
panel30	leiden	79	GOBP_ANTIVIRAL_INNATE_IMMUNE_RESPONSE	GOBP_ANTIVIRAL_INNATE_IMMUNE_RESPONSE	3/3	28/2116	0.107142857142857	75.5714285714286	14.9641583827169	2.07761047094369e-06	6.44059245992543e-05	3.93652510284067e-05	IFIT2/IFIT1/IFIT3	3
panel30	leiden	79	GOBP_DEFENSE_RESPONSE_TO_VIRUS	GOBP_DEFENSE_RESPONSE_TO_VIRUS	3/3	120/2116	0.025	17.6333333333333	7.06733552511234	0.000178106265158677	0.00276064710995949	0.00168732251202957	IFIT2/IFIT1/IFIT3	3
panel30	leiden	79	GOBP_RESPONSE_TO_VIRUS	GOBP_RESPONSE_TO_VIRUS	3/3	155/2116	0.0193548387096774	13.6516129032258	6.16366480122107	0.000386022689104505	0.00398890112074655	0.0024380380364495	IFIT2/IFIT1/IFIT3	3
panel30	leiden	79	GOBP_DEFENSE_RESPONSE_TO_OTHER_ORGANISM	GOBP_DEFENSE_RESPONSE_TO_OTHER_ORGANISM	3/3	353/2116	0.0084985835694051	5.9943342776204	3.87261985840038	0.00460992083352819	0.0357268864598435	0.0218364671061862	IFIT2/IFIT1/IFIT3	3
panel30	leiden	79	GOBP_RESPONSE_TO_PEPTIDE	GOBP_RESPONSE_TO_PEPTIDE	3/3	404/2116	0.00742574257425743	5.23762376237624	3.56719838158083	0.00691801415497069	0.0428916877608183	0.0262156325872573	IFIT2/IFIT1/IFIT3	3
panel30	leiden	79	GOBP_CELLULAR_RESPONSE_TO_DSRNA	GOBP_CELLULAR_RESPONSE_TO_DSRNA	1/3	11/2116	0.0909090909090909	64.1212121212121	7.90699906154085	0.0155218303651853	0.068739534474392	0.0420139769283211	IFIT1	1
panel30	leiden	79	GOBP_VIRAL_TRANSLATION	GOBP_VIRAL_TRANSLATION	1/3	11/2116	0.0909090909090909	64.1212121212121	7.90699906154085	0.0155218303651853	0.068739534474392	0.0420139769283211	IFIT1	1
panel30	leiden	79	GOBP_RESPONSE_TO_DSRNA	GOBP_RESPONSE_TO_DSRNA	1/3	18/2116	0.0555555555555556	39.1851851851852	6.1290685179769	0.0253152421913524	0.0909444934238017	0.0555857684763474	IFIT1	1
panel30	leiden	79	GOBP_POSITIVE_REGULATION_OF_VIRAL_PROCESS	GOBP_POSITIVE_REGULATION_OF_VIRAL_PROCESS	1/3	19/2116	0.0526315789473684	37.1228070175439	5.95833806830208	0.0267089763540912	0.0909444934238017	0.0555857684763474	IFIT1	1
panel30	leiden	79	GOBP_NEGATIVE_REGULATION_OF_VIRAL_GENOME_REPLICATION	GOBP_NEGATIVE_REGULATION_OF_VIRAL_GENOME_REPLICATION	1/3	22/2116	0.0454545454545455	32.0606060606061	5.51694928822212	0.0308822057901581	0.0909444934238017	0.0555857684763474	IFIT1	1
