network	gene	degree	betweenness	closeness	eigenvector	interpretation
robust_leading_edge	RALA	1	0	0.174225122349103	0	topological descriptor; not therapeutic evidence
robust_leading_edge	DVL2	3	8.15290944726535e-06	0.666666666666667	0	topological descriptor; not therapeutic evidence
robust_leading_edge	CX3CL1	1	0	0.143240343347639	0	topological descriptor; not therapeutic evidence
robust_leading_edge	CD74	10	1.4859511829719e-05	0.121143375680581	0	topological descriptor; not therapeutic evidence
robust_leading_edge	CD4	2	0	0.120650700406688	0	topological descriptor; not therapeutic evidence
robust_leading_edge	ERCC1	1	0	1	0	topological descriptor; not therapeutic evidence
robust_leading_edge	RTN4R	1	0	1	0	topological descriptor; not therapeutic evidence
robust_leading_edge	PSMA4	19	3.14010542650735e-06	1	0	topological descriptor; not therapeutic evidence
robust_leading_edge	LCP2	3	0.00190237994854678	0.186062717770035	0	topological descriptor; not therapeutic evidence
robust_leading_edge	RFC2	3	0.000156648787192187	0.132802785376772	0	topological descriptor; not therapeutic evidence
robust_leading_edge	PKP2	2	0	1	0	topological descriptor; not therapeutic evidence
robust_leading_edge	HDAC7	1	0	0.184839044652129	0	topological descriptor; not therapeutic evidence
robust_leading_edge	PSMC4	13	0	0.76	0	topological descriptor; not therapeutic evidence
robust_leading_edge	TNFRSF1A	9	0.016458288915787	0.182439357704134	0	topological descriptor; not therapeutic evidence
robust_leading_edge	BCL3	2	7.41957557626798e-05	0.181139755766621	0	topological descriptor; not therapeutic evidence
robust_leading_edge	VASH1	1	0	0.117388437019125	0	topological descriptor; not therapeutic evidence
robust_leading_edge	PLOD1	1	0	0.117802779616148	0	topological descriptor; not therapeutic evidence
robust_leading_edge	ITGB4	3	0.00112968690714007	0.18052738336714	0	topological descriptor; not therapeutic evidence
robust_leading_edge	GNPTG	1	0	1	0	topological descriptor; not therapeutic evidence
robust_leading_edge	EFNB1	2	1.63058188945307e-06	1	0	topological descriptor; not therapeutic evidence
robust_leading_edge	DLD	4	3.26116377890614e-06	0.666666666666667	0	topological descriptor; not therapeutic evidence
robust_leading_edge	TEKT2	1	0	1	0	topological descriptor; not therapeutic evidence
robust_leading_edge	CDC6	11	0.00418239375705385	0.159688995215311	0	topological descriptor; not therapeutic evidence
robust_leading_edge	DHPS	1	0	0.145029875067898	0	topological descriptor; not therapeutic evidence
robust_leading_edge	MAPK13	1	0	0.666666666666667	0	topological descriptor; not therapeutic evidence
robust_leading_edge	VCL	9	0.0123316919888649	0.215844785772029	0	topological descriptor; not therapeutic evidence
robust_leading_edge	MAPK1	6	0.00463356884461137	0.204441041347626	0	topological descriptor; not therapeutic evidence
robust_leading_edge	LGALS1	2	0.000869100147078487	0.180894308943089	0	topological descriptor; not therapeutic evidence
robust_leading_edge	MCM5	15	0.000339380931249229	0.160456730769231	0	topological descriptor; not therapeutic evidence
robust_leading_edge	MYH9	5	0.00341519296334034	0.158834027364664	0	topological descriptor; not therapeutic evidence
robust_leading_edge	POLE2	12	0.00107943764783309	0.15669014084507	0	topological descriptor; not therapeutic evidence
robust_leading_edge	PSMA3	19	3.14010542650735e-06	1	4.78225228789205e-17	topological descriptor; not therapeutic evidence
robust_leading_edge	PSME2	15	1.08705459296871e-07	0.826086956521739	9.56450457578409e-17	topological descriptor; not therapeutic evidence
robust_leading_edge	PROCR	1	0	0.666666666666667	0	topological descriptor; not therapeutic evidence
robust_leading_edge	CHMP4B	5	1.14140732261715e-05	1	0	topological descriptor; not therapeutic evidence
robust_leading_edge	TIMP1	3	0.000873176601802119	0.160167966406719	0	topological descriptor; not therapeutic evidence
robust_leading_edge	ORC6	10	7.23049206496408e-05	0.15358067299396	0	topological descriptor; not therapeutic evidence
robust_leading_edge	CSK	3	0.018237560506899	0.18522372528616	0	topological descriptor; not therapeutic evidence
robust_leading_edge	RIPK2	3	0.00173656971226752	0.123211813567144	0	topological descriptor; not therapeutic evidence
robust_leading_edge	TNFRSF10A	2	5.921219955106e-05	0.14467623950149	0	topological descriptor; not therapeutic evidence
robust_leading_edge	RELB	3	0	0.191123836793128	0	topological descriptor; not therapeutic evidence
robust_leading_edge	POLR2I	4	0.00086583898329958	0.141456953642384	0	topological descriptor; not therapeutic evidence
robust_leading_edge	TGFB1	1	0	0.133366633366633	0	topological descriptor; not therapeutic evidence
robust_leading_edge	PIK3R2	2	0.000173054642248302	0.17734971770176	0	topological descriptor; not therapeutic evidence
robust_leading_edge	GSK3A	1	0	0.428571428571429	0	topological descriptor; not therapeutic evidence
robust_leading_edge	PLOD3	2	0.000869100147078487	0.1335	0	topological descriptor; not therapeutic evidence
robust_leading_edge	FIS1	1	0	0.119757793227181	0	topological descriptor; not therapeutic evidence
robust_leading_edge	PSMA2	18	2.55704887209686e-06	0.95	0	topological descriptor; not therapeutic evidence
robust_leading_edge	CHMP5	1	0	1	0	topological descriptor; not therapeutic evidence
robust_leading_edge	PFN1	4	0.00191602738956373	0.177940686437854	0	topological descriptor; not therapeutic evidence
robust_leading_edge	KAT2A	1	0	0.123098201936376	0	topological descriptor; not therapeutic evidence
robust_leading_edge	COL1A1	5	0.00518361982657131	0.181632653061225	0	topological descriptor; not therapeutic evidence
robust_leading_edge	SPI1	2	0	0.161378059836809	0	topological descriptor; not therapeutic evidence
robust_leading_edge	CCND1	1	0	0.133868137377789	0	topological descriptor; not therapeutic evidence
robust_leading_edge	PRPF19	1	0	0.09783803591059	0	topological descriptor; not therapeutic evidence
robust_leading_edge	YBX3	1	0	1	0	topological descriptor; not therapeutic evidence
robust_leading_edge	SELPLG	1	0	1	0	topological descriptor; not therapeutic evidence
robust_leading_edge	ARPC3	6	3.26116377890614e-07	0.16113458056729	0	topological descriptor; not therapeutic evidence
robust_leading_edge	RAD51AP1	1	0	0.167766258246937	0	topological descriptor; not therapeutic evidence
robust_leading_edge	ARHGDIB	2	0	0.146542261251372	0	topological descriptor; not therapeutic evidence
robust_leading_edge	RSPH4A	1	0	1	0	topological descriptor; not therapeutic evidence
robust_leading_edge	HLA-DOA	5	8.50879041520154e-07	0.120677966101695	0	topological descriptor; not therapeutic evidence
robust_leading_edge	CAP2	2	0.000431288909760337	0.169470009520787	0	topological descriptor; not therapeutic evidence
robust_leading_edge	LAMA4	1	0	1	0	topological descriptor; not therapeutic evidence
robust_leading_edge	TFPI	1	0	0.160843373493976	0	topological descriptor; not therapeutic evidence
robust_leading_edge	TTL	1	0	0.117388437019125	0	topological descriptor; not therapeutic evidence
robust_leading_edge	PROC	2	1.63058188945307e-06	1	0	topological descriptor; not therapeutic evidence
robust_leading_edge	MAD2L2	1	0	0.122956481694681	0	topological descriptor; not therapeutic evidence
robust_leading_edge	SYF2	2	0.000869100147078487	0.108426395939086	0	topological descriptor; not therapeutic evidence
robust_leading_edge	CTSD	1	0	0.666666666666667	0	topological descriptor; not therapeutic evidence
robust_leading_edge	CLTA	3	0.00173493913037807	0.102005730659026	0	topological descriptor; not therapeutic evidence
robust_leading_edge	TNFAIP6	4	0.00300919386181385	0.190987124463519	0	topological descriptor; not therapeutic evidence
robust_leading_edge	UNC5CL	1	0	0.0915637860082304	0	topological descriptor; not therapeutic evidence
robust_leading_edge	TREM1	1	0	0.333333333333333	0	topological descriptor; not therapeutic evidence
robust_leading_edge	SOX4	1	0	0.146663004669047	0	topological descriptor; not therapeutic evidence
robust_leading_edge	NUP85	1	0	0.146663004669047	0	topological descriptor; not therapeutic evidence
robust_leading_edge	C3	5	0.00603315299097636	0.163753449862006	0	topological descriptor; not therapeutic evidence
robust_leading_edge	VASP	5	0.00707535509836577	0.1875	0	topological descriptor; not therapeutic evidence
robust_leading_edge	CDC25B	3	0.0041879356464415	0.189026548672566	0	topological descriptor; not therapeutic evidence
robust_leading_edge	PYCARD	3	0.000433734782594517	0.136050955414013	0	topological descriptor; not therapeutic evidence
robust_leading_edge	TUBA4A	2	4.07645472363268e-07	0.105387803433985	0	topological descriptor; not therapeutic evidence
robust_leading_edge	YWHAH	4	0.000153411438981178	0.184711172604635	0	topological descriptor; not therapeutic evidence
robust_leading_edge	RAC2	8	0.0014935525480095	0.166406980367716	0	topological descriptor; not therapeutic evidence
robust_leading_edge	DLL4	1	0	0.121418826739427	0	topological descriptor; not therapeutic evidence
robust_leading_edge	RRM2B	1	0	1	0	topological descriptor; not therapeutic evidence
robust_leading_edge	APOE	4	1.95669826734368e-05	0.666666666666667	0	topological descriptor; not therapeutic evidence
robust_leading_edge	ACTN4	6	0.00114410478270751	0.187171398527865	0	topological descriptor; not therapeutic evidence
robust_leading_edge	LAMA5	2	0.00173493913037807	0.15008431703204	0	topological descriptor; not therapeutic evidence
robust_leading_edge	SESN2	1	0	0.5	0	topological descriptor; not therapeutic evidence
robust_leading_edge	GINS2	13	0.00649477746413407	0.175024582104228	0	topological descriptor; not therapeutic evidence
robust_leading_edge	RARA	3	0.0017390155851017	0.1480044345898	0	topological descriptor; not therapeutic evidence
robust_leading_edge	LGALS3	4	0.00397547717956268	0.183190394511149	0	topological descriptor; not therapeutic evidence
robust_leading_edge	TRIM21	1	0	0.144754676063974	0	topological descriptor; not therapeutic evidence
robust_leading_edge	JAG1	2	0.00057613893427342	0.121529358215749	0	topological descriptor; not therapeutic evidence
robust_leading_edge	CCNA1	3	0.00122920646326194	0.155866900175131	0	topological descriptor; not therapeutic evidence
robust_leading_edge	CDK7	1	0	0.110376188507648	0	topological descriptor; not therapeutic evidence
robust_leading_edge	IRAK2	1	0	0.140047206923682	0	topological descriptor; not therapeutic evidence
robust_leading_edge	DDB2	2	0.000555577144729848	0.113279592702588	0	topological descriptor; not therapeutic evidence
robust_leading_edge	HRK	1	0	0.159355416293644	0	topological descriptor; not therapeutic evidence
robust_leading_edge	CDK4	2	0.000869100147078487	0.123496762257169	0	topological descriptor; not therapeutic evidence
robust_leading_edge	ESPL1	1	0	0.144246353322528	0	topological descriptor; not therapeutic evidence
robust_leading_edge	MDM2	1	0	0.183379120879121	0	topological descriptor; not therapeutic evidence
robust_leading_edge	FHOD1	1	0	0.5	0	topological descriptor; not therapeutic evidence
robust_leading_edge	LAMC1	3	0.00259751694989874	0.176295807197095	0	topological descriptor; not therapeutic evidence
robust_leading_edge	PLXNC1	1	0	1	0	topological descriptor; not therapeutic evidence
robust_leading_edge	BRIP1	3	8.30453390375836e-05	0.161622276029056	0	topological descriptor; not therapeutic evidence
robust_leading_edge	TANK	1	0	0.141795007966012	0	topological descriptor; not therapeutic evidence
robust_leading_edge	HLA-F	10	0.00238321999717695	0.14722911497105	0	topological descriptor; not therapeutic evidence
robust_leading_edge	TLR2	3	0.00135482149032932	0.148127600554785	0	topological descriptor; not therapeutic evidence
robust_leading_edge	THBS1	6	0.0015772108653743	0.191603875134553	0	topological descriptor; not therapeutic evidence
robust_leading_edge	KIF23	2	0.00345683360564051	0.095767575322812	0	topological descriptor; not therapeutic evidence
robust_leading_edge	ITGAV	4	0.000377351355169448	0.192640692640693	0	topological descriptor; not therapeutic evidence
robust_leading_edge	COL8A1	1	0	1	0	topological descriptor; not therapeutic evidence
robust_leading_edge	HEXB	1	0	1	0	topological descriptor; not therapeutic evidence
robust_leading_edge	PSMA6	19	3.14010542650735e-06	1	0	topological descriptor; not therapeutic evidence
robust_leading_edge	NDC80	6	0.0147125359838845	0.151877133105802	0	topological descriptor; not therapeutic evidence
robust_leading_edge	CYBA	1	0	0.123240249249942	0	topological descriptor; not therapeutic evidence
robust_leading_edge	ALDH2	1	0	1	0	topological descriptor; not therapeutic evidence
robust_leading_edge	LOXL1	1	0	1	0	topological descriptor; not therapeutic evidence
robust_leading_edge	MCM4	17	0.000647924886055561	0.160891834890027	0	topological descriptor; not therapeutic evidence
robust_leading_edge	PSMB1	19	3.14010542650735e-06	1	0	topological descriptor; not therapeutic evidence
robust_leading_edge	ELOB	5	0.0117153993101623	0.196395733725634	0	topological descriptor; not therapeutic evidence
robust_leading_edge	TELO2	1	0	0.163602941176471	0	topological descriptor; not therapeutic evidence
robust_leading_edge	AXIN1	3	8.15290944726535e-06	0.666666666666667	0	topological descriptor; not therapeutic evidence
robust_leading_edge	SMURF2	2	0.00026756022124784	0.161378059836809	0	topological descriptor; not therapeutic evidence
robust_leading_edge	CSNK2A2	1	0	0.10904635491117	0	topological descriptor; not therapeutic evidence
robust_leading_edge	TYROBP	2	8.15290944726535e-06	0.461538461538462	0	topological descriptor; not therapeutic evidence
robust_leading_edge	CCNE1	3	0.000874643387682768	0.13464447806354	0	topological descriptor; not therapeutic evidence
robust_leading_edge	ARPC1A	5	0	0.161085972850679	0	topological descriptor; not therapeutic evidence
robust_leading_edge	GNA15	1	0	0.666666666666667	0	topological descriptor; not therapeutic evidence
robust_leading_edge	CAPZA1	2	0.000869100147078487	0.126991676575505	0	topological descriptor; not therapeutic evidence
robust_leading_edge	NOTCH3	4	0.000871546019912666	0.108514529567161	0	topological descriptor; not therapeutic evidence
robust_leading_edge	VAMP8	1	0	1	0	topological descriptor; not therapeutic evidence
robust_leading_edge	SLC9A1	1	0	0.123211813567144	0	topological descriptor; not therapeutic evidence
robust_leading_edge	CDH3	2	0	0.18983291859225	0	topological descriptor; not therapeutic evidence
robust_leading_edge	NECTIN1	1	0	1	0	topological descriptor; not therapeutic evidence
robust_leading_edge	CBL	6	0.00812058912977516	0.222129783693844	0	topological descriptor; not therapeutic evidence
robust_leading_edge	LAMC2	2	0.000869100147078487	0.13059427732942	0	topological descriptor; not therapeutic evidence
robust_leading_edge	MCM6	16	0.00035893777652219	0.160504959422904	0	topological descriptor; not therapeutic evidence
robust_leading_edge	PDCL3	1	0	0.160891834890027	0	topological descriptor; not therapeutic evidence
robust_leading_edge	FGF2	2	0.00259751694989874	0.144285328289651	0	topological descriptor; not therapeutic evidence
robust_leading_edge	WNT5A	2	1.63058188945307e-06	1	0	topological descriptor; not therapeutic evidence
robust_leading_edge	STAT3	16	0.038450337679834	0.234107847435335	0	topological descriptor; not therapeutic evidence
robust_leading_edge	ITGA9	1	0	0.175889328063241	0	topological descriptor; not therapeutic evidence
robust_leading_edge	ICAM1	3	0.000754469638152219	0.172036082474227	0	topological descriptor; not therapeutic evidence
robust_leading_edge	MCM2	16	0.00035893777652219	0.160504959422904	0	topological descriptor; not therapeutic evidence
robust_leading_edge	VCAN	2	0.000275458883310017	0.162755257543432	0	topological descriptor; not therapeutic evidence
robust_leading_edge	CASP6	3	0	0.136016301579216	0	topological descriptor; not therapeutic evidence
robust_leading_edge	IQCG	1	0	0.123211813567144	0	topological descriptor; not therapeutic evidence
robust_leading_edge	POLA2	2	8.15290944726535e-07	0.136155022947476	0	topological descriptor; not therapeutic evidence
robust_leading_edge	MCCC1	1	0	0.6	0	topological descriptor; not therapeutic evidence
robust_leading_edge	TCIRG1	3	0	0.8	0	topological descriptor; not therapeutic evidence
robust_leading_edge	CDK2	10	0.00272812876463799	0.154023651571964	0	topological descriptor; not therapeutic evidence
robust_leading_edge	ITGB7	2	0.00106277173451927	0.196251378169791	0	topological descriptor; not therapeutic evidence
robust_leading_edge	ERBB3	5	0.000534198803626046	0.1886925795053	0	topological descriptor; not therapeutic evidence
robust_leading_edge	PXN	11	0.0169172657144165	0.209823182711198	0	topological descriptor; not therapeutic evidence
robust_leading_edge	PML	4	0.00139090298854016	0.161622276029056	0	topological descriptor; not therapeutic evidence
robust_leading_edge	IQGAP1	5	0.0137626669524109	0.211150652431791	0	topological descriptor; not therapeutic evidence
robust_leading_edge	TP53	8	0.037254325719238	0.224464060529634	0	topological descriptor; not therapeutic evidence
robust_leading_edge	ERBB2	8	0.00236321670772691	0.189026548672566	0	topological descriptor; not therapeutic evidence
robust_leading_edge	PSMA5	19	3.14010542650735e-06	1	0	topological descriptor; not therapeutic evidence
robust_leading_edge	NUF2	4	0.000145561741200261	0.133001245330012	0	topological descriptor; not therapeutic evidence
robust_leading_edge	S100A11	1	0	1	0	topological descriptor; not therapeutic evidence
robust_leading_edge	RTKN	1	0	0.125293289535429	2.98890767993253e-18	topological descriptor; not therapeutic evidence
robust_leading_edge	OSMR	1	0	0.166822867853796	0	topological descriptor; not therapeutic evidence
robust_leading_edge	RASA1	3	0.00173656971226752	0.173715029277814	0	topological descriptor; not therapeutic evidence
robust_leading_edge	GABRB2	1	0	1	0	topological descriptor; not therapeutic evidence
robust_leading_edge	NFKBIE	3	0	0.191123836793128	0	topological descriptor; not therapeutic evidence
robust_leading_edge	TNFRSF10B	4	0.00137794490206855	0.155232558139535	0	topological descriptor; not therapeutic evidence
robust_leading_edge	CDKN2B	1	0	0.164611590628853	0	topological descriptor; not therapeutic evidence
robust_leading_edge	RPS3	12	0.0159491519269072	0.197704553868937	0	topological descriptor; not therapeutic evidence
robust_leading_edge	MYL9	1	0	1	0	topological descriptor; not therapeutic evidence
robust_leading_edge	PPP4C	1	0	0.123955431754875	0	topological descriptor; not therapeutic evidence
robust_leading_edge	USP15	2	0.000524125810990227	0.171318575553417	0	topological descriptor; not therapeutic evidence
robust_leading_edge	DSC2	2	0	1	0	topological descriptor; not therapeutic evidence
robust_leading_edge	EPHA4	1	0	0.155322862129145	0	topological descriptor; not therapeutic evidence
robust_leading_edge	ITGB6	3	0.00114430794661128	0.197193500738552	0	topological descriptor; not therapeutic evidence
robust_leading_edge	XPC	2	0.000543843385095932	0.113568694172692	0	topological descriptor; not therapeutic evidence
robust_leading_edge	RHOC	5	0.00264720334476628	0.14320193081255	0	topological descriptor; not therapeutic evidence
robust_leading_edge	CASP10	2	0	0.13598166539343	0	topological descriptor; not therapeutic evidence
robust_leading_edge	CSF1R	2	0.000869100147078487	0.153624856156502	0	topological descriptor; not therapeutic evidence
robust_leading_edge	UBE2L6	1	0	0.126600284495021	0	topological descriptor; not therapeutic evidence
robust_leading_edge	BUB1B	9	0.0186023442924791	0.176412289395441	0	topological descriptor; not therapeutic evidence
robust_leading_edge	FANCD2	4	0.000979960037755674	0.175196850393701	0	topological descriptor; not therapeutic evidence
robust_leading_edge	PPARG	1	0	0.114297945205479	0	topological descriptor; not therapeutic evidence
robust_leading_edge	KIT	5	0.00285474607961285	0.183316168898043	0	topological descriptor; not therapeutic evidence
robust_leading_edge	CCNB2	3	0.00121443834621379	0.147188533627343	0	topological descriptor; not therapeutic evidence
robust_leading_edge	CD1A	1	0	0.126840855106888	0	topological descriptor; not therapeutic evidence
robust_leading_edge	FCER1G	1	0	0.5	0	topological descriptor; not therapeutic evidence
robust_leading_edge	PSMB4	19	3.14010542650735e-06	1	4.78225228789205e-17	topological descriptor; not therapeutic evidence
robust_leading_edge	BAX	6	0.00617252908661581	0.184647302904564	0	topological descriptor; not therapeutic evidence
robust_leading_edge	NCSTN	3	2.93504740101553e-05	0.158928571428571	0	topological descriptor; not therapeutic evidence
robust_leading_edge	MERTK	1	0	1	0	topological descriptor; not therapeutic evidence
robust_leading_edge	CLDN1	1	0	0.666666666666667	0	topological descriptor; not therapeutic evidence
robust_leading_edge	ARPC2	5	0	0.161085972850679	0	topological descriptor; not therapeutic evidence
robust_leading_edge	CDCP1	1	0	0.175657894736842	0	topological descriptor; not therapeutic evidence
robust_leading_edge	DTX3L	2	0.000869100147078487	0.173998044965787	0	topological descriptor; not therapeutic evidence
robust_leading_edge	ITGB5	1	0	0.174225122349103	0	topological descriptor; not therapeutic evidence
robust_leading_edge	MAD2L1	5	1.76646371357416e-06	0.150422535211268	0	topological descriptor; not therapeutic evidence
robust_leading_edge	ITGA2	1	0	0.175889328063241	0	topological descriptor; not therapeutic evidence
robust_leading_edge	MICALL2	2	0	0.172703751617076	0	topological descriptor; not therapeutic evidence
robust_leading_edge	ARF6	2	0.00259751694989874	0.0874979518269704	0	topological descriptor; not therapeutic evidence
robust_leading_edge	LRRK2	1	0	0.18567454798331	0	topological descriptor; not therapeutic evidence
robust_leading_edge	SPRED1	1	0	1	0	topological descriptor; not therapeutic evidence
robust_leading_edge	C2	2	0.00173493913037807	0.123754345307068	0	topological descriptor; not therapeutic evidence
robust_leading_edge	ANPEP	1	0	0.172592113768584	0	topological descriptor; not therapeutic evidence
robust_leading_edge	STAT6	5	0.000436805871904766	0.193688792165397	0	topological descriptor; not therapeutic evidence
robust_leading_edge	RUNX1	5	0.00735394095827004	0.192017259978425	0	topological descriptor; not therapeutic evidence
robust_leading_edge	TPX2	2	0.000869100147078487	0.105554457402649	0	topological descriptor; not therapeutic evidence
robust_leading_edge	RAB8A	3	0.00173656971226752	0.135670731707317	0	topological descriptor; not therapeutic evidence
robust_leading_edge	CDT1	10	0.000599284361821689	0.145662847790507	0	topological descriptor; not therapeutic evidence
robust_leading_edge	AXL	1	0	0.175657894736842	0	topological descriptor; not therapeutic evidence
robust_leading_edge	BIRC5	3	2.28507822459558e-05	0.162953921269454	0	topological descriptor; not therapeutic evidence
robust_leading_edge	DDB1	4	0.00355108868160483	0.125087842586086	0	topological descriptor; not therapeutic evidence
robust_leading_edge	FADD	3	0.00173656971226752	0.154513888888889	0	topological descriptor; not therapeutic evidence
robust_leading_edge	PRELID1	1	0	1	0	topological descriptor; not therapeutic evidence
robust_leading_edge	MAP2K1	2	0.000264271498092161	0.176879761510434	0	topological descriptor; not therapeutic evidence
robust_leading_edge	BUB1	8	0.00138548396821959	0.151747655583973	0	topological descriptor; not therapeutic evidence
robust_leading_edge	INSR	1	0	0.134272064370128	0	topological descriptor; not therapeutic evidence
robust_leading_edge	TWF2	2	3.26116377890614e-06	0.145266594124048	0	topological descriptor; not therapeutic evidence
robust_leading_edge	CTNNA1	4	0.00072059848894373	0.202426080363912	0	topological descriptor; not therapeutic evidence
robust_leading_edge	IRS1	4	0.0058601432210388	0.204597701149425	0	topological descriptor; not therapeutic evidence
robust_leading_edge	GNB2	2	0.00173493913037807	0.111996644295302	0	topological descriptor; not therapeutic evidence
robust_leading_edge	NLGN2	1	0	0.147799612510379	0	topological descriptor; not therapeutic evidence
robust_leading_edge	FEN1	3	0	0.123725671918443	0	topological descriptor; not therapeutic evidence
robust_leading_edge	YWHAG	4	0.000184172738610256	0.189160467587673	0	topological descriptor; not therapeutic evidence
robust_leading_edge	CXCL8	3	0.0109290511456183	0.198956780923994	0	topological descriptor; not therapeutic evidence
robust_leading_edge	ADH1B	1	0	1	0	topological descriptor; not therapeutic evidence
robust_leading_edge	SEMA4C	1	0	0.149328859060403	0	topological descriptor; not therapeutic evidence
robust_leading_edge	GABARAP	1	0	0.146864686468647	0	topological descriptor; not therapeutic evidence
robust_leading_edge	GLB1	1	0	0.666666666666667	0	topological descriptor; not therapeutic evidence
robust_leading_edge	MCM7	12	9.69624188897432e-05	0.155957943925234	0	topological descriptor; not therapeutic evidence
robust_leading_edge	CLCF1	1	0	1	0	topological descriptor; not therapeutic evidence
robust_leading_edge	CLTB	2	0	0.0925958037107682	0	topological descriptor; not therapeutic evidence
robust_leading_edge	PRKACA	1	0	1	0	topological descriptor; not therapeutic evidence
robust_leading_edge	ZNF622	4	0	0.146783947223749	0	topological descriptor; not therapeutic evidence
robust_leading_edge	FBXO45	1	0	0.100131258203638	0	topological descriptor; not therapeutic evidence
robust_leading_edge	CASP3	4	1.63058188945307e-06	0.136050955414013	0	topological descriptor; not therapeutic evidence
robust_leading_edge	DNAH7	1	0	1	0	topological descriptor; not therapeutic evidence
robust_leading_edge	RAD9A	2	0.000773114517580509	0.149328859060403	0	topological descriptor; not therapeutic evidence
robust_leading_edge	POLD4	3	0	0.123725671918443	0	topological descriptor; not therapeutic evidence
robust_leading_edge	GRK2	2	1.63058188945307e-06	1	0	topological descriptor; not therapeutic evidence
robust_leading_edge	CLSPN	14	0.00688150208090178	0.17456685191239	0	topological descriptor; not therapeutic evidence
robust_leading_edge	GNAI2	4	0.00432430317082954	0.125973106864827	0	topological descriptor; not therapeutic evidence
robust_leading_edge	CD46	1	0	0.153890489913545	0	topological descriptor; not therapeutic evidence
robust_leading_edge	AURKB	8	0.0155317272850428	0.191466475439226	0	topological descriptor; not therapeutic evidence
robust_leading_edge	PAK2	2	0	0.163103237629811	0	topological descriptor; not therapeutic evidence
robust_leading_edge	CLU	1	0	1	0	topological descriptor; not therapeutic evidence
robust_leading_edge	ITGA3	5	0.00236169724376116	0.190238688991806	0	topological descriptor; not therapeutic evidence
robust_leading_edge	STAT2	6	0.000903214088595017	0.196685082872928	0	topological descriptor; not therapeutic evidence
robust_leading_edge	LILRB1	9	0.021127115123008	0.166562694946974	0	topological descriptor; not therapeutic evidence
robust_leading_edge	BAIAP2	4	0.00360554153409363	0.162705667276051	0	topological descriptor; not therapeutic evidence
robust_leading_edge	MET	8	0.00655876139135163	0.212579617834395	0	topological descriptor; not therapeutic evidence
robust_leading_edge	CHMP6	3	0	0.714285714285714	0	topological descriptor; not therapeutic evidence
robust_leading_edge	TNIP1	2	0.00198855927004499	0.159212880143113	0	topological descriptor; not therapeutic evidence
robust_leading_edge	NOC2L	2	0	0.145148138081	0	topological descriptor; not therapeutic evidence
robust_leading_edge	BLOC1S4	2	0	1	0	topological descriptor; not therapeutic evidence
robust_leading_edge	BCKDHB	2	0	0.461538461538462	0	topological descriptor; not therapeutic evidence
robust_leading_edge	BACE1	1	0	0.0745289602233078	0	topological descriptor; not therapeutic evidence
robust_leading_edge	TUBB6	4	0.000717456031359355	0.117724867724868	0	topological descriptor; not therapeutic evidence
robust_leading_edge	BID	2	0	0.161720169594185	0	topological descriptor; not therapeutic evidence
robust_leading_edge	ADGRE2	1	0	0.12363973141931	0	topological descriptor; not therapeutic evidence
robust_leading_edge	EZH2	1	0	0.142895370618143	0	topological descriptor; not therapeutic evidence
robust_leading_edge	PKM	1	0	0.184839044652129	0	topological descriptor; not therapeutic evidence
robust_leading_edge	TUBB3	4	0.000717456031359355	0.117724867724868	0	topological descriptor; not therapeutic evidence
robust_leading_edge	LLGL1	1	0	1	0	topological descriptor; not therapeutic evidence
robust_leading_edge	POLE	13	0.00446469587904122	0.157290132547865	0	topological descriptor; not therapeutic evidence
robust_leading_edge	MTSS1	1	0	0.16781898177247	0	topological descriptor; not therapeutic evidence
robust_leading_edge	E2F7	1	0	0.184839044652129	0	topological descriptor; not therapeutic evidence
robust_leading_edge	ENO3	1	0	0.121336059986367	0	topological descriptor; not therapeutic evidence
robust_leading_edge	POLR2L	4	0.00086583898329958	0.141456953642384	0	topological descriptor; not therapeutic evidence
robust_leading_edge	ZYX	4	0.000464538801713466	0.187105816398038	0	topological descriptor; not therapeutic evidence
robust_leading_edge	FLII	1	0	0.140047206923682	0	topological descriptor; not therapeutic evidence
robust_leading_edge	PPP2R1A	5	0.00173656971226752	0.141456953642384	0	topological descriptor; not therapeutic evidence
robust_leading_edge	GSK3B	4	0.00222731591504464	0.195963302752294	0	topological descriptor; not therapeutic evidence
robust_leading_edge	PSMG2	12	1.08705459296871e-07	0.730769230769231	2.39112614394602e-17	topological descriptor; not therapeutic evidence
robust_leading_edge	PMAIP1	1	0	0.159355416293644	0	topological descriptor; not therapeutic evidence
robust_leading_edge	PSEN1	5	0.0135436131737972	0.18789584799437	0	topological descriptor; not therapeutic evidence
robust_leading_edge	NRIP1	1	0	0.172313649564376	0	topological descriptor; not therapeutic evidence
robust_leading_edge	TGIF1	1	0	0.172313649564376	0	topological descriptor; not therapeutic evidence
robust_leading_edge	JAG2	2	0.00057613893427342	0.121529358215749	0	topological descriptor; not therapeutic evidence
robust_leading_edge	FMNL1	2	0.000869100147078487	0.15118912797282	0	topological descriptor; not therapeutic evidence
robust_leading_edge	ATP6V0C	4	5.43527296484357e-07	1	0	topological descriptor; not therapeutic evidence
robust_leading_edge	RPS27L	6	0	0.167083854818523	0	topological descriptor; not therapeutic evidence
robust_leading_edge	EPHB3	1	0	0.170334928229665	0	topological descriptor; not therapeutic evidence
robust_leading_edge	UBA7	1	0	0.126600284495021	0	topological descriptor; not therapeutic evidence
robust_leading_edge	LAMP1	2	1.63058188945307e-06	1	0	topological descriptor; not therapeutic evidence
robust_leading_edge	BSG	2	0.000869100147078487	0.134508816120907	0	topological descriptor; not therapeutic evidence
robust_leading_edge	AP1S1	4	0.00432430317082954	0.11347216319592	0	topological descriptor; not therapeutic evidence
robust_leading_edge	EIF5A	11	0.000869100147078487	0.169577643696412	0	topological descriptor; not therapeutic evidence
robust_leading_edge	LIMK1	2	0	0.1875	0	topological descriptor; not therapeutic evidence
robust_leading_edge	TUBA1B	6	0.00716518446772913	0.117932862190813	0	topological descriptor; not therapeutic evidence
robust_leading_edge	NME1	2	0	1	0	topological descriptor; not therapeutic evidence
robust_leading_edge	SIRT6	1	0	0.190918841616017	0	topological descriptor; not therapeutic evidence
robust_leading_edge	ZFP36L1	1	0	0.154201559341611	0	topological descriptor; not therapeutic evidence
robust_leading_edge	PLAUR	2	0.000869100147078487	0.163103237629811	0	topological descriptor; not therapeutic evidence
robust_leading_edge	HLA-DQA1	5	1.63058188945307e-06	0.120978704123244	0	topological descriptor; not therapeutic evidence
robust_leading_edge	RHOG	1	0	0.128211284513806	0	topological descriptor; not therapeutic evidence
robust_leading_edge	MIOS	2	3.26116377890614e-06	0.75	0	topological descriptor; not therapeutic evidence
robust_leading_edge	RAP1GDS1	1	0	0.140934283452098	0	topological descriptor; not therapeutic evidence
robust_leading_edge	SMARCB1	1	0	0.171428571428571	0	topological descriptor; not therapeutic evidence
robust_leading_edge	SFN	6	0.00796575224227064	0.208512299882858	0	topological descriptor; not therapeutic evidence
robust_leading_edge	PTK2	4	0.00424876467776707	0.199253731343284	0	topological descriptor; not therapeutic evidence
robust_leading_edge	STAT5A	5	0.000423048761747815	0.179134518617913	0	topological descriptor; not therapeutic evidence
robust_leading_edge	DTNBP1	2	0	1	0	topological descriptor; not therapeutic evidence
robust_leading_edge	PKN1	2	0.000869100147078487	0.125352112676056	0	topological descriptor; not therapeutic evidence
robust_leading_edge	MCCC2	3	4.89174566835921e-06	1	0	topological descriptor; not therapeutic evidence
robust_leading_edge	MAP4K4	1	0	1	0	topological descriptor; not therapeutic evidence
robust_leading_edge	SMARCA4	4	0.0110728127448196	0.206816421378776	0	topological descriptor; not therapeutic evidence
robust_leading_edge	IFNAR2	2	0	0.17411150961852	0	topological descriptor; not therapeutic evidence
robust_leading_edge	SDC3	2	0.00345683360564051	0.168241965973535	0	topological descriptor; not therapeutic evidence
robust_leading_edge	ARPC5L	6	3.26116377890614e-07	0.16113458056729	0	topological descriptor; not therapeutic evidence
robust_leading_edge	E2F1	3	0.000874643387682768	0.13464447806354	0	topological descriptor; not therapeutic evidence
robust_leading_edge	ANXA2	4	0.00874959216438814	0.195461200585652	0	topological descriptor; not therapeutic evidence
robust_leading_edge	TAP1	4	0	0.12744630071599	0	topological descriptor; not therapeutic evidence
robust_leading_edge	FYN	7	0.00675521794412539	0.205226748654881	0	topological descriptor; not therapeutic evidence
robust_leading_edge	FN1	19	0.0301415616128534	0.220570012391574	0	topological descriptor; not therapeutic evidence
robust_leading_edge	PIP4K2C	1	0	1	0	topological descriptor; not therapeutic evidence
robust_leading_edge	HTT	1	0	0.135532994923858	0	topological descriptor; not therapeutic evidence
robust_leading_edge	BLM	2	0.000110859890677189	0.167871738447029	0	topological descriptor; not therapeutic evidence
robust_leading_edge	UBE2I	3	0.00173656971226752	0.171814671814672	0	topological descriptor; not therapeutic evidence
robust_leading_edge	SREBF1	1	0	0.5	0	topological descriptor; not therapeutic evidence
robust_leading_edge	RAC1	6	0.00394918618893757	0.170989433237272	0	topological descriptor; not therapeutic evidence
robust_leading_edge	CDC16	1	0	1	0	topological descriptor; not therapeutic evidence
robust_leading_edge	RBCK1	2	0.000869100147078487	0.154424522845575	0	topological descriptor; not therapeutic evidence
robust_leading_edge	NRARP	1	0	0.121418826739427	0	topological descriptor; not therapeutic evidence
robust_leading_edge	ADAM15	1	0	0.175657894736842	0	topological descriptor; not therapeutic evidence
robust_leading_edge	IGF2R	1	0	0.0745289602233078	0	topological descriptor; not therapeutic evidence
robust_leading_edge	SCRIB	2	0.000869100147078487	0.148127600554785	0	topological descriptor; not therapeutic evidence
robust_leading_edge	EPHA2	4	0.0018388916608038	0.18382099827883	0	topological descriptor; not therapeutic evidence
robust_leading_edge	STAT4	2	0	0.173941368078176	0	topological descriptor; not therapeutic evidence
robust_leading_edge	CASP8	10	0.00853155108617431	0.157290132547865	0	topological descriptor; not therapeutic evidence
robust_leading_edge	PSMB10	15	1.08705459296871e-07	0.826086956521739	4.78225228789205e-17	topological descriptor; not therapeutic evidence
robust_leading_edge	MAX	1	0	0.163602941176471	0	topological descriptor; not therapeutic evidence
robust_leading_edge	MAP3K5	1	0	0.180040458530007	0	topological descriptor; not therapeutic evidence
robust_leading_edge	AP2A1	1	0	1	0	topological descriptor; not therapeutic evidence
robust_leading_edge	RYR1	1	0	0.123211813567144	0	topological descriptor; not therapeutic evidence
robust_leading_edge	CLEC14A	1	0	1	0	topological descriptor; not therapeutic evidence
robust_leading_edge	PTPRF	1	0	0.18567454798331	0	topological descriptor; not therapeutic evidence
robust_leading_edge	HLA-DRB1	15	0.00605308976128212	0.137028483448807	0	topological descriptor; not therapeutic evidence
robust_leading_edge	MSN	5	0.00543588168279006	0.181818181818182	0	topological descriptor; not therapeutic evidence
robust_leading_edge	CLDN7	1	0	0.666666666666667	0	topological descriptor; not therapeutic evidence
robust_leading_edge	MYH10	2	5.77398929369814e-05	0.137169278191626	0	topological descriptor; not therapeutic evidence
robust_leading_edge	COL4A2	1	0	1	0	topological descriptor; not therapeutic evidence
robust_leading_edge	STAT1	12	0.0116630530344133	0.210401891252955	0	topological descriptor; not therapeutic evidence
robust_leading_edge	TNNI1	1	0	0.666666666666667	0	topological descriptor; not therapeutic evidence
robust_leading_edge	KRT19	1	0	1	0	topological descriptor; not therapeutic evidence
robust_leading_edge	BECN1	2	0.00565779170531874	0.160504959422904	0	topological descriptor; not therapeutic evidence
robust_leading_edge	DLL1	2	0.00057613893427342	0.121529358215749	0	topological descriptor; not therapeutic evidence
robust_leading_edge	PSEN2	2	0.000869100147078487	0.136887977441682	0	topological descriptor; not therapeutic evidence
robust_leading_edge	DTL	2	0.00121537597048231	0.124099465489194	0	topological descriptor; not therapeutic evidence
robust_leading_edge	NEK2	4	1.49470006533198e-05	0.151103565365025	0	topological descriptor; not therapeutic evidence
robust_leading_edge	MAPKAPK2	2	1.63058188945307e-06	1	0	topological descriptor; not therapeutic evidence
robust_leading_edge	ADORA1	2	0.00516568342578733	0.143702906350915	0	topological descriptor; not therapeutic evidence
robust_leading_edge	SYNE1	2	3.26116377890614e-06	0.75	0	topological descriptor; not therapeutic evidence
robust_leading_edge	NCF2	4	0.00177660590247685	0.163352707249924	0	topological descriptor; not therapeutic evidence
robust_leading_edge	IFNGR1	2	0	0.17456685191239	0	topological descriptor; not therapeutic evidence
robust_leading_edge	FCGR3A	2	3.26116377890614e-06	0.75	0	topological descriptor; not therapeutic evidence
robust_leading_edge	IFI16	2	0	0.119811532420911	0	topological descriptor; not therapeutic evidence
robust_leading_edge	CD1C	1	0	0.126840855106888	0	topological descriptor; not therapeutic evidence
robust_leading_edge	LAMTOR2	1	0	0.5	0	topological descriptor; not therapeutic evidence
robust_leading_edge	BAG3	1	0	0.146864686468647	0	topological descriptor; not therapeutic evidence
robust_leading_edge	APH1A	3	0.00938073761002351	0.159307875894988	0	topological descriptor; not therapeutic evidence
robust_leading_edge	MAP3K7	3	0.00346172535130887	0.140341655716163	0	topological descriptor; not therapeutic evidence
robust_leading_edge	ATP6AP1	3	0	0.8	0	topological descriptor; not therapeutic evidence
robust_leading_edge	FLNA	10	0.019884225795318	0.210900473933649	0	topological descriptor; not therapeutic evidence
robust_leading_edge	NFKB2	4	0.000327113674318968	0.192501802451334	0	topological descriptor; not therapeutic evidence
robust_leading_edge	MYO6	1	0	0.135532994923858	0	topological descriptor; not therapeutic evidence
robust_leading_edge	DBT	4	3.26116377890614e-06	0.666666666666667	0	topological descriptor; not therapeutic evidence
robust_leading_edge	PSMA7	19	3.14010542650735e-06	1	4.78225228789205e-17	topological descriptor; not therapeutic evidence
robust_leading_edge	PDLIM1	2	0	0.172703751617076	0	topological descriptor; not therapeutic evidence
robust_leading_edge	HSP90AB1	3	0.00420538343650347	0.195891415994131	0	topological descriptor; not therapeutic evidence
robust_leading_edge	ORC1	12	8.98336415386313e-05	0.154068090017311	0	topological descriptor; not therapeutic evidence
robust_leading_edge	IL13RA1	1	0	0.143741588156124	0	topological descriptor; not therapeutic evidence
robust_leading_edge	IFIT3	1	0	1	0	topological descriptor; not therapeutic evidence
robust_leading_edge	MMP9	4	0.00101892580562124	0.18144750254842	0	topological descriptor; not therapeutic evidence
robust_leading_edge	CDC20	7	0.00105710833583389	0.168083097261568	0	topological descriptor; not therapeutic evidence
robust_leading_edge	CTSA	1	0	0.666666666666667	0	topological descriptor; not therapeutic evidence
robust_leading_edge	SVBP	1	0	0.117388437019125	0	topological descriptor; not therapeutic evidence
robust_leading_edge	SDC4	3	0.00173656971226752	0.126241134751773	0	topological descriptor; not therapeutic evidence
robust_leading_edge	CAP1	3	0.00302880585965908	0.169793322734499	0	topological descriptor; not therapeutic evidence
robust_leading_edge	YWHAB	5	0.0012104647569071	0.182252559726962	0	topological descriptor; not therapeutic evidence
robust_leading_edge	LCN2	3	0.00125732357738071	0.181324278438031	0	topological descriptor; not therapeutic evidence
robust_leading_edge	MCU	1	0	1	0	topological descriptor; not therapeutic evidence
robust_leading_edge	CSF3R	2	0	0.164763961740204	0	topological descriptor; not therapeutic evidence
robust_leading_edge	PSMB2	19	3.14010542650735e-06	1	0	topological descriptor; not therapeutic evidence
robust_leading_edge	HDAC1	9	0.0115908857154694	0.208106001558846	0	topological descriptor; not therapeutic evidence
robust_leading_edge	SRC	18	0.0355462463299182	0.213003589948145	0	topological descriptor; not therapeutic evidence
robust_leading_edge	GSN	4	0.0015357342633917	0.200751879699248	0	topological descriptor; not therapeutic evidence
robust_leading_edge	OGDHL	3	0	0.6	0	topological descriptor; not therapeutic evidence
robust_leading_edge	EIF6	7	3.78221438267874e-05	0.14694551458448	0	topological descriptor; not therapeutic evidence
robust_leading_edge	C1QC	1	0	1	0	topological descriptor; not therapeutic evidence
robust_leading_edge	HSPG2	1	0	1	0	topological descriptor; not therapeutic evidence
robust_leading_edge	HLA-DMA	7	1.92434545207676e-06	0.120787152228003	0	topological descriptor; not therapeutic evidence
robust_leading_edge	PSMB9	15	5.43527296484357e-07	0.826086956521739	0	topological descriptor; not therapeutic evidence
robust_leading_edge	PSMB8	16	6.64585648883145e-07	0.863636363636364	0	topological descriptor; not therapeutic evidence
robust_leading_edge	TAP2	4	0	0.12744630071599	0	topological descriptor; not therapeutic evidence
robust_leading_edge	HLA-DQA2	6	0.000242693603229249	0.121033544877607	0	topological descriptor; not therapeutic evidence
robust_leading_edge	HLA-DQB1	5	0.000525877944109259	0.131884415905162	0	topological descriptor; not therapeutic evidence
robust_leading_edge	HLA-DRB5	7	0.000589527681369885	0.131982204646565	0	topological descriptor; not therapeutic evidence
robust_leading_edge	HCK	3	0.00109744155281078	0.207620528771384	0	topological descriptor; not therapeutic evidence
robust_leading_edge	CSNK2B	2	0.000869100147078487	0.122364802933089	0	topological descriptor; not therapeutic evidence
robust_leading_edge	BCL2L1	7	0.0105482850655415	0.189496096522356	0	topological descriptor; not therapeutic evidence
robust_leading_edge	HLA-C	10	0.00187413611516584	0.147188533627343	0	topological descriptor; not therapeutic evidence
robust_leading_edge	FLOT1	1	0	1	0	topological descriptor; not therapeutic evidence
robust_leading_edge	CTTN	6	0.0112954841375353	0.20158550396376	0	topological descriptor; not therapeutic evidence
robust_leading_edge	HLA-E	9	0.00271807723309965	0.147147974648664	0	topological descriptor; not therapeutic evidence
robust_leading_edge	BMI1	3	0.00260077811367765	0.13931646230107	0	topological descriptor; not therapeutic evidence
robust_leading_edge	HLA-G	8	2.95932763005596e-05	0.145029875067898	0	topological descriptor; not therapeutic evidence
robust_leading_edge	GNB1	6	0.00943617739426492	0.167136150234742	0	topological descriptor; not therapeutic evidence
robust_leading_edge	LRP4	1	0	0.153316106804479	0	topological descriptor; not therapeutic evidence
robust_leading_edge	OPTN	5	0.00468245852948426	0.156736131493983	0	topological descriptor; not therapeutic evidence
robust_leading_edge	DVL1	4	1.30446551156246e-05	0.75	0	topological descriptor; not therapeutic evidence
robust_leading_edge	PCNA	10	0.0054647518955709	0.140785657790667	0	topological descriptor; not therapeutic evidence
robust_leading_edge	AGRN	3	0.00173656971226752	0.181016949152542	0	topological descriptor; not therapeutic evidence
robust_leading_edge	BRCA2	6	0.0125479166486488	0.192432432432432	0	topological descriptor; not therapeutic evidence
robust_leading_edge	RPS6	12	0.0017475618963997	0.169685414680648	0	topological descriptor; not therapeutic evidence
robust_leading_edge	TMSB4X	1	0	0.160891834890027	0	topological descriptor; not therapeutic evidence
robust_leading_edge	SHROOM2	1	0	0.123783031988873	0	topological descriptor; not therapeutic evidence
robust_leading_edge	PSME1	15	1.08705459296871e-07	0.826086956521739	4.78225228789205e-17	topological descriptor; not therapeutic evidence
robust_leading_edge	KCNQ3	1	0	0.123211813567144	0	topological descriptor; not therapeutic evidence
robust_leading_edge	ALK	3	0.000869100147078487	0.178834561286001	0	topological descriptor; not therapeutic evidence
robust_leading_edge	DIAPH1	2	7.33761850253882e-06	0.141008714021653	0	topological descriptor; not therapeutic evidence
robust_leading_edge	PKP4	1	0	0.18567454798331	0	topological descriptor; not therapeutic evidence
robust_leading_edge	SQSTM1	5	0.0111764885406863	0.172091524331292	0	topological descriptor; not therapeutic evidence
robust_leading_edge	LILRB2	7	0.00275890273146841	0.149245388485187	0	topological descriptor; not therapeutic evidence
robust_leading_edge	TFPT	1	0	0.163602941176471	0	topological descriptor; not therapeutic evidence
robust_leading_edge	RPL13A	13	0.00688528205918945	0.17175940816983	0	topological descriptor; not therapeutic evidence
robust_leading_edge	DYNLL1	1	0	0.122786847551161	0	topological descriptor; not therapeutic evidence
robust_leading_edge	GRB2	6	0.0108826456720978	0.181324278438031	0	topological descriptor; not therapeutic evidence
robust_leading_edge	PIAS3	3	0.00259751694989874	0.207056998836758	0	topological descriptor; not therapeutic evidence
robust_leading_edge	NME2	2	0	1	0	topological descriptor; not therapeutic evidence
robust_leading_edge	KEAP1	4	0.0131586971630285	0.199700822737472	0	topological descriptor; not therapeutic evidence
robust_leading_edge	SUCLG1	2	8.15290944726535e-06	0.545454545454545	0	topological descriptor; not therapeutic evidence
robust_leading_edge	RPL24	12	0.000173198079180785	0.169631512071156	0	topological descriptor; not therapeutic evidence
robust_leading_edge	ACTN1	8	0.00763792069022327	0.208512299882858	0	topological descriptor; not therapeutic evidence
robust_leading_edge	BRD7	1	0	1	0	topological descriptor; not therapeutic evidence
robust_leading_edge	PPP3CB	1	0	1	0	topological descriptor; not therapeutic evidence
robust_leading_edge	CDK1	7	0.0030326601742954	0.168507415588514	0	topological descriptor; not therapeutic evidence
robust_leading_edge	PPP1CB	1	0	1	0	topological descriptor; not therapeutic evidence
robust_leading_edge	HLA-DRA	11	0.00189625215423263	0.127659574468085	0	topological descriptor; not therapeutic evidence
robust_leading_edge	EHMT2	1	0	1	0	topological descriptor; not therapeutic evidence
robust_leading_edge	IL4R	4	0.000873440600774697	0.16781898177247	0	topological descriptor; not therapeutic evidence
robust_leading_edge	YWHAZ	13	0.023081864669104	0.219482120838471	0	topological descriptor; not therapeutic evidence
robust_leading_edge	ITGB1	13	0.014496141645264	0.213343987215342	0	topological descriptor; not therapeutic evidence
robust_leading_edge	HLA-A	15	0.0100782946765161	0.145821955215729	0	topological descriptor; not therapeutic evidence
robust_leading_edge	ILK	2	1.63058188945307e-06	1	0	topological descriptor; not therapeutic evidence
robust_leading_edge	CSNK1E	2	0	0.5	0	topological descriptor; not therapeutic evidence
robust_leading_edge	GAPDH	2	0.00575375130840635	0.150042146670413	0	topological descriptor; not therapeutic evidence
robust_leading_edge	PTK2B	4	0.00103055830030288	0.191329272662128	0	topological descriptor; not therapeutic evidence
robust_leading_edge	IRF7	2	0.0013846779086707	0.154469192941857	5.97781535986506e-18	topological descriptor; not therapeutic evidence
robust_leading_edge	ITGB2	7	0.0115056121268106	0.194677360554138	0	topological descriptor; not therapeutic evidence
robust_leading_edge	CHMP1A	3	0	0.714285714285714	0	topological descriptor; not therapeutic evidence
robust_leading_edge	PCDHGA8	1	0	1	0	topological descriptor; not therapeutic evidence
robust_leading_edge	ROCK1	3	0.000869100147078487	0.141232478180376	0	topological descriptor; not therapeutic evidence
robust_leading_edge	DIAPH3	2	0.000415282398679299	0.162953921269454	0	topological descriptor; not therapeutic evidence
robust_leading_edge	CSF2RB	4	0.00259649157223442	0.175889328063241	0	topological descriptor; not therapeutic evidence
robust_leading_edge	RELA	13	0.0541901580538057	0.235865724381625	0	topological descriptor; not therapeutic evidence
robust_leading_edge	CDKN1A	7	0.0041035966310842	0.154513888888889	0	topological descriptor; not therapeutic evidence
robust_leading_edge	ARPC4	6	3.26116377890614e-07	0.16113458056729	0	topological descriptor; not therapeutic evidence
robust_leading_edge	RPSA	11	1.26227660216281e-05	0.169577643696412	0	topological descriptor; not therapeutic evidence
robust_leading_edge	ARPC1B	6	3.26116377890614e-07	0.16113458056729	0	topological descriptor; not therapeutic evidence
robust_leading_edge	CHEK1	3	0.00206454251890209	0.173602080624187	0	topological descriptor; not therapeutic evidence
robust_leading_edge	SMARCD2	1	0	0.160891834890027	0	topological descriptor; not therapeutic evidence
robust_leading_edge	CDC7	9	0.000112578148894986	0.151790790221717	0	topological descriptor; not therapeutic evidence
robust_leading_edge	HLA-DPA1	8	0.00103015038919699	0.131982204646565	0	topological descriptor; not therapeutic evidence
robust_leading_edge	C4A	1	0	0.0992749581706637	0	topological descriptor; not therapeutic evidence
robust_leading_edge	HLA-DMB	8	5.87867681197554e-06	0.12108843537415	0	topological descriptor; not therapeutic evidence
robust_leading_edge	HLA-B	9	0.000216924539497374	0.145069274653627	0	topological descriptor; not therapeutic evidence
robust_leading_edge	TNIK	1	0	0.18567454798331	0	topological descriptor; not therapeutic evidence
robust_leading_edge	RHOA	7	0.00684453123018719	0.164004914004914	0	topological descriptor; not therapeutic evidence
robust_leading_edge	SHC1	10	0.0110609038982112	0.206336939721793	0	topological descriptor; not therapeutic evidence
robust_leading_edge	TAPBP	6	1.05405483856529e-05	0.128954358850519	0	topological descriptor; not therapeutic evidence
robust_leading_edge	ACVR1	1	0	0.146703296703297	0	topological descriptor; not therapeutic evidence
robust_leading_edge	CDC45	16	0.00899072641374645	0.172815533980583	0	topological descriptor; not therapeutic evidence
robust_leading_edge	PSMA1	19	3.14010542650735e-06	1	4.78225228789205e-17	topological descriptor; not therapeutic evidence
robust_leading_edge	ATP6V1F	4	5.43527296484357e-07	1	0	topological descriptor; not therapeutic evidence
robust_leading_edge	IRF5	1	0	0.140047206923682	0	topological descriptor; not therapeutic evidence
robust_leading_edge	SH3BP2	1	0	0.142895370618143	0	topological descriptor; not therapeutic evidence
robust_leading_edge	RACK1	12	0.00268803362980374	0.172815533980583	0	topological descriptor; not therapeutic evidence
robust_leading_edge	LYN	9	0.0167875032989112	0.217781402936378	0	topological descriptor; not therapeutic evidence
robust_leading_edge	TYK2	3	1.03153716197067e-05	0.16542750929368	0	topological descriptor; not therapeutic evidence
robust_leading_edge	SPTBN2	1	0	0.120650700406688	0	topological descriptor; not therapeutic evidence
robust_leading_edge	CFL1	7	0.013145300693423	0.20381679389313	0	topological descriptor; not therapeutic evidence
robust_leading_edge	HIF1A	9	0.0210783961096746	0.226655348047538	0	topological descriptor; not therapeutic evidence
robust_leading_edge	KPNA2	1	0	1	0	topological descriptor; not therapeutic evidence
robust_leading_edge	DAPK3	1	0	0.126810733792448	0	topological descriptor; not therapeutic evidence
robust_leading_edge	RPL18	12	0.000989174503306767	0.169631512071156	0	topological descriptor; not therapeutic evidence
robust_leading_edge	TIMELESS	10	0.000620281785292632	0.164713140037014	0	topological descriptor; not therapeutic evidence
robust_leading_edge	SNW1	2	0.00173493913037807	0.121529358215749	0	topological descriptor; not therapeutic evidence
robust_leading_edge	ACTG1	15	0.0163599435968622	0.191672648959081	0	topological descriptor; not therapeutic evidence
robust_leading_edge	RPL26	12	0.000424236624512679	0.169631512071156	0	topological descriptor; not therapeutic evidence
robust_leading_edge	IKBKE	3	0.00309793365757166	0.165171667182184	0	topological descriptor; not therapeutic evidence
robust_leading_edge	RPL36	12	0.000424236624512679	0.169631512071156	0	topological descriptor; not therapeutic evidence
robust_leading_edge	MYL12A	2	6.8707650083914e-05	0.139827179890024	0	topological descriptor; not therapeutic evidence
robust_leading_edge	IRF3	5	0.00617323528071722	0.169201520912548	0	topological descriptor; not therapeutic evidence
robust_leading_edge	POLD1	7	0.00183973085253071	0.140157480314961	0	topological descriptor; not therapeutic evidence
robust_leading_edge	VAV1	5	0.00174599991086152	0.166666666666667	0	topological descriptor; not therapeutic evidence
robust_leading_edge	RUVBL2	6	0.0100658334232817	0.195532771878433	0	topological descriptor; not therapeutic evidence
robust_leading_edge	ADRM1	14	2.71763648242178e-07	0.791666666666667	0	topological descriptor; not therapeutic evidence
robust_leading_edge	CYFIP2	1	0	1	0	topological descriptor; not therapeutic evidence
robust_leading_edge	PSMC3	13	0	0.76	0	topological descriptor; not therapeutic evidence
robust_leading_edge	BTK	4	0.00976210859502747	0.1886925795053	0	topological descriptor; not therapeutic evidence
robust_leading_edge	DAPK2	1	0	0.123211813567144	0	topological descriptor; not therapeutic evidence
robust_leading_edge	TPM4	1	0	0.666666666666667	0	topological descriptor; not therapeutic evidence
robust_leading_edge	MYO1C	3	0.00555967368727158	0.162904209884076	0	topological descriptor; not therapeutic evidence
robust_leading_edge	VAMP3	1	0	0.375	0	topological descriptor; not therapeutic evidence
robust_leading_edge	OTUD5	1	0	0.365714285714286	0.0173803750294071	topological descriptor; not therapeutic evidence
robust_leading_edge	RBM22	2	1.0598782281445e-05	0.36	0	topological descriptor; not therapeutic evidence
robust_leading_edge	HAUS4	1	0	1	0	topological descriptor; not therapeutic evidence
robust_leading_edge	SIRT1	1	0	0.5	0	topological descriptor; not therapeutic evidence
robust_leading_edge	PSMD8	15	0.00072253548217956	0.393846153846154	0.021169223492981	topological descriptor; not therapeutic evidence
robust_leading_edge	STX1B	1	0	1	0	topological descriptor; not therapeutic evidence
robust_leading_edge	CENPM	4	0	1	0	topological descriptor; not therapeutic evidence
robust_leading_edge	EIF3D	29	1.9312615276634e-06	0.384384384384384	0.451931720359547	topological descriptor; not therapeutic evidence
robust_leading_edge	TUBB1	2	1.63058188945307e-06	1	0	topological descriptor; not therapeutic evidence
robust_leading_edge	PARD6A	1	0	0.666666666666667	0	topological descriptor; not therapeutic evidence
robust_leading_edge	EIF3E	23	0	0.377581120943953	0.394145877056175	topological descriptor; not therapeutic evidence
robust_leading_edge	PPP2CB	3	0.000410906636142174	0.232304900181488	2.9168160911271e-05	topological descriptor; not therapeutic evidence
robust_leading_edge	CDC37	2	1.95669826734368e-05	0.538461538461538	0	topological descriptor; not therapeutic evidence
robust_leading_edge	RPL19	52	6.33779459046965e-05	0.501960784313726	0.905382251318932	topological descriptor; not therapeutic evidence
robust_leading_edge	TMEM30A	1	0	1	0	topological descriptor; not therapeutic evidence
robust_leading_edge	BCL9	1	0	1	0	topological descriptor; not therapeutic evidence
robust_leading_edge	VAMP4	2	0	0.473684210526316	0	topological descriptor; not therapeutic evidence
robust_leading_edge	PKD2	1	0	1	0	topological descriptor; not therapeutic evidence
robust_leading_edge	CPSF3	1	0	0.346153846153846	0	topological descriptor; not therapeutic evidence
robust_leading_edge	NCAPH	1	0	1	0	topological descriptor; not therapeutic evidence
robust_leading_edge	SEC61A1	5	0.00120826118008473	0.288288288288288	0.00735339192722456	topological descriptor; not therapeutic evidence
robust_leading_edge	TTC21B	2	0	0.571428571428571	0	topological descriptor; not therapeutic evidence
robust_leading_edge	BBS2	2	6.52232755781228e-06	0.625	0	topological descriptor; not therapeutic evidence
robust_leading_edge	NCLN	24	0.00157677268710112	0.389057750759878	0.383917643923783	topological descriptor; not therapeutic evidence
robust_leading_edge	EIF3K	29	1.53266070191184e-06	0.384384384384384	0.452874685721823	topological descriptor; not therapeutic evidence
robust_leading_edge	STRIP2	1	0	0.5	0	topological descriptor; not therapeutic evidence
robust_leading_edge	SLX1A	1	0	1	0	topological descriptor; not therapeutic evidence
robust_leading_edge	TRPC4AP	1	0	0.6	0	topological descriptor; not therapeutic evidence
robust_leading_edge	UBE2M	1	0	1	0	topological descriptor; not therapeutic evidence
robust_leading_edge	EIF3G	29	1.53266070191184e-06	0.384384384384384	0.452874685721823	topological descriptor; not therapeutic evidence
robust_leading_edge	ATP6V1E1	2	3.26116377890614e-06	0.75	0	topological descriptor; not therapeutic evidence
robust_leading_edge	DCAF15	1	0	0.6	0	topological descriptor; not therapeutic evidence
robust_leading_edge	SNAP25	4	3.75033834574206e-05	0.6	0	topological descriptor; not therapeutic evidence
robust_leading_edge	EMC7	4	0	1	0	topological descriptor; not therapeutic evidence
robust_leading_edge	TIMM10	1	0	1	0	topological descriptor; not therapeutic evidence
robust_leading_edge	APC	1	0	0.666666666666667	0	topological descriptor; not therapeutic evidence
robust_leading_edge	CCT7	7	0.000164455830564838	0.296983758700696	0.00141665811957344	topological descriptor; not therapeutic evidence
robust_leading_edge	DYNC1LI2	3	5.70703661308575e-06	0.583333333333333	0	topological descriptor; not therapeutic evidence
robust_leading_edge	STX6	1	0	1	0	topological descriptor; not therapeutic evidence
robust_leading_edge	PSMB7	11	2.00594513450999e-05	0.386706948640483	0.0210810374144029	topological descriptor; not therapeutic evidence
robust_leading_edge	RPL35	52	6.33779459046965e-05	0.501960784313726	0.905382251318932	topological descriptor; not therapeutic evidence
robust_leading_edge	DERL1	2	1.30446551156246e-05	0.310344827586207	0	topological descriptor; not therapeutic evidence
robust_leading_edge	DCTN3	3	1.38599460603511e-05	0.636363636363636	0	topological descriptor; not therapeutic evidence
robust_leading_edge	IFT172	3	8.15290944726535e-07	0.428571428571429	0	topological descriptor; not therapeutic evidence
robust_leading_edge	PFDN1	5	1.10646628212887e-06	0.232304900181488	0.000109951041511883	topological descriptor; not therapeutic evidence
robust_leading_edge	SNX1	1	0	0.333333333333333	0	topological descriptor; not therapeutic evidence
robust_leading_edge	RHEB	1	0	1	0	topological descriptor; not therapeutic evidence
robust_leading_edge	GINS1	1	0	0.666666666666667	0	topological descriptor; not therapeutic evidence
robust_leading_edge	CFAP20	1	0	0.5	0	topological descriptor; not therapeutic evidence
robust_leading_edge	RPL8	54	8.62407023115826e-05	0.50996015936255	0.920694437894251	topological descriptor; not therapeutic evidence
robust_leading_edge	XRCC1	1	0	1	0	topological descriptor; not therapeutic evidence
robust_leading_edge	LIG1	1	0	0.5	0	topological descriptor; not therapeutic evidence
robust_leading_edge	IFT46	2	1.63058188945307e-06	0.346153846153846	0	topological descriptor; not therapeutic evidence
robust_leading_edge	PSMD3	12	9.52382764138606e-05	0.387878787878788	0.020776400506323	topological descriptor; not therapeutic evidence
robust_leading_edge	SIL1	1	0	0.344086021505376	0.0186395719386739	topological descriptor; not therapeutic evidence
robust_leading_edge	EMC4	4	0	1	0	topological descriptor; not therapeutic evidence
robust_leading_edge	COMMD4	1	0	1	0	topological descriptor; not therapeutic evidence
robust_leading_edge	BBS4	3	0	0.625	0	topological descriptor; not therapeutic evidence
robust_leading_edge	PSMB6	11	2.00594513450999e-05	0.386706948640483	0.0210810374144028	topological descriptor; not therapeutic evidence
robust_leading_edge	RPS11	62	0.000119649629757372	0.512	0.982541119041146	topological descriptor; not therapeutic evidence
robust_leading_edge	CTTNBP2NL	2	3.26116377890614e-06	0.75	0	topological descriptor; not therapeutic evidence
robust_leading_edge	ATP6V1A	1	0	0.5	0	topological descriptor; not therapeutic evidence
robust_leading_edge	RNF7	1	0	0.571428571428571	0	topological descriptor; not therapeutic evidence
robust_leading_edge	RPL37	52	6.33779459046965e-05	0.501960784313726	0.905382251318932	topological descriptor; not therapeutic evidence
robust_leading_edge	EGFR	3	1.79364007839838e-05	0.466666666666667	0	topological descriptor; not therapeutic evidence
robust_leading_edge	CCT6A	7	0.000694569649839527	0.298368298368298	0.00141564067465019	topological descriptor; not therapeutic evidence
robust_leading_edge	CENPU	4	0	1	0	topological descriptor; not therapeutic evidence
robust_leading_edge	CATSPER3	1	0	1	0	topological descriptor; not therapeutic evidence
robust_leading_edge	CENPH	4	0	1	1.19556307197301e-17	topological descriptor; not therapeutic evidence
robust_leading_edge	LY96	1	0	1	0	topological descriptor; not therapeutic evidence
robust_leading_edge	CCT8	7	0.000164455830564838	0.296983758700696	0.00141665811957346	topological descriptor; not therapeutic evidence
robust_leading_edge	KPNB1	2	2.77198921207022e-05	0.305084745762712	0	topological descriptor; not therapeutic evidence
robust_leading_edge	S100B	1	0	0.272727272727273	0	topological descriptor; not therapeutic evidence
robust_leading_edge	MRNIP	1	0	0.344086021505376	0.0186395719386739	topological descriptor; not therapeutic evidence
robust_leading_edge	EIF4A1	21	5.82350674804668e-08	0.367816091954023	0.325875457896321	topological descriptor; not therapeutic evidence
robust_leading_edge	UBXN1	1	0	1	0	topological descriptor; not therapeutic evidence
robust_leading_edge	RPL29	52	6.33779459046965e-05	0.501960784313726	0.905382251318932	topological descriptor; not therapeutic evidence
robust_leading_edge	TEKT4	5	0	0.692307692307692	0	topological descriptor; not therapeutic evidence
robust_leading_edge	BBS5	3	0	0.625	0	topological descriptor; not therapeutic evidence
robust_leading_edge	CCT3	7	0.000164455830564838	0.296983758700696	0.00141665811957348	topological descriptor; not therapeutic evidence
robust_leading_edge	SSR2	4	0.000203822736181634	0.226148409893993	0.000143595939744766	topological descriptor; not therapeutic evidence
robust_leading_edge	EFHB	7	2.09258009146477e-06	0.818181818181818	0	topological descriptor; not therapeutic evidence
robust_leading_edge	ATXN7	2	0	0.571428571428571	0	topological descriptor; not therapeutic evidence
robust_leading_edge	SYN1	2	2.2828146452343e-05	0.473684210526316	0	topological descriptor; not therapeutic evidence
robust_leading_edge	LZTFL1	3	0	0.625	0	topological descriptor; not therapeutic evidence
robust_leading_edge	RPS23	64	0.000145696794823921	0.520325203252033	0.997853305616466	topological descriptor; not therapeutic evidence
robust_leading_edge	WAPL	2	0	1	0	topological descriptor; not therapeutic evidence
robust_leading_edge	TAF10	3	6.52232755781228e-06	0.8	0	topological descriptor; not therapeutic evidence
robust_leading_edge	SNRPD1	7	0.000138599460603511	0.514285714285714	0	topological descriptor; not therapeutic evidence
robust_leading_edge	KRT16	1	0	1	0	topological descriptor; not therapeutic evidence
robust_leading_edge	TRAPPC1	3	3.26116377890614e-06	1	0	topological descriptor; not therapeutic evidence
robust_leading_edge	COPS6	2	0	0.666666666666667	5.97781535986506e-18	topological descriptor; not therapeutic evidence
robust_leading_edge	TCTN2	3	6.52232755781228e-06	0.8	0	topological descriptor; not therapeutic evidence
robust_leading_edge	U2AF2	2	1.63058188945307e-06	1	0	topological descriptor; not therapeutic evidence
robust_leading_edge	RPL13	53	7.04240579838878e-05	0.507936507936508	0.916934083009336	topological descriptor; not therapeutic evidence
robust_leading_edge	EEF2	11	0	0.377581120943953	0.200377674314967	topological descriptor; not therapeutic evidence
robust_leading_edge	RPL15	52	1.2485459937867e-05	0.490421455938697	0.909729355273726	topological descriptor; not therapeutic evidence
robust_leading_edge	PSMD1	4	3.8046910753905e-06	0.286995515695067	0.000500972106694956	topological descriptor; not therapeutic evidence
robust_leading_edge	RPL38	52	6.33779459046965e-05	0.501960784313726	0.905382251318932	topological descriptor; not therapeutic evidence
robust_leading_edge	PSMD2	6	0.000413080745328111	0.288288288288288	0.000889760323868282	topological descriptor; not therapeutic evidence
robust_leading_edge	PSMC5	11	2.61501923472514e-05	0.386706948640483	0.0210655201600845	topological descriptor; not therapeutic evidence
robust_leading_edge	LSM1	1	0	0.666666666666667	0	topological descriptor; not therapeutic evidence
robust_leading_edge	FANCI	2	0.000611468208544901	0.372093023255814	0.0173867393213393	topological descriptor; not therapeutic evidence
robust_leading_edge	SNX33	1	0	1	0	topological descriptor; not therapeutic evidence
robust_leading_edge	RPL4	54	8.62407023115826e-05	0.50996015936255	0.920694437894251	topological descriptor; not therapeutic evidence
robust_leading_edge	SRP68	4	0	0.358543417366947	0.0746262572971575	topological descriptor; not therapeutic evidence
robust_leading_edge	TLR8	1	0	1	0	topological descriptor; not therapeutic evidence
robust_leading_edge	PABPC1	2	2.77198921207022e-05	0.305084745762712	0	topological descriptor; not therapeutic evidence
robust_leading_edge	NPHP1	1	0	0.4	0	topological descriptor; not therapeutic evidence
robust_leading_edge	WDR35	2	0	0.571428571428571	0	topological descriptor; not therapeutic evidence
robust_leading_edge	SSR4	4	0.000203822736181634	0.226148409893993	0.000143595939744766	topological descriptor; not therapeutic evidence
robust_leading_edge	RABGGTB	1	0	0.666666666666667	0	topological descriptor; not therapeutic evidence
robust_leading_edge	RPS15A	64	0.000161567791881264	0.520325203252033	0.996239645115084	topological descriptor; not therapeutic evidence
robust_leading_edge	SPAST	1	0	1	0	topological descriptor; not therapeutic evidence
robust_leading_edge	FAM20C	1	0	1	0	topological descriptor; not therapeutic evidence
robust_leading_edge	SMC1A	2	0	1	0	topological descriptor; not therapeutic evidence
robust_leading_edge	IFT88	3	9.78349133671842e-06	0.428571428571429	0	topological descriptor; not therapeutic evidence
robust_leading_edge	PPP2R2A	2	0.00020708389996054	0.189349112426036	5.58052416430175e-07	topological descriptor; not therapeutic evidence
robust_leading_edge	NCBP2	4	8.72361310857393e-05	0.409090909090909	0	topological descriptor; not therapeutic evidence
robust_leading_edge	CLASP2	1	0	0.666666666666667	0	topological descriptor; not therapeutic evidence
robust_leading_edge	HEXIM1	1	0	0.368421052631579	0	topological descriptor; not therapeutic evidence
robust_leading_edge	TBK1	2	0	0.271186440677966	0.0003391381710492	topological descriptor; not therapeutic evidence
robust_leading_edge	ENKUR	7	2.09258009146477e-06	0.818181818181818	0	topological descriptor; not therapeutic evidence
robust_leading_edge	NPLOC4	2	2.93504740101553e-05	0.473684210526316	0	topological descriptor; not therapeutic evidence
robust_leading_edge	EEF1G	2	0	0.31219512195122	0.0120023104877777	topological descriptor; not therapeutic evidence
robust_leading_edge	EIF3C	27	1.18626989312062e-07	0.378698224852071	0.438269723819069	topological descriptor; not therapeutic evidence
robust_leading_edge	FAAP100	1	0	0.215488215488215	6.36429193213644e-06	topological descriptor; not therapeutic evidence
robust_leading_edge	EMC10	4	0	1	0	topological descriptor; not therapeutic evidence
robust_leading_edge	PACRG	4	0	0.6	0	topological descriptor; not therapeutic evidence
robust_leading_edge	STX3	5	3.42422196785145e-05	0.5625	0	topological descriptor; not therapeutic evidence
robust_leading_edge	TUBB	8	0.00192408662955462	0.405063291139241	0.0695214620704658	topological descriptor; not therapeutic evidence
robust_leading_edge	EEF1A1	36	0.000410906636142174	0.450704225352113	0.615561360308455	topological descriptor; not therapeutic evidence
robust_leading_edge	NELFB	1	0	0.304347826086957	0	topological descriptor; not therapeutic evidence
robust_leading_edge	PPL	1	0	1	0	topological descriptor; not therapeutic evidence
robust_leading_edge	HNRNPA1	1	0	0.295081967213115	0	topological descriptor; not therapeutic evidence
robust_leading_edge	RPS2	63	0.000129594798665572	0.518218623481781	0.993584630886606	topological descriptor; not therapeutic evidence
robust_leading_edge	SNRPD2	5	4.89174566835921e-06	0.439024390243902	0	topological descriptor; not therapeutic evidence
robust_leading_edge	RPL3	55	0.000143718713914803	0.512	0.922094899358482	topological descriptor; not therapeutic evidence
robust_leading_edge	RPL36AL	52	1.2485459937867e-05	0.490421455938697	0.909729355273726	topological descriptor; not therapeutic evidence
robust_leading_edge	RPL27A	53	0.000475915163936324	0.524590163934426	0.906686914477624	topological descriptor; not therapeutic evidence
robust_leading_edge	RPLP1	48	0	0.47940074906367	0.865355184581237	topological descriptor; not therapeutic evidence
robust_leading_edge	RPL22L1	1	0	0.344086021505376	0.0186395719386739	topological descriptor; not therapeutic evidence
robust_leading_edge	PRKAA1	1	0	1	0	topological descriptor; not therapeutic evidence
robust_leading_edge	PSMD12	2	0	0.284444444444444	0.000476132621620593	topological descriptor; not therapeutic evidence
robust_leading_edge	UVRAG	1	0	0.666666666666667	0	topological descriptor; not therapeutic evidence
robust_leading_edge	DYNC1H1	4	1.71211098392572e-05	0.7	0	topological descriptor; not therapeutic evidence
robust_leading_edge	NHEJ1	1	0	0.666666666666667	0	topological descriptor; not therapeutic evidence
robust_leading_edge	SYNE2	1	0	0.444444444444444	0	topological descriptor; not therapeutic evidence
robust_leading_edge	XRCC6	1	0	0.666666666666667	0	topological descriptor; not therapeutic evidence
robust_leading_edge	DNMT1	2	3.26116377890614e-06	0.75	0	topological descriptor; not therapeutic evidence
robust_leading_edge	DDA1	3	4.89174566835921e-06	1	0	topological descriptor; not therapeutic evidence
robust_leading_edge	EIF2B3	2	0	0.281318681318681	0.00882059324328906	topological descriptor; not therapeutic evidence
robust_leading_edge	WDHD1	2	1.63058188945307e-06	1	0	topological descriptor; not therapeutic evidence
robust_leading_edge	EIF3B	29	1.53266070191184e-06	0.384384384384384	0.452874685721824	topological descriptor; not therapeutic evidence
robust_leading_edge	SMURF1	2	1.63058188945307e-06	1	0	topological descriptor; not therapeutic evidence
robust_leading_edge	RPL12	51	6.48775437927006e-06	0.488549618320611	0.902191613720374	topological descriptor; not therapeutic evidence
robust_leading_edge	SMG5	1	0	1	0	topological descriptor; not therapeutic evidence
robust_leading_edge	RPL39	53	7.04240579838878e-05	0.507936507936508	0.916934083009336	topological descriptor; not therapeutic evidence
robust_leading_edge	PSMB5	12	0.000304106816487825	0.390243902439024	0.021097734956141	topological descriptor; not therapeutic evidence
robust_leading_edge	CAPN8	1	0	0.5	0	topological descriptor; not therapeutic evidence
robust_leading_edge	ASPM	1	0	1	0	topological descriptor; not therapeutic evidence
robust_leading_edge	CFAP45	1	0	0.473684210526316	0	topological descriptor; not therapeutic evidence
robust_leading_edge	CENPW	4	0	1	0	topological descriptor; not therapeutic evidence
robust_leading_edge	SNAPIN	1	0	1	0	topological descriptor; not therapeutic evidence
robust_leading_edge	PSMD4	14	0.000114083850130146	0.390243902439024	0.0214995990102319	topological descriptor; not therapeutic evidence
robust_leading_edge	ACTR1A	2	2.44587283417961e-06	0.5	0	topological descriptor; not therapeutic evidence
robust_leading_edge	DR1	2	4.89174566835921e-06	0.666666666666667	0	topological descriptor; not therapeutic evidence
robust_leading_edge	USP33	1	0	0.4	0	topological descriptor; not therapeutic evidence
robust_leading_edge	EFHC1	6	1.2229364170898e-06	0.75	0	topological descriptor; not therapeutic evidence
robust_leading_edge	MCTS1	20	0	0.371014492753623	0.377997895953505	topological descriptor; not therapeutic evidence
robust_leading_edge	RNF113A	5	4.89174566835921e-06	0.439024390243902	0	topological descriptor; not therapeutic evidence
robust_leading_edge	RPL7A	54	8.62407023115826e-05	0.50996015936255	0.920694437894251	topological descriptor; not therapeutic evidence
robust_leading_edge	SH3GLB2	1	0	0.666666666666667	0	topological descriptor; not therapeutic evidence
robust_leading_edge	NUP188	1	0	1	0	topological descriptor; not therapeutic evidence
robust_leading_edge	PPIE	3	0	0.36	0	topological descriptor; not therapeutic evidence
robust_leading_edge	UTP11	12	0	0.355555555555556	0.227464465709751	topological descriptor; not therapeutic evidence
robust_leading_edge	AGO4	1	0	0.666666666666667	0	topological descriptor; not therapeutic evidence
robust_leading_edge	CDK9	3	2.2828146452343e-05	0.538461538461538	0	topological descriptor; not therapeutic evidence
robust_leading_edge	TRAF3IP1	3	9.78349133671842e-06	0.428571428571429	0	topological descriptor; not therapeutic evidence
robust_leading_edge	RBBP4	2	6.52232755781228e-06	0.5	0	topological descriptor; not therapeutic evidence
robust_leading_edge	EIF3I	28	1.47442563443137e-06	0.383233532934132	0.444393582933741	topological descriptor; not therapeutic evidence
robust_leading_edge	RPS4X	64	0.000198672259936152	0.520325203252033	0.991524618044159	topological descriptor; not therapeutic evidence
robust_leading_edge	RPL10A	51	1.48013014485733e-05	0.488549618320611	0.89712389541168	topological descriptor; not therapeutic evidence
robust_leading_edge	ZWINT	1	0	1	0	topological descriptor; not therapeutic evidence
robust_leading_edge	ZNF593	23	0	0.372093023255814	0.401662919664033	topological descriptor; not therapeutic evidence
robust_leading_edge	EIF2S2	31	0.000613134608358246	0.387878787878788	0.452377762636724	topological descriptor; not therapeutic evidence
robust_leading_edge	HSPA1B	1	0	1	0	topological descriptor; not therapeutic evidence
robust_leading_edge	EXOSC10	6	0	0.349726775956284	0.114390700133969	topological descriptor; not therapeutic evidence
robust_leading_edge	RPS16	62	0.000119649629757372	0.512	0.982541119041146	topological descriptor; not therapeutic evidence
robust_leading_edge	IPO7	1	0	0.344086021505376	0.0186395719386739	topological descriptor; not therapeutic evidence
robust_leading_edge	DDX58	2	0	0.271186440677966	0.000339138171049188	topological descriptor; not therapeutic evidence
robust_leading_edge	RBBP7	2	9.78349133671842e-06	0.625	0	topological descriptor; not therapeutic evidence
robust_leading_edge	BCL7C	1	0	1	0	topological descriptor; not therapeutic evidence
robust_leading_edge	HMGN1	1	0	0.344086021505376	0.0186395719386739	topological descriptor; not therapeutic evidence
robust_leading_edge	CCP110	2	4.89174566835921e-06	0.571428571428571	0	topological descriptor; not therapeutic evidence
robust_leading_edge	FANCA	3	0.000412537218031627	0.274089935760171	0.000332769128995931	topological descriptor; not therapeutic evidence
robust_leading_edge	RPS9	64	0.000161567791881264	0.520325203252033	0.996239645115084	topological descriptor; not therapeutic evidence
robust_leading_edge	MKS1	2	0	0.571428571428571	0	topological descriptor; not therapeutic evidence
robust_leading_edge	RPL34	53	7.04240579838878e-05	0.507936507936508	0.916934083009336	topological descriptor; not therapeutic evidence
robust_leading_edge	MPRIP	1	0	1	0	topological descriptor; not therapeutic evidence
robust_leading_edge	TEKT3	7	1.33707714935152e-05	0.818181818181818	0	topological descriptor; not therapeutic evidence
robust_leading_edge	RPS29	63	0.000160439972741059	0.518218623481781	0.991224737465922	topological descriptor; not therapeutic evidence
robust_leading_edge	RPL14	53	7.04240579838878e-05	0.507936507936508	0.916934083009336	topological descriptor; not therapeutic evidence
robust_leading_edge	RPS8	65	0.000178960665368764	0.522448979591837	1	topological descriptor; not therapeutic evidence
robust_leading_edge	ING4	1	0	1	0	topological descriptor; not therapeutic evidence
robust_leading_edge	EMC6	4	0	1	1.19556307197301e-17	topological descriptor; not therapeutic evidence
robust_leading_edge	BLOC1S5	1	0	1	0	topological descriptor; not therapeutic evidence
robust_leading_edge	CFAP53	8	1.51372352070893e-05	0.9	0	topological descriptor; not therapeutic evidence
robust_leading_edge	RABGGTA	2	1.63058188945307e-06	1	0	topological descriptor; not therapeutic evidence
robust_leading_edge	WDR19	3	6.52232755781228e-06	0.8	0	topological descriptor; not therapeutic evidence
robust_leading_edge	CUL4B	4	8.15290944726535e-06	1	0	topological descriptor; not therapeutic evidence
robust_leading_edge	GATAD2A	1	0	0.416666666666667	0	topological descriptor; not therapeutic evidence
robust_leading_edge	ELAVL1	1	0	0.295081967213115	0	topological descriptor; not therapeutic evidence
robust_leading_edge	RPS14	62	0.000117496458206214	0.516129032258065	0.987977462196394	topological descriptor; not therapeutic evidence
robust_leading_edge	PSMD14	13	4.11437810545556e-05	0.294252873563218	0.00372084938673588	topological descriptor; not therapeutic evidence
robust_leading_edge	RPL31	53	7.04240579838878e-05	0.507936507936508	0.916934083009336	topological descriptor; not therapeutic evidence
robust_leading_edge	UBA52	66	0.00522509591537245	0.573991031390135	0.908766021706995	topological descriptor; not therapeutic evidence
robust_leading_edge	RPL23A	53	7.04240579838878e-05	0.507936507936508	0.916934083009336	topological descriptor; not therapeutic evidence
robust_leading_edge	INO80C	1	0	1	0	topological descriptor; not therapeutic evidence
robust_leading_edge	NECAP2	1	0	1	0	topological descriptor; not therapeutic evidence
robust_leading_edge	RPS18	65	0.000178960665368764	0.522448979591837	1	topological descriptor; not therapeutic evidence
robust_leading_edge	COMMD5	1	0	0.344086021505376	0.0186395719386739	topological descriptor; not therapeutic evidence
robust_leading_edge	IK	4	0	0.428571428571429	0	topological descriptor; not therapeutic evidence
robust_leading_edge	PSMD13	13	9.5930038427568e-05	0.389057750759878	0.0211657166031072	topological descriptor; not therapeutic evidence
robust_leading_edge	TTC21A	1	0	0.444444444444444	0	topological descriptor; not therapeutic evidence
robust_leading_edge	RANGAP1	1	0	1	0	topological descriptor; not therapeutic evidence
robust_leading_edge	TBC1D5	1	0	1	0	topological descriptor; not therapeutic evidence
robust_leading_edge	SNRPB	7	0.000130446551156246	0.514285714285714	0	topological descriptor; not therapeutic evidence
robust_leading_edge	RPL10	50	6.18386047220552e-05	0.501960784313726	0.876917248097389	topological descriptor; not therapeutic evidence
robust_leading_edge	RPS24	62	0.000117496458206214	0.516129032258065	0.987977462196394	topological descriptor; not therapeutic evidence
robust_leading_edge	EIF2B1	1	0	0.220309810671256	0.000168756596908144	topological descriptor; not therapeutic evidence
robust_leading_edge	RPL32	53	7.04240579838878e-05	0.507936507936508	0.916934083009336	topological descriptor; not therapeutic evidence
robust_leading_edge	RPL37A	53	7.04240579838878e-05	0.507936507936508	0.916934083009336	topological descriptor; not therapeutic evidence
robust_leading_edge	PSMD6	14	0.000285892828548851	0.390243902439024	0.0211746518681546	topological descriptor; not therapeutic evidence
robust_leading_edge	WWTR1	1	0	1	0	topological descriptor; not therapeutic evidence
robust_leading_edge	RPL23	53	7.04240579838878e-05	0.507936507936508	0.916934083009336	topological descriptor; not therapeutic evidence
robust_leading_edge	CAST	2	3.26116377890614e-06	0.75	0	topological descriptor; not therapeutic evidence
robust_leading_edge	RPS20	61	0.000104634688191992	0.50996015936255	0.978272444311287	topological descriptor; not therapeutic evidence
robust_leading_edge	EIF3H	29	1.84757557883962e-06	0.384384384384384	0.442322118697795	topological descriptor; not therapeutic evidence
robust_leading_edge	EIF5AL1	1	0	0.344086021505376	0.0186395719386739	topological descriptor; not therapeutic evidence
robust_leading_edge	RPLP2	48	0	0.47940074906367	0.865355184581237	topological descriptor; not therapeutic evidence
robust_leading_edge	EIF3F	29	7.9523134674944e-07	0.384384384384384	0.454155871388144	topological descriptor; not therapeutic evidence
robust_leading_edge	FAU	67	0.00150927730469841	0.522448979591837	0.974605531144737	topological descriptor; not therapeutic evidence
robust_leading_edge	CAPN1	2	3.26116377890614e-06	0.75	0	topological descriptor; not therapeutic evidence
robust_leading_edge	RPS25	62	0.000113288979771041	0.516129032258065	0.989824276001691	topological descriptor; not therapeutic evidence
robust_leading_edge	TRAPPC4	2	0	0.75	0	topological descriptor; not therapeutic evidence
robust_leading_edge	ZMYND8	1	0	0.416666666666667	0	topological descriptor; not therapeutic evidence
robust_leading_edge	PSMD9	8	3.11292906168313e-07	0.289592760180996	0.00289398292673094	topological descriptor; not therapeutic evidence
robust_leading_edge	TMEM258	3	0	0.185238784370478	5.59971162820228e-06	topological descriptor; not therapeutic evidence
robust_leading_edge	CEP290	2	6.52232755781228e-06	0.666666666666667	0	topological descriptor; not therapeutic evidence
robust_leading_edge	NACA	27	0	0.41025641025641	0.470420699470093	topological descriptor; not therapeutic evidence
robust_leading_edge	RPLP0	53	0.000385924160054999	0.512	0.907256631763982	topological descriptor; not therapeutic evidence
robust_leading_edge	RPL28	53	0.000475915163936324	0.524590163934426	0.906686914477624	topological descriptor; not therapeutic evidence
robust_leading_edge	RPL27	52	6.33779459046965e-05	0.501960784313726	0.905382251318932	topological descriptor; not therapeutic evidence
robust_leading_edge	RPS15	58	7.95339399511343e-05	0.503937007874016	0.956459515806023	topological descriptor; not therapeutic evidence
robust_leading_edge	RPS5	65	0.000211314127691995	0.522448979591837	0.997131786734371	topological descriptor; not therapeutic evidence
robust_leading_edge	RPS10	62	0.000113288979771041	0.516129032258065	0.989824276001691	topological descriptor; not therapeutic evidence
robust_leading_edge	RPS7	61	0.000108743343482349	0.50996015936255	0.97642563050599	topological descriptor; not therapeutic evidence
robust_leading_edge	DVL3	1	0	0.428571428571429	0	topological descriptor; not therapeutic evidence
robust_leading_edge	HLA-DOB	7	8.13949154282833e-06	0.12100611828688	0	topological descriptor; not therapeutic evidence
robust_leading_edge	HLA-DPB1	10	0.000738570577098574	0.131721756290084	0	topological descriptor; not therapeutic evidence
robust_leading_edge	MUS81	1	0	1	0	topological descriptor; not therapeutic evidence
robust_leading_edge	NGFR	1	0	1	0	topological descriptor; not therapeutic evidence
robust_leading_edge	PSMB3	19	3.14010542650735e-06	1	0	topological descriptor; not therapeutic evidence
robust_leading_edge	RFC4	2	0	0.123496762257169	0	topological descriptor; not therapeutic evidence
robust_leading_edge	DSP	2	0	1	0	topological descriptor; not therapeutic evidence
robust_leading_edge	TNIP2	1	0	0.154335260115607	0	topological descriptor; not therapeutic evidence
robust_leading_edge	TNFRSF1B	1	0	0.154335260115607	0	topological descriptor; not therapeutic evidence
robust_leading_edge	FAS	3	0.00323427125020813	0.15973676338618	0	topological descriptor; not therapeutic evidence
robust_leading_edge	TUBA1A	8	0.0135831547846164	0.13296812749004	0	topological descriptor; not therapeutic evidence
robust_leading_edge	PLEC	1	0	0.152964766542538	0	topological descriptor; not therapeutic evidence
robust_leading_edge	GNPTAB	1	0	1	0	topological descriptor; not therapeutic evidence
robust_leading_edge	NCK2	1	0	0.666666666666667	0	topological descriptor; not therapeutic evidence
robust_leading_edge	RGS3	1	0	0.666666666666667	0	topological descriptor; not therapeutic evidence
robust_leading_edge	OGDH	4	1.30446551156246e-05	0.75	0	topological descriptor; not therapeutic evidence
robust_leading_edge	SPACA9	1	0	1	0	topological descriptor; not therapeutic evidence
robust_leading_edge	CCNA2	7	0.00848605509109149	0.175831412578202	0	topological descriptor; not therapeutic evidence
robust_leading_edge	MCM3	17	0.00211889314822088	0.161037394451146	0	topological descriptor; not therapeutic evidence
robust_leading_edge	CTNNB1	15	0.0342144305156939	0.227912932138284	0	topological descriptor; not therapeutic evidence
robust_leading_edge	MAPK14	1	0	0.169793322734499	0	topological descriptor; not therapeutic evidence
robust_leading_edge	DUSP6	1	0	0.169793322734499	0	topological descriptor; not therapeutic evidence
robust_leading_edge	MAP2K2	1	0	0.169793322734499	0	topological descriptor; not therapeutic evidence
robust_leading_edge	LGALS3BP	1	0	0.153228120516499	0	topological descriptor; not therapeutic evidence
robust_leading_edge	SPTAN1	2	0.000869100147078487	0.137169278191626	0	topological descriptor; not therapeutic evidence
robust_leading_edge	MYH14	3	0.0012716122928755	0.162408759124088	0	topological descriptor; not therapeutic evidence
robust_leading_edge	TSG101	1	0	0.555555555555556	0	topological descriptor; not therapeutic evidence
robust_leading_edge	CHMP4A	1	0	0.555555555555556	0	topological descriptor; not therapeutic evidence
robust_leading_edge	CHMP2A	3	0	0.714285714285714	0	topological descriptor; not therapeutic evidence
robust_leading_edge	CD63	2	0.000720089779480464	0.176179478719894	0	topological descriptor; not therapeutic evidence
robust_leading_edge	MMP14	1	0	0.138091543832428	0	topological descriptor; not therapeutic evidence
robust_leading_edge	NOD2	1	0	0.109718512430655	0	topological descriptor; not therapeutic evidence
robust_leading_edge	NOD1	1	0	0.109718512430655	0	topological descriptor; not therapeutic evidence
robust_leading_edge	CCNH	3	0.000869100147078487	0.12404181184669	0	topological descriptor; not therapeutic evidence
robust_leading_edge	POLR2E	4	0.00601521659019238	0.164307692307692	0	topological descriptor; not therapeutic evidence
robust_leading_edge	BGN	2	0.000869100147078487	0.153846153846154	0	topological descriptor; not therapeutic evidence
robust_leading_edge	COLGALT1	2	0.00173493913037807	0.153934851542231	0	topological descriptor; not therapeutic evidence
robust_leading_edge	BCAP31	2	0.000869100147078487	0.136016301579216	0	topological descriptor; not therapeutic evidence
robust_leading_edge	CHMP4C	1	0	1	0	topological descriptor; not therapeutic evidence
robust_leading_edge	COL5A1	1	0	0.153757558306939	0	topological descriptor; not therapeutic evidence
robust_leading_edge	SYMPK	1	0	1	0	topological descriptor; not therapeutic evidence
robust_leading_edge	SELP	1	0	1	0	topological descriptor; not therapeutic evidence
robust_leading_edge	RAD51	7	0.00765576958210592	0.201509433962264	0	topological descriptor; not therapeutic evidence
robust_leading_edge	RSPH1	1	0	1	0	topological descriptor; not therapeutic evidence
robust_leading_edge	MCAM	1	0	1	0	topological descriptor; not therapeutic evidence
robust_leading_edge	PROS1	1	0	0.666666666666667	0	topological descriptor; not therapeutic evidence
robust_leading_edge	AP2S1	2	0	0.0925958037107682	0	topological descriptor; not therapeutic evidence
robust_leading_edge	ADGRL2	2	0.000869100147078487	0.100773730892621	0	topological descriptor; not therapeutic evidence
robust_leading_edge	CFI	1	0	0.140748550342646	0	topological descriptor; not therapeutic evidence
robust_leading_edge	CD55	3	0.00346172535130887	0.141045958795563	0	topological descriptor; not therapeutic evidence
robust_leading_edge	ITGAM	3	0.000121387762881506	0.164916615194565	0	topological descriptor; not therapeutic evidence
robust_leading_edge	CFB	1	0	0.140748550342646	0	topological descriptor; not therapeutic evidence
robust_leading_edge	CASP1	3	0.000433734782594517	0.136050955414013	0	topological descriptor; not therapeutic evidence
robust_leading_edge	CDC42	9	0.0209999495052581	0.194464675892207	0	topological descriptor; not therapeutic evidence
robust_leading_edge	ARHGDIA	4	0.00132683060099338	0.147026431718062	0	topological descriptor; not therapeutic evidence
robust_leading_edge	CYBB	3	0.00116286396818099	0.176179478719894	0	topological descriptor; not therapeutic evidence
robust_leading_edge	NOTCH1	7	0.00859887359403076	0.138163001293661	0	topological descriptor; not therapeutic evidence
robust_leading_edge	RRM1	1	0	1	0	topological descriptor; not therapeutic evidence
robust_leading_edge	A2M	1	0	0.428571428571429	0	topological descriptor; not therapeutic evidence
robust_leading_edge	TREM2	2	1.30446551156246e-05	0.6	0	topological descriptor; not therapeutic evidence
robust_leading_edge	VLDLR	1	0	0.428571428571429	0	topological descriptor; not therapeutic evidence
robust_leading_edge	APOC2	1	0	0.428571428571429	0	topological descriptor; not therapeutic evidence
robust_leading_edge	SYNPO	1	0	0.157708210277614	0	topological descriptor; not therapeutic evidence
robust_leading_edge	ELOC	3	0.00268272357061689	0.173095623987034	0	topological descriptor; not therapeutic evidence
robust_leading_edge	RXRG	2	0.000869100147078487	0.129016670693404	0	topological descriptor; not therapeutic evidence
robust_leading_edge	NCOR2	2	0.00206674590804507	0.17275962471692	0	topological descriptor; not therapeutic evidence
robust_leading_edge	SLC3A2	3	0.00174309203982533	0.155277697004943	0	topological descriptor; not therapeutic evidence
robust_leading_edge	CSPG4	1	0	0.154872389791183	0	topological descriptor; not therapeutic evidence
robust_leading_edge	CLEC7A	2	0.0012029397568232	0.158316039134302	0	topological descriptor; not therapeutic evidence
robust_leading_edge	MYD88	7	0.00855832645438592	0.162804878048781	0	topological descriptor; not therapeutic evidence
robust_leading_edge	CCND3	1	0	0.10994441012971	0	topological descriptor; not therapeutic evidence
robust_leading_edge	ITGA6	2	0	0.176121372031662	0	topological descriptor; not therapeutic evidence
robust_leading_edge	SEMA7A	1	0	1	0	topological descriptor; not therapeutic evidence
robust_leading_edge	B2M	13	0.00276390587818603	0.145227087299429	0	topological descriptor; not therapeutic evidence
robust_leading_edge	CD14	1	0	0.129047849202513	0	topological descriptor; not therapeutic evidence
robust_leading_edge	PRC1	2	0.00431288909760337	0.105721639279351	0	topological descriptor; not therapeutic evidence
robust_leading_edge	COL8A2	1	0	1	0	topological descriptor; not therapeutic evidence
robust_leading_edge	HEXA	1	0	1	0	topological descriptor; not therapeutic evidence
robust_leading_edge	SPC24	3	0	0.132440476190476	0	topological descriptor; not therapeutic evidence
robust_leading_edge	NCF4	2	0.000869100147078487	0.140526315789474	0	topological descriptor; not therapeutic evidence
robust_leading_edge	ALDH1B1	1	0	1	0	topological descriptor; not therapeutic evidence
robust_leading_edge	FBLN5	1	0	1	0	topological descriptor; not therapeutic evidence
robust_leading_edge	TGFBR1	3	0.00147891587660273	0.171869971033151	0	topological descriptor; not therapeutic evidence
robust_leading_edge	CDK5	1	0	0.118693042898422	0	topological descriptor; not therapeutic evidence
robust_leading_edge	DYNC1I2	1	0	0.112705783030815	0	topological descriptor; not therapeutic evidence
robust_leading_edge	TWF1	2	0.00173493913037807	0.14534567229178	0	topological descriptor; not therapeutic evidence
robust_leading_edge	MAML1	1	0	0.0979097909790979	0	topological descriptor; not therapeutic evidence
robust_leading_edge	STX4	1	0	1	0	topological descriptor; not therapeutic evidence
robust_leading_edge	CALM2	6	0.0043291949164979	0.140489344909234	0	topological descriptor; not therapeutic evidence
robust_leading_edge	NECTIN4	1	0	1	0	topological descriptor; not therapeutic evidence
robust_leading_edge	LAMB3	1	0	0.115534400692341	0	topological descriptor; not therapeutic evidence
robust_leading_edge	PTK7	1	0	0.666666666666667	0	topological descriptor; not therapeutic evidence
robust_leading_edge	FZD6	1	0	0.666666666666667	0	topological descriptor; not therapeutic evidence
robust_leading_edge	NDUFA13	1	0	0.189765458422175	2.98890767993253e-18	topological descriptor; not therapeutic evidence
robust_leading_edge	JAK3	7	0.00252760609977345	0.196975285872372	0	topological descriptor; not therapeutic evidence
robust_leading_edge	JAK1	8	0.00429148275804438	0.200149925037481	0	topological descriptor; not therapeutic evidence
robust_leading_edge	SELL	2	0.000173562691316851	0.157290132547865	0	topological descriptor; not therapeutic evidence
robust_leading_edge	CASP7	3	0	0.136016301579216	0	topological descriptor; not therapeutic evidence
robust_leading_edge	RNASEK	4	5.43527296484357e-07	1	0	topological descriptor; not therapeutic evidence
robust_leading_edge	GRB7	4	0.000461746012156639	0.178714859437751	0	topological descriptor; not therapeutic evidence
robust_leading_edge	ARHGEF2	1	0	0.173489278752437	0	topological descriptor; not therapeutic evidence
robust_leading_edge	GIT1	2	0.00173493913037807	0.173715029277814	0	topological descriptor; not therapeutic evidence
robust_leading_edge	SP100	1	0	0.139171227521501	0	topological descriptor; not therapeutic evidence
robust_leading_edge	MUC1	2	0.000171612480654593	0.18022274721566	0	topological descriptor; not therapeutic evidence
robust_leading_edge	TGFA	1	0	0.159023228111971	0	topological descriptor; not therapeutic evidence
robust_leading_edge	PLXNB1	2	0	0.179375209942896	0	topological descriptor; not therapeutic evidence
robust_leading_edge	ANXA1	1	0	1	0	topological descriptor; not therapeutic evidence
robust_leading_edge	DLC1	1	0	0.148045467147214	0	topological descriptor; not therapeutic evidence
robust_leading_edge	HRAS	1	0	0.148045467147214	0	topological descriptor; not therapeutic evidence
robust_leading_edge	TRAK2	1	0	1	0	topological descriptor; not therapeutic evidence
robust_leading_edge	TNFRSF10C	1	0	0.134407248930279	0	topological descriptor; not therapeutic evidence
robust_leading_edge	CDKN2A	3	0.00952064824911302	0.196975285872372	0	topological descriptor; not therapeutic evidence
robust_leading_edge	RPS19	11	1.26227660216281e-05	0.169577643696412	0	topological descriptor; not therapeutic evidence
robust_leading_edge	MYL12B	1	0	1	0	topological descriptor; not therapeutic evidence
robust_leading_edge	CSF1	1	0	0.133200299326515	0	topological descriptor; not therapeutic evidence
robust_leading_edge	ISG15	3	0.00173656971226752	0.144911804613297	0	topological descriptor; not therapeutic evidence
robust_leading_edge	BUB3	3	0	0.150337837837838	0	topological descriptor; not therapeutic evidence
robust_leading_edge	RBBP8	1	0	0.149120357442055	0	topological descriptor; not therapeutic evidence
robust_leading_edge	GRB10	2	0.000869100147078487	0.155052264808362	0	topological descriptor; not therapeutic evidence
robust_leading_edge	PTPRU	1	0	0.154962275101567	0	topological descriptor; not therapeutic evidence
robust_leading_edge	CCNE2	1	0	0.128334534967556	0	topological descriptor; not therapeutic evidence
robust_leading_edge	FCGR1A	2	3.26116377890614e-06	0.75	0	topological descriptor; not therapeutic evidence
robust_leading_edge	BBC3	2	0	0.161720169594185	0	topological descriptor; not therapeutic evidence
robust_leading_edge	BAK1	1	0	0.155912408759124	0	topological descriptor; not therapeutic evidence
robust_leading_edge	PSENEN	3	0.00173493913037807	0.158456973293769	0	topological descriptor; not therapeutic evidence
robust_leading_edge	GAS6	1	0	1	0	topological descriptor; not therapeutic evidence
robust_leading_edge	TACSTD2	2	1.63058188945307e-06	1	0	topological descriptor; not therapeutic evidence
robust_leading_edge	PARP9	1	0	0.148250971682399	0	topological descriptor; not therapeutic evidence
robust_leading_edge	GGA3	3	0.00173656971226752	0.080518697225573	0	topological descriptor; not therapeutic evidence
robust_leading_edge	SPRED2	1	0	1	0	topological descriptor; not therapeutic evidence
robust_leading_edge	C4B	2	0.000869100147078487	0.110193974411886	0	topological descriptor; not therapeutic evidence
robust_leading_edge	CBFB	2	0.00345683360564051	0.161524500907441	0	topological descriptor; not therapeutic evidence
robust_leading_edge	HMMR	1	0	0.0954935622317597	0	topological descriptor; not therapeutic evidence
robust_leading_edge	GDI1	1	0	0.119489818751399	0	topological descriptor; not therapeutic evidence
robust_leading_edge	RABIF	1	0	0.119489818751399	0	topological descriptor; not therapeutic evidence
robust_leading_edge	CDCA8	2	0	0.160794941282746	0	topological descriptor; not therapeutic evidence
robust_leading_edge	CUL1	2	0.000869100147078487	0.11125	0	topological descriptor; not therapeutic evidence
robust_leading_edge	AMBRA1	3	0.00491370384921544	0.139937106918239	0	topological descriptor; not therapeutic evidence
robust_leading_edge	WDTC1	1	0	0.111203665139525	0	topological descriptor; not therapeutic evidence
robust_leading_edge	PEA15	1	0	0.133868137377789	0	topological descriptor; not therapeutic evidence
robust_leading_edge	FAF1	1	0	0.133868137377789	0	topological descriptor; not therapeutic evidence
robust_leading_edge	TRIAP1	1	0	1	0	topological descriptor; not therapeutic evidence
robust_leading_edge	DLG4	3	0.000869100147078487	0.173376623376623	0	topological descriptor; not therapeutic evidence
robust_leading_edge	ADH1C	1	0	1	0	topological descriptor; not therapeutic evidence
robust_leading_edge	PLXNB2	2	0.000869100147078487	0.175484719027276	0	topological descriptor; not therapeutic evidence
robust_leading_edge	NEU1	2	1.63058188945307e-06	1	0	topological descriptor; not therapeutic evidence
robust_leading_edge	CRLF1	1	0	1	0	topological descriptor; not therapeutic evidence
robust_leading_edge	PRKAR1B	1	0	1	0	topological descriptor; not therapeutic evidence
robust_leading_edge	DNAL1	1	0	1	0	topological descriptor; not therapeutic evidence
robust_leading_edge	ARRB2	1	0	0.666666666666667	0	topological descriptor; not therapeutic evidence
robust_leading_edge	APLNR	1	0	0.111902766135792	0	topological descriptor; not therapeutic evidence
robust_leading_edge	C5AR1	1	0	0.111902766135792	0	topological descriptor; not therapeutic evidence
robust_leading_edge	KIF20A	1	0	0.160746538229982	0	topological descriptor; not therapeutic evidence
robust_leading_edge	RCC2	1	0	0.160746538229982	0	topological descriptor; not therapeutic evidence
robust_leading_edge	SERPINA1	1	0	1	0	topological descriptor; not therapeutic evidence
robust_leading_edge	LGALS8	1	0	0.159880239520958	0	topological descriptor; not therapeutic evidence
robust_leading_edge	CD9	1	0	0.159880239520958	0	topological descriptor; not therapeutic evidence
robust_leading_edge	IRF9	4	8.88667129751923e-06	0.17468105986261	0	topological descriptor; not therapeutic evidence
robust_leading_edge	PTPN6	4	0.00724508572758568	0.170280612244898	0	topological descriptor; not therapeutic evidence
robust_leading_edge	WASF1	1	0	0.13997378768021	0	topological descriptor; not therapeutic evidence
robust_leading_edge	EPS8	1	0	0.13997378768021	0	topological descriptor; not therapeutic evidence
robust_leading_edge	BLOC1S2	2	0	1	0	topological descriptor; not therapeutic evidence
robust_leading_edge	TUBA1C	3	4.07645472363268e-07	0.105575326215896	0	topological descriptor; not therapeutic evidence
robust_leading_edge	PARD6B	1	0	1	0	topological descriptor; not therapeutic evidence
robust_leading_edge	ENO1	4	0.00558277095119723	0.138055842812823	0	topological descriptor; not therapeutic evidence
robust_leading_edge	STK24	1	0	0.123955431754875	0	topological descriptor; not therapeutic evidence
robust_leading_edge	GSKIP	1	0	0.16390423572744	0	topological descriptor; not therapeutic evidence
robust_leading_edge	SRGAP2	1	0	0.131365313653137	0	topological descriptor; not therapeutic evidence
robust_leading_edge	LAMP2	1	0	0.666666666666667	0	topological descriptor; not therapeutic evidence
robust_leading_edge	PPIA	1	0	0.118587608261159	0	topological descriptor; not therapeutic evidence
robust_leading_edge	AP4M1	1	0	0.101927848826112	0	topological descriptor; not therapeutic evidence
robust_leading_edge	AP1M2	1	0	0.101927848826112	0	topological descriptor; not therapeutic evidence
robust_leading_edge	AP1M1	2	0.00516568342578733	0.127659574468085	0	topological descriptor; not therapeutic evidence
robust_leading_edge	NME1-NME2	2	0	1	0	topological descriptor; not therapeutic evidence
robust_leading_edge	PLAU	1	0	0.14026792750197	0	topological descriptor; not therapeutic evidence
robust_leading_edge	NPRL3	2	3.26116377890614e-06	0.75	0	topological descriptor; not therapeutic evidence
robust_leading_edge	AMOT	1	0	0.172592113768584	0	topological descriptor; not therapeutic evidence
robust_leading_edge	MAP2K3	1	0	0.11141247652827	0	topological descriptor; not therapeutic evidence
robust_leading_edge	PCCA	1	0	0.6	0	topological descriptor; not therapeutic evidence
robust_leading_edge	PC	1	0	0.6	0	topological descriptor; not therapeutic evidence
robust_leading_edge	MINK1	1	0	1	0	topological descriptor; not therapeutic evidence
robust_leading_edge	E2F2	1	0	0.118693042898422	0	topological descriptor; not therapeutic evidence
robust_leading_edge	S100A4	1	0	0.163552833078101	0	topological descriptor; not therapeutic evidence
robust_leading_edge	S100A10	1	0	0.163552833078101	0	topological descriptor; not therapeutic evidence
robust_leading_edge	TGFBI	1	0	0.180771834800271	0	topological descriptor; not therapeutic evidence
robust_leading_edge	TGM2	1	0	0.180771834800271	0	topological descriptor; not therapeutic evidence
robust_leading_edge	PIP4K2A	1	0	1	0	topological descriptor; not therapeutic evidence
robust_leading_edge	LMNA	2	3.26116377890614e-06	0.75	0	topological descriptor; not therapeutic evidence
robust_leading_edge	BRK1	1	0	0.146061269146608	0	topological descriptor; not therapeutic evidence
robust_leading_edge	ANAPC11	1	0	1	0	topological descriptor; not therapeutic evidence
robust_leading_edge	SHARPIN	1	0	0.133801052367828	0	topological descriptor; not therapeutic evidence
robust_leading_edge	ARHGEF16	1	0	0.129047849202513	0	topological descriptor; not therapeutic evidence
robust_leading_edge	EFNA4	1	0	0.155322862129145	0	topological descriptor; not therapeutic evidence
robust_leading_edge	EPN1	1	0	1	0	topological descriptor; not therapeutic evidence
robust_leading_edge	MMRN2	1	0	1	0	topological descriptor; not therapeutic evidence
robust_leading_edge	COL4A1	1	0	1	0	topological descriptor; not therapeutic evidence
robust_leading_edge	TPM3	2	1.63058188945307e-06	1	0	topological descriptor; not therapeutic evidence
robust_leading_edge	KRT18	1	0	1	0	topological descriptor; not therapeutic evidence
robust_leading_edge	CIB1	1	0	0.12043301759134	0	topological descriptor; not therapeutic evidence
robust_leading_edge	MAPKAPK3	1	0	0.666666666666667	0	topological descriptor; not therapeutic evidence
robust_leading_edge	FCGR3B	1	0	0.5	0	topological descriptor; not therapeutic evidence
robust_leading_edge	IFIT2	1	0	1	0	topological descriptor; not therapeutic evidence
robust_leading_edge	GIPC1	1	0	0.112114213730842	0	topological descriptor; not therapeutic evidence
robust_leading_edge	PRKCA	1	0	0.112114213730842	0	topological descriptor; not therapeutic evidence
robust_leading_edge	MICU1	1	0	1	0	topological descriptor; not therapeutic evidence
robust_leading_edge	SHB	1	0	0.175657894736842	5.97781535986506e-18	topological descriptor; not therapeutic evidence
robust_leading_edge	C1QA	1	0	1	0	topological descriptor; not therapeutic evidence
robust_leading_edge	FGF1	1	0	1	0	topological descriptor; not therapeutic evidence
robust_leading_edge	HLA-DQB2	2	2.71763648242178e-07	0.113279592702588	0	topological descriptor; not therapeutic evidence
robust_leading_edge	FLOT2	1	0	1	0	topological descriptor; not therapeutic evidence
robust_leading_edge	PCGF2	1	0	0.122308749427394	0	topological descriptor; not therapeutic evidence
robust_leading_edge	TBXA2R	1	0	0.143240343347639	0	topological descriptor; not therapeutic evidence
robust_leading_edge	FPR1	1	0	0.143240343347639	0	topological descriptor; not therapeutic evidence
robust_leading_edge	HRH1	1	0	0.143240343347639	0	topological descriptor; not therapeutic evidence
robust_leading_edge	CSNK1D	2	0	0.5	0	topological descriptor; not therapeutic evidence
robust_leading_edge	DAG1	1	0	0.153316106804479	0	topological descriptor; not therapeutic evidence
robust_leading_edge	AATF	2	0.000869100147078487	0.145187601957586	0	topological descriptor; not therapeutic evidence
robust_leading_edge	MDK	1	0	0.151747655583973	0	topological descriptor; not therapeutic evidence
robust_leading_edge	SUCLA2	1	0	0.375	0	topological descriptor; not therapeutic evidence
robust_leading_edge	ACTL6A	1	0	1	0	topological descriptor; not therapeutic evidence
robust_leading_edge	PPP3CA	1	0	1	0	topological descriptor; not therapeutic evidence
robust_leading_edge	PPP1R2	1	0	1	0	topological descriptor; not therapeutic evidence
robust_leading_edge	KDM1A	1	0	1	0	topological descriptor; not therapeutic evidence
robust_leading_edge	AKT1	1	0	0.666666666666667	0	topological descriptor; not therapeutic evidence
robust_leading_edge	PARVB	1	0	0.666666666666667	0	topological descriptor; not therapeutic evidence
robust_leading_edge	ITGAX	1	0	0.163003663003663	0	topological descriptor; not therapeutic evidence
robust_leading_edge	PCDHGA9	1	0	1	0	topological descriptor; not therapeutic evidence
robust_leading_edge	CSF2RA	1	0	0.149621742785094	0	topological descriptor; not therapeutic evidence
robust_leading_edge	ARHGEF18	1	0	0.140934283452098	0	topological descriptor; not therapeutic evidence
robust_leading_edge	RAN	1	0	1	0	topological descriptor; not therapeutic evidence
robust_leading_edge	CYFIP1	1	0	1	0	topological descriptor; not therapeutic evidence
robust_leading_edge	PLRG1	2	3.26116377890614e-06	0.305084745762712	0	topological descriptor; not therapeutic evidence
robust_leading_edge	HAUS5	1	0	1	0	topological descriptor; not therapeutic evidence
robust_leading_edge	UBQLN4	2	0	0.283813747228381	0.000414447852897841	topological descriptor; not therapeutic evidence
robust_leading_edge	PSMC6	11	4.59131742579053e-05	0.386706948640483	0.0207454499467401	topological descriptor; not therapeutic evidence
robust_leading_edge	VAMP1	1	0	1	0	topological descriptor; not therapeutic evidence
robust_leading_edge	CENPK	4	0	1	0	topological descriptor; not therapeutic evidence
robust_leading_edge	RPS17	63	0.000128847448632906	0.518218623481781	0.99409295073155	topological descriptor; not therapeutic evidence
robust_leading_edge	DYNC1I1	1	0	0.666666666666667	0	topological descriptor; not therapeutic evidence
robust_leading_edge	TUBA8	1	0	0.666666666666667	5.97781535986506e-18	topological descriptor; not therapeutic evidence
robust_leading_edge	CCT4	5	9.43408093183562e-06	0.233151183970856	0.000108914137702699	topological descriptor; not therapeutic evidence
robust_leading_edge	ATP11A	1	0	1	0	topological descriptor; not therapeutic evidence
robust_leading_edge	LDB1	1	0	1	0	topological descriptor; not therapeutic evidence
robust_leading_edge	PKD1	1	0	1	0	topological descriptor; not therapeutic evidence
robust_leading_edge	SMC4	1	0	1	0	topological descriptor; not therapeutic evidence
robust_leading_edge	COX18	1	0	0.224168126094571	0.00014063544012496	topological descriptor; not therapeutic evidence
robust_leading_edge	SSR3	1	0	0.224168126094571	0.000140635440124963	topological descriptor; not therapeutic evidence
robust_leading_edge	BBS1	4	9.78349133671842e-06	0.833333333333333	0	topological descriptor; not therapeutic evidence
robust_leading_edge	BBS7	1	0	0.416666666666667	0	topological descriptor; not therapeutic evidence
robust_leading_edge	NOMO2	1	0	0.280701754385965	0.00734251993628467	topological descriptor; not therapeutic evidence
robust_leading_edge	STK26	2	3.26116377890614e-06	0.75	0	topological descriptor; not therapeutic evidence
robust_leading_edge	EME1	1	0	1	0	topological descriptor; not therapeutic evidence
robust_leading_edge	UBA3	1	0	1	0	topological descriptor; not therapeutic evidence
robust_leading_edge	ATP6V1G1	1	0	0.5	0	topological descriptor; not therapeutic evidence
robust_leading_edge	ATP6V1B2	2	3.26116377890614e-06	0.75	0	topological descriptor; not therapeutic evidence
robust_leading_edge	SYT1	1	0	0.391304347826087	0	topological descriptor; not therapeutic evidence
robust_leading_edge	EMC9	4	0	1	0	topological descriptor; not therapeutic evidence
robust_leading_edge	TIMM29	1	0	1	0	topological descriptor; not therapeutic evidence
robust_leading_edge	MAPRE1	2	1.63058188945307e-06	1	0	topological descriptor; not therapeutic evidence
robust_leading_edge	PFDN2	4	0	0.230630630630631	8.33846520955118e-05	topological descriptor; not therapeutic evidence
robust_leading_edge	PAFAH1B1	2	0	0.5	0	topological descriptor; not therapeutic evidence
robust_leading_edge	VPS54	1	0	1	0	topological descriptor; not therapeutic evidence
robust_leading_edge	RNF139	1	0	0.243243243243243	0	topological descriptor; not therapeutic evidence
robust_leading_edge	VCP	2	2.2828146452343e-05	0.391304347826087	0	topological descriptor; not therapeutic evidence
robust_leading_edge	ACTR1B	1	0	0.411764705882353	0	topological descriptor; not therapeutic evidence
robust_leading_edge	DCTN2	2	3.26116377890614e-06	0.5	0	topological descriptor; not therapeutic evidence
robust_leading_edge	IFT74	4	3.34269287337879e-05	0.529411764705882	0	topological descriptor; not therapeutic evidence
robust_leading_edge	FKBP8	1	0	1	0	topological descriptor; not therapeutic evidence
robust_leading_edge	PNKP	1	0	1	0	topological descriptor; not therapeutic evidence
robust_leading_edge	UHRF1	2	3.26116377890614e-06	0.75	0	topological descriptor; not therapeutic evidence
robust_leading_edge	IFT27	2	1.63058188945307e-06	0.346153846153846	0	topological descriptor; not therapeutic evidence
robust_leading_edge	SEM1	4	0	0.283813747228381	0.00161830897516627	topological descriptor; not therapeutic evidence
robust_leading_edge	COMMD3	1	0	1	0	topological descriptor; not therapeutic evidence
robust_leading_edge	PPP2R1B	1	0	0.5	0	topological descriptor; not therapeutic evidence
robust_leading_edge	AREG	1	0	0.333333333333333	0	topological descriptor; not therapeutic evidence
robust_leading_edge	CATSPER1	1	0	1	0	topological descriptor; not therapeutic evidence
robust_leading_edge	LY86	1	0	1	0	topological descriptor; not therapeutic evidence
robust_leading_edge	KPNA1	1	0	0.236842105263158	0	topological descriptor; not therapeutic evidence
robust_leading_edge	MAPT	2	1.30446551156246e-05	0.36	0	topological descriptor; not therapeutic evidence
robust_leading_edge	NSFL1C	1	0	1	0	topological descriptor; not therapeutic evidence
robust_leading_edge	EFHC2	6	3.26116377890614e-07	0.75	0	topological descriptor; not therapeutic evidence
robust_leading_edge	OST4	3	0	0.185238784370478	5.59971162820826e-06	topological descriptor; not therapeutic evidence
robust_leading_edge	TADA3	2	0	0.571428571428571	0	topological descriptor; not therapeutic evidence
robust_leading_edge	STAG1	2	0	1	0	topological descriptor; not therapeutic evidence
robust_leading_edge	BCAS2	1	0	0.346153846153846	0	topological descriptor; not therapeutic evidence
robust_leading_edge	KRT6A	1	0	1	0	topological descriptor; not therapeutic evidence
robust_leading_edge	TRAPPC3	2	0	0.75	0	topological descriptor; not therapeutic evidence
robust_leading_edge	TRAPPC2	1	0	0.6	0	topological descriptor; not therapeutic evidence
robust_leading_edge	COPS7B	2	0	0.666666666666667	0	topological descriptor; not therapeutic evidence
robust_leading_edge	TMEM67	2	4.89174566835921e-06	0.666666666666667	0	topological descriptor; not therapeutic evidence
robust_leading_edge	TCTN1	2	0	0.571428571428571	0	topological descriptor; not therapeutic evidence
robust_leading_edge	RBM10	1	0	0.666666666666667	0	topological descriptor; not therapeutic evidence
robust_leading_edge	SRSF4	1	0	0.666666666666667	0	topological descriptor; not therapeutic evidence
robust_leading_edge	BAG1	1	0	0.224168126094571	1.70168863554817e-05	topological descriptor; not therapeutic evidence
robust_leading_edge	RAD23B	1	0	0.224168126094571	1.70168863554877e-05	topological descriptor; not therapeutic evidence
robust_leading_edge	DDX6	2	1.63058188945307e-06	1	0	topological descriptor; not therapeutic evidence
robust_leading_edge	SNX9	1	0	1	0	topological descriptor; not therapeutic evidence
robust_leading_edge	TLR7	1	0	1	0	topological descriptor; not therapeutic evidence
robust_leading_edge	HNRNPC	4	9.94654952566373e-05	0.409090909090909	0	topological descriptor; not therapeutic evidence
robust_leading_edge	PABPC4	1	0	0.236842105263158	0	topological descriptor; not therapeutic evidence
robust_leading_edge	RPGR	2	4.89174566835921e-06	0.571428571428571	0	topological descriptor; not therapeutic evidence
robust_leading_edge	CHMP1B	1	0	1	0	topological descriptor; not therapeutic evidence
robust_leading_edge	FAM20A	1	0	1	0	topological descriptor; not therapeutic evidence
robust_leading_edge	PPP4R1	1	0	0.159402241594022	1.06728905480811e-08	topological descriptor; not therapeutic evidence
robust_leading_edge	HNRNPF	1	0	0.295081967213115	0	topological descriptor; not therapeutic evidence
robust_leading_edge	CYLD	3	0.000410906636142174	0.369942196531792	0.0173933472322819	topological descriptor; not therapeutic evidence
robust_leading_edge	EEF1B2	2	0	0.31219512195122	0.0120023104877777	topological descriptor; not therapeutic evidence
robust_leading_edge	STXBP2	1	0	0.375	0	topological descriptor; not therapeutic evidence
robust_leading_edge	TXLNA	1	0	0.375	0	topological descriptor; not therapeutic evidence
robust_leading_edge	SUPT5H	2	9.78349133671842e-06	0.411764705882353	0	topological descriptor; not therapeutic evidence
robust_leading_edge	EVPL	1	0	1	0	topological descriptor; not therapeutic evidence
robust_leading_edge	PRKAA2	1	0	1	0	topological descriptor; not therapeutic evidence
robust_leading_edge	SH3GLB1	2	1.63058188945307e-06	1	0	topological descriptor; not therapeutic evidence
robust_leading_edge	DYNLRB2	1	0	0.4375	0	topological descriptor; not therapeutic evidence
robust_leading_edge	XRCC5	2	1.63058188945307e-06	1	0	topological descriptor; not therapeutic evidence
robust_leading_edge	DCAF17	1	0	0.6	0	topological descriptor; not therapeutic evidence
robust_leading_edge	EIF2B4	3	0.00020708389996054	0.281938325991189	0.00882376018639144	topological descriptor; not therapeutic evidence
robust_leading_edge	MCM10	1	0	0.666666666666667	0	topological descriptor; not therapeutic evidence
robust_leading_edge	RUNX2	1	0	0.666666666666667	0	topological descriptor; not therapeutic evidence
robust_leading_edge	UPF1	1	0	1	0	topological descriptor; not therapeutic evidence
robust_leading_edge	WDR62	1	0	1	0	topological descriptor; not therapeutic evidence
robust_leading_edge	KXD1	1	0	1	0	topological descriptor; not therapeutic evidence
robust_leading_edge	RAD23A	2	0	0.369942196531792	0.0177915601803196	topological descriptor; not therapeutic evidence
robust_leading_edge	POLE3	1	0	0.444444444444444	0	topological descriptor; not therapeutic evidence
robust_leading_edge	SEH1L	1	0	1	0	topological descriptor; not therapeutic evidence
robust_leading_edge	HDAC8	1	0	0.357142857142857	0	topological descriptor; not therapeutic evidence
robust_leading_edge	DSN1	1	0	1	0	topological descriptor; not therapeutic evidence
robust_leading_edge	HSPA1A	1	0	1	0	topological descriptor; not therapeutic evidence
robust_leading_edge	CHD4	3	1.14140732261715e-05	0.625	0	topological descriptor; not therapeutic evidence
robust_leading_edge	BRD9	1	0	1	0	topological descriptor; not therapeutic evidence
robust_leading_edge	FANCL	1	0	0.215488215488215	6.36429193213942e-06	topological descriptor; not therapeutic evidence
robust_leading_edge	PPP1R12A	1	0	1	0	topological descriptor; not therapeutic evidence
robust_leading_edge	JADE3	1	0	1	0	topological descriptor; not therapeutic evidence
robust_leading_edge	BLOC1S6	1	0	1	0	topological descriptor; not therapeutic evidence
robust_leading_edge	RAB1A	1	0	0.666666666666667	0	topological descriptor; not therapeutic evidence
robust_leading_edge	IFT140	2	4.89174566835921e-06	0.666666666666667	0	topological descriptor; not therapeutic evidence
robust_leading_edge	CAND1	1	0	0.571428571428571	0	topological descriptor; not therapeutic evidence
robust_leading_edge	INO80	1	0	1	0	topological descriptor; not therapeutic evidence
robust_leading_edge	AP2M1	1	0	1	0	topological descriptor; not therapeutic evidence
robust_leading_edge	RCC1	1	0	1	0	topological descriptor; not therapeutic evidence
robust_leading_edge	VPS29	1	0	1	0	topological descriptor; not therapeutic evidence
robust_leading_edge	YAP1	1	0	1	0	topological descriptor; not therapeutic evidence
robust_leading_edge	CAPNS1	1	0	0.5	0	topological descriptor; not therapeutic evidence
