stringId_A	stringId_B	preferredName_A	preferredName_B	ncbiTaxonId	score	nscore	fscore	pscore	ascore	escore	dscore	tscore	gene_A	gene_B	rho	p	coexpression_fdr
9606.ENSP00000005257	9606.ENSP00000358866	RALA	FLNA	9606	0.881	0	0	0	0	0.292	0	0.839	RALA	FLNA	0.413561169781574	2.7699042416261e-22	5.1537129674095e-22
9606.ENSP00000005340	9606.ENSP00000368166	DVL2	DVL1	9606	0.979	0	0	0	0	0.583	0.9	0.556	DVL2	DVL1	0.375192084425834	2.51317715520763e-18	4.35565715251641e-18
9606.ENSP00000005340	9606.ENSP00000316054	DVL2	DVL3	9606	0.982	0	0	0	0	0.611	0.9	0.58	DVL2	DVL3	0.337135421616696	6.88844771983812e-15	1.11622860392892e-14
9606.ENSP00000005340	9606.ENSP00000262320	DVL2	AXIN1	9606	0.999	0	0	0	0	0.95	0.9	0.909	DVL2	AXIN1	0.546590559677086	1.11316502148466e-40	2.73108721808483e-40
9606.ENSP00000006053	9606.ENSP00000367872	CX3CL1	GNB1	9606	0.8	0	0	0	0	0.8	0	0	CX3CL1	GNB1	0.304832905650814	2.54886282658438e-12	3.9193608023375e-12
9606.ENSP00000009530	9606.ENSP00000398890	CD74	HLA-DMB	9606	0.903	0	0	0	0	0.073	0.9	0	CD74	HLA-DMB	0.539649617135626	1.66007299242202e-39	4.00110017563745e-39
9606.ENSP00000009530	9606.ENSP00000393566	CD74	HLA-DPA1	9606	0.926	0	0	0	0	0.292	0.9	0.045	CD74	HLA-DPA1	0.95174902583426	3.27897278409281e-260	1.50802939224777e-257
9606.ENSP00000009530	9606.ENSP00000496848	CD74	HLA-DOB	9606	0.928	0	0	0	0	0.314	0.9	0	CD74	HLA-DOB	0.861831431590364	2.08040972818441e-150	6.70368969100952e-149
9606.ENSP00000009530	9606.ENSP00000364114	CD74	HLA-DRB5	9606	0.931	0	0	0	0	0.345	0.9	0	CD74	HLA-DRB5	0.850558689409313	1.68636186286341e-142	4.04327235271373e-141
9606.ENSP00000009530	9606.ENSP00000364080	CD74	HLA-DQB1	9606	0.935	0	0	0	0	0.8	0.54	0.356	CD74	HLA-DQB1	0.792653178361314	3.58967153932535e-110	3.12567096685834e-109
9606.ENSP00000009530	9606.ENSP00000363976	CD74	HLA-DMA	9606	0.937	0	0	0	0	0.405	0.9	0	CD74	HLA-DMA	0.960954076774137	8.0354604614451e-283	6.77523241240846e-280
9606.ENSP00000009530	9606.ENSP00000408146	CD74	HLA-DPB1	9606	0.943	0	0	0	0	0.457	0.9	0	CD74	HLA-DPB1	0.961116670673278	2.87218386411102e-283	2.90607563370752e-280
9606.ENSP00000009530	9606.ENSP00000339398	CD74	HLA-DQA1	9606	0.955	0	0	0	0	0.55	0.9	0.095	CD74	HLA-DQA1	0.879851494466217	1.25176257327387e-164	7.27892742320976e-163
9606.ENSP00000009530	9606.ENSP00000353099	CD74	HLA-DRB1	9606	0.971	0	0	0	0	0.918	0.54	0.291	CD74	HLA-DRB1	0.944129381882287	1.27887157926437e-244	3.59433962194358e-242
9606.ENSP00000009530	9606.ENSP00000378786	CD74	HLA-DRA	9606	0.993	0	0	0	0	0.933	0.9	0	CD74	HLA-DRA	0.957505874811083	9.07320056711393e-274	6.55733166700419e-271
9606.ENSP00000011653	9606.ENSP00000353099	CD4	HLA-DRB1	9606	0.96	0	0	0	0	0.9	0.5	0.282	CD4	HLA-DRB1	0.752697474716416	2.30645801897295e-93	1.34273545661498e-92
9606.ENSP00000011653	9606.ENSP00000378786	CD4	HLA-DRA	9606	0.989	0	0	0	0	0.9	0.9	0	CD4	HLA-DRA	0.787555463620896	7.93715394671432e-108	6.4660324986196e-107
9606.ENSP00000013807	9606.ENSP00000307853	ERCC1	MUS81	9606	0.978	0	0	0	0	0.77	0.5	0.831	ERCC1	MUS81	0.378008732550274	1.33980871437895e-18	2.33695613220093e-18
9606.ENSP00000043402	9606.ENSP00000172229	RTN4R	NGFR	9606	0.989	0	0	0	0	0.457	0	0.981	RTN4R	NGFR	0.353089097729649	2.83913710456997e-16	4.73876430617601e-16
9606.ENSP00000044462	9606.ENSP00000325919	PSMA4	PSMG2	9606	0.786	0	0	0	0	0.786	0	0	PSMA4	PSMG2	0.597079273144706	4.19477975884282e-50	1.18159191536669e-49
9606.ENSP00000044462	9606.ENSP00000478877	PSMA4	ADRM1	9606	0.887	0	0	0	0	0.708	0.5	0.291	PSMA4	ADRM1	0.612072946425077	3.09460079720122e-53	9.13394716046732e-53
9606.ENSP00000044462	9606.ENSP00000157812	PSMA4	PSMC4	9606	0.964	0	0	0	0	0.956	0	0.217	PSMA4	PSMC4	0.577771876566539	2.63459054916448e-46	7.0186380138089e-46
9606.ENSP00000044462	9606.ENSP00000216802	PSMA4	PSME2	9606	0.967	0	0	0	0	0.966	0	0	PSMA4	PSME2	0.675272682547758	1.67853515353873e-68	6.21193075475672e-68
9606.ENSP00000044462	9606.ENSP00000351314	PSMA4	PSMB10	9606	0.969	0	0	0	0	0.894	0.72	0	PSMA4	PSMB10	0.61767987357742	1.88672720063184e-54	5.68829136352591e-54
9606.ENSP00000044462	9606.ENSP00000372155	PSMA4	PSME1	9606	0.978	0	0	0	0	0.967	0	0.342	PSMA4	PSME1	0.652454189518331	1.44318288219886e-62	4.88692249065864e-62
9606.ENSP00000044462	9606.ENSP00000481029	PSMA4	PSMC3	9606	0.983	0	0	0	0	0.954	0	0.656	PSMA4	PSMC3	0.511158507155063	5.78394059031198e-35	1.31746760226872e-34
9606.ENSP00000044462	9606.ENSP00000364016	PSMA4	PSMB8	9606	0.993	0	0	0	0	0.97	0.72	0.299	PSMA4	PSMB8	0.507678811359397	1.94126324365628e-34	4.40002273730157e-34
9606.ENSP00000044462	9606.ENSP00000363993	PSMA4	PSMB9	9606	0.994	0	0	0	0	0.97	0.72	0.349	PSMA4	PSMB9	0.48579907680209	2.88148285596316e-31	6.24568199156711e-31
9606.ENSP00000044462	9606.ENSP00000262193	PSMA4	PSMB1	9606	0.997	0	0	0	0	0.951	0.9	0.618	PSMA4	PSMB1	0.758136310525462	1.85907981116926e-95	1.13041884191169e-94
9606.ENSP00000044462	9606.ENSP00000261479	PSMA4	PSMA6	9606	0.998	0	0	0	0	0.972	0.9	0.446	PSMA4	PSMA6	0.726372823617765	5.94168582319251e-84	2.88197397694448e-83
9606.ENSP00000044462	9606.ENSP00000290541	PSMA4	PSMB4	9606	0.998	0	0	0	0	0.967	0.9	0.589	PSMA4	PSMB4	0.698711920881529	3.50605232996544e-75	1.44556794924981e-74
9606.ENSP00000044462	9606.ENSP00000359910	PSMA4	PSMA7	9606	0.998	0	0	0	0	0.985	0.9	0.178	PSMA4	PSMA7	0.629175122481192	5.09012937812891e-57	1.5964640126444e-56
9606.ENSP00000044462	9606.ENSP00000414359	PSMA4	PSMA1	9606	0.998	0	0	0	0	0.972	0.9	0.544	PSMA4	PSMA1	0.749246663796814	4.60506980977511e-92	2.61470798739083e-91
9606.ENSP00000044462	9606.ENSP00000271308	PSMA4	PSMA5	9606	0.998	0	0	0	0	0.972	0.9	0.418	PSMA4	PSMA5	0.743736268036741	4.96670010527117e-90	2.72226823754787e-89
9606.ENSP00000044462	9606.ENSP00000483688	PSMA4	PSMB3	9606	0.999	0	0	0	0	0.989	0.9	0.729	PSMA4	PSMB3	0.699777772808337	1.68107846235947e-75	6.96525466099637e-75
9606.ENSP00000044462	9606.ENSP00000216455	PSMA4	PSMA3	9606	0.999	0	0	0	0	0.972	0.9	0.709	PSMA4	PSMA3	0.807816899702393	1.48553994236417e-117	1.60928192043262e-116
9606.ENSP00000044462	9606.ENSP00000223321	PSMA4	PSMA2	9606	0.999	0	0	0	0	0.981	0.9	0.542	PSMA4	PSMA2	0.663093607497396	2.8668278231796e-65	1.00507844473081e-64
9606.ENSP00000044462	9606.ENSP00000362334	PSMA4	PSMB2	9606	0.999	0	0	0	0	0.989	0.9	0.452	PSMA4	PSMB2	0.74285555884781	1.03784395926156e-89	5.6639186514609e-89
9606.ENSP00000046794	9606.ENSP00000428924	LCP2	LYN	9606	0.812	0	0	0	0	0.292	0.5	0.514	LCP2	LYN	0.506590131062796	2.82728096263317e-34	6.39106987933924e-34
9606.ENSP00000046794	9606.ENSP00000376345	LCP2	GRB2	9606	0.994	0	0	0	0	0.457	0.5	0.982	LCP2	GRB2	0.352273332923354	3.35689731511421e-16	5.59556623300257e-16
9606.ENSP00000046794	9606.ENSP00000472929	LCP2	VAV1	9606	0.998	0	0	0	0	0.457	0.9	0.982	LCP2	VAV1	0.738204441562169	4.84089234222695e-88	2.55637519408415e-87
9606.ENSP00000055077	9606.ENSP00000311360	RFC2	RAD9A	9606	0.98	0	0	0	0	0.961	0.5	0	RFC2	RAD9A	0.3197418810204	1.81684548846353e-13	2.86873324785799e-13
9606.ENSP00000055077	9606.ENSP00000368458	RFC2	PCNA	9606	0.995	0	0	0	0	0.985	0.5	0.351	RFC2	PCNA	0.526217311172111	2.60160753355873e-37	6.10743968086944e-37
9606.ENSP00000055077	9606.ENSP00000376272	RFC2	RFC4	9606	0.999	0	0	0	0	0.991	0.9	0.987	RFC2	RFC4	0.625680611539415	3.15547215368769e-56	9.81767135639976e-56
9606.ENSP00000070846	9606.ENSP00000280904	PKP2	DSC2	9606	0.98	0	0	0	0	0.23	0.5	0.952	PKP2	DSC2	0.554952487861958	3.94306073369331e-42	9.89481361694168e-42
9606.ENSP00000070846	9606.ENSP00000369129	PKP2	DSP	9606	0.991	0	0	0	0	0.438	0.5	0.972	PKP2	DSP	0.379971129093773	8.61261609577535e-19	1.50713333893212e-18
9606.ENSP00000080059	9606.ENSP00000437955	HDAC7	HIF1A	9606	0.873	0	0	0	0	0.457	0	0.777	HDAC7	HIF1A	-0.339701889443603	4.1750388899762e-15	6.80461396404304e-15
9606.ENSP00000157812	9606.ENSP00000414359	PSMC4	PSMA1	9606	0.955	0	0	0	0	0.955	0	0	PSMC4	PSMA1	0.507457981823027	2.0953321097057e-34	4.74497992077042e-34
9606.ENSP00000157812	9606.ENSP00000290541	PSMC4	PSMB4	9606	0.958	0	0	0	0	0.958	0	0	PSMC4	PSMB4	0.703536533777601	1.22580913400418e-76	5.16350408736647e-76
9606.ENSP00000157812	9606.ENSP00000359910	PSMC4	PSMA7	9606	0.96	0	0	0	0	0.953	0	0.186	PSMC4	PSMA7	0.569469524592211	9.49571189970359e-45	2.46859231760537e-44
9606.ENSP00000157812	9606.ENSP00000262193	PSMC4	PSMB1	9606	0.962	0	0	0	0	0.956	0	0.154	PSMC4	PSMB1	0.649986396155143	5.89573654953185e-62	1.98051336016478e-61
9606.ENSP00000157812	9606.ENSP00000362334	PSMC4	PSMB2	9606	0.965	0	0	0	0	0.965	0	0	PSMC4	PSMB2	0.558143671510008	1.07471093810009e-42	2.72120252044461e-42
9606.ENSP00000157812	9606.ENSP00000216455	PSMC4	PSMA3	9606	0.968	0	0	0	0	0.96	0	0.234	PSMC4	PSMA3	0.665312525041324	7.5830376829544e-66	2.67708217990693e-65
9606.ENSP00000157812	9606.ENSP00000271308	PSMC4	PSMA5	9606	0.969	0	0	0	0	0.952	0	0.388	PSMC4	PSMA5	0.556918020994646	1.77353409969406e-42	4.48167283234378e-42
9606.ENSP00000157812	9606.ENSP00000483688	PSMC4	PSMB3	9606	0.975	0	0	0	0	0.96	0	0.384	PSMC4	PSMB3	0.731814734268458	8.32313521033078e-86	4.19807986331639e-85
9606.ENSP00000157812	9606.ENSP00000261479	PSMC4	PSMA6	9606	0.98	0	0	0	0	0.979	0	0	PSMC4	PSMA6	0.586425226373569	5.62308184965333e-48	1.53851655367205e-47
9606.ENSP00000157812	9606.ENSP00000223321	PSMC4	PSMA2	9606	0.986	0	0	0	0	0.986	0	0	PSMC4	PSMA2	0.530036823558132	6.32465903793077e-38	1.49655987244583e-37
9606.ENSP00000157812	9606.ENSP00000478877	PSMC4	ADRM1	9606	0.987	0	0	0	0	0.863	0.54	0.818	PSMC4	ADRM1	0.773639475748817	9.63462932862765e-102	6.81700556273109e-101
9606.ENSP00000157812	9606.ENSP00000481029	PSMC4	PSMC3	9606	0.998	0	0	0	0	0.972	0.72	0.791	PSMC4	PSMC3	0.622325120710829	1.78014260247311e-55	5.491305747507e-55
9606.ENSP00000162749	9606.ENSP00000321203	TNFRSF1A	TNIP2	9606	0.734	0	0	0	0	0.734	0	0	TNFRSF1A	TNIP2	0.33450223904378	1.14587940543731e-14	1.84794514252705e-14
9606.ENSP00000162749	9606.ENSP00000317891	TNFRSF1A	TNIP1	9606	0.734	0	0	0	0	0.734	0	0	TNFRSF1A	TNIP1	0.364953700338978	2.34956344947776e-17	3.99141755906917e-17
9606.ENSP00000162749	9606.ENSP00000276431	TNFRSF1A	TNFRSF10B	9606	0.762	0	0	0	0	0.448	0	0.588	TNFRSF1A	TNFRSF10B	0.396171076735003	1.9974247444449e-20	3.596075367312e-20
9606.ENSP00000162749	9606.ENSP00000362680	TNFRSF1A	SRC	9606	0.836	0	0	0	0	0.457	0	0.711	TNFRSF1A	SRC	0.605931742242547	6.21768043356257e-52	1.79949915980509e-51
9606.ENSP00000162749	9606.ENSP00000464030	TNFRSF1A	IKBKE	9606	0.861	0	0	0	0	0.734	0.5	0	TNFRSF1A	IKBKE	0.372892755114021	4.18080990622015e-18	7.2260735618612e-18
9606.ENSP00000162749	9606.ENSP00000348632	TNFRSF1A	RBCK1	9606	0.868	0	0	0	0	0.734	0.5	0.094	TNFRSF1A	RBCK1	0.332818903008313	1.58242739293797e-14	2.54601320065285e-14
9606.ENSP00000162749	9606.ENSP00000365435	TNFRSF1A	TNFRSF1B	9606	0.973	0	0	0	0	0.292	0.9	0.657	TNFRSF1A	TNFRSF1B	0.53397485711304	1.44386984708549e-38	3.43904781375023e-38
9606.ENSP00000162749	9606.ENSP00000301838	TNFRSF1A	FADD	9606	0.992	0	0	0	0	0.593	0	0.982	TNFRSF1A	FADD	0.445985747643087	4.73136681659981e-26	9.38666067654056e-26
9606.ENSP00000162749	9606.ENSP00000498466	TNFRSF1A	FAS	9606	0.997	0	0	0	0	0.448	0.9	0.958	TNFRSF1A	FAS	0.474599758112457	9.92102473626514e-30	2.1000194201157e-29
9606.ENSP00000164227	9606.ENSP00000362649	BCL3	HDAC1	9606	0.855	0	0	0	0	0.457	0	0.744	BCL3	HDAC1	-0.319069888355295	2.05311708460576e-13	3.23674644157698e-13
9606.ENSP00000164227	9606.ENSP00000358983	BCL3	NFKB2	9606	0.998	0	0	0	0	0.457	0.9	0.98	BCL3	NFKB2	0.761048558271976	1.33436096187493e-96	8.29303698541187e-96
9606.ENSP00000167106	9606.ENSP00000439020	VASH1	TUBA1A	9606	0.929	0	0	0	0	0.9	0	0.322	VASH1	TUBA1A	0.33510462847527	1.02038413614545e-14	1.64766145699324e-14
9606.ENSP00000196061	9606.ENSP00000223127	PLOD1	PLOD3	9606	0.939	0	0	0	0	0.422	0.9	0	PLOD1	PLOD3	0.416658746620004	1.25870567676831e-22	2.35931530891844e-22
9606.ENSP00000200181	9606.ENSP00000358866	ITGB4	FLNA	9606	0.855	0	0	0	0	0.321	0.65	0.438	ITGB4	FLNA	0.705179803694655	3.85140471785254e-77	1.63595772188212e-76
9606.ENSP00000200181	9606.ENSP00000315190	ITGB4	ITGA3	9606	0.877	0	0	0	0	0.292	0.72	0.43	ITGB4	ITGA3	0.695073637798562	4.2068306617077e-74	1.70668454832231e-73
9606.ENSP00000200181	9606.ENSP00000323856	ITGB4	PLEC	9606	0.999	0	0	0	0	0.967	0.5	0.971	ITGB4	PLEC	0.648200658575174	1.61914569483114e-61	5.41749872364465e-61
9606.ENSP00000204679	9606.ENSP00000299314	GNPTG	GNPTAB	9606	0.976	0	0	0	0	0.655	0.9	0.382	GNPTG	GNPTAB	-0.357451459431657	1.14959777808152e-16	1.93024067683851e-16
9606.ENSP00000204961	9606.ENSP00000233154	EFNB1	NCK2	9606	0.966	0	0	0	0	0.292	0.5	0.912	EFNB1	NCK2	0.341485577129141	2.93989484818807e-15	4.81013196538922e-15
9606.ENSP00000204961	9606.ENSP00000363255	EFNB1	RGS3	9606	0.979	0	0	0	0	0.202	0.9	0.768	EFNB1	RGS3	0.333611839444814	1.35955534088236e-14	2.18974545352558e-14
9606.ENSP00000205402	9606.ENSP00000318351	DLD	BCKDHB	9606	0.831	0	0	0	0	0.102	0.785	0.194	DLD	BCKDHB	0.601931466438569	4.23877606378185e-51	1.2115236218459e-50
9606.ENSP00000205402	9606.ENSP00000359151	DLD	DBT	9606	0.995	0	0	0	0	0.948	0.734	0.708	DLD	DBT	0.628648858674687	6.70964705119972e-57	2.10310436381781e-56
9606.ENSP00000205402	9606.ENSP00000363216	DLD	OGDHL	9606	0.995	0	0	0	0	0.635	0.978	0.526	DLD	OGDHL	0.380810938236681	7.12212976453931e-19	1.24803791059246e-18
9606.ENSP00000205402	9606.ENSP00000388183	DLD	OGDH	9606	0.999	0	0	0	0	0.692	0.978	0.985	DLD	OGDH	0.550283071785439	2.57621121735501e-41	6.38249390235014e-41
9606.ENSP00000207457	9606.ENSP00000361209	TEKT2	SPACA9	9606	0.8	0	0	0	0	0.8	0	0	TEKT2	SPACA9	0.498455311369646	4.49819473259626e-33	9.97367452482666e-33
9606.ENSP00000209728	9606.ENSP00000384849	CDC6	CDKN1A	9606	0.724	0	0	0	0	0.708	0	0.095	CDC6	CDKN1A	0.351760207076608	3.72899398977551e-16	6.21376172406927e-16
9606.ENSP00000209728	9606.ENSP00000264156	CDC6	MCM6	9606	0.909	0	0	0	0	0.749	0.5	0.336	CDC6	MCM6	0.754900831698076	3.32199963454856e-94	1.96561358493347e-93
9606.ENSP00000209728	9606.ENSP00000216122	CDC6	MCM5	9606	0.925	0	0	0	0	0.647	0.5	0.611	CDC6	MCM5	0.402333711632033	4.51344446316103e-21	8.23126010783404e-21
9606.ENSP00000209728	9606.ENSP00000262105	CDC6	MCM4	9606	0.929	0	0	0	0	0.523	0.5	0.728	CDC6	MCM4	0.742259878161729	1.70557096246239e-89	9.25802950546911e-89
9606.ENSP00000209728	9606.ENSP00000481380	CDC6	CCNA2	9606	0.974	0	0	0	0	0.943	0	0.575	CDC6	CCNA2	0.306743407259981	1.83211791027184e-12	2.83013267421839e-12
9606.ENSP00000209728	9606.ENSP00000265056	CDC6	MCM2	9606	0.979	0	0	0	0	0.86	0.5	0.73	CDC6	MCM2	0.503061517331857	9.47506528046695e-34	2.12474978962244e-33
9606.ENSP00000209728	9606.ENSP00000266970	CDC6	CDK2	9606	0.986	0	0	0	0	0.951	0.5	0.5	CDC6	CDK2	0.473019103152551	1.61787525028711e-29	3.41319053010945e-29
9606.ENSP00000209728	9606.ENSP00000360623	CDC6	ORC1	9606	0.993	0	0	0	0	0.89	0.9	0.468	CDC6	ORC1	0.799195043727975	2.80381805281894e-113	2.64636483753937e-112
9606.ENSP00000209728	9606.ENSP00000219097	CDC6	ORC6	9606	0.997	0	0	0	0	0.799	0.9	0.89	CDC6	ORC6	0.737046064854933	1.24455622105319e-87	6.51107541086671e-87
9606.ENSP00000209728	9606.ENSP00000480987	CDC6	MCM3	9606	0.998	0	0	0	0	0.915	0.5	0.971	CDC6	MCM3	0.680081641704543	8.04131254014007e-70	3.03816281856375e-69
9606.ENSP00000209728	9606.ENSP00000301019	CDC6	CDT1	9606	0.999	0	0	0	0	0.92	0.8	0.984	CDC6	CDT1	0.685219608917413	2.93213552638651e-71	1.13147777482756e-70
9606.ENSP00000210060	9606.ENSP00000336702	DHPS	EIF5A	9606	0.804	0	0	0	0	0.702	0	0.367	DHPS	EIF5A	0.602464625344522	3.28712615561572e-51	9.41651824533404e-51
9606.ENSP00000211287	9606.ENSP00000356070	MAPK13	MAPKAPK2	9606	0.937	0	0	0	0	0.366	0.9	0.09	MAPK13	MAPKAPK2	0.442635008842499	1.21175949800324e-25	2.39090924352512e-25
9606.ENSP00000211998	9606.ENSP00000362924	VCL	GSN	9606	0.764	0	0	0	0	0.292	0	0.681	VCL	GSN	0.329766423847354	2.8270794309341e-14	4.52314827359127e-14
9606.ENSP00000211998	9606.ENSP00000353408	VCL	MSN	9606	0.86	0	0	0	0	0.186	0.5	0.684	VCL	MSN	0.559472934871127	6.22771450565244e-43	1.58321646653747e-42
9606.ENSP00000211998	9606.ENSP00000379350	VCL	ITGB1	9606	0.887	0	0	0	0	0.215	0	0.862	VCL	ITGB1	0.64253400495329	3.82145855154916e-60	1.2496935237419e-59
9606.ENSP00000211998	9606.ENSP00000346839	VCL	FN1	9606	0.951	0	0	0	0	0.071	0.4	0.92	VCL	FN1	0.462158855637116	4.35167302135513e-28	8.94559683666623e-28
9606.ENSP00000211998	9606.ENSP00000495360	VCL	CTNNB1	9606	0.99	0	0	0	0	0.52	0	0.981	VCL	CTNNB1	0.692927398329895	1.79058918991798e-73	7.16660657578721e-73
9606.ENSP00000211998	9606.ENSP00000377941	VCL	ACTN1	9606	0.994	0	0	0	0	0.902	0.9	0.525	VCL	ACTN1	0.466377258843897	1.22855231372127e-28	2.55351115658007e-28
9606.ENSP00000211998	9606.ENSP00000304669	VCL	CTNNA1	9606	0.997	0	0	0	0	0.965	0.9	0.401	VCL	CTNNA1	0.534750183092843	1.07703474297268e-38	2.57136326790882e-38
9606.ENSP00000211998	9606.ENSP00000252699	VCL	ACTN4	9606	0.998	0	0	0	0	0.902	0.9	0.899	VCL	ACTN4	0.380293433070015	8.00740213645543e-19	1.40219617197397e-18
9606.ENSP00000211998	9606.ENSP00000267257	VCL	PXN	9606	0.999	0	0	0	0	0.705	0.8	0.987	VCL	PXN	0.342488814098801	2.41113965366885e-15	3.95267514838326e-15
9606.ENSP00000215832	9606.ENSP00000229795	MAPK1	MAPK14	9606	0.804	0	0	0	0	0.457	0	0.655	MAPK1	MAPK14	0.314140264958173	4.98724389460521e-13	7.79921695913686e-13
9606.ENSP00000215832	9606.ENSP00000268182	MAPK1	IQGAP1	9606	0.911	0	0	0	0	0.292	0.5	0.771	MAPK1	IQGAP1	0.780771524357404	8.34481301668198e-105	6.31037504505144e-104
9606.ENSP00000215832	9606.ENSP00000279488	MAPK1	DUSP6	9606	0.924	0	0	0	0	0.577	0	0.829	MAPK1	DUSP6	0.41455667305861	2.15162753713306e-22	4.01663605548197e-22
9606.ENSP00000215832	9606.ENSP00000302486	MAPK1	MAP2K1	9606	0.98	0	0	0	0	0.537	0.5	0.921	MAPK1	MAP2K1	0.38388913425504	3.53244529519798e-19	6.22236794860953e-19
9606.ENSP00000215832	9606.ENSP00000264657	MAPK1	STAT3	9606	0.984	0	0	0	0	0.926	0	0.799	MAPK1	STAT3	0.618546233505338	1.21841691099352e-54	3.68438203987819e-54
9606.ENSP00000215832	9606.ENSP00000262948	MAPK1	MAP2K2	9606	0.999	0	0	0	0	0.965	0.9	0.806	MAPK1	MAP2K2	-0.363334097384894	3.32196362897681e-17	5.63197520073515e-17
9606.ENSP00000215909	9606.ENSP00000262776	LGALS1	LGALS3BP	9606	0.743	0	0	0	0	0.457	0	0.547	LGALS1	LGALS3BP	0.409471723569872	7.74923504040125e-22	1.43078029450328e-21
9606.ENSP00000215909	9606.ENSP00000346839	LGALS1	FN1	9606	0.8	0	0	0	0	0.094	0	0.789	LGALS1	FN1	0.564774893638432	6.89364146703076e-44	1.76581935097259e-43
9606.ENSP00000216122	9606.ENSP00000219097	MCM5	ORC6	9606	0.859	0	0	0	0	0.616	0.65	0	MCM5	ORC6	0.446518440663942	4.07039497743678e-26	8.09120950524664e-26
9606.ENSP00000216122	9606.ENSP00000312995	MCM5	CLSPN	9606	0.895	0	0	0	0	0.8	0.5	0	MCM5	CLSPN	0.344835850044632	1.51200405361518e-15	2.49079404338627e-15
9606.ENSP00000216122	9606.ENSP00000301019	MCM5	CDT1	9606	0.919	0	0	0	0	0.58	0.5	0.649	MCM5	CDT1	0.585149073913602	9.98905593699758e-48	2.71984036519218e-47
9606.ENSP00000216122	9606.ENSP00000393139	MCM5	CDC7	9606	0.921	0	0	0	0	0.758	0.5	0.401	MCM5	CDC7	0.328043394401552	3.91157233824532e-14	6.23853860629984e-14
9606.ENSP00000216122	9606.ENSP00000216367	MCM5	POLE2	9606	0.942	0	0	0	0	0.942	0	0	MCM5	POLE2	0.477411001969762	4.13115865247543e-30	8.79239866338796e-30
9606.ENSP00000216122	9606.ENSP00000360623	MCM5	ORC1	9606	0.95	0	0	0	0	0.824	0.65	0.256	MCM5	ORC1	0.555226205850399	3.52898427096966e-42	8.8689177480554e-42
9606.ENSP00000216122	9606.ENSP00000322570	MCM5	POLE	9606	0.958	0	0	0	0	0.912	0	0.539	MCM5	POLE	0.467383011593085	9.06371002649193e-29	1.88774429905404e-28
9606.ENSP00000216122	9606.ENSP00000253462	MCM5	GINS2	9606	0.991	0	0	0	0	0.973	0.54	0.353	MCM5	GINS2	0.497348275200191	6.51758839496735e-33	1.44110488156205e-32
9606.ENSP00000216122	9606.ENSP00000405726	MCM5	CDC45	9606	0.998	0	0	0	0	0.979	0.54	0.852	MCM5	CDC45	0.639758820602557	1.75422115761612e-59	5.69249829145604e-59
9606.ENSP00000216122	9606.ENSP00000307288	MCM5	MCM7	9606	0.999	0	0	0	0	0.984	0.9	0.985	MCM5	MCM7	0.570021598433135	7.50542782373629e-45	1.95923422911671e-44
9606.ENSP00000216122	9606.ENSP00000480987	MCM5	MCM3	9606	0.999	0	0	0	0	0.99	0.9	0.987	MCM5	MCM3	0.56383212855447	1.0225412755203e-43	2.6113257510637e-43
9606.ENSP00000216122	9606.ENSP00000262105	MCM5	MCM4	9606	0.999	0	0	0	0	0.98	0.9	0.987	MCM5	MCM4	0.58267801935473	3.01722526533281e-47	8.16264311086562e-47
9606.ENSP00000216122	9606.ENSP00000265056	MCM5	MCM2	9606	0.999	0	0	0	0	0.991	0.9	0.344	MCM5	MCM2	0.63451733372095	2.99015106924756e-58	9.57416092362241e-58
9606.ENSP00000216122	9606.ENSP00000264156	MCM5	MCM6	9606	0.999	0	0	0	0	0.98	0.9	0.987	MCM5	MCM6	0.623223347179438	1.1225667211475e-55	3.4670726753878e-55
9606.ENSP00000216181	9606.ENSP00000487444	MYH9	SPTAN1	9606	0.756	0	0	0	0	0.329	0.5	0.333	MYH9	SPTAN1	0.335634246654479	9.21260925452954e-15	1.4899805057118e-14
9606.ENSP00000216181	9606.ENSP00000353408	MYH9	MSN	9606	0.825	0	0	0	0	0.164	0.8	0	MYH9	MSN	0.477858158486656	3.5910902218448e-30	7.655847211257e-30
9606.ENSP00000216181	9606.ENSP00000496954	MYH9	MYO1C	9606	0.825	0	0	0	0	0.164	0.8	0	MYH9	MYO1C	0.536376960677434	5.80843820654435e-39	1.39132996623617e-38
9606.ENSP00000216181	9606.ENSP00000493594	MYH9	MYH14	9606	0.924	0	0	0	0	0.22	0.9	0.104	MYH9	MYH14	0.371474414522198	5.71122348814346e-18	9.83761648842961e-18
9606.ENSP00000216181	9606.ENSP00000353590	MYH9	MYH10	9606	0.981	0	0	0	0	0.592	0.9	0.583	MYH9	MYH10	0.523889190161252	6.10669175153775e-37	1.42960451508697e-36
9606.ENSP00000216367	9606.ENSP00000312995	POLE2	CLSPN	9606	0.8	0	0	0	0	0.8	0	0	POLE2	CLSPN	0.522882971526966	8.81208092508669e-37	2.05818639889259e-36
9606.ENSP00000216367	9606.ENSP00000307288	POLE2	MCM7	9606	0.862	0	0	0	0	0.862	0	0	POLE2	MCM7	0.431251292831146	2.7387769078628e-24	5.29036745967083e-24
9606.ENSP00000216367	9606.ENSP00000450607	POLE2	TIMELESS	9606	0.862	0	0	0	0	0.862	0	0	POLE2	TIMELESS	0.500353234081172	2.3744339139622e-33	5.282436750543e-33
9606.ENSP00000216367	9606.ENSP00000265056	POLE2	MCM2	9606	0.867	0	0	0	0	0.867	0	0	POLE2	MCM2	0.511735645614251	4.72517604758852e-35	1.07727199751015e-34
9606.ENSP00000216367	9606.ENSP00000264156	POLE2	MCM6	9606	0.871	0	0	0	0	0.871	0	0	POLE2	MCM6	0.674655105262079	2.46934934199386e-68	9.09202206779255e-68
9606.ENSP00000216367	9606.ENSP00000262105	POLE2	MCM4	9606	0.9	0	0	0	0	0.9	0	0	POLE2	MCM4	0.686080005516079	1.67277894363269e-71	6.48971524220688e-71
9606.ENSP00000216367	9606.ENSP00000253462	POLE2	GINS2	9606	0.901	0	0	0	0	0.901	0	0	POLE2	GINS2	0.733862671981484	1.62515455981086e-86	8.30470395765973e-86
9606.ENSP00000216367	9606.ENSP00000405726	POLE2	CDC45	9606	0.903	0	0	0	0	0.902	0	0.052	POLE2	CDC45	0.781880237713212	2.72268226430686e-105	2.08067214125807e-104
9606.ENSP00000216367	9606.ENSP00000472445	POLE2	POLD1	9606	0.966	0	0	0	0	0.34	0.9	0.533	POLE2	POLD1	0.417845635495226	9.28382864665564e-23	1.74403598675941e-22
9606.ENSP00000216367	9606.ENSP00000480987	POLE2	MCM3	9606	0.982	0	0	0	0	0.94	0.72	0	POLE2	MCM3	0.62752942996163	1.20538805538273e-56	3.76888638577332e-56
9606.ENSP00000216367	9606.ENSP00000322570	POLE2	POLE	9606	0.999	0	0	0	0	0.99	0.9	0.849	POLE2	POLE	0.581241322890053	5.7128226693905e-47	1.53484704643901e-46
9606.ENSP00000216455	9606.ENSP00000325919	PSMA3	PSMG2	9606	0.808	0	0	0	0	0.808	0	0	PSMA3	PSMG2	0.666286224895781	4.21530352838462e-66	1.49861001757539e-65
9606.ENSP00000216455	9606.ENSP00000478877	PSMA3	ADRM1	9606	0.827	0	0	0	0	0.652	0.5	0.088	PSMA3	ADRM1	0.645357734531217	7.97492651920544e-61	2.63349564364623e-60
9606.ENSP00000216455	9606.ENSP00000372155	PSMA3	PSME1	9606	0.963	0	0	0	0	0.963	0	0	PSMA3	PSME1	0.599681800478184	1.23280450558709e-50	3.49594057946472e-50
9606.ENSP00000216455	9606.ENSP00000216802	PSMA3	PSME2	9606	0.97	0	0	0	0	0.97	0	0	PSMA3	PSME2	0.663045714509339	2.94993908251694e-65	1.03350012593166e-64
9606.ENSP00000216455	9606.ENSP00000481029	PSMA3	PSMC3	9606	0.989	0	0	0	0	0.988	0	0.15	PSMA3	PSMC3	0.494574022619653	1.64097533506954e-32	3.61100227060322e-32
9606.ENSP00000216455	9606.ENSP00000364016	PSMA3	PSMB8	9606	0.989	0	0	0	0	0.962	0.72	0.087	PSMA3	PSMB8	0.442017245202781	1.43953778191534e-25	2.83701661032712e-25
9606.ENSP00000216455	9606.ENSP00000351314	PSMA3	PSMB10	9606	0.991	0	0	0	0	0.97	0.72	0	PSMA3	PSMB10	0.553243585228088	7.86416140094089e-42	1.9666234566169e-41
9606.ENSP00000216455	9606.ENSP00000363993	PSMA3	PSMB9	9606	0.996	0	0	0	0	0.98	0.72	0.349	PSMA3	PSMB9	0.393196773093458	4.04971136420387e-20	7.23683849929615e-20
9606.ENSP00000216455	9606.ENSP00000271308	PSMA3	PSMA5	9606	0.997	0	0	0	0	0.951	0.9	0.582	PSMA3	PSMA5	0.71377007265944	7.93337265582449e-80	3.54235942328474e-79
9606.ENSP00000216455	9606.ENSP00000359910	PSMA3	PSMA7	9606	0.997	0	0	0	0	0.97	0.9	0.322	PSMA3	PSMA7	0.586285926729319	5.98781079688684e-48	1.63653888824692e-47
9606.ENSP00000216455	9606.ENSP00000223321	PSMA3	PSMA2	9606	0.998	0	0	0	0	0.981	0.9	0.454	PSMA3	PSMA2	0.618182656774994	1.46408769278221e-54	4.42462343953716e-54
9606.ENSP00000216455	9606.ENSP00000290541	PSMA3	PSMB4	9606	0.999	0	0	0	0	0.989	0.9	0.734	PSMA3	PSMB4	0.742309355159118	1.63671640123989e-89	8.89382199127023e-89
9606.ENSP00000216455	9606.ENSP00000362334	PSMA3	PSMB2	9606	0.999	0	0	0	0	0.981	0.9	0.566	PSMA3	PSMB2	0.64845885209639	1.39968837700281e-61	4.68941953593194e-61
9606.ENSP00000216455	9606.ENSP00000262193	PSMA3	PSMB1	9606	0.999	0	0	0	0	0.981	0.9	0.725	PSMA3	PSMB1	0.76441728023734	6.04366875809677e-98	3.90484294344975e-97
9606.ENSP00000216455	9606.ENSP00000483688	PSMA3	PSMB3	9606	0.999	0	0	0	0	0.98	0.9	0.7	PSMA3	PSMB3	0.717381334406733	5.50020848522155e-81	2.51133165403753e-80
9606.ENSP00000216455	9606.ENSP00000261479	PSMA3	PSMA6	9606	0.999	0	0	0	0	0.972	0.9	0.685	PSMA3	PSMA6	0.675140464356995	1.82329849044227e-68	6.74273908124811e-68
9606.ENSP00000216455	9606.ENSP00000414359	PSMA3	PSMA1	9606	0.999	0	0	0	0	0.972	0.9	0.801	PSMA3	PSMA1	0.740568249371521	6.93884220327678e-89	3.71074024380309e-88
9606.ENSP00000216802	9606.ENSP00000351314	PSME2	PSMB10	9606	0.812	0	0	0	0	0.352	0	0.723	PSME2	PSMB10	0.851453934213297	4.19788720980147e-143	1.03092773759154e-141
9606.ENSP00000216802	9606.ENSP00000363993	PSME2	PSMB9	9606	0.816	0	0	0	0	0.674	0	0.46	PSME2	PSMB9	0.632702618087896	7.88096692318805e-58	2.50438515479952e-57
9606.ENSP00000216802	9606.ENSP00000364016	PSME2	PSMB8	9606	0.915	0	0	0	0	0.666	0	0.756	PSME2	PSMB8	0.60908215045107	1.34506514046988e-52	3.92880170071429e-52
9606.ENSP00000216802	9606.ENSP00000483688	PSME2	PSMB3	9606	0.929	0	0	0	0	0.929	0	0	PSME2	PSMB3	0.706296716628184	1.74532993685319e-77	7.45115962070911e-77
9606.ENSP00000216802	9606.ENSP00000262193	PSME2	PSMB1	9606	0.934	0	0	0	0	0.934	0	0	PSME2	PSMB1	0.655999388758752	1.86715927391463e-63	6.40838450931757e-63
9606.ENSP00000216802	9606.ENSP00000362334	PSME2	PSMB2	9606	0.941	0	0	0	0	0.941	0	0	PSME2	PSMB2	0.541143803821376	9.3281569105148e-40	2.25579090871388e-39
9606.ENSP00000216802	9606.ENSP00000290541	PSME2	PSMB4	9606	0.952	0	0	0	0	0.945	0	0.166	PSME2	PSMB4	0.671433323456569	1.82224860707755e-67	6.62933405577615e-67
9606.ENSP00000216802	9606.ENSP00000261479	PSME2	PSMA6	9606	0.953	0	0	0	0	0.952	0	0	PSME2	PSMA6	0.507527957764721	2.04524413015308e-34	4.63362743145743e-34
9606.ENSP00000216802	9606.ENSP00000359910	PSME2	PSMA7	9606	0.957	0	0	0	0	0.956	0	0	PSME2	PSMA7	0.450802906377594	1.20174219290929e-26	2.41350287968562e-26
9606.ENSP00000216802	9606.ENSP00000414359	PSME2	PSMA1	9606	0.968	0	0	0	0	0.968	0	0	PSME2	PSMA1	0.481513213433144	1.13370044523881e-30	2.43437629561253e-30
9606.ENSP00000216802	9606.ENSP00000223321	PSME2	PSMA2	9606	0.971	0	0	0	0	0.971	0	0	PSME2	PSMA2	0.3758381738795	2.17668562351906e-18	3.77765096719826e-18
9606.ENSP00000216802	9606.ENSP00000271308	PSME2	PSMA5	9606	0.973	0	0	0	0	0.972	0	0	PSME2	PSMA5	0.487048021572343	1.92607776627293e-31	4.18378163141896e-31
9606.ENSP00000216802	9606.ENSP00000372155	PSME2	PSME1	9606	0.999	0	0	0	0	0.96	0.9	0.982	PSME2	PSME1	0.83726316731052	5.69514749297245e-134	1.03639392686862e-132
9606.ENSP00000216968	9606.ENSP00000234071	PROCR	PROC	9606	0.988	0	0	0	0	0.926	0.7	0.522	PROCR	PROC	0.369983861740211	7.91363590236456e-18	1.35942560373726e-17
9606.ENSP00000217402	9606.ENSP00000380998	CHMP4B	CHMP1A	9606	0.853	0	0	0	0	0.595	0.54	0.278	CHMP4B	CHMP1A	0.498723754363014	4.11052344510082e-33	9.1286822250944e-33
9606.ENSP00000217402	9606.ENSP00000251968	CHMP4B	TSG101	9606	0.94	0	0	0	0	0.165	0.9	0.349	CHMP4B	TSG101	0.51186450943231	4.51637219921222e-35	1.03013196374277e-34
9606.ENSP00000217402	9606.ENSP00000476412	CHMP4B	CHMP4A	9606	0.94	0	0	0	0	0.432	0.9	0	CHMP4B	CHMP4A	0.60968016056264	1.00390180536765e-52	2.93908520448781e-52
9606.ENSP00000217402	9606.ENSP00000317468	CHMP4B	CHMP6	9606	0.969	0	0	0	0	0.569	0.9	0.349	CHMP4B	CHMP6	0.398518392211892	1.13767810016065e-20	2.06290806763897e-20
9606.ENSP00000217402	9606.ENSP00000469240	CHMP4B	CHMP2A	9606	0.978	0	0	0	0	0.702	0.9	0.349	CHMP4B	CHMP2A	0.581622230546036	4.82480928495093e-47	1.29971832654775e-46
9606.ENSP00000218388	9606.ENSP00000447730	TIMP1	CD63	9606	0.992	0	0	0	0	0.621	0	0.982	TIMP1	CD63	0.59939118135416	1.41423890109815e-50	4.00819865582944e-50
9606.ENSP00000218388	9606.ENSP00000361405	TIMP1	MMP9	9606	0.999	0	0	0	0	0.431	0.9	0.984	TIMP1	MMP9	0.323978081037917	8.34703192768511e-14	1.32458075665492e-13
9606.ENSP00000218388	9606.ENSP00000308208	TIMP1	MMP14	9606	0.999	0	0	0	0	0.962	0	0.978	TIMP1	MMP14	0.407225411982192	1.35541803374241e-21	2.49256991374149e-21
9606.ENSP00000219097	9606.ENSP00000393139	ORC6	CDC7	9606	0.834	0	0	0	0	0.683	0.5	0	ORC6	CDC7	0.639169662307846	2.41944794674712e-59	7.84111925854816e-59
9606.ENSP00000219097	9606.ENSP00000264156	ORC6	MCM6	9606	0.861	0	0	0	0	0.62	0.65	0	ORC6	MCM6	0.640326548182769	1.28600349165977e-59	4.18116430868045e-59
9606.ENSP00000219097	9606.ENSP00000265056	ORC6	MCM2	9606	0.886	0	0	0	0	0.689	0.65	0	ORC6	MCM2	0.411179937869563	5.05097302139538e-22	9.34291499643117e-22
9606.ENSP00000219097	9606.ENSP00000405726	ORC6	CDC45	9606	0.891	0	0	0	0	0.616	0.5	0.479	ORC6	CDC45	0.80244794665802	7.23494747139234e-115	7.20503922397123e-114
9606.ENSP00000219097	9606.ENSP00000262105	ORC6	MCM4	9606	0.893	0	0	0	0	0.708	0.65	0	ORC6	MCM4	0.65288522641084	1.12713548838981e-62	3.82439868260501e-62
9606.ENSP00000219097	9606.ENSP00000307288	ORC6	MCM7	9606	0.902	0	0	0	0	0.734	0.65	0	ORC6	MCM7	0.38761901034824	1.49528248234741e-19	2.6477543150842e-19
9606.ENSP00000219097	9606.ENSP00000360623	ORC6	ORC1	9606	0.978	0	0	0	0	0.533	0.9	0.585	ORC6	ORC1	0.714373487038145	5.09377088083606e-80	2.28249662410537e-79
9606.ENSP00000219097	9606.ENSP00000301019	ORC6	CDT1	9606	0.986	0	0	0	0	0.292	0.8	0.913	ORC6	CDT1	0.692005225367257	3.32337685136854e-73	1.32281380732285e-72
9606.ENSP00000220003	9606.ENSP00000315997	CSK	LILRB1	9606	0.817	0	0	0	0	0.292	0	0.753	CSK	LILRB1	0.614115666225008	1.1241358829119e-53	3.33940307202073e-53
9606.ENSP00000220003	9606.ENSP00000401303	CSK	SHC1	9606	0.894	0	0	0	0	0.615	0.5	0.496	CSK	SHC1	0.39437322614249	3.06467008705474e-20	5.49403471665838e-20
9606.ENSP00000220003	9606.ENSP00000362680	CSK	SRC	9606	0.995	0	0	0	0	0.614	0.9	0.9	CSK	SRC	0.447060451386753	3.49160377970781e-26	6.95707897658205e-26
9606.ENSP00000220751	9606.ENSP00000358335	RIPK2	MAP3K7	9606	0.716	0	0	0	0	0.457	0.5	0	RIPK2	MAP3K7	0.401598731301702	5.39833075254038e-21	9.82026439306069e-21
9606.ENSP00000220751	9606.ENSP00000300589	RIPK2	NOD2	9606	0.998	0	0	0	0	0.621	0.7	0.985	RIPK2	NOD2	0.576371625742659	4.85739799742903e-46	1.28792329502062e-45
9606.ENSP00000220751	9606.ENSP00000222823	RIPK2	NOD1	9606	0.998	0	0	0	0	0.653	0.7	0.985	RIPK2	NOD1	0.309089884143694	1.21731718160699e-12	1.88618916439503e-12
9606.ENSP00000221132	9606.ENSP00000351273	TNFRSF10A	CASP8	9606	0.855	0	0	0	0	0.593	0.5	0.345	TNFRSF10A	CASP8	0.406556214627674	1.59975987527587e-21	2.93656937918019e-21
9606.ENSP00000221132	9606.ENSP00000276431	TNFRSF10A	TNFRSF10B	9606	0.994	0	0	0	0	0.457	0.9	0.913	TNFRSF10A	TNFRSF10B	0.638616470342686	3.26999062653297e-59	1.05705319997638e-58
9606.ENSP00000221452	9606.ENSP00000275015	RELB	NFKBIE	9606	0.889	0	0	0	0	0.671	0	0.678	RELB	NFKBIE	0.755548598338095	1.87192662607826e-94	1.11020830027314e-93
9606.ENSP00000221452	9606.ENSP00000384273	RELB	RELA	9606	0.999	0	0	0	0	0.631	0.9	0.982	RELB	RELA	0.641066932780234	8.56966133127457e-60	2.7916237395311e-59
9606.ENSP00000221452	9606.ENSP00000358983	RELB	NFKB2	9606	0.999	0	0	0	0	0.972	0.9	0.982	RELB	NFKB2	0.736590988291376	1.80105504209249e-87	9.4030314323487e-87
9606.ENSP00000221859	9606.ENSP00000324804	POLR2I	PPP2R1A	9606	0.8	0	0	0	0	0.8	0	0	POLR2I	PPP2R1A	0.59980917346393	1.16075582430453e-50	3.29717221513566e-50
9606.ENSP00000221859	9606.ENSP00000498750	POLR2I	CCNH	9606	0.912	0	0	0	0	0.832	0.5	0	POLR2I	CCNH	0.404985156900783	2.35725158138422e-21	4.31764509421534e-21
9606.ENSP00000221859	9606.ENSP00000324124	POLR2I	POLR2L	9606	0.998	0	0	0	0	0.979	0.9	0.377	POLR2I	POLR2L	0.694752829320199	5.22797775894565e-74	2.11756120756654e-73
9606.ENSP00000221859	9606.ENSP00000478303	POLR2I	POLR2E	9606	0.999	0	0	0	0	0.98	0.9	0.561	POLR2I	POLR2E	0.624922430131212	4.67352456429943e-56	1.45140336223394e-55
9606.ENSP00000221930	9606.ENSP00000327336	TGFB1	BGN	9606	0.945	0	0	0	0	0.292	0.5	0.859	TGFB1	BGN	0.44998928464275	1.51706461462242e-26	3.0431522146609e-26
9606.ENSP00000222254	9606.ENSP00000267101	PIK3R2	ERBB3	9606	0.819	0	0	0	0	0.677	0	0.465	PIK3R2	ERBB3	0.4983150799552	4.71488731586412e-33	1.04479259443524e-32
9606.ENSP00000222254	9606.ENSP00000304895	PIK3R2	IRS1	9606	0.847	0	0	0	0	0.387	0.4	0.618	PIK3R2	IRS1	-0.427065874289292	8.36898515048708e-24	1.60373848016341e-23
9606.ENSP00000222330	9606.ENSP00000262320	GSK3A	AXIN1	9606	0.999	0	0	0	0	0.77	0.9	0.985	GSK3A	AXIN1	0.397771205691998	1.36158160971458e-20	2.46448707103615e-20
9606.ENSP00000223127	9606.ENSP00000252599	PLOD3	COLGALT1	9606	0.963	0	0	0	0	0.65	0.9	0	PLOD3	COLGALT1	0.381272444014588	6.41441986717203e-19	1.1251924447997e-18
9606.ENSP00000223136	9606.ENSP00000392330	FIS1	BCAP31	9606	0.988	0	0	0	0	0.292	0	0.985	FIS1	BCAP31	0.686226852498914	1.51968302532611e-71	5.90028889111651e-71
9606.ENSP00000223321	9606.ENSP00000325919	PSMA2	PSMG2	9606	0.708	0	0	0	0	0.708	0	0	PSMA2	PSMG2	0.50082098271939	2.02724961462255e-33	4.51600871879149e-33
9606.ENSP00000223321	9606.ENSP00000478877	PSMA2	ADRM1	9606	0.864	0	0	0	0	0.74	0.5	0	PSMA2	ADRM1	0.505119797694055	4.68774757977475e-34	1.0568322195223e-33
9606.ENSP00000223321	9606.ENSP00000481029	PSMA2	PSMC3	9606	0.963	0	0	0	0	0.96	0	0.116	PSMA2	PSMC3	0.470832331680373	3.16925449127756e-29	6.64178064265667e-29
9606.ENSP00000223321	9606.ENSP00000372155	PSMA2	PSME1	9606	0.968	0	0	0	0	0.968	0	0	PSMA2	PSME1	0.470026257284114	4.05570988471375e-29	8.47144356183602e-29
9606.ENSP00000223321	9606.ENSP00000364016	PSMA2	PSMB8	9606	0.989	0	0	0	0	0.959	0.72	0.175	PSMA2	PSMB8	0.356574663677548	1.38022920421325e-16	2.31287828556304e-16
9606.ENSP00000223321	9606.ENSP00000290541	PSMA2	PSMB4	9606	0.996	0	0	0	0	0.951	0.9	0.345	PSMA2	PSMB4	0.571629740613813	3.77322715283544e-45	9.89054723637019e-45
9606.ENSP00000223321	9606.ENSP00000351314	PSMA2	PSMB10	9606	0.996	0	0	0	0	0.985	0.72	0.185	PSMA2	PSMB10	0.360619291742839	5.910157835181e-17	9.98313472059455e-17
9606.ENSP00000223321	9606.ENSP00000362334	PSMA2	PSMB2	9606	0.997	0	0	0	0	0.963	0.9	0.345	PSMA2	PSMB2	0.616267869022927	3.8367707974042e-54	1.14989475498032e-53
9606.ENSP00000223321	9606.ENSP00000262193	PSMA2	PSMB1	9606	0.998	0	0	0	0	0.963	0.9	0.704	PSMA2	PSMB1	0.616186618661866	3.99628238476213e-54	1.19628358488234e-53
9606.ENSP00000223321	9606.ENSP00000414359	PSMA2	PSMA1	9606	0.998	0	0	0	0	0.981	0.9	0.325	PSMA2	PSMA1	0.713835855635253	7.55970854989348e-80	3.37849519027483e-79
9606.ENSP00000223321	9606.ENSP00000359910	PSMA2	PSMA7	9606	0.999	0	0	0	0	0.985	0.9	0.625	PSMA2	PSMA7	0.760805366250911	1.66507429097384e-96	1.0323052497594e-95
9606.ENSP00000223321	9606.ENSP00000271308	PSMA2	PSMA5	9606	0.999	0	0	0	0	0.981	0.9	0.706	PSMA2	PSMA5	0.787645193090737	7.22695723690838e-108	5.90649057536664e-107
9606.ENSP00000223321	9606.ENSP00000261479	PSMA2	PSMA6	9606	0.999	0	0	0	0	0.981	0.9	0.603	PSMA2	PSMA6	0.804488709740539	7.04278574061209e-116	7.25650775188525e-115
9606.ENSP00000223321	9606.ENSP00000483688	PSMA2	PSMB3	9606	0.999	0	0	0	0	0.981	0.9	0.655	PSMA2	PSMB3	0.558223617392795	1.04008822978291e-42	2.6348554604265e-42
9606.ENSP00000223500	9606.ENSP00000297265	CHMP5	CHMP4C	9606	0.824	0	0	0	0	0.358	0.5	0.495	CHMP5	CHMP4C	0.502989864203812	9.70921285445956e-34	2.17629188439127e-33
9606.ENSP00000225655	9606.ENSP00000329219	PFN1	FMNL1	9606	0.793	0	0	0	0	0.292	0.5	0.463	PFN1	FMNL1	0.52075369027586	1.90707179617389e-36	4.4296952327106e-36
9606.ENSP00000225655	9606.ENSP00000432660	PFN1	CFL1	9606	0.814	0	0	0	0	0.21	0	0.775	PFN1	CFL1	0.879082224992686	5.62723461274626e-164	3.02852977722163e-162
9606.ENSP00000225655	9606.ENSP00000458162	PFN1	ACTG1	9606	0.965	0	0	0	0	0.185	0.9	0.606	PFN1	ACTG1	0.387291213593409	1.61334348435537e-19	2.85580989760455e-19
9606.ENSP00000225655	9606.ENSP00000245932	PFN1	VASP	9606	0.999	0	0	0	0	0.95	0.5	0.981	PFN1	VASP	0.678635068475792	2.01803291498418e-69	7.57361165942506e-69
9606.ENSP00000225916	9606.ENSP00000358335	KAT2A	MAP3K7	9606	0.793	0	0	0	0	0.292	0.72	0	KAT2A	MAP3K7	-0.371474694053256	5.71087326218467e-18	9.83761648842961e-18
9606.ENSP00000225964	9606.ENSP00000346839	COL1A1	FN1	9606	0.711	0	0	0	0	0.483	0	0.464	COL1A1	FN1	0.691611366105555	4.32496916174443e-73	1.71742692223431e-72
9606.ENSP00000225964	9606.ENSP00000252599	COL1A1	COLGALT1	9606	0.721	0	0	0	0	0.292	0.5	0.277	COL1A1	COLGALT1	0.665420424029981	7.10610540077322e-66	2.51046000157205e-65
9606.ENSP00000225964	9606.ENSP00000260356	COL1A1	THBS1	9606	0.821	0	0	0	0	0.457	0	0.684	COL1A1	THBS1	0.709183713402396	2.21724899466163e-78	9.65323809293735e-78
9606.ENSP00000225964	9606.ENSP00000327336	COL1A1	BGN	9606	0.825	0	0	0	0	0.292	0	0.763	COL1A1	BGN	0.687114270433254	8.4979470270401e-72	3.31210431508443e-71
9606.ENSP00000225964	9606.ENSP00000360882	COL1A1	COL5A1	9606	0.967	0	0	0	0	0.23	0.72	0.861	COL1A1	COL5A1	0.857034399092083	5.84230950582868e-147	1.58904536505308e-145
9606.ENSP00000227163	9606.ENSP00000268058	SPI1	PML	9606	0.852	0	0	0	0	0.292	0.8	0	SPI1	PML	0.593214383550156	2.53262130991655e-49	7.04372248865741e-49
9606.ENSP00000227163	9606.ENSP00000300305	SPI1	RUNX1	9606	0.92	0	0	0	0	0.292	0.8	0.482	SPI1	RUNX1	0.568924998089871	1.19700043087495e-44	3.1038570885681e-44
9606.ENSP00000227507	9606.ENSP00000384849	CCND1	CDKN1A	9606	0.999	0	0	0	0	0.971	0.4	0.956	CCND1	CDKN1A	0.463571419253727	2.85484355612325e-28	5.89496063282756e-28
9606.ENSP00000227524	9606.ENSP00000236273	PRPF19	SYF2	9606	0.998	0	0	0	0	0.977	0.9	0.229	PRPF19	SYF2	0.342250933167851	2.52736664032814e-15	4.14186842676387e-15
9606.ENSP00000228251	9606.ENSP00000245934	YBX3	SYMPK	9606	0.852	0	0	0	0	0.292	0.8	0	YBX3	SYMPK	0.360776947259943	5.7165548918245e-17	9.65933573738815e-17
9606.ENSP00000228463	9606.ENSP00000263686	SELPLG	SELP	9606	0.999	0	0	0	0	0.96	0.9	0.987	SELPLG	SELP	0.500665749804794	2.1365004252763e-33	4.75728681842993e-33
9606.ENSP00000228825	9606.ENSP00000458162	ARPC3	ACTG1	9606	0.933	0	0	0	0	0.299	0.9	0.132	ARPC3	ACTG1	0.378759087088833	1.13192419116881e-18	1.97803263665734e-18
9606.ENSP00000228825	9606.ENSP00000345361	ARPC3	ARPC5L	9606	0.998	0	0	0	0	0.963	0.9	0.56	ARPC3	ARPC5L	0.621123789397573	3.29043077386021e-55	1.00825495366195e-54
9606.ENSP00000228825	9606.ENSP00000388169	ARPC3	ARPC4	9606	0.998	0	0	0	0	0.981	0.9	0.353	ARPC3	ARPC4	0.600487036281268	8.42089956778287e-51	2.39602536070942e-50
9606.ENSP00000228825	9606.ENSP00000389631	ARPC3	ARPC1B	9606	0.999	0	0	0	0	0.96	0.9	0.978	ARPC3	ARPC1B	0.611791272294931	3.55627836790418e-53	1.04843894307851e-52
9606.ENSP00000228825	9606.ENSP00000295685	ARPC3	ARPC2	9606	0.999	0	0	0	0	0.963	0.9	0.987	ARPC3	ARPC2	0.492329015510247	3.44301360622584e-32	7.54688294362935e-32
9606.ENSP00000228825	9606.ENSP00000262942	ARPC3	ARPC1A	9606	0.999	0	0	0	0	0.96	0.9	0.812	ARPC3	ARPC1A	0.39226192805616	5.04964214018755e-20	9.00780662454472e-20
9606.ENSP00000228843	9606.ENSP00000493712	RAD51AP1	RAD51	9606	0.896	0	0	0	0	0.457	0.5	0.651	RAD51AP1	RAD51	0.702655265526553	2.27324079667321e-76	9.55176510828053e-76
9606.ENSP00000228945	9606.ENSP00000348461	ARHGDIB	RAC1	9606	0.813	0	0	0	0	0.335	0.7	0.138	ARHGDIB	RAC1	0.343803821375926	1.85729436100826e-15	3.0516570874767e-15
9606.ENSP00000228945	9606.ENSP00000249071	ARHGDIB	RAC2	9606	0.97	0	0	0	0	0.955	0	0.359	ARHGDIB	RAC2	0.438063557908586	4.29903886085802e-25	8.4102233554063e-25
9606.ENSP00000229554	9606.ENSP00000291536	RSPH4A	RSPH1	9606	0.797	0	0	0	0	0.57	0	0.547	RSPH4A	RSPH1	0.385116089248676	2.66555361479361e-19	4.70025644379258e-19
9606.ENSP00000229829	9606.ENSP00000353099	HLA-DOA	HLA-DRB1	9606	0.904	0	0	0	0	0.081	0.9	0	HLA-DOA	HLA-DRB1	0.922892382405942	1.2743359393466e-210	2.38772796931647e-208
9606.ENSP00000229829	9606.ENSP00000398890	HLA-DOA	HLA-DMB	9606	0.904	0	0	0	0	0.081	0.9	0	HLA-DOA	HLA-DMB	0.545351118962828	1.8119025161206e-40	4.43035999470958e-40
9606.ENSP00000229829	9606.ENSP00000408146	HLA-DOA	HLA-DPB1	9606	0.911	0	0	0	0	0.081	0.9	0.118	HLA-DOA	HLA-DPB1	0.944519141355129	2.31157347651579e-245	7.30890638605837e-243
9606.ENSP00000229829	9606.ENSP00000496848	HLA-DOA	HLA-DOB	9606	0.928	0	0	0	0	0.316	0.9	0	HLA-DOA	HLA-DOB	0.873694357013341	1.58808026554746e-159	7.10982129504833e-158
9606.ENSP00000229829	9606.ENSP00000363976	HLA-DOA	HLA-DMA	9606	0.966	0	0	0	0	0.488	0.9	0.399	HLA-DOA	HLA-DMA	0.895617512061765	4.34272489313226e-179	4.14525381780304e-177
9606.ENSP00000229922	9606.ENSP00000303908	CAP2	TWF2	9606	0.737	0	0	0	0	0.737	0	0	CAP2	TWF2	-0.514729795960963	1.64506704047968e-35	3.77090809143031e-35
9606.ENSP00000229922	9606.ENSP00000432660	CAP2	CFL1	9606	0.777	0	0	0	0	0.726	0	0.22	CAP2	CFL1	-0.44663882537322	3.93415927556016e-26	7.82347160969295e-26
9606.ENSP00000230538	9606.ENSP00000264036	LAMA4	MCAM	9606	0.883	0	0	0	0	0.652	0	0.679	LAMA4	MCAM	0.815244226285982	2.04545554223769e-121	2.45794764564856e-120
9606.ENSP00000233156	9606.ENSP00000260356	TFPI	THBS1	9606	0.723	0	0	0	0	0.292	0	0.625	TFPI	THBS1	0.347231338040636	9.35254931471732e-16	1.54521707978951e-15
9606.ENSP00000233336	9606.ENSP00000439020	TTL	TUBA1A	9606	0.907	0	0	0	0	0.9	0	0.117	TTL	TUBA1A	0.340411059739514	3.63257188973607e-15	5.9262112835133e-15
9606.ENSP00000234071	9606.ENSP00000377783	PROC	PROS1	9606	0.739	0	0	0	0	0.168	0.7	0	PROC	PROS1	0.408851910035724	9.04568167794666e-22	1.66771514609082e-21
9606.ENSP00000235310	9606.ENSP00000472445	MAD2L2	POLD1	9606	0.954	0	0	0	0	0.352	0.9	0.35	MAD2L2	POLD1	0.485440997515901	3.23325686818293e-31	7.0051590989882e-31
9606.ENSP00000236273	9606.ENSP00000451129	SYF2	SNW1	9606	0.997	0	0	0	0	0.974	0.9	0	SYF2	SNW1	0.342090668694199	2.60875389219794e-15	4.27386202740589e-15
9606.ENSP00000236671	9606.ENSP00000333298	CTSD	LAMP1	9606	0.882	0	0	0	0	0.734	0	0.577	CTSD	LAMP1	0.496000842320257	1.02168131150612e-32	2.25215065573397e-32
9606.ENSP00000242285	9606.ENSP00000470176	CLTA	AP2S1	9606	0.915	0	0	0	0	0.186	0.9	0	CLTA	AP2S1	0.323303758947323	9.45490731340476e-14	1.49897762765637e-13
9606.ENSP00000242285	9606.ENSP00000336666	CLTA	AP1S1	9606	0.915	0	0	0	0	0.191	0.9	0	CLTA	AP1S1	0.489387882887668	9.01528214419176e-32	1.96757171559388e-31
9606.ENSP00000242285	9606.ENSP00000309415	CLTA	CLTB	9606	0.98	0	0	0	0	0.554	0.9	0.591	CLTA	CLTB	0.52458410437317	4.73693833970685e-37	1.1094523639156e-36
9606.ENSP00000243347	9606.ENSP00000346839	TNFAIP6	FN1	9606	0.725	0	0	0	0	0.363	0	0.587	TNFAIP6	FN1	0.517145037485115	6.96977721841894e-36	1.6078478316453e-35
9606.ENSP00000243347	9606.ENSP00000265077	TNFAIP6	VCAN	9606	0.732	0	0	0	0	0.165	0	0.693	TNFAIP6	VCAN	0.712642258014621	1.81035215933096e-79	8.01274853373168e-79
9606.ENSP00000243347	9606.ENSP00000260356	TNFAIP6	THBS1	9606	0.802	0	0	0	0	0.236	0	0.752	TNFAIP6	THBS1	0.620356849349531	4.86377574047807e-55	1.48585999221489e-54
9606.ENSP00000243347	9606.ENSP00000306512	TNFAIP6	CXCL8	9606	0.859	0	0	0	0	0.405	0	0.774	TNFAIP6	CXCL8	0.532743615976504	2.29617646473062e-38	5.45368860801513e-38
9606.ENSP00000244565	9606.ENSP00000359765	UNC5CL	ADGRL2	9606	0.749	0	0	0	0	0.749	0	0	UNC5CL	ADGRL2	-0.335454508183738	9.5379271673623e-15	1.54210206262978e-14
9606.ENSP00000244709	9606.ENSP00000262629	TREM1	TYROBP	9606	0.994	0	0	0	0	0.457	0.7	0.97	TREM1	TYROBP	0.501721631790508	1.49422897289544e-33	3.33891535948676e-33
9606.ENSP00000244745	9606.ENSP00000348056	SOX4	UBE2I	9606	0.715	0	0	0	0	0.292	0	0.614	SOX4	UBE2I	0.518255893912373	4.6846075118275e-36	1.08216572613403e-35
9606.ENSP00000245544	9606.ENSP00000348056	NUP85	UBE2I	9606	0.71	0	0	0	0	0.445	0.5	0	NUP85	UBE2I	0.419542854906609	5.9947671670443e-23	1.13078027957036e-22
9606.ENSP00000245907	9606.ENSP00000378131	C3	CFI	9606	0.977	0	0	0	0	0.943	0.54	0.21	C3	CFI	0.683354018631677	9.83564036659657e-71	3.76388083317792e-70
9606.ENSP00000245907	9606.ENSP00000380948	C3	ITGB2	9606	0.996	0	0	0	0	0.292	0.9	0.955	C3	ITGB2	0.719976687109705	7.87206965691371e-82	3.65700646412548e-81
9606.ENSP00000245907	9606.ENSP00000356030	C3	CD55	9606	0.997	0	0	0	0	0.9	0.7	0.922	C3	CD55	0.546681593625201	1.07395244633895e-40	2.63615983795669e-40
9606.ENSP00000245907	9606.ENSP00000496959	C3	ITGAM	9606	0.998	0	0	0	0	0.926	0.9	0.843	C3	ITGAM	0.661418936924748	7.76305314779291e-65	2.70477175445484e-64
9606.ENSP00000245907	9606.ENSP00000416561	C3	CFB	9606	0.999	0	0	0	0	0.952	0.8	0.982	C3	CFB	0.690772959283506	7.56660763026902e-73	2.98824886819133e-72
9606.ENSP00000245932	9606.ENSP00000267257	VASP	PXN	9606	0.736	0	0	0	0	0.12	0	0.713	VASP	PXN	0.350974165739555	4.37890446229481e-16	7.27516508201952e-16
9606.ENSP00000245932	9606.ENSP00000458162	VASP	ACTG1	9606	0.952	0	0	0	0	0.528	0.9	0.08	VASP	ACTG1	0.444672883437412	6.84787014536168e-26	1.35590509062171e-25
9606.ENSP00000245932	9606.ENSP00000316338	VASP	BAIAP2	9606	0.968	0	0	0	0	0.613	0	0.922	VASP	BAIAP2	0.496146478001837	9.73321310327824e-33	2.14741932357107e-32
9606.ENSP00000245932	9606.ENSP00000324422	VASP	ZYX	9606	0.992	0	0	0	0	0.582	0	0.982	VASP	ZYX	0.674583918019131	2.58155446312241e-68	9.49824293013547e-68
9606.ENSP00000245960	9606.ENSP00000481380	CDC25B	CCNA2	9606	0.892	0	0	0	0	0.292	0	0.855	CDC25B	CCNA2	0.51241956493786	3.71662720852252e-35	8.48867586813337e-35
9606.ENSP00000245960	9606.ENSP00000379287	CDC25B	YWHAZ	9606	0.966	0	0	0	0	0.506	0.9	0.374	CDC25B	YWHAZ	0.390139169196423	8.31274281780836e-20	1.47713965280269e-19
9606.ENSP00000245960	9606.ENSP00000248975	CDC25B	YWHAH	9606	0.968	0	0	0	0	0.526	0.9	0.393	CDC25B	YWHAH	0.516429624328892	8.99508947420789e-36	2.07222940118478e-35
9606.ENSP00000247470	9606.ENSP00000357113	PYCARD	IFI16	9606	0.868	0	0	0	0	0.457	0	0.767	PYCARD	IFI16	0.462139288463008	4.37709781851643e-28	8.99420709336906e-28
9606.ENSP00000247470	9606.ENSP00000351273	PYCARD	CASP8	9606	0.966	0	0	0	0	0.457	0.9	0.437	PYCARD	CASP8	0.314811232676063	4.42400673627209e-13	6.92911767145527e-13
9606.ENSP00000247470	9606.ENSP00000433138	PYCARD	CASP1	9606	0.999	0	0	0	0	0.967	0.9	0.986	PYCARD	CASP1	0.564862852744902	6.64423253158622e-44	1.70365800189025e-43
9606.ENSP00000248437	9606.ENSP00000318697	TUBA4A	TUBB6	9606	0.945	0	0	0	0	0.248	0.65	0.809	TUBA4A	TUBB6	0.409105351528942	8.49155808593065e-22	1.56612440235957e-21
9606.ENSP00000248437	9606.ENSP00000320295	TUBA4A	TUBB3	9606	0.978	0	0	0	0	0.68	0.65	0.823	TUBA4A	TUBB3	0.5040941982397	6.66050840596643e-34	1.49624831375596e-33
9606.ENSP00000248975	9606.ENSP00000306330	YWHAH	YWHAG	9606	0.925	0	0	0	0	0.729	0.5	0.497	YWHAH	YWHAG	0.462252125833701	4.23247458846836e-28	8.70764088778424e-28
9606.ENSP00000248975	9606.ENSP00000379287	YWHAH	YWHAZ	9606	0.93	0	0	0	0	0.725	0.5	0.533	YWHAH	YWHAZ	0.544447860935162	2.58088398592489e-40	6.29238172761157e-40
9606.ENSP00000248975	9606.ENSP00000361930	YWHAH	YWHAB	9606	0.941	0	0	0	0	0.729	0.5	0.6	YWHAH	YWHAB	0.367432488590474	1.37762200057434e-17	2.35611551754753e-17
9606.ENSP00000249071	9606.ENSP00000348461	RAC2	RAC1	9606	0.811	0	0	0	0	0.607	0.54	0	RAC2	RAC1	0.318955560152288	2.09620529681967e-13	3.30261681613538e-13
9606.ENSP00000249071	9606.ENSP00000314067	RAC2	PAK2	9606	0.835	0	0	0	0	0.424	0.5	0.472	RAC2	PAK2	0.30137603822494	4.60417307907852e-12	7.02472460820635e-12
9606.ENSP00000249071	9606.ENSP00000400175	RAC2	RHOA	9606	0.914	0	0	0	0	0.165	0.9	0.055	RAC2	RHOA	0.331890114477286	1.88931039920011e-14	3.03205125284679e-14
9606.ENSP00000249071	9606.ENSP00000497733	RAC2	CDC42	9606	0.923	0	0	0	0	0.164	0.9	0.16	RAC2	CDC42	0.31622659160326	3.43241420923059e-13	5.38770818631634e-13
9606.ENSP00000249071	9606.ENSP00000463939	RAC2	ARHGDIA	9606	0.979	0	0	0	0	0.551	0.7	0.861	RAC2	ARHGDIA	0.314271178670662	4.87210184559964e-13	7.6238673791799e-13
9606.ENSP00000249071	9606.ENSP00000367851	RAC2	CYBB	9606	0.996	0	0	0	0	0.186	0.8	0.982	RAC2	CYBB	0.744109162469042	3.63208121719669e-90	1.99724987802153e-89
9606.ENSP00000249071	9606.ENSP00000356505	RAC2	NCF2	9606	0.998	0	0	0	0	0.576	0.8	0.982	RAC2	NCF2	0.796882017394286	3.62609702099161e-112	3.31725584614766e-111
9606.ENSP00000249749	9606.ENSP00000498587	DLL4	NOTCH1	9606	0.998	0	0	0	0	0.475	0.8	0.983	DLL4	NOTCH1	0.475247058867377	8.11447677059988e-30	1.72050033455427e-29
9606.ENSP00000251810	9606.ENSP00000300738	RRM2B	RRM1	9606	0.999	0	0	0	0	0.656	0.9	0.987	RRM2B	RRM1	0.437580807770218	4.90864290205711e-25	9.5990817323181e-25
9606.ENSP00000252486	9606.ENSP00000323929	APOE	A2M	9606	0.847	0	0	0	0	0.292	0	0.794	APOE	A2M	0.330613030247124	2.40837383682929e-14	3.85568456978462e-14
9606.ENSP00000252486	9606.ENSP00000362205	APOE	TREM2	9606	0.986	0	0	0	0	0.514	0	0.974	APOE	TREM2	0.395719820429248	2.22454543729829e-20	4.00070222797441e-20
9606.ENSP00000252486	9606.ENSP00000371532	APOE	VLDLR	9606	0.993	0	0	0	0	0.236	0.54	0.982	APOE	VLDLR	-0.327271143263395	4.52129926414911e-14	7.20190584928537e-14
9606.ENSP00000252486	9606.ENSP00000466775	APOE	APOC2	9606	0.997	0	0	0	0	0.564	0.8	0.972	APOE	APOC2	0.430007379619949	3.82332792571421e-24	7.36846322902408e-24
9606.ENSP00000252699	9606.ENSP00000360305	ACTN4	PDLIM1	9606	0.704	0	0	0	0	0.527	0	0.401	ACTN4	PDLIM1	0.502208202186678	1.26670645893303e-33	2.83300971518223e-33
9606.ENSP00000252699	9606.ENSP00000377789	ACTN4	SYNPO	9606	0.728	0	0	0	0	0.161	0	0.69	ACTN4	SYNPO	0.53965753718229	1.65502129846453e-39	3.99082590511538e-39
9606.ENSP00000252699	9606.ENSP00000324422	ACTN4	ZYX	9606	0.947	0	0	0	0	0.14	0.9	0.433	ACTN4	ZYX	0.469073988144156	5.422961026284e-29	1.13133030234931e-28
9606.ENSP00000252699	9606.ENSP00000297508	ACTN4	MICALL2	9606	0.959	0	0	0	0	0.351	0.9	0.427	ACTN4	MICALL2	0.35745304344099	1.14921752476262e-16	1.93024067683851e-16
9606.ENSP00000252699	9606.ENSP00000377941	ACTN4	ACTN1	9606	0.998	0	0	0	0	0.933	0.9	0.771	ACTN4	ACTN1	0.475046821452331	8.6354457146902e-30	1.82942713026037e-29
9606.ENSP00000252999	9606.ENSP00000264144	LAMA5	LAMC2	9606	0.844	0	0	0	0	0.189	0.8	0.116	LAMA5	LAMC2	0.340969749148828	3.25450510642922e-15	5.31628715964657e-15
9606.ENSP00000252999	9606.ENSP00000258341	LAMA5	LAMC1	9606	0.997	0	0	0	0	0.96	0.8	0.759	LAMA5	LAMC1	0.50223568940745	1.25493073854917e-33	2.8079144654225e-33
9606.ENSP00000253063	9606.ENSP00000339881	SESN2	MIOS	9606	0.772	0	0	0	0	0.564	0.5	0	SESN2	MIOS	0.346592702748536	1.06346705659716e-15	1.75532784317293e-15
9606.ENSP00000253462	9606.ENSP00000312995	GINS2	CLSPN	9606	0.8	0	0	0	0	0.8	0	0	GINS2	CLSPN	0.358949839083287	8.39995803396788e-17	1.41651292312812e-16
9606.ENSP00000253462	9606.ENSP00000478121	GINS2	ELOC	9606	0.8	0	0	0	0	0.8	0	0	GINS2	ELOC	0.366084776179481	1.84263739445704e-17	3.13868773688827e-17
9606.ENSP00000253462	9606.ENSP00000262306	GINS2	ELOB	9606	0.8	0	0	0	0	0.8	0	0	GINS2	ELOB	0.328969294444972	3.28614225782473e-14	5.24766214720181e-14
9606.ENSP00000253462	9606.ENSP00000322570	GINS2	POLE	9606	0.862	0	0	0	0	0.862	0	0	GINS2	POLE	0.431578250992801	2.50827081784603e-24	4.84696030079568e-24
9606.ENSP00000253462	9606.ENSP00000450607	GINS2	TIMELESS	9606	0.862	0	0	0	0	0.862	0	0	GINS2	TIMELESS	0.397002029395486	1.63741015944014e-20	2.95422895742071e-20
9606.ENSP00000253462	9606.ENSP00000265056	GINS2	MCM2	9606	0.974	0	0	0	0	0.947	0.54	0	GINS2	MCM2	0.518458740283966	4.35609166393356e-36	1.00673676234993e-35
9606.ENSP00000253462	9606.ENSP00000480987	GINS2	MCM3	9606	0.981	0	0	0	0	0.946	0.54	0.303	GINS2	MCM3	0.677235549641921	4.89045581777236e-69	1.82454395148307e-68
9606.ENSP00000253462	9606.ENSP00000262105	GINS2	MCM4	9606	0.982	0	0	0	0	0.947	0.54	0.351	GINS2	MCM4	0.60130541004411	5.71004770018709e-51	1.62561234188219e-50
9606.ENSP00000253462	9606.ENSP00000264156	GINS2	MCM6	9606	0.982	0	0	0	0	0.946	0.54	0.352	GINS2	MCM6	0.601505181574058	5.19254330486078e-51	1.48034163887976e-50
9606.ENSP00000253462	9606.ENSP00000307288	GINS2	MCM7	9606	0.993	0	0	0	0	0.979	0.54	0.351	GINS2	MCM7	0.519980134659429	2.52109509690981e-36	5.84519711057138e-36
9606.ENSP00000253462	9606.ENSP00000405726	GINS2	CDC45	9606	0.995	0	0	0	0	0.983	0.54	0.459	GINS2	CDC45	0.729807608090001	4.0664600564163e-85	2.0090059985752e-84
9606.ENSP00000254066	9606.ENSP00000352900	RARA	RXRG	9606	0.938	0	0	0	0	0.599	0.8	0.296	RARA	RXRG	0.353298093784534	2.71965402463244e-16	4.54233400812662e-16
9606.ENSP00000254066	9606.ENSP00000268058	RARA	PML	9606	0.954	0	0	0	0	0.457	0.9	0.225	RARA	PML	0.415594665056568	1.65194663076345e-22	3.08953715527995e-22
9606.ENSP00000254066	9606.ENSP00000384018	RARA	NCOR2	9606	0.987	0	0	0	0	0.483	0.5	0.957	RARA	NCOR2	0.328628639261442	3.50392518954713e-14	5.59191089398073e-14
9606.ENSP00000254301	9606.ENSP00000367123	LGALS3	SLC3A2	9606	0.799	0	0	0	0	0.292	0	0.729	LGALS3	SLC3A2	0.405307642565499	2.17731842310665e-21	3.99240808354351e-21
9606.ENSP00000254301	9606.ENSP00000312506	LGALS3	CSPG4	9606	0.862	0	0	0	0	0.245	0	0.825	LGALS3	CSPG4	-0.423991498528735	1.88243779778699e-23	3.58151666754584e-23
9606.ENSP00000254301	9606.ENSP00000346839	LGALS3	FN1	9606	0.963	0	0	0	0	0.189	0	0.957	LGALS3	FN1	0.720144126213864	6.93890389956443e-82	3.23538385510567e-81
9606.ENSP00000254301	9606.ENSP00000302569	LGALS3	CLEC7A	9606	0.985	0	0	0	0	0.292	0	0.981	LGALS3	CLEC7A	0.337157131862254	6.85946584924515e-15	1.11188842458607e-14
9606.ENSP00000254436	9606.ENSP00000471896	TRIM21	IRF3	9606	0.948	0	0	0	0	0.457	0	0.909	TRIM21	IRF3	0.357938682066964	1.03828125086402e-16	1.7473934957156e-16
9606.ENSP00000254958	9606.ENSP00000498587	JAG1	NOTCH1	9606	0.998	0	0	0	0	0.705	0.8	0.983	JAG1	NOTCH1	0.571325797175991	4.29820528384227e-45	1.12549795708893e-44
9606.ENSP00000254958	9606.ENSP00000263388	JAG1	NOTCH3	9606	0.999	0	0	0	0	0.457	0.9	0.983	JAG1	NOTCH3	0.526830322783831	2.07582588437539e-37	4.88219579221529e-37
9606.ENSP00000255465	9606.ENSP00000481380	CCNA1	CCNA2	9606	0.971	0	0	0	0	0.592	0.9	0.367	CCNA1	CCNA2	0.334025879312137	1.25573091210825e-14	2.02381098577752e-14
9606.ENSP00000255465	9606.ENSP00000384849	CCNA1	CDKN1A	9606	0.993	0	0	0	0	0.683	0.5	0.964	CCNA1	CDKN1A	0.396053217031017	2.05443795740875e-20	3.69740363804014e-20
9606.ENSP00000255465	9606.ENSP00000266970	CCNA1	CDK2	9606	0.999	0	0	0	0	0.657	0.9	0.984	CCNA1	CDK2	0.448392008029809	2.39260962067928e-26	4.78238327578684e-26
9606.ENSP00000256443	9606.ENSP00000498750	CDK7	CCNH	9606	0.999	0	0	0	0	0.981	0.9	0.987	CDK7	CCNH	0.553560573448649	6.92100389594569e-42	1.73162011422301e-41
9606.ENSP00000256458	9606.ENSP00000498321	IRAK2	MYD88	9606	0.999	0	0	0	0	0.92	0.5	0.982	IRAK2	MYD88	0.566917685557375	2.80030751096706e-44	7.22793658060324e-44
9606.ENSP00000256996	9606.ENSP00000285021	DDB2	XPC	9606	0.787	0	0	0	0	0.457	0.5	0.279	DDB2	XPC	0.348929768753273	6.63629001759569e-16	1.100032477032e-15
9606.ENSP00000256996	9606.ENSP00000355958	DDB2	DTL	9606	0.95	0	0	0	0	0.292	0.9	0.354	DDB2	DTL	0.371949151436883	5.1458890661743e-18	8.88196956184775e-18
9606.ENSP00000257572	9606.ENSP00000365230	HRK	BCL2L1	9606	0.992	0	0	0	0	0.621	0	0.982	HRK	BCL2L1	0.333725701762723	1.33019217293011e-14	2.14313445950746e-14
9606.ENSP00000257904	9606.ENSP00000368458	CDK4	PCNA	9606	0.857	0	0	0	0	0.614	0	0.644	CDK4	PCNA	0.357324179622931	1.18055995821982e-16	1.98157028156406e-16
9606.ENSP00000257904	9606.ENSP00000362082	CDK4	CCND3	9606	0.999	0	0	0	0	0.972	0.9	0.984	CDK4	CCND3	0.409936397366445	6.89922062034371e-22	1.27430292509379e-21
9606.ENSP00000257934	9606.ENSP00000378699	ESPL1	CDK1	9606	0.946	0	0	0	0	0.9	0	0.483	ESPL1	CDK1	0.620184565040355	5.30926888996353e-55	1.61999947613543e-54
9606.ENSP00000258149	9606.ENSP00000269305	MDM2	TP53	9606	0.999	0	0	0	0	0.964	0.7	0.983	MDM2	TP53	0.324858137987712	7.09071077242986e-14	1.12663020721491e-13
9606.ENSP00000258201	9606.ENSP00000356224	FHOD1	SYNE1	9606	0.957	0	0	0	0	0.9	0	0.594	FHOD1	SYNE1	-0.537770236650994	3.41364347257552e-39	8.19630865104868e-39
9606.ENSP00000258341	9606.ENSP00000386896	LAMC1	ITGA6	9606	0.963	0	0	0	0	0.9	0.65	0	LAMC1	ITGA6	0.403254859647455	3.60403375134609e-21	6.5822407032707e-21
9606.ENSP00000258341	9606.ENSP00000379350	LAMC1	ITGB1	9606	0.963	0	0	0	0	0.9	0.65	0	LAMC1	ITGB1	0.75145980436553	6.78846984876185e-93	3.92041883160801e-92
9606.ENSP00000258526	9606.ENSP00000261918	PLXNC1	SEMA7A	9606	0.999	0	0	0	0	0.948	0.9	0.982	PLXNC1	SEMA7A	0.509712120280351	9.58387853613275e-35	2.17713702354268e-34
9606.ENSP00000259008	9606.ENSP00000347232	BRIP1	BLM	9606	0.75	0	0	0	0	0.457	0.5	0.155	BRIP1	BLM	0.668253657663903	1.27820079764693e-66	4.56667926221455e-66
9606.ENSP00000259008	9606.ENSP00000287647	BRIP1	FANCD2	9606	0.902	0	0	0	0	0.457	0	0.828	BRIP1	FANCD2	0.772838712442673	2.09250151299906e-101	1.46620015987011e-100
9606.ENSP00000259008	9606.ENSP00000369497	BRIP1	BRCA2	9606	0.977	0	0	0	0	0.292	0.9	0.705	BRIP1	BRCA2	0.778309973854528	9.80087551835369e-104	7.2595357609592e-103
9606.ENSP00000259075	9606.ENSP00000464030	TANK	IKBKE	9606	0.999	0	0	0	0	0.639	0.9	0.987	TANK	IKBKE	0.326111648431924	5.61547681120807e-14	8.93355257481183e-14
9606.ENSP00000259951	9606.ENSP00000366024	HLA-F	HLA-G	9606	0.863	0	0	0	0	0.609	0.54	0.303	HLA-F	HLA-G	0.708080404313723	4.89275721778783e-78	2.11559476622125e-77
9606.ENSP00000259951	9606.ENSP00000393566	HLA-F	HLA-DPA1	9606	0.905	0	0	0	0	0.089	0.9	0	HLA-F	HLA-DPA1	0.846074545342733	1.56116991418239e-139	3.30458518654758e-138
9606.ENSP00000259951	9606.ENSP00000399168	HLA-F	HLA-B	9606	0.908	0	0	0	0	0.125	0.9	0	HLA-F	HLA-B	0.932344538801706	2.25253438174361e-224	5.17980519874588e-222
9606.ENSP00000259951	9606.ENSP00000353099	HLA-F	HLA-DRB1	9606	0.912	0	0	0	0	0.165	0.9	0	HLA-F	HLA-DRB1	0.847598269143684	1.57098283990685e-140	3.51663813587997e-139
9606.ENSP00000259951	9606.ENSP00000365402	HLA-F	HLA-C	9606	0.972	0	0	0	0	0.497	0.9	0.502	HLA-F	HLA-C	0.89855957645454	4.81905941047278e-182	4.87592431151636e-180
9606.ENSP00000259951	9606.ENSP00000379873	HLA-F	HLA-A	9606	0.976	0	0	0	0	0.549	0.9	0.527	HLA-F	HLA-A	0.916833546708708	1.06030608132465e-202	1.84968567773153e-200
9606.ENSP00000259951	9606.ENSP00000365817	HLA-F	HLA-E	9606	0.978	0	0	0	0	0.549	0.9	0.571	HLA-F	HLA-E	0.895923225862959	2.16203411674897e-179	2.10340973012174e-177
9606.ENSP00000259951	9606.ENSP00000375629	HLA-F	LILRB2	9606	0.983	0	0	0	0	0.549	0.5	0.933	HLA-F	LILRB2	0.70848619023393	3.65861796365725e-78	1.58602813008929e-77
9606.ENSP00000259951	9606.ENSP00000497910	HLA-F	B2M	9606	0.998	0	0	0	0	0.972	0.9	0.637	HLA-F	B2M	0.863865579104494	6.5525450611651e-152	2.20995503096228e-150
9606.ENSP00000259951	9606.ENSP00000315997	HLA-F	LILRB1	9606	0.998	0	0	0	0	0.926	0.5	0.957	HLA-F	LILRB1	0.649156095733797	9.43857961900505e-62	3.16643065600441e-61
9606.ENSP00000260010	9606.ENSP00000385519	TLR2	CD14	9606	0.916	0	0	0	0	0.483	0.8	0.256	TLR2	CD14	0.497550562509667	6.0911969398597e-33	1.34741431214474e-32
9606.ENSP00000260010	9606.ENSP00000302569	TLR2	CLEC7A	9606	0.986	0	0	0	0	0.292	0	0.982	TLR2	CLEC7A	0.728893727882105	8.33390145451899e-85	4.10128477221903e-84
9606.ENSP00000260010	9606.ENSP00000498321	TLR2	MYD88	9606	0.992	0	0	0	0	0.549	0	0.984	TLR2	MYD88	0.424716136209894	1.55620743119017e-23	2.96752860700757e-23
9606.ENSP00000260356	9606.ENSP00000379350	THBS1	ITGB1	9606	0.896	0	0	0	0	0.292	0.5	0.731	THBS1	ITGB1	0.52678131167154	2.11367195942559e-37	4.96889704588014e-37
9606.ENSP00000260356	9606.ENSP00000361405	THBS1	MMP9	9606	0.93	0	0	0	0	0.292	0	0.906	THBS1	MMP9	0.310029294854951	1.03246897335502e-12	1.6017358283358e-12
9606.ENSP00000260356	9606.ENSP00000346839	THBS1	FN1	9606	0.996	0	0	0	0	0.437	0.72	0.982	THBS1	FN1	0.515604728174681	1.20620293462012e-35	2.77119920356184e-35
9606.ENSP00000260363	9606.ENSP00000377793	KIF23	PRC1	9606	0.751	0	0	0	0	0.457	0	0.561	KIF23	PRC1	0.812482459426067	5.84232598678263e-120	6.68695184776772e-119
9606.ENSP00000260363	9606.ENSP00000298316	KIF23	ARF6	9606	0.962	0	0	0	0	0.943	0	0.37	KIF23	ARF6	0.488397783877767	1.24393640966007e-31	2.70669862213776e-31
9606.ENSP00000261023	9606.ENSP00000341189	ITGAV	PTK2	9606	0.913	0	0	0	0	0.586	0.8	0	ITGAV	PTK2	0.354845764079513	1.97608304157055e-16	3.30479474621666e-16
9606.ENSP00000261023	9606.ENSP00000379350	ITGAV	ITGB1	9606	0.996	0	0	0	0	0.457	0.9	0.948	ITGAV	ITGB1	0.743414248257124	6.50500302597027e-90	3.55770922252796e-89
9606.ENSP00000261023	9606.ENSP00000283249	ITGAV	ITGB6	9606	0.998	0	0	0	0	0.967	0.9	0.671	ITGAV	ITGB6	0.66895313754978	8.34438177644053e-67	2.99604168963894e-66
9606.ENSP00000261023	9606.ENSP00000346839	ITGAV	FN1	9606	0.999	0	0	0	0	0.96	0	0.982	ITGAV	FN1	0.573729205218658	1.52868166456708e-45	4.02791694846087e-45
9606.ENSP00000261037	9606.ENSP00000380901	COL8A1	COL8A2	9606	0.896	0	0	0	0	0.292	0.8	0.326	COL8A1	COL8A2	0.705347056444775	3.42175081724547e-77	1.45589885487341e-76
9606.ENSP00000261416	9606.ENSP00000455114	HEXB	HEXA	9606	0.996	0	0	0	0	0.965	0.9	0	HEXB	HEXA	0.370834102043745	6.5715533127121e-18	1.13003019065298e-17
9606.ENSP00000261479	9606.ENSP00000325919	PSMA6	PSMG2	9606	0.808	0	0	0	0	0.808	0	0	PSMA6	PSMG2	0.552385052169813	1.11077411020516e-41	2.77091036663111e-41
9606.ENSP00000261479	9606.ENSP00000478877	PSMA6	ADRM1	9606	0.839	0	0	0	0	0.677	0.5	0.088	PSMA6	ADRM1	0.548092852763537	6.15076345687246e-41	1.51419524712009e-40
9606.ENSP00000261479	9606.ENSP00000372155	PSMA6	PSME1	9606	0.966	0	0	0	0	0.957	0	0.225	PSMA6	PSME1	0.576819421072542	3.99554514972383e-46	1.0610741686327e-45
9606.ENSP00000261479	9606.ENSP00000481029	PSMA6	PSMC3	9606	0.971	0	0	0	0	0.962	0	0.276	PSMA6	PSMC3	0.459733364640812	8.93357805992576e-28	1.82753624768154e-27
9606.ENSP00000261479	9606.ENSP00000351314	PSMA6	PSMB10	9606	0.986	0	0	0	0	0.946	0.72	0.145	PSMA6	PSMB10	0.497668058731339	5.85633766825368e-33	1.29659572270002e-32
9606.ENSP00000261479	9606.ENSP00000364016	PSMA6	PSMB8	9606	0.992	0	0	0	0	0.97	0.72	0.12	PSMA6	PSMB8	0.470996323234808	3.01391729864538e-29	6.31885935095192e-29
9606.ENSP00000261479	9606.ENSP00000483688	PSMA6	PSMB3	9606	0.994	0	0	0	0	0.951	0.9	0	PSMA6	PSMB3	0.610389144504512	7.09105128504678e-53	2.08083691711437e-52
9606.ENSP00000261479	9606.ENSP00000363993	PSMA6	PSMB9	9606	0.995	0	0	0	0	0.98	0.72	0.235	PSMA6	PSMB9	0.421443666105741	3.6622252191199e-23	6.93383135611061e-23
9606.ENSP00000261479	9606.ENSP00000362334	PSMA6	PSMB2	9606	0.996	0	0	0	0	0.951	0.9	0.422	PSMA6	PSMB2	0.720124559039755	7.04201135712799e-82	3.28043604564553e-81
9606.ENSP00000261479	9606.ENSP00000262193	PSMA6	PSMB1	9606	0.996	0	0	0	0	0.951	0.9	0.346	PSMA6	PSMB1	0.65441342270873	4.67709783516221e-63	1.59551166204218e-62
9606.ENSP00000261479	9606.ENSP00000414359	PSMA6	PSMA1	9606	0.996	0	0	0	0	0.951	0.9	0.377	PSMA6	PSMA1	0.762161371416645	4.82818931785877e-97	3.03049748871557e-96
9606.ENSP00000261479	9606.ENSP00000359910	PSMA6	PSMA7	9606	0.997	0	0	0	0	0.97	0.9	0.28	PSMA6	PSMA7	0.728963703823798	7.8891770827611e-85	3.88620709461425e-84
9606.ENSP00000261479	9606.ENSP00000290541	PSMA6	PSMB4	9606	0.998	0	0	0	0	0.967	0.9	0.627	PSMA6	PSMB4	0.623920404462806	7.84090727760835e-56	2.42909674938277e-55
9606.ENSP00000261479	9606.ENSP00000271308	PSMA6	PSMA5	9606	0.999	0	0	0	0	0.972	0.9	0.718	PSMA6	PSMA5	0.816454688947155	4.6237746170552e-122	5.69140530113924e-121
9606.ENSP00000261597	9606.ENSP00000302530	NDC80	BUB1	9606	0.725	0	0	0	0	0.725	0	0	NDC80	BUB1	0.597431668632702	3.55617600789264e-50	1.00282577613873e-49
9606.ENSP00000261597	9606.ENSP00000287598	NDC80	BUB1B	9606	0.755	0	0	0	0	0.164	0.72	0	NDC80	BUB1B	0.598034710303328	2.67938452978061e-50	7.5599589158729e-50
9606.ENSP00000261597	9606.ENSP00000355966	NDC80	NEK2	9606	0.809	0	0	0	0	0.457	0	0.664	NDC80	NEK2	0.795581545732213	1.50714273400462e-111	1.35669663546786e-110
9606.ENSP00000261597	9606.ENSP00000439020	NDC80	TUBA1A	9606	0.904	0	0	0	0	0.904	0	0	NDC80	TUBA1A	0.475883644265048	6.65622120859556e-30	1.41367855139735e-29
9606.ENSP00000261597	9606.ENSP00000271452	NDC80	NUF2	9606	0.999	0	0	0	0	0.991	0.9	0.984	NDC80	NUF2	0.843372691306398	8.61890251940476e-138	1.73027888276463e-136
9606.ENSP00000261597	9606.ENSP00000465075	NDC80	SPC24	9606	0.999	0	0	0	0	0.725	0.9	0.983	NDC80	SPC24	0.569656437693459	8.76928071157537e-45	2.28208802056892e-44
9606.ENSP00000261623	9606.ENSP00000380334	CYBA	NCF4	9606	0.998	0	0	0	0	0.236	0.9	0.982	CYBA	NCF4	0.413869306185277	2.56182492269531e-22	4.76831209857085e-22
9606.ENSP00000261733	9606.ENSP00000366927	ALDH2	ALDH1B1	9606	0.927	0	0	0	0	0.305	0.9	0	ALDH2	ALDH1B1	0.570505653049777	6.10450250857007e-45	1.59600404087111e-44
9606.ENSP00000261921	9606.ENSP00000345008	LOXL1	FBLN5	9606	0.951	0	0	0	0	0.457	0	0.915	LOXL1	FBLN5	0.429031163985964	4.96279609068815e-24	9.54993739931204e-24
9606.ENSP00000262105	9606.ENSP00000266970	MCM4	CDK2	9606	0.764	0	0	0	0	0.457	0.5	0.202	MCM4	CDK2	0.711017157616383	5.90226087382177e-79	2.59197376394656e-78
9606.ENSP00000262105	9606.ENSP00000322570	MCM4	POLE	9606	0.872	0	0	0	0	0.872	0	0	MCM4	POLE	0.563893718564403	9.96577738102058e-44	2.54888108041371e-43
9606.ENSP00000262105	9606.ENSP00000450607	MCM4	TIMELESS	9606	0.872	0	0	0	0	0.872	0	0	MCM4	TIMELESS	0.694337446166977	6.92389527609266e-74	2.79776247617834e-73
9606.ENSP00000262105	9606.ENSP00000312995	MCM4	CLSPN	9606	0.899	0	0	0	0	0.8	0.5	0.08	MCM4	CLSPN	0.757524789746055	3.21707539268237e-95	1.94679239372968e-94
9606.ENSP00000262105	9606.ENSP00000360623	MCM4	ORC1	9606	0.931	0	0	0	0	0.811	0.65	0	MCM4	ORC1	0.763339781183087	1.63537457719748e-97	1.04858808441598e-96
9606.ENSP00000262105	9606.ENSP00000301019	MCM4	CDT1	9606	0.961	0	0	0	0	0.796	0.5	0.649	MCM4	CDT1	0.698128353207991	5.23604833399961e-75	2.15184147211243e-74
9606.ENSP00000262105	9606.ENSP00000393139	MCM4	CDC7	9606	0.966	0	0	0	0	0.861	0.5	0.557	MCM4	CDC7	0.614046901584568	1.16325737948793e-53	3.45359101105013e-53
9606.ENSP00000262105	9606.ENSP00000405726	MCM4	CDC45	9606	0.987	0	0	0	0	0.969	0.54	0.18	MCM4	CDC45	0.725310512417701	1.35062818218057e-83	6.50126353344579e-83
9606.ENSP00000262105	9606.ENSP00000264156	MCM4	MCM6	9606	0.999	0	0	0	0	0.99	0.9	0.987	MCM4	MCM6	0.873879499751217	1.12551198510859e-159	5.08389743987888e-158
9606.ENSP00000262105	9606.ENSP00000480987	MCM4	MCM3	9606	0.999	0	0	0	0	0.981	0.9	0.987	MCM4	MCM3	0.744542994672138	2.52193855698331e-90	1.39284794320727e-89
9606.ENSP00000262105	9606.ENSP00000307288	MCM4	MCM7	9606	0.999	0	0	0	0	0.991	0.9	0.987	MCM4	MCM7	0.396890403326047	1.68176971327497e-20	3.03318109784602e-20
9606.ENSP00000262105	9606.ENSP00000265056	MCM4	MCM2	9606	0.999	0	0	0	0	0.982	0.9	0.665	MCM4	MCM2	0.786106188258577	3.58476736873862e-107	2.85595875881082e-106
9606.ENSP00000262193	9606.ENSP00000325919	PSMB1	PSMG2	9606	0.764	0	0	0	0	0.764	0	0	PSMB1	PSMG2	0.729710983520712	4.38758646458023e-85	2.16554145603038e-84
9606.ENSP00000262193	9606.ENSP00000478877	PSMB1	ADRM1	9606	0.861	0	0	0	0	0.72	0.5	0.088	PSMB1	ADRM1	0.715716074713061	1.892831192365e-80	8.53461051887214e-80
9606.ENSP00000262193	9606.ENSP00000372155	PSMB1	PSME1	9606	0.925	0	0	0	0	0.925	0	0	PSMB1	PSME1	0.632694604864213	7.91465129641779e-58	2.51351041485107e-57
9606.ENSP00000262193	9606.ENSP00000481029	PSMB1	PSMC3	9606	0.966	0	0	0	0	0.948	0	0.367	PSMB1	PSMC3	0.75826536069756	1.65556916424354e-95	1.00909932553109e-94
9606.ENSP00000262193	9606.ENSP00000351314	PSMB1	PSMB10	9606	0.991	0	0	0	0	0.967	0.72	0.176	PSMB1	PSMB10	0.573465607430308	1.71292960594546e-45	4.51104158067573e-45
9606.ENSP00000262193	9606.ENSP00000363993	PSMB1	PSMB9	9606	0.991	0	0	0	0	0.961	0.72	0.308	PSMB1	PSMB9	0.317544953253089	2.70650846801978e-13	4.258857337391e-13
9606.ENSP00000262193	9606.ENSP00000364016	PSMB1	PSMB8	9606	0.997	0	0	0	0	0.985	0.72	0.34	PSMB1	PSMB8	0.410647431202747	5.77345716250731e-22	1.06754092781888e-21
9606.ENSP00000262193	9606.ENSP00000359910	PSMB1	PSMA7	9606	0.997	0	0	0	0	0.963	0.9	0.417	PSMB1	PSMA7	0.573058330677788	2.04179796984359e-45	5.36595113217596e-45
9606.ENSP00000262193	9606.ENSP00000362334	PSMB1	PSMB2	9606	0.998	0	0	0	0	0.951	0.9	0.739	PSMB1	PSMB2	0.775945606983058	1.01390683707751e-102	7.31719641765351e-102
9606.ENSP00000262193	9606.ENSP00000290541	PSMB1	PSMB4	9606	0.999	0	0	0	0	0.989	0.9	0.862	PSMB1	PSMB4	0.834696419952554	2.05790841672443e-132	3.4936102953721e-131
9606.ENSP00000262193	9606.ENSP00000483688	PSMB1	PSMB3	9606	0.999	0	0	0	0	0.972	0.9	0.698	PSMB1	PSMB3	0.877577229772667	1.03416941128146e-162	5.28471015320497e-161
9606.ENSP00000262193	9606.ENSP00000414359	PSMB1	PSMA1	9606	0.999	0	0	0	0	0.972	0.9	0.725	PSMB1	PSMA1	0.690366707478201	9.9153773956847e-73	3.9097345475268e-72
9606.ENSP00000262193	9606.ENSP00000271308	PSMB1	PSMA5	9606	0.999	0	0	0	0	0.989	0.9	0.607	PSMB1	PSMA5	0.653873555057369	6.38527083297751e-63	2.17529192889112e-62
9606.ENSP00000262306	9606.ENSP00000341189	ELOB	PTK2	9606	0.8	0	0	0	0	0.8	0	0	ELOB	PTK2	-0.309907046605282	1.05487116147602e-12	1.63598810726768e-12
9606.ENSP00000262306	9606.ENSP00000312995	ELOB	CLSPN	9606	0.8	0	0	0	0	0.8	0	0	ELOB	CLSPN	-0.425522676491252	1.2584523515658e-23	2.40517961714068e-23
9606.ENSP00000262306	9606.ENSP00000437955	ELOB	HIF1A	9606	0.995	0	0	0	0	0.92	0.5	0.902	ELOB	HIF1A	-0.404968198683222	2.36710906697008e-21	4.3341312956213e-21
9606.ENSP00000262306	9606.ENSP00000478121	ELOB	ELOC	9606	0.999	0	0	0	0	0.96	0.9	0.982	ELOB	ELOC	0.701734583396228	4.32323465103217e-76	1.8105334519513e-75
9606.ENSP00000262319	9606.ENSP00000473172	TELO2	RUVBL2	9606	0.938	0	0	0	0	0.904	0	0.381	TELO2	RUVBL2	0.559257136893813	6.80567053015447e-43	1.72840799257286e-42
9606.ENSP00000262320	9606.ENSP00000368166	AXIN1	DVL1	9606	0.999	0	0	0	0	0.457	0.9	0.985	AXIN1	DVL1	0.712951419365539	1.44449309471422e-79	6.41025488259583e-79
9606.ENSP00000262435	9606.ENSP00000280377	SMURF2	USP15	9606	0.964	0	0	0	0	0.457	0.5	0.881	SMURF2	USP15	0.45395918473835	4.83801659100372e-27	9.7784762021126e-27
9606.ENSP00000262435	9606.ENSP00000447297	SMURF2	TGFBR1	9606	0.973	0	0	0	0	0.457	0.8	0.779	SMURF2	TGFBR1	0.502717600952642	1.06523460168157e-33	2.38663500881623e-33
9606.ENSP00000262506	9606.ENSP00000365042	CSNK2A2	CSNK2B	9606	0.988	0	0	0	0	0.693	0.9	0.66	CSNK2A2	CSNK2B	0.581613192375138	4.84420157773487e-47	1.30424777976374e-46
9606.ENSP00000262629	9606.ENSP00000362205	TYROBP	TREM2	9606	0.998	0	0	0	0	0.526	0.8	0.982	TYROBP	TREM2	0.913420192950972	1.68143892564022e-198	2.65824985150434e-196
9606.ENSP00000262643	9606.ENSP00000419782	CCNE1	CDK5	9606	0.725	0	0	0	0	0.65	0	0.248	CCNE1	CDK5	0.329742943238423	2.83965563813002e-14	4.54183302981339e-14
9606.ENSP00000262643	9606.ENSP00000384849	CCNE1	CDKN1A	9606	0.919	0	0	0	0	0.77	0.5	0.358	CCNE1	CDKN1A	0.316725647720051	3.13760081709809e-13	4.92801072142169e-13
9606.ENSP00000262643	9606.ENSP00000266970	CCNE1	CDK2	9606	0.999	0	0	0	0	0.974	0.9	0.984	CCNE1	CDK2	0.305271489881907	2.3633111803238e-12	3.64067943400065e-12
9606.ENSP00000262942	9606.ENSP00000458162	ARPC1A	ACTG1	9606	0.913	0	0	0	0	0.105	0.9	0.113	ARPC1A	ACTG1	0.396490394381053	1.85067876243982e-20	3.33425351110508e-20
9606.ENSP00000262942	9606.ENSP00000389631	ARPC1A	ARPC1B	9606	0.984	0	0	0	0	0.225	0.9	0.812	ARPC1A	ARPC1B	0.324704954967546	7.29519984194165e-14	1.15875717426634e-13
9606.ENSP00000262942	9606.ENSP00000345361	ARPC1A	ARPC5L	9606	0.991	0	0	0	0	0.821	0.9	0.581	ARPC1A	ARPC5L	0.433671286383297	1.42548334325467e-24	2.76621412870172e-24
9606.ENSP00000262942	9606.ENSP00000388169	ARPC1A	ARPC4	9606	0.997	0	0	0	0	0.964	0.9	0.313	ARPC1A	ARPC4	0.436713329718065	6.22610003729675e-25	1.21519444786591e-24
9606.ENSP00000262958	9606.ENSP00000312262	GNA15	GRK2	9606	0.795	0	0	0	0	0.318	0.5	0.449	GNA15	GRK2	0.567893435306264	1.8539486391768e-44	4.79750699007438e-44
9606.ENSP00000263168	9606.ENSP00000380308	CAPZA1	DYNC1I2	9606	0.895	0	0	0	0	0.8	0.5	0	CAPZA1	DYNC1I2	0.456458099226072	2.33820857301698e-27	4.75250991196983e-27
9606.ENSP00000263168	9606.ENSP00000449428	CAPZA1	TWF1	9606	0.959	0	0	0	0	0.921	0.5	0	CAPZA1	TWF1	0.474441450356216	1.04202427451717e-29	2.20476821613649e-29
9606.ENSP00000263388	9606.ENSP00000292599	NOTCH3	MAML1	9606	0.852	0	0	0	0	0.292	0.8	0	NOTCH3	MAML1	0.30348752266531	3.21142484839875e-12	4.91576348201188e-12
9606.ENSP00000263388	9606.ENSP00000328169	NOTCH3	JAG2	9606	0.998	0	0	0	0	0.297	0.9	0.983	NOTCH3	JAG2	0.475237741165421	8.13801419821312e-30	1.72476806991036e-29
9606.ENSP00000263388	9606.ENSP00000355718	NOTCH3	DLL1	9606	0.998	0	0	0	0	0.292	0.9	0.981	NOTCH3	DLL1	0.328971717047481	3.28464203122253e-14	5.24692265107507e-14
9606.ENSP00000263864	9606.ENSP00000317714	VAMP8	STX4	9606	0.999	0	0	0	0	0.678	0.9	0.983	VAMP8	STX4	0.665810183502822	5.61856801503877e-66	1.9904996910421e-65
9606.ENSP00000263980	9606.ENSP00000499797	SLC9A1	CALM2	9606	0.9	0	0	0	0	0.9	0	0	SLC9A1	CALM2	-0.306015508383136	2.07830537031514e-12	3.20846715545447e-12
9606.ENSP00000264012	9606.ENSP00000304669	CDH3	CTNNA1	9606	0.793	0	0	0	0	0.457	0.54	0.238	CDH3	CTNNA1	0.496035317817496	1.01002270434703e-32	2.22742147397195e-32
9606.ENSP00000264012	9606.ENSP00000495360	CDH3	CTNNB1	9606	0.969	0	0	0	0	0.657	0.54	0.819	CDH3	CTNNB1	0.42295080439721	2.47214485529165e-23	4.69466247106624e-23
9606.ENSP00000264025	9606.ENSP00000356991	NECTIN1	NECTIN4	9606	0.973	0	0	0	0	0.549	0.9	0.456	NECTIN1	NECTIN4	0.323968390627883	8.36201310623989e-14	1.32654199763147e-13
9606.ENSP00000264033	9606.ENSP00000341189	CBL	PTK2	9606	0.762	0	0	0	0	0.457	0	0.581	CBL	PTK2	0.472578189495968	1.85349881522651e-29	3.90539379684753e-29
9606.ENSP00000264033	9606.ENSP00000264657	CBL	STAT3	9606	0.763	0	0	0	0	0.421	0.5	0.25	CBL	STAT3	0.621116242058988	3.30312681672707e-55	1.0115326008367e-54
9606.ENSP00000264033	9606.ENSP00000495360	CBL	CTNNB1	9606	0.806	0	0	0	0	0.457	0.36	0.487	CBL	CTNNB1	0.548383565064581	5.48180605056003e-41	1.35016829648409e-40
9606.ENSP00000264033	9606.ENSP00000428924	CBL	LYN	9606	0.894	0	0	0	0	0.457	0.5	0.644	CBL	LYN	0.357591970377162	1.11634365328677e-16	1.87627326976006e-16
9606.ENSP00000264033	9606.ENSP00000346839	CBL	FN1	9606	0.9	0	0	0	0	0.9	0	0	CBL	FN1	0.388080329772108	1.3434246625652e-19	2.38135436857651e-19
9606.ENSP00000264033	9606.ENSP00000317272	CBL	MET	9606	0.994	0	0	0	0	0.753	0.9	0.778	CBL	MET	0.404069599506534	2.9519125249892e-21	5.39708184456825e-21
9606.ENSP00000264144	9606.ENSP00000375778	LAMC2	LAMB3	9606	0.996	0	0	0	0	0.303	0.8	0.977	LAMC2	LAMB3	0.593852925665237	1.88489605251109e-49	5.25382321193037e-49
9606.ENSP00000264156	9606.ENSP00000393139	MCM6	CDC7	9606	0.839	0	0	0	0	0.656	0.5	0.14	MCM6	CDC7	0.608662853863026	1.65068812552623e-52	4.81871392212188e-52
9606.ENSP00000264156	9606.ENSP00000450607	MCM6	TIMELESS	9606	0.872	0	0	0	0	0.872	0	0	MCM6	TIMELESS	0.625427729108314	3.59758976357159e-56	1.11794880920815e-55
9606.ENSP00000264156	9606.ENSP00000312995	MCM6	CLSPN	9606	0.895	0	0	0	0	0.8	0.5	0	MCM6	CLSPN	0.744821873491697	1.9940107690381e-90	1.10248092683757e-89
9606.ENSP00000264156	9606.ENSP00000322570	MCM6	POLE	9606	0.907	0	0	0	0	0.862	0	0.353	MCM6	POLE	0.536770540408078	4.99987564941641e-39	1.19821747562282e-38
9606.ENSP00000264156	9606.ENSP00000360623	MCM6	ORC1	9606	0.91	0	0	0	0	0.755	0.65	0	MCM6	ORC1	0.819846425636352	6.75633978854409e-124	8.87800597149209e-123
9606.ENSP00000264156	9606.ENSP00000405726	MCM6	CDC45	9606	0.996	0	0	0	0	0.981	0.54	0.622	MCM6	CDC45	0.762525414032086	3.45803632791147e-97	2.18951261363005e-96
9606.ENSP00000264156	9606.ENSP00000307288	MCM6	MCM7	9606	0.999	0	0	0	0	0.982	0.9	0.987	MCM6	MCM7	0.420248298121738	4.99459033388478e-23	9.43526232230139e-23
9606.ENSP00000264156	9606.ENSP00000480987	MCM6	MCM3	9606	0.999	0	0	0	0	0.983	0.9	0.987	MCM6	MCM3	0.764154614219186	7.70728812698311e-98	4.96702810629396e-97
9606.ENSP00000264156	9606.ENSP00000301019	MCM6	CDT1	9606	0.999	0	0	0	0	0.973	0.5	0.954	MCM6	CDT1	0.713620244011979	8.85438227557301e-80	3.95011639613085e-79
9606.ENSP00000264156	9606.ENSP00000265056	MCM6	MCM2	9606	0.999	0	0	0	0	0.991	0.9	0.351	MCM6	MCM2	0.763213992206674	1.83626767532807e-97	1.1744220188982e-96
9606.ENSP00000264254	9606.ENSP00000458162	PDCL3	ACTG1	9606	0.916	0	0	0	0	0.916	0	0	PDCL3	ACTG1	0.475301567423823	7.97812624246789e-30	1.69229939876918e-29
9606.ENSP00000264498	9606.ENSP00000344468	FGF2	SDC3	9606	0.771	0	0	0	0	0.292	0.5	0.407	FGF2	SDC3	0.436034348776493	7.49595186796085e-25	1.46191289514317e-24
9606.ENSP00000264498	9606.ENSP00000361818	FGF2	SDC4	9606	0.986	0	0	0	0	0.575	0.5	0.943	FGF2	SDC4	0.369343642438778	9.0989319303181e-18	1.56091884148794e-17
9606.ENSP00000264634	9606.ENSP00000418754	WNT5A	PTK7	9606	0.962	0	0	0	0	0.043	0	0.962	WNT5A	PTK7	0.311028059327672	8.66066611732421e-13	1.34688932946644e-12
9606.ENSP00000264634	9606.ENSP00000351605	WNT5A	FZD6	9606	0.986	0	0	0	0	0.077	0.5	0.972	WNT5A	FZD6	0.462173950314286	4.33215944378654e-28	8.90910350655126e-28
9606.ENSP00000264657	9606.ENSP00000300134	STAT3	STAT6	9606	0.786	0	0	0	0	0.101	0.7	0.273	STAT3	STAT6	0.443709712586165	8.97246880944215e-26	1.77311405105343e-25
9606.ENSP00000264657	9606.ENSP00000437955	STAT3	HIF1A	9606	0.801	0	0	0	0	0.457	0	0.649	STAT3	HIF1A	0.703325301474247	1.42168636381962e-76	5.98362006203284e-76
9606.ENSP00000264657	9606.ENSP00000315768	STAT3	STAT2	9606	0.833	0	0	0	0	0.292	0	0.774	STAT3	STAT2	0.485131929342002	3.57083680542137e-31	7.72993726941665e-31
9606.ENSP00000264657	9606.ENSP00000428924	STAT3	LYN	9606	0.841	0	0	0	0	0.457	0.5	0.462	STAT3	LYN	0.613528185116648	1.50532303098161e-53	4.46129420839833e-53
9606.ENSP00000264657	9606.ENSP00000365012	STAT3	HCK	9606	0.843	0	0	0	0	0.292	0.5	0.592	STAT3	HCK	0.354190729631969	2.2625858116885e-16	3.7826905556286e-16
9606.ENSP00000264657	9606.ENSP00000362649	STAT3	HDAC1	9606	0.874	0	0	0	0	0.457	0	0.778	STAT3	HDAC1	-0.470812484975205	3.18858302591839e-29	6.67675559938788e-29
9606.ENSP00000264657	9606.ENSP00000423673	STAT3	NDUFA13	9606	0.878	0	0	0	0	0.292	0	0.835	STAT3	NDUFA13	-0.619131757896286	9.05957877832856e-55	2.74939466344116e-54
9606.ENSP00000264657	9606.ENSP00000432511	STAT3	JAK3	9606	0.907	0	0	0	0	0.292	0.5	0.76	STAT3	JAK3	0.343367380216282	2.02561774814196e-15	3.32498383771906e-15
9606.ENSP00000264657	9606.ENSP00000384273	STAT3	RELA	9606	0.937	0	0	0	0	0.457	0	0.89	STAT3	RELA	0.361224849192994	5.19991299711552e-17	8.78929497240475e-17
9606.ENSP00000264657	9606.ENSP00000317272	STAT3	MET	9606	0.942	0	0	0	0	0.292	0.5	0.85	STAT3	MET	0.613294590328598	1.69035641008797e-53	5.00674067835774e-53
9606.ENSP00000264657	9606.ENSP00000346839	STAT3	FN1	9606	0.968	0	0	0	0	0.9	0.5	0.427	STAT3	FN1	0.594887376936451	1.16642563248952e-49	3.2565934187442e-49
9606.ENSP00000264657	9606.ENSP00000376765	STAT3	PIAS3	9606	0.971	0	0	0	0	0.457	0	0.949	STAT3	PIAS3	0.451554565394428	9.68462226377702e-27	1.95041815415796e-26
9606.ENSP00000264657	9606.ENSP00000499900	STAT3	JAK1	9606	0.994	0	0	0	0	0.457	0.5	0.981	STAT3	JAK1	0.722533837234655	1.13452064973726e-82	5.3741010927161e-82
9606.ENSP00000264657	9606.ENSP00000354394	STAT3	STAT1	9606	0.999	0	0	0	0	0.657	0.9	0.981	STAT3	STAT1	0.655622208183551	2.32403590322636e-63	7.97104924367605e-63
9606.ENSP00000264741	9606.ENSP00000379350	ITGA9	ITGB1	9606	0.986	0	0	0	0	0.573	0.9	0.716	ITGA9	ITGB1	0.397408188023771	1.48552514589828e-20	2.68594414335217e-20
9606.ENSP00000264832	9606.ENSP00000353408	ICAM1	MSN	9606	0.984	0	0	0	0	0.054	0.9	0.849	ICAM1	MSN	0.550214213967981	2.6479282408143e-41	6.55695984839918e-41
9606.ENSP00000264832	9606.ENSP00000380948	ICAM1	ITGB2	9606	0.998	0	0	0	0	0.457	0.9	0.982	ICAM1	ITGB2	0.643094651080015	2.80341503028226e-60	9.17365888628586e-60
9606.ENSP00000264832	9606.ENSP00000496959	ICAM1	ITGAM	9606	0.998	0	0	0	0	0.292	0.9	0.982	ICAM1	ITGAM	0.615259600494211	6.35516829144244e-54	1.89568374919854e-53
9606.ENSP00000265056	9606.ENSP00000393139	MCM2	CDC7	9606	0.917	0	0	0	0	0.841	0.5	0	MCM2	CDC7	0.373992896184028	3.27885845590683e-18	5.67102390715646e-18
9606.ENSP00000265056	9606.ENSP00000322570	MCM2	POLE	9606	0.918	0	0	0	0	0.918	0	0	MCM2	POLE	0.522948009086623	8.60597150482483e-37	2.01097505048078e-36
9606.ENSP00000265056	9606.ENSP00000360623	MCM2	ORC1	9606	0.939	0	0	0	0	0.755	0.65	0.353	MCM2	ORC1	0.617592473533068	1.97167366500367e-54	5.93731968526997e-54
9606.ENSP00000265056	9606.ENSP00000312995	MCM2	CLSPN	9606	0.954	0	0	0	0	0.913	0.5	0	MCM2	CLSPN	0.548414033949979	5.41601531898006e-41	1.33461380899757e-40
9606.ENSP00000265056	9606.ENSP00000301019	MCM2	CDT1	9606	0.955	0	0	0	0	0.695	0.5	0.733	MCM2	CDT1	0.665218229897524	8.02579795388183e-66	2.83141644690992e-65
9606.ENSP00000265056	9606.ENSP00000450607	MCM2	TIMELESS	9606	0.956	0	0	0	0	0.955	0	0	MCM2	TIMELESS	0.575179319174153	8.15888681241104e-46	2.15764811207462e-45
9606.ENSP00000265056	9606.ENSP00000405726	MCM2	CDC45	9606	0.995	0	0	0	0	0.985	0.54	0.353	MCM2	CDC45	0.551685572283936	1.47059713976881e-41	3.65589726294368e-41
9606.ENSP00000265056	9606.ENSP00000480987	MCM2	MCM3	9606	0.998	0	0	0	0	0.983	0.9	0.349	MCM2	MCM3	0.714482038265938	4.70295918921435e-80	2.10924384204214e-79
9606.ENSP00000265056	9606.ENSP00000307288	MCM2	MCM7	9606	0.999	0	0	0	0	0.984	0.9	0.55	MCM2	MCM7	0.533025476460689	2.06516814944096e-38	4.90962672369445e-38
9606.ENSP00000265077	9606.ENSP00000498227	VCAN	SELL	9606	0.9	0	0	0	0	0.292	0	0.865	VCAN	SELL	0.506635787802383	2.783126828909e-34	6.29407180485052e-34
9606.ENSP00000265164	9606.ENSP00000358327	CASP6	CASP7	9606	0.725	0	0	0	0	0.292	0.54	0.225	CASP6	CASP7	0.308435595112306	1.36480588513833e-12	2.11148408957639e-12
9606.ENSP00000265164	9606.ENSP00000311032	CASP6	CASP3	9606	0.922	0	0	0	0	0.657	0.54	0.547	CASP6	CASP3	0.426031982080196	1.10019021493333e-23	2.10350049030525e-23
9606.ENSP00000265164	9606.ENSP00000351273	CASP6	CASP8	9606	0.978	0	0	0	0	0.636	0.54	0.879	CASP6	CASP8	0.332321337723834	1.74018462942604e-14	2.79656735713671e-14
9606.ENSP00000265239	9606.ENSP00000499797	IQCG	CALM2	9606	0.9	0	0	0	0	0.9	0	0	IQCG	CALM2	-0.376876259054477	1.72662965625823e-18	3.00275676555875e-18
9606.ENSP00000265465	9606.ENSP00000472445	POLA2	POLD1	9606	0.956	0	0	0	0	0.377	0.9	0.352	POLA2	POLD1	0.51639803731926	9.0968470584714e-36	2.09376475290295e-35
9606.ENSP00000265465	9606.ENSP00000322570	POLA2	POLE	9606	0.956	0	0	0	0	0.377	0.9	0.353	POLA2	POLE	0.524947494749475	4.14679703040603e-37	9.72133743133646e-37
9606.ENSP00000265594	9606.ENSP00000343657	MCCC1	MCCC2	9606	0.993	0	0	0	0	0.762	0.967	0.251	MCCC1	MCCC2	0.438907462174789	3.40780746974539e-25	6.6796195232243e-25
9606.ENSP00000265686	9606.ENSP00000449500	TCIRG1	RNASEK	9606	0.701	0	0	0	0	0.378	0.54	0	TCIRG1	RNASEK	0.307805811637064	1.52321534624114e-12	2.35439854464832e-12
9606.ENSP00000265686	9606.ENSP00000417378	TCIRG1	ATP6V1F	9606	0.932	0	0	0	0	0.638	0.8	0.142	TCIRG1	ATP6V1F	0.371456617711461	5.73356477361172e-18	9.86937876478452e-18
9606.ENSP00000265686	9606.ENSP00000329757	TCIRG1	ATP6V0C	9606	0.971	0	0	0	0	0.497	0.925	0.303	TCIRG1	ATP6V0C	0.33952885971827	4.31902028210509e-15	7.03701243387106e-15
9606.ENSP00000266970	9606.ENSP00000393139	CDK2	CDC7	9606	0.716	0	0	0	0	0.457	0.5	0	CDK2	CDC7	0.484205004351367	4.80681236357957e-31	1.03921639945936e-30
9606.ENSP00000266970	9606.ENSP00000360623	CDK2	ORC1	9606	0.752	0	0	0	0	0.524	0.5	0	CDK2	ORC1	0.591557882496324	5.4328593650746e-49	1.50026394803015e-48
9606.ENSP00000266970	9606.ENSP00000405726	CDK2	CDC45	9606	0.756	0	0	0	0	0.292	0.5	0.367	CDK2	CDC45	0.476068693825904	6.28325839767737e-30	1.33502747727215e-29
9606.ENSP00000266970	9606.ENSP00000345571	CDK2	E2F1	9606	0.826	0	0	0	0	0.457	0.5	0.411	CDK2	E2F1	0.370011442138003	7.86614197583497e-18	1.35172595977409e-17
9606.ENSP00000266970	9606.ENSP00000480987	CDK2	MCM3	9606	0.856	0	0	0	0	0.683	0.5	0.166	CDK2	MCM3	0.495451097904821	1.22664378325757e-32	2.70160683478453e-32
9606.ENSP00000266970	9606.ENSP00000288207	CDK2	CCNB2	9606	0.889	0	0	0	0	0.767	0	0.545	CDK2	CCNB2	0.330881473240492	2.28878719351496e-14	3.66655301203046e-14
9606.ENSP00000267082	9606.ENSP00000346839	ITGB7	FN1	9606	0.736	0	0	0	0	0.292	0	0.643	ITGB7	FN1	0.43173292484528	2.40600814302923e-24	4.6511254090886e-24
9606.ENSP00000267082	9606.ENSP00000358866	ITGB7	FLNA	9606	0.926	0	0	0	0	0.579	0.65	0.54	ITGB7	FLNA	0.339350518902822	4.47251995608927e-15	7.28007672389178e-15
9606.ENSP00000267101	9606.ENSP00000403459	ERBB3	GRB7	9606	0.914	0	0	0	0	0.534	0.5	0.661	ERBB3	GRB7	0.79635174697594	6.49031972104409e-112	5.90549055193562e-111
9606.ENSP00000267101	9606.ENSP00000317272	ERBB3	MET	9606	0.954	0	0	0	0	0.457	0.8	0.613	ERBB3	MET	0.834286441066467	3.62900982422997e-132	6.07919228502629e-131
9606.ENSP00000267101	9606.ENSP00000401303	ERBB3	SHC1	9606	0.987	0	0	0	0	0.681	0.4	0.941	ERBB3	SHC1	0.37865249257845	1.15939452154973e-18	2.02533732200279e-18
9606.ENSP00000267101	9606.ENSP00000269571	ERBB3	ERBB2	9606	0.999	0	0	0	0	0.964	0.9	0.982	ERBB3	ERBB2	0.482548037412437	8.15891412085309e-31	1.75567616067188e-30
9606.ENSP00000267257	9606.ENSP00000354837	PXN	ARHGEF2	9606	0.72	0	0	0	0	0.292	0	0.621	PXN	ARHGEF2	0.408807557774411	9.14625539044487e-22	1.68564320656687e-21
9606.ENSP00000267257	9606.ENSP00000401303	PXN	SHC1	9606	0.725	0	0	0	0	0.276	0	0.636	PXN	SHC1	0.308464573165391	1.35791870798211e-12	2.10147162547614e-12
9606.ENSP00000267257	9606.ENSP00000346671	PXN	FYN	9606	0.769	0	0	0	0	0.292	0	0.688	PXN	FYN	0.366121767456249	1.82801999709675e-17	3.11483771145586e-17
9606.ENSP00000267257	9606.ENSP00000362924	PXN	GSN	9606	0.782	0	0	0	0	0.292	0	0.706	PXN	GSN	0.510848507210969	6.44641076880634e-35	1.46770441401401e-34
9606.ENSP00000267257	9606.ENSP00000346839	PXN	FN1	9606	0.87	0	0	0	0	0.201	0	0.845	PXN	FN1	0.526729225717603	2.15464202585656e-37	5.0628583412951e-37
9606.ENSP00000267257	9606.ENSP00000274376	PXN	RASA1	9606	0.921	0	0	0	0	0.292	0	0.894	PXN	RASA1	0.443831122242659	8.67240531887719e-26	1.71448606909729e-25
9606.ENSP00000267257	9606.ENSP00000324422	PXN	ZYX	9606	0.985	0	0	0	0	0.175	0	0.982	PXN	ZYX	0.372343662937722	4.71829056577912e-18	8.14670033183501e-18
9606.ENSP00000267257	9606.ENSP00000365745	PXN	CTTN	9606	0.989	0	0	0	0	0.549	0	0.976	PXN	CTTN	0.585547032964166	8.35261801706677e-48	2.27794579775422e-47
9606.ENSP00000267257	9606.ENSP00000378338	PXN	GIT1	9606	0.998	0	0	0	0	0.948	0	0.981	PXN	GIT1	0.402881778861116	3.94824014124136e-21	7.20568069067101e-21
9606.ENSP00000268058	9606.ENSP00000343023	PML	SP100	9606	0.857	0	0	0	0	0.421	0	0.764	PML	SP100	0.422807777672177	2.56630049468149e-23	4.86981027854226e-23
9606.ENSP00000268058	9606.ENSP00000300305	PML	RUNX1	9606	0.943	0	0	0	0	0.457	0.9	0	PML	RUNX1	0.463229180060863	3.1623960433737e-28	6.52203896593051e-28
9606.ENSP00000268182	9606.ENSP00000367851	IQGAP1	CYBB	9606	0.836	0	0	0	0	0.292	0	0.778	IQGAP1	CYBB	0.366354989536221	1.73845222415575e-17	2.96421631344925e-17
9606.ENSP00000268182	9606.ENSP00000358866	IQGAP1	FLNA	9606	0.898	0	0	0	0	0.163	0	0.884	IQGAP1	FLNA	0.769327056929295	6.0483822916698e-100	4.06358114389874e-99
9606.ENSP00000268182	9606.ENSP00000495360	IQGAP1	CTNNB1	9606	0.994	0	0	0	0	0.457	0.5	0.982	IQGAP1	CTNNB1	0.64779636348728	2.03334172461748e-61	6.78540619052759e-61
9606.ENSP00000268182	9606.ENSP00000497733	IQGAP1	CDC42	9606	0.998	0	0	0	0	0.631	0.8	0.983	IQGAP1	CDC42	0.35571668968139	1.64973340386214e-16	2.76266179746394e-16
9606.ENSP00000269305	9606.ENSP00000313950	TP53	AURKB	9606	0.716	0	0	0	0	0.457	0.5	0	TP53	AURKB	0.397736077955622	1.37311523253803e-20	2.48447423512514e-20
9606.ENSP00000269305	9606.ENSP00000384273	TP53	RELA	9606	0.858	0	0	0	0	0.448	0	0.755	TP53	RELA	0.331595209210362	1.99843904274015e-14	3.20447008469808e-14
9606.ENSP00000269305	9606.ENSP00000343896	TP53	SMARCA4	9606	0.941	0	0	0	0	0.457	0	0.896	TP53	SMARCA4	0.358059066776243	1.01245223249096e-16	1.70562632173553e-16
9606.ENSP00000269305	9606.ENSP00000379287	TP53	YWHAZ	9606	0.948	0	0	0	0	0.465	0	0.908	TP53	YWHAZ	0.301821331201443	4.26837415773547e-12	6.51787046905637e-12
9606.ENSP00000269305	9606.ENSP00000346032	TP53	ANXA2	9606	0.961	0	0	0	0	0.937	0	0.409	TP53	ANXA2	0.313836694228429	5.26458923796068e-13	8.22785200952829e-13
9606.ENSP00000269305	9606.ENSP00000493712	TP53	RAD51	9606	0.99	0	0	0	0	0.642	0	0.974	TP53	RAD51	0.371766897186613	5.35609405001269e-18	9.238486123087e-18
9606.ENSP00000269305	9606.ENSP00000365230	TP53	BCL2L1	9606	0.999	0	0	0	0	0.955	0	0.982	TP53	BCL2L1	0.327999321671298	3.94408795106644e-14	6.288415047099e-14
9606.ENSP00000269571	9606.ENSP00000351209	ERBB2	EPHA2	9606	0.72	0	0	0	0	0.622	0	0.292	ERBB2	EPHA2	0.481664346558879	1.08059641565705e-30	2.32330525576243e-30
9606.ENSP00000269571	9606.ENSP00000317272	ERBB2	MET	9606	0.73	0	0	0	0	0.596	0	0.36	ERBB2	MET	0.434719341499367	1.07258555331969e-24	2.0878069696977e-24
9606.ENSP00000269571	9606.ENSP00000484824	ERBB2	MUC1	9606	0.889	0	0	0	0	0.457	0	0.804	ERBB2	MUC1	0.317269428806235	2.8445741798545e-13	4.47332942986755e-13
9606.ENSP00000269571	9606.ENSP00000404131	ERBB2	TGFA	9606	0.956	0	0	0	0	0.409	0	0.93	ERBB2	TGFA	0.345956210527885	1.20838109905927e-15	1.99256844202766e-15
9606.ENSP00000269571	9606.ENSP00000360609	ERBB2	HSP90AB1	9606	0.967	0	0	0	0	0.457	0	0.943	ERBB2	HSP90AB1	0.416503793236466	1.30961686606612e-22	2.45383397238093e-22
9606.ENSP00000269571	9606.ENSP00000351338	ERBB2	PLXNB1	9606	0.991	0	0	0	0	0.292	0.9	0.89	ERBB2	PLXNB1	0.433131884617033	1.64957338092322e-24	3.19861699275223e-24
9606.ENSP00000269571	9606.ENSP00000403459	ERBB2	GRB7	9606	0.992	0	0	0	0	0.534	0.5	0.969	ERBB2	GRB7	0.614506823353143	9.25203620437914e-54	2.75491766674244e-53
9606.ENSP00000271308	9606.ENSP00000478877	PSMA5	ADRM1	9606	0.837	0	0	0	0	0.661	0.5	0.119	PSMA5	ADRM1	0.54927769174433	3.84430484163151e-41	9.49625888369814e-41
9606.ENSP00000271308	9606.ENSP00000325919	PSMA5	PSMG2	9606	0.926	0	0	0	0	0.818	0	0.614	PSMA5	PSMG2	0.625817581758176	2.93898771057902e-56	9.15538105161286e-56
9606.ENSP00000271308	9606.ENSP00000372155	PSMA5	PSME1	9606	0.967	0	0	0	0	0.967	0	0	PSMA5	PSME1	0.583016251935753	2.59500068417382e-47	7.02789532186047e-47
9606.ENSP00000271308	9606.ENSP00000351314	PSMA5	PSMB10	9606	0.987	0	0	0	0	0.956	0.72	0	PSMA5	PSMB10	0.501632554559804	1.54006283518777e-33	3.43981363497347e-33
9606.ENSP00000271308	9606.ENSP00000363993	PSMA5	PSMB9	9606	0.99	0	0	0	0	0.96	0.72	0.191	PSMA5	PSMB9	0.467667481033818	8.31508063275871e-29	1.73396508331106e-28
9606.ENSP00000271308	9606.ENSP00000481029	PSMA5	PSMC3	9606	0.992	0	0	0	0	0.986	0	0.486	PSMA5	PSMC3	0.461332375473572	5.56386163728832e-28	1.14142644051264e-27
9606.ENSP00000271308	9606.ENSP00000364016	PSMA5	PSMB8	9606	0.993	0	0	0	0	0.978	0.72	0	PSMA5	PSMB8	0.583279290661985	2.30764583843535e-47	6.25301569182884e-47
9606.ENSP00000271308	9606.ENSP00000362334	PSMA5	PSMB2	9606	0.998	0	0	0	0	0.981	0.9	0.285	PSMA5	PSMB2	0.746867388602214	3.52727136980623e-91	1.97832215741128e-90
9606.ENSP00000271308	9606.ENSP00000290541	PSMA5	PSMB4	9606	0.998	0	0	0	0	0.981	0.9	0.42	PSMA5	PSMB4	0.651376597287058	2.6725057310324e-62	9.0134709955286e-62
9606.ENSP00000271308	9606.ENSP00000359910	PSMA5	PSMA7	9606	0.998	0	0	0	0	0.985	0.9	0.338	PSMA5	PSMA7	0.752297093063343	3.27275102155691e-93	1.89872103418078e-92
9606.ENSP00000271308	9606.ENSP00000414359	PSMA5	PSMA1	9606	0.998	0	0	0	0	0.972	0.9	0.604	PSMA5	PSMA1	0.77134098503018	8.85056459016456e-101	6.10013709286683e-100
9606.ENSP00000271308	9606.ENSP00000483688	PSMA5	PSMB3	9606	0.999	0	0	0	0	0.98	0.9	0.671	PSMA5	PSMB3	0.603632040222656	1.88062328202717e-51	5.40879657974729e-51
9606.ENSP00000271452	9606.ENSP00000302530	NUF2	BUB1	9606	0.725	0	0	0	0	0.725	0	0	NUF2	BUB1	0.712032880306664	2.82254780237536e-79	1.24492321989686e-78
9606.ENSP00000271452	9606.ENSP00000439020	NUF2	TUBA1A	9606	0.8	0	0	0	0	0.8	0	0	NUF2	TUBA1A	0.397251743807921	1.54230889419141e-20	2.78662167704084e-20
9606.ENSP00000271452	9606.ENSP00000465075	NUF2	SPC24	9606	0.999	0	0	0	0	0.715	0.9	0.982	NUF2	SPC24	0.581493180373938	5.10915021287755e-47	1.37338952853069e-46
9606.ENSP00000271638	9606.ENSP00000366109	S100A11	ANXA1	9606	0.989	0	0	0	0	0.457	0	0.982	S100A11	ANXA1	0.547579820093811	7.53453264540589e-41	1.8503495462674e-40
9606.ENSP00000272430	9606.ENSP00000285735	RTKN	RHOC	9606	0.884	0	0	0	0	0.368	0.5	0.664	RTKN	RHOC	0.418558532871921	7.72805883808091e-23	1.45501487390589e-22
9606.ENSP00000274276	9606.ENSP00000499900	OSMR	JAK1	9606	0.98	0	0	0	0	0.53	0.9	0.613	OSMR	JAK1	0.573271892406632	1.86222017319074e-45	4.89910132926258e-45
9606.ENSP00000274376	9606.ENSP00000276297	RASA1	DLC1	9606	0.93	0	0	0	0	0.93	0	0	RASA1	DLC1	0.449099444105901	1.9559824948936e-26	3.91553438862006e-26
9606.ENSP00000274376	9606.ENSP00000407586	RASA1	HRAS	9606	0.999	0	0	0	0	0.96	0.7	0.934	RASA1	HRAS	-0.415503351577394	1.69086381885413e-22	3.16115301536699e-22
9606.ENSP00000274547	9606.ENSP00000328875	GABRB2	TRAK2	9606	0.926	0	0	0	0	0.292	0.9	0	GABRB2	TRAK2	0.545789516839883	1.52545755688631e-40	3.73537743479565e-40
9606.ENSP00000275015	9606.ENSP00000358983	NFKBIE	NFKB2	9606	0.795	0	0	0	0	0.422	0	0.661	NFKBIE	NFKB2	0.812613745846634	4.98802971009923e-120	5.76128819712146e-119
9606.ENSP00000275015	9606.ENSP00000384273	NFKBIE	RELA	9606	0.962	0	0	0	0	0.508	0.7	0.763	NFKBIE	RELA	0.538120768598599	2.98518684376379e-39	7.17437541216201e-39
9606.ENSP00000276431	9606.ENSP00000349324	TNFRSF10B	TNFRSF10C	9606	0.85	0	0	0	0	0.128	0	0.836	TNFRSF10B	TNFRSF10C	0.544892781203586	2.16845806417664e-40	5.29451223294866e-40
9606.ENSP00000276431	9606.ENSP00000498466	TNFRSF10B	FAS	9606	0.963	0	0	0	0	0.448	0.5	0.879	TNFRSF10B	FAS	0.705030440932292	4.28020471164275e-77	1.81657345941281e-76
9606.ENSP00000276925	9606.ENSP00000418915	CDKN2B	CDKN2A	9606	0.941	0	0	0	0	0.44	0.9	0	CDKN2B	CDKN2A	0.657277404759109	8.87282206274008e-64	3.05773888388298e-63
9606.ENSP00000278572	9606.ENSP00000331019	RPS3	RPS27L	9606	0.819	0	0	0	0	0.623	0.54	0	RPS3	RPS27L	0.407502520438379	1.26537344690079e-21	2.32867379697021e-21
9606.ENSP00000278572	9606.ENSP00000384273	RPS3	RELA	9606	0.873	0	0	0	0	0.457	0.72	0.235	RPS3	RELA	0.367393820127354	1.38919254552477e-17	2.37510141527874e-17
9606.ENSP00000278572	9606.ENSP00000336702	RPS3	EIF5A	9606	0.875	0	0	0	0	0.875	0	0	RPS3	EIF5A	0.405967988103158	1.85008880485291e-21	3.39361829722656e-21
9606.ENSP00000278572	9606.ENSP00000375730	RPS3	RPL13A	9606	0.934	0	0	0	0	0.934	0	0	RPS3	RPL13A	0.859260211735459	1.52199790886897e-148	4.44360433814686e-147
9606.ENSP00000278572	9606.ENSP00000463784	RPS3	RPL26	9606	0.948	0	0	0	0	0.948	0	0	RPS3	RPL26	0.710032556050636	1.20297151361612e-78	5.25546881466664e-78
9606.ENSP00000278572	9606.ENSP00000377640	RPS3	RPL24	9606	0.973	0	0	0	0	0.973	0	0	RPS3	RPL24	0.771092202387941	1.12341855097663e-100	7.71149857447865e-100
9606.ENSP00000278572	9606.ENSP00000447001	RPS3	RPL18	9606	0.974	0	0	0	0	0.973	0	0	RPS3	RPL18	0.820712412856192	2.26419948079056e-124	3.02231798768323e-123
9606.ENSP00000278572	9606.ENSP00000464342	RPS3	RPL36	9606	0.977	0	0	0	0	0.958	0	0.467	RPS3	RPL36	0.818397709336151	4.15257605339359e-123	5.30502077124196e-122
9606.ENSP00000278572	9606.ENSP00000426909	RPS3	RACK1	9606	0.996	0	0	0	0	0.99	0.54	0.274	RPS3	RACK1	0.784078935843895	2.89651800229143e-106	2.25438224209113e-105
9606.ENSP00000278572	9606.ENSP00000389351	RPS3	RPSA	9606	0.997	0	0	0	0	0.974	0.9	0	RPS3	RPSA	0.791841140635803	8.56908548346785e-110	7.36303578215357e-109
9606.ENSP00000278572	9606.ENSP00000369757	RPS3	RPS6	9606	0.997	0	0	0	0	0.973	0.9	0	RPS3	RPS6	0.858988134838328	2.38514722923301e-148	6.85594308675557e-147
9606.ENSP00000278572	9606.ENSP00000470972	RPS3	RPS19	9606	0.997	0	0	0	0	0.974	0.9	0	RPS3	RPS19	0.784746362835041	1.45954531285685e-106	1.14300924732861e-105
9606.ENSP00000279022	9606.ENSP00000463559	MYL9	MYL12B	9606	0.959	0	0	0	0	0.616	0.9	0	MYL9	MYL12B	0.446805891769301	3.75253291539333e-26	7.46816051100505e-26
9606.ENSP00000279387	9606.ENSP00000324804	PPP4C	PPP2R1A	9606	0.869	0	0	0	0	0.599	0.54	0.347	PPP4C	PPP2R1A	0.673809151101446	4.18378617212039e-68	1.53486397713974e-67
9606.ENSP00000280377	9606.ENSP00000377245	USP15	KEAP1	9606	0.753	0	0	0	0	0.292	0.5	0.36	USP15	KEAP1	-0.390778084019582	7.15733759483035e-20	1.27317056583146e-19
9606.ENSP00000280904	9606.ENSP00000369129	DSC2	DSP	9606	0.973	0	0	0	0	0.292	0.5	0.932	DSC2	DSP	0.65356672313194	7.61899817425652e-63	2.59209897535734e-62
9606.ENSP00000281821	9606.ENSP00000351209	EPHA4	EPHA2	9606	0.789	0	0	0	0	0.141	0.4	0.624	EPHA4	EPHA2	0.679420737104766	1.22512630825008e-69	4.6184157924271e-69
9606.ENSP00000283249	9606.ENSP00000346839	ITGB6	FN1	9606	0.766	0	0	0	0	0.292	0	0.684	ITGB6	FN1	0.738250750540892	4.66107167867756e-88	2.46398763034794e-87
9606.ENSP00000283249	9606.ENSP00000358866	ITGB6	FLNA	9606	0.817	0	0	0	0	0.262	0.65	0.351	ITGB6	FLNA	0.691356340603004	5.1281599901463e-73	2.03158663979249e-72
9606.ENSP00000285021	9606.ENSP00000301764	XPC	DDB1	9606	0.757	0	0	0	0	0.292	0.5	0.371	XPC	DDB1	0.464065164280403	2.46257480851898e-28	5.09328125768501e-28
9606.ENSP00000285735	9606.ENSP00000382697	RHOC	ROCK1	9606	0.744	0	0	0	0	0.51	0.5	0	RHOC	ROCK1	-0.333411695206788	1.41271787563082e-14	2.27392291849072e-14
9606.ENSP00000285735	9606.ENSP00000343325	RHOC	PKN1	9606	0.778	0	0	0	0	0.311	0.5	0.408	RHOC	PKN1	0.451280718133925	1.04774896826843e-26	2.10925667746517e-26
9606.ENSP00000285735	9606.ENSP00000400175	RHOC	RHOA	9606	0.802	0	0	0	0	0.613	0.5	0.059	RHOC	RHOA	0.371498174662187	5.68152961322469e-18	9.79313741509496e-18
9606.ENSP00000285735	9606.ENSP00000463939	RHOC	ARHGDIA	9606	0.959	0	0	0	0	0.704	0.7	0.574	RHOC	ARHGDIA	0.592647121855042	3.29073431714132e-49	9.13711575763882e-49
9606.ENSP00000286186	9606.ENSP00000311032	CASP10	CASP3	9606	0.742	0	0	0	0	0.544	0.36	0.189	CASP10	CASP3	0.321781246447626	1.25131529882031e-13	1.98196746923355e-13
9606.ENSP00000286186	9606.ENSP00000351273	CASP10	CASP8	9606	0.999	0	0	0	0	0.636	0.9	0.982	CASP10	CASP8	0.41256110083058	3.56694517167101e-22	6.61965356694192e-22
9606.ENSP00000286301	9606.ENSP00000376345	CSF1R	GRB2	9606	0.868	0	0	0	0	0.457	0.65	0.364	CSF1R	GRB2	0.421619118433582	3.49881306807162e-23	6.62939899302409e-23
9606.ENSP00000286301	9606.ENSP00000327513	CSF1R	CSF1	9606	0.999	0	0	0	0	0.967	0.7	0.983	CSF1R	CSF1	0.798407604735629	6.72728874352766e-113	6.25613120468868e-112
9606.ENSP00000287156	9606.ENSP00000496832	UBE2L6	ISG15	9606	0.902	0	0	0	0	0.067	0.9	0	UBE2L6	ISG15	0.533457724654453	1.75489543373725e-38	4.17396144770886e-38
9606.ENSP00000287598	9606.ENSP00000481380	BUB1B	CCNA2	9606	0.824	0	0	0	0	0.292	0.5	0.543	BUB1B	CCNA2	0.454239088505124	4.46093496730824e-27	9.02353858441118e-27
9606.ENSP00000287598	9606.ENSP00000369497	BUB1B	BRCA2	9606	0.841	0	0	0	0	0.457	0.72	0	BUB1B	BRCA2	0.609327299189546	1.19314223647166e-52	3.48706330116125e-52
9606.ENSP00000287598	9606.ENSP00000355966	BUB1B	NEK2	9606	0.861	0	0	0	0	0.734	0.5	0	BUB1B	NEK2	0.707070644952694	1.00633002403613e-77	4.31442677254132e-77
9606.ENSP00000287598	9606.ENSP00000313950	BUB1B	AURKB	9606	0.953	0	0	0	0	0.292	0	0.937	BUB1B	AURKB	0.545410286370252	1.77033254463555e-40	4.33080867664954e-40
9606.ENSP00000287598	9606.ENSP00000302530	BUB1B	BUB1	9606	0.994	0	0	0	0	0.725	0	0.981	BUB1B	BUB1	0.662710277238904	3.60310657711581e-65	1.26146132689473e-64
9606.ENSP00000287598	9606.ENSP00000357858	BUB1B	BUB3	9606	0.999	0	0	0	0	0.847	0.8	0.987	BUB1B	BUB3	0.326100839897654	5.62680858842274e-14	8.94876600088985e-14
9606.ENSP00000287598	9606.ENSP00000296509	BUB1B	MAD2L1	9606	0.999	0	0	0	0	0.983	0.8	0.87	BUB1B	MAD2L1	0.566957285790691	2.75390111563264e-44	7.11541662103449e-44
9606.ENSP00000287598	9606.ENSP00000361540	BUB1B	CDC20	9606	0.999	0	0	0	0	0.979	0.8	0.984	BUB1B	CDC20	0.520056726169511	2.45245264159629e-36	5.69126509808974e-36
9606.ENSP00000287647	9606.ENSP00000382628	FANCD2	RBBP8	9606	0.824	0	0	0	0	0.483	0	0.674	FANCD2	RBBP8	0.536027733208103	6.63363722922804e-39	1.58674093345932e-38
9606.ENSP00000287647	9606.ENSP00000493712	FANCD2	RAD51	9606	0.95	0	0	0	0	0.457	0	0.913	FANCD2	RAD51	0.721419999142771	2.6449243695822e-82	1.24240226422621e-81
9606.ENSP00000287647	9606.ENSP00000369497	FANCD2	BRCA2	9606	0.995	0	0	0	0	0.457	0.54	0.982	FANCD2	BRCA2	0.827736469299104	2.55002618357785e-128	3.77210013529835e-127
9606.ENSP00000287820	9606.ENSP00000352900	PPARG	RXRG	9606	0.948	0	0	0	0	0.359	0.9	0.258	PPARG	RXRG	-0.447420114682276	3.15324200784462e-26	6.28784048785413e-26
9606.ENSP00000288135	9606.ENSP00000493728	KIT	GRB10	9606	0.714	0	0	0	0	0.292	0.5	0.257	KIT	GRB10	0.315438966256874	3.95371630036692e-13	6.20020172459897e-13
9606.ENSP00000288135	9606.ENSP00000354394	KIT	STAT1	9606	0.761	0	0	0	0	0.542	0.5	0	KIT	STAT1	-0.33177131377734	1.93255056234355e-14	3.09980129831834e-14
9606.ENSP00000288135	9606.ENSP00000403459	KIT	GRB7	9606	0.852	0	0	0	0	0.365	0.5	0.572	KIT	GRB7	-0.516581689224823	8.52077706011224e-36	1.96385472196391e-35
9606.ENSP00000288135	9606.ENSP00000428924	KIT	LYN	9606	0.879	0	0	0	0	0.457	0.5	0.593	KIT	LYN	-0.427664536639999	7.14000320722051e-24	1.37030638184099e-23
9606.ENSP00000288135	9606.ENSP00000334941	KIT	PTPRU	9606	0.926	0	0	0	0	0.292	0.9	0	KIT	PTPRU	-0.387890621360273	1.40393984235974e-19	2.48688083420796e-19
9606.ENSP00000288207	9606.ENSP00000429089	CCNB2	CCNE2	9606	0.723	0	0	0	0	0.616	0	0.31	CCNB2	CCNE2	0.416951788346536	1.1677067353878e-22	2.19199568620664e-22
9606.ENSP00000288207	9606.ENSP00000378699	CCNB2	CDK1	9606	0.999	0	0	0	0	0.66	0.9	0.978	CCNB2	CDK1	0.592486205142253	3.54414739684895e-49	9.8353492488529e-49
9606.ENSP00000289429	9606.ENSP00000497910	CD1A	B2M	9606	0.998	0	0	0	0	0.968	0.9	0.697	CD1A	B2M	0.470821405505335	3.17988101352718e-29	6.6612911169499e-29
9606.ENSP00000289902	9606.ENSP00000358165	FCER1G	FCGR1A	9606	0.887	0	0	0	0	0.345	0	0.835	FCER1G	FCGR1A	0.847941626460783	9.33112511115848e-141	2.14573463351594e-139
9606.ENSP00000290541	9606.ENSP00000325919	PSMB4	PSMG2	9606	0.766	0	0	0	0	0.766	0	0	PSMB4	PSMG2	0.721257964305747	2.99047518579094e-82	1.4034150245748e-81
9606.ENSP00000290541	9606.ENSP00000478877	PSMB4	ADRM1	9606	0.83	0	0	0	0	0.675	0.5	0	PSMB4	ADRM1	0.79751571430435	1.80431050651123e-112	1.6596376095346e-111
9606.ENSP00000290541	9606.ENSP00000481029	PSMB4	PSMC3	9606	0.949	0	0	0	0	0.948	0	0	PSMB4	PSMC3	0.735053381114509	6.24317017029304e-87	3.21959203787079e-86
9606.ENSP00000290541	9606.ENSP00000372155	PSMB4	PSME1	9606	0.961	0	0	0	0	0.939	0	0.392	PSMB4	PSME1	0.614354572103173	9.98098318004547e-54	2.97022317105e-53
9606.ENSP00000290541	9606.ENSP00000363993	PSMB4	PSMB9	9606	0.995	0	0	0	0	0.98	0.72	0.3	PSMB4	PSMB9	0.312701984484163	6.44141845688604e-13	1.00484538925028e-12
9606.ENSP00000290541	9606.ENSP00000364016	PSMB4	PSMB8	9606	0.995	0	0	0	0	0.97	0.72	0.454	PSMB4	PSMB8	0.42449409537227	1.64973821445431e-23	3.14351247718431e-23
9606.ENSP00000290541	9606.ENSP00000351314	PSMB4	PSMB10	9606	0.996	0	0	0	0	0.985	0.72	0.247	PSMB4	PSMB10	0.594968627297512	1.12319200897044e-49	3.13761920120455e-49
9606.ENSP00000290541	9606.ENSP00000359910	PSMB4	PSMA7	9606	0.998	0	0	0	0	0.97	0.9	0.472	PSMB4	PSMA7	0.645977734419405	5.64085569714226e-61	1.86761053480646e-60
9606.ENSP00000290541	9606.ENSP00000483688	PSMB4	PSMB3	9606	0.998	0	0	0	0	0.967	0.9	0.663	PSMB4	PSMB3	0.870774002866125	3.37770990758695e-157	1.34549877342381e-155
9606.ENSP00000290541	9606.ENSP00000414359	PSMB4	PSMA1	9606	0.999	0	0	0	0	0.983	0.9	0.675	PSMB4	PSMA1	0.647172356987251	2.88801647383891e-61	9.59952387723458e-61
9606.ENSP00000290541	9606.ENSP00000362334	PSMB4	PSMB2	9606	0.999	0	0	0	0	0.981	0.9	0.797	PSMB4	PSMB2	0.694413571791962	6.57664734677637e-74	2.66170071418733e-73
9606.ENSP00000293288	9606.ENSP00000404503	BAX	BBC3	9606	0.732	0	0	0	0	0.441	0.54	0	BAX	BBC3	0.712932318076528	1.46479562190991e-79	6.49465473377933e-79
9606.ENSP00000293288	9606.ENSP00000340989	BAX	SFN	9606	0.778	0	0	0	0	0.292	0.7	0	BAX	SFN	0.525909081591389	2.913851200243e-37	6.83410905054675e-37
9606.ENSP00000293288	9606.ENSP00000471896	BAX	IRF3	9606	0.846	0	0	0	0	0.292	0	0.792	BAX	IRF3	0.515390980091798	1.3013060874196e-35	2.98562698242891e-35
9606.ENSP00000293288	9606.ENSP00000363591	BAX	BAK1	9606	0.99	0	0	0	0	0.671	0.9	0.736	BAX	BAK1	0.327062333562549	4.70157478674069e-14	7.4867065930504e-14
9606.ENSP00000293288	9606.ENSP00000318822	BAX	BID	9606	0.99	0	0	0	0	0.689	0.9	0.705	BAX	BID	0.383138407008403	4.19415842885823e-19	7.37256688380604e-19
9606.ENSP00000293288	9606.ENSP00000365230	BAX	BCL2L1	9606	0.999	0	0	0	0	0.966	0.9	0.834	BAX	BCL2L1	0.531780538302277	3.29628297047084e-38	7.81804760788185e-38
9606.ENSP00000294785	9606.ENSP00000326366	NCSTN	PSEN1	9606	0.999	0	0	0	0	0.974	0.9	0.987	NCSTN	PSEN1	0.495226541287669	1.32163386493285e-32	2.90954992284391e-32
9606.ENSP00000294785	9606.ENSP00000358105	NCSTN	APH1A	9606	0.999	0	0	0	0	0.974	0.9	0.987	NCSTN	APH1A	0.519829094710713	2.66208576029202e-36	6.16643400243468e-36
9606.ENSP00000294785	9606.ENSP00000468411	NCSTN	PSENEN	9606	0.999	0	0	0	0	0.956	0.9	0.982	NCSTN	PSENEN	-0.340720966506588	3.41783069260172e-15	5.57767918512003e-15
9606.ENSP00000295408	9606.ENSP00000331831	MERTK	GAS6	9606	0.995	0	0	0	0	0.292	0.7	0.982	MERTK	GAS6	-0.354157465435985	2.27817672299916e-16	3.8074978664198e-16
9606.ENSP00000295522	9606.ENSP00000360269	CLDN1	TACSTD2	9606	0.797	0	0	0	0	0.292	0	0.726	CLDN1	TACSTD2	0.595847193414994	7.46084357537938e-50	2.09110291677808e-49
9606.ENSP00000295685	9606.ENSP00000458162	ARPC2	ACTG1	9606	0.927	0	0	0	0	0.25	0.9	0.115	ARPC2	ACTG1	0.414110168780853	2.40998430694011e-22	4.49230309830878e-22
9606.ENSP00000295685	9606.ENSP00000345361	ARPC2	ARPC5L	9606	0.997	0	0	0	0	0.958	0.9	0.349	ARPC2	ARPC5L	0.489004832160235	1.02123751817579e-31	2.22595459045727e-31
9606.ENSP00000295685	9606.ENSP00000388169	ARPC2	ARPC4	9606	0.999	0	0	0	0	0.982	0.9	0.606	ARPC2	ARPC4	0.480449504577787	1.58798008994927e-30	3.40118174219025e-30
9606.ENSP00000295685	9606.ENSP00000389631	ARPC2	ARPC1B	9606	0.999	0	0	0	0	0.977	0.9	0.956	ARPC2	ARPC1B	0.683790459791321	7.41636589988688e-71	2.84022672880603e-70
9606.ENSP00000296129	9606.ENSP00000362680	CDCP1	SRC	9606	0.767	0	0	0	0	0.457	0	0.589	CDCP1	SRC	0.344237467224983	1.70367466124005e-15	2.80106925941287e-15
9606.ENSP00000296161	9606.ENSP00000354394	DTX3L	STAT1	9606	0.751	0	0	0	0	0.457	0	0.562	DTX3L	STAT1	0.824548231220637	1.66174576789105e-126	2.31591510737213e-125
9606.ENSP00000296161	9606.ENSP00000353512	DTX3L	PARP9	9606	0.993	0	0	0	0	0.671	0	0.981	DTX3L	PARP9	0.842546024788814	2.89632585594636e-137	5.70136673355356e-136
9606.ENSP00000296181	9606.ENSP00000358866	ITGB5	FLNA	9606	0.773	0	0	0	0	0.081	0.65	0.351	ITGB5	FLNA	0.330040643815934	2.68419043518508e-14	4.29589351838067e-14
9606.ENSP00000296509	9606.ENSP00000302530	MAD2L1	BUB1	9606	0.804	0	0	0	0	0.576	0	0.556	MAD2L1	BUB1	0.747660884100832	1.79332133182293e-91	1.01029093738221e-90
9606.ENSP00000296509	9606.ENSP00000355966	MAD2L1	NEK2	9606	0.861	0	0	0	0	0.734	0.5	0	MAD2L1	NEK2	0.657971200846793	5.91545378916789e-64	2.04274953716043e-63
9606.ENSP00000296509	9606.ENSP00000357858	MAD2L1	BUB3	9606	0.989	0	0	0	0	0.643	0.8	0.869	MAD2L1	BUB3	0.448758043506214	2.15585909073331e-26	4.3125706366231e-26
9606.ENSP00000296509	9606.ENSP00000361540	MAD2L1	CDC20	9606	0.999	0	0	0	0	0.981	0.9	0.794	MAD2L1	CDC20	0.359600680564951	7.32591661946668e-17	1.23621788451908e-16
9606.ENSP00000296585	9606.ENSP00000379350	ITGA2	ITGB1	9606	0.998	0	0	0	0	0.457	0.9	0.98	ITGA2	ITGB1	0.606971411426857	3.75864615689953e-52	1.09093464760498e-51
9606.ENSP00000297508	9606.ENSP00000377941	MICALL2	ACTN1	9606	0.948	0	0	0	0	0.505	0.9	0	MICALL2	ACTN1	0.382375007687104	4.99201203832334e-19	8.76895447981866e-19
9606.ENSP00000298316	9606.ENSP00000438085	ARF6	GGA3	9606	0.84	0	0	0	0	0.457	0.5	0.459	ARF6	GGA3	0.380960673707122	6.88447382757885e-19	1.20722887673211e-18
9606.ENSP00000298910	9606.ENSP00000495360	LRRK2	CTNNB1	9606	0.795	0	0	0	0	0.292	0.72	0.049	LRRK2	CTNNB1	0.365804779235687	1.95707284818452e-17	3.33249126185308e-17
9606.ENSP00000299084	9606.ENSP00000348753	SPRED1	SPRED2	9606	0.85	0	0	0	0	0.042	0.8	0.28	SPRED1	SPRED2	0.541228501732161	9.02751510928084e-40	2.18413194346493e-39
9606.ENSP00000299367	9606.ENSP00000356030	C2	CD55	9606	0.787	0	0	0	0	0.48	0.5	0.247	C2	CD55	0.366178512261164	1.80581827133294e-17	3.07804401437781e-17
9606.ENSP00000299367	9606.ENSP00000415941	C2	C4B	9606	0.888	0	0	0	0	0.457	0.8	0.054	C2	C4B	0.47137946713926	2.6797380798955e-29	5.62756120638909e-29
9606.ENSP00000300060	9606.ENSP00000340989	ANPEP	SFN	9606	0.945	0	0	0	0	0.852	0	0.649	ANPEP	SFN	0.561730427701155	2.4515197548987e-43	6.24797906298867e-43
9606.ENSP00000300134	9606.ENSP00000432511	STAT6	JAK3	9606	0.702	0	0	0	0	0.292	0.5	0.226	STAT6	JAK3	0.356678369700324	1.35074111219176e-16	2.26421447534067e-16
9606.ENSP00000300134	9606.ENSP00000499900	STAT6	JAK1	9606	0.807	0	0	0	0	0.292	0.5	0.499	STAT6	JAK1	0.345817283591713	1.24250077849251e-15	2.04816273652447e-15
9606.ENSP00000300134	9606.ENSP00000379111	STAT6	IL4R	9606	0.873	0	0	0	0	0.483	0.5	0.548	STAT6	IL4R	0.391065348770902	6.69088469424554e-20	1.19103397847249e-19
9606.ENSP00000300134	9606.ENSP00000315768	STAT6	STAT2	9606	0.985	0	0	0	0	0.292	0.9	0.808	STAT6	STAT2	0.332330655425791	1.73709328944174e-14	2.7924864795951e-14
9606.ENSP00000300305	9606.ENSP00000437955	RUNX1	HIF1A	9606	0.913	0	0	0	0	0.322	0	0.877	RUNX1	HIF1A	0.647605909659289	2.26338910844058e-61	7.54811173342182e-61
9606.ENSP00000300305	9606.ENSP00000362649	RUNX1	HDAC1	9606	0.976	0	0	0	0	0.457	0.5	0.921	RUNX1	HDAC1	-0.543187362214482	4.22072166600995e-40	1.02509029804822e-39
9606.ENSP00000300305	9606.ENSP00000415151	RUNX1	CBFB	9606	0.999	0	0	0	0	0.972	0.9	0.986	RUNX1	CBFB	0.669005503034775	8.08181188361232e-67	2.9038271533519e-66
9606.ENSP00000300403	9606.ENSP00000377492	TPX2	HMMR	9606	0.761	0	0	0	0	0.292	0	0.677	TPX2	HMMR	0.854689785748761	2.54989302859862e-145	6.58158613861246e-144
9606.ENSP00000300403	9606.ENSP00000336799	TPX2	TUBA1B	9606	0.9	0	0	0	0	0.9	0	0	TPX2	TUBA1B	0.406948210348985	1.45181042232461e-21	2.66789281748644e-21
9606.ENSP00000300935	9606.ENSP00000394071	RAB8A	GDI1	9606	0.867	0	0	0	0	0.624	0.5	0.352	RAB8A	GDI1	0.351543943214197	3.89769684224428e-16	6.4906018186023e-16
9606.ENSP00000300935	9606.ENSP00000356231	RAB8A	RABIF	9606	0.982	0	0	0	0	0.961	0	0.568	RAB8A	RABIF	0.491197660138685	4.9914309603906e-32	1.09172716077026e-31
9606.ENSP00000300935	9606.ENSP00000368022	RAB8A	OPTN	9606	0.993	0	0	0	0	0.457	0.7	0.964	RAB8A	OPTN	0.427716343062878	7.04243897307058e-24	1.35209482978232e-23
9606.ENSP00000301019	9606.ENSP00000360623	CDT1	ORC1	9606	0.938	0	0	0	0	0.826	0.5	0.353	CDT1	ORC1	0.680996080974557	4.48260766738692e-70	1.69741857704419e-69
9606.ENSP00000301019	9606.ENSP00000480987	CDT1	MCM3	9606	0.944	0	0	0	0	0.523	0.5	0.786	CDT1	MCM3	0.712424223788838	2.1224253450087e-79	9.37759809641834e-79
9606.ENSP00000301019	9606.ENSP00000368458	CDT1	PCNA	9606	0.96	0	0	0	0	0.96	0	0	CDT1	PCNA	0.670976103821562	2.41493654425022e-67	8.76410615305729e-67
9606.ENSP00000301019	9606.ENSP00000307288	CDT1	MCM7	9606	0.982	0	0	0	0	0.669	0.5	0.905	CDT1	MCM7	0.584252617808365	1.49336434274134e-47	4.0530741469573e-47
9606.ENSP00000301178	9606.ENSP00000362680	AXL	SRC	9606	0.891	0	0	0	0	0.457	0.5	0.631	AXL	SRC	0.337920531183553	5.9130623373721e-15	9.60018689498249e-15
9606.ENSP00000301633	9606.ENSP00000378699	BIRC5	CDK1	9606	0.79	0	0	0	0	0.457	0	0.63	BIRC5	CDK1	0.64687046344386	3.42134779609471e-61	1.13573480974036e-60
9606.ENSP00000301633	9606.ENSP00000313950	BIRC5	AURKB	9606	0.998	0	0	0	0	0.5	0.8	0.983	BIRC5	AURKB	0.911835251848166	1.31016784589633e-196	1.89375403782559e-194
9606.ENSP00000301633	9606.ENSP00000362146	BIRC5	CDCA8	9606	0.999	0	0	0	0	0.773	0.8	0.984	BIRC5	CDCA8	0.788302184255692	3.63313953029697e-108	2.98862648516624e-107
9606.ENSP00000301764	9606.ENSP00000326804	DDB1	CUL1	9606	0.9	0	0	0	0	0.316	0	0.861	DDB1	CUL1	0.344277999228494	1.68997071817748e-15	2.77944143799086e-15
9606.ENSP00000301764	9606.ENSP00000431926	DDB1	AMBRA1	9606	0.978	0	0	0	0	0.577	0.9	0.529	DDB1	AMBRA1	0.647464001058491	2.45144105577693e-61	8.15910546129965e-61
9606.ENSP00000301764	9606.ENSP00000317971	DDB1	WDTC1	9606	0.987	0	0	0	0	0.96	0.54	0.372	DDB1	WDTC1	0.457638558886945	1.65501194807993e-27	3.36929796593013e-27
9606.ENSP00000301838	9606.ENSP00000357055	FADD	PEA15	9606	0.861	0	0	0	0	0.457	0	0.756	FADD	PEA15	0.392510151636282	4.76259371221443e-20	8.50175073750627e-20
9606.ENSP00000301838	9606.ENSP00000379457	FADD	FAF1	9606	0.982	0	0	0	0	0.292	0.9	0.769	FADD	FAF1	0.346502321039557	1.08295368363062e-15	1.78690889937616e-15
9606.ENSP00000302114	9606.ENSP00000449795	PRELID1	TRIAP1	9606	0.999	0	0	0	0	0.982	0.7	0.894	PRELID1	TRIAP1	0.536215764433586	6.17585871646175e-39	1.47864028616091e-38
9606.ENSP00000302486	9606.ENSP00000361930	MAP2K1	YWHAB	9606	0.793	0	0	0	0	0.6	0.5	0.049	MAP2K1	YWHAB	0.351086257694092	4.27983918678987e-16	7.11758923273174e-16
9606.ENSP00000302530	9606.ENSP00000465075	BUB1	SPC24	9606	0.725	0	0	0	0	0.725	0	0	BUB1	SPC24	0.597024205526143	4.30436909442227e-50	1.21178649130118e-49
9606.ENSP00000302530	9606.ENSP00000378699	BUB1	CDK1	9606	0.901	0	0	0	0	0.292	0	0.865	BUB1	CDK1	0.480162985242624	1.73851000428961e-30	3.72201528214183e-30
9606.ENSP00000302530	9606.ENSP00000361540	BUB1	CDC20	9606	0.983	0	0	0	0	0.806	0	0.919	BUB1	CDC20	0.418066465031596	8.77147718500601e-23	1.64901163429749e-22
9606.ENSP00000302530	9606.ENSP00000357858	BUB1	BUB3	9606	0.999	0	0	0	0	0.75	0.9	0.987	BUB1	BUB3	0.474240840233092	1.10886979904174e-29	2.34424250453496e-29
9606.ENSP00000303830	9606.ENSP00000493728	INSR	GRB10	9606	0.84	0	0	0	0	0.457	0.5	0.459	INSR	GRB10	0.419796948638963	5.61359071514853e-23	1.06006552549221e-22
9606.ENSP00000303908	9606.ENSP00000361883	TWF2	CAP1	9606	0.701	0	0	0	0	0.701	0	0	TWF2	CAP1	0.481636020744932	1.09035829374478e-30	2.34329762449228e-30
9606.ENSP00000304669	9606.ENSP00000377941	CTNNA1	ACTN1	9606	0.956	0	0	0	0	0.548	0.9	0.116	CTNNA1	ACTN1	0.519112936138334	3.44442116743729e-36	7.96768481301566e-36
9606.ENSP00000304669	9606.ENSP00000495360	CTNNA1	CTNNB1	9606	0.999	0	0	0	0	0.787	0.9	0.982	CTNNA1	CTNNB1	0.620502391854092	4.51649693097549e-55	1.38060169026012e-54
9606.ENSP00000304895	9606.ENSP00000493712	IRS1	RAD51	9606	0.847	0	0	0	0	0.292	0	0.793	IRS1	RAD51	-0.406657311693902	1.56023790272795e-21	2.86506117963729e-21
9606.ENSP00000304895	9606.ENSP00000379287	IRS1	YWHAZ	9606	0.86	0	0	0	0	0.163	0	0.84	IRS1	YWHAZ	-0.457147609170855	1.9111331221995e-27	3.88602189116047e-27
9606.ENSP00000304895	9606.ENSP00000346671	IRS1	FYN	9606	0.88	0	0	0	0	0.292	0	0.838	IRS1	FYN	-0.529637466852275	7.33876757034882e-38	1.73489837095302e-37
9606.ENSP00000305260	9606.ENSP00000359765	GNB2	ADGRL2	9606	0.749	0	0	0	0	0.749	0	0	GNB2	ADGRL2	-0.34767635148608	8.55019716196781e-16	1.41403881799265e-15
9606.ENSP00000305260	9606.ENSP00000312999	GNB2	GNAI2	9606	0.88	0	0	0	0	0.603	0.65	0.209	GNB2	GNAI2	0.515645446532231	1.18888302756605e-35	2.73264844909434e-35
9606.ENSP00000305288	9606.ENSP00000497806	NLGN2	DLG4	9606	0.984	0	0	0	0	0.23	0.5	0.964	NLGN2	DLG4	0.362198455870432	4.23008933660125e-17	7.16198860571142e-17
9606.ENSP00000305480	9606.ENSP00000311368	FEN1	POLD4	9606	0.727	0	0	0	0	0.477	0.5	0	FEN1	POLD4	0.313043944145967	6.062006655654e-13	9.45949773934411e-13
9606.ENSP00000305480	9606.ENSP00000472445	FEN1	POLD1	9606	0.883	0	0	0	0	0.735	0.5	0.192	FEN1	POLD1	0.419196795455943	6.55528315011649e-23	1.23512765200891e-22
9606.ENSP00000305480	9606.ENSP00000368458	FEN1	PCNA	9606	0.992	0	0	0	0	0.977	0.5	0.351	FEN1	PCNA	0.73068030405525	2.04378097096812e-85	1.0206799538132e-84
9606.ENSP00000306330	9606.ENSP00000340989	YWHAG	SFN	9606	0.8	0	0	0	0	0.618	0.5	0	YWHAG	SFN	0.304771967880018	2.57574554562655e-12	3.95949459596618e-12
9606.ENSP00000306330	9606.ENSP00000361930	YWHAG	YWHAB	9606	0.887	0	0	0	0	0.619	0.5	0.457	YWHAG	YWHAB	0.347614668299128	8.65723528138857e-16	1.43080539982178e-15
9606.ENSP00000306330	9606.ENSP00000379287	YWHAG	YWHAZ	9606	0.965	0	0	0	0	0.673	0.5	0.806	YWHAG	YWHAZ	0.455739145343106	2.88405630851892e-27	5.85021686639825e-27
9606.ENSP00000306512	9606.ENSP00000384273	CXCL8	RELA	9606	0.74	0	0	0	0	0.457	0	0.542	CXCL8	RELA	0.386514676312352	1.93091494407703e-19	3.41317215306978e-19
9606.ENSP00000306512	9606.ENSP00000367872	CXCL8	GNB1	9606	0.8	0	0	0	0	0.8	0	0	CXCL8	GNB1	0.380051359173184	8.45787920582296e-19	1.48056785128922e-18
9606.ENSP00000306606	9606.ENSP00000426083	ADH1B	ADH1C	9606	0.951	0	0	0	0	0.484	0.9	0.131	ADH1B	ADH1C	0.679128872763003	1.4749539858824e-69	5.55606270631353e-69
9606.ENSP00000306844	9606.ENSP00000352288	SEMA4C	PLXNB2	9606	0.943	0	0	0	0	0.133	0	0.937	SEMA4C	PLXNB2	0.436822440007976	6.0428972952636e-25	1.18034816280844e-24
9606.ENSP00000306866	9606.ENSP00000374455	GABARAP	SQSTM1	9606	0.999	0	0	0	0	0.51	0.9	0.984	GABARAP	SQSTM1	0.553005424766079	8.65564066688824e-42	2.16348251649148e-41
9606.ENSP00000306920	9606.ENSP00000364782	GLB1	NEU1	9606	0.998	0	0	0	0	0.691	0.8	0.972	GLB1	NEU1	0.329425023247666	3.01543044722869e-14	4.81840260029373e-14
9606.ENSP00000307288	9606.ENSP00000322570	MCM7	POLE	9606	0.867	0	0	0	0	0.867	0	0	MCM7	POLE	0.493473322487528	2.36152521063583e-32	5.18306118898336e-32
9606.ENSP00000307288	9606.ENSP00000360623	MCM7	ORC1	9606	0.936	0	0	0	0	0.784	0.65	0.228	MCM7	ORC1	0.426236412461122	1.04234403910698e-23	1.99440941522021e-23
9606.ENSP00000307288	9606.ENSP00000405726	MCM7	CDC45	9606	0.997	0	0	0	0	0.981	0.54	0.763	MCM7	CDC45	0.434491430509511	1.14112071161457e-24	2.22035756925311e-24
9606.ENSP00000307288	9606.ENSP00000480987	MCM7	MCM3	9606	0.999	0	0	0	0	0.99	0.9	0.986	MCM7	MCM3	0.550891145015123	2.02094967426855e-41	5.01421500839852e-41
9606.ENSP00000309338	9606.ENSP00000376188	CLCF1	CRLF1	9606	0.995	0	0	0	0	0.457	0.9	0.919	CLCF1	CRLF1	0.528760577921146	1.0165687375714e-37	2.39758566124649e-37
9606.ENSP00000309415	9606.ENSP00000470176	CLTB	AP2S1	9606	0.912	0	0	0	0	0.163	0.9	0	CLTB	AP2S1	0.715481268623757	2.2515523662181e-80	1.01339888084496e-79
9606.ENSP00000309591	9606.ENSP00000385749	PRKACA	PRKAR1B	9606	0.997	0	0	0	0	0.967	0.9	0.161	PRKACA	PRKAR1B	0.357716175344242	1.08773725442012e-16	1.8288011864777e-16
9606.ENSP00000310042	9606.ENSP00000375730	ZNF622	RPL13A	9606	0.836	0	0	0	0	0.836	0	0	ZNF622	RPL13A	0.42343951786483	2.1754349489184e-23	4.13430706483028e-23
9606.ENSP00000310042	9606.ENSP00000463784	ZNF622	RPL26	9606	0.854	0	0	0	0	0.854	0	0	ZNF622	RPL26	0.56661029456983	3.18791510977859e-44	8.2200114884658e-44
9606.ENSP00000310042	9606.ENSP00000464342	ZNF622	RPL36	9606	0.856	0	0	0	0	0.856	0	0	ZNF622	RPL36	0.42407396019105	1.84215019585151e-23	3.50750389191298e-23
9606.ENSP00000310042	9606.ENSP00000363559	ZNF622	EIF6	9606	0.972	0	0	0	0	0.942	0.54	0	ZNF622	EIF6	0.471191249559738	2.83905010256152e-29	5.9596491572028e-29
9606.ENSP00000310332	9606.ENSP00000326804	FBXO45	CUL1	9606	0.738	0	0	0	0	0.616	0	0.347	FBXO45	CUL1	0.351153717856258	4.22128380336116e-16	7.02251718553242e-16
9606.ENSP00000311032	9606.ENSP00000358327	CASP3	CASP7	9606	0.939	0	0	0	0	0.421	0.9	0	CASP3	CASP7	0.506428096225772	2.98965696485161e-34	6.75510253916226e-34
9606.ENSP00000311032	9606.ENSP00000351273	CASP3	CASP8	9606	0.999	0	0	0	0	0.636	0.9	0.98	CASP3	CASP8	0.506848790469109	2.58599365672258e-34	5.85086847466883e-34
9606.ENSP00000311273	9606.ENSP00000452037	DNAH7	DNAL1	9606	0.726	0	0	0	0	0.063	0.72	0	DNAH7	DNAL1	0.731308596698179	1.24337270575303e-85	6.24030011746486e-85
9606.ENSP00000311360	9606.ENSP00000312995	RAD9A	CLSPN	9606	0.794	0	0	0	0	0.457	0	0.637	RAD9A	CLSPN	-0.522402830345146	1.04928033870543e-36	2.44848211877804e-36
9606.ENSP00000311368	9606.ENSP00000368458	POLD4	PCNA	9606	0.982	0	0	0	0	0.962	0.54	0	POLD4	PCNA	0.331895518744421	1.88736612638782e-14	3.03020794458775e-14
9606.ENSP00000311368	9606.ENSP00000472445	POLD4	POLD1	9606	0.995	0	0	0	0	0.781	0.9	0.819	POLD4	POLD1	0.306148471990056	2.03104041250231e-12	3.13645709610781e-12
9606.ENSP00000312262	9606.ENSP00000403701	GRK2	ARRB2	9606	0.98	0	0	0	0	0.457	0.8	0.833	GRK2	ARRB2	0.58223440356458	3.67587290753434e-47	9.92858571234181e-47
9606.ENSP00000312995	9606.ENSP00000393139	CLSPN	CDC7	9606	0.74	0	0	0	0	0.457	0.5	0.121	CLSPN	CDC7	0.629434620480681	4.44106138135683e-57	1.39462008245091e-56
9606.ENSP00000312995	9606.ENSP00000322570	CLSPN	POLE	9606	0.8	0	0	0	0	0.8	0	0	CLSPN	POLE	0.504792187293263	5.24502762678219e-34	1.18141561727031e-33
9606.ENSP00000312995	9606.ENSP00000480987	CLSPN	MCM3	9606	0.895	0	0	0	0	0.8	0.5	0	CLSPN	MCM3	0.550760697187731	2.12907219083992e-41	5.27989030071526e-41
9606.ENSP00000312995	9606.ENSP00000405726	CLSPN	CDC45	9606	0.965	0	0	0	0	0.886	0.5	0.432	CLSPN	CDC45	0.644565077625775	1.24016213230182e-60	4.0846225438248e-60
9606.ENSP00000312995	9606.ENSP00000391090	CLSPN	CHEK1	9606	0.998	0	0	0	0	0.609	0.8	0.981	CLSPN	CHEK1	0.344615765924418	1.57990240564969e-15	2.60095225193029e-15
9606.ENSP00000312995	9606.ENSP00000450607	CLSPN	TIMELESS	9606	0.998	0	0	0	0	0.886	0	0.984	CLSPN	TIMELESS	0.700871205132936	7.88175215956007e-76	3.28991618607379e-75
9606.ENSP00000312999	9606.ENSP00000475344	GNAI2	APLNR	9606	0.765	0	0	0	0	0.35	0.65	0.052	GNAI2	APLNR	0.311757914921927	7.61365089325411e-13	1.18551738593329e-12
9606.ENSP00000312999	9606.ENSP00000347197	GNAI2	C5AR1	9606	0.795	0	0	0	0	0.545	0	0.57	GNAI2	C5AR1	0.388146112747921	1.3230465593815e-19	2.34687676855224e-19
9606.ENSP00000312999	9606.ENSP00000356205	GNAI2	ADORA1	9606	0.933	0	0	0	0	0.926	0	0.132	GNAI2	ADORA1	0.412001386474051	4.10776395609096e-22	7.6121530600235e-22
9606.ENSP00000313875	9606.ENSP00000353408	CD46	MSN	9606	0.982	0	0	0	0	0.292	0.9	0.774	CD46	MSN	0.440725532180547	2.06132044841783e-25	4.05136757907763e-25
9606.ENSP00000313950	9606.ENSP00000378356	AURKB	KIF20A	9606	0.722	0	0	0	0	0.457	0	0.509	AURKB	KIF20A	0.792421167582597	4.60461127499471e-110	3.99566525560861e-109
9606.ENSP00000313950	9606.ENSP00000361540	AURKB	CDC20	9606	0.81	0	0	0	0	0.292	0	0.743	AURKB	CDC20	0.624019824342683	7.44914104455907e-56	2.30914243532012e-55
9606.ENSP00000313950	9606.ENSP00000378699	AURKB	CDK1	9606	0.851	0	0	0	0	0.292	0	0.798	AURKB	CDK1	0.609516634893303	1.08757816338496e-52	3.1822197389037e-52
9606.ENSP00000313950	9606.ENSP00000364585	AURKB	RCC2	9606	0.853	0	0	0	0	0.292	0	0.801	AURKB	RCC2	0.526032727496352	2.78436813344403e-37	6.533450086778e-37
9606.ENSP00000313950	9606.ENSP00000362146	AURKB	CDCA8	9606	0.998	0	0	0	0	0.457	0.8	0.984	AURKB	CDCA8	0.761175838080702	1.18822821305334e-96	7.39390717077106e-96
9606.ENSP00000314067	9606.ENSP00000497733	PAK2	CDC42	9606	0.93	0	0	0	0	0.533	0.8	0.312	PAK2	CDC42	0.434475869947243	1.14595459542126e-24	2.22890592012155e-24
9606.ENSP00000315130	9606.ENSP00000416066	CLU	SERPINA1	9606	0.751	0	0	0	0	0.235	0	0.688	CLU	SERPINA1	0.643814816264235	1.88126982535827e-60	6.16408293166287e-60
9606.ENSP00000315190	9606.ENSP00000435460	ITGA3	LGALS8	9606	0.768	0	0	0	0	0.457	0	0.592	ITGA3	LGALS8	0.447653802647345	2.95098179177043e-26	5.88683631094898e-26
9606.ENSP00000315190	9606.ENSP00000371958	ITGA3	CD9	9606	0.881	0	0	0	0	0.457	0	0.79	ITGA3	CD9	0.374707936632172	2.79841132917301e-18	4.84668364063206e-18
9606.ENSP00000315190	9606.ENSP00000346839	ITGA3	FN1	9606	0.973	0	0	0	0	0.292	0	0.964	ITGA3	FN1	0.875329147821614	7.45381180643986e-161	3.5913175170266e-159
9606.ENSP00000315190	9606.ENSP00000379350	ITGA3	ITGB1	9606	0.997	0	0	0	0	0.457	0.9	0.956	ITGA3	ITGB1	0.404293690238589	2.7939530630981e-21	5.11197415776248e-21
9606.ENSP00000315768	9606.ENSP00000343957	STAT2	IFNAR2	9606	0.944	0	0	0	0	0.457	0.8	0.532	STAT2	IFNAR2	0.599020802701388	1.68433254412321e-50	4.76568139861259e-50
9606.ENSP00000315768	9606.ENSP00000431885	STAT2	TYK2	9606	0.958	0	0	0	0	0.457	0.8	0.645	STAT2	TYK2	0.39842241988174	1.16426626553862e-20	2.1096071050716e-20
9606.ENSP00000315768	9606.ENSP00000380073	STAT2	IRF9	9606	0.999	0	0	0	0	0.695	0.9	0.985	STAT2	IRF9	0.590884212644867	7.40080711593687e-49	2.03925289757759e-48
9606.ENSP00000315768	9606.ENSP00000354394	STAT2	STAT1	9606	0.999	0	0	0	0	0.534	0.9	0.983	STAT2	STAT1	0.648226748140653	1.59550094230141e-61	5.34191877372787e-61
9606.ENSP00000315997	9606.ENSP00000391592	LILRB1	PTPN6	9606	0.943	0	0	0	0	0.457	0.9	0.05	LILRB1	PTPN6	0.595700346432159	7.98954127401161e-50	2.23804481202795e-49
9606.ENSP00000315997	9606.ENSP00000399168	LILRB1	HLA-B	9606	0.973	0	0	0	0	0.317	0.5	0.928	LILRB1	HLA-B	0.582200953014556	3.73096590959856e-47	1.0072015227673e-46
9606.ENSP00000315997	9606.ENSP00000365817	LILRB1	HLA-E	9606	0.99	0	0	0	0	0.075	0.5	0.981	LILRB1	HLA-E	0.671817865016315	1.43740687761775e-67	5.23530697902676e-67
9606.ENSP00000315997	9606.ENSP00000365402	LILRB1	HLA-C	9606	0.99	0	0	0	0	0.317	0.5	0.975	LILRB1	HLA-C	0.569120110768841	1.10174509609584e-44	2.85978883588961e-44
9606.ENSP00000315997	9606.ENSP00000497910	LILRB1	B2M	9606	0.993	0	0	0	0	0.953	0.5	0.721	LILRB1	B2M	0.55780255044138	1.23574833175325e-42	3.12738909971971e-42
9606.ENSP00000315997	9606.ENSP00000379873	LILRB1	HLA-A	9606	0.999	0	0	0	0	0.947	0.5	0.979	LILRB1	HLA-A	0.547821893990641	6.84687695144027e-41	1.68392564401246e-40
9606.ENSP00000315997	9606.ENSP00000366024	LILRB1	HLA-G	9606	0.999	0	0	0	0	0.955	0.5	0.982	LILRB1	HLA-G	0.387153497958491	1.6656410511335e-19	2.94735154868288e-19
9606.ENSP00000316338	9606.ENSP00000348461	BAIAP2	RAC1	9606	0.817	0	0	0	0	0.622	0.5	0.11	BAIAP2	RAC1	0.384294547467169	3.21903577194457e-19	5.67425155758452e-19
9606.ENSP00000316338	9606.ENSP00000376367	BAIAP2	WASF1	9606	0.957	0	0	0	0	0.626	0.8	0.48	BAIAP2	WASF1	0.376683196269937	1.80274995859493e-18	3.13190660732546e-18
9606.ENSP00000316338	9606.ENSP00000494689	BAIAP2	EPS8	9606	0.958	0	0	0	0	0.509	0	0.918	BAIAP2	EPS8	0.339283338271715	4.53172079145153e-15	7.37406737984988e-15
9606.ENSP00000317272	9606.ENSP00000362680	MET	SRC	9606	0.909	0	0	0	0	0.457	0.4	0.744	MET	SRC	0.426045772279091	1.09619034006571e-23	2.09664534230338e-23
9606.ENSP00000317272	9606.ENSP00000401303	MET	SHC1	9606	0.91	0	0	0	0	0.365	0.4	0.784	MET	SHC1	0.37528945441128	2.45936974271302e-18	4.26532448693355e-18
9606.ENSP00000317272	9606.ENSP00000352288	MET	PLXNB2	9606	0.936	0	0	0	0	0.292	0.9	0.17	MET	PLXNB2	0.656197296748308	1.6643611041865e-63	5.72011061554314e-63
9606.ENSP00000317272	9606.ENSP00000351338	MET	PLXNB1	9606	0.992	0	0	0	0	0.457	0.9	0.866	MET	PLXNB1	0.369740203834048	8.34566476253699e-18	1.43266773103748e-17
9606.ENSP00000317468	9606.ENSP00000380998	CHMP6	CHMP1A	9606	0.871	0	0	0	0	0.08	0.54	0.72	CHMP6	CHMP1A	0.59308701056441	2.68611853347991e-49	7.46652398949169e-49
9606.ENSP00000317468	9606.ENSP00000469240	CHMP6	CHMP2A	9606	0.998	0	0	0	0	0.204	0.9	0.987	CHMP6	CHMP2A	0.674708682048329	2.38811023767953e-68	8.79930786046668e-68
9606.ENSP00000317891	9606.ENSP00000368022	TNIP1	OPTN	9606	0.729	0	0	0	0	0.564	0	0.404	TNIP1	OPTN	0.588904014625065	1.82842255739077e-48	5.02443765227589e-48
9606.ENSP00000317992	9606.ENSP00000447001	NOC2L	RPL18	9606	0.724	0	0	0	0	0.724	0	0	NOC2L	RPL18	0.523743740833711	6.43964412544688e-37	1.50685289688417e-36
9606.ENSP00000317992	9606.ENSP00000363559	NOC2L	EIF6	9606	0.872	0	0	0	0	0.735	0.54	0	NOC2L	EIF6	0.432974694985026	1.72118951561264e-24	3.33492828781477e-24
9606.ENSP00000318128	9606.ENSP00000341680	BLOC1S4	DTNBP1	9606	0.957	0	0	0	0	0.496	0.9	0.229	BLOC1S4	DTNBP1	0.394406397161455	3.0406319839015e-20	5.45287387683719e-20
9606.ENSP00000318128	9606.ENSP00000359398	BLOC1S4	BLOC1S2	9606	0.978	0	0	0	0	0.23	0.9	0.745	BLOC1S4	BLOC1S2	0.388671072076152	1.17097497958458e-19	2.07785423420497e-19
9606.ENSP00000318351	9606.ENSP00000359151	BCKDHB	DBT	9606	0.954	0	0	0	0	0.586	0.788	0.518	BCKDHB	DBT	0.728977959907792	7.80150986568046e-85	3.84676787626486e-84
9606.ENSP00000318585	9606.ENSP00000438085	BACE1	GGA3	9606	0.716	0	0	0	0	0.457	0.5	0	BACE1	GGA3	0.319543227614687	1.88377021395688e-13	2.97254944242292e-13
9606.ENSP00000318697	9606.ENSP00000439020	TUBB6	TUBA1A	9606	0.96	0	0	0	0	0.476	0.65	0.799	TUBB6	TUBA1A	0.527862817337634	1.4177211437854e-37	3.34059211290654e-37
9606.ENSP00000318697	9606.ENSP00000443475	TUBB6	TUBA1C	9606	0.961	0	0	0	0	0.496	0.65	0.8	TUBB6	TUBA1C	0.470379118657207	3.64094656467115e-29	7.61453024831392e-29
9606.ENSP00000318697	9606.ENSP00000336799	TUBB6	TUBA1B	9606	0.973	0	0	0	0	0.517	0.65	0.855	TUBB6	TUBA1B	0.494372294372294	1.75435998181695e-32	3.85882919478781e-32
9606.ENSP00000318822	9606.ENSP00000365230	BID	BCL2L1	9606	0.983	0	0	0	0	0.967	0.5	0	BID	BCL2L1	0.617179047097256	2.42786465778103e-54	7.30235868235091e-54
9606.ENSP00000319883	9606.ENSP00000356030	ADGRE2	CD55	9606	0.988	0	0	0	0	0.405	0	0.981	ADGRE2	CD55	0.463731870081418	2.7210292920119e-28	5.62323823050989e-28
9606.ENSP00000320147	9606.ENSP00000472929	EZH2	VAV1	9606	0.968	0	0	0	0	0.457	0	0.945	EZH2	VAV1	0.340878715200713	3.31336001730982e-15	5.41068054472897e-15
9606.ENSP00000320171	9606.ENSP00000437955	PKM	HIF1A	9606	0.983	0	0	0	0	0.292	0	0.978	PKM	HIF1A	0.509977674786112	8.73682424828236e-35	1.98560619371341e-34
9606.ENSP00000320295	9606.ENSP00000443475	TUBB3	TUBA1C	9606	0.983	0	0	0	0	0.706	0.65	0.851	TUBB3	TUBA1C	0.56639151492789	3.49576282655868e-44	9.00461514234235e-44
9606.ENSP00000320295	9606.ENSP00000439020	TUBB3	TUBA1A	9606	0.997	0	0	0	0	0.966	0.65	0.79	TUBB3	TUBA1A	0.77462705897919	3.6855927550185e-102	2.62242106155254e-101
9606.ENSP00000320295	9606.ENSP00000336799	TUBB3	TUBA1B	9606	0.999	0	0	0	0	0.967	0.65	0.94	TUBB3	TUBA1B	0.501018704354907	1.89607330715877e-33	4.22565412375163e-33
9606.ENSP00000321537	9606.ENSP00000360672	LLGL1	PARD6B	9606	0.736	0	0	0	0	0.716	0	0.11	LLGL1	PARD6B	0.535936978791047	6.86646656597874e-39	1.64165663314208e-38
9606.ENSP00000322570	9606.ENSP00000450607	POLE	TIMELESS	9606	0.865	0	0	0	0	0.865	0	0	POLE	TIMELESS	0.512797490929217	3.254091328116e-35	7.44233636027977e-35
9606.ENSP00000322570	9606.ENSP00000405726	POLE	CDC45	9606	0.924	0	0	0	0	0.888	0	0.353	POLE	CDC45	0.573292670881995	1.84560790538495e-45	4.85792424211367e-45
9606.ENSP00000322570	9606.ENSP00000368458	POLE	PCNA	9606	0.927	0	0	0	0	0.794	0.5	0.353	POLE	PCNA	0.382714172038322	4.62060435405096e-19	8.11935999553449e-19
9606.ENSP00000322570	9606.ENSP00000480987	POLE	MCM3	9606	0.962	0	0	0	0	0.872	0.72	0	POLE	MCM3	0.477419481078543	4.12020606518252e-30	8.77277882313063e-30
9606.ENSP00000322804	9606.ENSP00000365745	MTSS1	CTTN	9606	0.775	0	0	0	0	0.292	0	0.696	MTSS1	CTTN	-0.454924498661046	3.65587294681979e-27	7.40394765330717e-27
9606.ENSP00000323246	9606.ENSP00000437955	E2F7	HIF1A	9606	0.764	0	0	0	0	0.292	0	0.681	E2F7	HIF1A	0.339505099578281	4.33916831248274e-15	7.06756358430462e-15
9606.ENSP00000324105	9606.ENSP00000495530	ENO3	ENO1	9606	0.861	0	0	0	0	0.711	0.54	0	ENO3	ENO1	0.391203343936878	6.47759354614358e-20	1.15347221928688e-19
9606.ENSP00000324124	9606.ENSP00000324804	POLR2L	PPP2R1A	9606	0.8	0	0	0	0	0.8	0	0	POLR2L	PPP2R1A	0.604303473825643	1.36259336105522e-51	3.9233692735221e-51
9606.ENSP00000324124	9606.ENSP00000498750	POLR2L	CCNH	9606	0.912	0	0	0	0	0.832	0.5	0	POLR2L	CCNH	0.483392314386718	6.23320581541693e-31	1.34472444435796e-30
9606.ENSP00000324124	9606.ENSP00000478303	POLR2L	POLR2E	9606	0.999	0	0	0	0	0.951	0.9	0.908	POLR2L	POLR2E	0.637693272432833	5.39866964537696e-59	1.73960953732242e-58
9606.ENSP00000324422	9606.ENSP00000377941	ZYX	ACTN1	9606	0.966	0	0	0	0	0.457	0.9	0.439	ZYX	ACTN1	0.630958064750574	1.98863575797438e-57	6.27605009332028e-57
9606.ENSP00000324573	9606.ENSP00000498321	FLII	MYD88	9606	0.745	0	0	0	0	0.292	0	0.655	FLII	MYD88	0.588921718258782	1.81374748505106e-48	4.98681985156158e-48
9606.ENSP00000324804	9606.ENSP00000365730	PPP2R1A	STK24	9606	0.789	0	0	0	0	0.734	0	0.24	PPP2R1A	STK24	0.422881946579751	2.51704091429894e-23	4.7781275742733e-23
9606.ENSP00000324804	9606.ENSP00000478303	PPP2R1A	POLR2E	9606	0.829	0	0	0	0	0.829	0	0	PPP2R1A	POLR2E	0.588188880999901	2.5308578643246e-48	6.94338933601852e-48
9606.ENSP00000324806	9606.ENSP00000326366	GSK3B	PSEN1	9606	0.724	0	0	0	0	0.457	0	0.512	GSK3B	PSEN1	0.622253001697685	1.84715831694074e-55	5.69456058830178e-55
9606.ENSP00000324806	9606.ENSP00000379287	GSK3B	YWHAZ	9606	0.776	0	0	0	0	0.46	0	0.603	GSK3B	YWHAZ	0.396728182134984	1.74835484319175e-20	3.15102499170184e-20
9606.ENSP00000324806	9606.ENSP00000451188	GSK3B	GSKIP	9606	0.948	0	0	0	0	0.669	0	0.851	GSK3B	GSKIP	0.407739935484232	1.19293933903042e-21	2.19617180354982e-21
9606.ENSP00000324806	9606.ENSP00000495360	GSK3B	CTNNB1	9606	0.998	0	0	0	0	0.564	0.8	0.982	GSK3B	CTNNB1	0.571935174883948	3.30980085939514e-45	8.68479385253114e-45
9606.ENSP00000325919	9606.ENSP00000363993	PSMG2	PSMB9	9606	0.728	0	0	0	0	0.728	0	0	PSMG2	PSMB9	0.374489436521292	2.93735735270088e-18	5.08384907537248e-18
9606.ENSP00000325919	9606.ENSP00000483688	PSMG2	PSMB3	9606	0.739	0	0	0	0	0.739	0	0	PSMG2	PSMB3	0.654605926431152	4.18503619635924e-63	1.42861660711075e-62
9606.ENSP00000325919	9606.ENSP00000362334	PSMG2	PSMB2	9606	0.82	0	0	0	0	0.82	0	0	PSMG2	PSMB2	0.562771028655661	1.59129061530042e-43	4.0596768647528e-43
9606.ENSP00000325919	9606.ENSP00000359910	PSMG2	PSMA7	9606	0.831	0	0	0	0	0.763	0	0.319	PSMG2	PSMA7	0.472049596263974	2.1810651247261e-29	4.58603843141702e-29
9606.ENSP00000325919	9606.ENSP00000414359	PSMG2	PSMA1	9606	0.865	0	0	0	0	0.865	0	0	PSMG2	PSMA1	0.660840214456228	1.09368123968045e-64	3.80009161507103e-64
9606.ENSP00000326119	9606.ENSP00000365230	PMAIP1	BCL2L1	9606	0.995	0	0	0	0	0.549	0.54	0.982	PMAIP1	BCL2L1	0.696252886158181	1.88780861718569e-74	7.67718954529132e-74
9606.ENSP00000326366	9606.ENSP00000495360	PSEN1	CTNNB1	9606	0.934	0	0	0	0	0.457	0	0.885	PSEN1	CTNNB1	0.487327179922961	1.75983903368885e-31	3.82596719872448e-31
9606.ENSP00000326366	9606.ENSP00000468411	PSEN1	PSENEN	9606	0.999	0	0	0	0	0.972	0.9	0.987	PSEN1	PSENEN	-0.461435988319329	5.39526978412805e-28	1.10728883723748e-27
9606.ENSP00000326366	9606.ENSP00000358105	PSEN1	APH1A	9606	0.999	0	0	0	0	0.974	0.9	0.986	PSEN1	APH1A	0.304578252856342	2.6630574713937e-12	4.08874286730827e-12
9606.ENSP00000327213	9606.ENSP00000362649	NRIP1	HDAC1	9606	0.759	0	0	0	0	0.292	0	0.674	NRIP1	HDAC1	-0.313051211953493	6.05418505374388e-13	9.45020740107691e-13
9606.ENSP00000327959	9606.ENSP00000362649	TGIF1	HDAC1	9606	0.716	0	0	0	0	0.457	0.5	0	TGIF1	HDAC1	-0.365459372024159	2.10790817011266e-17	3.58330222869622e-17
9606.ENSP00000328169	9606.ENSP00000498587	JAG2	NOTCH1	9606	0.998	0	0	0	0	0.52	0.8	0.983	JAG2	NOTCH1	0.497166393657999	6.92612501984634e-33	1.53076743011807e-32
9606.ENSP00000329219	9606.ENSP00000459615	FMNL1	SRGAP2	9606	0.934	0	0	0	0	0.292	0.5	0.829	FMNL1	SRGAP2	0.596139955610468	6.50823245785389e-50	1.82511906897355e-49
9606.ENSP00000329757	9606.ENSP00000449500	ATP6V0C	RNASEK	9606	0.984	0	0	0	0	0.947	0.72	0	ATP6V0C	RNASEK	0.65859772312635	4.09812461020494e-64	1.41614838818489e-63
9606.ENSP00000329757	9606.ENSP00000358777	ATP6V0C	ATP6AP1	9606	0.995	0	0	0	0	0.954	0.9	0.064	ATP6V0C	ATP6AP1	0.446179089958685	4.48003052834218e-26	8.89849801448099e-26
9606.ENSP00000329757	9606.ENSP00000417378	ATP6V0C	ATP6V1F	9606	0.999	0	0	0	0	0.968	0.909	0.68	ATP6V0C	ATP6V1F	0.607577714293168	2.80013755809403e-52	8.14131948643545e-52
9606.ENSP00000331019	9606.ENSP00000377640	RPS27L	RPL24	9606	0.744	0	0	0	0	0.744	0	0	RPS27L	RPL24	0.622011020977874	2.09085425098134e-55	6.43799857316774e-55
9606.ENSP00000331019	9606.ENSP00000470972	RPS27L	RPS19	9606	0.759	0	0	0	0	0.498	0.54	0	RPS27L	RPS19	0.599804700966991	1.16321341651797e-50	3.30229891928418e-50
9606.ENSP00000331019	9606.ENSP00000389351	RPS27L	RPSA	9606	0.804	0	0	0	0	0.592	0.54	0	RPS27L	RPSA	0.312217277628384	7.01930657080406e-13	1.09364557874031e-12
9606.ENSP00000331019	9606.ENSP00000369757	RPS27L	RPS6	9606	0.806	0	0	0	0	0.595	0.54	0	RPS27L	RPS6	0.503334060114086	8.63443219754943e-34	1.93709944511763e-33
9606.ENSP00000331019	9606.ENSP00000426909	RPS27L	RACK1	9606	0.89	0	0	0	0	0.772	0.54	0	RPS27L	RACK1	0.42853676672015	5.66184832061078e-24	1.08785760174592e-23
9606.ENSP00000332118	9606.ENSP00000346671	EPHB3	FYN	9606	0.772	0	0	0	0	0.292	0.5	0.409	EPHB3	FYN	0.556686289746987	1.94925838455531e-42	4.92326418745148e-42
9606.ENSP00000333266	9606.ENSP00000496832	UBA7	ISG15	9606	0.961	0	0	0	0	0.63	0.9	0	UBA7	ISG15	0.47013629934422	3.92158340925943e-29	8.19466768585025e-29
9606.ENSP00000333298	9606.ENSP00000408411	LAMP1	LAMP2	9606	0.968	0	0	0	0	0.734	0	0.888	LAMP1	LAMP2	0.433751418620123	1.39486594138128e-24	2.70783837200609e-24
9606.ENSP00000333769	9606.ENSP00000367123	BSG	SLC3A2	9606	0.909	0	0	0	0	0.308	0.5	0.76	BSG	SLC3A2	0.357030951542359	1.25504451176631e-16	2.10589392538167e-16
9606.ENSP00000333769	9606.ENSP00000419425	BSG	PPIA	9606	0.998	0	0	0	0	0.457	0.9	0.982	BSG	PPIA	0.582261983962371	3.63105577297461e-47	9.81277305314025e-47
9606.ENSP00000336666	9606.ENSP00000403663	AP1S1	AP4M1	9606	0.937	0	0	0	0	0.315	0.9	0.155	AP1S1	AP4M1	0.345475882992026	1.33041741869911e-15	2.19237189615596e-15
9606.ENSP00000336666	9606.ENSP00000465685	AP1S1	AP1M2	9606	0.988	0	0	0	0	0.722	0.9	0.607	AP1S1	AP1M2	0.426465721106272	9.81026554341095e-24	1.87850618410734e-23
9606.ENSP00000336666	9606.ENSP00000388996	AP1S1	AP1M1	9606	0.995	0	0	0	0	0.797	0.9	0.792	AP1S1	AP1M1	0.378886087366501	1.10003083776259e-18	1.92296337534241e-18
9606.ENSP00000336702	9606.ENSP00000463784	EIF5A	RPL26	9606	0.865	0	0	0	0	0.865	0	0	EIF5A	RPL26	0.320605072929653	1.55210011497563e-13	2.45454031936909e-13
9606.ENSP00000336702	9606.ENSP00000375730	EIF5A	RPL13A	9606	0.865	0	0	0	0	0.865	0	0	EIF5A	RPL13A	0.459350500267418	1.00024138555311e-27	2.04123484046517e-27
9606.ENSP00000336702	9606.ENSP00000447001	EIF5A	RPL18	9606	0.869	0	0	0	0	0.869	0	0	EIF5A	RPL18	0.663256946812694	2.60048925382238e-65	9.12968434079625e-65
9606.ENSP00000336702	9606.ENSP00000377640	EIF5A	RPL24	9606	0.869	0	0	0	0	0.869	0	0	EIF5A	RPL24	0.61008948720959	8.21429437624884e-53	2.40626029238233e-52
9606.ENSP00000336702	9606.ENSP00000464342	EIF5A	RPL36	9606	0.869	0	0	0	0	0.869	0	0	EIF5A	RPL36	0.568185079377503	1.63850480439616e-44	4.24216776122834e-44
9606.ENSP00000336702	9606.ENSP00000426909	EIF5A	RACK1	9606	0.87	0	0	0	0	0.87	0	0	EIF5A	RACK1	0.478252483633456	3.1731834246203e-30	6.77347466040257e-30
9606.ENSP00000336702	9606.ENSP00000470972	EIF5A	RPS19	9606	0.889	0	0	0	0	0.889	0	0	EIF5A	RPS19	0.561837208565577	2.34534452071179e-43	5.98039210195613e-43
9606.ENSP00000336702	9606.ENSP00000389351	EIF5A	RPSA	9606	0.891	0	0	0	0	0.89	0	0	EIF5A	RPSA	0.390324591465358	7.95970751086402e-20	1.41540106493712e-19
9606.ENSP00000336702	9606.ENSP00000369757	EIF5A	RPS6	9606	0.903	0	0	0	0	0.902	0	0	EIF5A	RPS6	0.432170390952139	2.13854451142276e-24	4.13724538557848e-24
9606.ENSP00000336740	9606.ENSP00000379287	LIMK1	YWHAZ	9606	0.711	0	0	0	0	0.46	0	0.486	LIMK1	YWHAZ	0.498454845484548	4.49889805606927e-33	9.97367452482666e-33
9606.ENSP00000336740	9606.ENSP00000432660	LIMK1	CFL1	9606	0.988	0	0	0	0	0.943	0.7	0.367	LIMK1	CFL1	0.515863480758014	1.10024783049859e-35	2.53122045224754e-35
9606.ENSP00000336799	9606.ENSP00000443475	TUBA1B	TUBA1C	9606	0.835	0	0	0	0	0.655	0	0.542	TUBA1B	TUBA1C	0.78549904679909	6.71827717487315e-107	5.29404427222481e-106
9606.ENSP00000336799	9606.ENSP00000377793	TUBA1B	PRC1	9606	0.901	0	0	0	0	0.9	0	0.052	TUBA1B	PRC1	0.323747561091513	8.71064316582709e-14	1.38141516538932e-13
9606.ENSP00000336799	9606.ENSP00000439020	TUBA1B	TUBA1A	9606	0.922	0	0	0	0	0.922	0	0	TUBA1B	TUBA1A	0.675079619763218	1.89402027972113e-68	6.99915894456479e-68
9606.ENSP00000337060	9606.ENSP00000376886	NME1	NME2	9606	0.963	0	0	0	0	0.651	0.9	0	NME1	NME2	0.759072925926133	8.00098233735579e-96	4.89443405618899e-95
9606.ENSP00000337060	9606.ENSP00000376889	NME1	NME1-NME2	9606	0.965	0	0	0	0	0.671	0.9	0	NME1	NME1-NME2	0.810678552327282	5.06406626910399e-119	5.69313583453269e-118
9606.ENSP00000337332	9606.ENSP00000384273	SIRT6	RELA	9606	0.938	0	0	0	0	0.457	0	0.892	SIRT6	RELA	0.424131543589141	1.81452312344648e-23	3.45620198852249e-23
9606.ENSP00000337386	9606.ENSP00000361930	ZFP36L1	YWHAB	9606	0.858	0	0	0	0	0.292	0.7	0.388	ZFP36L1	YWHAB	0.308941173620468	1.24940494108741e-12	1.93472286408363e-12
9606.ENSP00000339328	9606.ENSP00000380948	PLAUR	ITGB2	9606	0.796	0	0	0	0	0.292	0	0.724	PLAUR	ITGB2	0.72112667788518	3.30308566763926e-82	1.54868492980417e-81
9606.ENSP00000339328	9606.ENSP00000361850	PLAUR	PLAU	9606	0.999	0	0	0	0	0.96	0.9	0.982	PLAUR	PLAU	0.804538745800046	6.64950542935212e-116	6.86527509532497e-115
9606.ENSP00000339398	9606.ENSP00000364114	HLA-DQA1	HLA-DRB5	9606	0.72	0	0	0	0	0.417	0.54	0	HLA-DQA1	HLA-DRB5	0.825529664767719	4.63548101403307e-127	6.53228369080594e-126
9606.ENSP00000339398	9606.ENSP00000408146	HLA-DQA1	HLA-DPB1	9606	0.878	0	0	0	0	0.353	0.54	0.623	HLA-DQA1	HLA-DPB1	0.909033046161759	2.37684144012101e-193	3.00611021139305e-191
9606.ENSP00000339398	9606.ENSP00000353099	HLA-DQA1	HLA-DRB1	9606	0.978	0	0	0	0	0.32	0.54	0.937	HLA-DQA1	HLA-DRB1	0.938641628137969	1.08198616881409e-234	2.73688401401523e-232
9606.ENSP00000339398	9606.ENSP00000364080	HLA-DQA1	HLA-DQB1	9606	0.999	0	0	0	0	0.975	0.54	0.918	HLA-DQA1	HLA-DQB1	0.857308898591722	3.73828413999893e-147	1.03344150077894e-145
9606.ENSP00000339467	9606.ENSP00000463939	RHOG	ARHGDIA	9606	0.921	0	0	0	0	0.772	0.5	0.369	RHOG	ARHGDIA	0.645220205250339	8.61067605450757e-61	2.84157926678107e-60
9606.ENSP00000339881	9606.ENSP00000483814	MIOS	NPRL3	9606	0.978	0	0	0	0	0.789	0.9	0	MIOS	NPRL3	-0.545621984558704	1.62919380949053e-40	3.98746564209607e-40
9606.ENSP00000340454	9606.ENSP00000400175	RAP1GDS1	RHOA	9606	0.822	0	0	0	0	0.71	0	0.411	RAP1GDS1	RHOA	0.433842359391219	1.36090508632333e-24	2.64292469547399e-24
9606.ENSP00000340883	9606.ENSP00000343896	SMARCB1	SMARCA4	9606	0.999	0	0	0	0	0.961	0.9	0.987	SMARCB1	SMARCA4	0.310319727624936	9.81096793891409e-13	1.52297289975349e-12
9606.ENSP00000340989	9606.ENSP00000379287	SFN	YWHAZ	9606	0.81	0	0	0	0	0.636	0.5	0	SFN	YWHAZ	0.54420392349794	2.83909204667137e-40	6.91191851015904e-40
9606.ENSP00000340989	9606.ENSP00000384273	SFN	RELA	9606	0.9	0	0	0	0	0.9	0	0	SFN	RELA	0.618758397578888	1.09445367611239e-54	3.31746024412978e-54
9606.ENSP00000340989	9606.ENSP00000361027	SFN	AMOT	9606	0.915	0	0	0	0	0.9	0	0.185	SFN	AMOT	0.634465154589993	3.07492356265418e-58	9.83936641585548e-58
9606.ENSP00000341189	9606.ENSP00000379350	PTK2	ITGB1	9606	0.936	0	0	0	0	0.457	0.8	0.465	PTK2	ITGB1	0.532441442902054	2.5723237131349e-38	6.10670373756426e-38
9606.ENSP00000341208	9606.ENSP00000384053	STAT5A	CSF2RB	9606	0.7	0	0	0	0	0.292	0.5	0.221	STAT5A	CSF2RB	0.444768017174388	6.66720354269875e-26	1.32064928435838e-25
9606.ENSP00000341208	9606.ENSP00000380073	STAT5A	IRF9	9606	0.916	0	0	0	0	0.074	0.9	0.166	STAT5A	IRF9	0.343498200751752	1.97365086680677e-15	3.24178562830372e-15
9606.ENSP00000341208	9606.ENSP00000354394	STAT5A	STAT1	9606	0.923	0	0	0	0	0.387	0.4	0.809	STAT5A	STAT1	0.536193961011008	6.22729307769419e-39	1.49024955913221e-38
9606.ENSP00000341208	9606.ENSP00000432511	STAT5A	JAK3	9606	0.923	0	0	0	0	0.457	0.5	0.739	STAT5A	JAK3	0.520937528535462	1.78448260628337e-36	4.14685232208891e-36
9606.ENSP00000341208	9606.ENSP00000499900	STAT5A	JAK1	9606	0.949	0	0	0	0	0.292	0.5	0.869	STAT5A	JAK1	0.335828986625371	8.87242370146355e-15	1.43542025921663e-14
9606.ENSP00000341680	9606.ENSP00000359398	DTNBP1	BLOC1S2	9606	0.997	0	0	0	0	0.57	0.9	0.95	DTNBP1	BLOC1S2	0.335129972624592	1.01541097437786e-14	1.64015457195964e-14
9606.ENSP00000343325	9606.ENSP00000345083	PKN1	MAP2K3	9606	0.961	0	0	0	0	0.292	0	0.948	PKN1	MAP2K3	0.392916030733508	4.32749695764601e-20	7.72778224805195e-20
9606.ENSP00000343657	9606.ENSP00000365462	MCCC2	PCCA	9606	0.895	0	0	0	0	0.554	0.712	0.251	MCCC2	PCCA	0.466205813127897	1.29379748887933e-28	2.68691358630564e-28
9606.ENSP00000343657	9606.ENSP00000498994	MCCC2	PC	9606	0.924	0	0	0	0	0.329	0.891	0	MCCC2	PC	-0.383353459569559	3.99303798054777e-19	7.02635796298823e-19
9606.ENSP00000343658	9606.ENSP00000347427	MAP4K4	MINK1	9606	0.741	0	0	0	0	0.608	0	0.368	MAP4K4	MINK1	0.304557753912037	2.67246441156556e-12	4.10194097636837e-12
9606.ENSP00000343896	9606.ENSP00000458162	SMARCA4	ACTG1	9606	0.799	0	0	0	0	0.247	0.65	0.299	SMARCA4	ACTG1	0.537988270876777	3.14048142233513e-39	7.54401496466925e-39
9606.ENSP00000343896	9606.ENSP00000495360	SMARCA4	CTNNB1	9606	0.994	0	0	0	0	0.457	0.5	0.98	SMARCA4	CTNNB1	0.3343737479338	1.17454529221584e-14	1.89357062884638e-14
9606.ENSP00000343957	9606.ENSP00000354394	IFNAR2	STAT1	9606	0.934	0	0	0	0	0.457	0.5	0.777	IFNAR2	STAT1	0.646005967056333	5.55250304138457e-61	1.83956207507299e-60
9606.ENSP00000344468	9606.ENSP00000365745	SDC3	CTTN	9606	0.856	0	0	0	0	0.292	0	0.805	SDC3	CTTN	0.455028018329783	3.54747664429824e-27	7.18729849559662e-27
9606.ENSP00000345361	9606.ENSP00000458162	ARPC5L	ACTG1	9606	0.958	0	0	0	0	0.26	0.9	0.483	ARPC5L	ACTG1	0.508876881476967	1.28148100911678e-34	2.90718045969586e-34
9606.ENSP00000345361	9606.ENSP00000388169	ARPC5L	ARPC4	9606	0.998	0	0	0	0	0.982	0.9	0.349	ARPC5L	ARPC4	0.566087478313049	3.97309571667904e-44	1.02237493543638e-43
9606.ENSP00000345361	9606.ENSP00000389631	ARPC5L	ARPC1B	9606	0.999	0	0	0	0	0.981	0.9	0.754	ARPC5L	ARPC1B	0.558938098778822	7.75890598700375e-43	1.96950854933527e-42
9606.ENSP00000345571	9606.ENSP00000384849	E2F1	CDKN1A	9606	0.71	0	0	0	0	0.226	0	0.641	E2F1	CDKN1A	0.40419268634938	2.86409023735174e-21	5.23840654763646e-21
9606.ENSP00000345571	9606.ENSP00000355249	E2F1	E2F2	9606	0.989	0	0	0	0	0.55	0.9	0.779	E2F1	E2F2	0.5390337170363	2.10353051563674e-39	5.06027621426833e-39
9606.ENSP00000346032	9606.ENSP00000497733	ANXA2	CDC42	9606	0.797	0	0	0	0	0.165	0	0.768	ANXA2	CDC42	0.470629671662818	3.37219764099262e-29	7.05539613969465e-29
9606.ENSP00000346032	9606.ENSP00000357704	ANXA2	S100A4	9606	0.997	0	0	0	0	0.9	0	0.975	ANXA2	S100A4	0.679062098756459	1.53888010423881e-69	5.79255539236917e-69
9606.ENSP00000346032	9606.ENSP00000357801	ANXA2	S100A10	9606	0.999	0	0	0	0	0.96	0.9	0.982	ANXA2	S100A10	0.924932865957403	1.95361405027372e-213	3.9533333921339e-211
9606.ENSP00000346206	9606.ENSP00000379873	TAP1	HLA-A	9606	0.943	0	0	0	0	0.457	0.9	0	TAP1	HLA-A	0.900396654572289	6.18769285448305e-184	6.66032726613399e-182
9606.ENSP00000346206	9606.ENSP00000497910	TAP1	B2M	9606	0.943	0	0	0	0	0.457	0.9	0	TAP1	B2M	0.899217778920749	1.022075878743e-182	1.07722538970018e-180
9606.ENSP00000346206	9606.ENSP00000404833	TAP1	TAPBP	9606	0.96	0	0	0	0	0.457	0.9	0.338	TAP1	TAPBP	0.565219441198778	5.7215745292887e-44	1.46856649130753e-43
9606.ENSP00000346206	9606.ENSP00000364032	TAP1	TAP2	9606	0.999	0	0	0	0	0.952	0.9	0.98	TAP1	TAP2	0.871635238057967	7.04843501939156e-158	2.85264262104815e-156
9606.ENSP00000346671	9606.ENSP00000380638	FYN	PTK2B	9606	0.727	0	0	0	0	0.457	0	0.518	FYN	PTK2B	0.446777193247275	3.78313206530727e-26	7.52609717592979e-26
9606.ENSP00000346671	9606.ENSP00000401303	FYN	SHC1	9606	0.959	0	0	0	0	0.292	0.8	0.735	FYN	SHC1	0.421358688663897	3.74405691738664e-23	7.08611445756042e-23
9606.ENSP00000346671	9606.ENSP00000497806	FYN	DLG4	9606	0.988	0	0	0	0	0.457	0	0.98	FYN	DLG4	0.385708415562053	2.32576984637846e-19	4.10683059435555e-19
9606.ENSP00000346671	9606.ENSP00000362680	FYN	SRC	9606	0.998	0	0	0	0	0.897	0.9	0.845	FYN	SRC	0.465860312739348	1.43586954801266e-28	2.98074027221832e-28
9606.ENSP00000346839	9606.ENSP00000361405	FN1	MMP9	9606	0.771	0	0	0	0	0.359	0	0.658	FN1	MMP9	0.492059268038605	3.76225886502371e-32	8.24307821487872e-32
9606.ENSP00000346839	9606.ENSP00000362108	FN1	LCN2	9606	0.919	0	0	0	0	0.9	0	0.226	FN1	LCN2	0.776962168266516	3.72598979883106e-103	2.70054189001237e-102
9606.ENSP00000346839	9606.ENSP00000416330	FN1	TGFBI	9606	0.96	0	0	0	0	0.292	0	0.946	FN1	TGFBI	0.376287287113805	1.96932958760987e-18	3.41895620580587e-18
9606.ENSP00000346839	9606.ENSP00000368678	FN1	AGRN	9606	0.966	0	0	0	0	0.292	0	0.954	FN1	AGRN	0.449203616013775	1.89872478114124e-26	3.80271126991034e-26
9606.ENSP00000346839	9606.ENSP00000355330	FN1	TGM2	9606	0.983	0	0	0	0	0.457	0	0.97	FN1	TGM2	0.755603293248579	1.78327839808898e-94	1.06011814523292e-93
9606.ENSP00000346839	9606.ENSP00000379350	FN1	ITGB1	9606	0.999	0	0	0	0	0.952	0.5	0.982	FN1	ITGB1	0.539124471453356	2.03147329825414e-39	4.88925947472297e-39
9606.ENSP00000347032	9606.ENSP00000365757	PIP4K2C	PIP4K2A	9606	0.954	0	0	0	0	0.568	0.9	0	PIP4K2C	PIP4K2A	0.418355686500327	8.14245109694043e-23	1.53132565425359e-22
9606.ENSP00000347184	9606.ENSP00000368022	HTT	OPTN	9606	0.987	0	0	0	0	0.457	0	0.978	HTT	OPTN	0.441554900831698	1.63722877517035e-25	3.22160263461174e-25
9606.ENSP00000347232	9606.ENSP00000493712	BLM	RAD51	9606	0.797	0	0	0	0	0.457	0.5	0.314	BLM	RAD51	0.664658981426093	1.12322981677022e-65	3.95711674306446e-65
9606.ENSP00000348056	9606.ENSP00000376765	UBE2I	PIAS3	9606	0.753	0	0	0	0	0.575	0	0.443	UBE2I	PIAS3	0.411642189063627	4.49665786424791e-22	8.32976643545594e-22
9606.ENSP00000348069	9606.ENSP00000357283	SREBF1	LMNA	9606	0.819	0	0	0	0	0.576	0	0.592	SREBF1	LMNA	0.569072963196941	1.12405005990838e-44	2.91618936055205e-44
9606.ENSP00000348461	9606.ENSP00000497733	RAC1	CDC42	9606	0.798	0	0	0	0	0.165	0.7	0.259	RAC1	CDC42	0.477533157042412	3.97611438805382e-30	8.46954218491127e-30
9606.ENSP00000348461	9606.ENSP00000432472	RAC1	BRK1	9606	0.931	0	0	0	0	0.869	0.5	0	RAC1	BRK1	0.331992795552847	1.85270292170431e-14	2.97644461127408e-14
9606.ENSP00000348461	9606.ENSP00000463939	RAC1	ARHGDIA	9606	0.943	0	0	0	0	0.7	0.7	0.418	RAC1	ARHGDIA	0.513897538822205	2.20806307882979e-35	5.05456611574655e-35
9606.ENSP00000348554	9606.ENSP00000349957	CDC16	ANAPC11	9606	0.997	0	0	0	0	0.922	0.9	0.69	CDC16	ANAPC11	0.321548769783811	1.30584140203672e-13	2.06639088298522e-13
9606.ENSP00000348632	9606.ENSP00000381698	RBCK1	SHARPIN	9606	0.999	0	0	0	0	0.761	0.9	0.982	RBCK1	SHARPIN	0.569794619213474	8.26794423023003e-45	2.15494744259319e-44
9606.ENSP00000349041	9606.ENSP00000498587	NRARP	NOTCH1	9606	0.93	0	0	0	0	0.9	0	0.334	NRARP	NOTCH1	0.57447909387212	1.10528459213774e-45	2.91686737173959e-45
9606.ENSP00000349436	9606.ENSP00000362680	ADAM15	SRC	9606	0.718	0	0	0	0	0.457	0	0.503	ADAM15	SRC	0.512538365637806	3.56461630638798e-35	8.1451643604412e-35
9606.ENSP00000349437	9606.ENSP00000438085	IGF2R	GGA3	9606	0.972	0	0	0	0	0.96	0	0.344	IGF2R	GGA3	0.474246710385324	1.10685484114746e-29	2.34096097047031e-29
9606.ENSP00000349486	9606.ENSP00000367629	SCRIB	ARHGEF16	9606	0.715	0	0	0	0	0.129	0	0.687	SCRIB	ARHGEF16	0.388951348551004	1.09697592112552e-19	1.94722848595579e-19
9606.ENSP00000349486	9606.ENSP00000378338	SCRIB	GIT1	9606	0.924	0	0	0	0	0.457	0	0.866	SCRIB	GIT1	0.460839189509013	6.440519280027e-28	1.32020206797636e-27
9606.ENSP00000351209	9606.ENSP00000428924	EPHA2	LYN	9606	0.752	0	0	0	0	0.09	0	0.739	EPHA2	LYN	0.385798610916992	2.27791988936287e-19	4.0237418716085e-19
9606.ENSP00000351209	9606.ENSP00000414378	EPHA2	EFNA4	9606	0.977	0	0	0	0	0.097	0.5	0.953	EPHA2	EFNA4	0.360073553939245	6.63144021410182e-17	1.11940126937408e-16
9606.ENSP00000351255	9606.ENSP00000380073	STAT4	IRF9	9606	0.941	0	0	0	0	0.128	0.9	0.383	STAT4	IRF9	0.631543495964503	1.45864103704658e-57	4.61781289513057e-57
9606.ENSP00000351255	9606.ENSP00000354394	STAT4	STAT1	9606	0.993	0	0	0	0	0.457	0.9	0.882	STAT4	STAT1	0.641990410221146	5.15715973872138e-60	1.68431705088389e-59
9606.ENSP00000351273	9606.ENSP00000392330	CASP8	BCAP31	9606	0.821	0	0	0	0	0.457	0	0.685	CASP8	BCAP31	-0.39442037371439	3.03055930580347e-20	5.43673742129779e-20
9606.ENSP00000351273	9606.ENSP00000374455	CASP8	SQSTM1	9606	0.907	0	0	0	0	0.457	0	0.836	CASP8	SQSTM1	-0.317728325627594	2.61828036011857e-13	4.12130688918476e-13
9606.ENSP00000351273	9606.ENSP00000358327	CASP8	CASP7	9606	0.948	0	0	0	0	0.628	0.54	0.723	CASP8	CASP7	0.408163890923254	1.07362444147801e-21	1.97795558974408e-21
9606.ENSP00000351273	9606.ENSP00000433138	CASP8	CASP1	9606	0.994	0	0	0	0	0.544	0.54	0.977	CASP8	CASP1	0.412973688673215	3.21387591727141e-22	5.97098724402352e-22
9606.ENSP00000351273	9606.ENSP00000498466	CASP8	FAS	9606	0.999	0	0	0	0	0.593	0.9	0.979	CASP8	FAS	0.427797127538841	6.89292271591026e-24	1.32389126878474e-23
9606.ENSP00000351314	9606.ENSP00000372155	PSMB10	PSME1	9606	0.838	0	0	0	0	0.47	0	0.708	PSMB10	PSME1	0.835630612750716	5.6172195404615e-133	9.73202522438175e-132
9606.ENSP00000351314	9606.ENSP00000359910	PSMB10	PSMA7	9606	0.97	0	0	0	0	0.87	0.72	0.253	PSMB10	PSMA7	0.459701218569062	9.01879733396999e-28	1.84422375555999e-27
9606.ENSP00000351314	9606.ENSP00000362334	PSMB10	PSMB2	9606	0.979	0	0	0	0	0.894	0.72	0.362	PSMB10	PSMB2	0.571843861404774	3.44209145012268e-45	9.02723724529323e-45
9606.ENSP00000351314	9606.ENSP00000414359	PSMB10	PSMA1	9606	0.993	0	0	0	0	0.97	0.72	0.292	PSMB10	PSMA1	0.456281249242937	2.46216616712818e-27	5.0004410435574e-27
9606.ENSP00000351314	9606.ENSP00000483688	PSMB10	PSMB3	9606	0.996	0	0	0	0	0.985	0.72	0.149	PSMB10	PSMB3	0.613686120164811	1.39176148937387e-53	4.1271520367775e-53
9606.ENSP00000351314	9606.ENSP00000364016	PSMB10	PSMB8	9606	0.999	0	0	0	0	0.963	0.72	0.984	PSMB10	PSMB8	0.777855456353089	1.53923445634357e-103	1.13182952247705e-102
9606.ENSP00000351314	9606.ENSP00000363993	PSMB10	PSMB9	9606	0.999	0	0	0	0	0.972	0.72	0.984	PSMB10	PSMB9	0.789554110690572	9.73169879187543e-109	8.12420201123726e-108
9606.ENSP00000351490	9606.ENSP00000473172	MAX	RUVBL2	9606	0.94	0	0	0	0	0.427	0.9	0	MAX	RUVBL2	0.348809849929092	6.79947918614676e-16	1.12634463663119e-15
9606.ENSP00000351908	9606.ENSP00000379287	MAP3K5	YWHAZ	9606	0.844	0	0	0	0	0.457	0	0.724	MAP3K5	YWHAZ	0.542976968504304	4.58093784468143e-40	1.11150909142654e-39
9606.ENSP00000351926	9606.ENSP00000406209	AP2A1	EPN1	9606	0.71	0	0	0	0	0.357	0.54	0.1	AP2A1	EPN1	0.474226677326118	1.11374623756122e-29	2.35356817703518e-29
9606.ENSP00000352608	9606.ENSP00000499797	RYR1	CALM2	9606	0.921	0	0	0	0	0.921	0	0	RYR1	CALM2	0.546186823651309	1.30489351827807e-40	3.19993034850642e-40
9606.ENSP00000353013	9606.ENSP00000361097	CLEC14A	MMRN2	9606	0.742	0	0	0	0	0.292	0	0.651	CLEC14A	MMRN2	0.87337298947286	2.88304470295713e-159	1.24660881643249e-157
9606.ENSP00000353030	9606.ENSP00000495360	PTPRF	CTNNB1	9606	0.749	0	0	0	0	0.457	0	0.557	PTPRF	CTNNB1	0.580532152594141	7.81977734650043e-47	2.09868719341887e-46
9606.ENSP00000353099	9606.ENSP00000495530	HLA-DRB1	ENO1	9606	0.9	0	0	0	0	0.9	0	0	HLA-DRB1	ENO1	0.440683229813665	2.08564568045499e-25	4.09758504754244e-25
9606.ENSP00000353099	9606.ENSP00000364076	HLA-DRB1	HLA-DQA2	9606	0.901	0	0	0	0	0.32	0.54	0.709	HLA-DRB1	HLA-DQA2	0.755601802416266	1.78563842852505e-94	1.06027521243054e-93
9606.ENSP00000353099	9606.ENSP00000364114	HLA-DRB1	HLA-DRB5	9606	0.907	0	0	0	0	0.641	0.54	0.484	HLA-DRB1	HLA-DRB5	0.881968103642662	1.89701337963755e-166	1.21480894779574e-164
9606.ENSP00000353099	9606.ENSP00000408146	HLA-DRB1	HLA-DPB1	9606	0.909	0	0	0	0	0.131	0.9	0	HLA-DRB1	HLA-DPB1	0.954459824864474	2.24177375556534e-266	1.26012593660056e-263
9606.ENSP00000353099	9606.ENSP00000365817	HLA-DRB1	HLA-E	9606	0.913	0	0	0	0	0.166	0.9	0	HLA-DRB1	HLA-E	0.752325046169213	3.19383624708185e-93	1.85506516348875e-92
9606.ENSP00000353099	9606.ENSP00000365402	HLA-DRB1	HLA-C	9606	0.936	0	0	0	0	0.134	0.9	0.323	HLA-DRB1	HLA-C	0.829744434070736	1.75704776998328e-129	2.67738092420043e-128
9606.ENSP00000353099	9606.ENSP00000393566	HLA-DRB1	HLA-DPA1	9606	0.936	0	0	0	0	0.081	0.9	0.369	HLA-DRB1	HLA-DPA1	0.946610872267351	1.91760666177198e-249	8.08431008492038e-247
9606.ENSP00000353099	9606.ENSP00000363976	HLA-DRB1	HLA-DMA	9606	0.991	0	0	0	0	0.92	0.9	0	HLA-DRB1	HLA-DMA	0.939146088521895	1.44776261097386e-235	3.8548584467983e-233
9606.ENSP00000353099	9606.ENSP00000398890	HLA-DRB1	HLA-DMB	9606	0.994	0	0	0	0	0.946	0.9	0	HLA-DRB1	HLA-DMB	0.576424816394683	4.74607299485953e-46	1.25906572003117e-45
9606.ENSP00000353099	9606.ENSP00000378786	HLA-DRB1	HLA-DRA	9606	0.999	0	0	0	0	0.973	0.9	0.953	HLA-DRB1	HLA-DRA	0.957333683678927	2.45430348079382e-273	1.55204016366699e-270
9606.ENSP00000353408	9606.ENSP00000498227	MSN	SELL	9606	0.814	0	0	0	0	0.292	0	0.749	MSN	SELL	0.364663360746012	2.50042050317836e-17	4.24626630600178e-17
9606.ENSP00000353475	9606.ENSP00000360269	CLDN7	TACSTD2	9606	0.926	0	0	0	0	0.411	0	0.88	CLDN7	TACSTD2	0.566530255510023	3.29728759081517e-44	8.49769634331836e-44
9606.ENSP00000353590	9606.ENSP00000464359	MYH10	MYL12A	9606	0.958	0	0	0	0	0.565	0.9	0.124	MYH10	MYL12A	0.304919001216892	2.51134881106168e-12	3.86402482821199e-12
9606.ENSP00000353654	9606.ENSP00000364979	COL4A2	COL4A1	9606	0.999	0	0	0	0	0.948	0.9	0.956	COL4A2	COL4A1	0.944147365047064	1.18213458183295e-244	3.51789344087816e-242
9606.ENSP00000354394	9606.ENSP00000362680	STAT1	SRC	9606	0.728	0	0	0	0	0.457	0.5	0.082	STAT1	SRC	0.314213036210453	4.92291481803259e-13	7.70099754620497e-13
9606.ENSP00000354394	9606.ENSP00000362649	STAT1	HDAC1	9606	0.943	0	0	0	0	0.292	0	0.923	STAT1	HDAC1	-0.434850162034837	1.03510016278806e-24	2.01639265442619e-24
9606.ENSP00000354394	9606.ENSP00000356713	STAT1	IFNGR1	9606	0.944	0	0	0	0	0.618	0.5	0.734	STAT1	IFNGR1	0.570134528980848	7.15246514391246e-45	1.86805994646635e-44
9606.ENSP00000354394	9606.ENSP00000499900	STAT1	JAK1	9606	0.992	0	0	0	0	0.457	0.4	0.978	STAT1	JAK1	0.542301900997553	5.95534743153598e-40	1.44153601225553e-39
9606.ENSP00000354394	9606.ENSP00000380073	STAT1	IRF9	9606	0.999	0	0	0	0	0.569	0.9	0.985	STAT1	IRF9	0.671089407077354	2.25226531037935e-67	8.18549583707554e-67
9606.ENSP00000354488	9606.ENSP00000498577	TNNI1	TPM3	9606	0.745	0	0	0	0	0.082	0.5	0.49	TNNI1	TPM3	0.393127076682824	4.11698814777707e-20	7.35446435014273e-20
9606.ENSP00000355124	9606.ENSP00000373489	KRT19	KRT18	9606	0.858	0	0	0	0	0.166	0.4	0.74	KRT19	KRT18	0.602674087284505	2.97424782818721e-51	8.52988648684755e-51
9606.ENSP00000355231	9606.ENSP00000365230	BECN1	BCL2L1	9606	0.996	0	0	0	0	0.733	0	0.985	BECN1	BCL2L1	0.393273271426521	3.97711574767095e-20	7.10962140193192e-20
9606.ENSP00000355231	9606.ENSP00000431926	BECN1	AMBRA1	9606	0.996	0	0	0	0	0.483	0.5	0.987	BECN1	AMBRA1	0.343474813319841	1.98284415639486e-15	3.25582881765713e-15
9606.ENSP00000355718	9606.ENSP00000498587	DLL1	NOTCH1	9606	0.998	0	0	0	0	0.503	0.8	0.983	DLL1	NOTCH1	0.498543550007175	4.36692954256089e-33	9.69385544353469e-33
9606.ENSP00000355747	9606.ENSP00000479860	PSEN2	CIB1	9606	0.943	0	0	0	0	0.292	0	0.924	PSEN2	CIB1	0.322848961914825	1.02821929100967e-13	1.62911412252362e-13
9606.ENSP00000355747	9606.ENSP00000468411	PSEN2	PSENEN	9606	0.999	0	0	0	0	0.972	0.8	0.987	PSEN2	PSENEN	0.364081749789886	2.83184075180946e-17	4.80264242822797e-17
9606.ENSP00000355958	9606.ENSP00000368458	DTL	PCNA	9606	0.979	0	0	0	0	0.96	0.5	0	DTL	PCNA	0.694320022064318	7.00590401573891e-74	2.82864073548469e-73
9606.ENSP00000355966	9606.ENSP00000361540	NEK2	CDC20	9606	0.861	0	0	0	0	0.734	0.5	0	NEK2	CDC20	0.592309261982099	3.8451975414214e-49	1.06590982805758e-48
9606.ENSP00000356070	9606.ENSP00000396467	MAPKAPK2	MAPKAPK3	9606	0.963	0	0	0	0	0.652	0.9	0	MAPKAPK2	MAPKAPK3	0.573850335344093	1.45074517144832e-45	3.82455436287496e-45
9606.ENSP00000356205	9606.ENSP00000367872	ADORA1	GNB1	9606	0.9	0	0	0	0	0.9	0	0	ADORA1	GNB1	0.302603645457713	3.73546373640304e-12	5.71445752720381e-12
9606.ENSP00000356224	9606.ENSP00000357283	SYNE1	LMNA	9606	0.969	0	0	0	0	0.457	0.8	0.743	SYNE1	LMNA	-0.520124372685716	2.39336878931158e-36	5.55670156270183e-36
9606.ENSP00000356505	9606.ENSP00000497733	NCF2	CDC42	9606	0.708	0	0	0	0	0.576	0	0.34	NCF2	CDC42	0.383779278548973	3.62242491831728e-19	6.3786452007543e-19
9606.ENSP00000356505	9606.ENSP00000367851	NCF2	CYBB	9606	0.997	0	0	0	0	0.292	0.8	0.982	NCF2	CYBB	0.912817151280345	8.90572843547868e-198	1.36527515621475e-195
9606.ENSP00000356505	9606.ENSP00000380334	NCF2	NCF4	9606	0.999	0	0	0	0	0.7	0.9	0.985	NCF2	NCF4	0.858792276743202	3.2938821515387e-148	9.36165719361477e-147
9606.ENSP00000356713	9606.ENSP00000499900	IFNGR1	JAK1	9606	0.998	0	0	0	0	0.457	0.9	0.982	IFNGR1	JAK1	0.446812786868749	3.74521769155712e-26	7.4565353410419e-26
9606.ENSP00000356946	9606.ENSP00000433642	FCGR3A	FCGR3B	9606	0.964	0	0	0	0	0.421	0.9	0.431	FCGR3A	FCGR3B	0.910683770240378	2.94695734191295e-195	4.02936680884801e-193
9606.ENSP00000356946	9606.ENSP00000358165	FCGR3A	FCGR1A	9606	0.967	0	0	0	0	0.393	0	0.948	FCGR3A	FCGR1A	0.807361170899698	2.53099780343991e-117	2.7185388296396e-116
9606.ENSP00000357113	9606.ENSP00000433138	IFI16	CASP1	9606	0.749	0	0	0	0	0.292	0	0.661	IFI16	CASP1	0.697059985501656	1.08843981634978e-74	4.44783281980091e-74
9606.ENSP00000357152	9606.ENSP00000497910	CD1C	B2M	9606	0.998	0	0	0	0	0.921	0.9	0.767	CD1C	B2M	0.585691791448569	7.82585475923228e-48	2.13543685150788e-47
9606.ENSP00000357288	9606.ENSP00000483814	LAMTOR2	NPRL3	9606	0.8	0	0	0	0	0.8	0	0	LAMTOR2	NPRL3	0.646056934886035	5.3964682920919e-61	1.78903886564174e-60
9606.ENSP00000358081	9606.ENSP00000374455	BAG3	SQSTM1	9606	0.792	0	0	0	0	0.457	0	0.634	BAG3	SQSTM1	0.423703302007219	2.03019202757903e-23	3.86118100282794e-23
9606.ENSP00000358105	9606.ENSP00000498587	APH1A	NOTCH1	9606	0.878	0	0	0	0	0.8	0	0.417	APH1A	NOTCH1	-0.417388043152141	1.04413498393251e-22	1.96075682394749e-22
9606.ENSP00000358335	9606.ENSP00000498321	MAP3K7	MYD88	9606	0.938	0	0	0	0	0.254	0	0.921	MAP3K7	MYD88	0.304583936654535	2.66045492146185e-12	4.08598708186871e-12
9606.ENSP00000358777	9606.ENSP00000417378	ATP6AP1	ATP6V1F	9606	0.957	0	0	0	0	0.91	0.54	0	ATP6AP1	ATP6V1F	0.380684776552189	7.32862722245606e-19	1.2837785705819e-18
9606.ENSP00000358777	9606.ENSP00000449500	ATP6AP1	RNASEK	9606	0.991	0	0	0	0	0.947	0.54	0.666	ATP6AP1	RNASEK	0.517613252008431	5.89617283948864e-36	1.36142119557157e-35
9606.ENSP00000358866	9606.ENSP00000360609	FLNA	HSP90AB1	9606	0.709	0	0	0	0	0.623	0	0.261	FLNA	HSP90AB1	0.397066414716006	1.61235043873753e-20	2.91005382432149e-20
9606.ENSP00000358866	9606.ENSP00000380948	FLNA	ITGB2	9606	0.75	0	0	0	0	0.422	0	0.586	FLNA	ITGB2	0.527264807226064	1.76837381106749e-37	4.16102470241416e-37
9606.ENSP00000358866	9606.ENSP00000379350	FLNA	ITGB1	9606	0.965	0	0	0	0	0.552	0.65	0.8	FLNA	ITGB1	0.618717865575377	1.11712651891265e-54	3.38415752046654e-54
9606.ENSP00000358866	9606.ENSP00000369497	FLNA	BRCA2	9606	0.972	0	0	0	0	0.292	0	0.963	FLNA	BRCA2	0.493255101907706	2.53785539900216e-32	5.56524077310442e-32
9606.ENSP00000358983	9606.ENSP00000384273	NFKB2	RELA	9606	0.999	0	0	0	0	0.617	0.9	0.982	NFKB2	RELA	0.580399002633182	8.29385245263464e-47	2.22238345115883e-46
9606.ENSP00000358994	9606.ENSP00000368022	MYO6	OPTN	9606	0.836	0	0	0	0	0.457	0	0.711	MYO6	OPTN	0.526381489080585	2.44907022264696e-37	5.75201776061789e-37
9606.ENSP00000359151	9606.ENSP00000363216	DBT	OGDHL	9606	0.784	0	0	0	0	0.223	0.689	0.181	DBT	OGDHL	0.575136271391114	8.31276292640959e-46	2.19719266691254e-45
9606.ENSP00000359151	9606.ENSP00000388183	DBT	OGDH	9606	0.784	0	0	0	0	0.223	0.689	0.181	DBT	OGDH	0.595177902883456	1.01902151008561e-49	2.84976772776289e-49
9606.ENSP00000359910	9606.ENSP00000478877	PSMA7	ADRM1	9606	0.835	0	0	0	0	0.659	0.5	0.11	PSMA7	ADRM1	0.678387497134807	2.36095146887745e-69	8.85400554562716e-69
9606.ENSP00000359910	9606.ENSP00000481029	PSMA7	PSMC3	9606	0.945	0	0	0	0	0.945	0	0	PSMA7	PSMC3	0.512274767849456	3.91060720112354e-35	8.92366343278483e-35
9606.ENSP00000359910	9606.ENSP00000372155	PSMA7	PSME1	9606	0.976	0	0	0	0	0.964	0	0.359	PSMA7	PSME1	0.510829499098978	6.48939263513374e-35	1.47682579132441e-34
9606.ENSP00000359910	9606.ENSP00000363993	PSMA7	PSMB9	9606	0.992	0	0	0	0	0.963	0.72	0.279	PSMA7	PSMB9	0.357919021715836	1.0425605493058e-16	1.7540119118517e-16
9606.ENSP00000359910	9606.ENSP00000364016	PSMA7	PSMB8	9606	0.994	0	0	0	0	0.977	0.72	0.22	PSMA7	PSMB8	0.44336355995848	9.88546449835095e-26	1.95125106894879e-25
9606.ENSP00000359910	9606.ENSP00000414359	PSMA7	PSMA1	9606	0.998	0	0	0	0	0.97	0.9	0.645	PSMA7	PSMA1	0.640142616746147	1.42219535159187e-59	4.62099311734313e-59
9606.ENSP00000359910	9606.ENSP00000362334	PSMA7	PSMB2	9606	0.999	0	0	0	0	0.985	0.9	0.608	PSMA7	PSMB2	0.621584736113363	2.6002817801895e-55	7.99685442308733e-55
9606.ENSP00000359910	9606.ENSP00000483688	PSMA7	PSMB3	9606	0.999	0	0	0	0	0.97	0.9	0.722	PSMA7	PSMB3	0.625714807505595	3.09998538480899e-56	9.65096988415305e-56
9606.ENSP00000360305	9606.ENSP00000377941	PDLIM1	ACTN1	9606	0.772	0	0	0	0	0.527	0	0.538	PDLIM1	ACTN1	0.46012601260126	7.95476609099167e-28	1.62795961384817e-27
9606.ENSP00000360609	9606.ENSP00000377245	HSP90AB1	KEAP1	9606	0.888	0	0	0	0	0.292	0	0.849	HSP90AB1	KEAP1	0.378032865398341	1.3325719941261e-18	2.32545074794203e-18
9606.ENSP00000360623	9606.ENSP00000480987	ORC1	MCM3	9606	0.775	0	0	0	0	0.386	0.65	0	ORC1	MCM3	0.669078181110036	7.73094247700584e-67	2.78170967220288e-66
9606.ENSP00000360623	9606.ENSP00000393139	ORC1	CDC7	9606	0.799	0	0	0	0	0.616	0.5	0	ORC1	CDC7	0.632135542746821	1.06543298756399e-57	3.37932632231112e-57
9606.ENSP00000360623	9606.ENSP00000405726	ORC1	CDC45	9606	0.8	0	0	0	0	0.617	0.5	0	ORC1	CDC45	0.800014349261013	1.12324104058548e-113	1.08031871184828e-112
9606.ENSP00000360730	9606.ENSP00000379111	IL13RA1	IL4R	9606	0.999	0	0	0	0	0.946	0.8	0.982	IL13RA1	IL4R	0.481553559082616	1.11927651943544e-30	2.40442459100802e-30
9606.ENSP00000360876	9606.ENSP00000490935	IFIT3	IFIT2	9606	0.973	0	0	0	0	0.655	0	0.925	IFIT3	IFIT2	0.906265688680669	3.10546607614567e-190	3.65361694865603e-188
9606.ENSP00000361405	9606.ENSP00000362108	MMP9	LCN2	9606	0.992	0	0	0	0	0.422	0	0.987	MMP9	LCN2	0.443691263536291	9.01895469590846e-26	1.78160452192897e-25
9606.ENSP00000361540	9606.ENSP00000378699	CDC20	CDK1	9606	0.972	0	0	0	0	0.563	0.5	0.885	CDC20	CDK1	0.543225564792504	4.1583951708669e-40	1.01043809651372e-39
9606.ENSP00000361540	9606.ENSP00000481380	CDC20	CCNA2	9606	0.997	0	0	0	0	0.972	0.5	0.864	CDC20	CCNA2	0.569724363740722	8.5191793588878e-45	2.21928570425404e-44
9606.ENSP00000361562	9606.ENSP00000364782	CTSA	NEU1	9606	0.99	0	0	0	0	0.292	0.4	0.979	CTSA	NEU1	0.37772007014366	1.42942761542591e-18	2.48931989894652e-18
9606.ENSP00000361599	9606.ENSP00000439020	SVBP	TUBA1A	9606	0.8	0	0	0	0	0.8	0	0	SVBP	TUBA1A	0.34950700038948	5.90307131062471e-16	9.78814741411027e-16
9606.ENSP00000361818	9606.ENSP00000376753	SDC4	GIPC1	9606	0.951	0	0	0	0	0.292	0	0.934	SDC4	GIPC1	0.379013087644168	1.06902270833797e-18	1.86940403784368e-18
9606.ENSP00000361818	9606.ENSP00000408695	SDC4	PRKCA	9606	0.987	0	0	0	0	0.292	0.7	0.946	SDC4	PRKCA	-0.36995833123685	7.95785131122851e-18	1.3665570191278e-17
9606.ENSP00000361883	9606.ENSP00000432660	CAP1	CFL1	9606	0.746	0	0	0	0	0.688	0	0.22	CAP1	CFL1	0.425387197104804	1.3042074881279e-23	2.49074582198529e-23
9606.ENSP00000361883	9606.ENSP00000449428	CAP1	TWF1	9606	0.834	0	0	0	0	0.833	0	0	CAP1	TWF1	0.375203731553279	2.50668034036401e-18	4.34588616926028e-18
9606.ENSP00000361930	9606.ENSP00000379287	YWHAB	YWHAZ	9606	0.98	0	0	0	0	0.676	0.9	0.455	YWHAB	YWHAZ	0.358320521493143	9.58512335371156e-17	1.6152944385885e-16
9606.ENSP00000362108	9606.ENSP00000367123	LCN2	SLC3A2	9606	0.9	0	0	0	0	0.9	0	0	LCN2	SLC3A2	0.365623177224555	2.03500224750677e-17	3.46169346675748e-17
9606.ENSP00000362144	9606.ENSP00000493232	MCU	MICU1	9606	0.999	0	0	0	0	0.945	0.9	0.965	MCU	MICU1	0.595492748032567	8.80097369057857e-50	2.46398040401975e-49
9606.ENSP00000362195	9606.ENSP00000431885	CSF3R	TYK2	9606	0.717	0	0	0	0	0.133	0.65	0.143	CSF3R	TYK2	0.351062870262181	4.3003251806267e-16	7.14930827761765e-16
9606.ENSP00000362195	9606.ENSP00000432511	CSF3R	JAK3	9606	0.844	0	0	0	0	0.133	0.8	0.175	CSF3R	JAK3	0.463907415586279	2.58172546504446e-28	5.3375354015774e-28
9606.ENSP00000362334	9606.ENSP00000478877	PSMB2	ADRM1	9606	0.882	0	0	0	0	0.762	0.5	0.088	PSMB2	ADRM1	0.626727362177211	1.83140902327583e-56	5.71214441969939e-56
9606.ENSP00000362334	9606.ENSP00000372155	PSMB2	PSME1	9606	0.93	0	0	0	0	0.93	0	0	PSMB2	PSME1	0.612204512376703	2.89985291798189e-53	8.56913312620934e-53
9606.ENSP00000362334	9606.ENSP00000481029	PSMB2	PSMC3	9606	0.965	0	0	0	0	0.965	0	0	PSMB2	PSMC3	0.560379174563419	4.28709115721493e-43	1.09151455281079e-42
9606.ENSP00000362334	9606.ENSP00000363993	PSMB2	PSMB9	9606	0.995	0	0	0	0	0.961	0.72	0.604	PSMB2	PSMB9	0.436783119305719	6.10829701220715e-25	1.19266208354905e-24
9606.ENSP00000362334	9606.ENSP00000364016	PSMB2	PSMB8	9606	0.996	0	0	0	0	0.978	0.72	0.527	PSMB2	PSMB8	0.522249647324981	1.10931092552167e-36	2.58736928179537e-36
9606.ENSP00000362334	9606.ENSP00000414359	PSMB2	PSMA1	9606	0.996	0	0	0	0	0.951	0.9	0.372	PSMB2	PSMA1	0.735035491126752	6.33380084418009e-87	3.26300391758728e-86
9606.ENSP00000362334	9606.ENSP00000483688	PSMB2	PSMB3	9606	0.998	0	0	0	0	0.972	0.9	0.55	PSMB2	PSMB3	0.69949628503223	2.04189347026666e-75	8.44639334920607e-75
9606.ENSP00000362649	9606.ENSP00000473172	HDAC1	RUVBL2	9606	0.861	0	0	0	0	0.457	0	0.755	HDAC1	RUVBL2	0.378166947129495	1.29306031601423e-18	2.25727817070945e-18
9606.ENSP00000362649	9606.ENSP00000437955	HDAC1	HIF1A	9606	0.912	0	0	0	0	0.457	0	0.845	HDAC1	HIF1A	-0.429665513135164	4.18943422658378e-24	8.0678902749476e-24
9606.ENSP00000362649	9606.ENSP00000384018	HDAC1	NCOR2	9606	0.998	0	0	0	0	0.468	0.8	0.983	HDAC1	NCOR2	-0.305643638898051	2.21627921451281e-12	3.42042603606477e-12
9606.ENSP00000362680	9606.ENSP00000362924	SRC	GSN	9606	0.729	0	0	0	0	0.292	0	0.634	SRC	GSN	0.402432292918733	4.40620548740277e-21	8.0385840464373e-21
9606.ENSP00000362680	9606.ENSP00000366936	SRC	SHB	9606	0.742	0	0	0	0	0.292	0.5	0.33	SRC	SHB	0.313572257846903	5.51844261150748e-13	8.62192747733674e-13
9606.ENSP00000362680	9606.ENSP00000373700	SRC	ALK	9606	0.744	0	0	0	0	0.292	0.5	0.336	SRC	ALK	0.421604396464491	3.5122435088699e-23	6.65235489006845e-23
9606.ENSP00000362680	9606.ENSP00000377941	SRC	ACTN1	9606	0.785	0	0	0	0	0.292	0	0.71	SRC	ACTN1	0.416948061265754	1.16882230519316e-22	2.19327597996002e-22
9606.ENSP00000362680	9606.ENSP00000365012	SRC	HCK	9606	0.806	0	0	0	0	0.584	0.5	0.145	SRC	HCK	0.344716583459588	1.54843535725665e-15	2.54997866938848e-15
9606.ENSP00000362680	9606.ENSP00000428924	SRC	LYN	9606	0.983	0	0	0	0	0.592	0.9	0.629	SRC	LYN	0.341328853382233	3.03218381314788e-15	4.95952729088753e-15
9606.ENSP00000362680	9606.ENSP00000484824	SRC	MUC1	9606	0.983	0	0	0	0	0.457	0	0.97	SRC	MUC1	0.3476335832341	8.62427325297969e-16	1.4258234766936e-15
9606.ENSP00000362680	9606.ENSP00000365745	SRC	CTTN	9606	0.984	0	0	0	0	0.292	0	0.979	SRC	CTTN	0.473535397017963	1.37941083391113e-29	2.91375340657888e-29
9606.ENSP00000362680	9606.ENSP00000380638	SRC	PTK2B	9606	0.99	0	0	0	0	0.457	0	0.983	SRC	PTK2B	0.421788327901113	3.34804109392692e-23	6.34847822120551e-23
9606.ENSP00000362680	9606.ENSP00000401303	SRC	SHC1	9606	0.997	0	0	0	0	0.457	0.8	0.982	SRC	SHC1	0.592377188029362	3.72673944637681e-49	1.03363897254497e-48
9606.ENSP00000362924	9606.ENSP00000365745	GSN	CTTN	9606	0.972	0	0	0	0	0.193	0	0.967	GSN	CTTN	0.622013350403363	2.08836252119216e-55	6.43424238411155e-55
9606.ENSP00000363216	9606.ENSP00000388183	OGDHL	OGDH	9606	0.974	0	0	0	0	0.61	0.9	0.387	OGDHL	OGDH	0.643384058902785	2.38850481661232e-60	7.82100056132151e-60
9606.ENSP00000363559	9606.ENSP00000463784	EIF6	RPL26	9606	0.895	0	0	0	0	0.895	0	0	EIF6	RPL26	0.521738198664587	1.33547480777398e-36	3.10628370231198e-36
9606.ENSP00000363559	9606.ENSP00000375730	EIF6	RPL13A	9606	0.909	0	0	0	0	0.909	0	0	EIF6	RPL13A	0.647558016671232	2.32519568762919e-61	7.74912054263247e-61
9606.ENSP00000363559	9606.ENSP00000447001	EIF6	RPL18	9606	0.947	0	0	0	0	0.947	0	0	EIF6	RPL18	0.62657762670677	1.97988423345686e-56	6.17143212388063e-56
9606.ENSP00000363559	9606.ENSP00000464342	EIF6	RPL36	9606	0.955	0	0	0	0	0.955	0	0	EIF6	RPL36	0.653026762303559	1.03917764073747e-62	3.53306430409334e-62
9606.ENSP00000363559	9606.ENSP00000377640	EIF6	RPL24	9606	0.96	0	0	0	0	0.947	0	0.268	EIF6	RPL24	0.555616244854299	3.01239793799541e-42	7.58195083000934e-42
9606.ENSP00000363770	9606.ENSP00000363773	C1QC	C1QA	9606	0.999	0	0	0	0	0.96	0.9	0.981	C1QC	C1QA	0.946197166300481	1.26719206467369e-248	4.57908903941728e-246
9606.ENSP00000363827	9606.ENSP00000480791	HSPG2	FGF1	9606	0.78	0	0	0	0	0.366	0	0.668	HSPG2	FGF1	0.320206647993992	1.66923608392552e-13	2.63895792143101e-13
9606.ENSP00000363976	9606.ENSP00000408146	HLA-DMA	HLA-DPB1	9606	0.91	0	0	0	0	0.13	0.9	0.057	HLA-DMA	HLA-DPB1	0.946313358043879	7.46748451310732e-249	2.90600031937e-246
9606.ENSP00000363976	9606.ENSP00000496848	HLA-DMA	HLA-DOB	9606	0.976	0	0	0	0	0.658	0.9	0.378	HLA-DMA	HLA-DOB	0.849805632737187	5.39381190170132e-142	1.2751072154536e-140
9606.ENSP00000363976	9606.ENSP00000378786	HLA-DMA	HLA-DRA	9606	0.995	0	0	0	0	0.952	0.9	0	HLA-DMA	HLA-DRA	0.944821966668716	6.06698771311173e-246	2.04619272270882e-243
9606.ENSP00000363976	9606.ENSP00000398890	HLA-DMA	HLA-DMB	9606	0.997	0	0	0	0	0.96	0.9	0.52	HLA-DMA	HLA-DMB	0.607514633450923	2.88731502191424e-52	8.38996363920974e-52
9606.ENSP00000363993	9606.ENSP00000372155	PSMB9	PSME1	9606	0.834	0	0	0	0	0.612	0	0.591	PSMB9	PSME1	0.745746375879824	9.13299291688265e-91	5.07176851443571e-90
9606.ENSP00000363993	9606.ENSP00000483688	PSMB9	PSMB3	9606	0.991	0	0	0	0	0.96	0.72	0.273	PSMB9	PSMB3	0.317157336851698	2.90269661871758e-13	4.56331329835061e-13
9606.ENSP00000363993	9606.ENSP00000414359	PSMB9	PSMA1	9606	0.994	0	0	0	0	0.97	0.72	0.349	PSMB9	PSMA1	0.389652785154292	9.31378169350807e-20	1.65443896023376e-19
9606.ENSP00000363993	9606.ENSP00000364016	PSMB9	PSMB8	9606	0.999	0	0	0	0	0.963	0.72	0.985	PSMB9	PSMB8	0.910916340081213	1.57679923826599e-195	2.21584092955212e-193
9606.ENSP00000364016	9606.ENSP00000478877	PSMB8	ADRM1	9606	0.823	0	0	0	0	0.644	0.5	0.088	PSMB8	ADRM1	0.338578454118704	5.20115625548289e-15	8.45522156056811e-15
9606.ENSP00000364016	9606.ENSP00000372155	PSMB8	PSME1	9606	0.832	0	0	0	0	0.503	0	0.676	PSMB8	PSME1	0.763351241956494	1.61819585654268e-97	1.03888995409257e-96
9606.ENSP00000364016	9606.ENSP00000414359	PSMB8	PSMA1	9606	0.993	0	0	0	0	0.962	0.72	0.461	PSMB8	PSMA1	0.482411812609832	8.52054117804932e-31	1.83271334267651e-30
9606.ENSP00000364016	9606.ENSP00000483688	PSMB8	PSMB3	9606	0.995	0	0	0	0	0.985	0.72	0	PSMB8	PSMB3	0.395358945832471	2.42433577179953e-20	4.35691462505642e-20
9606.ENSP00000364032	9606.ENSP00000497910	TAP2	B2M	9606	0.926	0	0	0	0	0.292	0.9	0	TAP2	B2M	0.749603997666847	3.38516178896176e-92	1.93072530894673e-91
9606.ENSP00000364032	9606.ENSP00000379873	TAP2	HLA-A	9606	0.943	0	0	0	0	0.457	0.9	0	TAP2	HLA-A	0.738766205813128	3.05677480557143e-88	1.62098781356246e-87
9606.ENSP00000364032	9606.ENSP00000404833	TAP2	TAPBP	9606	0.953	0	0	0	0	0.457	0.9	0.22	TAP2	TAPBP	0.48087765298269	1.38676034676946e-30	2.97524198231836e-30
9606.ENSP00000364076	9606.ENSP00000496848	HLA-DQA2	HLA-DOB	9606	0.708	0	0	0	0	0.33	0.54	0.131	HLA-DQA2	HLA-DOB	0.789445373108739	1.09152385595141e-108	9.09723095100196e-108
9606.ENSP00000364076	9606.ENSP00000396330	HLA-DQA2	HLA-DQB2	9606	0.773	0	0	0	0	0.357	0.54	0.295	HLA-DQA2	HLA-DQB2	0.863107304519272	2.39356155028037e-151	7.91439730906432e-150
9606.ENSP00000364076	9606.ENSP00000364114	HLA-DQA2	HLA-DRB5	9606	0.79	0	0	0	0	0.357	0.54	0.35	HLA-DQA2	HLA-DRB5	0.690110004789299	1.17597198046929e-72	4.6261603803998e-72
9606.ENSP00000364076	9606.ENSP00000408146	HLA-DQA2	HLA-DPB1	9606	0.809	0	0	0	0	0.33	0.54	0.431	HLA-DQA2	HLA-DPB1	0.847873327705441	1.03509571000396e-140	2.35880594455408e-139
9606.ENSP00000364076	9606.ENSP00000364080	HLA-DQA2	HLA-DQB1	9606	0.96	0	0	0	0	0.357	0.54	0.876	HLA-DQA2	HLA-DQB1	0.552025388874291	1.28328935792687e-41	3.19338950405903e-41
9606.ENSP00000364080	9606.ENSP00000379873	HLA-DQB1	HLA-A	9606	0.751	0	0	0	0	0.482	0.54	0	HLA-DQB1	HLA-A	0.718309470698623	2.75133460963166e-81	1.26491944795545e-80
9606.ENSP00000364080	9606.ENSP00000378786	HLA-DQB1	HLA-DRA	9606	0.758	0	0	0	0	0.437	0.54	0.14	HLA-DQB1	HLA-DRA	0.792091320933336	6.55682814623197e-110	5.67025531483548e-109
9606.ENSP00000364114	9606.ENSP00000393566	HLA-DRB5	HLA-DPA1	9606	0.735	0	0	0	0	0.081	0.54	0.425	HLA-DRB5	HLA-DPA1	0.848790189577964	2.56098717506332e-141	5.97052263532043e-140
9606.ENSP00000364114	9606.ENSP00000379873	HLA-DRB5	HLA-A	9606	0.746	0	0	0	0	0.165	0.54	0.393	HLA-DRB5	HLA-A	0.77052205220522	1.93823515200235e-100	1.31794780026611e-99
9606.ENSP00000364114	9606.ENSP00000378786	HLA-DRB5	HLA-DRA	9606	0.995	0	0	0	0	0.966	0.54	0.713	HLA-DRB5	HLA-DRA	0.864989107606413	9.47294883148975e-153	3.23808433368288e-151
9606.ENSP00000365012	9606.ENSP00000428924	HCK	LYN	9606	0.978	0	0	0	0	0.594	0.9	0.521	HCK	LYN	0.688314856330353	3.85783342374449e-72	1.51058663240893e-71
9606.ENSP00000365042	9606.ENSP00000365851	CSNK2B	BMI1	9606	0.716	0	0	0	0	0.457	0.5	0	CSNK2B	BMI1	-0.332619597363463	1.64385915092117e-14	2.64344674014946e-14
9606.ENSP00000365230	9606.ENSP00000404503	BCL2L1	BBC3	9606	0.993	0	0	0	0	0.701	0.54	0.954	BCL2L1	BBC3	0.577804395346367	2.59733291382022e-46	6.92302803530901e-46
9606.ENSP00000365402	9606.ENSP00000366024	HLA-C	HLA-G	9606	0.848	0	0	0	0	0.629	0.54	0.183	HLA-C	HLA-G	0.684695954067456	4.12210585071055e-71	1.58222560688503e-70
9606.ENSP00000365402	9606.ENSP00000375629	HLA-C	LILRB2	9606	0.89	0	0	0	0	0.549	0.5	0.555	HLA-C	LILRB2	0.6155533876369	5.48719284050709e-54	1.63870770838993e-53
9606.ENSP00000365402	9606.ENSP00000404833	HLA-C	TAPBP	9606	0.951	0	0	0	0	0.128	0.9	0.488	HLA-C	TAPBP	0.540194143637966	1.34599706802969e-39	3.24720990327238e-39
9606.ENSP00000365402	9606.ENSP00000365817	HLA-C	HLA-E	9606	0.976	0	0	0	0	0.501	0.9	0.56	HLA-C	HLA-E	0.817326266788169	1.57410590857245e-122	1.97603022120795e-121
9606.ENSP00000365402	9606.ENSP00000379873	HLA-C	HLA-A	9606	0.99	0	0	0	0	0.427	0.9	0.845	HLA-C	HLA-A	0.91248600015281	2.21311834179417e-197	3.29298990915786e-195
9606.ENSP00000365402	9606.ENSP00000399168	HLA-C	HLA-B	9606	0.992	0	0	0	0	0.484	0.9	0.867	HLA-C	HLA-B	0.954062052167949	1.89858043291533e-265	9.60491841011867e-263
9606.ENSP00000365402	9606.ENSP00000497910	HLA-C	B2M	9606	0.999	0	0	0	0	0.971	0.9	0.867	HLA-C	B2M	0.884870754156161	5.31290620608321e-169	3.73305451341319e-167
9606.ENSP00000365569	9606.ENSP00000378368	FLOT1	FLOT2	9606	0.984	0	0	0	0	0.431	0.9	0.744	FLOT1	FLOT2	0.416026261011194	1.47964122974601e-22	2.76830805520897e-22
9606.ENSP00000365745	9606.ENSP00000432660	CTTN	CFL1	9606	0.986	0	0	0	0	0.19	0	0.983	CTTN	CFL1	0.326272565144713	5.44939227717652e-14	8.67205899032275e-14
9606.ENSP00000365817	9606.ENSP00000408146	HLA-E	HLA-DPB1	9606	0.905	0	0	0	0	0.089	0.9	0	HLA-E	HLA-DPB1	0.780661948182396	9.31828413555813e-105	7.03599991668487e-104
9606.ENSP00000365817	9606.ENSP00000379873	HLA-E	HLA-A	9606	0.952	0	0	0	0	0.217	0.9	0.446	HLA-E	HLA-A	0.830228488687378	9.1715436289036e-130	1.41892474674689e-128
9606.ENSP00000365817	9606.ENSP00000366024	HLA-E	HLA-G	9606	0.954	0	0	0	0	0.592	0.54	0.776	HLA-E	HLA-G	0.56661877367861	3.17654144629543e-44	8.19486138541997e-44
9606.ENSP00000365817	9606.ENSP00000399168	HLA-E	HLA-B	9606	0.973	0	0	0	0	0.448	0.9	0.566	HLA-E	HLA-B	0.845823526452024	2.2735405966919e-139	4.79243411611014e-138
9606.ENSP00000365817	9606.ENSP00000497910	HLA-E	B2M	9606	0.999	0	0	0	0	0.971	0.9	0.769	HLA-E	B2M	0.781388076695868	4.47993559084243e-105	3.41325213163732e-104
9606.ENSP00000365851	9606.ENSP00000415151	BMI1	CBFB	9606	0.758	0	0	0	0	0.292	0.5	0.373	BMI1	CBFB	0.39399390249584	3.35323357417503e-20	6.00708521662587e-20
9606.ENSP00000365851	9606.ENSP00000482063	BMI1	PCGF2	9606	0.999	0	0	0	0	0.669	0.9	0.985	BMI1	PCGF2	-0.32833326810942	3.70416599992474e-14	5.90961078322903e-14
9606.ENSP00000366024	9606.ENSP00000399168	HLA-G	HLA-B	9606	0.838	0	0	0	0	0.421	0.54	0.444	HLA-G	HLA-B	0.728463529582772	1.16709143632554e-84	5.71569755699021e-84
9606.ENSP00000366024	9606.ENSP00000379873	HLA-G	HLA-A	9606	0.853	0	0	0	0	0.476	0.54	0.44	HLA-G	HLA-A	0.66362201437535	2.09080142017087e-65	7.36072678124179e-65
9606.ENSP00000366024	9606.ENSP00000497910	HLA-G	B2M	9606	0.998	0	0	0	0	0.973	0.9	0.369	HLA-G	B2M	0.691600743925324	4.35577930240539e-73	1.72830490124462e-72
9606.ENSP00000366024	9606.ENSP00000375629	HLA-G	LILRB2	9606	0.999	0	0	0	0	0.955	0.5	0.982	HLA-G	LILRB2	0.453401147568173	5.68630490049762e-27	1.14884251164606e-26
9606.ENSP00000367872	9606.ENSP00000393333	GNB1	TBXA2R	9606	0.716	0	0	0	0	0.457	0.5	0	GNB1	TBXA2R	-0.365498133664298	2.09042757983426e-17	3.55478088281731e-17
9606.ENSP00000367872	9606.ENSP00000471493	GNB1	FPR1	9606	0.8	0	0	0	0	0.8	0	0	GNB1	FPR1	0.434177703484634	1.24258612081001e-24	2.41499930279594e-24
9606.ENSP00000367872	9606.ENSP00000380247	GNB1	HRH1	9606	0.9	0	0	0	0	0.9	0	0.046	GNB1	HRH1	0.37036570116639	7.28047980558215e-18	1.25151027306966e-17
9606.ENSP00000367888	9606.ENSP00000368678	LRP4	AGRN	9606	0.997	0	0	0	0	0.743	0.5	0.981	LRP4	AGRN	0.304254649067391	2.81540985059324e-12	4.31480110092432e-12
9606.ENSP00000368022	9606.ENSP00000374455	OPTN	SQSTM1	9606	0.962	0	0	0	0	0.438	0	0.936	OPTN	SQSTM1	0.353011201741292	2.88497741419828e-16	4.81368757863757e-16
9606.ENSP00000368166	9606.ENSP00000381531	DVL1	CSNK1D	9606	0.852	0	0	0	0	0.292	0.8	0	DVL1	CSNK1D	0.314844590049067	4.3976931884371e-13	6.89003711375141e-13
9606.ENSP00000368166	9606.ENSP00000380044	DVL1	CSNK1E	9606	0.886	0	0	0	0	0.457	0.8	0	DVL1	CSNK1E	0.509609159673731	9.93375277895114e-35	2.25560391870349e-34
9606.ENSP00000368458	9606.ENSP00000472445	PCNA	POLD1	9606	0.983	0	0	0	0	0.916	0.72	0.35	PCNA	POLD1	0.421070026257284	4.03574515279292e-23	7.63246158055304e-23
9606.ENSP00000368458	9606.ENSP00000376272	PCNA	RFC4	9606	0.993	0	0	0	0	0.98	0.5	0.351	PCNA	RFC4	0.644219390883188	1.50288452310954e-60	4.93707324831893e-60
9606.ENSP00000368458	9606.ENSP00000384849	PCNA	CDKN1A	9606	0.996	0	0	0	0	0.966	0.9	0	PCNA	CDKN1A	0.422735006419897	2.61555643415048e-23	4.96141732297236e-23
9606.ENSP00000368678	9606.ENSP00000442600	AGRN	DAG1	9606	0.998	0	0	0	0	0.308	0.9	0.982	AGRN	DAG1	0.543379679582865	3.91609210985338e-40	9.52476441526357e-40
9606.ENSP00000369497	9606.ENSP00000481380	BRCA2	CCNA2	9606	0.728	0	0	0	0	0.292	0	0.632	BRCA2	CCNA2	0.305508718573721	2.26852064991013e-12	3.4967842680973e-12
9606.ENSP00000369497	9606.ENSP00000493712	BRCA2	RAD51	9606	0.999	0	0	0	0	0.796	0.9	0.984	BRCA2	RAD51	0.691002361105676	6.49407652586532e-73	2.56668227690255e-72
9606.ENSP00000369757	9606.ENSP00000375730	RPS6	RPL13A	9606	0.953	0	0	0	0	0.953	0	0	RPS6	RPL13A	0.817832218004409	8.3990663760201e-123	1.05962286275027e-121
9606.ENSP00000369757	9606.ENSP00000477848	RPS6	AATF	9606	0.956	0	0	0	0	0.956	0	0	RPS6	AATF	0.366704217005551	1.61234816645588e-17	2.75290900239633e-17
9606.ENSP00000369757	9606.ENSP00000463784	RPS6	RPL26	9606	0.974	0	0	0	0	0.947	0	0.534	RPS6	RPL26	0.732861857614333	3.61735223891007e-86	1.83736796954278e-85
9606.ENSP00000369757	9606.ENSP00000447001	RPS6	RPL18	9606	0.975	0	0	0	0	0.975	0	0	RPS6	RPL18	0.828270839506311	1.25558707813147e-128	1.8737507458015e-127
9606.ENSP00000369757	9606.ENSP00000464342	RPS6	RPL36	9606	0.976	0	0	0	0	0.976	0	0	RPS6	RPL36	0.799508677575832	1.97646299467744e-113	1.87949742294608e-112
9606.ENSP00000369757	9606.ENSP00000377640	RPS6	RPL24	9606	0.989	0	0	0	0	0.987	0	0.226	RPS6	RPL24	0.846168188247396	1.35666856418752e-139	2.89594357224669e-138
9606.ENSP00000369757	9606.ENSP00000426909	RPS6	RACK1	9606	0.991	0	0	0	0	0.982	0.54	0	RPS6	RACK1	0.783072344501531	8.10578419437799e-106	6.25109180478022e-105
9606.ENSP00000369757	9606.ENSP00000389351	RPS6	RPSA	9606	0.997	0	0	0	0	0.973	0.9	0	RPS6	RPSA	0.742517512620827	1.37605434805892e-89	7.50157214098067e-89
9606.ENSP00000369757	9606.ENSP00000470972	RPS6	RPS19	9606	0.998	0	0	0	0	0.973	0.9	0.339	RPS6	RPS19	0.761913520544601	6.05793549540757e-97	3.79295738505779e-96
9606.ENSP00000370010	9606.ENSP00000458162	TMSB4X	ACTG1	9606	0.961	0	0	0	0	0.618	0.9	0.078	TMSB4X	ACTG1	0.448741085288653	2.16629729896896e-26	4.33173835394623e-26
9606.ENSP00000370299	9606.ENSP00000382697	SHROOM2	ROCK1	9606	0.933	0	0	0	0	0.9	0	0.358	SHROOM2	ROCK1	0.440143362162303	2.42214963340777e-25	4.75500775918118e-25
9606.ENSP00000372155	9606.ENSP00000483688	PSME1	PSMB3	9606	0.915	0	0	0	0	0.914	0	0	PSME1	PSMB3	0.619529810123869	7.40402489722697e-55	2.25372815614147e-54
9606.ENSP00000372155	9606.ENSP00000414359	PSME1	PSMA1	9606	0.97	0	0	0	0	0.964	0	0.172	PSME1	PSMA1	0.551580002720769	1.53412856037795e-41	3.81196286196072e-41
9606.ENSP00000373648	9606.ENSP00000499797	KCNQ3	CALM2	9606	0.913	0	0	0	0	0.913	0	0	KCNQ3	CALM2	0.46359210455207	2.83723344869806e-28	5.86098979867843e-28
9606.ENSP00000373700	9606.ENSP00000401303	ALK	SHC1	9606	0.922	0	0	0	0	0.457	0.5	0.739	ALK	SHC1	0.415158782959041	1.84603686265712e-22	3.44998170970905e-22
9606.ENSP00000373700	9606.ENSP00000385451	ALK	MDK	9606	0.995	0	0	0	0	0.292	0.9	0.948	ALK	MDK	0.467420934640048	8.96018364555753e-29	1.86695094987132e-28
9606.ENSP00000373706	9606.ENSP00000383178	DIAPH1	DIAPH3	9606	0.865	0	0	0	0	0.356	0.8	0	DIAPH1	DIAPH3	0.545912790036768	1.45333458182312e-40	3.56049377697005e-40
9606.ENSP00000373706	9606.ENSP00000400175	DIAPH1	RHOA	9606	0.968	0	0	0	0	0.576	0.8	0.656	DIAPH1	RHOA	0.432637114643141	1.88553422179224e-24	3.6491651216706e-24
9606.ENSP00000374409	9606.ENSP00000495360	PKP4	CTNNB1	9606	0.743	0	0	0	0	0.53	0	0.475	PKP4	CTNNB1	0.303806001718184	3.04081010280716e-12	4.65742001516845e-12
9606.ENSP00000374455	9606.ENSP00000377245	SQSTM1	KEAP1	9606	0.997	0	0	0	0	0.724	0.5	0.982	SQSTM1	KEAP1	0.449098325981666	1.95660623333297e-26	3.91553438862006e-26
9606.ENSP00000375629	9606.ENSP00000391592	LILRB2	PTPN6	9606	0.943	0	0	0	0	0.457	0.9	0	LILRB2	PTPN6	0.634734715707595	2.66125761605566e-58	8.53728743159518e-58
9606.ENSP00000375629	9606.ENSP00000497910	LILRB2	B2M	9606	0.979	0	0	0	0	0.96	0.5	0	LILRB2	B2M	0.604701153345148	1.12545375535189e-51	3.24240919608498e-51
9606.ENSP00000375629	9606.ENSP00000399168	LILRB2	HLA-B	9606	0.981	0	0	0	0	0.549	0.5	0.925	LILRB2	HLA-B	0.639927098299892	1.60009586793833e-59	5.19568998453145e-59
9606.ENSP00000375629	9606.ENSP00000379873	LILRB2	HLA-A	9606	0.984	0	0	0	0	0.405	0.5	0.953	LILRB2	HLA-A	0.615636222007294	5.26448570614531e-54	1.5731265911039e-53
9606.ENSP00000375639	9606.ENSP00000473172	TFPT	RUVBL2	9606	0.948	0	0	0	0	0.462	0.9	0.12	TFPT	RUVBL2	0.722207158604059	1.45483192443916e-82	6.87849972498851e-82
9606.ENSP00000375730	9606.ENSP00000463784	RPL13A	RPL26	9606	0.907	0	0	0	0	0.907	0	0	RPL13A	RPL26	0.668513062486373	1.0913751633165e-66	3.90747838019688e-66
9606.ENSP00000375730	9606.ENSP00000470972	RPL13A	RPS19	9606	0.931	0	0	0	0	0.931	0	0	RPL13A	RPS19	0.817064812071269	2.17608240013504e-122	2.71822243513165e-121
9606.ENSP00000375730	9606.ENSP00000389351	RPL13A	RPSA	9606	0.933	0	0	0	0	0.933	0	0	RPL13A	RPSA	0.862982726844113	2.95908316909839e-151	9.72078035874595e-150
9606.ENSP00000375730	9606.ENSP00000426909	RPL13A	RACK1	9606	0.965	0	0	0	0	0.965	0	0	RPL13A	RACK1	0.839124191922298	4.06308295660432e-135	7.58492128319604e-134
9606.ENSP00000375730	9606.ENSP00000377640	RPL13A	RPL24	9606	0.968	0	0	0	0	0.967	0	0	RPL13A	RPL24	0.736428487569254	2.05476731386671e-87	1.07165647843832e-86
9606.ENSP00000375730	9606.ENSP00000464342	RPL13A	RPL36	9606	0.971	0	0	0	0	0.969	0	0.115	RPL13A	RPL36	0.799520790588375	1.94992613552478e-113	1.85775448580412e-112
9606.ENSP00000375730	9606.ENSP00000447001	RPL13A	RPL18	9606	0.98	0	0	0	0	0.974	0	0.262	RPL13A	RPL18	0.81206800804304	9.61546198731524e-120	1.09313757738939e-118
9606.ENSP00000375730	9606.ENSP00000380070	RPL13A	GAPDH	9606	0.998	0	0	0	0	0.041	0.9	0.984	RPL13A	GAPDH	0.357543518326988	1.12770235631758e-16	1.89473471292283e-16
9606.ENSP00000376297	9606.ENSP00000431926	DYNLL1	AMBRA1	9606	0.895	0	0	0	0	0.478	0.7	0.387	DYNLL1	AMBRA1	-0.332817784884078	1.58276566832441e-14	2.54601320065285e-14
9606.ENSP00000376345	9606.ENSP00000497733	GRB2	CDC42	9606	0.784	0	0	0	0	0.198	0.4	0.589	GRB2	CDC42	0.407308059998546	1.3279203288239e-21	2.44289052491641e-21
9606.ENSP00000376345	9606.ENSP00000391592	GRB2	PTPN6	9606	0.844	0	0	0	0	0.457	0.5	0.474	GRB2	PTPN6	0.411599048103568	4.54574270693914e-22	8.41761067145137e-22
9606.ENSP00000376345	9606.ENSP00000483570	GRB2	BTK	9606	0.979	0	0	0	0	0.361	0.4	0.951	GRB2	BTK	0.416714186946645	1.24096889598763e-22	2.32693166968178e-22
9606.ENSP00000376345	9606.ENSP00000472929	GRB2	VAV1	9606	0.999	0	0	0	0	0.731	0.9	0.982	GRB2	VAV1	0.397415455831297	1.48293789093298e-20	2.68222480880585e-20
9606.ENSP00000376765	9606.ENSP00000384273	PIAS3	RELA	9606	0.72	0	0	0	0	0.595	0	0.339	PIAS3	RELA	0.430367788331628	3.47156009595198e-24	6.69562429486125e-24
9606.ENSP00000376886	9606.ENSP00000376889	NME2	NME1-NME2	9606	0.995	0	0	0	0	0.96	0.9	0	NME2	NME1-NME2	0.993248579516337	0	0
9606.ENSP00000377245	9606.ENSP00000384273	KEAP1	RELA	9606	0.936	0	0	0	0	0.37	0	0.902	KEAP1	RELA	0.439362631915365	3.00564671106803e-25	5.89591574691477e-25
9606.ENSP00000377446	9606.ENSP00000388183	SUCLG1	OGDH	9606	0.762	0	0	0	0	0.486	0.54	0.077	SUCLG1	OGDH	0.415145272291204	1.85239939353331e-22	3.46059399257201e-22
9606.ENSP00000377446	9606.ENSP00000494360	SUCLG1	SUCLA2	9606	0.999	0	0	0	0	0.976	0.979	0.771	SUCLG1	SUCLA2	0.35319597177109	2.77740658605217e-16	4.63726069928644e-16
9606.ENSP00000377640	9606.ENSP00000463784	RPL24	RPL26	9606	0.936	0	0	0	0	0.936	0	0	RPL24	RPL26	0.607924425982971	2.36561346275391e-52	6.88586795631302e-52
9606.ENSP00000377640	9606.ENSP00000389351	RPL24	RPSA	9606	0.975	0	0	0	0	0.975	0	0	RPL24	RPSA	0.641533656471237	6.63118856907184e-60	2.16293894074368e-59
9606.ENSP00000377640	9606.ENSP00000470972	RPL24	RPS19	9606	0.976	0	0	0	0	0.976	0	0	RPL24	RPS19	0.761474656782448	9.04716187290405e-97	5.64359949630352e-96
9606.ENSP00000377640	9606.ENSP00000426909	RPL24	RACK1	9606	0.982	0	0	0	0	0.982	0	0	RPL24	RACK1	0.688583299323721	3.23168421235736e-72	1.26737135118728e-71
9606.ENSP00000377640	9606.ENSP00000464342	RPL24	RPL36	9606	0.996	0	0	0	0	0.97	0.9	0	RPL24	RPL36	0.835889738042127	3.91271241283702e-133	6.84927754205622e-132
9606.ENSP00000377640	9606.ENSP00000447001	RPL24	RPL18	9606	0.997	0	0	0	0	0.975	0.9	0	RPL24	RPL18	0.881429260938516	5.55340749615207e-166	3.42618152719919e-164
9606.ENSP00000377941	9606.ENSP00000379350	ACTN1	ITGB1	9606	0.948	0	0	0	0	0.292	0.9	0.335	ACTN1	ITGB1	0.567816377911083	1.91542002391877e-44	4.95404391666925e-44
9606.ENSP00000378181	9606.ENSP00000397552	BRD7	ACTL6A	9606	0.995	0	0	0	0	0.886	0.8	0.826	BRD7	ACTL6A	0.460572423701997	6.97026430218277e-28	1.42705654005434e-27
9606.ENSP00000378306	9606.ENSP00000378323	PPP3CB	PPP3CA	9606	0.994	0	0	0	0	0.61	0.9	0.866	PPP3CB	PPP3CA	0.424654639376981	1.58157456243556e-23	3.01476477443915e-23
9606.ENSP00000378699	9606.ENSP00000481380	CDK1	CCNA2	9606	0.999	0	0	0	0	0.592	0.9	0.984	CDK1	CCNA2	0.6217954093546	2.33474182849178e-55	7.18458571188559e-55
9606.ENSP00000378769	9606.ENSP00000484580	PPP1CB	PPP1R2	9606	0.708	0	0	0	0	0.708	0	0	PPP1CB	PPP1R2	0.515552083158626	1.22896692619163e-35	2.82221683141327e-35
9606.ENSP00000378786	9606.ENSP00000396330	HLA-DRA	HLA-DQB2	9606	0.849	0	0	0	0	0.376	0.54	0.517	HLA-DRA	HLA-DQB2	0.835815196426475	4.34192307311612e-133	7.57440994030843e-132
9606.ENSP00000378786	9606.ENSP00000495530	HLA-DRA	ENO1	9606	0.9	0	0	0	0	0.9	0	0	HLA-DRA	ENO1	0.403877282138152	3.09447451385921e-21	5.65568878815526e-21
9606.ENSP00000378786	9606.ENSP00000408146	HLA-DRA	HLA-DPB1	9606	0.933	0	0	0	0	0.362	0.9	0	HLA-DRA	HLA-DPB1	0.968251514592453	5.12273199113518e-305	6.47897528578822e-302
9606.ENSP00000378786	9606.ENSP00000496848	HLA-DRA	HLA-DOB	9606	0.933	0	0	0	0	0.362	0.9	0	HLA-DRA	HLA-DOB	0.875072351955692	1.2086399751333e-160	5.76840531528244e-159
9606.ENSP00000378786	9606.ENSP00000398890	HLA-DRA	HLA-DMB	9606	0.996	0	0	0	0	0.958	0.9	0.254	HLA-DRA	HLA-DMB	0.569389765063463	9.82357939746945e-45	2.55120575830585e-44
9606.ENSP00000379078	9606.ENSP00000383042	EHMT2	KDM1A	9606	0.969	0	0	0	0	0.457	0	0.946	EHMT2	KDM1A	0.431246447626129	2.74234549585402e-24	5.2952388792082e-24
9606.ENSP00000379111	9606.ENSP00000432511	IL4R	JAK3	9606	0.973	0	0	0	0	0.292	0.9	0.657	IL4R	JAK3	0.558614215458813	8.86199797372248e-43	2.24838755010341e-42
9606.ENSP00000379111	9606.ENSP00000499900	IL4R	JAK1	9606	0.998	0	0	0	0	0.457	0.9	0.971	IL4R	JAK1	0.460879907866563	6.36324204852008e-28	1.3048902117334e-27
9606.ENSP00000379287	9606.ENSP00000380948	YWHAZ	ITGB2	9606	0.743	0	0	0	0	0.292	0	0.653	YWHAZ	ITGB2	0.356078216517304	1.5303890564185e-16	2.56365504517259e-16
9606.ENSP00000379287	9606.ENSP00000432660	YWHAZ	CFL1	9606	0.756	0	0	0	0	0.306	0	0.664	YWHAZ	CFL1	0.370952436858593	6.40348329922792e-18	1.10150363858531e-17
9606.ENSP00000379287	9606.ENSP00000495360	YWHAZ	CTNNB1	9606	0.98	0	0	0	0	0.457	0.8	0.832	YWHAZ	CTNNB1	0.318147994923716	2.42682437268267e-13	3.82113429859994e-13
9606.ENSP00000379350	9606.ENSP00000447730	ITGB1	CD63	9606	0.989	0	0	0	0	0.457	0	0.981	ITGB1	CD63	-0.314855491760356	4.38912677637848e-13	6.87874608478894e-13
9606.ENSP00000379350	9606.ENSP00000386896	ITGB1	ITGA6	9606	0.999	0	0	0	0	0.959	0.9	0.983	ITGB1	ITGA6	0.462412017599275	4.03560064313468e-28	8.30936249638516e-28
9606.ENSP00000379873	9606.ENSP00000393566	HLA-A	HLA-DPA1	9606	0.913	0	0	0	0	0.168	0.9	0	HLA-A	HLA-DPA1	0.806204098670736	9.72866410930488e-117	1.03397713716331e-115
9606.ENSP00000379873	9606.ENSP00000388996	HLA-A	AP1M1	9606	0.963	0	0	0	0	0.9	0.65	0	HLA-A	AP1M1	0.390190882442281	8.21276046877375e-20	1.45988598775567e-19
9606.ENSP00000379873	9606.ENSP00000399168	HLA-A	HLA-B	9606	0.986	0	0	0	0	0.316	0.9	0.82	HLA-A	HLA-B	0.932831388728935	3.90062438692888e-225	9.3967898921301e-223
9606.ENSP00000379873	9606.ENSP00000404833	HLA-A	TAPBP	9606	0.994	0	0	0	0	0.946	0.9	0	HLA-A	TAPBP	0.621580263616424	2.60623262706358e-55	8.01028606337462e-55
9606.ENSP00000379873	9606.ENSP00000497910	HLA-A	B2M	9606	0.999	0	0	0	0	0.971	0.9	0.974	HLA-A	B2M	0.880655518968046	2.57306815417512e-165	1.5496609276157e-163
9606.ENSP00000379975	9606.ENSP00000451828	ILK	AKT1	9606	0.799	0	0	0	0	0.457	0	0.645	ILK	AKT1	0.334847832609348	1.07214109049726e-14	1.73013134826974e-14
9606.ENSP00000379975	9606.ENSP00000384515	ILK	PARVB	9606	0.999	0	0	0	0	0.738	0.9	0.987	ILK	PARVB	0.313451779960605	5.63803515621384e-13	8.80333946150796e-13
9606.ENSP00000380044	9606.ENSP00000381531	CSNK1E	CSNK1D	9606	0.975	0	0	0	0	0.642	0.9	0.383	CSNK1E	CSNK1D	0.331323970906407	2.10425369359334e-14	3.37307333203064e-14
9606.ENSP00000380070	9606.ENSP00000495530	GAPDH	ENO1	9606	0.902	0	0	0	0	0.647	0	0.736	GAPDH	ENO1	0.479496117313595	2.14574567446395e-30	4.58999043006898e-30
9606.ENSP00000380638	9606.ENSP00000497806	PTK2B	DLG4	9606	0.814	0	0	0	0	0.292	0.54	0.476	PTK2B	DLG4	0.485244673535676	3.44383143332472e-31	7.45819487208467e-31
9606.ENSP00000380638	9606.ENSP00000432511	PTK2B	JAK3	9606	0.929	0	0	0	0	0.292	0.9	0.082	PTK2B	JAK3	0.446047989892157	4.6489703061015e-26	9.22778162890436e-26
9606.ENSP00000380697	9606.ENSP00000498321	IRF7	MYD88	9606	0.994	0	0	0	0	0.483	0.5	0.982	IRF7	MYD88	0.320149530480998	1.68672298204203e-13	2.66493802815448e-13
9606.ENSP00000380697	9606.ENSP00000471896	IRF7	IRF3	9606	0.998	0	0	0	0	0.457	0.9	0.981	IRF7	IRF3	0.640912911166893	9.32555606598288e-60	3.03590657257448e-59
9606.ENSP00000380948	9606.ENSP00000454623	ITGB2	ITGAX	9606	0.999	0	0	0	0	0.967	0.9	0.982	ITGB2	ITGAX	0.847821987167661	1.11899361148294e-140	2.52722708950545e-139
9606.ENSP00000380948	9606.ENSP00000496959	ITGB2	ITGAM	9606	0.999	0	0	0	0	0.926	0.9	0.982	ITGB2	ITGAM	0.927081062143481	1.73928954833658e-216	3.66627742709783e-214
9606.ENSP00000380998	9606.ENSP00000469240	CHMP1A	CHMP2A	9606	0.993	0	0	0	0	0.375	0.9	0.905	CHMP1A	CHMP2A	0.554660900872696	4.43724804617094e-42	1.1123903798602e-41
9606.ENSP00000381605	9606.ENSP00000460274	PCDHGA8	PCDHGA9	9606	0.747	0	0	0	0	0.608	0	0.382	PCDHGA8	PCDHGA9	0.998386639906226	0	0
9606.ENSP00000382697	9606.ENSP00000400175	ROCK1	RHOA	9606	0.998	0	0	0	0	0.72	0.9	0.958	ROCK1	RHOA	0.309597419369266	1.11376011828286e-12	1.72678897897425e-12
9606.ENSP00000383178	9606.ENSP00000497733	DIAPH3	CDC42	9606	0.85	0	0	0	0	0.526	0.4	0.516	DIAPH3	CDC42	0.343817238866744	1.85234342332534e-15	3.04451116913674e-15
9606.ENSP00000384053	9606.ENSP00000391592	CSF2RB	PTPN6	9606	0.716	0	0	0	0	0.457	0.5	0	CSF2RB	PTPN6	0.509256577831696	1.12304876779396e-34	2.54890251963645e-34
9606.ENSP00000384053	9606.ENSP00000499900	CSF2RB	JAK1	9606	0.819	0	0	0	0	0.457	0.65	0.125	CSF2RB	JAK1	0.377940061086854	1.36061361519371e-18	2.3719311782443e-18
9606.ENSP00000384053	9606.ENSP00000394227	CSF2RB	CSF2RA	9606	0.999	0	0	0	0	0.9	0.9	0.912	CSF2RB	CSF2RA	0.829850562696021	1.52390138125784e-129	2.34328786862717e-128
9606.ENSP00000384273	9606.ENSP00000418915	RELA	CDKN2A	9606	0.718	0	0	0	0	0.292	0	0.619	RELA	CDKN2A	0.423603136711187	2.08418075031318e-23	3.96237144525906e-23
9606.ENSP00000384273	9606.ENSP00000437955	RELA	HIF1A	9606	0.974	0	0	0	0	0.292	0	0.966	RELA	HIF1A	0.338258856941595	5.53579261652333e-15	8.99344086287461e-15
9606.ENSP00000384849	9606.ENSP00000405726	CDKN1A	CDC45	9606	0.708	0	0	0	0	0.708	0	0	CDKN1A	CDC45	0.365684674057468	2.00827674208038e-17	3.41853029548609e-17
9606.ENSP00000388169	9606.ENSP00000458162	ARPC4	ACTG1	9606	0.921	0	0	0	0	0.178	0.9	0.12	ARPC4	ACTG1	0.40062587004042	6.83719795083502e-21	1.24198866905833e-20
9606.ENSP00000388169	9606.ENSP00000389631	ARPC4	ARPC1B	9606	0.998	0	0	0	0	0.982	0.9	0.313	ARPC4	ARPC1B	0.504402986882539	5.99285700390656e-34	1.34686199834577e-33
9606.ENSP00000389351	9606.ENSP00000463784	RPSA	RPL26	9606	0.909	0	0	0	0	0.909	0	0	RPSA	RPL26	0.547694241473837	7.20136009956711e-41	1.7693871172273e-40
9606.ENSP00000389351	9606.ENSP00000464342	RPSA	RPL36	9606	0.97	0	0	0	0	0.964	0	0.205	RPSA	RPL36	0.702419807198111	2.68004439410083e-76	1.12517382487602e-75
9606.ENSP00000389351	9606.ENSP00000447001	RPSA	RPL18	9606	0.99	0	0	0	0	0.976	0	0.633	RPSA	RPL18	0.728447689489446	1.1816388136648e-84	5.78134502739868e-84
9606.ENSP00000389351	9606.ENSP00000426909	RPSA	RACK1	9606	0.991	0	0	0	0	0.982	0.54	0	RPSA	RACK1	0.728392715047902	1.23353959289587e-84	6.02944618401955e-84
9606.ENSP00000389351	9606.ENSP00000470972	RPSA	RPS19	9606	0.997	0	0	0	0	0.973	0.9	0.232	RPSA	RPS19	0.737160952120057	1.13354610687318e-87	5.93644902139901e-87
9606.ENSP00000389631	9606.ENSP00000458162	ARPC1B	ACTG1	9606	0.926	0	0	0	0	0.236	0.9	0.113	ARPC1B	ACTG1	0.465732660222544	1.49217595330786e-28	3.09635691049403e-28
9606.ENSP00000391090	9606.ENSP00000493712	CHEK1	RAD51	9606	0.903	0	0	0	0	0.457	0	0.829	CHEK1	RAD51	0.63056886433985	2.44277477259173e-57	7.69489263670085e-57
9606.ENSP00000391090	9606.ENSP00000450607	CHEK1	TIMELESS	9606	0.928	0	0	0	0	0.292	0	0.903	CHEK1	TIMELESS	0.343168074571432	2.10738226984228e-15	3.45583368010766e-15
9606.ENSP00000392617	9606.ENSP00000458162	SMARCD2	ACTG1	9606	0.846	0	0	0	0	0.225	0.8	0.09	SMARCD2	ACTG1	0.362648780405991	3.84398052989172e-17	6.51480653290527e-17
9606.ENSP00000393139	9606.ENSP00000480987	CDC7	MCM3	9606	0.908	0	0	0	0	0.814	0.5	0.089	CDC7	MCM3	0.510762970707009	6.64207671563864e-35	1.51089326009064e-34
9606.ENSP00000393566	9606.ENSP00000398890	HLA-DPA1	HLA-DMB	9606	0.904	0	0	0	0	0.081	0.9	0	HLA-DPA1	HLA-DMB	0.563874896806451	1.00444197428362e-43	2.56769679024803e-43
9606.ENSP00000393566	9606.ENSP00000496848	HLA-DPA1	HLA-DOB	9606	0.904	0	0	0	0	0.081	0.9	0	HLA-DPA1	HLA-DOB	0.873431131933069	2.58850408159341e-159	1.12890018523975e-157
9606.ENSP00000393566	9606.ENSP00000408146	HLA-DPA1	HLA-DPB1	9606	0.999	0	0	0	0	0.923	0.9	0.897	HLA-DPA1	HLA-DPB1	0.968764547262179	9.08498788563905e-307	1.53203179044827e-303
9606.ENSP00000396688	9606.ENSP00000415941	C4A	C4B	9606	0.998	0	0	0	0	0.457	0.9	0.982	C4A	C4B	0.769945193277092	3.36016782202195e-100	2.26352716532743e-99
9606.ENSP00000398890	9606.ENSP00000408146	HLA-DMB	HLA-DPB1	9606	0.921	0	0	0	0	0.247	0.9	0	HLA-DMB	HLA-DPB1	0.548878614569531	4.50461344897568e-41	1.11165070431063e-40
9606.ENSP00000398890	9606.ENSP00000496848	HLA-DMB	HLA-DOB	9606	0.973	0	0	0	0	0.749	0.9	0	HLA-DMB	HLA-DOB	0.490481501566306	6.30972167282385e-32	1.37946767255038e-31
9606.ENSP00000399168	9606.ENSP00000404833	HLA-B	TAPBP	9606	0.992	0	0	0	0	0.908	0.9	0.196	HLA-B	TAPBP	0.5566534914361	1.97548625571392e-42	4.98701844693449e-42
9606.ENSP00000399168	9606.ENSP00000497910	HLA-B	B2M	9606	0.999	0	0	0	0	0.971	0.9	0.924	HLA-B	B2M	0.909865862362633	2.62220092556296e-194	3.40146525190333e-192
9606.ENSP00000399511	9606.ENSP00000495360	TNIK	CTNNB1	9606	0.78	0	0	0	0	0.292	0	0.703	TNIK	CTNNB1	0.335398042909881	9.64243385258814e-15	1.55850073035921e-14
9606.ENSP00000400175	9606.ENSP00000482647	RHOA	ARHGEF18	9606	0.912	0	0	0	0	0.406	0.8	0.321	RHOA	ARHGEF18	0.31865506426419	2.21372436093073e-13	3.48668478890055e-13
9606.ENSP00000400175	9606.ENSP00000497733	RHOA	CDC42	9606	0.914	0	0	0	0	0.165	0.9	0.055	RHOA	CDC42	0.519340381243093	3.17401189038945e-36	7.34889068809163e-36
9606.ENSP00000401303	9606.ENSP00000447297	SHC1	TGFBR1	9606	0.721	0	0	0	0	0.041	0	0.721	SHC1	TGFBR1	0.380907096920872	6.96859827838737e-19	1.22155712717816e-18
9606.ENSP00000401303	9606.ENSP00000428924	SHC1	LYN	9606	0.868	0	0	0	0	0.457	0.5	0.554	SHC1	LYN	0.301450859371651	4.54599882861131e-12	6.93971275616917e-12
9606.ENSP00000401303	9606.ENSP00000403459	SHC1	GRB7	9606	0.884	0	0	0	0	0.292	0	0.844	SHC1	GRB7	0.411237055382557	4.97898891157338e-22	9.213132737253e-22
9606.ENSP00000404833	9606.ENSP00000497910	TAPBP	B2M	9606	0.999	0	0	0	0	0.926	0.9	0.958	TAPBP	B2M	0.447700484334148	2.91214230048613e-26	5.81394155412759e-26
9606.ENSP00000405004	9606.ENSP00000447297	ACVR1	TGFBR1	9606	0.957	0	0	0	0	0.348	0.54	0.869	ACVR1	TGFBR1	0.726546039697137	5.19517398610416e-84	2.524724802661e-83
9606.ENSP00000405726	9606.ENSP00000418915	CDC45	CDKN2A	9606	0.731	0	0	0	0	0.731	0	0	CDC45	CDKN2A	0.417990991645748	8.94336532875573e-23	1.68070153039284e-22
9606.ENSP00000405726	9606.ENSP00000450607	CDC45	TIMELESS	9606	0.934	0	0	0	0	0.902	0	0.353	CDC45	TIMELESS	0.544401645133457	2.62794769003007e-40	6.40404015600295e-40
9606.ENSP00000405726	9606.ENSP00000480987	CDC45	MCM3	9606	0.998	0	0	0	0	0.981	0.54	0.868	CDC45	MCM3	0.699377297978245	2.21665938957505e-75	9.15435089947771e-75
9606.ENSP00000414359	9606.ENSP00000478877	PSMA1	ADRM1	9606	0.875	0	0	0	0	0.748	0.5	0.088	PSMA1	ADRM1	0.502289545724759	1.23217170715189e-33	2.75821091437231e-33
9606.ENSP00000414359	9606.ENSP00000481029	PSMA1	PSMC3	9606	0.988	0	0	0	0	0.982	0	0.367	PSMA1	PSMC3	0.43850633510556	3.80599883072286e-25	7.45145049714666e-25
9606.ENSP00000414359	9606.ENSP00000483688	PSMA1	PSMB3	9606	0.998	0	0	0	0	0.951	0.9	0.688	PSMA1	PSMB3	0.601889070894667	4.32525997795038e-51	1.23484707835502e-50
9606.ENSP00000417378	9606.ENSP00000449500	ATP6V1F	RNASEK	9606	0.983	0	0	0	0	0.942	0.72	0	ATP6V1F	RNASEK	0.805402589948436	2.45928337296707e-116	2.59198220496675e-115
9606.ENSP00000418037	9606.ENSP00000498321	IRF5	MYD88	9606	0.98	0	0	0	0	0.322	0	0.972	IRF5	MYD88	0.544347322931051	2.68435529132553e-40	6.5383502257178e-40
9606.ENSP00000424846	9606.ENSP00000472929	SH3BP2	VAV1	9606	0.965	0	0	0	0	0.509	0.9	0.356	SH3BP2	VAV1	0.477206478411816	4.40425000001925e-30	9.36574222366431e-30
9606.ENSP00000426909	9606.ENSP00000478121	RACK1	ELOC	9606	0.823	0	0	0	0	0.457	0	0.688	RACK1	ELOC	0.442593358714753	1.22592746961302e-25	2.41792088451161e-25
9606.ENSP00000426909	9606.ENSP00000463784	RACK1	RPL26	9606	0.965	0	0	0	0	0.965	0	0	RACK1	RPL26	0.692143220533233	3.03007126881521e-73	1.20701815345954e-72
9606.ENSP00000426909	9606.ENSP00000447001	RACK1	RPL18	9606	0.982	0	0	0	0	0.982	0	0	RACK1	RPL18	0.767398851686411	3.73978081360655e-99	2.48941462316257e-98
9606.ENSP00000426909	9606.ENSP00000464342	RACK1	RPL36	9606	0.982	0	0	0	0	0.982	0	0	RACK1	RPL36	0.792150674694799	6.15308480783775e-110	5.33021507583069e-109
9606.ENSP00000426909	9606.ENSP00000470972	RACK1	RPS19	9606	0.991	0	0	0	0	0.982	0.54	0	RACK1	RPS19	0.744309120353029	3.07027651916358e-90	1.69384175686462e-89
9606.ENSP00000428924	9606.ENSP00000483570	LYN	BTK	9606	0.979	0	0	0	0	0.292	0.4	0.955	LYN	BTK	0.599696895155354	1.22403955968288e-50	3.47303204286915e-50
9606.ENSP00000431885	9606.ENSP00000432511	TYK2	JAK3	9606	0.885	0	0	0	0	0.292	0	0.845	TYK2	JAK3	0.400246080508672	7.49630153913705e-21	1.36122718903425e-20
9606.ENSP00000432568	9606.ENSP00000487444	SPTBN2	SPTAN1	9606	0.897	0	0	0	0	0.433	0.72	0.408	SPTBN2	SPTAN1	0.465300039320702	1.6997381499056e-28	3.52417020507067e-28
9606.ENSP00000432660	9606.ENSP00000458162	CFL1	ACTG1	9606	0.984	0	0	0	0	0.657	0.9	0.593	CFL1	ACTG1	0.467575701669546	8.54967392637947e-29	1.78215081967671e-28
9606.ENSP00000437955	9606.ENSP00000495360	HIF1A	CTNNB1	9606	0.975	0	0	0	0	0.457	0	0.957	HIF1A	CTNNB1	0.624918889404468	4.6820930543232e-56	1.45317231667614e-55
9606.ENSP00000438483	9606.ENSP00000446215	KPNA2	RAN	9606	0.809	0	0	0	0	0.571	0.54	0.111	KPNA2	RAN	0.52884760525742	9.84261808030725e-38	2.32247224199041e-37
9606.ENSP00000442973	9606.ENSP00000477848	DAPK3	AATF	9606	0.777	0	0	0	0	0.226	0	0.724	DAPK3	AATF	0.309157530659898	1.20298900370631e-12	1.86455924318328e-12
9606.ENSP00000447001	9606.ENSP00000463784	RPL18	RPL26	9606	0.929	0	0	0	0	0.929	0	0	RPL18	RPL26	0.591027053015861	6.93170162794559e-49	1.91207625604017e-48
9606.ENSP00000447001	9606.ENSP00000470972	RPL18	RPS19	9606	0.973	0	0	0	0	0.973	0	0	RPL18	RPS19	0.832771755436413	2.9118270691649e-131	4.70636841626366e-130
9606.ENSP00000447001	9606.ENSP00000464342	RPL18	RPL36	9606	0.997	0	0	0	0	0.973	0.9	0	RPL18	RPL36	0.859257695955931	1.52833989886846e-148	4.44360433814686e-147
9606.ENSP00000450607	9606.ENSP00000480987	TIMELESS	MCM3	9606	0.938	0	0	0	0	0.937	0	0	TIMELESS	MCM3	0.538862550851358	2.24639721832142e-39	5.40138950926238e-39
9606.ENSP00000451129	9606.ENSP00000498587	SNW1	NOTCH1	9606	0.886	0	0	0	0	0.457	0.8	0	SNW1	NOTCH1	-0.320200777841759	1.67102504942193e-13	2.64096086380055e-13
9606.ENSP00000458162	9606.ENSP00000496954	ACTG1	MYO1C	9606	0.717	0	0	0	0	0.227	0.65	0	ACTG1	MYO1C	0.493626039622596	2.24539386079005e-32	4.93031577332329e-32
9606.ENSP00000458162	9606.ENSP00000493594	ACTG1	MYH14	9606	0.989	0	0	0	0	0.9	0.9	0.08	ACTG1	MYH14	0.582463432678672	3.31974447622326e-47	8.97626258963841e-47
9606.ENSP00000463784	9606.ENSP00000464342	RPL26	RPL36	9606	0.949	0	0	0	0	0.949	0	0	RPL26	RPL36	0.711696790797092	3.60416005614041e-79	1.58551701947951e-78
9606.ENSP00000463784	9606.ENSP00000470972	RPL26	RPS19	9606	0.952	0	0	0	0	0.939	0	0.243	RPL26	RPS19	0.597177481723327	4.00616560094383e-50	1.12909146379804e-49
9606.ENSP00000464030	9606.ENSP00000471896	IKBKE	IRF3	9606	0.993	0	0	0	0	0.457	0.9	0.889	IKBKE	IRF3	0.305172535887129	2.40398562310849e-12	3.70108437836454e-12
9606.ENSP00000464342	9606.ENSP00000470972	RPL36	RPS19	9606	0.965	0	0	0	0	0.964	0	0	RPL36	RPS19	0.842811858825634	1.96293037857865e-137	3.87908780673023e-136
9606.ENSP00000464359	9606.ENSP00000493594	MYL12A	MYH14	9606	0.946	0	0	0	0	0.471	0.9	0.061	MYL12A	MYH14	0.329583424180927	2.92655822844616e-14	4.67786985077697e-14
9606.ENSP00000471896	9606.ENSP00000496832	IRF3	ISG15	9606	0.961	0	0	0	0	0.292	0.9	0.503	IRF3	ISG15	0.438726791933852	3.58178565819503e-25	7.017913882575e-25
9606.ENSP00000472445	9606.ENSP00000480987	POLD1	MCM3	9606	0.87	0	0	0	0	0.556	0.72	0	POLD1	MCM3	0.364426784293336	2.63035351216252e-17	4.46392432674612e-17
9606.ENSP00000472929	9606.ENSP00000483570	VAV1	BTK	9606	0.991	0	0	0	0	0.292	0.4	0.981	VAV1	BTK	0.872085655770546	3.0918559071407e-158	1.27168284831096e-156
9606.ENSP00000473172	9606.ENSP00000478303	RUVBL2	POLR2E	9606	0.868	0	0	0	0	0.457	0.54	0.516	RUVBL2	POLR2E	0.660976532435852	1.00892079885239e-64	3.50799334803727e-64
9606.ENSP00000473172	9606.ENSP00000495360	RUVBL2	CTNNB1	9606	0.985	0	0	0	0	0.457	0	0.974	RUVBL2	CTNNB1	-0.366552897525777	1.66584379496814e-17	2.84328736799724e-17
9606.ENSP00000478877	9606.ENSP00000483688	ADRM1	PSMB3	9606	0.839	0	0	0	0	0.675	0.5	0.088	ADRM1	PSMB3	0.81724035757613	1.75093900493496e-122	2.19257436286287e-121
9606.ENSP00000478877	9606.ENSP00000481029	ADRM1	PSMC3	9606	0.939	0	0	0	0	0.813	0.54	0.353	ADRM1	PSMC3	0.699423234248891	2.14749343813498e-75	8.87595531333729e-75
9606.ENSP00000479719	9606.ENSP00000481038	CYFIP2	CYFIP1	9606	0.97	0	0	0	0	0.186	0.9	0.671	CYFIP2	CYFIP1	0.40194842465613	4.9578184155842e-21	9.02865491880506e-21
9606.ENSP00000481029	9606.ENSP00000483688	PSMC3	PSMB3	9606	0.963	0	0	0	0	0.959	0	0.145	PSMC3	PSMB3	0.799629341816169	1.72739311982854e-113	1.65196253179822e-112
9606.ENSP00000483570	9606.ENSP00000498321	BTK	MYD88	9606	0.952	0	0	0	0	0.292	0	0.936	BTK	MYD88	0.601716600231452	4.69551564597746e-51	1.33979772436548e-50
9606.ENSP00000484390	9606.ENSP00000499797	DAPK2	CALM2	9606	0.749	0	0	0	0	0.749	0	0	DAPK2	CALM2	0.512354434201184	3.80267215879707e-35	8.68128088960034e-35
9606.ENSP00000494125	9606.ENSP00000498577	TPM4	TPM3	9606	0.891	0	0	0	0	0.597	0.72	0.117	TPM4	TPM3	0.516788914916336	7.91406771831438e-36	1.82485271590485e-35
9606.ENSP00000496954	9606.ENSP00000499797	MYO1C	CALM2	9606	0.916	0	0	0	0	0.916	0	0	MYO1C	CALM2	0.310633175118754	9.28459364017545e-13	1.44214796517186e-12
9606.ENSP00000054666	9606.ENSP00000338562	VAMP3	STX3	9606	0.919	0	0	0	0	0.706	0.54	0.45	VAMP3	STX3	0.339259578131726	4.55284223951215e-15	7.40605430536719e-15
9606.ENSP00000156084	9606.ENSP00000388107	OTUD5	UBA52	9606	0.9	0	0	0	0	0.9	0	0	OTUD5	UBA52	0.37409334101112	3.20676238460057e-18	5.54822534326071e-18
9606.ENSP00000199814	9606.ENSP00000300413	RBM22	SNRPD1	9606	0.99	0	0	0	0	0.912	0.9	0	RBM22	SNRPD1	0.320098749005335	1.70242066904446e-13	2.68889983287416e-13
9606.ENSP00000199814	9606.ENSP00000424417	RBM22	PLRG1	9606	0.998	0	0	0	0	0.973	0.9	0.547	RBM22	PLRG1	0.432848346946496	1.78097308204867e-24	3.4481220138095e-24
9606.ENSP00000206474	9606.ENSP00000439056	HAUS4	HAUS5	9606	0.997	0	0	0	0	0.973	0.9	0	HAUS4	HAUS5	0.35075874047032	4.57566085427447e-16	7.59956279112756e-16
9606.ENSP00000212015	9606.ENSP00000352516	SIRT1	DNMT1	9606	0.741	0	0	0	0	0.457	0	0.543	SIRT1	DNMT1	0.302585662292937	3.74694957416783e-12	5.7302956153915e-12
9606.ENSP00000215071	9606.ENSP00000357292	PSMD8	UBQLN4	9606	0.758	0	0	0	0	0.758	0	0	PSMD8	UBQLN4	0.358907723070444	8.47456035869121e-17	1.42861715610193e-16
9606.ENSP00000215071	9606.ENSP00000388107	PSMD8	UBA52	9606	0.835	0	0	0	0	0.835	0	0	PSMD8	UBA52	0.602310883262239	3.53736347047315e-51	1.01276297663405e-50
9606.ENSP00000215071	9606.ENSP00000440485	PSMD8	PSMD9	9606	0.896	0	0	0	0	0.647	0.72	0	PSMD8	PSMD9	0.587055848441987	4.22910180079199e-48	1.15836632432088e-47
9606.ENSP00000215071	9606.ENSP00000259457	PSMD8	PSMB7	9606	0.943	0	0	0	0	0.935	0	0.161	PSMD8	PSMB7	0.537672959842568	3.54299212578267e-39	8.5028449546179e-39
9606.ENSP00000215071	9606.ENSP00000355325	PSMD8	PSMB5	9606	0.95	0	0	0	0	0.948	0	0.089	PSMD8	PSMB5	0.71676888185713	8.67421115498726e-81	3.93921312684745e-80
9606.ENSP00000215071	9606.ENSP00000270586	PSMD8	PSMB6	9606	0.965	0	0	0	0	0.951	0	0.314	PSMD8	PSMB6	0.586700191758306	4.96661283094542e-48	1.35963713808186e-47
9606.ENSP00000215071	9606.ENSP00000310572	PSMD8	PSMC5	9606	0.991	0	0	0	0	0.967	0.72	0.107	PSMD8	PSMC5	0.371849638379987	5.25963642807166e-18	9.0752048736748e-18
9606.ENSP00000215071	9606.ENSP00000310129	PSMD8	PSMD2	9606	0.997	0	0	0	0	0.981	0.72	0.553	PSMD8	PSMD2	0.514508873247573	1.77889332536287e-35	4.07582487908095e-35
9606.ENSP00000215071	9606.ENSP00000357876	PSMD8	PSMD4	9606	0.998	0	0	0	0	0.983	0.72	0.786	PSMD8	PSMD4	0.482791043079463	7.55114343468657e-31	1.62627648514599e-30
9606.ENSP00000215071	9606.ENSP00000309474	PSMD8	PSMD1	9606	0.998	0	0	0	0	0.988	0.72	0.628	PSMD8	PSMD1	0.31965606498538	1.84546552122692e-13	2.91301406299126e-13
9606.ENSP00000215071	9606.ENSP00000484998	PSMD8	PSMC6	9606	0.998	0	0	0	0	0.984	0.72	0.587	PSMD8	PSMC6	0.311614981373914	7.80843311782756e-13	1.21547271209506e-12
9606.ENSP00000215071	9606.ENSP00000264639	PSMD8	PSMD3	9606	0.999	0	0	0	0	0.99	0.72	0.987	PSMD8	PSMD3	0.465533447754713	1.5844393585136e-28	3.28646113764671e-28
9606.ENSP00000215071	9606.ENSP00000396937	PSMD8	PSMD13	9606	0.999	0	0	0	0	0.989	0.72	0.986	PSMD8	PSMD13	0.391511946225678	6.02455380901683e-20	1.07355469249088e-19
9606.ENSP00000215071	9606.ENSP00000418695	PSMD8	PSMD6	9606	0.999	0	0	0	0	0.979	0.72	0.986	PSMD8	PSMD6	0.338270131360962	5.5236359639594e-15	8.97657383285275e-15
9606.ENSP00000215071	9606.ENSP00000386541	PSMD8	PSMD14	9606	0.999	0	0	0	0	0.99	0.72	0.986	PSMD8	PSMD14	0.407087975878333	1.40239292162854e-21	2.57801809248502e-21
9606.ENSP00000215095	9606.ENSP00000379602	STX1B	VAMP1	9606	0.865	0	0	0	0	0.581	0.54	0.356	STX1B	VAMP1	0.36409581951984	2.82333535897491e-17	4.78982346782498e-17
9606.ENSP00000215980	9606.ENSP00000357308	CENPM	CENPW	9606	0.972	0	0	0	0	0.8	0.8	0.374	CENPM	CENPW	0.674369331343072	2.95136310110309e-68	1.08430979872771e-67
9606.ENSP00000215980	9606.ENSP00000281453	CENPM	CENPU	9606	0.993	0	0	0	0	0.917	0.8	0.621	CENPM	CENPU	0.665689612439505	6.04223216116384e-66	2.13909394704884e-65
9606.ENSP00000215980	9606.ENSP00000283006	CENPM	CENPH	9606	0.999	0	0	0	0	0.947	0.8	0.98	CENPM	CENPH	0.671051018145293	2.30612311362699e-67	8.37521667755848e-67
9606.ENSP00000215980	9606.ENSP00000379911	CENPM	CENPK	9606	0.999	0	0	0	0	0.947	0.8	0.978	CENPM	CENPK	0.575224137320564	8.00168467566964e-46	2.11718215346301e-45
9606.ENSP00000216190	9606.ENSP00000318646	EIF3D	RPS15A	9606	0.844	0	0	0	0	0.844	0	0	EIF3D	RPS15A	0.498192645351492	4.91251039763829e-33	1.08810814805832e-32
9606.ENSP00000216190	9606.ENSP00000498019	EIF3D	RPS17	9606	0.865	0	0	0	0	0.865	0	0	EIF3D	RPS17	0.545179580069808	1.93797194956569e-40	4.73632854727189e-40
9606.ENSP00000216190	9606.ENSP00000379339	EIF3D	RPS29	9606	0.867	0	0	0	0	0.867	0	0	EIF3D	RPS29	0.501112719967649	1.83668357743442e-33	4.09510014025594e-33
9606.ENSP00000216190	9606.ENSP00000385958	EIF3D	RPS14	9606	0.868	0	0	0	0	0.868	0	0	EIF3D	RPS14	0.523738336566576	6.45235582089712e-37	1.509129361901e-36
9606.ENSP00000216190	9606.ENSP00000481646	EIF3D	RPS10	9606	0.869	0	0	0	0	0.869	0	0	EIF3D	RPS10	0.401488037002458	5.5456536198346e-21	1.00846375495123e-20
9606.ENSP00000216190	9606.ENSP00000375632	EIF3D	RPS9	9606	0.877	0	0	0	0	0.877	0	0	EIF3D	RPS9	0.655585403260823	2.37416841910695e-63	8.13747834164097e-63
9606.ENSP00000216190	9606.ENSP00000362744	EIF3D	RPS4X	9606	0.881	0	0	0	0	0.881	0	0	EIF3D	RPS4X	0.596841299036736	4.68916777118838e-50	1.31864923593341e-49
9606.ENSP00000216190	9606.ENSP00000414321	EIF3D	RPS24	9606	0.885	0	0	0	0	0.885	0	0	EIF3D	RPS24	0.534628028020193	1.12799679938105e-38	2.69176217361734e-38
9606.ENSP00000216190	9606.ENSP00000341885	EIF3D	RPS2	9606	0.885	0	0	0	0	0.885	0	0	EIF3D	RPS2	0.548949894989499	4.3789364621836e-41	1.08116347302034e-40
9606.ENSP00000216190	9606.ENSP00000495273	EIF3D	RPS7	9606	0.885	0	0	0	0	0.885	0	0	EIF3D	RPS7	0.420855066873147	4.26742334946049e-23	8.06759892560561e-23
9606.ENSP00000216190	9606.ENSP00000379888	EIF3D	RPS8	9606	0.887	0	0	0	0	0.887	0	0	EIF3D	RPS8	0.584647408840263	1.25118702377521e-47	3.40126553104718e-47
9606.ENSP00000216190	9606.ENSP00000296674	EIF3D	RPS23	9606	0.887	0	0	0	0	0.887	0	0	EIF3D	RPS23	0.535253804883594	8.89948188884708e-39	2.12671133092477e-38
9606.ENSP00000216190	9606.ENSP00000435096	EIF3D	RPS25	9606	0.887	0	0	0	0	0.887	0	0	EIF3D	RPS25	0.489027474175989	1.01374336307896e-31	2.21152551695405e-31
9606.ENSP00000216190	9606.ENSP00000466010	EIF3D	RPS15	9606	0.887	0	0	0	0	0.887	0	0	EIF3D	RPS15	0.359527536604592	7.43953977943734e-17	1.25497271571102e-16
9606.ENSP00000216190	9606.ENSP00000429374	EIF3D	RPS20	9606	0.89	0	0	0	0	0.889	0	0	EIF3D	RPS20	0.485916852554821	2.77427619589092e-31	6.01588653022382e-31
9606.ENSP00000216190	9606.ENSP00000393241	EIF3D	RPS18	9606	0.896	0	0	0	0	0.895	0	0	EIF3D	RPS18	0.564824463812841	6.75196453837048e-44	1.73040469096334e-43
9606.ENSP00000216190	9606.ENSP00000270625	EIF3D	RPS11	9606	0.898	0	0	0	0	0.898	0	0	EIF3D	RPS11	0.499312726303686	3.37208629322053e-33	7.49204416223218e-33
9606.ENSP00000216190	9606.ENSP00000367806	EIF3D	RPS16	9606	0.905	0	0	0	0	0.904	0	0	EIF3D	RPS16	0.457974089334399	1.49980676231751e-27	3.05578832483458e-27
9606.ENSP00000216190	9606.ENSP00000293831	EIF3D	EIF4A1	9606	0.928	0	0	0	0	0.928	0	0	EIF3D	EIF4A1	0.304624189126987	2.64209478404699e-12	4.06025440841243e-12
9606.ENSP00000216190	9606.ENSP00000472985	EIF3D	RPS5	9606	0.932	0	0	0	0	0.932	0	0	EIF3D	RPS5	0.636882166477517	8.37483648992285e-59	2.69689992377592e-58
9606.ENSP00000216190	9606.ENSP00000431822	EIF3D	FAU	9606	0.947	0	0	0	0	0.947	0	0	EIF3D	FAU	0.398222089289674	1.22175540656822e-20	2.21298267161783e-20
9606.ENSP00000216190	9606.ENSP00000364119	EIF3D	EIF2S2	9606	0.95	0	0	0	0	0.863	0.65	0	EIF3D	EIF2S2	0.385638719151418	2.36342173968913e-19	4.1704048067971e-19
9606.ENSP00000216190	9606.ENSP00000253108	EIF3D	EIF3G	9606	0.997	0	0	0	0	0.939	0.9	0.559	EIF3D	EIF3G	0.540668414667554	1.12092644167342e-39	2.70680996106244e-39
9606.ENSP00000216190	9606.ENSP00000248342	EIF3D	EIF3K	9606	0.997	0	0	0	0	0.974	0.9	0	EIF3D	EIF3K	0.449637541393891	1.6775182459388e-26	3.36101576483343e-26
9606.ENSP00000216190	9606.ENSP00000354125	EIF3D	EIF3B	9606	0.997	0	0	0	0	0.939	0.9	0.642	EIF3D	EIF3B	0.52953357447546	7.62800639675917e-38	1.80243271187317e-37
9606.ENSP00000216190	9606.ENSP00000429931	EIF3D	EIF3H	9606	0.997	0	0	0	0	0.953	0.9	0.462	EIF3D	EIF3H	0.687745172032731	5.61426372590144e-72	2.19494282761479e-71
9606.ENSP00000216190	9606.ENSP00000431800	EIF3D	EIF3F	9606	0.998	0	0	0	0	0.954	0.9	0.792	EIF3D	EIF3F	0.667650243285198	1.84485816765462e-66	6.58190230618103e-66
9606.ENSP00000216190	9606.ENSP00000220849	EIF3D	EIF3E	9606	0.999	0	0	0	0	0.989	0.9	0.92	EIF3D	EIF3E	0.581788271994901	4.4819491641762e-47	1.20864503313259e-46
9606.ENSP00000216190	9606.ENSP00000332604	EIF3D	EIF3C	9606	0.999	0	0	0	0	0.979	0.9	0.914	EIF3D	EIF3C	0.388118159642051	1.33166832808007e-19	2.36134247169893e-19
9606.ENSP00000217133	9606.ENSP00000320130	TUBB1	DYNC1I1	9606	0.761	0	0	0	0	0.346	0.65	0	TUBB1	DYNC1I1	0.450921427546481	1.16157620052527e-26	2.3346897093593e-26
9606.ENSP00000217133	9606.ENSP00000333326	TUBB1	TUBA8	9606	0.933	0	0	0	0	0.142	0.65	0.796	TUBB1	TUBA8	0.458945459763368	1.1270922525538e-27	2.298250586727e-27
9606.ENSP00000219255	9606.ENSP00000354621	PARD6A	SMURF1	9606	0.744	0	0	0	0	0.457	0.5	0.136	PARD6A	SMURF1	-0.302269046780454	3.95491868664835e-12	6.04469294131541e-12
9606.ENSP00000220849	9606.ENSP00000318646	EIF3E	RPS15A	9606	0.844	0	0	0	0	0.844	0	0	EIF3E	RPS15A	0.580573802721887	7.67707968243559e-47	2.06148333935465e-46
9606.ENSP00000220849	9606.ENSP00000498019	EIF3E	RPS17	9606	0.865	0	0	0	0	0.865	0	0	EIF3E	RPS17	0.523419391628604	7.24829505380525e-37	1.69450668563774e-36
9606.ENSP00000220849	9606.ENSP00000472985	EIF3E	RPS5	9606	0.867	0	0	0	0	0.867	0	0	EIF3E	RPS5	0.477864774055045	3.58364885247358e-30	7.64320385525456e-30
9606.ENSP00000220849	9606.ENSP00000379339	EIF3E	RPS29	9606	0.867	0	0	0	0	0.867	0	0	EIF3E	RPS29	0.497004079289916	7.31206110175654e-33	1.61465373696143e-32
9606.ENSP00000220849	9606.ENSP00000362744	EIF3E	RPS4X	9606	0.867	0	0	0	0	0.867	0	0	EIF3E	RPS4X	0.554385935487959	4.95934658010332e-42	1.24204625488825e-41
9606.ENSP00000220849	9606.ENSP00000385958	EIF3E	RPS14	9606	0.868	0	0	0	0	0.868	0	0	EIF3E	RPS14	0.443411732477596	9.75311116232093e-26	1.92587780523738e-25
9606.ENSP00000220849	9606.ENSP00000375632	EIF3E	RPS9	9606	0.877	0	0	0	0	0.877	0	0	EIF3E	RPS9	0.475787765111915	6.85799401699094e-30	1.45592076088784e-29
9606.ENSP00000220849	9606.ENSP00000481646	EIF3E	RPS10	9606	0.881	0	0	0	0	0.881	0	0	EIF3E	RPS10	0.314671746677773	4.53571834226489e-13	7.10188767982609e-13
9606.ENSP00000220849	9606.ENSP00000414321	EIF3E	RPS24	9606	0.885	0	0	0	0	0.885	0	0	EIF3E	RPS24	0.531222221601042	4.062758637952e-38	9.6269301870722e-38
9606.ENSP00000220849	9606.ENSP00000495273	EIF3E	RPS7	9606	0.885	0	0	0	0	0.885	0	0	EIF3E	RPS7	0.432882449735657	1.76463765834914e-24	3.41780318284392e-24
9606.ENSP00000220849	9606.ENSP00000429374	EIF3E	RPS20	9606	0.89	0	0	0	0	0.89	0	0	EIF3E	RPS20	0.447686135073135	2.92402689350277e-26	5.83536570186608e-26
9606.ENSP00000220849	9606.ENSP00000270625	EIF3E	RPS11	9606	0.893	0	0	0	0	0.892	0	0	EIF3E	RPS11	0.369206765397037	9.37415294915848e-18	1.60758778880653e-17
9606.ENSP00000220849	9606.ENSP00000393241	EIF3E	RPS18	9606	0.896	0	0	0	0	0.895	0	0	EIF3E	RPS18	0.540848153138295	1.04574983065794e-39	2.52647965296015e-39
9606.ENSP00000220849	9606.ENSP00000341885	EIF3E	RPS2	9606	0.896	0	0	0	0	0.895	0	0	EIF3E	RPS2	0.40006214907205	7.8376418485661e-21	1.42269932227829e-20
9606.ENSP00000220849	9606.ENSP00000379888	EIF3E	RPS8	9606	0.897	0	0	0	0	0.897	0	0	EIF3E	RPS8	0.552982969104364	8.73422311007477e-42	2.18204615870954e-41
9606.ENSP00000220849	9606.ENSP00000435096	EIF3E	RPS25	9606	0.897	0	0	0	0	0.897	0	0	EIF3E	RPS25	0.589557558240296	1.35749259234047e-48	3.73439642449724e-48
9606.ENSP00000220849	9606.ENSP00000296674	EIF3E	RPS23	9606	0.898	0	0	0	0	0.897	0	0	EIF3E	RPS23	0.497568452497424	6.05484450021961e-33	1.33995880693836e-32
9606.ENSP00000220849	9606.ENSP00000367806	EIF3E	RPS16	9606	0.904	0	0	0	0	0.904	0	0	EIF3E	RPS16	0.311213108888529	8.38258715032584e-13	1.30444504440167e-12
9606.ENSP00000220849	9606.ENSP00000431822	EIF3E	FAU	9606	0.947	0	0	0	0	0.947	0	0	EIF3E	FAU	0.318969629882243	2.09085525675327e-13	3.29521393891426e-13
9606.ENSP00000220849	9606.ENSP00000364119	EIF3E	EIF2S2	9606	0.95	0	0	0	0	0.863	0.65	0	EIF3E	EIF2S2	0.336682115416511	7.52178306562878e-15	1.21768641692851e-14
9606.ENSP00000220849	9606.ENSP00000431800	EIF3E	EIF3F	9606	0.999	0	0	0	0	0.984	0.9	0.96	EIF3E	EIF3F	0.459491011212923	9.59621408693593e-28	1.96150493195187e-27
9606.ENSP00000220849	9606.ENSP00000429931	EIF3E	EIF3H	9606	0.999	0	0	0	0	0.971	0.9	0.909	EIF3E	EIF3H	0.740986893720428	4.90809089059461e-89	2.63588448147751e-88
9606.ENSP00000221138	9606.ENSP00000377958	PPP2CB	CCT4	9606	0.734	0	0	0	0	0.734	0	0	PPP2CB	CCT4	0.446265558232842	4.37194015649602e-26	8.68721337459283e-26
9606.ENSP00000221138	9606.ENSP00000275603	PPP2CB	CCT6A	9606	0.734	0	0	0	0	0.734	0	0	PPP2CB	CCT6A	0.315341875802487	4.02311483177247e-13	6.30707714097828e-13
9606.ENSP00000221138	9606.ENSP00000325074	PPP2CB	PPP2R2A	9606	0.991	0	0	0	0	0.825	0.9	0.576	PPP2CB	PPP2R2A	0.310802198232246	9.01232595246775e-13	1.40071757276603e-12
9606.ENSP00000222005	9606.ENSP00000362361	CDC37	CDK9	9606	0.724	0	0	0	0	0.458	0	0.512	CDC37	CDK9	0.663575146334509	2.15022274945151e-65	7.56465708586592e-65
9606.ENSP00000222005	9606.ENSP00000275493	CDC37	EGFR	9606	0.763	0	0	0	0	0.457	0.5	0.199	CDC37	EGFR	-0.441767158082268	1.54334571577231e-25	3.03923159832313e-25
9606.ENSP00000225430	9606.ENSP00000448035	RPL19	NACA	9606	0.8	0	0	0	0	0.8	0	0	RPL19	NACA	0.808819018547817	4.57979206207896e-118	5.03677566131684e-117
9606.ENSP00000225430	9606.ENSP00000246117	RPL19	NCLN	9606	0.83	0	0	0	0	0.83	0	0	RPL19	NCLN	0.435317817496035	9.11377878508143e-25	1.77674785640566e-24
9606.ENSP00000225430	9606.ENSP00000363384	RPL19	ZNF593	9606	0.847	0	0	0	0	0.847	0	0	RPL19	ZNF593	0.717663381244957	4.45746444067849e-81	2.04075227198122e-80
9606.ENSP00000225430	9606.ENSP00000346012	RPL19	RPL36AL	9606	0.887	0	0	0	0	0.887	0	0	RPL19	RPL36AL	0.696381004560083	1.73000796674587e-74	7.0467876841927e-74
9606.ENSP00000225430	9606.ENSP00000318646	RPL19	RPS15A	9606	0.934	0	0	0	0	0.933	0	0	RPL19	RPS15A	0.7673197443968	4.02849332942537e-99	2.67456007264606e-98
9606.ENSP00000225430	9606.ENSP00000362744	RPL19	RPS4X	9606	0.938	0	0	0	0	0.933	0	0.122	RPL19	RPS4X	0.54997847610848	2.90877516818265e-41	7.18880975859112e-41
9606.ENSP00000225430	9606.ENSP00000481646	RPL19	RPS10	9606	0.946	0	0	0	0	0.945	0	0	RPL19	RPS10	0.737519590468363	8.46524804034502e-88	4.45173491019807e-87
9606.ENSP00000225430	9606.ENSP00000294189	RPL19	RPL29	9606	0.947	0	0	0	0	0.947	0	0	RPL19	RPL29	0.889652971508331	2.32210421762049e-173	1.80731157491416e-171
9606.ENSP00000225430	9606.ENSP00000274242	RPL19	RPL37	9606	0.947	0	0	0	0	0.947	0	0	RPL19	RPL37	0.859321615391353	1.37507361881039e-148	4.04447525439638e-147
9606.ENSP00000225430	9606.ENSP00000388107	RPL19	UBA52	9606	0.947	0	0	0	0	0.947	0	0	RPL19	UBA52	0.801437348703814	2.2701237387261e-114	2.22568914616576e-113
9606.ENSP00000225430	9606.ENSP00000431822	RPL19	FAU	9606	0.947	0	0	0	0	0.947	0	0	RPL19	FAU	0.874420858234892	4.10003012018416e-160	1.88564112527379e-158
9606.ENSP00000225430	9606.ENSP00000431240	RPL19	RPLP2	9606	0.954	0	0	0	0	0.954	0	0	RPL19	RPLP2	0.797945446718585	1.12236320268923e-112	1.03803207356578e-111
9606.ENSP00000225430	9606.ENSP00000413436	RPL19	RPL10	9606	0.954	0	0	0	0	0.954	0	0	RPL19	RPL10	0.793501461947437	1.44044029557072e-110	1.26733694874649e-109
9606.ENSP00000225430	9606.ENSP00000346037	RPL19	RPLP1	9606	0.963	0	0	0	0	0.963	0	0	RPL19	RPLP1	0.702220035668163	3.08139283617317e-76	1.29260085888889e-75
9606.ENSP00000225430	9606.ENSP00000498019	RPL19	RPS17	9606	0.963	0	0	0	0	0.963	0	0	RPL19	RPS17	0.762595483150799	3.24264514796324e-97	2.05828629906474e-96
9606.ENSP00000225430	9606.ENSP00000414321	RPL19	RPS24	9606	0.966	0	0	0	0	0.966	0	0	RPL19	RPS24	0.793663030899363	1.20990997730668e-110	1.06636490857047e-109
9606.ENSP00000225430	9606.ENSP00000472985	RPL19	RPS5	9606	0.968	0	0	0	0	0.968	0	0	RPL19	RPS5	0.609395318413829	1.15409619989015e-52	3.37489750014119e-52
9606.ENSP00000225430	9606.ENSP00000466010	RPL19	RPS15	9606	0.968	0	0	0	0	0.967	0	0	RPL19	RPS15	0.750746720634796	1.26075405321998e-92	7.23967622615196e-92
9606.ENSP00000225430	9606.ENSP00000449328	RPL19	RPLP0	9606	0.97	0	0	0	0	0.969	0	0	RPL19	RPLP0	0.598337442439896	2.32389041740185e-50	6.56424434485536e-50
9606.ENSP00000225430	9606.ENSP00000495273	RPL19	RPS7	9606	0.971	0	0	0	0	0.971	0	0	RPL19	RPS7	0.804254649067391	9.21264944093837e-116	9.43457358739012e-115
9606.ENSP00000225430	9606.ENSP00000464813	RPL19	RPL27	9606	0.973	0	0	0	0	0.973	0	0	RPL19	RPL27	0.819864781509207	6.60197666760844e-124	8.69776040662269e-123
9606.ENSP00000225430	9606.ENSP00000354739	RPL19	RPL12	9606	0.973	0	0	0	0	0.973	0	0	RPL19	RPL12	0.736592385946669	1.79901391280344e-87	9.40207787693452e-87
9606.ENSP00000225430	9606.ENSP00000341885	RPL19	RPS2	9606	0.973	0	0	0	0	0.973	0	0	RPL19	RPS2	0.682662365615443	1.53699540025735e-70	5.86399677971488e-70
9606.ENSP00000225430	9606.ENSP00000379888	RPL19	RPS8	9606	0.973	0	0	0	0	0.973	0	0	RPL19	RPS8	0.760303235292473	2.62795080236484e-96	1.62131745233704e-95
9606.ENSP00000225430	9606.ENSP00000420311	RPL19	RPL23	9606	0.974	0	0	0	0	0.974	0	0	RPL19	RPL23	0.863771283960694	7.701247355315e-152	2.5801728722211e-150
9606.ENSP00000225430	9606.ENSP00000385958	RPL19	RPS14	9606	0.974	0	0	0	0	0.954	0	0.454	RPL19	RPS14	0.819138746172754	1.64368827222998e-123	2.12128034928863e-122
9606.ENSP00000225430	9606.ENSP00000389103	RPL19	RPL23A	9606	0.975	0	0	0	0	0.975	0	0	RPL19	RPL23A	0.729883547360947	3.83057412720918e-85	1.89431813387598e-84
9606.ENSP00000225430	9606.ENSP00000393241	RPL19	RPS18	9606	0.975	0	0	0	0	0.975	0	0	RPL19	RPS18	0.745474112628654	1.1498309174977e-90	6.37828356537377e-90
9606.ENSP00000225430	9606.ENSP00000367806	RPL19	RPS16	9606	0.975	0	0	0	0	0.975	0	0	RPL19	RPS16	0.821970675328402	4.57565389041685e-125	6.1893671207537e-124
9606.ENSP00000225430	9606.ENSP00000307889	RPL19	RPL13	9606	0.975	0	0	0	0	0.975	0	0	RPL19	RPL13	0.753390432210923	1.25672093162249e-93	7.33304635879837e-93
9606.ENSP00000225430	9606.ENSP00000378163	RPL19	RPL34	9606	0.975	0	0	0	0	0.975	0	0	RPL19	RPL34	0.807256067221629	2.86136269080477e-117	3.06687157897909e-116
9606.ENSP00000225430	9606.ENSP00000309334	RPL19	RPL15	9606	0.975	0	0	0	0	0.975	0	0	RPL19	RPL15	0.685063537409642	3.24569471974611e-71	1.24961716797531e-70
9606.ENSP00000225430	9606.ENSP00000346015	RPL19	RPL27A	9606	0.975	0	0	0	0	0.975	0	0	RPL19	RPL27A	0.837018577634161	8.0376454310651e-134	1.4574354206365e-132
9606.ENSP00000225430	9606.ENSP00000429374	RPL19	RPS20	9606	0.975	0	0	0	0	0.975	0	0	RPL19	RPS20	0.838388559352829	1.15837406466114e-134	2.1465986787988e-133
9606.ENSP00000225430	9606.ENSP00000346001	RPL19	RPL3	9606	0.976	0	0	0	0	0.976	0	0	RPL19	RPL3	0.512549360526115	3.55086319036583e-35	8.11740482605547e-35
9606.ENSP00000225430	9606.ENSP00000452763	RPL19	RPL28	9606	0.976	0	0	0	0	0.976	0	0	RPL19	RPL28	0.750771412544981	1.23405891355084e-92	7.09443641324284e-92
9606.ENSP00000225430	9606.ENSP00000435096	RPL19	RPS25	9606	0.976	0	0	0	0	0.975	0	0.081	RPL19	RPS25	0.782398767827093	1.60888157585478e-105	1.23323210488626e-104
9606.ENSP00000225430	9606.ENSP00000270625	RPL19	RPS11	9606	0.976	0	0	0	0	0.976	0	0	RPL19	RPS11	0.862133325133755	1.24966255895677e-150	4.07873734565311e-149
9606.ENSP00000225430	9606.ENSP00000379506	RPL19	RPL14	9606	0.977	0	0	0	0	0.975	0	0.087	RPL19	RPL14	0.813575705396626	1.56030976785993e-120	1.81880348285792e-119
9606.ENSP00000225430	9606.ENSP00000259469	RPL19	RPL35	9606	0.978	0	0	0	0	0.975	0	0.128	RPL19	RPL35	0.830668563750785	5.06963735703201e-130	7.89147550437691e-129
9606.ENSP00000225430	9606.ENSP00000418082	RPL19	RPL37A	9606	0.978	0	0	0	0	0.972	0	0.249	RPL19	RPL37A	0.799854457495439	1.34322532172746e-113	1.28944533256531e-112
9606.ENSP00000225430	9606.ENSP00000311430	RPL19	RPL4	9606	0.979	0	0	0	0	0.975	0	0.226	RPL19	RPL4	0.784845037298761	1.31862284550204e-106	1.03425007370462e-105
9606.ENSP00000225430	9606.ENSP00000375632	RPL19	RPS9	9606	0.985	0	0	0	0	0.975	0	0.416	RPL19	RPS9	0.666204695003662	4.42811326800699e-66	1.57316186958198e-65
9606.ENSP00000225430	9606.ENSP00000355315	RPL19	RPL39	9606	0.99	0	0	0	0	0.911	0.9	0	RPL19	RPL39	0.666939023094856	2.84000221412336e-66	1.01108875448628e-65
9606.ENSP00000225430	9606.ENSP00000363018	RPL19	RPL10A	9606	0.994	0	0	0	0	0.947	0.9	0	RPL19	RPL10A	0.49128860090978	4.8448770555101e-32	1.06013118615162e-31
9606.ENSP00000225430	9606.ENSP00000361076	RPL19	RPL7A	9606	0.994	0	0	0	0	0.975	0.72	0.232	RPL19	RPL7A	0.743853857435433	4.50022817597828e-90	2.46926836684101e-89
9606.ENSP00000225430	9606.ENSP00000379339	RPL19	RPS29	9606	0.995	0	0	0	0	0.957	0.9	0	RPL19	RPS29	0.651523444269893	2.45763014213648e-62	8.29983370431805e-62
9606.ENSP00000225430	9606.ENSP00000386717	RPL19	RPL31	9606	0.997	0	0	0	0	0.975	0.9	0.129	RPL19	RPL31	0.771461276562439	7.88579235855659e-101	5.45748612064813e-100
9606.ENSP00000225430	9606.ENSP00000416429	RPL19	RPL32	9606	0.997	0	0	0	0	0.975	0.9	0	RPL19	RPL32	0.861747851803814	2.39518446265421e-150	7.57327387285478e-149
9606.ENSP00000225430	9606.ENSP00000262584	RPL19	RPL8	9606	0.997	0	0	0	0	0.973	0.9	0	RPL19	RPL8	0.791000031680187	2.10168150251928e-109	1.7929859563651e-108
9606.ENSP00000225430	9606.ENSP00000309830	RPL19	RPL38	9606	0.997	0	0	0	0	0.975	0.9	0.09	RPL19	RPL38	0.865070264790454	8.23229564549781e-153	2.83314174629751e-151
9606.ENSP00000225430	9606.ENSP00000296674	RPL19	RPS23	9606	0.997	0	0	0	0	0.975	0.9	0	RPL19	RPS23	0.718367240450753	2.63498664771399e-81	1.21295700189127e-80
9606.ENSP00000230461	9606.ENSP00000420387	TMEM30A	ATP11A	9606	0.973	0	0	0	0	0.682	0.9	0.231	TMEM30A	ATP11A	0.410117719846519	6.59308736310019e-22	1.2182041260016e-21
9606.ENSP00000234739	9606.ENSP00000501277	BCL9	LDB1	9606	0.918	0	0	0	0	0.221	0.9	0	BCL9	LDB1	0.56970973494865	8.57243719061936e-45	2.23201028035735e-44
9606.ENSP00000236192	9606.ENSP00000254976	VAMP4	SNAP25	9606	0.736	0	0	0	0	0.246	0.54	0.3	VAMP4	SNAP25	0.505140029353098	4.65532327972125e-34	1.04999021275568e-33
9606.ENSP00000236192	9606.ENSP00000338562	VAMP4	STX3	9606	0.852	0	0	0	0	0.619	0.54	0.225	VAMP4	STX3	0.312679621999467	6.46702407460985e-13	1.00852881607433e-12
9606.ENSP00000237596	9606.ENSP00000262304	PKD2	PKD1	9606	0.999	0	0	0	0	0.967	0.54	0.987	PKD2	PKD1	0.365632867634589	2.03076785412494e-17	3.45565239623884e-17
9606.ENSP00000238112	9606.ENSP00000412566	CPSF3	SNRPB	9606	0.9	0	0	0	0	0.9	0	0	CPSF3	SNRPB	0.395849616017502	2.15673041648059e-20	3.88012061770104e-20
9606.ENSP00000240423	9606.ENSP00000341382	NCAPH	SMC4	9606	0.999	0	0	0	0	0.928	0.9	0.983	NCAPH	SMC4	0.527759670376975	1.47285504784671e-37	3.46888905356447e-37
9606.ENSP00000243253	9606.ENSP00000425261	SEC61A1	COX18	9606	0.783	0	0	0	0	0.332	0.585	0.281	SEC61A1	COX18	0.30491518095909	2.51300188761376e-12	3.86539268757617e-12
9606.ENSP00000243253	9606.ENSP00000246117	SEC61A1	NCLN	9606	0.8	0	0	0	0	0.8	0	0	SEC61A1	NCLN	0.450956462105838	1.14995941270928e-26	2.31225940735146e-26
9606.ENSP00000243253	9606.ENSP00000295702	SEC61A1	SSR2	9606	0.895	0	0	0	0	0.8	0.5	0	SEC61A1	SSR2	0.448058656797357	2.63048009282957e-26	5.25369079732523e-26
9606.ENSP00000243253	9606.ENSP00000317331	SEC61A1	SSR4	9606	0.904	0	0	0	0	0.8	0.54	0	SEC61A1	SSR4	0.324418528809403	7.69318201166469e-14	1.22120513953598e-13
9606.ENSP00000243253	9606.ENSP00000420641	SEC61A1	SSR3	9606	0.949	0	0	0	0	0.838	0.5	0.43	SEC61A1	SSR3	0.436265520962034	7.03722996977706e-25	1.37297903652534e-24
9606.ENSP00000243344	9606.ENSP00000382717	TTC21B	WDR19	9606	0.999	0	0	0	0	0.926	0.9	0.968	TTC21B	WDR19	0.372731838401231	4.33175162088039e-18	7.48440281763453e-18
9606.ENSP00000243344	9606.ENSP00000314444	TTC21B	WDR35	9606	0.999	0	0	0	0	0.964	0.9	0.983	TTC21B	WDR35	0.694137767814048	7.92375283505916e-74	3.1941247484115e-73
9606.ENSP00000245157	9606.ENSP00000317469	BBS2	BBS1	9606	0.999	0	0	0	0	0.757	0.9	0.983	BBS2	BBS1	0.372502622933101	4.55605995013445e-18	7.86927527747702e-18
9606.ENSP00000245157	9606.ENSP00000264499	BBS2	BBS7	9606	0.999	0	0	0	0	0.692	0.9	0.985	BBS2	BBS7	0.352526960770611	3.18670291218071e-16	5.31362229160257e-16
9606.ENSP00000246117	9606.ENSP00000477502	NCLN	NOMO2	9606	0.786	0	0	0	0	0.434	0	0.639	NCLN	NOMO2	0.314350658668351	4.80347096303237e-13	7.51879938180097e-13
9606.ENSP00000246117	9606.ENSP00000378163	NCLN	RPL34	9606	0.8	0	0	0	0	0.8	0	0	NCLN	RPL34	0.365237517540574	2.2107611915336e-17	3.75688305944525e-17
9606.ENSP00000246117	9606.ENSP00000418082	NCLN	RPL37A	9606	0.8	0	0	0	0	0.8	0	0	NCLN	RPL37A	0.455471354588875	3.11808784330611e-27	6.32240737446317e-27
9606.ENSP00000246117	9606.ENSP00000420311	NCLN	RPL23	9606	0.8	0	0	0	0	0.8	0	0	NCLN	RPL23	0.357907001880312	1.04518533878917e-16	1.75784329419362e-16
9606.ENSP00000246117	9606.ENSP00000274242	NCLN	RPL37	9606	0.8	0	0	0	0	0.8	0	0	NCLN	RPL37	0.453205941712184	6.01648867686447e-27	1.21506651561906e-26
9606.ENSP00000246117	9606.ENSP00000346015	NCLN	RPL27A	9606	0.8	0	0	0	0	0.8	0	0	NCLN	RPL27A	0.434217396894969	1.2292719076869e-24	2.3900409611791e-24
9606.ENSP00000246117	9606.ENSP00000416429	NCLN	RPL32	9606	0.8	0	0	0	0	0.8	0	0	NCLN	RPL32	0.461944268961058	4.63866445176958e-28	9.52781301725632e-28
9606.ENSP00000246117	9606.ENSP00000386717	NCLN	RPL31	9606	0.8	0	0	0	0	0.8	0	0	NCLN	RPL31	0.354923101005753	1.94470591841287e-16	3.25554839220738e-16
9606.ENSP00000246117	9606.ENSP00000389103	NCLN	RPL23A	9606	0.8	0	0	0	0	0.8	0	0	NCLN	RPL23A	0.408029343307001	1.11015569607842e-21	2.04451316580296e-21
9606.ENSP00000246117	9606.ENSP00000309830	NCLN	RPL38	9606	0.8	0	0	0	0	0.8	0	0	NCLN	RPL38	0.456131793303554	2.57197185400411e-27	5.22135056557255e-27
9606.ENSP00000246117	9606.ENSP00000452763	NCLN	RPL28	9606	0.8	0	0	0	0	0.8	0	0	NCLN	RPL28	0.571974402409185	3.25453048044858e-45	8.54419808022281e-45
9606.ENSP00000246117	9606.ENSP00000307889	NCLN	RPL13	9606	0.8	0	0	0	0	0.8	0	0	NCLN	RPL13	0.614175579048588	1.09111696388358e-53	3.24322016468097e-53
9606.ENSP00000246117	9606.ENSP00000259469	NCLN	RPL35	9606	0.8	0	0	0	0	0.8	0	0	NCLN	RPL35	0.416275136830453	1.38847683664169e-22	2.59966851094386e-22
9606.ENSP00000246117	9606.ENSP00000294189	NCLN	RPL29	9606	0.8	0	0	0	0	0.8	0	0	NCLN	RPL29	0.535099410562174	9.43589952603106e-39	2.25383454684566e-38
9606.ENSP00000246117	9606.ENSP00000379506	NCLN	RPL14	9606	0.8	0	0	0	0	0.8	0	0	NCLN	RPL14	0.41421806776951	2.3448781658274e-22	4.37255386690779e-22
9606.ENSP00000246117	9606.ENSP00000464813	NCLN	RPL27	9606	0.8	0	0	0	0	0.8	0	0	NCLN	RPL27	0.459271392977807	1.02385357511982e-27	2.08857872440773e-27
9606.ENSP00000246117	9606.ENSP00000355315	NCLN	RPL39	9606	0.8	0	0	0	0	0.8	0	0	NCLN	RPL39	0.48901647928768	1.01737567632537e-31	2.21849290798708e-31
9606.ENSP00000246117	9606.ENSP00000262584	NCLN	RPL8	9606	0.801	0	0	0	0	0.801	0	0	NCLN	RPL8	0.605645502438443	7.13954684344906e-52	2.06512106809656e-51
9606.ENSP00000246117	9606.ENSP00000361076	NCLN	RPL7A	9606	0.801	0	0	0	0	0.801	0	0	NCLN	RPL7A	0.451231800198653	1.06257271409363e-26	2.13824795568801e-26
9606.ENSP00000246117	9606.ENSP00000346001	NCLN	RPL3	9606	0.801	0	0	0	0	0.801	0	0	NCLN	RPL3	0.351430453604367	3.98920529832083e-16	6.64079947489473e-16
9606.ENSP00000246117	9606.ENSP00000413436	NCLN	RPL10	9606	0.801	0	0	0	0	0.801	0	0	NCLN	RPL10	0.504832719296774	5.17267431340972e-34	1.16563738759643e-33
9606.ENSP00000246117	9606.ENSP00000311430	NCLN	RPL4	9606	0.83	0	0	0	0	0.83	0	0	NCLN	RPL4	0.356755799803583	1.32912906160397e-16	2.22872519809561e-16
9606.ENSP00000248342	9606.ENSP00000293831	EIF3K	EIF4A1	9606	0.8	0	0	0	0	0.8	0	0	EIF3K	EIF4A1	0.400657922935151	6.78426124975604e-21	1.23281528960186e-20
9606.ENSP00000248342	9606.ENSP00000318646	EIF3K	RPS15A	9606	0.844	0	0	0	0	0.844	0	0	EIF3K	RPS15A	0.665597553544174	6.38694632127582e-66	2.2595497510024e-65
9606.ENSP00000248342	9606.ENSP00000364119	EIF3K	EIF2S2	9606	0.863	0	0	0	0	0.863	0	0	EIF3K	EIF2S2	0.596597361599514	5.25597074267868e-50	1.47639955509225e-49
9606.ENSP00000248342	9606.ENSP00000375632	EIF3K	RPS9	9606	0.865	0	0	0	0	0.865	0	0	EIF3K	RPS9	0.577395720938553	3.10608017547701e-46	8.25730930516985e-46
9606.ENSP00000248342	9606.ENSP00000498019	EIF3K	RPS17	9606	0.865	0	0	0	0	0.865	0	0	EIF3K	RPS17	0.695320929608489	3.55728859407707e-74	1.44432768839774e-73
9606.ENSP00000248342	9606.ENSP00000472985	EIF3K	RPS5	9606	0.867	0	0	0	0	0.867	0	0	EIF3K	RPS5	0.607897684178356	2.39660048642255e-52	6.97205397401476e-52
9606.ENSP00000248342	9606.ENSP00000362744	EIF3K	RPS4X	9606	0.867	0	0	0	0	0.867	0	0	EIF3K	RPS4X	0.47273864032366	1.76406517111439e-29	3.72005239711033e-29
9606.ENSP00000248342	9606.ENSP00000379339	EIF3K	RPS29	9606	0.867	0	0	0	0	0.867	0	0	EIF3K	RPS29	0.612586444979902	2.40078694775474e-53	7.10267904601826e-53
9606.ENSP00000248342	9606.ENSP00000385958	EIF3K	RPS14	9606	0.868	0	0	0	0	0.868	0	0	EIF3K	RPS14	0.707191775078129	9.23084353406417e-78	3.96088527895086e-77
9606.ENSP00000248342	9606.ENSP00000270625	EIF3K	RPS11	9606	0.873	0	0	0	0	0.873	0	0	EIF3K	RPS11	0.756131606949515	1.11535688831199e-94	6.63834176231809e-94
9606.ENSP00000248342	9606.ENSP00000429374	EIF3K	RPS20	9606	0.879	0	0	0	0	0.879	0	0	EIF3K	RPS20	0.68810558074441	4.4284040758132e-72	1.73266018712598e-71
9606.ENSP00000248342	9606.ENSP00000481646	EIF3K	RPS10	9606	0.881	0	0	0	0	0.881	0	0	EIF3K	RPS10	0.650216636570489	5.17313276922807e-62	1.73892881591527e-61
9606.ENSP00000248342	9606.ENSP00000341885	EIF3K	RPS2	9606	0.885	0	0	0	0	0.885	0	0	EIF3K	RPS2	0.581573871672882	4.92947209930691e-47	1.32649996544647e-46
9606.ENSP00000248342	9606.ENSP00000495273	EIF3K	RPS7	9606	0.885	0	0	0	0	0.885	0	0	EIF3K	RPS7	0.635418448677166	1.84352990967827e-58	5.92906408967728e-58
9606.ENSP00000248342	9606.ENSP00000414321	EIF3K	RPS24	9606	0.885	0	0	0	0	0.885	0	0	EIF3K	RPS24	0.660377217846008	1.43794992718318e-64	4.98259498741075e-64
9606.ENSP00000248342	9606.ENSP00000393241	EIF3K	RPS18	9606	0.885	0	0	0	0	0.885	0	0	EIF3K	RPS18	0.649541010001621	7.590041780376e-62	2.54797752932463e-61
9606.ENSP00000248342	9606.ENSP00000466010	EIF3K	RPS15	9606	0.887	0	0	0	0	0.887	0	0	EIF3K	RPS15	0.628075726827341	9.05926057394158e-57	2.8343104046735e-56
9606.ENSP00000248342	9606.ENSP00000435096	EIF3K	RPS25	9606	0.887	0	0	0	0	0.887	0	0	EIF3K	RPS25	0.661947064271644	5.67412146544192e-65	1.97831705676572e-64
9606.ENSP00000248342	9606.ENSP00000296674	EIF3K	RPS23	9606	0.887	0	0	0	0	0.887	0	0	EIF3K	RPS23	0.644894644743977	1.03233806708369e-60	3.40456211302242e-60
9606.ENSP00000248342	9606.ENSP00000379888	EIF3K	RPS8	9606	0.887	0	0	0	0	0.887	0	0	EIF3K	RPS8	0.638927215702937	2.76113788815753e-59	8.93132773413616e-59
9606.ENSP00000248342	9606.ENSP00000367806	EIF3K	RPS16	9606	0.905	0	0	0	0	0.905	0	0	EIF3K	RPS16	0.761923770016753	6.00139286378147e-97	3.76221146194182e-96
9606.ENSP00000248342	9606.ENSP00000431822	EIF3K	FAU	9606	0.947	0	0	0	0	0.947	0	0	EIF3K	FAU	0.70449700249528	6.23681611130469e-77	2.63813149724836e-76
9606.ENSP00000248342	9606.ENSP00000253108	EIF3K	EIF3G	9606	0.995	0	0	0	0	0.955	0.9	0	EIF3K	EIF3G	0.670855719112284	2.60057903079913e-67	9.42430466820403e-67
9606.ENSP00000248342	9606.ENSP00000354125	EIF3K	EIF3B	9606	0.995	0	0	0	0	0.956	0.9	0	EIF3K	EIF3B	0.590925862772613	7.26086052552612e-49	2.00178165660145e-48
9606.ENSP00000248342	9606.ENSP00000429931	EIF3K	EIF3H	9606	0.996	0	0	0	0	0.959	0.9	0.247	EIF3K	EIF3H	0.460760175396422	6.59313319563156e-28	1.35039112699191e-27
9606.ENSP00000248342	9606.ENSP00000332604	EIF3K	EIF3C	9606	0.996	0	0	0	0	0.964	0.9	0	EIF3K	EIF3C	0.472376461248609	1.97232832903147e-29	4.15231336519775e-29
9606.ENSP00000248342	9606.ENSP00000362688	EIF3K	EIF3I	9606	0.996	0	0	0	0	0.952	0.9	0.344	EIF3K	EIF3I	0.700099978941993	1.34525959663043e-75	5.60137308588755e-75
9606.ENSP00000248342	9606.ENSP00000431800	EIF3K	EIF3F	9606	0.999	0	0	0	0	0.978	0.9	0.852	EIF3K	EIF3F	0.566953745063947	2.75801915025544e-44	7.12241903070051e-44
9606.ENSP00000249344	9606.ENSP00000377867	STRIP2	STK26	9606	0.742	0	0	0	0	0.582	0	0.409	STRIP2	STK26	0.454588502328494	4.03076002030033e-27	8.15664597707974e-27
9606.ENSP00000251303	9606.ENSP00000376952	SLX1A	EME1	9606	0.942	0	0	0	0	0.42	0.4	0.849	SLX1A	EME1	0.471136927357332	2.88674753380984e-29	6.05726079367232e-29
9606.ENSP00000252015	9606.ENSP00000352928	TRPC4AP	DDA1	9606	0.94	0	0	0	0	0.432	0.9	0	TRPC4AP	DDA1	0.317124165832732	2.9201184963502e-13	4.58927600902009e-13
9606.ENSP00000253023	9606.ENSP00000354340	UBE2M	UBA3	9606	0.999	0	0	0	0	0.966	0.5	0.957	UBE2M	UBA3	-0.311029177451907	8.65895907773233e-13	1.34688932946644e-12
9606.ENSP00000253108	9606.ENSP00000481646	EIF3G	RPS10	9606	0.844	0	0	0	0	0.844	0	0	EIF3G	RPS10	0.681908936235238	2.49601671776652e-70	9.49424704900814e-70
9606.ENSP00000253108	9606.ENSP00000318646	EIF3G	RPS15A	9606	0.844	0	0	0	0	0.844	0	0	EIF3G	RPS15A	0.579958088976599	1.00767006295684e-46	2.69725018439083e-46
9606.ENSP00000253108	9606.ENSP00000385958	EIF3G	RPS14	9606	0.844	0	0	0	0	0.844	0	0	EIF3G	RPS14	0.728161822393419	1.47744091782015e-84	7.21464633518547e-84
9606.ENSP00000253108	9606.ENSP00000435096	EIF3G	RPS25	9606	0.847	0	0	0	0	0.847	0	0	EIF3G	RPS25	0.578306619481824	2.0840577460692e-46	5.55785352523145e-46
9606.ENSP00000253108	9606.ENSP00000379339	EIF3G	RPS29	9606	0.847	0	0	0	0	0.847	0	0	EIF3G	RPS29	0.598083348707541	2.61882983121914e-50	7.39322551123752e-50
9606.ENSP00000253108	9606.ENSP00000414321	EIF3G	RPS24	9606	0.857	0	0	0	0	0.857	0	0	EIF3G	RPS24	0.633236242878946	5.93072309455735e-58	1.89058148300981e-57
9606.ENSP00000253108	9606.ENSP00000362744	EIF3G	RPS4X	9606	0.86	0	0	0	0	0.859	0	0	EIF3G	RPS4X	0.552236155292548	1.17921136936456e-41	2.93873414660852e-41
9606.ENSP00000253108	9606.ENSP00000375632	EIF3G	RPS9	9606	0.862	0	0	0	0	0.862	0	0	EIF3G	RPS9	0.7172040185385	6.27645660198782e-81	2.85544909617414e-80
9606.ENSP00000253108	9606.ENSP00000498019	EIF3G	RPS17	9606	0.864	0	0	0	0	0.864	0	0	EIF3G	RPS17	0.667115314015874	2.55227188585559e-66	9.09291793700241e-66
9606.ENSP00000253108	9606.ENSP00000367806	EIF3G	RPS16	9606	0.87	0	0	0	0	0.87	0	0	EIF3G	RPS16	0.734087135421617	1.35750495705139e-86	6.95102993696659e-86
9606.ENSP00000253108	9606.ENSP00000270625	EIF3G	RPS11	9606	0.88	0	0	0	0	0.88	0	0	EIF3G	RPS11	0.724365231554211	2.79554146441402e-83	1.33547160231072e-82
9606.ENSP00000253108	9606.ENSP00000393241	EIF3G	RPS18	9606	0.885	0	0	0	0	0.885	0	0	EIF3G	RPS18	0.601355539280636	5.57556751702838e-51	1.58822049936073e-50
9606.ENSP00000253108	9606.ENSP00000379888	EIF3G	RPS8	9606	0.886	0	0	0	0	0.886	0	0	EIF3G	RPS8	0.699942696132967	1.49991191064142e-75	6.22992968467565e-75
9606.ENSP00000253108	9606.ENSP00000495273	EIF3G	RPS7	9606	0.888	0	0	0	0	0.888	0	0	EIF3G	RPS7	0.629897710267921	3.48037425800058e-57	1.09361573734316e-56
9606.ENSP00000253108	9606.ENSP00000341885	EIF3G	RPS2	9606	0.889	0	0	0	0	0.889	0	0	EIF3G	RPS2	0.696355846764801	1.75992355228884e-74	7.16287469913858e-74
9606.ENSP00000253108	9606.ENSP00000472985	EIF3G	RPS5	9606	0.891	0	0	0	0	0.891	0	0	EIF3G	RPS5	0.670020853016979	4.34222707911778e-67	1.56909477094692e-66
9606.ENSP00000253108	9606.ENSP00000431822	EIF3G	FAU	9606	0.892	0	0	0	0	0.892	0	0	EIF3G	FAU	0.689289953840104	2.02561207356817e-72	7.9500166642214e-72
9606.ENSP00000253108	9606.ENSP00000466010	EIF3G	RPS15	9606	0.893	0	0	0	0	0.893	0	0	EIF3G	RPS15	0.79829802856062	7.59622053658295e-113	7.05124398065562e-112
9606.ENSP00000253108	9606.ENSP00000293831	EIF3G	EIF4A1	9606	0.937	0	0	0	0	0.931	0	0.129	EIF3G	EIF4A1	0.305510395760073	2.26786390765243e-12	3.4967842680973e-12
9606.ENSP00000253108	9606.ENSP00000296674	EIF3G	RPS23	9606	0.945	0	0	0	0	0.944	0	0	EIF3G	RPS23	0.657662971266071	7.08384734793763e-64	2.44455550704069e-63
9606.ENSP00000253108	9606.ENSP00000429374	EIF3G	RPS20	9606	0.955	0	0	0	0	0.906	0	0.543	EIF3G	RPS20	0.673835892906061	4.11474153946503e-68	1.51062971321869e-67
9606.ENSP00000253108	9606.ENSP00000364119	EIF3G	EIF2S2	9606	0.961	0	0	0	0	0.893	0.65	0	EIF3G	EIF2S2	0.450858626235294	1.18269096576244e-26	2.37618490698657e-26
9606.ENSP00000253108	9606.ENSP00000429931	EIF3G	EIF3H	9606	0.994	0	0	0	0	0.951	0.9	0	EIF3G	EIF3H	0.427180947908455	8.11755763009583e-24	1.55673707546076e-23
9606.ENSP00000253108	9606.ENSP00000431800	EIF3G	EIF3F	9606	0.997	0	0	0	0	0.945	0.9	0.59	EIF3G	EIF3F	0.667668133272954	1.82491886087632e-66	6.51535957457536e-66
9606.ENSP00000253108	9606.ENSP00000332604	EIF3G	EIF3C	9606	0.999	0	0	0	0	0.962	0.9	0.98	EIF3G	EIF3C	0.473369355569097	1.45203779689846e-29	3.06588448017918e-29
9606.ENSP00000253108	9606.ENSP00000362688	EIF3G	EIF3I	9606	0.999	0	0	0	0	0.99	0.9	0.962	EIF3G	EIF3I	0.577581702269606	2.86334035011321e-46	7.62402043748565e-46
9606.ENSP00000253108	9606.ENSP00000354125	EIF3G	EIF3B	9606	0.999	0	0	0	0	0.981	0.9	0.974	EIF3G	EIF3B	0.598671854763116	1.98541105005182e-50	5.61128184481127e-50
9606.ENSP00000253413	9606.ENSP00000363162	ATP6V1E1	ATP6V1G1	9606	0.999	0	0	0	0	0.976	0.9	0.607	ATP6V1E1	ATP6V1G1	0.378007800780078	1.34008889889601e-18	2.33695613220093e-18
9606.ENSP00000253413	9606.ENSP00000276390	ATP6V1E1	ATP6V1B2	9606	0.999	0	0	0	0	0.977	0.956	0.307	ATP6V1E1	ATP6V1B2	0.361928056159653	4.47999851718857e-17	7.58257360269554e-17
9606.ENSP00000254337	9606.ENSP00000352928	DCAF15	DDA1	9606	0.996	0	0	0	0	0.928	0.9	0.576	DCAF15	DDA1	0.552578021777333	1.02790890385628e-41	2.56546183749823e-41
9606.ENSP00000254976	9606.ENSP00000295987	SNAP25	SYN1	9606	0.828	0	0	0	0	0.292	0.5	0.554	SNAP25	SYN1	0.432990212801199	1.71398507084721e-24	3.32224156069579e-24
9606.ENSP00000254976	9606.ENSP00000338562	SNAP25	STX3	9606	0.904	0	0	0	0	0.642	0.54	0.465	SNAP25	STX3	0.393775960722157	3.5309742928966e-20	6.3210187359391e-20
9606.ENSP00000254976	9606.ENSP00000261205	SNAP25	SYT1	9606	0.998	0	0	0	0	0.943	0.5	0.959	SNAP25	SYT1	0.40168333623153	5.28833849325606e-21	9.6236346897059e-21
9606.ENSP00000256545	9606.ENSP00000403210	EMC7	EMC9	9606	0.992	0	0	0	0	0.932	0.9	0	EMC7	EMC9	0.514489399250484	1.79119467820494e-35	4.10215204936115e-35
9606.ENSP00000256545	9606.ENSP00000380322	EMC7	EMC6	9606	0.992	0	0	0	0	0.932	0.9	0	EMC7	EMC6	0.612177211509971	2.93923770238676e-53	8.68044573051641e-53
9606.ENSP00000256545	9606.ENSP00000267750	EMC7	EMC4	9606	0.994	0	0	0	0	0.932	0.9	0.258	EMC7	EMC4	0.773172006641658	1.51578625291078e-101	1.06801708265677e-100
9606.ENSP00000256545	9606.ENSP00000334037	EMC7	EMC10	9606	0.996	0	0	0	0	0.967	0.9	0	EMC7	EMC10	0.433884289050023	1.34552325566823e-24	2.61405612535544e-24
9606.ENSP00000257245	9606.ENSP00000270502	TIMM10	TIMM29	9606	0.981	0	0	0	0	0.937	0.54	0.408	TIMM10	TIMM29	0.307381483489964	1.6399448386262e-12	2.53405037831703e-12
9606.ENSP00000257430	9606.ENSP00000364721	APC	MAPRE1	9606	0.782	0	0	0	0	0.576	0	0.508	APC	MAPRE1	0.484074742878014	5.01148341995468e-31	1.08300276042506e-30
9606.ENSP00000258091	9606.ENSP00000261813	CCT7	PFDN1	9606	0.89	0	0	0	0	0.885	0	0.083	CCT7	PFDN1	0.477734233050634	3.73334481072488e-30	7.95576722723554e-30
9606.ENSP00000258091	9606.ENSP00000339001	CCT7	TUBB	9606	0.903	0	0	0	0	0.903	0	0	CCT7	TUBB	0.304337017552687	2.7758412354704e-12	4.25673865118059e-12
9606.ENSP00000258091	9606.ENSP00000356989	CCT7	PFDN2	9606	0.919	0	0	0	0	0.833	0.54	0	CCT7	PFDN2	0.447051972277973	3.4999991151695e-26	6.97106122978052e-26
9606.ENSP00000258091	9606.ENSP00000275603	CCT7	CCT6A	9606	0.999	0	0	0	0	0.98	0.9	0.923	CCT7	CCT6A	0.335313531353135	9.80095130737748e-15	1.58361586279216e-14
9606.ENSP00000258091	9606.ENSP00000295688	CCT7	CCT3	9606	0.999	0	0	0	0	0.979	0.967	0.983	CCT7	CCT3	0.665861244509544	5.44817145247502e-66	1.93148559061466e-65
9606.ENSP00000258091	9606.ENSP00000286788	CCT7	CCT8	9606	0.999	0	0	0	0	0.979	0.944	0.906	CCT7	CCT8	0.542957680861254	4.61544708025478e-40	1.11934548317397e-39
9606.ENSP00000258091	9606.ENSP00000377958	CCT7	CCT4	9606	0.999	0	0	0	0	0.984	0.967	0.986	CCT7	CCT4	0.619030940361117	9.53422254605999e-55	2.89170454799265e-54
9606.ENSP00000258198	9606.ENSP00000380378	DYNC1LI2	PAFAH1B1	9606	0.714	0	0	0	0	0.452	0.5	0	DYNC1LI2	PAFAH1B1	0.565599323907546	4.8781807425822e-44	1.25336294447554e-43
9606.ENSP00000258198	9606.ENSP00000358921	DYNC1LI2	ACTR1A	9606	0.958	0	0	0	0	0.92	0.5	0	DYNC1LI2	ACTR1A	-0.366447793847708	1.70402459761804e-17	2.90747400989871e-17
9606.ENSP00000258198	9606.ENSP00000348965	DYNC1LI2	DYNC1H1	9606	0.999	0	0	0	0	0.964	0.9	0.864	DYNC1LI2	DYNC1H1	0.369112377076217	9.56869646882799e-18	1.64039428789566e-17
9606.ENSP00000258301	9606.ENSP00000272322	STX6	VPS54	9606	0.788	0	0	0	0	0.329	0.5	0.42	STX6	VPS54	0.310105047771858	1.01882143650016e-12	1.58104835805347e-12
9606.ENSP00000259457	9606.ENSP00000388107	PSMB7	UBA52	9606	0.826	0	0	0	0	0.826	0	0	PSMB7	UBA52	0.692421447113655	2.51466523330846e-73	1.00249735345213e-72
9606.ENSP00000259457	9606.ENSP00000418695	PSMB7	PSMD6	9606	0.95	0	0	0	0	0.949	0	0	PSMB7	PSMD6	0.547726667076645	7.10962855561998e-41	1.74769732083972e-40
9606.ENSP00000259457	9606.ENSP00000310572	PSMB7	PSMC5	9606	0.959	0	0	0	0	0.948	0	0.24	PSMB7	PSMC5	0.631775040858123	1.29011976219952e-57	4.08686028614113e-57
9606.ENSP00000259457	9606.ENSP00000396937	PSMB7	PSMD13	9606	0.959	0	0	0	0	0.95	0	0.221	PSMB7	PSMD13	0.67702142885096	5.5972681461638e-69	2.08670446215495e-68
9606.ENSP00000259457	9606.ENSP00000264639	PSMB7	PSMD3	9606	0.962	0	0	0	0	0.949	0	0.289	PSMB7	PSMD3	0.485951793937158	2.74323666283029e-31	5.95112962146589e-31
9606.ENSP00000259457	9606.ENSP00000386541	PSMB7	PSMD14	9606	0.964	0	0	0	0	0.962	0	0.081	PSMB7	PSMD14	0.361368994042261	5.04362802373786e-17	8.52797933559152e-17
9606.ENSP00000259457	9606.ENSP00000357876	PSMB7	PSMD4	9606	0.964	0	0	0	0	0.962	0	0.084	PSMB7	PSMD4	0.647529970388343	2.36216513526156e-61	7.8671451081555e-61
9606.ENSP00000259457	9606.ENSP00000484998	PSMB7	PSMC6	9606	0.974	0	0	0	0	0.968	0	0.222	PSMB7	PSMC6	0.483436014408894	6.14682354481961e-31	1.32665445022365e-30
9606.ENSP00000259457	9606.ENSP00000270586	PSMB7	PSMB6	9606	0.999	0	0	0	0	0.981	0.9	0.975	PSMB7	PSMB6	0.75462353688785	4.24424645096443e-94	2.50836948544732e-93
9606.ENSP00000259457	9606.ENSP00000355325	PSMB7	PSMB5	9606	0.999	0	0	0	0	0.963	0.9	0.97	PSMB7	PSMB5	0.617065277956367	2.57083848907968e-54	7.72779079991332e-54
9606.ENSP00000259469	9606.ENSP00000448035	RPL35	NACA	9606	0.816	0	0	0	0	0.816	0	0	RPL35	NACA	0.706331658010521	1.70254188962469e-77	7.27462788818524e-77
9606.ENSP00000259469	9606.ENSP00000363384	RPL35	ZNF593	9606	0.847	0	0	0	0	0.847	0	0	RPL35	ZNF593	0.683810120142449	7.32255783014273e-71	2.80642576232516e-70
9606.ENSP00000259469	9606.ENSP00000346012	RPL35	RPL36AL	9606	0.891	0	0	0	0	0.891	0	0	RPL35	RPL36AL	0.682483186206819	1.72507825056308e-70	6.57166481144474e-70
9606.ENSP00000259469	9606.ENSP00000355315	RPL35	RPL39	9606	0.896	0	0	0	0	0.895	0	0.048	RPL35	RPL39	0.669860868074385	4.78954669225785e-67	1.72950155004514e-66
9606.ENSP00000259469	9606.ENSP00000318646	RPL35	RPS15A	9606	0.899	0	0	0	0	0.899	0	0	RPL35	RPS15A	0.775699712828426	1.29067448941567e-102	9.28808284772954e-102
9606.ENSP00000259469	9606.ENSP00000346037	RPL35	RPLP1	9606	0.918	0	0	0	0	0.918	0	0	RPL35	RPLP1	0.765624295348789	1.96905370086743e-98	1.2853474416372e-97
9606.ENSP00000259469	9606.ENSP00000362744	RPL35	RPS4X	9606	0.927	0	0	0	0	0.898	0	0.318	RPL35	RPS4X	0.63105981405594	1.88443434159797e-57	5.95462419371902e-57
9606.ENSP00000259469	9606.ENSP00000385958	RPL35	RPS14	9606	0.94	0	0	0	0	0.94	0	0	RPL35	RPS14	0.802245845702583	9.09870257206545e-115	9.0078936031466e-114
9606.ENSP00000259469	9606.ENSP00000431822	RPL35	FAU	9606	0.947	0	0	0	0	0.947	0	0	RPL35	FAU	0.888329112414347	3.91360947734857e-172	2.91161034498623e-170
9606.ENSP00000259469	9606.ENSP00000416429	RPL35	RPL32	9606	0.947	0	0	0	0	0.947	0	0	RPL35	RPL32	0.87471492490864	2.36431628558127e-160	1.09734643016107e-158
9606.ENSP00000259469	9606.ENSP00000274242	RPL35	RPL37	9606	0.947	0	0	0	0	0.947	0	0	RPL35	RPL37	0.829038059085412	4.52068426777182e-129	6.84734781756217e-128
9606.ENSP00000259469	9606.ENSP00000294189	RPL35	RPL29	9606	0.947	0	0	0	0	0.947	0	0	RPL35	RPL29	0.87925068904406	4.0525122567712e-164	2.20447951688231e-162
9606.ENSP00000259469	9606.ENSP00000379339	RPL35	RPS29	9606	0.949	0	0	0	0	0.947	0	0.076	RPL35	RPS29	0.707464038329299	7.60124752360866e-78	3.26995843723948e-77
9606.ENSP00000259469	9606.ENSP00000413436	RPL35	RPL10	9606	0.951	0	0	0	0	0.951	0	0	RPL35	RPL10	0.748631136405566	7.81514829661242e-92	4.41752348967176e-91
9606.ENSP00000259469	9606.ENSP00000363018	RPL35	RPL10A	9606	0.951	0	0	0	0	0.947	0	0.119	RPL35	RPL10A	0.569396566985891	9.79518614430165e-45	2.54513850559949e-44
9606.ENSP00000259469	9606.ENSP00000466010	RPL35	RPS15	9606	0.952	0	0	0	0	0.952	0	0	RPL35	RPS15	0.781612633313021	3.56995415605589e-105	2.72404194200403e-104
9606.ENSP00000259469	9606.ENSP00000481646	RPL35	RPS10	9606	0.953	0	0	0	0	0.953	0	0	RPL35	RPS10	0.775114933853634	2.28854110145656e-102	1.6422311251445e-101
9606.ENSP00000259469	9606.ENSP00000498019	RPL35	RPS17	9606	0.953	0	0	0	0	0.953	0	0	RPL35	RPS17	0.789199199423048	1.41503944514566e-108	1.17355484475277e-107
9606.ENSP00000259469	9606.ENSP00000388107	RPL35	UBA52	9606	0.957	0	0	0	0	0.957	0	0	RPL35	UBA52	0.795315525341354	2.0144819746691e-111	1.80696175706577e-110
9606.ENSP00000259469	9606.ENSP00000472985	RPL35	RPS5	9606	0.963	0	0	0	0	0.963	0	0	RPL35	RPS5	0.595481007728102	8.84923107527147e-50	2.47612057576318e-49
9606.ENSP00000259469	9606.ENSP00000431240	RPL35	RPLP2	9606	0.963	0	0	0	0	0.963	0	0	RPL35	RPLP2	0.814841981092519	3.34456963162875e-121	3.95331256224529e-120
9606.ENSP00000259469	9606.ENSP00000414321	RPL35	RPS24	9606	0.964	0	0	0	0	0.964	0	0	RPL35	RPS24	0.818235488145088	5.08374048608996e-123	6.46197063294701e-122
9606.ENSP00000259469	9606.ENSP00000495273	RPL35	RPS7	9606	0.967	0	0	0	0	0.967	0	0	RPL35	RPS7	0.86189656232704	1.86396508685188e-150	6.04474318870748e-149
9606.ENSP00000259469	9606.ENSP00000449328	RPL35	RPLP0	9606	0.967	0	0	0	0	0.963	0	0.147	RPL35	RPLP0	0.605394576724753	8.05851886241285e-52	2.32827224014544e-51
9606.ENSP00000259469	9606.ENSP00000270625	RPL35	RPS11	9606	0.968	0	0	0	0	0.967	0	0	RPL35	RPS11	0.846135762644587	1.42427086924646e-139	3.02747324685624e-138
9606.ENSP00000259469	9606.ENSP00000378163	RPL35	RPL34	9606	0.968	0	0	0	0	0.967	0	0	RPL35	RPL34	0.870008087765298	1.34814072372594e-156	5.28701079172833e-155
9606.ENSP00000259469	9606.ENSP00000452763	RPL35	RPL28	9606	0.968	0	0	0	0	0.967	0	0	RPL35	RPL28	0.807188420705425	3.09633674897194e-117	3.31170562643743e-116
9606.ENSP00000259469	9606.ENSP00000296674	RPL35	RPS23	9606	0.968	0	0	0	0	0.967	0	0	RPL35	RPS23	0.695685903994126	2.77642510156025e-74	1.12818751717215e-73
9606.ENSP00000259469	9606.ENSP00000354739	RPL35	RPL12	9606	0.968	0	0	0	0	0.964	0	0.147	RPL35	RPL12	0.839472953506531	2.46798095818152e-135	4.66436918057742e-134
9606.ENSP00000259469	9606.ENSP00000262584	RPL35	RPL8	9606	0.97	0	0	0	0	0.97	0	0	RPL35	RPL8	0.791229899387454	1.64536549878387e-109	1.40606487472088e-108
9606.ENSP00000259469	9606.ENSP00000307889	RPL35	RPL13	9606	0.972	0	0	0	0	0.972	0	0	RPL35	RPL13	0.816972753175939	2.43860730236624e-122	3.03864885287458e-121
9606.ENSP00000259469	9606.ENSP00000346001	RPL35	RPL3	9606	0.972	0	0	0	0	0.967	0	0.162	RPL35	RPL3	0.501282581674316	1.73401522989767e-33	3.86959993297412e-33
9606.ENSP00000259469	9606.ENSP00000341885	RPL35	RPS2	9606	0.972	0	0	0	0	0.97	0	0.102	RPL35	RPS2	0.706283019606308	1.76239299875697e-77	7.5176611979018e-77
9606.ENSP00000259469	9606.ENSP00000311430	RPL35	RPL4	9606	0.972	0	0	0	0	0.968	0	0.145	RPL35	RPL4	0.742483875716764	1.41518961674579e-89	7.70661385480834e-89
9606.ENSP00000259469	9606.ENSP00000379506	RPL35	RPL14	9606	0.972	0	0	0	0	0.972	0	0	RPL35	RPL14	0.844565077625775	1.4817387951807e-138	3.05963941421191e-137
9606.ENSP00000259469	9606.ENSP00000379888	RPL35	RPS8	9606	0.973	0	0	0	0	0.973	0	0	RPL35	RPS8	0.824602460246025	1.54887998388671e-126	2.16458117085163e-125
9606.ENSP00000259469	9606.ENSP00000393241	RPL35	RPS18	9606	0.973	0	0	0	0	0.973	0	0	RPL35	RPS18	0.703632133399675	1.14621617140315e-76	4.84032354852133e-76
9606.ENSP00000259469	9606.ENSP00000435096	RPL35	RPS25	9606	0.974	0	0	0	0	0.974	0	0	RPL35	RPS25	0.786913287602052	1.55037836767776e-107	1.24894333791111e-106
9606.ENSP00000259469	9606.ENSP00000389103	RPL35	RPL23A	9606	0.974	0	0	0	0	0.973	0	0.07	RPL35	RPL23A	0.669112097545158	7.57242473305408e-67	2.72661186651392e-66
9606.ENSP00000259469	9606.ENSP00000420311	RPL35	RPL23	9606	0.974	0	0	0	0	0.968	0	0.227	RPL35	RPL23	0.849960213412646	4.25080873051037e-142	1.00961696561746e-140
9606.ENSP00000259469	9606.ENSP00000429374	RPL35	RPS20	9606	0.976	0	0	0	0	0.976	0	0	RPL35	RPS20	0.907330981545359	2.01459402301927e-191	2.42662646725107e-189
9606.ENSP00000259469	9606.ENSP00000309334	RPL35	RPL15	9606	0.976	0	0	0	0	0.975	0	0	RPL35	RPL15	0.69776850355843	6.70197723456093e-75	2.75205380110745e-74
9606.ENSP00000259469	9606.ENSP00000361076	RPL35	RPL7A	9606	0.976	0	0	0	0	0.976	0	0	RPL35	RPL7A	0.852327282417683	1.07160623034199e-143	2.68379005905947e-142
9606.ENSP00000259469	9606.ENSP00000418082	RPL35	RPL37A	9606	0.978	0	0	0	0	0.967	0	0.361	RPL35	RPL37A	0.882677646646652	4.57417449793508e-167	3.04483536645442e-165
9606.ENSP00000259469	9606.ENSP00000346015	RPL35	RPL27A	9606	0.979	0	0	0	0	0.977	0	0.12	RPL35	RPL27A	0.828158840728793	1.45688554051754e-128	2.16140291773556e-127
9606.ENSP00000259469	9606.ENSP00000375632	RPL35	RPS9	9606	0.979	0	0	0	0	0.974	0	0.213	RPL35	RPS9	0.781934559915619	2.57686181325626e-105	1.97221541804288e-104
9606.ENSP00000259469	9606.ENSP00000386717	RPL35	RPL31	9606	0.98	0	0	0	0	0.973	0	0.286	RPL35	RPL31	0.834773384170715	1.84970197260202e-132	3.15072130619314e-131
9606.ENSP00000259469	9606.ENSP00000367806	RPL35	RPS16	9606	0.981	0	0	0	0	0.976	0	0.237	RPL35	RPS16	0.784460123030937	1.95886579121288e-106	1.53166955761143e-105
9606.ENSP00000259469	9606.ENSP00000309830	RPL35	RPL38	9606	0.981	0	0	0	0	0.975	0	0.271	RPL35	RPL38	0.827052456798475	6.29306654681833e-128	9.20133631802137e-127
9606.ENSP00000259469	9606.ENSP00000464813	RPL35	RPL27	9606	0.984	0	0	0	0	0.974	0	0.422	RPL35	RPL27	0.777249060309758	2.80627054899427e-103	2.04566609616167e-102
9606.ENSP00000259512	9606.ENSP00000304051	DERL1	RNF139	9606	0.789	0	0	0	0	0.153	0.72	0.183	DERL1	RNF139	0.445183213973571	5.93229699309313e-26	1.17599884357595e-25
9606.ENSP00000259512	9606.ENSP00000351777	DERL1	VCP	9606	0.997	0	0	0	0	0.971	0.9	0.295	DERL1	VCP	0.369008671053441	9.78702641974245e-18	1.67725496807172e-17
9606.ENSP00000259632	9606.ENSP00000348965	DCTN3	DYNC1H1	9606	0.958	0	0	0	0	0.8	0.8	0	DCTN3	DYNC1H1	-0.328846766664244	3.36290178311605e-14	5.36854532053774e-14
9606.ENSP00000259632	9606.ENSP00000289228	DCTN3	ACTR1B	9606	0.966	0	0	0	0	0.679	0.9	0	DCTN3	ACTR1B	0.302320666849294	3.92025847836508e-12	5.99352905471409e-12
9606.ENSP00000259632	9606.ENSP00000408910	DCTN3	DCTN2	9606	0.996	0	0	0	0	0.937	0.9	0.43	DCTN3	DCTN2	0.459403797522609	9.84637476437266e-28	2.0102021764714e-27
9606.ENSP00000260570	9606.ENSP00000404122	IFT172	IFT74	9606	0.973	0	0	0	0	0.422	0.8	0.792	IFT172	IFT74	0.393683157135589	3.60944907976722e-20	6.45921573913774e-20
9606.ENSP00000260570	9606.ENSP00000323580	IFT172	IFT88	9606	0.989	0	0	0	0	0.617	0.8	0.868	IFT172	IFT88	0.324497915630072	7.58079281086747e-14	1.2037423361638e-13
9606.ENSP00000260570	9606.ENSP00000362424	IFT172	TRAF3IP1	9606	0.994	0	0	0	0	0.542	0.8	0.942	IFT172	TRAF3IP1	0.350232663017855	5.09338863925253e-16	8.45666331669792e-16
9606.ENSP00000261813	9606.ENSP00000286788	PFDN1	CCT8	9606	0.884	0	0	0	0	0.884	0	0	PFDN1	CCT8	0.522084071761213	1.17802879332831e-36	2.74638141264881e-36
9606.ENSP00000261813	9606.ENSP00000275603	PFDN1	CCT6A	9606	0.884	0	0	0	0	0.879	0	0.083	PFDN1	CCT6A	0.354857411206959	1.97132594279956e-16	3.29792921449173e-16
9606.ENSP00000261813	9606.ENSP00000295688	PFDN1	CCT3	9606	0.942	0	0	0	0	0.9	0	0.444	PFDN1	CCT3	0.443845378326652	8.63782862283678e-26	1.7083180220067e-25
9606.ENSP00000261813	9606.ENSP00000356989	PFDN1	PFDN2	9606	0.999	0	0	0	0	0.99	0.9	0.712	PFDN1	PFDN2	0.678207385955987	2.64625259049459e-69	9.90924637698901e-69
9606.ENSP00000261889	9606.ENSP00000275493	SNX1	EGFR	9606	0.765	0	0	0	0	0.457	0	0.585	SNX1	EGFR	0.40171259361961	5.25081849482578e-21	9.55879480580195e-21
9606.ENSP00000262187	9606.ENSP00000471700	RHEB	FKBP8	9606	0.739	0	0	0	0	0.292	0	0.647	RHEB	FKBP8	0.377326863121095	1.56106274648355e-18	2.71668951993818e-18
9606.ENSP00000262460	9606.ENSP00000353793	GINS1	WDHD1	9606	0.916	0	0	0	0	0.916	0	0	GINS1	WDHD1	0.756886899870111	5.69036493333999e-95	3.42301500567978e-94
9606.ENSP00000262498	9606.ENSP00000381553	CFAP20	CFAP53	9606	0.801	0	0	0	0	0.801	0	0	CFAP20	CFAP53	0.327962516748569	3.97144450962678e-14	6.33003710592372e-14
9606.ENSP00000262584	9606.ENSP00000448035	RPL8	NACA	9606	0.8	0	0	0	0	0.8	0	0	RPL8	NACA	0.687088180867776	8.64467181233745e-72	3.36669705147153e-71
9606.ENSP00000262584	9606.ENSP00000339063	RPL8	EEF1A1	9606	0.851	0	0	0	0	0.8	0	0.289	RPL8	EEF1A1	0.428585032416285	5.58952769981841e-24	1.07437008485491e-23
9606.ENSP00000262584	9606.ENSP00000363384	RPL8	ZNF593	9606	0.859	0	0	0	0	0.859	0	0	RPL8	ZNF593	0.683163564803685	1.11234735996547e-70	4.25027590186201e-70
9606.ENSP00000262584	9606.ENSP00000346012	RPL8	RPL36AL	9606	0.887	0	0	0	0	0.887	0	0	RPL8	RPL36AL	0.634853050522443	2.49759314275577e-58	8.01733737893491e-58
9606.ENSP00000262584	9606.ENSP00000318646	RPL8	RPS15A	9606	0.9	0	0	0	0	0.9	0	0	RPL8	RPS15A	0.739124750984415	2.2780315358884e-88	1.21183612408616e-87
9606.ENSP00000262584	9606.ENSP00000362744	RPL8	RPS4X	9606	0.925	0	0	0	0	0.925	0	0	RPL8	RPS4X	0.676381675434624	8.37232344254971e-69	3.11438119822493e-68
9606.ENSP00000262584	9606.ENSP00000385958	RPL8	RPS14	9606	0.931	0	0	0	0	0.931	0	0	RPL8	RPS14	0.843225005730387	1.0708223501144e-137	2.14122145028805e-136
9606.ENSP00000262584	9606.ENSP00000481646	RPL8	RPS10	9606	0.936	0	0	0	0	0.936	0	0	RPL8	RPS10	0.765049393138071	3.36203522483546e-98	2.18900079825516e-97
9606.ENSP00000262584	9606.ENSP00000346037	RPL8	RPLP1	9606	0.94	0	0	0	0	0.94	0	0	RPL8	RPLP1	0.823377648323838	7.54031408600264e-126	1.03377910463651e-124
9606.ENSP00000262584	9606.ENSP00000274242	RPL8	RPL37	9606	0.947	0	0	0	0	0.947	0	0	RPL8	RPL37	0.801982527445291	1.22603475714163e-114	1.20671397594932e-113
9606.ENSP00000262584	9606.ENSP00000388107	RPL8	UBA52	9606	0.947	0	0	0	0	0.947	0	0	RPL8	UBA52	0.831013877785294	3.18002484278899e-130	4.98072621661595e-129
9606.ENSP00000262584	9606.ENSP00000431822	RPL8	FAU	9606	0.947	0	0	0	0	0.947	0	0	RPL8	FAU	0.804249617508335	9.26595528285807e-116	9.46999349009677e-115
9606.ENSP00000262584	9606.ENSP00000307940	RPL8	EEF2	9606	0.955	0	0	0	0	0.947	0	0.182	RPL8	EEF2	0.38795323631742	1.38367513393843e-19	2.45184325835184e-19
9606.ENSP00000262584	9606.ENSP00000294189	RPL8	RPL29	9606	0.958	0	0	0	0	0.957	0	0	RPL8	RPL29	0.869923017146435	1.57132228734734e-156	6.11486111668476e-155
9606.ENSP00000262584	9606.ENSP00000495273	RPL8	RPS7	9606	0.958	0	0	0	0	0.957	0	0	RPL8	RPS7	0.804450413985498	7.35934774579617e-116	7.56726427763878e-115
9606.ENSP00000262584	9606.ENSP00000270625	RPL8	RPS11	9606	0.958	0	0	0	0	0.958	0	0	RPL8	RPS11	0.871019058427582	2.1651283180727e-157	8.69316203264269e-156
9606.ENSP00000262584	9606.ENSP00000472985	RPL8	RPS5	9606	0.959	0	0	0	0	0.955	0	0.131	RPL8	RPS5	0.784162049745347	2.65991026544965e-106	2.07341849505543e-105
9606.ENSP00000262584	9606.ENSP00000413436	RPL8	RPL10	9606	0.96	0	0	0	0	0.947	0	0.276	RPL8	RPL10	0.815154403639122	2.28308334355687e-121	2.73699493721663e-120
9606.ENSP00000262584	9606.ENSP00000498019	RPL8	RPS17	9606	0.96	0	0	0	0	0.96	0	0	RPL8	RPS17	0.815721199449137	1.13995879681797e-121	1.37638461887878e-120
9606.ENSP00000262584	9606.ENSP00000466010	RPL8	RPS15	9606	0.964	0	0	0	0	0.964	0	0	RPL8	RPS15	0.803298000607514	2.75090357176796e-115	2.78894211815113e-114
9606.ENSP00000262584	9606.ENSP00000378163	RPL8	RPL34	9606	0.964	0	0	0	0	0.964	0	0	RPL8	RPL34	0.793200872882319	1.99172240053746e-110	1.74932701811094e-109
9606.ENSP00000262584	9606.ENSP00000452763	RPL8	RPL28	9606	0.966	0	0	0	0	0.966	0	0	RPL8	RPL28	0.822600551980664	2.0452543120605e-125	2.78893303631107e-124
9606.ENSP00000262584	9606.ENSP00000393241	RPL8	RPS18	9606	0.967	0	0	0	0	0.965	0	0.091	RPL8	RPS18	0.803941574281652	1.31872131497238e-115	1.34504256702526e-114
9606.ENSP00000262584	9606.ENSP00000379888	RPL8	RPS8	9606	0.969	0	0	0	0	0.969	0	0	RPL8	RPS8	0.881890021300267	2.21722237629004e-166	1.40211600020641e-164
9606.ENSP00000262584	9606.ENSP00000435096	RPL8	RPS25	9606	0.969	0	0	0	0	0.969	0	0	RPL8	RPS25	0.730922377952081	1.68790731234618e-85	8.44621473111706e-85
9606.ENSP00000262584	9606.ENSP00000341885	RPL8	RPS2	9606	0.97	0	0	0	0	0.969	0	0	RPL8	RPS2	0.830131305055971	1.04520080681998e-129	1.61209478100679e-128
9606.ENSP00000262584	9606.ENSP00000354739	RPL8	RPL12	9606	0.972	0	0	0	0	0.972	0	0	RPL8	RPL12	0.78643146923388	2.55823819157074e-107	2.04456982798679e-106
9606.ENSP00000262584	9606.ENSP00000379506	RPL8	RPL14	9606	0.973	0	0	0	0	0.97	0	0.144	RPL8	RPL14	0.855419548165997	7.92866890046605e-146	2.11111241933988e-144
9606.ENSP00000262584	9606.ENSP00000309334	RPL8	RPL15	9606	0.973	0	0	0	0	0.973	0	0	RPL8	RPL15	0.685023937176326	3.33041844802106e-71	1.28126136338696e-70
9606.ENSP00000262584	9606.ENSP00000375632	RPL8	RPS9	9606	0.973	0	0	0	0	0.973	0	0	RPL8	RPS9	0.826092547142913	2.22084498771349e-127	3.21007279795502e-126
9606.ENSP00000262584	9606.ENSP00000464813	RPL8	RPL27	9606	0.974	0	0	0	0	0.967	0	0.245	RPL8	RPL27	0.798654523837477	5.11489181840086e-113	4.78303839358409e-112
9606.ENSP00000262584	9606.ENSP00000346015	RPL8	RPL27A	9606	0.974	0	0	0	0	0.974	0	0	RPL8	RPL27A	0.802990516442949	3.90500792706093e-115	3.93534563804805e-114
9606.ENSP00000262584	9606.ENSP00000414321	RPL8	RPS24	9606	0.975	0	0	0	0	0.975	0	0	RPL8	RPS24	0.796130265200433	8.27263283588362e-112	7.51368932077832e-111
9606.ENSP00000262584	9606.ENSP00000429374	RPL8	RPS20	9606	0.975	0	0	0	0	0.975	0	0	RPL8	RPS20	0.816931196225212	2.56721806529905e-122	3.19104574750563e-121
9606.ENSP00000262584	9606.ENSP00000389103	RPL8	RPL23A	9606	0.977	0	0	0	0	0.975	0	0.138	RPL8	RPL23A	0.756268111283178	9.87803012876809e-95	5.89303707799973e-94
9606.ENSP00000262584	9606.ENSP00000431240	RPL8	RPLP2	9606	0.977	0	0	0	0	0.971	0	0.242	RPL8	RPLP2	0.879999180042228	9.36890714738303e-165	5.51131409983846e-163
9606.ENSP00000262584	9606.ENSP00000420311	RPL8	RPL23	9606	0.978	0	0	0	0	0.967	0	0.352	RPL8	RPL23	0.81595423517507	8.56193149084903e-122	1.03872449429749e-120
9606.ENSP00000262584	9606.ENSP00000307889	RPL8	RPL13	9606	0.978	0	0	0	0	0.97	0	0.279	RPL8	RPL13	0.867503675833422	1.17194795405202e-154	4.32765306536436e-153
9606.ENSP00000262584	9606.ENSP00000449328	RPL8	RPLP0	9606	0.979	0	0	0	0	0.974	0	0.239	RPL8	RPLP0	0.751267859705225	8.0210638043268e-93	4.62170407586438e-92
9606.ENSP00000262584	9606.ENSP00000418082	RPL8	RPL37A	9606	0.979	0	0	0	0	0.973	0	0.23	RPL8	RPL37A	0.859738582553907	6.89266491740204e-149	2.08802346210401e-147
9606.ENSP00000262584	9606.ENSP00000346001	RPL8	RPL3	9606	0.983	0	0	0	0	0.971	0	0.465	RPL8	RPL3	0.685575917840231	2.32458997174218e-71	8.99090265064501e-71
9606.ENSP00000262584	9606.ENSP00000367806	RPL8	RPS16	9606	0.983	0	0	0	0	0.974	0	0.373	RPL8	RPS16	0.846555431940709	7.58373843093748e-140	1.6466151382881e-138
9606.ENSP00000262584	9606.ENSP00000311430	RPL8	RPL4	9606	0.985	0	0	0	0	0.974	0	0.458	RPL8	RPL4	0.813439666948061	1.83977533294815e-120	2.13963756537579e-119
9606.ENSP00000262584	9606.ENSP00000355315	RPL8	RPL39	9606	0.989	0	0	0	0	0.895	0.9	0	RPL8	RPL39	0.716640670278208	9.54073620665966e-81	4.32884165645661e-80
9606.ENSP00000262584	9606.ENSP00000361076	RPL8	RPL7A	9606	0.992	0	0	0	0	0.973	0.72	0.099	RPL8	RPL7A	0.823432063703265	7.03014474208894e-126	9.66453865495325e-125
9606.ENSP00000262584	9606.ENSP00000363018	RPL8	RPL10A	9606	0.995	0	0	0	0	0.951	0.9	0.109	RPL8	RPL10A	0.682161911843358	2.12136087495653e-70	8.07521795816785e-70
9606.ENSP00000262584	9606.ENSP00000379339	RPL8	RPS29	9606	0.995	0	0	0	0	0.957	0.9	0	RPL8	RPS29	0.687322893780061	7.41031041593597e-72	2.89042100186739e-71
9606.ENSP00000262584	9606.ENSP00000386717	RPL8	RPL31	9606	0.997	0	0	0	0	0.974	0.9	0	RPL8	RPL31	0.825676325396515	3.82770983371021e-127	5.4241972125322e-126
9606.ENSP00000262584	9606.ENSP00000416429	RPL8	RPL32	9606	0.997	0	0	0	0	0.973	0.9	0	RPL8	RPL32	0.893435026732487	5.93170114992931e-177	5.1738751926711e-175
9606.ENSP00000262584	9606.ENSP00000309830	RPL8	RPL38	9606	0.997	0	0	0	0	0.973	0.9	0	RPL8	RPL38	0.812486652391947	5.81291395546123e-120	6.66837453530122e-119
9606.ENSP00000262584	9606.ENSP00000296674	RPL8	RPS23	9606	0.997	0	0	0	0	0.974	0.9	0	RPL8	RPS23	0.759585120002683	5.0373147641692e-96	3.10021598441995e-95
9606.ENSP00000262887	9606.ENSP00000323511	XRCC1	PNKP	9606	0.997	0	0	0	0	0.618	0.5	0.986	XRCC1	PNKP	0.367199359687521	1.44884493165996e-17	2.47458018543813e-17
9606.ENSP00000263274	9606.ENSP00000479617	LIG1	UHRF1	9606	0.96	0	0	0	0	0.96	0	0	LIG1	UHRF1	0.312322008598375	6.89029487263276e-13	1.0742065257519e-12
9606.ENSP00000264020	9606.ENSP00000393541	IFT46	IFT27	9606	0.998	0	0	0	0	0.669	0.8	0.979	IFT46	IFT27	0.348860910935814	6.72951747133934e-16	1.11512050073717e-15
9606.ENSP00000264020	9606.ENSP00000323580	IFT46	IFT88	9606	0.999	0	0	0	0	0.744	0.8	0.987	IFT46	IFT88	0.310854470540222	8.92971712731502e-13	1.38830482320488e-12
9606.ENSP00000264639	9606.ENSP00000388107	PSMD3	UBA52	9606	0.835	0	0	0	0	0.835	0	0	PSMD3	UBA52	0.341494708477059	2.93460358258939e-15	4.80458237033e-15
9606.ENSP00000264639	9606.ENSP00000440485	PSMD3	PSMD9	9606	0.897	0	0	0	0	0.65	0.72	0	PSMD3	PSMD9	0.603712172459482	1.80975036476052e-51	5.20792212475738e-51
9606.ENSP00000264639	9606.ENSP00000355325	PSMD3	PSMB5	9606	0.948	0	0	0	0	0.948	0	0.051	PSMD3	PSMB5	0.529674085420964	7.23943330368997e-38	1.71221566542158e-37
9606.ENSP00000264639	9606.ENSP00000270586	PSMD3	PSMB6	9606	0.953	0	0	0	0	0.952	0	0	PSMD3	PSMB6	0.542928982339228	4.66727172163536e-40	1.13137171249417e-39
9606.ENSP00000264639	9606.ENSP00000481021	PSMD3	SEM1	9606	0.993	0	0	0	0	0.506	0.36	0.98	PSMD3	SEM1	0.420666197054488	4.48178568435781e-23	8.46968762688314e-23
9606.ENSP00000264639	9606.ENSP00000310572	PSMD3	PSMC5	9606	0.997	0	0	0	0	0.981	0.72	0.488	PSMD3	PSMC5	0.493674305318731	2.20988056693712e-32	4.85444454543418e-32
9606.ENSP00000264639	9606.ENSP00000418695	PSMD3	PSMD6	9606	0.999	0	0	0	0	0.991	0.72	0.987	PSMD3	PSMD6	0.383324108808396	4.01991697208545e-19	7.06873825574567e-19
9606.ENSP00000264639	9606.ENSP00000386541	PSMD3	PSMD14	9606	0.999	0	0	0	0	0.99	0.72	0.984	PSMD3	PSMD14	0.308243184566904	1.4114103941071e-12	2.1829181240562e-12
9606.ENSP00000264639	9606.ENSP00000396937	PSMD3	PSMD13	9606	0.999	0	0	0	0	0.98	0.72	0.987	PSMD3	PSMD13	0.398658903157396	1.09982738309468e-20	1.99498986413624e-20
9606.ENSP00000264639	9606.ENSP00000357876	PSMD3	PSMD4	9606	0.999	0	0	0	0	0.983	0.72	0.843	PSMD3	PSMD4	0.412145531323319	3.96120595214552e-22	7.3432542733251e-22
9606.ENSP00000265195	9606.ENSP00000431822	SIL1	FAU	9606	0.749	0	0	0	0	0.749	0	0	SIL1	FAU	0.522056025478324	1.19007934176801e-36	2.77319732381591e-36
9606.ENSP00000267750	9606.ENSP00000403210	EMC4	EMC9	9606	0.992	0	0	0	0	0.929	0.9	0	EMC4	EMC9	0.579644827836821	1.15696439114407e-46	3.0919613601679e-46
9606.ENSP00000267750	9606.ENSP00000334037	EMC4	EMC10	9606	0.993	0	0	0	0	0.935	0.9	0	EMC4	EMC10	0.451567423823128	9.64888805279116e-27	1.94399540657389e-26
9606.ENSP00000267750	9606.ENSP00000380322	EMC4	EMC6	9606	0.998	0	0	0	0	0.94	0.9	0.721	EMC4	EMC6	0.648131055341559	1.68394319641631e-61	5.63058072086591e-61
9606.ENSP00000267935	9606.ENSP00000366032	COMMD4	COMMD3	9606	0.746	0	0	0	0	0.653	0	0.299	COMMD4	COMMD3	0.47956348429874	2.10065161863529e-30	4.49543000790014e-30
9606.ENSP00000268057	9606.ENSP00000296135	BBS4	LZTFL1	9606	0.839	0	0	0	0	0.671	0.5	0.102	BBS4	LZTFL1	0.47228635907069	2.02780947801925e-29	4.26556679804548e-29
9606.ENSP00000268057	9606.ENSP00000295240	BBS4	BBS5	9606	0.999	0	0	0	0	0.744	0.9	0.986	BBS4	BBS5	0.337785424505183	6.07067214195584e-15	9.85291317489721e-15
9606.ENSP00000268057	9606.ENSP00000317469	BBS4	BBS1	9606	0.999	0	0	0	0	0.964	0.9	0.982	BBS4	BBS1	0.445248531064286	5.82421413746296e-26	1.15502545360349e-25
9606.ENSP00000270586	9606.ENSP00000388107	PSMB6	UBA52	9606	0.826	0	0	0	0	0.826	0	0	PSMB6	UBA52	0.613940959313323	1.22619094482918e-53	3.63829911430547e-53
9606.ENSP00000270586	9606.ENSP00000418695	PSMB6	PSMD6	9606	0.952	0	0	0	0	0.952	0	0	PSMB6	PSMD6	0.628611587866861	6.84206898430956e-57	2.143283405054e-56
9606.ENSP00000270586	9606.ENSP00000310572	PSMB6	PSMC5	9606	0.956	0	0	0	0	0.95	0	0.162	PSMB6	PSMC5	0.82566020577213	3.90915204564178e-127	5.52413413377144e-126
9606.ENSP00000270586	9606.ENSP00000396937	PSMB6	PSMD13	9606	0.957	0	0	0	0	0.952	0	0.131	PSMB6	PSMD13	0.766729561154873	7.00950583116633e-99	4.62938511747656e-98
9606.ENSP00000270586	9606.ENSP00000357876	PSMB6	PSMD4	9606	0.96	0	0	0	0	0.96	0	0	PSMB6	PSMD4	0.726177151876678	6.91392337329521e-84	3.34044156884069e-83
9606.ENSP00000270586	9606.ENSP00000386541	PSMB6	PSMD14	9606	0.968	0	0	0	0	0.961	0	0.22	PSMB6	PSMD14	0.421169818845239	3.93245459421522e-23	7.43989820199506e-23
9606.ENSP00000270586	9606.ENSP00000484998	PSMB6	PSMC6	9606	0.976	0	0	0	0	0.969	0	0.253	PSMB6	PSMC6	0.466456366133508	1.19955508168005e-28	2.49529159466258e-28
9606.ENSP00000270586	9606.ENSP00000355325	PSMB6	PSMB5	9606	0.999	0	0	0	0	0.963	0.9	0.964	PSMB6	PSMB5	0.639090648195254	2.52592008736211e-59	8.18094092315294e-59
9606.ENSP00000270625	9606.ENSP00000360365	RPS11	MCTS1	9606	0.8	0	0	0	0	0.8	0	0	RPS11	MCTS1	0.533933672870393	1.4664955100714e-38	3.49129448727116e-38
9606.ENSP00000270625	9606.ENSP00000293831	RPS11	EIF4A1	9606	0.825	0	0	0	0	0.8	0	0.164	RPS11	EIF4A1	0.337213038073994	6.78538409131084e-15	1.10023263198531e-14
9606.ENSP00000270625	9606.ENSP00000429931	RPS11	EIF3H	9606	0.849	0	0	0	0	0.849	0	0	RPS11	EIF3H	0.459434732293105	9.75691315533356e-28	1.99354699728726e-27
9606.ENSP00000270625	9606.ENSP00000431800	RPS11	EIF3F	9606	0.852	0	0	0	0	0.851	0	0	RPS11	EIF3F	0.63409076932538	3.75732683792891e-58	1.20077804630969e-57
9606.ENSP00000270625	9606.ENSP00000346012	RPS11	RPL36AL	9606	0.875	0	0	0	0	0.875	0	0	RPS11	RPL36AL	0.67979931533526	9.62714997624572e-70	3.63189796643006e-69
9606.ENSP00000270625	9606.ENSP00000362688	RPS11	EIF3I	9606	0.886	0	0	0	0	0.886	0	0	RPS11	EIF3I	0.676199421184354	9.38819813486092e-69	3.48970568436895e-68
9606.ENSP00000270625	9606.ENSP00000354125	RPS11	EIF3B	9606	0.893	0	0	0	0	0.893	0	0	RPS11	EIF3B	0.4938822764264	2.06311137667505e-32	4.53400541033844e-32
9606.ENSP00000270625	9606.ENSP00000355315	RPS11	RPL39	9606	0.895	0	0	0	0	0.895	0	0	RPS11	RPL39	0.756564041497317	7.58938924335916e-95	4.54913746234052e-94
9606.ENSP00000270625	9606.ENSP00000332604	RPS11	EIF3C	9606	0.9	0	0	0	0	0.9	0	0	RPS11	EIF3C	0.491930776928624	3.92446440839564e-32	8.59474694462057e-32
9606.ENSP00000270625	9606.ENSP00000362105	RPS11	UTP11	9606	0.9	0	0	0	0	0.9	0	0	RPS11	UTP11	0.397374364765669	1.49762449575062e-20	2.7068532776e-20
9606.ENSP00000270625	9606.ENSP00000364119	RPS11	EIF2S2	9606	0.912	0	0	0	0	0.912	0	0	RPS11	EIF2S2	0.41444094720031	2.21583876002761e-22	4.13497908040563e-22
9606.ENSP00000270625	9606.ENSP00000346037	RPS11	RPLP1	9606	0.928	0	0	0	0	0.928	0	0	RPS11	RPLP1	0.835351640754137	8.28489876362769e-133	1.42562254575485e-131
9606.ENSP00000270625	9606.ENSP00000346001	RPS11	RPL3	9606	0.939	0	0	0	0	0.939	0	0	RPS11	RPL3	0.60206200744298	3.98311610335365e-51	1.13909465047293e-50
9606.ENSP00000270625	9606.ENSP00000413436	RPS11	RPL10	9606	0.94	0	0	0	0	0.94	0	0	RPS11	RPL10	0.83633708091306	2.09275508502488e-133	3.70183495634296e-132
9606.ENSP00000270625	9606.ENSP00000431240	RPS11	RPLP2	9606	0.943	0	0	0	0	0.943	0	0	RPS11	RPLP2	0.883347403063288	1.18444918684371e-167	7.98950458165643e-166
9606.ENSP00000270625	9606.ENSP00000363018	RPS11	RPL10A	9606	0.951	0	0	0	0	0.95	0	0	RPS11	RPL10A	0.578455516359089	1.95222388393258e-46	5.21451986737851e-46
9606.ENSP00000270625	9606.ENSP00000274242	RPS11	RPL37	9606	0.956	0	0	0	0	0.956	0	0	RPS11	RPL37	0.877642267332323	9.12644021536409e-163	4.71129194382928e-161
9606.ENSP00000270625	9606.ENSP00000294189	RPS11	RPL29	9606	0.956	0	0	0	0	0.947	0	0.198	RPS11	RPL29	0.910046253072512	1.62210436686651e-194	2.15953315578359e-192
9606.ENSP00000270625	9606.ENSP00000464813	RPS11	RPL27	9606	0.962	0	0	0	0	0.962	0	0	RPS11	RPL27	0.846911740863527	4.4345790130329e-140	9.75414575084063e-139
9606.ENSP00000270625	9606.ENSP00000378163	RPS11	RPL34	9606	0.964	0	0	0	0	0.964	0	0	RPS11	RPL34	0.879411046694731	2.96357404480799e-164	1.62964359703083e-162
9606.ENSP00000270625	9606.ENSP00000416429	RPS11	RPL32	9606	0.964	0	0	0	0	0.964	0	0	RPS11	RPL32	0.928388987967119	2.17243995013484e-218	4.7784233511879e-216
9606.ENSP00000270625	9606.ENSP00000307889	RPS11	RPL13	9606	0.965	0	0	0	0	0.964	0	0	RPS11	RPL13	0.859952610167849	4.83117902873187e-149	1.48126877008209e-147
9606.ENSP00000270625	9606.ENSP00000346015	RPS11	RPL27A	9606	0.965	0	0	0	0	0.965	0	0	RPS11	RPL27A	0.866652690113732	5.23391999314591e-154	1.90492095290109e-152
9606.ENSP00000270625	9606.ENSP00000420311	RPS11	RPL23	9606	0.967	0	0	0	0	0.967	0	0	RPS11	RPL23	0.857165499158611	4.72088390050057e-147	1.29798650286046e-145
9606.ENSP00000270625	9606.ENSP00000311430	RPS11	RPL4	9606	0.967	0	0	0	0	0.967	0	0	RPS11	RPL4	0.767963411247957	2.19778091203511e-99	1.46683029472106e-98
9606.ENSP00000270625	9606.ENSP00000452763	RPS11	RPL28	9606	0.968	0	0	0	0	0.967	0	0	RPS11	RPL28	0.83923954507252	3.44588605945245e-135	6.45656947213701e-134
9606.ENSP00000270625	9606.ENSP00000449328	RPS11	RPLP0	9606	0.968	0	0	0	0	0.968	0	0	RPS11	RPLP0	0.738131390778829	5.13867652777734e-88	2.71079922356888e-87
9606.ENSP00000270625	9606.ENSP00000354739	RPS11	RPL12	9606	0.969	0	0	0	0	0.969	0	0.044	RPS11	RPL12	0.756190774356939	1.05817285633761e-94	6.3054139931825e-94
9606.ENSP00000270625	9606.ENSP00000309334	RPS11	RPL15	9606	0.974	0	0	0	0	0.974	0	0	RPS11	RPL15	0.672881573871673	7.44346254578454e-68	2.72084371525462e-67
9606.ENSP00000270625	9606.ENSP00000361076	RPS11	RPL7A	9606	0.974	0	0	0	0	0.973	0	0	RPS11	RPL7A	0.795934686636365	1.02468059810945e-111	9.29007015382739e-111
9606.ENSP00000270625	9606.ENSP00000389103	RPS11	RPL23A	9606	0.974	0	0	0	0	0.973	0	0	RPS11	RPL23A	0.789852929392318	7.09675609168045e-109	5.93429571368783e-108
9606.ENSP00000270625	9606.ENSP00000379506	RPS11	RPL14	9606	0.974	0	0	0	0	0.974	0	0	RPS11	RPL14	0.847969393212613	8.94569504193198e-141	2.06649640260885e-139
9606.ENSP00000270625	9606.ENSP00000386717	RPS11	RPL31	9606	0.974	0	0	0	0	0.974	0	0	RPS11	RPL31	0.836830825939737	1.04668200746028e-133	1.87771782827715e-132
9606.ENSP00000270625	9606.ENSP00000309830	RPS11	RPL38	9606	0.975	0	0	0	0	0.967	0	0.259	RPS11	RPL38	0.852236528000626	1.23547756989891e-143	3.07895617050178e-142
9606.ENSP00000270625	9606.ENSP00000418082	RPS11	RPL37A	9606	0.976	0	0	0	0	0.97	0	0.228	RPS11	RPL37A	0.861811305354138	2.15222308090629e-150	6.89120035842083e-149
9606.ENSP00000270625	9606.ENSP00000388107	RPS11	UBA52	9606	0.978	0	0	0	0	0.947	0.54	0.165	RPS11	UBA52	0.888880813547193	1.21132597019077e-172	9.14641504954492e-171
9606.ENSP00000270625	9606.ENSP00000481646	RPS11	RPS10	9606	0.994	0	0	0	0	0.948	0.9	0	RPS11	RPS10	0.785673101471638	5.61233692342321e-107	4.43637695243719e-106
9606.ENSP00000270625	9606.ENSP00000431822	RPS11	FAU	9606	0.995	0	0	0	0	0.956	0.9	0	RPS11	FAU	0.865783441698207	2.38824156614896e-153	8.33249247113627e-152
9606.ENSP00000270625	9606.ENSP00000379339	RPS11	RPS29	9606	0.996	0	0	0	0	0.97	0.9	0	RPS11	RPS29	0.701556708465878	4.89349506527621e-76	2.04765852235172e-75
9606.ENSP00000270625	9606.ENSP00000362744	RPS11	RPS4X	9606	0.996	0	0	0	0	0.964	0.9	0	RPS11	RPS4X	0.616248115494779	3.8749596714405e-54	1.16065251496847e-53
9606.ENSP00000270625	9606.ENSP00000414321	RPS11	RPS24	9606	0.996	0	0	0	0	0.967	0.9	0	RPS11	RPS24	0.824248294394657	2.4509068960629e-126	3.39702410607732e-125
9606.ENSP00000270625	9606.ENSP00000495273	RPS11	RPS7	9606	0.996	0	0	0	0	0.967	0.9	0	RPS11	RPS7	0.866758446030938	4.34813594894654e-154	1.59400143229859e-152
9606.ENSP00000270625	9606.ENSP00000466010	RPS11	RPS15	9606	0.996	0	0	0	0	0.968	0.9	0	RPS11	RPS15	0.811581717177929	1.72257251877812e-119	1.94955131375806e-118
9606.ENSP00000270625	9606.ENSP00000472985	RPS11	RPS5	9606	0.996	0	0	0	0	0.967	0.9	0	RPS11	RPS5	0.727131377734047	3.29781031735211e-84	1.60573844037385e-83
9606.ENSP00000270625	9606.ENSP00000435096	RPS11	RPS25	9606	0.997	0	0	0	0	0.973	0.9	0.288	RPS11	RPS25	0.779761578642336	2.30163373066126e-104	1.73273289336537e-103
9606.ENSP00000270625	9606.ENSP00000498019	RPS11	RPS17	9606	0.997	0	0	0	0	0.973	0.9	0	RPS11	RPS17	0.802592557392385	6.13955536482567e-115	6.15049714666397e-114
9606.ENSP00000270625	9606.ENSP00000429374	RPS11	RPS20	9606	0.997	0	0	0	0	0.974	0.9	0	RPS11	RPS20	0.88686427648976	8.54999313322397e-171	6.09217116351832e-169
9606.ENSP00000270625	9606.ENSP00000385958	RPS11	RPS14	9606	0.997	0	0	0	0	0.973	0.9	0.312	RPS11	RPS14	0.8735874829719	1.93676608573696e-159	8.59482423486251e-158
9606.ENSP00000270625	9606.ENSP00000341885	RPS11	RPS2	9606	0.997	0	0	0	0	0.968	0.9	0.169	RPS11	RPS2	0.789217834826961	1.38752157192027e-108	1.15262259972818e-107
9606.ENSP00000270625	9606.ENSP00000393241	RPS11	RPS18	9606	0.997	0	0	0	0	0.971	0.9	0.352	RPS11	RPS18	0.80216711112105	9.94783659213614e-115	9.82931744523765e-114
9606.ENSP00000270625	9606.ENSP00000375632	RPS11	RPS9	9606	0.998	0	0	0	0	0.974	0.9	0.493	RPS11	RPS9	0.805295995438053	2.78118848671221e-116	2.9251626931969e-115
9606.ENSP00000270625	9606.ENSP00000367806	RPS11	RPS16	9606	0.998	0	0	0	0	0.973	0.9	0.328	RPS11	RPS16	0.878494743884326	1.76123377923724e-163	9.37903335701179e-162
9606.ENSP00000270625	9606.ENSP00000296674	RPS11	RPS23	9606	0.998	0	0	0	0	0.987	0.9	0.181	RPS11	RPS23	0.797690141684976	1.48827895808387e-112	1.37143957175707e-111
9606.ENSP00000270625	9606.ENSP00000318646	RPS11	RPS15A	9606	0.998	0	0	0	0	0.973	0.9	0.402	RPS11	RPS15A	0.783944015519564	3.32597571734911e-106	2.58069189479588e-105
9606.ENSP00000270625	9606.ENSP00000379888	RPS11	RPS8	9606	0.999	0	0	0	0	0.987	0.9	0.537	RPS11	RPS8	0.857579857364618	2.40360213930794e-147	6.71813437721485e-146
9606.ENSP00000271277	9606.ENSP00000311344	CTTNBP2NL	PPP2R1B	9606	0.734	0	0	0	0	0.734	0	0	CTTNBP2NL	PPP2R1B	0.300837940936951	5.04452343448882e-12	7.69377270276724e-12
9606.ENSP00000271277	9606.ENSP00000377867	CTTNBP2NL	STK26	9606	0.734	0	0	0	0	0.734	0	0	CTTNBP2NL	STK26	0.312286321799882	6.93399243580698e-13	1.08068600532186e-12
9606.ENSP00000273398	9606.ENSP00000276390	ATP6V1A	ATP6V1B2	9606	0.999	0	0	0	0	0.977	0.956	0.777	ATP6V1A	ATP6V1B2	0.402293738690639	4.5576576777478e-21	8.3088973663878e-21
9606.ENSP00000273480	9606.ENSP00000384109	RNF7	CUL4B	9606	0.902	0	0	0	0	0.364	0	0.852	RNF7	CUL4B	-0.378431942573139	1.2183330145799e-18	2.12756186425948e-18
9606.ENSP00000274242	9606.ENSP00000448035	RPL37	NACA	9606	0.8	0	0	0	0	0.8	0	0	RPL37	NACA	0.747662747641224	1.79046926298047e-91	1.00980869581028e-90
9606.ENSP00000274242	9606.ENSP00000363384	RPL37	ZNF593	9606	0.847	0	0	0	0	0.847	0	0	RPL37	ZNF593	0.6654248033499	7.08739057011024e-66	2.50559810581326e-65
9606.ENSP00000274242	9606.ENSP00000431240	RPL37	RPLP2	9606	0.87	0	0	0	0	0.87	0	0	RPL37	RPLP2	0.819715232392804	7.96926467162485e-124	1.04446917030441e-122
9606.ENSP00000274242	9606.ENSP00000346037	RPL37	RPLP1	9606	0.873	0	0	0	0	0.873	0	0	RPL37	RPLP1	0.748653964775359	7.66355253585317e-92	4.33667922582564e-91
9606.ENSP00000274242	9606.ENSP00000362744	RPL37	RPS4X	9606	0.875	0	0	0	0	0.875	0	0	RPL37	RPS4X	0.581568560582766	4.94110326569643e-47	1.3289229888973e-46
9606.ENSP00000274242	9606.ENSP00000346012	RPL37	RPL36AL	9606	0.875	0	0	0	0	0.875	0	0	RPL37	RPL36AL	0.67301286029224	6.861469692289e-68	2.51173481717005e-67
9606.ENSP00000274242	9606.ENSP00000481646	RPL37	RPS10	9606	0.895	0	0	0	0	0.895	0	0	RPL37	RPS10	0.827377458242719	4.09894779547076e-128	6.02807467944377e-127
9606.ENSP00000274242	9606.ENSP00000413436	RPL37	RPL10	9606	0.895	0	0	0	0	0.895	0	0	RPL37	RPL10	0.769524312679715	5.01491159311527e-100	3.37372842414497e-99
9606.ENSP00000274242	9606.ENSP00000355315	RPL37	RPL39	9606	0.895	0	0	0	0	0.895	0	0	RPL37	RPL39	0.741638201087189	2.86013927933525e-89	1.54423101538496e-88
9606.ENSP00000274242	9606.ENSP00000363018	RPL37	RPL10A	9606	0.895	0	0	0	0	0.895	0	0	RPL37	RPL10A	0.551305782752188	1.71215347465381e-41	4.25222603253492e-41
9606.ENSP00000274242	9606.ENSP00000318646	RPL37	RPS15A	9606	0.897	0	0	0	0	0.897	0	0	RPL37	RPS15A	0.81441532351993	5.62706323925059e-121	6.60494499474913e-120
9606.ENSP00000274242	9606.ENSP00000385958	RPL37	RPS14	9606	0.9	0	0	0	0	0.9	0	0	RPL37	RPS14	0.837640906947837	3.34148841421059e-134	6.14712359545141e-133
9606.ENSP00000274242	9606.ENSP00000346015	RPL37	RPL27A	9606	0.947	0	0	0	0	0.947	0	0	RPL37	RPL27A	0.87684346074359	4.21667672655634e-162	2.112095797985e-160
9606.ENSP00000274242	9606.ENSP00000416429	RPL37	RPL32	9606	0.947	0	0	0	0	0.947	0	0	RPL37	RPL32	0.880340953349993	4.78463763155344e-165	2.84770373859163e-163
9606.ENSP00000274242	9606.ENSP00000311430	RPL37	RPL4	9606	0.947	0	0	0	0	0.947	0	0	RPL37	RPL4	0.767586510203815	3.1345911573723e-99	2.0893144486359e-98
9606.ENSP00000274242	9606.ENSP00000393241	RPL37	RPS18	9606	0.947	0	0	0	0	0.947	0	0	RPL37	RPS18	0.817875452141487	7.95939911593698e-123	1.00666500318813e-121
9606.ENSP00000274242	9606.ENSP00000472985	RPL37	RPS5	9606	0.947	0	0	0	0	0.947	0	0	RPL37	RPS5	0.669005689388814	8.08089228728048e-67	2.9038271533519e-66
9606.ENSP00000274242	9606.ENSP00000354739	RPL37	RPL12	9606	0.947	0	0	0	0	0.947	0	0	RPL37	RPL12	0.760440298688254	2.32043206755906e-96	1.43509362222265e-95
9606.ENSP00000274242	9606.ENSP00000341885	RPL37	RPS2	9606	0.947	0	0	0	0	0.947	0	0	RPL37	RPS2	0.778123247107319	1.17993775051412e-103	8.71431398518386e-103
9606.ENSP00000274242	9606.ENSP00000429374	RPL37	RPS20	9606	0.947	0	0	0	0	0.947	0	0	RPL37	RPS20	0.879689180098134	1.72039471607705e-164	9.89031462344749e-163
9606.ENSP00000274242	9606.ENSP00000495273	RPL37	RPS7	9606	0.947	0	0	0	0	0.947	0	0	RPL37	RPS7	0.792009045625059	7.16042575690442e-110	6.18167131470639e-109
9606.ENSP00000274242	9606.ENSP00000309830	RPL37	RPL38	9606	0.947	0	0	0	0	0.947	0	0	RPL37	RPL38	0.894775005450855	2.93539864030141e-178	2.75003365208978e-176
9606.ENSP00000274242	9606.ENSP00000307889	RPL37	RPL13	9606	0.947	0	0	0	0	0.947	0	0	RPL37	RPL13	0.793842769370104	9.96353420301599e-111	8.81215376452061e-110
9606.ENSP00000274242	9606.ENSP00000294189	RPL37	RPL29	9606	0.947	0	0	0	0	0.947	0	0	RPL37	RPL29	0.866188854910336	1.17810321347801e-153	4.19720011055298e-152
9606.ENSP00000274242	9606.ENSP00000379506	RPL37	RPL14	9606	0.947	0	0	0	0	0.947	0	0	RPL37	RPL14	0.832893630978005	2.46452599205331e-131	4.02194741735409e-130
9606.ENSP00000274242	9606.ENSP00000379339	RPL37	RPS29	9606	0.947	0	0	0	0	0.947	0	0	RPL37	RPS29	0.719978177942018	7.86323396855902e-82	3.65625925063787e-81
9606.ENSP00000274242	9606.ENSP00000386717	RPL37	RPL31	9606	0.947	0	0	0	0	0.947	0	0	RPL37	RPL31	0.838776641639319	6.66965071670117e-135	1.24050599175703e-133
9606.ENSP00000274242	9606.ENSP00000367806	RPL37	RPS16	9606	0.947	0	0	0	0	0.947	0	0	RPL37	RPS16	0.871668222722893	6.63637823719444e-158	2.70753528241667e-156
9606.ENSP00000274242	9606.ENSP00000452763	RPL37	RPL28	9606	0.947	0	0	0	0	0.947	0	0	RPL37	RPL28	0.804603037943546	6.17608783773824e-116	6.40262876457331e-115
9606.ENSP00000274242	9606.ENSP00000414321	RPL37	RPS24	9606	0.947	0	0	0	0	0.947	0	0	RPL37	RPS24	0.842220091574375	4.66182844174881e-137	9.1411589483749e-136
9606.ENSP00000274242	9606.ENSP00000296674	RPL37	RPS23	9606	0.947	0	0	0	0	0.947	0	0	RPL37	RPS23	0.791678546736661	1.01951673238002e-109	8.72713223199753e-109
9606.ENSP00000274242	9606.ENSP00000346001	RPL37	RPL3	9606	0.947	0	0	0	0	0.947	0	0	RPL37	RPL3	0.516423288291562	9.01541020354203e-36	2.07596541737456e-35
9606.ENSP00000274242	9606.ENSP00000361076	RPL37	RPL7A	9606	0.947	0	0	0	0	0.947	0	0	RPL37	RPL7A	0.730851563417211	1.78510289257831e-85	8.92375052722695e-85
9606.ENSP00000274242	9606.ENSP00000379888	RPL37	RPS8	9606	0.947	0	0	0	0	0.947	0	0	RPL37	RPS8	0.821192647215032	1.23170927109485e-124	1.65723861767789e-123
9606.ENSP00000274242	9606.ENSP00000498019	RPL37	RPS17	9606	0.947	0	0	0	0	0.947	0	0	RPL37	RPS17	0.859682396811109	7.56588886196317e-149	2.2648421155427e-147
9606.ENSP00000274242	9606.ENSP00000420311	RPL37	RPL23	9606	0.947	0	0	0	0	0.947	0	0	RPL37	RPL23	0.883984640700095	3.24979797488641e-168	2.25215451437676e-166
9606.ENSP00000274242	9606.ENSP00000435096	RPL37	RPS25	9606	0.947	0	0	0	0	0.947	0	0	RPL37	RPS25	0.802369305253506	7.91013056412757e-115	7.86195491629104e-114
9606.ENSP00000274242	9606.ENSP00000449328	RPL37	RPLP0	9606	0.947	0	0	0	0	0.947	0	0	RPL37	RPLP0	0.690258342604447	1.06559998667664e-72	4.19522983081487e-72
9606.ENSP00000274242	9606.ENSP00000309334	RPL37	RPL15	9606	0.947	0	0	0	0	0.947	0	0	RPL37	RPL15	0.656071135063817	1.79095032632482e-63	6.15099640249644e-63
9606.ENSP00000274242	9606.ENSP00000378163	RPL37	RPL34	9606	0.947	0	0	0	0	0.947	0	0	RPL37	RPL34	0.82213839396362	3.69378349169921e-125	5.02334695820062e-124
9606.ENSP00000274242	9606.ENSP00000431822	RPL37	FAU	9606	0.947	0	0	0	0	0.947	0	0	RPL37	FAU	0.786629284046417	2.08310627000532e-107	1.67011642154627e-106
9606.ENSP00000274242	9606.ENSP00000418082	RPL37	RPL37A	9606	0.954	0	0	0	0	0.954	0	0	RPL37	RPL37A	0.833201581027668	1.61604563548737e-131	2.65440742530214e-130
9606.ENSP00000274242	9606.ENSP00000389103	RPL37	RPL23A	9606	0.956	0	0	0	0	0.947	0	0.194	RPL37	RPL23A	0.757818297357686	2.47309125653007e-95	1.49836750500427e-94
9606.ENSP00000274242	9606.ENSP00000388107	RPL37	UBA52	9606	0.957	0	0	0	0	0.956	0	0	RPL37	UBA52	0.857014179678837	6.0374277703877e-147	1.63333406900489e-145
9606.ENSP00000274242	9606.ENSP00000375632	RPL37	RPS9	9606	0.962	0	0	0	0	0.962	0	0	RPL37	RPS9	0.721784414466291	2.00605469361892e-82	9.45818331315763e-82
9606.ENSP00000274242	9606.ENSP00000466010	RPL37	RPS15	9606	0.965	0	0	0	0	0.964	0	0.058	RPL37	RPS15	0.759359631615335	6.17625013647858e-96	3.79194774762684e-95
9606.ENSP00000274242	9606.ENSP00000464813	RPL37	RPL27	9606	0.968	0	0	0	0	0.967	0	0	RPL37	RPL27	0.857439253242094	3.02304593630765e-147	8.40307109438483e-146
9606.ENSP00000275493	9606.ENSP00000379097	EGFR	AREG	9606	0.996	0	0	0	0	0.662	0.4	0.982	EGFR	AREG	0.33736398484569	6.58926277376804e-15	1.0687746191886e-14
9606.ENSP00000275603	9606.ENSP00000339001	CCT6A	TUBB	9606	0.903	0	0	0	0	0.903	0	0	CCT6A	TUBB	0.315697812017226	3.77437520417498e-13	5.92079508772752e-13
9606.ENSP00000275603	9606.ENSP00000377958	CCT6A	CCT4	9606	0.999	0	0	0	0	0.957	0.9	0.966	CCT6A	CCT4	0.491703518177905	4.22847917608953e-32	9.25654528422196e-32
9606.ENSP00000275603	9606.ENSP00000286788	CCT6A	CCT8	9606	0.999	0	0	0	0	0.975	0.903	0.785	CCT6A	CCT8	0.660542047993619	1.30453423851205e-64	4.52339870639648e-64
9606.ENSP00000275603	9606.ENSP00000295688	CCT6A	CCT3	9606	0.999	0	0	0	0	0.977	0.9	0.978	CCT6A	CCT3	0.486696185146465	2.15788929136926e-31	4.68530554722621e-31
9606.ENSP00000281453	9606.ENSP00000357308	CENPU	CENPW	9606	0.987	0	0	0	0	0.8	0.8	0.709	CENPU	CENPW	0.550393579730644	2.46511960349506e-41	6.11025971292577e-41
9606.ENSP00000281453	9606.ENSP00000379911	CENPU	CENPK	9606	0.994	0	0	0	0	0.92	0.8	0.662	CENPU	CENPK	0.771350582263195	8.76946147449554e-101	6.05248371070572e-100
9606.ENSP00000281453	9606.ENSP00000283006	CENPU	CENPH	9606	0.997	0	0	0	0	0.917	0.8	0.849	CENPU	CENPH	0.663563965092161	2.16464491382403e-65	7.61010327938552e-65
9606.ENSP00000282611	9606.ENSP00000309052	CATSPER3	CATSPER1	9606	0.891	0	0	0	0	0.473	0.72	0.325	CATSPER3	CATSPER1	-0.368368451752007	1.12475828827611e-17	1.9262532770443e-17
9606.ENSP00000283006	9606.ENSP00000357308	CENPH	CENPW	9606	0.989	0	0	0	0	0.8	0.8	0.754	CENPH	CENPW	0.673627455913293	4.68437968205407e-68	1.71726643561678e-67
9606.ENSP00000283006	9606.ENSP00000379911	CENPH	CENPK	9606	0.999	0	0	0	0	0.957	0.8	0.98	CENPH	CENPK	0.675403596260247	1.54646137546949e-68	5.72734121412895e-68
9606.ENSP00000284818	9606.ENSP00000369286	LY96	LY86	9606	0.876	0	0	0	0	0.292	0	0.833	LY96	LY86	0.879501801111788	2.48206088785624e-164	1.3951940035183e-162
9606.ENSP00000286788	9606.ENSP00000356989	CCT8	PFDN2	9606	0.919	0	0	0	0	0.832	0.54	0	CCT8	PFDN2	0.472717768671277	1.77545272923913e-29	3.74250639884198e-29
9606.ENSP00000286788	9606.ENSP00000339001	CCT8	TUBB	9606	0.93	0	0	0	0	0.93	0	0	CCT8	TUBB	0.330689714934226	2.3736006377089e-14	3.80121735554585e-14
9606.ENSP00000286788	9606.ENSP00000295688	CCT8	CCT3	9606	0.999	0	0	0	0	0.977	0.944	0.971	CCT8	CCT3	0.514946059823374	1.52373512965763e-35	3.49436809652672e-35
9606.ENSP00000286788	9606.ENSP00000377958	CCT8	CCT4	9606	0.999	0	0	0	0	0.952	0.944	0.986	CCT8	CCT4	0.520978899132149	1.75799032186128e-36	4.08716591833467e-36
9606.ENSP00000290158	9606.ENSP00000326806	KPNB1	NCBP2	9606	0.704	0	0	0	0	0.704	0	0	KPNB1	NCBP2	0.413194238678526	3.03952379235932e-22	5.64913698219905e-22
9606.ENSP00000290158	9606.ENSP00000343701	KPNB1	KPNA1	9606	0.995	0	0	0	0	0.675	0.9	0.87	KPNB1	KPNA1	0.587240618471785	3.88996228207604e-48	1.06605196018541e-47
9606.ENSP00000291700	9606.ENSP00000340820	S100B	MAPT	9606	0.748	0	0	0	0	0.457	0	0.555	S100B	MAPT	-0.471118056319739	2.90350202022896e-29	6.0898908459114e-29
9606.ENSP00000292586	9606.ENSP00000431822	MRNIP	FAU	9606	0.749	0	0	0	0	0.749	0	0	MRNIP	FAU	0.560500211511834	4.07817732842736e-43	1.03884688340957e-42
9606.ENSP00000293831	9606.ENSP00000429374	EIF4A1	RPS20	9606	0.8	0	0	0	0	0.8	0	0	EIF4A1	RPS20	0.358012105558382	1.02245192082918e-16	1.72189889063743e-16
9606.ENSP00000293831	9606.ENSP00000341885	EIF4A1	RPS2	9606	0.8	0	0	0	0	0.8	0	0	EIF4A1	RPS2	0.424740269057962	1.54636287405626e-23	2.94986794112015e-23
9606.ENSP00000293831	9606.ENSP00000481646	EIF4A1	RPS10	9606	0.8	0	0	0	0	0.8	0	0	EIF4A1	RPS10	0.325470963245393	6.32736036703098e-14	1.00565868981495e-13
9606.ENSP00000293831	9606.ENSP00000364119	EIF4A1	EIF2S2	9606	0.8	0	0	0	0	0.8	0	0	EIF4A1	EIF2S2	0.574416572091992	1.13561396968834e-45	2.99534466770246e-45
9606.ENSP00000293831	9606.ENSP00000393241	EIF4A1	RPS18	9606	0.8	0	0	0	0	0.8	0	0	EIF4A1	RPS18	0.405285466434842	2.1892456021381e-21	4.01282373232488e-21
9606.ENSP00000293831	9606.ENSP00000472985	EIF4A1	RPS5	9606	0.8	0	0	0	0	0.8	0	0	EIF4A1	RPS5	0.393297870159687	3.95404564367294e-20	7.07087907788667e-20
9606.ENSP00000293831	9606.ENSP00000435096	EIF4A1	RPS25	9606	0.8	0	0	0	0	0.8	0	0	EIF4A1	RPS25	0.303288403374499	3.3228141831783e-12	5.08472987074985e-12
9606.ENSP00000293831	9606.ENSP00000375632	EIF4A1	RPS9	9606	0.8	0	0	0	0	0.8	0	0	EIF4A1	RPS9	0.362295639501838	4.14366200469049e-17	7.01800672304291e-17
9606.ENSP00000293831	9606.ENSP00000379339	EIF4A1	RPS29	9606	0.8	0	0	0	0	0.8	0	0	EIF4A1	RPS29	0.439122701089985	3.21141195709689e-25	6.29710584920665e-25
9606.ENSP00000293831	9606.ENSP00000296674	EIF4A1	RPS23	9606	0.8	0	0	0	0	0.8	0	0	EIF4A1	RPS23	0.310680695398732	9.20724356628199e-13	1.43057264133356e-12
9606.ENSP00000293831	9606.ENSP00000498019	EIF4A1	RPS17	9606	0.8	0	0	0	0	0.8	0	0	EIF4A1	RPS17	0.348242588233979	7.62643012690503e-16	1.26209061210378e-15
9606.ENSP00000293831	9606.ENSP00000379888	EIF4A1	RPS8	9606	0.8	0	0	0	0	0.8	0	0	EIF4A1	RPS8	0.393863641022487	3.45837776063858e-20	6.19325065170639e-20
9606.ENSP00000293831	9606.ENSP00000318646	EIF4A1	RPS15A	9606	0.803	0	0	0	0	0.8	0	0.06	EIF4A1	RPS15A	0.39633879537022	1.91897254352173e-20	3.45606340251919e-20
9606.ENSP00000293831	9606.ENSP00000367806	EIF4A1	RPS16	9606	0.827	0	0	0	0	0.826	0	0	EIF4A1	RPS16	0.397144310704362	1.58253715915178e-20	2.85828471551191e-20
9606.ENSP00000293831	9606.ENSP00000429931	EIF4A1	EIF3H	9606	0.929	0	0	0	0	0.929	0	0	EIF4A1	EIF3H	0.316992879412165	2.99008214954508e-13	4.69777192377284e-13
9606.ENSP00000293831	9606.ENSP00000362688	EIF4A1	EIF3I	9606	0.93	0	0	0	0	0.93	0	0	EIF4A1	EIF3I	0.341055378829808	3.20008144858198e-15	5.23076318202787e-15
9606.ENSP00000293831	9606.ENSP00000354125	EIF4A1	EIF3B	9606	0.966	0	0	0	0	0.931	0	0.528	EIF4A1	EIF3B	0.409451876864705	7.78775396352031e-22	1.43736765054539e-21
9606.ENSP00000294119	9606.ENSP00000418529	UBXN1	NSFL1C	9606	0.939	0	0	0	0	0.362	0.9	0.128	UBXN1	NSFL1C	0.48650852662906	2.29261088283856e-31	4.97568359342783e-31
9606.ENSP00000294189	9606.ENSP00000448035	RPL29	NACA	9606	0.8	0	0	0	0	0.8	0	0	RPL29	NACA	0.767100871577841	4.94804023680813e-99	3.27645753377124e-98
9606.ENSP00000294189	9606.ENSP00000363384	RPL29	ZNF593	9606	0.862	0	0	0	0	0.862	0	0	RPL29	ZNF593	0.73411648618278	1.3259167273809e-86	6.79616284074973e-86
9606.ENSP00000294189	9606.ENSP00000346012	RPL29	RPL36AL	9606	0.888	0	0	0	0	0.875	0	0.137	RPL29	RPL36AL	0.661306285908094	8.29916677829162e-65	2.88758491962705e-64
9606.ENSP00000294189	9606.ENSP00000355315	RPL29	RPL39	9606	0.895	0	0	0	0	0.895	0	0	RPL29	RPL39	0.706553419317087	1.45427096564608e-77	6.2243289468727e-77
9606.ENSP00000294189	9606.ENSP00000481646	RPL29	RPS10	9606	0.895	0	0	0	0	0.895	0	0	RPL29	RPS10	0.748654523837477	7.65987690740938e-92	4.33667922582564e-91
9606.ENSP00000294189	9606.ENSP00000385958	RPL29	RPS14	9606	0.895	0	0	0	0	0.895	0	0	RPL29	RPS14	0.845338074180089	4.69456165320431e-139	9.81396173700851e-138
9606.ENSP00000294189	9606.ENSP00000362744	RPL29	RPS4X	9606	0.898	0	0	0	0	0.898	0	0	RPL29	RPS4X	0.590089226313936	1.06487978543894e-48	2.93102656938825e-48
9606.ENSP00000294189	9606.ENSP00000318646	RPL29	RPS15A	9606	0.899	0	0	0	0	0.898	0	0	RPL29	RPS15A	0.764998704839428	3.5241614291238e-98	2.29161088302536e-97
9606.ENSP00000294189	9606.ENSP00000413436	RPL29	RPL10	9606	0.908	0	0	0	0	0.908	0	0	RPL29	RPL10	0.805081874647092	3.55992686101376e-116	3.73644605598934e-115
9606.ENSP00000294189	9606.ENSP00000431240	RPL29	RPLP2	9606	0.914	0	0	0	0	0.914	0	0	RPL29	RPLP2	0.849098885043784	1.59688986327533e-141	3.74012306403236e-140
9606.ENSP00000294189	9606.ENSP00000363018	RPL29	RPL10A	9606	0.916	0	0	0	0	0.916	0	0	RPL29	RPL10A	0.552221899208554	1.18597919541328e-41	2.95414512535488e-41
9606.ENSP00000294189	9606.ENSP00000449328	RPL29	RPLP0	9606	0.947	0	0	0	0	0.947	0	0	RPL29	RPLP0	0.67752924360759	4.06306921920265e-69	1.51809949630326e-68
9606.ENSP00000294189	9606.ENSP00000431822	RPL29	FAU	9606	0.947	0	0	0	0	0.947	0	0	RPL29	FAU	0.881259399231848	7.78291885890539e-166	4.74382969966294e-164
9606.ENSP00000294189	9606.ENSP00000375632	RPL29	RPS9	9606	0.947	0	0	0	0	0.947	0	0	RPL29	RPS9	0.740973010344513	4.96482661466265e-89	2.66352681268063e-88
9606.ENSP00000294189	9606.ENSP00000378163	RPL29	RPL34	9606	0.947	0	0	0	0	0.947	0	0	RPL29	RPL34	0.858418543717726	6.09025947794576e-148	1.71170126105153e-146
9606.ENSP00000294189	9606.ENSP00000309334	RPL29	RPL15	9606	0.947	0	0	0	0	0.947	0	0	RPL29	RPL15	0.706333428373893	1.70040193592858e-77	7.27162586125331e-77
9606.ENSP00000294189	9606.ENSP00000379339	RPL29	RPS29	9606	0.947	0	0	0	0	0.947	0	0	RPL29	RPS29	0.648006757197459	1.8061309269397e-61	6.03514951082428e-61
9606.ENSP00000294189	9606.ENSP00000464813	RPL29	RPL27	9606	0.947	0	0	0	0	0.947	0	0	RPL29	RPL27	0.806502731018443	6.87874452318396e-117	7.32622495637634e-116
9606.ENSP00000294189	9606.ENSP00000307889	RPL29	RPL13	9606	0.947	0	0	0	0	0.947	0	0	RPL29	RPL13	0.824144122486783	2.80456132258049e-126	3.87657806856139e-125
9606.ENSP00000294189	9606.ENSP00000452763	RPL29	RPL28	9606	0.947	0	0	0	0	0.947	0	0	RPL29	RPL28	0.807951354141625	1.26909257388162e-117	1.38071813575637e-116
9606.ENSP00000294189	9606.ENSP00000386717	RPL29	RPL31	9606	0.947	0	0	0	0	0.947	0	0	RPL29	RPL31	0.804671336698887	5.70986116997156e-116	5.93145537143452e-115
9606.ENSP00000294189	9606.ENSP00000420311	RPL29	RPL23	9606	0.947	0	0	0	0	0.947	0	0	RPL29	RPL23	0.846339540786376	1.04903623285069e-139	2.2583294902092e-138
9606.ENSP00000294189	9606.ENSP00000498019	RPL29	RPS17	9606	0.947	0	0	0	0	0.947	0	0	RPL29	RPS17	0.78119044823737	5.4696461242455e-105	4.16104357030947e-104
9606.ENSP00000294189	9606.ENSP00000379888	RPL29	RPS8	9606	0.947	0	0	0	0	0.947	0	0	RPL29	RPS8	0.8265196706006	1.26837848747892e-127	1.84388700234364e-126
9606.ENSP00000294189	9606.ENSP00000495273	RPL29	RPS7	9606	0.947	0	0	0	0	0.947	0	0	RPL29	RPS7	0.878165269943143	3.33115047212038e-163	1.75544689983927e-161
9606.ENSP00000294189	9606.ENSP00000466010	RPL29	RPS15	9606	0.947	0	0	0	0	0.947	0	0	RPL29	RPS15	0.78096113959222	6.89333725814454e-105	5.22839478095251e-104
9606.ENSP00000294189	9606.ENSP00000346015	RPL29	RPL27A	9606	0.947	0	0	0	0	0.947	0	0	RPL29	RPL27A	0.844116243922529	2.87981235457195e-138	5.85099224971064e-137
9606.ENSP00000294189	9606.ENSP00000388107	RPL29	UBA52	9606	0.947	0	0	0	0	0.947	0	0	RPL29	UBA52	0.815141079325324	2.32059889620898e-121	2.77539239147074e-120
9606.ENSP00000294189	9606.ENSP00000472985	RPL29	RPS5	9606	0.947	0	0	0	0	0.947	0	0	RPL29	RPS5	0.653753077171071	6.84405681610659e-63	2.33001907353185e-62
9606.ENSP00000294189	9606.ENSP00000418082	RPL29	RPL37A	9606	0.955	0	0	0	0	0.955	0	0	RPL29	RPL37A	0.844065928331963	3.10212528738385e-138	6.27746073154995e-137
9606.ENSP00000294189	9606.ENSP00000414321	RPL29	RPS24	9606	0.957	0	0	0	0	0.957	0	0	RPL29	RPS24	0.802119777195111	1.04958007667598e-114	1.03505372473758e-113
9606.ENSP00000294189	9606.ENSP00000296674	RPL29	RPS23	9606	0.957	0	0	0	0	0.957	0	0	RPL29	RPS23	0.724862144599553	1.90788958253483e-83	9.15750796778341e-83
9606.ENSP00000294189	9606.ENSP00000309830	RPL29	RPL38	9606	0.957	0	0	0	0	0.957	0	0	RPL29	RPL38	0.837588355108803	3.59907857077999e-134	6.59700669912173e-133
9606.ENSP00000294189	9606.ENSP00000354739	RPL29	RPL12	9606	0.957	0	0	0	0	0.957	0	0	RPL29	RPL12	0.790880392387065	2.3869440524e-109	2.02950419514145e-108
9606.ENSP00000294189	9606.ENSP00000429374	RPL29	RPS20	9606	0.958	0	0	0	0	0.957	0	0	RPL29	RPS20	0.868517162275234	1.94523183497684e-155	7.34397600981183e-154
9606.ENSP00000294189	9606.ENSP00000346001	RPL29	RPL3	9606	0.959	0	0	0	0	0.946	0	0.27	RPL29	RPL3	0.568526759508249	1.41750697943938e-44	3.67187291806648e-44
9606.ENSP00000294189	9606.ENSP00000361076	RPL29	RPL7A	9606	0.961	0	0	0	0	0.961	0	0	RPL29	RPL7A	0.81614515488816	6.77002305269186e-122	8.23306409220387e-121
9606.ENSP00000294189	9606.ENSP00000311430	RPL29	RPL4	9606	0.961	0	0	0	0	0.957	0	0.129	RPL29	RPL4	0.788627558408015	2.58208151674152e-108	2.12977566462182e-107
9606.ENSP00000294189	9606.ENSP00000341885	RPL29	RPS2	9606	0.962	0	0	0	0	0.957	0	0.159	RPL29	RPS2	0.753778607674432	8.93580859423926e-94	5.24434520629425e-93
9606.ENSP00000294189	9606.ENSP00000393241	RPL29	RPS18	9606	0.962	0	0	0	0	0.947	0	0.31	RPL29	RPS18	0.774850031587009	2.96476733467001e-102	2.11846863645417e-101
9606.ENSP00000294189	9606.ENSP00000367806	RPL29	RPS16	9606	0.964	0	0	0	0	0.957	0	0.198	RPL29	RPS16	0.83442508847158	2.99604643534052e-132	5.03554781275338e-131
9606.ENSP00000294189	9606.ENSP00000346037	RPL29	RPLP1	9606	0.965	0	0	0	0	0.965	0	0	RPL29	RPLP1	0.779346940905271	3.48544571842619e-104	2.61615280259913e-103
9606.ENSP00000294189	9606.ENSP00000379506	RPL29	RPL14	9606	0.967	0	0	0	0	0.957	0	0.257	RPL29	RPL14	0.850271797366072	2.6281329796568e-142	6.27156827551121e-141
9606.ENSP00000294189	9606.ENSP00000416429	RPL29	RPL32	9606	0.968	0	0	0	0	0.968	0	0	RPL29	RPL32	0.90363101527544	2.34449912180815e-187	2.57843936026683e-185
9606.ENSP00000294189	9606.ENSP00000389103	RPL29	RPL23A	9606	0.969	0	0	0	0	0.969	0	0	RPL29	RPL23A	0.691851110576896	3.68440112454451e-73	1.46420937070469e-72
9606.ENSP00000294189	9606.ENSP00000435096	RPL29	RPS25	9606	0.982	0	0	0	0	0.961	0	0.561	RPL29	RPS25	0.756866494102826	5.79496173745648e-95	3.48179470662617e-94
9606.ENSP00000295201	9606.ENSP00000331044	TEKT4	ENKUR	9606	0.8	0	0	0	0	0.8	0	0	TEKT4	ENKUR	0.568831431011884	1.24553533455832e-44	3.2280549475054e-44
9606.ENSP00000295201	9606.ENSP00000379263	TEKT4	TEKT3	9606	0.801	0	0	0	0	0.801	0	0	TEKT4	TEKT3	0.418526529303134	7.79202741390993e-23	1.46596752275829e-22
9606.ENSP00000295201	9606.ENSP00000295824	TEKT4	EFHB	9606	0.801	0	0	0	0	0.801	0	0	TEKT4	EFHB	0.305324871661027	2.34164915859171e-12	3.6084078870897e-12
9606.ENSP00000295201	9606.ENSP00000381553	TEKT4	CFAP53	9606	0.802	0	0	0	0	0.802	0	0	TEKT4	CFAP53	0.513217889196371	2.80633085672216e-35	6.42117946818517e-35
9606.ENSP00000295201	9606.ENSP00000404232	TEKT4	EFHC2	9606	0.807	0	0	0	0	0.807	0	0	TEKT4	EFHC2	0.469362107966432	4.96711519252957e-29	1.03665989104815e-28
9606.ENSP00000295240	9606.ENSP00000296135	BBS5	LZTFL1	9606	0.844	0	0	0	0	0.702	0.5	0	BBS5	LZTFL1	0.376863586979816	1.73152742957132e-18	3.01023961037845e-18
9606.ENSP00000295240	9606.ENSP00000317469	BBS5	BBS1	9606	0.999	0	0	0	0	0.734	0.9	0.985	BBS5	BBS1	0.398021945051648	1.28198377637702e-20	2.32124406753448e-20
9606.ENSP00000295688	9606.ENSP00000339001	CCT3	TUBB	9606	0.9	0	0	0	0	0.9	0	0	CCT3	TUBB	0.405266458322851	2.1995201702029e-21	4.0301965016503e-21
9606.ENSP00000295688	9606.ENSP00000356989	CCT3	PFDN2	9606	0.919	0	0	0	0	0.832	0.54	0	CCT3	PFDN2	0.450450417712579	1.32948949655781e-26	2.66900292185951e-26
9606.ENSP00000295688	9606.ENSP00000377958	CCT3	CCT4	9606	0.999	0	0	0	0	0.956	0.967	0.987	CCT3	CCT4	0.437168313104602	5.49663876877925e-25	1.07406317231573e-24
9606.ENSP00000295702	9606.ENSP00000455716	SSR2	OST4	9606	0.8	0	0	0	0	0.8	0	0	SSR2	OST4	0.454237131787713	4.46346739810913e-27	9.02505258474584e-27
9606.ENSP00000295702	9606.ENSP00000443216	SSR2	TMEM258	9606	0.8	0	0	0	0	0.8	0	0	SSR2	TMEM258	0.524838384459564	4.31589054164465e-37	1.01130570866977e-36
9606.ENSP00000295702	9606.ENSP00000317331	SSR2	SSR4	9606	0.996	0	0	0	0	0.92	0.9	0.624	SSR2	SSR4	0.563940959313323	9.7710726029118e-44	2.50034680314268e-43
9606.ENSP00000295824	9606.ENSP00000379263	EFHB	TEKT3	9606	0.8	0	0	0	0	0.8	0	0	EFHB	TEKT3	0.371199915022558	6.0655482007685e-18	1.04372817509142e-17
9606.ENSP00000295824	9606.ENSP00000381553	EFHB	CFAP53	9606	0.801	0	0	0	0	0.801	0	0	EFHB	CFAP53	0.445122089848736	6.03523585172557e-26	1.19593647371248e-25
9606.ENSP00000295824	9606.ENSP00000331044	EFHB	ENKUR	9606	0.862	0	0	0	0	0.862	0	0	EFHB	ENKUR	0.361460587052494	4.94673072867139e-17	8.3669377319788e-17
9606.ENSP00000295824	9606.ENSP00000404232	EFHB	EFHC2	9606	0.865	0	0	0	0	0.865	0	0	EFHB	EFHC2	0.301375665516862	4.60446467697416e-12	7.02472460820635e-12
9606.ENSP00000295824	9606.ENSP00000360107	EFHB	EFHC1	9606	0.865	0	0	0	0	0.865	0	0	EFHB	EFHC1	0.396839901381442	1.70222612636517e-20	3.0689814587603e-20
9606.ENSP00000295824	9606.ENSP00000337946	EFHB	PACRG	9606	0.867	0	0	0	0	0.867	0	0	EFHB	PACRG	0.375592745609965	2.29893295528902e-18	3.9884436971218e-18
9606.ENSP00000295900	9606.ENSP00000307684	ATXN7	TADA3	9606	0.949	0	0	0	0	0.722	0.8	0.17	ATXN7	TADA3	-0.472359409854029	1.98271138283505e-29	4.17243630855345e-29
9606.ENSP00000295900	9606.ENSP00000299424	ATXN7	TAF10	9606	0.988	0	0	0	0	0.943	0.8	0.083	ATXN7	TAF10	-0.577472405625656	3.00361303090346e-46	7.98910532247139e-46
9606.ENSP00000295987	9606.ENSP00000340820	SYN1	MAPT	9606	0.72	0	0	0	0	0.292	0	0.621	SYN1	MAPT	-0.463366616164722	3.03513871495076e-28	6.26213978749426e-28
9606.ENSP00000296135	9606.ENSP00000317469	LZTFL1	BBS1	9606	0.824	0	0	0	0	0.663	0.5	0	LZTFL1	BBS1	0.555173840365403	3.60471799347074e-42	9.05475090812735e-42
9606.ENSP00000296674	9606.ENSP00000360365	RPS23	MCTS1	9606	0.8	0	0	0	0	0.8	0	0	RPS23	MCTS1	0.498522026115655	4.39859474902841e-33	9.7598644014626e-33
9606.ENSP00000296674	9606.ENSP00000431800	RPS23	EIF3F	9606	0.816	0	0	0	0	0.816	0	0	RPS23	EIF3F	0.619204715502606	8.73080258596e-55	2.65280061755986e-54
9606.ENSP00000296674	9606.ENSP00000362688	RPS23	EIF3I	9606	0.872	0	0	0	0	0.872	0	0	RPS23	EIF3I	0.543305231144232	4.03134191721353e-40	9.80036461277426e-40
9606.ENSP00000296674	9606.ENSP00000346012	RPS23	RPL36AL	9606	0.876	0	0	0	0	0.875	0	0.049	RPS23	RPL36AL	0.612693598552402	2.27678283354907e-53	6.73975679047674e-53
9606.ENSP00000296674	9606.ENSP00000332604	RPS23	EIF3C	9606	0.888	0	0	0	0	0.888	0	0	RPS23	EIF3C	0.403231938100642	3.62430020193526e-21	6.61686565196336e-21
9606.ENSP00000296674	9606.ENSP00000354125	RPS23	EIF3B	9606	0.893	0	0	0	0	0.892	0	0	RPS23	EIF3B	0.449907568396591	1.55293167016854e-26	3.11386497002879e-26
9606.ENSP00000296674	9606.ENSP00000364119	RPS23	EIF2S2	9606	0.901	0	0	0	0	0.901	0	0	RPS23	EIF2S2	0.440324311934299	2.30377926441194e-25	4.52438637370342e-25
9606.ENSP00000296674	9606.ENSP00000339063	RPS23	EEF1A1	9606	0.901	0	0	0	0	0.901	0	0	RPS23	EEF1A1	0.428674575532087	5.45776539026896e-24	1.04944261153062e-23
9606.ENSP00000296674	9606.ENSP00000429931	RPS23	EIF3H	9606	0.913	0	0	0	0	0.818	0.54	0	RPS23	EIF3H	0.574710825119779	9.99717481526875e-46	2.63965069887498e-45
9606.ENSP00000296674	9606.ENSP00000362105	RPS23	UTP11	9606	0.943	0	0	0	0	0.943	0	0	RPS23	UTP11	0.341649661860596	2.84622643118479e-15	4.66139835395399e-15
9606.ENSP00000296674	9606.ENSP00000346001	RPS23	RPL3	9606	0.95	0	0	0	0	0.95	0	0	RPS23	RPL3	0.633299137367153	5.73507294977572e-58	1.82936532490008e-57
9606.ENSP00000296674	9606.ENSP00000413436	RPS23	RPL10	9606	0.952	0	0	0	0	0.951	0	0	RPS23	RPL10	0.746153093570226	6.47082644774613e-91	3.60131034094034e-90
9606.ENSP00000296674	9606.ENSP00000431240	RPS23	RPLP2	9606	0.959	0	0	0	0	0.959	0	0	RPS23	RPLP2	0.715814096937644	1.76045609758254e-80	7.94482372673513e-80
9606.ENSP00000296674	9606.ENSP00000307940	RPS23	EEF2	9606	0.959	0	0	0	0	0.956	0	0.1	RPS23	EEF2	0.301948704187189	4.17680690817193e-12	6.38189856491749e-12
9606.ENSP00000296674	9606.ENSP00000346037	RPS23	RPLP1	9606	0.963	0	0	0	0	0.963	0	0	RPS23	RPLP1	0.693406980449598	1.29692772668903e-73	5.19901534811393e-73
9606.ENSP00000296674	9606.ENSP00000346015	RPS23	RPL27A	9606	0.968	0	0	0	0	0.967	0	0	RPS23	RPL27A	0.752098905542728	3.89070760369345e-93	2.25464945785626e-92
9606.ENSP00000296674	9606.ENSP00000378163	RPS23	RPL34	9606	0.968	0	0	0	0	0.967	0	0	RPS23	RPL34	0.746456477945931	5.001980221162e-91	2.79922764810382e-90
9606.ENSP00000296674	9606.ENSP00000452763	RPS23	RPL28	9606	0.971	0	0	0	0	0.971	0	0	RPS23	RPL28	0.668681712891786	9.8473798262224e-67	3.52817950006084e-66
9606.ENSP00000296674	9606.ENSP00000354739	RPS23	RPL12	9606	0.973	0	0	0	0	0.973	0	0	RPS23	RPL12	0.685328439676266	2.73148997745343e-71	1.05485555694175e-70
9606.ENSP00000296674	9606.ENSP00000449328	RPS23	RPLP0	9606	0.973	0	0	0	0	0.968	0	0.176	RPS23	RPLP0	0.717814141662613	3.98331608582511e-81	1.82532573172004e-80
9606.ENSP00000296674	9606.ENSP00000418082	RPS23	RPL37A	9606	0.973	0	0	0	0	0.973	0	0	RPS23	RPL37A	0.787050071466774	1.34458236853381e-107	1.0866201601298e-106
9606.ENSP00000296674	9606.ENSP00000388107	RPS23	UBA52	9606	0.974	0	0	0	0	0.947	0.54	0	RPS23	UBA52	0.78570263858684	5.44352841687379e-107	4.30967296728709e-106
9606.ENSP00000296674	9606.ENSP00000420311	RPS23	RPL23	9606	0.974	0	0	0	0	0.974	0	0	RPS23	RPL23	0.810632243348558	5.35111462620461e-119	6.00250308070269e-118
9606.ENSP00000296674	9606.ENSP00000464813	RPS23	RPL27	9606	0.974	0	0	0	0	0.974	0	0	RPS23	RPL27	0.807681327138925	1.74096233057971e-117	1.88195051931683e-116
9606.ENSP00000296674	9606.ENSP00000311430	RPS23	RPL4	9606	0.975	0	0	0	0	0.975	0	0	RPS23	RPL4	0.718726903746275	2.01300589077648e-81	9.30027105154172e-81
9606.ENSP00000296674	9606.ENSP00000389103	RPS23	RPL23A	9606	0.975	0	0	0	0	0.975	0	0	RPS23	RPL23A	0.753826314308449	8.56865638809033e-94	5.0347076268698e-93
9606.ENSP00000296674	9606.ENSP00000309334	RPS23	RPL15	9606	0.975	0	0	0	0	0.975	0	0	RPS23	RPL15	0.656319638174998	1.55010441194885e-63	5.33467906125799e-63
9606.ENSP00000296674	9606.ENSP00000307889	RPS23	RPL13	9606	0.975	0	0	0	0	0.975	0	0	RPS23	RPL13	0.728680166153261	9.85119888613171e-85	4.83856457912042e-84
9606.ENSP00000296674	9606.ENSP00000379506	RPS23	RPL14	9606	0.976	0	0	0	0	0.976	0	0	RPS23	RPL14	0.738514068798184	3.75786857733021e-88	1.99068661075534e-87
9606.ENSP00000296674	9606.ENSP00000355315	RPS23	RPL39	9606	0.989	0	0	0	0	0.895	0.9	0.11	RPS23	RPL39	0.66258253154508	3.88801813449192e-65	1.35932852400792e-64
9606.ENSP00000296674	9606.ENSP00000362744	RPS23	RPS4X	9606	0.991	0	0	0	0	0.922	0.9	0	RPS23	RPS4X	0.619327988699491	8.20198776468527e-55	2.49362115994848e-54
9606.ENSP00000296674	9606.ENSP00000481646	RPS23	RPS10	9606	0.993	0	0	0	0	0.941	0.9	0	RPS23	RPS10	0.723904843900539	3.97977519724283e-83	1.89582699838526e-82
9606.ENSP00000296674	9606.ENSP00000361076	RPS23	RPL7A	9606	0.993	0	0	0	0	0.975	0.72	0	RPS23	RPL7A	0.731409321056329	1.14800401059548e-85	5.78461383426548e-85
9606.ENSP00000296674	9606.ENSP00000416429	RPS23	RPL32	9606	0.995	0	0	0	0	0.957	0.9	0	RPS23	RPL32	0.809401188566061	2.30447636774445e-118	2.55106038171098e-117
9606.ENSP00000296674	9606.ENSP00000363018	RPS23	RPL10A	9606	0.995	0	0	0	0	0.953	0.9	0	RPS23	RPL10A	0.659351804745692	2.63160004643786e-64	9.09997582701922e-64
9606.ENSP00000296674	9606.ENSP00000466010	RPS23	RPS15	9606	0.996	0	0	0	0	0.969	0.9	0	RPS23	RPS15	0.631406339391703	1.56859362195513e-57	4.95969695841938e-57
9606.ENSP00000296674	9606.ENSP00000309830	RPS23	RPL38	9606	0.996	0	0	0	0	0.967	0.9	0	RPS23	RPL38	0.749763982609441	2.94893589202765e-92	1.6838224241273e-91
9606.ENSP00000296674	9606.ENSP00000472985	RPS23	RPS5	9606	0.996	0	0	0	0	0.967	0.9	0.129	RPS23	RPS5	0.734069431787899	1.37691880580152e-86	7.04330863351858e-86
9606.ENSP00000296674	9606.ENSP00000414321	RPS23	RPS24	9606	0.996	0	0	0	0	0.962	0.9	0.229	RPS23	RPS24	0.753961980048937	7.60455022133669e-94	4.47342088020259e-93
9606.ENSP00000296674	9606.ENSP00000318646	RPS23	RPS15A	9606	0.996	0	0	0	0	0.967	0.9	0.119	RPS23	RPS15A	0.786967516627439	1.46528510842286e-107	1.1822770914691e-106
9606.ENSP00000296674	9606.ENSP00000379339	RPS23	RPS29	9606	0.996	0	0	0	0	0.964	0.9	0	RPS23	RPS29	0.723066996140608	7.55467364017377e-83	3.58528085793988e-82
9606.ENSP00000296674	9606.ENSP00000341885	RPS23	RPS2	9606	0.997	0	0	0	0	0.973	0.9	0.111	RPS23	RPS2	0.716031013039192	1.49933953172065e-80	6.77246311694175e-80
9606.ENSP00000296674	9606.ENSP00000495273	RPS23	RPS7	9606	0.997	0	0	0	0	0.969	0.9	0.144	RPS23	RPS7	0.730385678319385	2.57890496239264e-85	1.2841220673961e-84
9606.ENSP00000296674	9606.ENSP00000393241	RPS23	RPS18	9606	0.997	0	0	0	0	0.97	0.9	0.177	RPS23	RPS18	0.785504544243244	6.68023637149286e-107	5.27228015653391e-106
9606.ENSP00000296674	9606.ENSP00000386717	RPS23	RPL31	9606	0.997	0	0	0	0	0.975	0.9	0	RPS23	RPL31	0.801393555504619	2.38509044365057e-114	2.33388250569211e-113
9606.ENSP00000296674	9606.ENSP00000429374	RPS23	RPS20	9606	0.997	0	0	0	0	0.975	0.9	0	RPS23	RPS20	0.750201262362261	2.0214931378619e-92	1.15687033760671e-91
9606.ENSP00000296674	9606.ENSP00000385958	RPS23	RPS14	9606	0.997	0	0	0	0	0.975	0.9	0.129	RPS23	RPS14	0.819535214391004	9.9934701802984e-124	1.3030145784054e-122
9606.ENSP00000296674	9606.ENSP00000375632	RPS23	RPS9	9606	0.997	0	0	0	0	0.972	0.9	0.092	RPS23	RPS9	0.74522411868516	1.4202390439846e-90	7.86964876617536e-90
9606.ENSP00000296674	9606.ENSP00000435096	RPS23	RPS25	9606	0.997	0	0	0	0	0.975	0.9	0	RPS23	RPS25	0.764418025653497	6.03949705202951e-98	3.90484294344975e-97
9606.ENSP00000296674	9606.ENSP00000379888	RPS23	RPS8	9606	0.997	0	0	0	0	0.973	0.9	0	RPS23	RPS8	0.811344208955057	2.28864514688103e-119	2.58443209778373e-118
9606.ENSP00000296674	9606.ENSP00000498019	RPS23	RPS17	9606	0.997	0	0	0	0	0.975	0.9	0	RPS23	RPS17	0.82569235184388	3.74841245290097e-127	5.32674679753539e-126
9606.ENSP00000296674	9606.ENSP00000367806	RPS23	RPS16	9606	0.997	0	0	0	0	0.975	0.9	0	RPS23	RPS16	0.79032198250881	4.3187529664093e-109	3.64142854284411e-108
9606.ENSP00000296674	9606.ENSP00000431822	RPS23	FAU	9606	0.998	0	0	0	0	0.981	0.9	0	RPS23	FAU	0.685071923341402	3.22802992806148e-71	1.24376263564837e-70
9606.ENSP00000298767	9606.ENSP00000323421	WAPL	SMC1A	9606	0.942	0	0	0	0	0.724	0.5	0.616	WAPL	SMC1A	0.725010855122779	1.70149166961431e-83	8.18236345682397e-83
9606.ENSP00000298767	9606.ENSP00000372689	WAPL	STAG1	9606	0.975	0	0	0	0	0.724	0.5	0.835	WAPL	STAG1	0.712611509598165	1.85143097897405e-79	8.18740325404694e-79
9606.ENSP00000299424	9606.ENSP00000359295	TAF10	DR1	9606	0.778	0	0	0	0	0.242	0.72	0	TAF10	DR1	-0.371745000587015	5.38191053996527e-18	9.27985188196466e-18
9606.ENSP00000299424	9606.ENSP00000307684	TAF10	TADA3	9606	0.979	0	0	0	0	0.797	0.9	0.047	TAF10	TADA3	0.575266532864467	7.85574699681591e-46	2.07965588994724e-45
9606.ENSP00000300413	9606.ENSP00000326806	SNRPD1	NCBP2	9606	0.869	0	0	0	0	0.869	0	0	SNRPD1	NCBP2	0.305524279135988	2.2624346757741e-12	3.48952958071377e-12
9606.ENSP00000300413	9606.ENSP00000396301	SNRPD1	IK	9606	0.979	0	0	0	0	0.8	0.9	0	SNRPD1	IK	0.633393898396051	5.45233340610015e-58	1.74027474457165e-57
9606.ENSP00000300413	9606.ENSP00000360497	SNRPD1	RNF113A	9606	0.985	0	0	0	0	0.862	0.9	0	SNRPD1	RNF113A	0.488591964786541	1.16791839158721e-31	2.54238345225461e-31
9606.ENSP00000300413	9606.ENSP00000358554	SNRPD1	BCAS2	9606	0.988	0	0	0	0	0.886	0.9	0	SNRPD1	BCAS2	0.30555390942821	2.25088993091767e-12	3.47278199466681e-12
9606.ENSP00000300413	9606.ENSP00000412566	SNRPD1	SNRPB	9606	0.997	0	0	0	0	0.972	0.9	0.23	SNRPD1	SNRPB	0.58736389166867	3.67885168465019e-48	1.00874312588863e-47
9606.ENSP00000300413	9606.ENSP00000342374	SNRPD1	SNRPD2	9606	0.999	0	0	0	0	0.988	0.9	0.987	SNRPD1	SNRPD2	0.683131232377896	1.13581669427912e-70	4.33667672177966e-70
9606.ENSP00000301653	9606.ENSP00000369317	KRT16	KRT6A	9606	0.716	0	0	0	0	0.08	0	0.704	KRT16	KRT6A	0.80888992547882	4.21280771553492e-118	4.64326671740548e-117
9606.ENSP00000302783	9606.ENSP00000480332	TRAPPC1	TRAPPC3	9606	0.999	0	0	0	0	0.981	0.8	0.985	TRAPPC1	TRAPPC3	0.439630236315557	2.79148857702127e-25	5.47794441859993e-25
9606.ENSP00000302783	9606.ENSP00000436005	TRAPPC1	TRAPPC4	9606	0.999	0	0	0	0	0.989	0.8	0.987	TRAPPC1	TRAPPC4	0.461646288852488	5.06846242172274e-28	1.04063926101848e-27
9606.ENSP00000302783	9606.ENSP00000392495	TRAPPC1	TRAPPC2	9606	0.999	0	0	0	0	0.794	0.8	0.987	TRAPPC1	TRAPPC2	0.356859039941261	1.30084099541973e-16	2.18201412328529e-16
9606.ENSP00000304102	9606.ENSP00000384109	COPS6	CUL4B	9606	0.79	0	0	0	0	0.599	0.5	0	COPS6	CUL4B	-0.425172144543647	1.38023128491211e-23	2.63394570741997e-23
9606.ENSP00000304102	9606.ENSP00000386880	COPS6	COPS7B	9606	0.997	0	0	0	0	0.977	0.9	0.115	COPS6	COPS7B	0.434796771602626	1.05023977138173e-24	2.04509738391847e-24
9606.ENSP00000304941	9606.ENSP00000376827	TCTN2	MKS1	9606	0.956	0	0	0	0	0.163	0.8	0.76	TCTN2	MKS1	0.313556697284635	5.53374803977914e-13	8.64317114332901e-13
9606.ENSP00000304941	9606.ENSP00000389998	TCTN2	TMEM67	9606	0.973	0	0	0	0	0.186	0.8	0.852	TCTN2	TMEM67	0.385412485347914	2.48982514259453e-19	4.39191959427675e-19
9606.ENSP00000304941	9606.ENSP00000380779	TCTN2	TCTN1	9606	0.995	0	0	0	0	0.441	0.8	0.96	TCTN2	TCTN1	0.319249067763919	1.987327036091e-13	3.13498206285762e-13
9606.ENSP00000307863	9606.ENSP00000328848	U2AF2	RBM10	9606	0.782	0	0	0	0	0.734	0	0.215	U2AF2	RBM10	0.47937927333106	2.22624128018392e-30	4.7601667947804e-30
9606.ENSP00000307863	9606.ENSP00000362900	U2AF2	SRSF4	9606	0.826	0	0	0	0	0.165	0.8	0.046	U2AF2	SRSF4	0.366364493592216	1.73489528737111e-17	2.95914877235686e-17
9606.ENSP00000307889	9606.ENSP00000448035	RPL13	NACA	9606	0.821	0	0	0	0	0.821	0	0	RPL13	NACA	0.618135509203094	1.49935313435136e-54	4.52849403384092e-54
9606.ENSP00000307889	9606.ENSP00000363384	RPL13	ZNF593	9606	0.847	0	0	0	0	0.847	0	0	RPL13	ZNF593	0.71709239246906	6.82003166812779e-81	3.09995868904389e-80
9606.ENSP00000307889	9606.ENSP00000339063	RPL13	EEF1A1	9606	0.867	0	0	0	0	0.867	0	0	RPL13	EEF1A1	0.303705556891093	3.09364029278821e-12	4.73690261538002e-12
9606.ENSP00000307889	9606.ENSP00000346012	RPL13	RPL36AL	9606	0.875	0	0	0	0	0.875	0	0	RPL13	RPL36AL	0.620744558927942	3.99239732220418e-55	1.22187163055239e-54
9606.ENSP00000307889	9606.ENSP00000431240	RPL13	RPLP2	9606	0.883	0	0	0	0	0.883	0	0	RPL13	RPLP2	0.907900759020001	4.6014468246446e-192	5.67773645997001e-190
9606.ENSP00000307889	9606.ENSP00000355315	RPL13	RPL39	9606	0.895	0	0	0	0	0.895	0	0	RPL13	RPL39	0.777267043474534	2.75680734389149e-103	2.01250914181054e-102
9606.ENSP00000307889	9606.ENSP00000318646	RPL13	RPS15A	9606	0.922	0	0	0	0	0.922	0	0	RPL13	RPS15A	0.677398702603179	4.41208881447048e-69	1.6472883625392e-68
9606.ENSP00000307889	9606.ENSP00000385958	RPL13	RPS14	9606	0.93	0	0	0	0	0.929	0	0	RPL13	RPS14	0.798562371765127	5.66590029221879e-113	5.2885220624234e-112
9606.ENSP00000307889	9606.ENSP00000362744	RPL13	RPS4X	9606	0.932	0	0	0	0	0.932	0	0	RPL13	RPS4X	0.608607879421482	1.69556253718857e-52	4.94685748306631e-52
9606.ENSP00000307889	9606.ENSP00000481646	RPL13	RPS10	9606	0.936	0	0	0	0	0.936	0	0	RPL13	RPS10	0.778823006524255	5.88066515752926e-104	4.38148527716355e-103
9606.ENSP00000307889	9606.ENSP00000379339	RPL13	RPS29	9606	0.947	0	0	0	0	0.947	0	0	RPL13	RPS29	0.64541503839825	7.72399925325515e-61	2.55243264565832e-60
9606.ENSP00000307889	9606.ENSP00000498019	RPL13	RPS17	9606	0.947	0	0	0	0	0.947	0	0	RPL13	RPS17	0.756892210960226	5.66345045640062e-95	3.41088045939652e-94
9606.ENSP00000307889	9606.ENSP00000363018	RPL13	RPL10A	9606	0.953	0	0	0	0	0.953	0	0	RPL13	RPL10A	0.543185405497071	4.22393881220165e-40	1.02537938824031e-39
9606.ENSP00000307889	9606.ENSP00000414321	RPL13	RPS24	9606	0.954	0	0	0	0	0.954	0	0	RPL13	RPS24	0.745221416551593	1.42348312921998e-90	7.87899469444625e-90
9606.ENSP00000307889	9606.ENSP00000413436	RPL13	RPL10	9606	0.954	0	0	0	0	0.954	0	0	RPL13	RPL10	0.775106454744853	2.30759648878995e-102	1.65355958028164e-101
9606.ENSP00000307889	9606.ENSP00000416429	RPL13	RPL32	9606	0.954	0	0	0	0	0.954	0	0	RPL13	RPL32	0.847572738640323	1.63294333335515e-140	3.63923362266242e-139
9606.ENSP00000307889	9606.ENSP00000472985	RPL13	RPS5	9606	0.956	0	0	0	0	0.956	0	0	RPL13	RPS5	0.667438265565687	2.09825477641689e-66	7.48067012959339e-66
9606.ENSP00000307889	9606.ENSP00000388107	RPL13	UBA52	9606	0.958	0	0	0	0	0.957	0	0	RPL13	UBA52	0.77571601880685	1.27019388067112e-102	9.15371914859712e-102
9606.ENSP00000307889	9606.ENSP00000346037	RPL13	RPLP1	9606	0.963	0	0	0	0	0.962	0	0	RPL13	RPLP1	0.850961400487875	9.03188310532037e-143	2.1967450302796e-141
9606.ENSP00000307889	9606.ENSP00000466010	RPL13	RPS15	9606	0.966	0	0	0	0	0.966	0	0	RPL13	RPS15	0.894119411941194	1.28407293155708e-177	1.13967104574514e-175
9606.ENSP00000307889	9606.ENSP00000378163	RPL13	RPL34	9606	0.968	0	0	0	0	0.967	0	0	RPL13	RPL34	0.828749862563896	6.63914488982116e-129	9.96659762540215e-128
9606.ENSP00000307889	9606.ENSP00000452763	RPL13	RPL28	9606	0.968	0	0	0	0	0.967	0	0	RPL13	RPL28	0.816210378801855	6.24773953695973e-122	7.63461698489837e-121
9606.ENSP00000307889	9606.ENSP00000346001	RPL13	RPL3	9606	0.968	0	0	0	0	0.968	0	0	RPL13	RPL3	0.592655041901706	3.27873706401509e-49	9.10880329865587e-49
9606.ENSP00000307889	9606.ENSP00000309830	RPL13	RPL38	9606	0.968	0	0	0	0	0.967	0	0	RPL13	RPL38	0.805974417317508	1.26957908583778e-116	1.34368213289819e-115
9606.ENSP00000307889	9606.ENSP00000386717	RPL13	RPL31	9606	0.97	0	0	0	0	0.97	0	0	RPL13	RPL31	0.786233840775382	3.14044785478096e-107	2.50591887970613e-106
9606.ENSP00000307889	9606.ENSP00000393241	RPL13	RPS18	9606	0.97	0	0	0	0	0.969	0	0	RPL13	RPS18	0.711737322800603	3.49952467233773e-79	1.54082639837742e-78
9606.ENSP00000307889	9606.ENSP00000495273	RPL13	RPS7	9606	0.971	0	0	0	0	0.971	0	0	RPL13	RPS7	0.800145635681581	9.69707585506287e-114	9.34428700014535e-113
9606.ENSP00000307889	9606.ENSP00000375632	RPL13	RPS9	9606	0.972	0	0	0	0	0.972	0	0	RPL13	RPS9	0.814391283848882	5.7942190077636e-121	6.78540600932316e-120
9606.ENSP00000307889	9606.ENSP00000379888	RPL13	RPS8	9606	0.973	0	0	0	0	0.973	0	0	RPL13	RPS8	0.825755898571224	3.44975939919622e-127	4.91615008465737e-126
9606.ENSP00000307889	9606.ENSP00000418082	RPL13	RPL37A	9606	0.973	0	0	0	0	0.973	0	0	RPL13	RPL37A	0.846651217916823	6.56593204536807e-140	1.43176940592746e-138
9606.ENSP00000307889	9606.ENSP00000389103	RPL13	RPL23A	9606	0.973	0	0	0	0	0.973	0	0	RPL13	RPL23A	0.737725138973525	7.15933033595741e-88	3.77281793433422e-87
9606.ENSP00000307889	9606.ENSP00000449328	RPL13	RPLP0	9606	0.973	0	0	0	0	0.973	0	0	RPL13	RPLP0	0.680602501243913	5.76606603873538e-70	2.18178968511311e-69
9606.ENSP00000307889	9606.ENSP00000354739	RPL13	RPL12	9606	0.973	0	0	0	0	0.973	0	0	RPL13	RPL12	0.737334168199428	9.84517024387856e-88	5.16667181159561e-87
9606.ENSP00000307889	9606.ENSP00000464813	RPL13	RPL27	9606	0.974	0	0	0	0	0.967	0	0.249	RPL13	RPL27	0.743313617075993	7.07668831372467e-90	3.86619505174224e-89
9606.ENSP00000307889	9606.ENSP00000420311	RPL13	RPL23	9606	0.974	0	0	0	0	0.974	0	0	RPL13	RPL23	0.77651119149182	5.81293713597823e-103	4.20710285706922e-102
9606.ENSP00000307889	9606.ENSP00000341885	RPL13	RPS2	9606	0.974	0	0	0	0	0.974	0	0	RPL13	RPS2	0.836357486680345	2.03377255170788e-133	3.61012468038251e-132
9606.ENSP00000307889	9606.ENSP00000431822	RPL13	FAU	9606	0.975	0	0	0	0	0.975	0	0	RPL13	FAU	0.818771256007588	2.60407921622228e-123	3.35217220225662e-122
9606.ENSP00000307889	9606.ENSP00000367806	RPL13	RPS16	9606	0.975	0	0	0	0	0.975	0	0	RPL13	RPS16	0.815508849021548	1.47916948845479e-121	1.78169486716495e-120
9606.ENSP00000307889	9606.ENSP00000311430	RPL13	RPL4	9606	0.975	0	0	0	0	0.975	0	0	RPL13	RPL4	0.731932603198208	7.57941428078609e-86	3.82677214036895e-85
9606.ENSP00000307889	9606.ENSP00000435096	RPL13	RPS25	9606	0.976	0	0	0	0	0.976	0	0	RPL13	RPS25	0.692671534234169	2.12626920588421e-73	8.48997309594967e-73
9606.ENSP00000307889	9606.ENSP00000361076	RPL13	RPL7A	9606	0.976	0	0	0	0	0.975	0	0.053	RPL13	RPL7A	0.790751528569006	2.73740424559688e-109	2.32357853665682e-108
9606.ENSP00000307889	9606.ENSP00000429374	RPL13	RPS20	9606	0.976	0	0	0	0	0.975	0	0	RPL13	RPS20	0.827705720882647	2.65593648894172e-128	3.91731273981229e-127
9606.ENSP00000307889	9606.ENSP00000309334	RPL13	RPL15	9606	0.977	0	0	0	0	0.975	0	0.123	RPL13	RPL15	0.632226576694936	1.01513392281502e-57	3.22180835352647e-57
9606.ENSP00000307889	9606.ENSP00000346015	RPL13	RPL27A	9606	0.978	0	0	0	0	0.978	0	0	RPL13	RPL27A	0.799169979109712	2.88319779451681e-113	2.71621930027199e-112
9606.ENSP00000307889	9606.ENSP00000379506	RPL13	RPL14	9606	0.979	0	0	0	0	0.975	0	0.182	RPL13	RPL14	0.81422878312676	7.06127408268853e-121	8.25011214418505e-120
9606.ENSP00000307940	9606.ENSP00000363018	EEF2	RPL10A	9606	0.909	0	0	0	0	0.909	0	0	EEF2	RPL10A	0.464939351077965	1.89442613327331e-28	3.92461171508176e-28
9606.ENSP00000307940	9606.ENSP00000346001	EEF2	RPL3	9606	0.934	0	0	0	0	0.895	0	0.398	EEF2	RPL3	0.55966953838241	5.74367795632078e-43	1.46089827958908e-42
9606.ENSP00000307940	9606.ENSP00000379888	EEF2	RPS8	9606	0.947	0	0	0	0	0.947	0	0	EEF2	RPS8	0.319220182887854	1.99779142582392e-13	3.15050711447731e-13
9606.ENSP00000307940	9606.ENSP00000393241	EEF2	RPS18	9606	0.947	0	0	0	0	0.947	0	0	EEF2	RPS18	0.325961447076385	5.77497340329161e-14	9.18151805381905e-14
9606.ENSP00000307940	9606.ENSP00000361076	EEF2	RPL7A	9606	0.957	0	0	0	0	0.957	0	0	EEF2	RPL7A	0.304036614841608	2.92283129681712e-12	4.47807496383944e-12
9606.ENSP00000307940	9606.ENSP00000341885	EEF2	RPS2	9606	0.957	0	0	0	0	0.957	0	0	EEF2	RPS2	0.336902106359704	7.20759457388312e-15	1.16719657328024e-14
9606.ENSP00000307940	9606.ENSP00000472985	EEF2	RPS5	9606	0.959	0	0	0	0	0.957	0	0.093	EEF2	RPS5	0.46277335808115	3.62342372936824e-28	7.4698046645778e-28
9606.ENSP00000307940	9606.ENSP00000311430	EEF2	RPL4	9606	0.965	0	0	0	0	0.964	0	0	EEF2	RPL4	0.383345819053955	4.00001796025235e-19	7.03619292799605e-19
9606.ENSP00000307940	9606.ENSP00000449328	EEF2	RPLP0	9606	0.974	0	0	0	0	0.946	0	0.551	EEF2	RPLP0	0.431787712932784	2.37078168211251e-24	4.58478001903945e-24
9606.ENSP00000309334	9606.ENSP00000448035	RPL15	NACA	9606	0.8	0	0	0	0	0.8	0	0	RPL15	NACA	0.783963116808575	3.26152836834826e-106	2.53457327426633e-105
9606.ENSP00000309334	9606.ENSP00000339063	RPL15	EEF1A1	9606	0.834	0	0	0	0	0.834	0	0	RPL15	EEF1A1	0.530743105366437	4.8596253819128e-38	1.15097588048206e-37
9606.ENSP00000309334	9606.ENSP00000363384	RPL15	ZNF593	9606	0.847	0	0	0	0	0.847	0	0	RPL15	ZNF593	0.471869485085154	2.30527393097984e-29	4.84519352589406e-29
9606.ENSP00000309334	9606.ENSP00000346012	RPL15	RPL36AL	9606	0.886	0	0	0	0	0.886	0	0	RPL15	RPL36AL	0.647281001392065	2.71702225647022e-61	9.03709112129048e-61
9606.ENSP00000309334	9606.ENSP00000355315	RPL15	RPL39	9606	0.895	0	0	0	0	0.895	0	0	RPL15	RPL39	0.554506133843198	4.7240167249038e-42	1.18369492874137e-41
9606.ENSP00000309334	9606.ENSP00000318646	RPL15	RPS15A	9606	0.924	0	0	0	0	0.924	0	0	RPL15	RPS15A	0.632765233045044	7.62261509592079e-58	2.42380953930002e-57
9606.ENSP00000309334	9606.ENSP00000362744	RPL15	RPS4X	9606	0.936	0	0	0	0	0.935	0	0	RPL15	RPS4X	0.675960981191287	1.09042838781287e-68	4.04730536606405e-68
9606.ENSP00000309334	9606.ENSP00000481646	RPL15	RPS10	9606	0.936	0	0	0	0	0.936	0	0	RPL15	RPS10	0.633132164148092	6.26915124756927e-58	1.99720630739628e-57
9606.ENSP00000309334	9606.ENSP00000413436	RPL15	RPL10	9606	0.943	0	0	0	0	0.943	0	0	RPL15	RPL10	0.630279270163041	2.84621470747745e-57	8.96017436535684e-57
9606.ENSP00000309334	9606.ENSP00000388107	RPL15	UBA52	9606	0.947	0	0	0	0	0.947	0	0	RPL15	UBA52	0.593248486339317	2.49302286620788e-49	6.93740521460158e-49
9606.ENSP00000309334	9606.ENSP00000498019	RPL15	RPS17	9606	0.947	0	0	0	0	0.947	0	0	RPL15	RPS17	0.71757905604225	4.74671862414843e-81	2.17121605059375e-80
9606.ENSP00000309334	9606.ENSP00000379339	RPL15	RPS29	9606	0.947	0	0	0	0	0.947	0	0	RPL15	RPS29	0.605149148455218	9.07073568503928e-52	2.61624012717296e-51
9606.ENSP00000309334	9606.ENSP00000452763	RPL15	RPL28	9606	0.947	0	0	0	0	0.947	0	0	RPL15	RPL28	0.56490608688198	6.52494350996633e-44	1.6739193314868e-43
9606.ENSP00000309334	9606.ENSP00000431822	RPL15	FAU	9606	0.947	0	0	0	0	0.947	0	0	RPL15	FAU	0.668721313125101	9.61239305574301e-67	3.44642781495421e-66
9606.ENSP00000309334	9606.ENSP00000385958	RPL15	RPS14	9606	0.95	0	0	0	0	0.95	0	0	RPL15	RPS14	0.696431320150649	1.67168475670168e-74	6.81470844814971e-74
9606.ENSP00000309334	9606.ENSP00000346037	RPL15	RPLP1	9606	0.951	0	0	0	0	0.951	0	0	RPL15	RPLP1	0.566074992592427	3.9940230060349e-44	1.02723753876617e-43
9606.ENSP00000309334	9606.ENSP00000363018	RPL15	RPL10A	9606	0.953	0	0	0	0	0.953	0	0	RPL15	RPL10A	0.656239505938171	1.62402591469813e-63	5.58528015122899e-63
9606.ENSP00000309334	9606.ENSP00000414321	RPL15	RPS24	9606	0.957	0	0	0	0	0.957	0	0	RPL15	RPS24	0.801822169794619	1.46989104281319e-114	1.44391821079455e-113
9606.ENSP00000309334	9606.ENSP00000416429	RPL15	RPL32	9606	0.958	0	0	0	0	0.958	0	0	RPL15	RPL32	0.773093085706086	1.63612643064756e-101	1.14960605731195e-100
9606.ENSP00000309334	9606.ENSP00000431240	RPL15	RPLP2	9606	0.96	0	0	0	0	0.96	0	0	RPL15	RPLP2	0.590564335936699	8.56869129722085e-49	2.35977187112903e-48
9606.ENSP00000309334	9606.ENSP00000464813	RPL15	RPL27	9606	0.964	0	0	0	0	0.964	0	0	RPL15	RPL27	0.628240836506011	8.30915147592808e-57	2.60123745771783e-56
9606.ENSP00000309334	9606.ENSP00000466010	RPL15	RPS15	9606	0.967	0	0	0	0	0.967	0	0	RPL15	RPS15	0.551826735468578	1.38970467152272e-41	3.45649750896433e-41
9606.ENSP00000309334	9606.ENSP00000449328	RPL15	RPLP0	9606	0.967	0	0	0	0	0.967	0	0	RPL15	RPLP0	0.554796193905105	4.20074724123384e-42	1.05362321732286e-41
9606.ENSP00000309334	9606.ENSP00000393241	RPL15	RPS18	9606	0.968	0	0	0	0	0.967	0	0	RPL15	RPS18	0.631055341559001	1.88889854569652e-57	5.96500483313278e-57
9606.ENSP00000309334	9606.ENSP00000472985	RPL15	RPS5	9606	0.968	0	0	0	0	0.968	0	0	RPL15	RPS5	0.511319703398911	5.46658769427681e-35	1.24574176330389e-34
9606.ENSP00000309334	9606.ENSP00000309830	RPL15	RPL38	9606	0.968	0	0	0	0	0.967	0	0	RPL15	RPL38	0.671972259337735	1.30668232547593e-67	4.76604605954053e-67
9606.ENSP00000309334	9606.ENSP00000378163	RPL15	RPL34	9606	0.968	0	0	0	0	0.967	0	0	RPL15	RPL34	0.787352430895263	9.81082943913337e-108	7.96677144985164e-107
9606.ENSP00000309334	9606.ENSP00000375632	RPL15	RPS9	9606	0.968	0	0	0	0	0.967	0	0	RPL15	RPS9	0.662474166671325	4.14717498371283e-65	1.44893358029028e-64
9606.ENSP00000309334	9606.ENSP00000495273	RPL15	RPS7	9606	0.97	0	0	0	0	0.97	0	0	RPL15	RPS7	0.678674855063146	1.96774287634116e-69	7.39035724677795e-69
9606.ENSP00000309334	9606.ENSP00000386717	RPL15	RPL31	9606	0.972	0	0	0	0	0.972	0	0	RPL15	RPL31	0.729961909234402	3.60142212315904e-85	1.7844852616123e-84
9606.ENSP00000309334	9606.ENSP00000354739	RPL15	RPL12	9606	0.973	0	0	0	0	0.973	0	0	RPL15	RPL12	0.71474526334621	3.87469206581979e-80	1.73931385634271e-79
9606.ENSP00000309334	9606.ENSP00000389103	RPL15	RPL23A	9606	0.973	0	0	0	0	0.973	0	0	RPL15	RPL23A	0.611674987374514	3.7662538511933e-53	1.10904995536594e-52
9606.ENSP00000309334	9606.ENSP00000418082	RPL15	RPL37A	9606	0.973	0	0	0	0	0.973	0	0	RPL15	RPL37A	0.72165182356745	2.218462537563e-82	1.04304851092297e-81
9606.ENSP00000309334	9606.ENSP00000346001	RPL15	RPL3	9606	0.973	0	0	0	0	0.973	0	0	RPL15	RPL3	0.6764425200284	8.05812182402076e-69	2.99970848474768e-68
9606.ENSP00000309334	9606.ENSP00000379888	RPL15	RPS8	9606	0.973	0	0	0	0	0.973	0	0	RPL15	RPS8	0.680278152038806	7.0935722157703e-70	2.6820913183544e-69
9606.ENSP00000309334	9606.ENSP00000341885	RPL15	RPS2	9606	0.974	0	0	0	0	0.974	0	0	RPL15	RPS2	0.529120054862629	8.89557168325298e-38	2.09998586773574e-37
9606.ENSP00000309334	9606.ENSP00000311430	RPL15	RPL4	9606	0.975	0	0	0	0	0.975	0	0	RPL15	RPL4	0.846772348042258	5.47126823883245e-140	1.1982314294482e-138
9606.ENSP00000309334	9606.ENSP00000420311	RPL15	RPL23	9606	0.975	0	0	0	0	0.975	0	0	RPL15	RPL23	0.724489063813214	2.54187430951624e-83	1.21658865958776e-82
9606.ENSP00000309334	9606.ENSP00000346015	RPL15	RPL27A	9606	0.975	0	0	0	0	0.975	0	0	RPL15	RPL27A	0.684903459290028	3.60192949757244e-71	1.38466271491026e-70
9606.ENSP00000309334	9606.ENSP00000361076	RPL15	RPL7A	9606	0.975	0	0	0	0	0.975	0	0	RPL15	RPL7A	0.700674042559535	9.03755680805915e-76	3.76924978499351e-75
9606.ENSP00000309334	9606.ENSP00000435096	RPL15	RPS25	9606	0.975	0	0	0	0	0.975	0	0	RPL15	RPS25	0.729916438848854	3.73267597496761e-85	1.84771113085725e-84
9606.ENSP00000309334	9606.ENSP00000379506	RPL15	RPL14	9606	0.976	0	0	0	0	0.975	0	0	RPL15	RPL14	0.770005012923652	3.1740528030789e-100	2.14386290130523e-99
9606.ENSP00000309334	9606.ENSP00000429374	RPL15	RPS20	9606	0.976	0	0	0	0	0.976	0	0	RPL15	RPS20	0.718513528371471	2.3617804195243e-81	1.09016853488809e-80
9606.ENSP00000309334	9606.ENSP00000367806	RPL15	RPS16	9606	0.976	0	0	0	0	0.975	0	0	RPL15	RPS16	0.555416193793292	3.26722533521029e-42	8.21924066177466e-42
9606.ENSP00000309474	9606.ENSP00000357292	PSMD1	UBQLN4	9606	0.758	0	0	0	0	0.758	0	0	PSMD1	UBQLN4	0.458720344084098	1.20434123982731e-27	2.45477934419273e-27
9606.ENSP00000309474	9606.ENSP00000386541	PSMD1	PSMD14	9606	0.998	0	0	0	0	0.984	0.72	0.763	PSMD1	PSMD14	0.557366575166833	1.47682101530172e-42	3.7356187582057e-42
9606.ENSP00000309474	9606.ENSP00000310129	PSMD1	PSMD2	9606	0.999	0	0	0	0	0.972	0.72	0.925	PSMD1	PSMD2	0.647979549507746	1.83402974099576e-61	6.12432769616999e-61
9606.ENSP00000309830	9606.ENSP00000448035	RPL38	NACA	9606	0.8	0	0	0	0	0.8	0	0	RPL38	NACA	0.780134193543578	1.58395966646521e-104	1.19422532826341e-103
9606.ENSP00000309830	9606.ENSP00000363384	RPL38	ZNF593	9606	0.874	0	0	0	0	0.874	0	0	RPL38	ZNF593	0.721793918522287	1.99163031248485e-82	9.39893446908664e-82
9606.ENSP00000309830	9606.ENSP00000346012	RPL38	RPL36AL	9606	0.875	0	0	0	0	0.875	0	0	RPL38	RPL36AL	0.715488070546185	2.24026701751272e-80	1.00921735009767e-79
9606.ENSP00000309830	9606.ENSP00000362744	RPL38	RPS4X	9606	0.909	0	0	0	0	0.909	0	0	RPL38	RPS4X	0.624192108651859	6.81573495000261e-56	2.11408970644164e-55
9606.ENSP00000309830	9606.ENSP00000318646	RPL38	RPS15A	9606	0.921	0	0	0	0	0.921	0	0	RPL38	RPS15A	0.79674187915686	4.22988728467126e-112	3.86263533811406e-111
9606.ENSP00000309830	9606.ENSP00000385958	RPL38	RPS14	9606	0.936	0	0	0	0	0.936	0	0	RPL38	RPS14	0.782401376783641	1.60462273316211e-105	1.23183405266572e-104
9606.ENSP00000309830	9606.ENSP00000481646	RPL38	RPS10	9606	0.936	0	0	0	0	0.936	0	0	RPL38	RPS10	0.8759153244517	2.46297384254323e-161	1.19809467975252e-159
9606.ENSP00000309830	9606.ENSP00000498019	RPL38	RPS17	9606	0.947	0	0	0	0	0.947	0	0	RPL38	RPS17	0.844206439277468	2.52024909891216e-138	5.16191910582859e-137
9606.ENSP00000309830	9606.ENSP00000431822	RPL38	FAU	9606	0.947	0	0	0	0	0.947	0	0	RPL38	FAU	0.789360861551994	1.19330748837185e-108	9.92918188104139e-108
9606.ENSP00000309830	9606.ENSP00000388107	RPL38	UBA52	9606	0.947	0	0	0	0	0.947	0	0	RPL38	UBA52	0.816189041264375	6.41403034669975e-122	7.81893482504916e-121
9606.ENSP00000309830	9606.ENSP00000466010	RPL38	RPS15	9606	0.947	0	0	0	0	0.947	0	0	RPL38	RPS15	0.769043612435778	7.91460747546202e-100	5.31034472392074e-99
9606.ENSP00000309830	9606.ENSP00000414321	RPL38	RPS24	9606	0.953	0	0	0	0	0.947	0	0.157	RPL38	RPS24	0.833222825388129	1.56962528982864e-131	2.58655841734302e-130
9606.ENSP00000309830	9606.ENSP00000413436	RPL38	RPL10	9606	0.953	0	0	0	0	0.953	0	0	RPL38	RPL10	0.762813703730621	2.65370622005135e-97	1.69295079032028e-96
9606.ENSP00000309830	9606.ENSP00000472985	RPL38	RPS5	9606	0.956	0	0	0	0	0.955	0	0	RPL38	RPS5	0.601504622511941	5.1939245088191e-51	1.48034163887976e-50
9606.ENSP00000309830	9606.ENSP00000449328	RPL38	RPLP0	9606	0.957	0	0	0	0	0.957	0	0	RPL38	RPLP0	0.63009300930093	3.13998377199491e-57	9.87270223898214e-57
9606.ENSP00000309830	9606.ENSP00000464813	RPL38	RPL27	9606	0.964	0	0	0	0	0.964	0	0	RPL38	RPL27	0.860744521657134	1.29054710894742e-149	4.00544651789265e-148
9606.ENSP00000309830	9606.ENSP00000354739	RPL38	RPL12	9606	0.964	0	0	0	0	0.964	0	0	RPL38	RPL12	0.749366303089936	4.15443233191947e-92	2.36414771284371e-91
9606.ENSP00000309830	9606.ENSP00000431240	RPL38	RPLP2	9606	0.964	0	0	0	0	0.964	0	0	RPL38	RPLP2	0.845205110573169	5.72339337617819e-139	1.19046012527138e-137
9606.ENSP00000309830	9606.ENSP00000418082	RPL38	RPL37A	9606	0.964	0	0	0	0	0.964	0	0	RPL38	RPL37A	0.847461857987041	1.93151204115968e-140	4.28575412992405e-139
9606.ENSP00000309830	9606.ENSP00000420311	RPL38	RPL23	9606	0.965	0	0	0	0	0.965	0	0	RPL38	RPL23	0.892526271260666	4.45322526928498e-176	3.75481110621879e-174
9606.ENSP00000309830	9606.ENSP00000379888	RPL38	RPS8	9606	0.965	0	0	0	0	0.964	0	0	RPL38	RPS8	0.808559427371308	6.21607539162131e-118	6.79203572488385e-117
9606.ENSP00000309830	9606.ENSP00000346037	RPL38	RPLP1	9606	0.967	0	0	0	0	0.967	0	0	RPL38	RPLP1	0.740963599465537	5.00365545452521e-89	2.68151408309778e-88
9606.ENSP00000309830	9606.ENSP00000495273	RPL38	RPS7	9606	0.967	0	0	0	0	0.967	0	0	RPL38	RPS7	0.778707094311915	6.60084691777585e-104	4.91083596426883e-103
9606.ENSP00000309830	9606.ENSP00000452763	RPL38	RPL28	9606	0.968	0	0	0	0	0.968	0	0	RPL38	RPL28	0.818686744450843	2.89431568336747e-123	3.7163307213594e-122
9606.ENSP00000309830	9606.ENSP00000378163	RPL38	RPL34	9606	0.968	0	0	0	0	0.967	0	0	RPL38	RPL34	0.788215156919419	3.9802149862756e-108	3.26881617135848e-107
9606.ENSP00000309830	9606.ENSP00000375632	RPL38	RPS9	9606	0.968	0	0	0	0	0.967	0	0	RPL38	RPS9	0.694842465613021	4.92012522252275e-74	1.99446422281591e-73
9606.ENSP00000309830	9606.ENSP00000346015	RPL38	RPL27A	9606	0.968	0	0	0	0	0.967	0	0	RPL38	RPL27A	0.874917864457253	1.61569650015253e-160	7.63907345259035e-159
9606.ENSP00000309830	9606.ENSP00000429374	RPL38	RPS20	9606	0.968	0	0	0	0	0.967	0	0	RPL38	RPS20	0.856219752410023	2.18619858862953e-146	5.88296737227489e-145
9606.ENSP00000309830	9606.ENSP00000393241	RPL38	RPS18	9606	0.972	0	0	0	0	0.967	0	0.182	RPL38	RPS18	0.780778792164931	8.28394691764786e-105	6.27372566712283e-104
9606.ENSP00000309830	9606.ENSP00000311430	RPL38	RPL4	9606	0.974	0	0	0	0	0.974	0	0	RPL38	RPL4	0.743495125910106	6.07901934006455e-90	3.32832887893794e-89
9606.ENSP00000309830	9606.ENSP00000379506	RPL38	RPL14	9606	0.975	0	0	0	0	0.975	0	0	RPL38	RPL14	0.872180975861561	2.59603067457323e-158	1.07742197871789e-156
9606.ENSP00000309830	9606.ENSP00000346001	RPL38	RPL3	9606	0.975	0	0	0	0	0.975	0	0	RPL38	RPL3	0.462385462148699	4.06765939134222e-28	8.37196454873892e-28
9606.ENSP00000309830	9606.ENSP00000389103	RPL38	RPL23A	9606	0.975	0	0	0	0	0.975	0	0	RPL38	RPL23A	0.778897175431829	5.46142627524698e-104	4.08718277018853e-103
9606.ENSP00000309830	9606.ENSP00000435096	RPL38	RPS25	9606	0.977	0	0	0	0	0.975	0	0.118	RPL38	RPS25	0.831783613143923	1.12015698968728e-130	1.77644959587084e-129
9606.ENSP00000309830	9606.ENSP00000341885	RPL38	RPS2	9606	0.978	0	0	0	0	0.973	0	0.221	RPL38	RPS2	0.788626533460799	2.58486313120735e-108	2.12977566462182e-107
9606.ENSP00000309830	9606.ENSP00000367806	RPL38	RPS16	9606	0.979	0	0	0	0	0.973	0	0.272	RPL38	RPS16	0.851368118178277	4.79836575197514e-143	1.17270204537402e-141
9606.ENSP00000309830	9606.ENSP00000355315	RPL38	RPL39	9606	0.989	0	0	0	0	0.895	0.9	0	RPL38	RPL39	0.806163007605108	1.0203452469219e-116	1.08216490653624e-115
9606.ENSP00000309830	9606.ENSP00000361076	RPL38	RPL7A	9606	0.992	0	0	0	0	0.975	0.72	0	RPL38	RPL7A	0.73251952524445	4.75217624923329e-86	2.4065324969841e-85
9606.ENSP00000309830	9606.ENSP00000363018	RPL38	RPL10A	9606	0.993	0	0	0	0	0.936	0.9	0.045	RPL38	RPL10A	0.502699897318924	1.07167217879051e-33	2.39999537516653e-33
9606.ENSP00000309830	9606.ENSP00000379339	RPL38	RPS29	9606	0.994	0	0	0	0	0.947	0.9	0	RPL38	RPS29	0.76571635424412	1.80713364047785e-98	1.18117430066892e-97
9606.ENSP00000309830	9606.ENSP00000416429	RPL38	RPL32	9606	0.994	0	0	0	0	0.947	0.9	0	RPL38	RPL32	0.873558318564776	2.04450223800397e-159	8.9940320191844e-158
9606.ENSP00000309830	9606.ENSP00000386717	RPL38	RPL31	9606	0.997	0	0	0	0	0.967	0.9	0.258	RPL38	RPL31	0.790212779041879	4.84871536321292e-109	4.08147271588921e-108
9606.ENSP00000310129	9606.ENSP00000489189	PSMD2	BAG1	9606	0.722	0	0	0	0	0.545	0	0.416	PSMD2	BAG1	0.419254937916152	6.45761999339341e-23	1.21717956581883e-22
9606.ENSP00000310129	9606.ENSP00000350708	PSMD2	RAD23B	9606	0.747	0	0	0	0	0.627	0	0.348	PSMD2	RAD23B	0.341016337658611	3.22478312743791e-15	5.26943728737351e-15
9606.ENSP00000310129	9606.ENSP00000355325	PSMD2	PSMB5	9606	0.962	0	0	0	0	0.946	0	0.312	PSMD2	PSMB5	0.435054965123841	9.7899880034717e-25	1.90784088249474e-24
9606.ENSP00000310129	9606.ENSP00000386541	PSMD2	PSMD14	9606	0.995	0	0	0	0	0.983	0.72	0.083	PSMD2	PSMD14	0.357988531772432	1.02750814577674e-16	1.72983817287339e-16
9606.ENSP00000310572	9606.ENSP00000388107	PSMC5	UBA52	9606	0.864	0	0	0	0	0.864	0	0	PSMC5	UBA52	0.481034376729598	1.31959580891282e-30	2.83234416516332e-30
9606.ENSP00000310572	9606.ENSP00000440485	PSMC5	PSMD9	9606	0.895	0	0	0	0	0.642	0.72	0	PSMC5	PSMD9	0.670871186497532	2.57595538326429e-67	9.34176221070542e-67
9606.ENSP00000310572	9606.ENSP00000355325	PSMC5	PSMB5	9606	0.964	0	0	0	0	0.963	0	0	PSMC5	PSMB5	0.426244332507785	1.04016444654912e-23	1.99099202992509e-23
9606.ENSP00000310572	9606.ENSP00000396937	PSMC5	PSMD13	9606	0.994	0	0	0	0	0.979	0.72	0	PSMC5	PSMD13	0.770589605544405	1.81709554049015e-100	1.2389065147358e-99
9606.ENSP00000310572	9606.ENSP00000357876	PSMC5	PSMD4	9606	0.996	0	0	0	0	0.983	0.72	0.353	PSMC5	PSMD4	0.734994493238144	6.54646052816563e-87	3.36912958412919e-86
9606.ENSP00000310572	9606.ENSP00000484998	PSMC5	PSMC6	9606	0.996	0	0	0	0	0.959	0.72	0.703	PSMC5	PSMC6	0.369591959195919	8.61978585541562e-18	1.47922308828181e-17
9606.ENSP00000310572	9606.ENSP00000418695	PSMC5	PSMD6	9606	0.997	0	0	0	0	0.988	0.72	0.175	PSMC5	PSMD6	0.542867205975256	4.7807948944524e-40	1.15833531470473e-39
9606.ENSP00000310596	9606.ENSP00000478754	LSM1	DDX6	9606	0.867	0	0	0	0	0.683	0	0.597	LSM1	DDX6	-0.386981306826335	1.73338534809725e-19	3.0661526139944e-19
9606.ENSP00000310842	9606.ENSP00000373952	FANCI	FANCA	9606	0.895	0	0	0	0	0.8	0.5	0	FANCI	FANCA	0.591617049903748	5.28715866914138e-49	1.46082663611066e-48
9606.ENSP00000310842	9606.ENSP00000388107	FANCI	UBA52	9606	0.947	0	0	0	0	0.9	0.5	0	FANCI	UBA52	0.427071744441525	8.35597517891295e-24	1.60185215726111e-23
9606.ENSP00000311427	9606.ENSP00000376024	SNX33	SNX9	9606	0.943	0	0	0	0	0.457	0.9	0	SNX33	SNX9	0.354883780303496	1.96059742014146e-16	3.28106594392844e-16
9606.ENSP00000311430	9606.ENSP00000448035	RPL4	NACA	9606	0.822	0	0	0	0	0.822	0	0	RPL4	NACA	0.790413202810964	3.92053194310611e-109	3.31118048416925e-108
9606.ENSP00000311430	9606.ENSP00000339063	RPL4	EEF1A1	9606	0.841	0	0	0	0	0.841	0	0	RPL4	EEF1A1	0.501136386930618	1.82202570849547e-33	4.06420990268015e-33
9606.ENSP00000311430	9606.ENSP00000363384	RPL4	ZNF593	9606	0.856	0	0	0	0	0.856	0	0	RPL4	ZNF593	0.504493741299596	5.80955121707407e-34	1.30624531587456e-33
9606.ENSP00000311430	9606.ENSP00000346012	RPL4	RPL36AL	9606	0.886	0	0	0	0	0.886	0	0	RPL4	RPL36AL	0.618035996146198	1.57657941653894e-54	4.75606157917145e-54
9606.ENSP00000311430	9606.ENSP00000355315	RPL4	RPL39	9606	0.895	0	0	0	0	0.895	0	0	RPL4	RPL39	0.617052419527667	2.58751448320605e-54	7.77329915115166e-54
9606.ENSP00000311430	9606.ENSP00000481646	RPL4	RPS10	9606	0.915	0	0	0	0	0.914	0	0	RPL4	RPS10	0.701097066228362	6.73727365977789e-76	2.81452249750754e-75
9606.ENSP00000311430	9606.ENSP00000318646	RPL4	RPS15A	9606	0.922	0	0	0	0	0.922	0	0	RPL4	RPS15A	0.713327388639485	1.09724834252379e-79	4.88642549720763e-79
9606.ENSP00000311430	9606.ENSP00000362744	RPL4	RPS4X	9606	0.925	0	0	0	0	0.925	0	0	RPL4	RPS4X	0.682584096919008	1.61650621848917e-70	6.16270155187395e-70
9606.ENSP00000311430	9606.ENSP00000385958	RPL4	RPS14	9606	0.938	0	0	0	0	0.938	0	0	RPL4	RPS14	0.778894193767203	5.47769172754817e-104	4.0933002141309e-103
9606.ENSP00000311430	9606.ENSP00000363018	RPL4	RPL10A	9606	0.946	0	0	0	0	0.941	0	0.117	RPL4	RPL10A	0.693654924498661	1.09745365060307e-73	4.40636350666742e-73
9606.ENSP00000311430	9606.ENSP00000379339	RPL4	RPS29	9606	0.947	0	0	0	0	0.947	0	0	RPL4	RPS29	0.618653852962936	1.153887408359e-54	3.49133755914364e-54
9606.ENSP00000311430	9606.ENSP00000431822	RPL4	FAU	9606	0.947	0	0	0	0	0.947	0	0	RPL4	FAU	0.726383073089918	5.8946858030572e-84	2.86192087117719e-83
9606.ENSP00000311430	9606.ENSP00000413436	RPL4	RPL10	9606	0.949	0	0	0	0	0.949	0	0	RPL4	RPL10	0.732153525911597	6.35893431497391e-86	3.21377109884645e-85
9606.ENSP00000311430	9606.ENSP00000431240	RPL4	RPLP2	9606	0.955	0	0	0	0	0.947	0	0.184	RPL4	RPLP2	0.725985300393393	8.0204548319861e-84	3.86433152333502e-83
9606.ENSP00000311430	9606.ENSP00000414321	RPL4	RPS24	9606	0.957	0	0	0	0	0.957	0	0	RPL4	RPS24	0.82707929178011	6.07440298888114e-128	8.90736368717382e-127
9606.ENSP00000311430	9606.ENSP00000388107	RPL4	UBA52	9606	0.958	0	0	0	0	0.957	0	0	RPL4	UBA52	0.698598710802757	3.79003039565971e-75	1.56011096595952e-74
9606.ENSP00000311430	9606.ENSP00000466010	RPL4	RPS15	9606	0.962	0	0	0	0	0.962	0	0	RPL4	RPS15	0.657341137840492	8.54883374795544e-64	2.94809474648307e-63
9606.ENSP00000311430	9606.ENSP00000495273	RPL4	RPS7	9606	0.966	0	0	0	0	0.966	0	0	RPL4	RPS7	0.752666819476979	2.36914287594821e-93	1.37764296660023e-92
9606.ENSP00000311430	9606.ENSP00000420311	RPL4	RPL23	9606	0.967	0	0	0	0	0.967	0	0	RPL4	RPL23	0.793767202807237	1.08114054724658e-110	9.54535781591702e-110
9606.ENSP00000311430	9606.ENSP00000379888	RPL4	RPS8	9606	0.967	0	0	0	0	0.967	0	0	RPL4	RPS8	0.804935959434453	4.21138242327264e-116	4.38382380233257e-115
9606.ENSP00000311430	9606.ENSP00000393241	RPL4	RPS18	9606	0.968	0	0	0	0	0.968	0	0	RPL4	RPS18	0.754565394427641	4.46778684280001e-94	2.6374018247054e-93
9606.ENSP00000311430	9606.ENSP00000367806	RPL4	RPS16	9606	0.968	0	0	0	0	0.968	0	0	RPL4	RPS16	0.69152452512332	4.58334719415867e-73	1.8171750356778e-72
9606.ENSP00000311430	9606.ENSP00000416429	RPL4	RPL32	9606	0.969	0	0	0	0	0.969	0	0	RPL4	RPL32	0.85073311678994	1.287049733176e-142	3.10056409530352e-141
9606.ENSP00000311430	9606.ENSP00000341885	RPL4	RPS2	9606	0.969	0	0	0	0	0.967	0	0.11	RPL4	RPS2	0.69388870564075	9.37415136559761e-74	3.77277897840559e-73
9606.ENSP00000311430	9606.ENSP00000435096	RPL4	RPS25	9606	0.969	0	0	0	0	0.969	0	0	RPL4	RPS25	0.741050999509889	4.65436550845209e-89	2.50227790725389e-88
9606.ENSP00000311430	9606.ENSP00000346037	RPL4	RPLP1	9606	0.97	0	0	0	0	0.954	0	0.367	RPL4	RPLP1	0.711007653560387	5.94305275864197e-79	2.60762392939894e-78
9606.ENSP00000311430	9606.ENSP00000389103	RPL4	RPL23A	9606	0.97	0	0	0	0	0.97	0	0	RPL4	RPL23A	0.687527976400124	6.47618498349163e-72	2.52801078946637e-71
9606.ENSP00000311430	9606.ENSP00000452763	RPL4	RPL28	9606	0.97	0	0	0	0	0.963	0	0.222	RPL4	RPL28	0.694233646967181	7.42691530911427e-74	2.99623321760838e-73
9606.ENSP00000311430	9606.ENSP00000472985	RPL4	RPS5	9606	0.972	0	0	0	0	0.967	0	0.164	RPL4	RPS5	0.652437976716926	1.45665121580889e-62	4.92922976640612e-62
9606.ENSP00000311430	9606.ENSP00000498019	RPL4	RPS17	9606	0.972	0	0	0	0	0.972	0	0	RPL4	RPS17	0.80458076863587	6.33614575316503e-116	6.55512502357094e-115
9606.ENSP00000311430	9606.ENSP00000375632	RPL4	RPS9	9606	0.972	0	0	0	0	0.971	0	0	RPL4	RPS9	0.749232966774938	4.65966753552966e-92	2.64274193522921e-91
9606.ENSP00000311430	9606.ENSP00000386717	RPL4	RPL31	9606	0.973	0	0	0	0	0.97	0	0.132	RPL4	RPL31	0.798783201301496	4.43357407879444e-113	4.15360208604094e-112
9606.ENSP00000311430	9606.ENSP00000464813	RPL4	RPL27	9606	0.974	0	0	0	0	0.971	0	0.142	RPL4	RPL27	0.715319326963752	2.53757579165468e-80	1.14111963822054e-79
9606.ENSP00000311430	9606.ENSP00000379506	RPL4	RPL14	9606	0.974	0	0	0	0	0.971	0	0.142	RPL4	RPL14	0.840202343215688	8.66661143472131e-136	1.67344989497157e-134
9606.ENSP00000311430	9606.ENSP00000346001	RPL4	RPL3	9606	0.974	0	0	0	0	0.967	0	0.223	RPL4	RPL3	0.734603429287028	8.96761241987918e-87	4.61048284879764e-86
9606.ENSP00000311430	9606.ENSP00000418082	RPL4	RPL37A	9606	0.974	0	0	0	0	0.968	0	0.211	RPL4	RPL37A	0.79959905928481	1.78679937607427e-113	1.70555057425655e-112
9606.ENSP00000311430	9606.ENSP00000429374	RPL4	RPS20	9606	0.975	0	0	0	0	0.972	0	0.141	RPL4	RPS20	0.787318700814181	1.01621784124252e-107	8.23885586353515e-107
9606.ENSP00000311430	9606.ENSP00000346015	RPL4	RPL27A	9606	0.977	0	0	0	0	0.973	0	0.187	RPL4	RPL27A	0.763013475260569	2.20842652861636e-97	1.41066032932704e-96
9606.ENSP00000311430	9606.ENSP00000378163	RPL4	RPL34	9606	0.981	0	0	0	0	0.973	0	0.309	RPL4	RPL34	0.777319874844627	2.6164537628807e-103	1.91280918878807e-102
9606.ENSP00000311430	9606.ENSP00000354739	RPL4	RPL12	9606	0.983	0	0	0	0	0.967	0	0.514	RPL4	RPL12	0.802459780139504	7.13843915695402e-115	7.12295141913814e-114
9606.ENSP00000311430	9606.ENSP00000361076	RPL4	RPL7A	9606	0.984	0	0	0	0	0.974	0	0.413	RPL4	RPL7A	0.783162167148392	7.39625283943786e-106	5.72135215821347e-105
9606.ENSP00000311430	9606.ENSP00000449328	RPL4	RPLP0	9606	0.989	0	0	0	0	0.967	0	0.692	RPL4	RPLP0	0.681751094364095	2.762371280357e-70	1.04758892858516e-69
9606.ENSP00000312066	9606.ENSP00000472985	SRP68	RPS5	9606	0.8	0	0	0	0	0.8	0	0	SRP68	RPS5	0.401285563338942	5.82545433141928e-21	1.05896419197449e-20
9606.ENSP00000312066	9606.ENSP00000362744	SRP68	RPS4X	9606	0.829	0	0	0	0	0.829	0	0	SRP68	RPS4X	0.367268962921137	1.42720948247632e-17	2.43845078414309e-17
9606.ENSP00000312066	9606.ENSP00000379339	SRP68	RPS29	9606	0.832	0	0	0	0	0.832	0	0	SRP68	RPS29	0.304590179514846	2.65759924877292e-12	4.08284075297364e-12
9606.ENSP00000312066	9606.ENSP00000346001	SRP68	RPL3	9606	0.919	0	0	0	0	0.919	0	0	SRP68	RPL3	0.430520784997754	3.33207972614633e-24	6.42905848000544e-24
9606.ENSP00000312082	9606.ENSP00000370034	TLR8	TLR7	9606	0.996	0	0	0	0	0.292	0.9	0.958	TLR8	TLR7	0.778934818947733	5.2601605674848e-104	3.94239293494898e-103
9606.ENSP00000313007	9606.ENSP00000451291	PABPC1	HNRNPC	9606	0.792	0	0	0	0	0.566	0	0.541	PABPC1	HNRNPC	0.395271732142158	2.47521390198392e-20	4.44519244946278e-20
9606.ENSP00000313007	9606.ENSP00000361949	PABPC1	PABPC4	9606	0.811	0	0	0	0	0.491	0	0.644	PABPC1	PABPC4	0.741644909832598	2.84425012874911e-89	1.53729288475873e-88
9606.ENSP00000313169	9606.ENSP00000495537	NPHP1	RPGR	9606	0.769	0	0	0	0	0.613	0	0.427	NPHP1	RPGR	0.462445747680358	3.99524044030568e-28	8.22960968546679e-28
9606.ENSP00000314444	9606.ENSP00000382717	WDR35	WDR19	9606	0.999	0	0	0	0	0.947	0.9	0.982	WDR35	WDR19	0.544720962779508	2.31934966874368e-40	5.66019776853559e-40
9606.ENSP00000317331	9606.ENSP00000443216	SSR4	TMEM258	9606	0.8	0	0	0	0	0.8	0	0	SSR4	TMEM258	0.679025200656712	1.57537782854831e-69	5.92552894767725e-69
9606.ENSP00000317331	9606.ENSP00000455716	SSR4	OST4	9606	0.83	0	0	0	0	0.83	0	0	SSR4	OST4	0.650499056116792	4.40588056021932e-62	1.48200463790888e-61
9606.ENSP00000317473	9606.ENSP00000382341	RABGGTB	RABGGTA	9606	0.997	0	0	0	0	0.869	0.967	0.552	RABGGTB	RABGGTA	0.349589741582854	5.80471509690509e-16	9.62821431975175e-16
9606.ENSP00000318646	9606.ENSP00000360365	RPS15A	MCTS1	9606	0.8	0	0	0	0	0.8	0	0	RPS15A	MCTS1	0.569904940804639	7.88818499812372e-45	2.05702721162412e-44
9606.ENSP00000318646	9606.ENSP00000431800	RPS15A	EIF3F	9606	0.818	0	0	0	0	0.818	0	0	RPS15A	EIF3F	0.605102094060338	9.2787518866203e-52	2.67471258087818e-51
9606.ENSP00000318646	9606.ENSP00000429931	RPS15A	EIF3H	9606	0.818	0	0	0	0	0.818	0	0	RPS15A	EIF3H	0.626897876123016	1.67575486773075e-56	5.23311350361102e-56
9606.ENSP00000318646	9606.ENSP00000366135	RPS15A	EXOSC10	9606	0.829	0	0	0	0	0.829	0	0	RPS15A	EXOSC10	0.371469382963141	5.71753117107576e-18	9.84512940587893e-18
9606.ENSP00000318646	9606.ENSP00000364119	RPS15A	EIF2S2	9606	0.854	0	0	0	0	0.854	0	0	RPS15A	EIF2S2	0.529272492466638	8.40569244448631e-38	1.98526601665062e-37
9606.ENSP00000318646	9606.ENSP00000332604	RPS15A	EIF3C	9606	0.861	0	0	0	0	0.861	0	0	RPS15A	EIF3C	0.398928743806058	1.03058654060093e-20	1.87006359716647e-20
9606.ENSP00000318646	9606.ENSP00000362688	RPS15A	EIF3I	9606	0.862	0	0	0	0	0.862	0	0	RPS15A	EIF3I	0.585192587581739	9.79565745470341e-48	2.66861772015856e-47
9606.ENSP00000318646	9606.ENSP00000346012	RPS15A	RPL36AL	9606	0.863	0	0	0	0	0.863	0	0	RPS15A	RPL36AL	0.637935998568801	4.73272073210043e-59	1.52696646579694e-58
9606.ENSP00000318646	9606.ENSP00000355315	RPS15A	RPL39	9606	0.867	0	0	0	0	0.867	0	0	RPS15A	RPL39	0.578434085644589	1.97067618518411e-46	5.26102945691104e-46
9606.ENSP00000318646	9606.ENSP00000362105	RPS15A	UTP11	9606	0.868	0	0	0	0	0.868	0	0	RPS15A	UTP11	0.412580668004689	3.54936798881183e-22	6.58945051574278e-22
9606.ENSP00000318646	9606.ENSP00000354125	RPS15A	EIF3B	9606	0.888	0	0	0	0	0.887	0	0	RPS15A	EIF3B	0.36809991558162	1.19222160487815e-17	2.04109952591491e-17
9606.ENSP00000318646	9606.ENSP00000378163	RPS15A	RPL34	9606	0.898	0	0	0	0	0.898	0	0	RPS15A	RPL34	0.733202140089785	2.75687299643826e-86	1.40171060190765e-85
9606.ENSP00000318646	9606.ENSP00000339063	RPS15A	EEF1A1	9606	0.898	0	0	0	0	0.898	0	0	RPS15A	EEF1A1	0.347694707358935	8.5185961663958e-16	1.40927331608229e-15
9606.ENSP00000318646	9606.ENSP00000431240	RPS15A	RPLP2	9606	0.911	0	0	0	0	0.91	0	0	RPS15A	RPLP2	0.71297471362043	1.4201121637786e-79	6.30759213042665e-79
9606.ENSP00000318646	9606.ENSP00000346015	RPS15A	RPL27A	9606	0.914	0	0	0	0	0.914	0	0	RPS15A	RPL27A	0.776966174878357	3.7112789191411e-103	2.69373888836941e-102
9606.ENSP00000318646	9606.ENSP00000346001	RPS15A	RPL3	9606	0.92	0	0	0	0	0.92	0	0	RPS15A	RPL3	0.579708933626282	1.12472547251554e-46	3.00739226504023e-46
9606.ENSP00000318646	9606.ENSP00000363018	RPS15A	RPL10A	9606	0.92	0	0	0	0	0.92	0	0	RPS15A	RPL10A	0.699787276864332	1.67007157107626e-75	6.92532137547115e-75
9606.ENSP00000318646	9606.ENSP00000452763	RPS15A	RPL28	9606	0.924	0	0	0	0	0.924	0	0	RPS15A	RPL28	0.706230467767274	1.82941208130871e-77	7.79696353777655e-77
9606.ENSP00000318646	9606.ENSP00000389103	RPS15A	RPL23A	9606	0.924	0	0	0	0	0.924	0	0	RPS15A	RPL23A	0.726215820339798	6.71000466040424e-84	3.24530722533318e-83
9606.ENSP00000318646	9606.ENSP00000420311	RPS15A	RPL23	9606	0.924	0	0	0	0	0.924	0	0	RPS15A	RPL23	0.859703547994551	7.30509720424571e-149	2.19979087834994e-147
9606.ENSP00000318646	9606.ENSP00000386717	RPS15A	RPL31	9606	0.924	0	0	0	0	0.924	0	0	RPS15A	RPL31	0.83580121987354	4.42746752947995e-133	7.69709904867322e-132
9606.ENSP00000318646	9606.ENSP00000354739	RPS15A	RPL12	9606	0.925	0	0	0	0	0.925	0	0	RPS15A	RPL12	0.771779941969352	5.80641825785861e-101	4.03498213825642e-100
9606.ENSP00000318646	9606.ENSP00000418082	RPS15A	RPL37A	9606	0.926	0	0	0	0	0.925	0	0	RPS15A	RPL37A	0.800969693242616	3.84492271380765e-114	3.74066615560632e-113
9606.ENSP00000318646	9606.ENSP00000361076	RPS15A	RPL7A	9606	0.928	0	0	0	0	0.924	0	0.086	RPS15A	RPL7A	0.765342993926722	2.55875005476968e-98	1.66813357307729e-97
9606.ENSP00000318646	9606.ENSP00000379506	RPS15A	RPL14	9606	0.928	0	0	0	0	0.925	0	0.076	RPS15A	RPL14	0.787553506903485	7.95339085954366e-108	6.46884314444234e-107
9606.ENSP00000318646	9606.ENSP00000413436	RPS15A	RPL10	9606	0.932	0	0	0	0	0.932	0	0	RPS15A	RPL10	0.738935974342776	2.65964035717369e-88	1.41186994406523e-87
9606.ENSP00000318646	9606.ENSP00000346037	RPS15A	RPLP1	9606	0.934	0	0	0	0	0.934	0	0	RPS15A	RPLP1	0.652058094008158	1.81054905907752e-62	6.11861569129804e-62
9606.ENSP00000318646	9606.ENSP00000416429	RPS15A	RPL32	9606	0.934	0	0	0	0	0.934	0	0	RPS15A	RPL32	0.864493778570403	2.22695683525455e-152	7.56119102654547e-151
9606.ENSP00000318646	9606.ENSP00000449328	RPS15A	RPLP0	9606	0.938	0	0	0	0	0.928	0	0.164	RPS15A	RPLP0	0.735656609139175	3.83754213521021e-87	1.98915221947013e-86
9606.ENSP00000318646	9606.ENSP00000464813	RPS15A	RPL27	9606	0.95	0	0	0	0	0.922	0	0.391	RPS15A	RPL27	0.858822279743502	3.13506097277457e-148	8.96060647529183e-147
9606.ENSP00000318646	9606.ENSP00000388107	RPS15A	UBA52	9606	0.95	0	0	0	0	0.896	0.54	0	RPS15A	UBA52	0.807818949596823	1.48197899659186e-117	1.60886947290949e-116
9606.ENSP00000318646	9606.ENSP00000379339	RPS15A	RPS29	9606	0.989	0	0	0	0	0.897	0.9	0	RPS15A	RPS29	0.840088108189701	1.02136641811602e-135	1.96116765871646e-134
9606.ENSP00000318646	9606.ENSP00000435096	RPS15A	RPS25	9606	0.991	0	0	0	0	0.909	0.9	0.085	RPS15A	RPS25	0.861768071217059	2.31493975985822e-150	7.36558505982562e-149
9606.ENSP00000318646	9606.ENSP00000481646	RPS15A	RPS10	9606	0.991	0	0	0	0	0.917	0.9	0	RPS15A	RPS10	0.721122112211221	3.31452290468164e-82	1.55260846062819e-81
9606.ENSP00000318646	9606.ENSP00000466010	RPS15A	RPS15	9606	0.991	0	0	0	0	0.92	0.9	0	RPS15A	RPS15	0.59366163324407	2.0594348151379e-49	5.73715899217105e-49
9606.ENSP00000318646	9606.ENSP00000393241	RPS15A	RPS18	9606	0.991	0	0	0	0	0.913	0.9	0	RPS15A	RPS18	0.850869248415525	1.04208022319848e-142	2.52243246371346e-141
9606.ENSP00000318646	9606.ENSP00000379888	RPS15A	RPS8	9606	0.992	0	0	0	0	0.929	0.9	0	RPS15A	RPS8	0.852903395929655	4.33269223741201e-144	1.09595450145337e-142
9606.ENSP00000318646	9606.ENSP00000498019	RPS15A	RPS17	9606	0.992	0	0	0	0	0.924	0.9	0	RPS15A	RPS17	0.8635212900172	1.18110942569135e-151	3.93107406879771e-150
9606.ENSP00000318646	9606.ENSP00000385958	RPS15A	RPS14	9606	0.992	0	0	0	0	0.929	0.9	0.043	RPS15A	RPS14	0.786720597525591	1.89447983814654e-107	1.52371597793058e-106
9606.ENSP00000318646	9606.ENSP00000367806	RPS15A	RPS16	9606	0.993	0	0	0	0	0.922	0.9	0.188	RPS15A	RPS16	0.759013199456591	8.44388791188168e-96	5.15913393070162e-95
9606.ENSP00000318646	9606.ENSP00000362744	RPS15A	RPS4X	9606	0.993	0	0	0	0	0.919	0.9	0.249	RPS15A	RPS4X	0.635389097916003	1.87284841712691e-58	6.01952995060041e-58
9606.ENSP00000318646	9606.ENSP00000472985	RPS15A	RPS5	9606	0.993	0	0	0	0	0.929	0.9	0.166	RPS15A	RPS5	0.750471382541981	1.60028959451175e-92	9.1789853272505e-92
9606.ENSP00000318646	9606.ENSP00000429374	RPS15A	RPS20	9606	0.994	0	0	0	0	0.924	0.9	0.268	RPS15A	RPS20	0.812448915699023	6.083015603808e-120	6.94672143107555e-119
9606.ENSP00000318646	9606.ENSP00000414321	RPS15A	RPS24	9606	0.994	0	0	0	0	0.919	0.9	0.393	RPS15A	RPS24	0.812393382195362	6.5033670347452e-120	7.41003014161621e-119
9606.ENSP00000318646	9606.ENSP00000375632	RPS15A	RPS9	9606	0.995	0	0	0	0	0.956	0.9	0	RPS15A	RPS9	0.724795802561622	2.00782130894638e-83	9.61890909276492e-83
9606.ENSP00000318646	9606.ENSP00000431822	RPS15A	FAU	9606	0.995	0	0	0	0	0.958	0.9	0	RPS15A	FAU	0.708245141284315	4.34842096983394e-78	1.88344706219092e-77
9606.ENSP00000318646	9606.ENSP00000495273	RPS15A	RPS7	9606	0.996	0	0	0	0	0.966	0.9	0	RPS15A	RPS7	0.761431795353448	9.40814771472564e-97	5.86155409960554e-96
9606.ENSP00000318646	9606.ENSP00000341885	RPS15A	RPS2	9606	0.998	0	0	0	0	0.966	0.9	0.583	RPS15A	RPS2	0.724425703439909	2.66866859957161e-83	1.2760675279048e-82
9606.ENSP00000320885	9606.ENSP00000432279	SPAST	CHMP1B	9606	0.998	0	0	0	0	0.926	0	0.983	SPAST	CHMP1B	0.341176229424185	3.12478974479401e-15	5.10934431768355e-15
9606.ENSP00000322323	9606.ENSP00000468308	FAM20C	FAM20A	9606	0.998	0	0	0	0	0.931	0.9	0.782	FAM20C	FAM20A	0.507153199792029	2.32804370641272e-34	5.26960765581296e-34
9606.ENSP00000323421	9606.ENSP00000372689	SMC1A	STAG1	9606	0.999	0	0	0	0	0.971	0.9	0.985	SMC1A	STAG1	0.555620624174219	3.00704584825848e-42	7.57224736004961e-42
9606.ENSP00000323580	9606.ENSP00000404122	IFT88	IFT74	9606	0.997	0	0	0	0	0.434	0.8	0.975	IFT88	IFT74	0.520018616768509	2.48637219556e-36	5.7673346801183e-36
9606.ENSP00000325074	9606.ENSP00000383402	PPP2R2A	PPP4R1	9606	0.828	0	0	0	0	0.314	0.72	0.181	PPP2R2A	PPP4R1	0.304412025053437	2.74028207571603e-12	4.203483026394e-12
9606.ENSP00000326806	9606.ENSP00000424417	NCBP2	PLRG1	9606	0.808	0	0	0	0	0.808	0	0	NCBP2	PLRG1	0.321607471306137	1.29185753402725e-13	2.04490214788606e-13
9606.ENSP00000326806	9606.ENSP00000400433	NCBP2	HNRNPF	9606	0.853	0	0	0	0	0.661	0.5	0.206	NCBP2	HNRNPF	0.375049523585899	2.59405393320886e-18	4.49428727674782e-18
9606.ENSP00000327760	9606.ENSP00000364721	CLASP2	MAPRE1	9606	0.704	0	0	0	0	0.578	0	0.329	CLASP2	MAPRE1	0.4044156589572	2.71151267963884e-21	4.96293149287007e-21
9606.ENSP00000328773	9606.ENSP00000362361	HEXIM1	CDK9	9606	0.973	0	0	0	0	0.597	0	0.938	HEXIM1	CDK9	0.414575401639543	2.14140993233644e-22	3.99903759604653e-22
9606.ENSP00000329967	9606.ENSP00000392025	TBK1	CYLD	9606	0.853	0	0	0	0	0.457	0.5	0.503	TBK1	CYLD	0.531531755660038	3.61829345864268e-38	8.57776317116837e-38
9606.ENSP00000329967	9606.ENSP00000369213	TBK1	DDX58	9606	0.907	0	0	0	0	0.292	0.5	0.76	TBK1	DDX58	0.496379420550751	9.00639962085855e-33	1.98793087617467e-32
9606.ENSP00000331044	9606.ENSP00000381553	ENKUR	CFAP53	9606	0.8	0	0	0	0	0.8	0	0	ENKUR	CFAP53	0.586310618639504	5.92149033260498e-48	1.61928754554857e-47
9606.ENSP00000331044	9606.ENSP00000379263	ENKUR	TEKT3	9606	0.8	0	0	0	0	0.8	0	0	ENKUR	TEKT3	0.340276139415184	3.73014854277972e-15	6.08343696902727e-15
9606.ENSP00000331044	9606.ENSP00000404232	ENKUR	EFHC2	9606	0.848	0	0	0	0	0.848	0	0	ENKUR	EFHC2	0.495561885381085	1.18230172820583e-32	2.60508033231416e-32
9606.ENSP00000331044	9606.ENSP00000360107	ENKUR	EFHC1	9606	0.848	0	0	0	0	0.848	0	0	ENKUR	EFHC1	0.344563307262403	1.59652325757797e-15	2.62745971375632e-15
9606.ENSP00000331044	9606.ENSP00000337946	ENKUR	PACRG	9606	0.867	0	0	0	0	0.848	0	0.162	ENKUR	PACRG	0.333440580082853	1.40492139053244e-14	2.26209335286557e-14
9606.ENSP00000331487	9606.ENSP00000404122	NPLOC4	IFT74	9606	0.734	0	0	0	0	0.734	0	0	NPLOC4	IFT74	-0.331888996353051	1.88971290773392e-14	3.03205125284679e-14
9606.ENSP00000331487	9606.ENSP00000351777	NPLOC4	VCP	9606	0.999	0	0	0	0	0.981	0.9	0.985	NPLOC4	VCP	0.360300533158906	6.32150169737631e-17	1.0674391551077e-16
9606.ENSP00000331901	9606.ENSP00000339063	EEF1G	EEF1A1	9606	0.776	0	0	0	0	0.766	0	0.082	EEF1G	EEF1A1	0.648988936160697	1.03746547145968e-61	3.47815627575514e-61
9606.ENSP00000331901	9606.ENSP00000376055	EEF1G	EEF1B2	9606	0.999	0	0	0	0	0.99	0.8	0.967	EEF1G	EEF1B2	0.654909031275798	3.51247356663494e-63	1.20064890362204e-62
9606.ENSP00000332604	9606.ENSP00000379339	EIF3C	RPS29	9606	0.868	0	0	0	0	0.868	0	0	EIF3C	RPS29	0.37680907842337	1.75275147894662e-18	3.04609059841667e-18
9606.ENSP00000332604	9606.ENSP00000385958	EIF3C	RPS14	9606	0.868	0	0	0	0	0.868	0	0	EIF3C	RPS14	0.447103219638734	3.44956049226646e-26	6.87601518139323e-26
9606.ENSP00000332604	9606.ENSP00000481646	EIF3C	RPS10	9606	0.869	0	0	0	0	0.869	0	0	EIF3C	RPS10	0.454709073391811	3.89205314562254e-27	7.87911038963764e-27
9606.ENSP00000332604	9606.ENSP00000472985	EIF3C	RPS5	9606	0.87	0	0	0	0	0.87	0	0	EIF3C	RPS5	0.337482599191596	6.4390631570509e-15	1.04474729029893e-14
9606.ENSP00000332604	9606.ENSP00000375632	EIF3C	RPS9	9606	0.875	0	0	0	0	0.875	0	0	EIF3C	RPS9	0.487130949119757	1.87513467992996e-31	4.07487385986498e-31
9606.ENSP00000332604	9606.ENSP00000498019	EIF3C	RPS17	9606	0.884	0	0	0	0	0.884	0	0	EIF3C	RPS17	0.429937776386334	3.89520987432405e-24	7.50413813945369e-24
9606.ENSP00000332604	9606.ENSP00000435096	EIF3C	RPS25	9606	0.889	0	0	0	0	0.889	0	0	EIF3C	RPS25	0.441840674750705	1.51208533198601e-25	2.97883165674346e-25
9606.ENSP00000332604	9606.ENSP00000362744	EIF3C	RPS4X	9606	0.889	0	0	0	0	0.888	0	0	EIF3C	RPS4X	0.464260276959373	2.32270235214362e-28	4.80595141083623e-28
9606.ENSP00000332604	9606.ENSP00000393241	EIF3C	RPS18	9606	0.89	0	0	0	0	0.89	0	0	EIF3C	RPS18	0.41405286491382	2.44528332626328e-22	4.55306895383362e-22
9606.ENSP00000332604	9606.ENSP00000495273	EIF3C	RPS7	9606	0.891	0	0	0	0	0.891	0	0	EIF3C	RPS7	0.472415316065768	1.94886909820667e-29	4.10463312565675e-29
9606.ENSP00000332604	9606.ENSP00000341885	EIF3C	RPS2	9606	0.891	0	0	0	0	0.891	0	0	EIF3C	RPS2	0.487988177699757	1.42071904639722e-31	3.09003338595165e-31
9606.ENSP00000332604	9606.ENSP00000379888	EIF3C	RPS8	9606	0.892	0	0	0	0	0.892	0	0	EIF3C	RPS8	0.471519791730726	2.5667491797225e-29	5.39251831404325e-29
9606.ENSP00000332604	9606.ENSP00000466010	EIF3C	RPS15	9606	0.893	0	0	0	0	0.893	0	0	EIF3C	RPS15	0.477407927128116	4.13513758343786e-30	8.79716612052656e-30
9606.ENSP00000332604	9606.ENSP00000367806	EIF3C	RPS16	9606	0.904	0	0	0	0	0.904	0	0	EIF3C	RPS16	0.441682460171483	1.58015277182096e-25	3.11050306328492e-25
9606.ENSP00000332604	9606.ENSP00000414321	EIF3C	RPS24	9606	0.907	0	0	0	0	0.907	0	0	EIF3C	RPS24	0.500620093065207	2.16972850170933e-33	4.82914935774197e-33
9606.ENSP00000332604	9606.ENSP00000429374	EIF3C	RPS20	9606	0.909	0	0	0	0	0.909	0	0	EIF3C	RPS20	0.515785398415618	1.13121080465492e-35	2.60127066397694e-35
9606.ENSP00000332604	9606.ENSP00000431822	EIF3C	FAU	9606	0.947	0	0	0	0	0.947	0	0	EIF3C	FAU	0.544174106851679	2.87235980228643e-40	6.98954701287496e-40
9606.ENSP00000332604	9606.ENSP00000429931	EIF3C	EIF3H	9606	0.999	0	0	0	0	0.977	0.9	0.949	EIF3C	EIF3H	0.315930102327003	3.62023073426329e-13	5.6807528798505e-13
9606.ENSP00000332604	9606.ENSP00000362688	EIF3C	EIF3I	9606	0.999	0	0	0	0	0.962	0.9	0.979	EIF3C	EIF3I	0.563833619386783	1.02190495541598e-43	2.61101877244922e-43
9606.ENSP00000332604	9606.ENSP00000431800	EIF3C	EIF3F	9606	0.999	0	0	0	0	0.977	0.9	0.886	EIF3C	EIF3F	0.412660241179397	3.4787636510913e-22	6.46074350619342e-22
9606.ENSP00000332604	9606.ENSP00000354125	EIF3C	EIF3B	9606	0.999	0	0	0	0	0.963	0.9	0.987	EIF3C	EIF3B	0.455091565057127	3.48251671836306e-27	7.05851445440655e-27
9606.ENSP00000333283	9606.ENSP00000373952	FAAP100	FANCA	9606	0.999	0	0	0	0	0.944	0.8	0.983	FAAP100	FANCA	0.443917310985757	8.465430233855e-26	1.67487726058164e-25
9606.ENSP00000334037	9606.ENSP00000403210	EMC10	EMC9	9606	0.992	0	0	0	0	0.931	0.9	0	EMC10	EMC9	0.506302959488495	3.12134788724259e-34	7.04950846498226e-34
9606.ENSP00000334037	9606.ENSP00000380322	EMC10	EMC6	9606	0.993	0	0	0	0	0.935	0.9	0	EMC10	EMC6	0.488944826159634	1.04136486131984e-31	2.26884790414171e-31
9606.ENSP00000337946	9606.ENSP00000381553	PACRG	CFAP53	9606	0.802	0	0	0	0	0.802	0	0	PACRG	CFAP53	0.457818949596823	1.56969364515867e-27	3.19689217023256e-27
9606.ENSP00000337946	9606.ENSP00000360107	PACRG	EFHC1	9606	0.878	0	0	0	0	0.859	0	0.17	PACRG	EFHC1	0.480750093642905	1.44391468975499e-30	3.09606092337958e-30
9606.ENSP00000338562	9606.ENSP00000413606	STX3	STXBP2	9606	0.81	0	0	0	0	0.729	0	0.329	STX3	STXBP2	0.326771993969583	4.9639983500704e-14	7.90209806576656e-14
9606.ENSP00000338562	9606.ENSP00000362711	STX3	TXLNA	9606	0.943	0	0	0	0	0.457	0.9	0	STX3	TXLNA	0.316261812516655	3.41074707218937e-13	5.35535985046741e-13
9606.ENSP00000339001	9606.ENSP00000449328	TUBB	RPLP0	9606	0.8	0	0	0	0	0.8	0	0	TUBB	RPLP0	0.48350328821702	6.01615322745151e-31	1.29900636695165e-30
9606.ENSP00000339001	9606.ENSP00000388107	TUBB	UBA52	9606	0.8	0	0	0	0	0.8	0	0	TUBB	UBA52	0.381805137035443	5.68334285561935e-19	9.9798790373406e-19
9606.ENSP00000339001	9606.ENSP00000452763	TUBB	RPL28	9606	0.8	0	0	0	0	0.8	0	0	TUBB	RPL28	0.425306039920762	1.3323991352825e-23	2.54362536807328e-23
9606.ENSP00000339001	9606.ENSP00000346015	TUBB	RPL27A	9606	0.8	0	0	0	0	0.8	0	0	TUBB	RPL27A	0.310585375307717	9.36304007438803e-13	1.45388642530169e-12
9606.ENSP00000339063	9606.ENSP00000435096	EEF1A1	RPS25	9606	0.8	0	0	0	0	0.8	0	0	EEF1A1	RPS25	0.352526960770611	3.18670291218071e-16	5.31362229160257e-16
9606.ENSP00000339063	9606.ENSP00000375632	EEF1A1	RPS9	9606	0.8	0	0	0	0	0.8	0	0	EEF1A1	RPS9	0.47483288701541	9.22864322496275e-30	1.95427819485502e-29
9606.ENSP00000339063	9606.ENSP00000378163	EEF1A1	RPL34	9606	0.8	0	0	0	0	0.8	0	0	EEF1A1	RPL34	0.320784531869336	1.50200713736998e-13	2.37606444901649e-13
9606.ENSP00000339063	9606.ENSP00000379339	EEF1A1	RPS29	9606	0.8	0	0	0	0	0.8	0	0	EEF1A1	RPS29	0.483208569304135	6.60975519363892e-31	1.42413762881683e-30
9606.ENSP00000339063	9606.ENSP00000355315	EEF1A1	RPL39	9606	0.8	0	0	0	0	0.8	0	0	EEF1A1	RPL39	0.339829635137427	4.07177276210715e-15	6.63844615001614e-15
9606.ENSP00000339063	9606.ENSP00000498019	EEF1A1	RPS17	9606	0.8	0	0	0	0	0.8	0	0	EEF1A1	RPS17	0.440985868773213	1.91767087984968e-25	3.77050018700332e-25
9606.ENSP00000339063	9606.ENSP00000481646	EEF1A1	RPS10	9606	0.8	0	0	0	0	0.8	0	0	EEF1A1	RPS10	0.353465253357634	2.62765800061699e-16	4.39013270314443e-16
9606.ENSP00000339063	9606.ENSP00000346012	EEF1A1	RPL36AL	9606	0.8	0	0	0	0	0.8	0	0	EEF1A1	RPL36AL	0.323008294618282	9.98459512582652e-14	1.58245823125177e-13
9606.ENSP00000339063	9606.ENSP00000379506	EEF1A1	RPL14	9606	0.8	0	0	0	0	0.8	0	0	EEF1A1	RPL14	0.383431076026857	3.92280805469217e-19	6.90517952285584e-19
9606.ENSP00000339063	9606.ENSP00000420311	EEF1A1	RPL23	9606	0.8	0	0	0	0	0.8	0	0	EEF1A1	RPL23	0.331906979517828	1.88324941852052e-14	3.02455835183978e-14
9606.ENSP00000339063	9606.ENSP00000413436	EEF1A1	RPL10	9606	0.8	0	0	0	0	0.8	0	0	EEF1A1	RPL10	0.330996267328596	2.23944426998888e-14	3.58864382701101e-14
9606.ENSP00000339063	9606.ENSP00000393241	EEF1A1	RPS18	9606	0.8	0	0	0	0	0.8	0	0	EEF1A1	RPS18	0.376528615594479	1.86607100973226e-18	3.24080097433418e-18
9606.ENSP00000339063	9606.ENSP00000388107	EEF1A1	UBA52	9606	0.8	0	0	0	0	0.8	0	0	EEF1A1	UBA52	0.305226112673379	2.3818789726537e-12	3.66816612561798e-12
9606.ENSP00000339063	9606.ENSP00000389103	EEF1A1	RPL23A	9606	0.834	0	0	0	0	0.834	0	0	EEF1A1	RPL23A	0.466367102548764	1.23232502697402e-28	2.56030074392672e-28
9606.ENSP00000339063	9606.ENSP00000414321	EEF1A1	RPS24	9606	0.834	0	0	0	0	0.834	0	0	EEF1A1	RPS24	0.397088031784545	1.60402183387769e-20	2.89605512404968e-20
9606.ENSP00000339063	9606.ENSP00000472985	EEF1A1	RPS5	9606	0.84	0	0	0	0	0.84	0	0	EEF1A1	RPS5	0.483351409675129	6.31515068772301e-31	1.36182213679415e-30
9606.ENSP00000339063	9606.ENSP00000362744	EEF1A1	RPS4X	9606	0.841	0	0	0	0	0.841	0	0	EEF1A1	RPS4X	0.53283036378172	2.22247652669651e-38	5.28112200495897e-38
9606.ENSP00000339063	9606.ENSP00000354739	EEF1A1	RPL12	9606	0.841	0	0	0	0	0.841	0	0	EEF1A1	RPL12	0.394562375492208	2.93006733842643e-20	5.26018831266832e-20
9606.ENSP00000339063	9606.ENSP00000363018	EEF1A1	RPL10A	9606	0.853	0	0	0	0	0.853	0	0	EEF1A1	RPL10A	0.677944067698695	3.1260794377585e-69	1.16887183116188e-68
9606.ENSP00000339063	9606.ENSP00000385958	EEF1A1	RPS14	9606	0.854	0	0	0	0	0.854	0	0	EEF1A1	RPS14	0.347112910048769	9.57824735960027e-16	1.58198998995161e-15
9606.ENSP00000339063	9606.ENSP00000418082	EEF1A1	RPL37A	9606	0.867	0	0	0	0	0.867	0	0	EEF1A1	RPL37A	0.416932687057526	1.17343515915777e-22	2.20111548764521e-22
9606.ENSP00000339063	9606.ENSP00000416429	EEF1A1	RPL32	9606	0.867	0	0	0	0	0.867	0	0	EEF1A1	RPL32	0.38127617109537	6.40899627406384e-19	1.12463101458512e-18
9606.ENSP00000339063	9606.ENSP00000346001	EEF1A1	RPL3	9606	0.879	0	0	0	0	0.879	0	0	EEF1A1	RPL3	0.611962065771794	3.26877307427114e-53	9.64240407156716e-53
9606.ENSP00000339063	9606.ENSP00000449328	EEF1A1	RPLP0	9606	0.879	0	0	0	0	0.879	0	0	EEF1A1	RPLP0	0.470794781341488	3.20592281779707e-29	6.7102869405194e-29
9606.ENSP00000339063	9606.ENSP00000379888	EEF1A1	RPS8	9606	0.901	0	0	0	0	0.901	0	0	EEF1A1	RPS8	0.430736303444009	3.1449441479809e-24	6.07030615972353e-24
9606.ENSP00000339063	9606.ENSP00000361076	EEF1A1	RPL7A	9606	0.901	0	0	0	0	0.901	0	0	EEF1A1	RPL7A	0.398494632071903	1.14420431199329e-20	2.07399842865427e-20
9606.ENSP00000339063	9606.ENSP00000386717	EEF1A1	RPL31	9606	0.901	0	0	0	0	0.901	0	0	EEF1A1	RPL31	0.451738776362108	9.18495010513348e-27	1.85273774249882e-26
9606.ENSP00000339063	9606.ENSP00000341885	EEF1A1	RPS2	9606	0.925	0	0	0	0	0.901	0	0.277	EEF1A1	RPS2	0.340800726035336	3.36461126685854e-15	5.4926003223741e-15
9606.ENSP00000339063	9606.ENSP00000376055	EEF1A1	EEF1B2	9606	0.998	0	0	0	0	0.783	0.9	0.915	EEF1A1	EEF1B2	0.581645058915829	4.77617104693476e-47	1.28730150913388e-46
9606.ENSP00000339495	9606.ENSP00000470252	NELFB	SUPT5H	9606	0.989	0	0	0	0	0.88	0.9	0.174	NELFB	SUPT5H	0.391886051959233	5.51706085990017e-20	9.83814271774231e-20
9606.ENSP00000340510	9606.ENSP00000465630	PPL	EVPL	9606	0.998	0	0	0	0	0.457	0.9	0.974	PPL	EVPL	0.659942547049736	1.85837400701934e-64	6.43058420075982e-64
9606.ENSP00000341826	9606.ENSP00000451291	HNRNPA1	HNRNPC	9606	0.909	0	0	0	0	0.517	0.4	0.713	HNRNPA1	HNRNPC	0.484599049967108	4.2367129944518e-31	9.16354469385706e-31
9606.ENSP00000341885	9606.ENSP00000360365	RPS2	MCTS1	9606	0.8	0	0	0	0	0.8	0	0	RPS2	MCTS1	0.423204432244467	2.31349170951949e-23	4.39502612033762e-23
9606.ENSP00000341885	9606.ENSP00000429931	RPS2	EIF3H	9606	0.818	0	0	0	0	0.818	0	0	RPS2	EIF3H	0.532057646758465	2.97095941232373e-38	7.04975781751678e-38
9606.ENSP00000341885	9606.ENSP00000431800	RPS2	EIF3F	9606	0.818	0	0	0	0	0.818	0	0	RPS2	EIF3F	0.660583977652424	1.27260572082025e-64	4.41571491195448e-64
9606.ENSP00000341885	9606.ENSP00000362688	RPS2	EIF3I	9606	0.875	0	0	0	0	0.875	0	0	RPS2	EIF3I	0.557017534051542	1.70298206172796e-42	4.3055403549634e-42
9606.ENSP00000341885	9606.ENSP00000346012	RPS2	RPL36AL	9606	0.904	0	0	0	0	0.875	0	0.262	RPS2	RPL36AL	0.553930672570363	5.96093460325028e-42	1.49215082423766e-41
9606.ENSP00000341885	9606.ENSP00000354125	RPS2	EIF3B	9606	0.914	0	0	0	0	0.913	0	0	RPS2	EIF3B	0.475567867345741	7.34389903620194e-30	1.5584221989994e-29
9606.ENSP00000341885	9606.ENSP00000355315	RPS2	RPL39	9606	0.914	0	0	0	0	0.895	0	0.212	RPS2	RPL39	0.69648023808592	1.61685624843813e-74	6.6018367722748e-74
9606.ENSP00000341885	9606.ENSP00000364119	RPS2	EIF2S2	9606	0.941	0	0	0	0	0.941	0	0	RPS2	EIF2S2	0.410518753738728	5.96280279432657e-22	1.10214904408104e-21
9606.ENSP00000341885	9606.ENSP00000346001	RPS2	RPL3	9606	0.946	0	0	0	0	0.946	0	0	RPS2	RPL3	0.570403717390373	6.37613642198262e-45	1.66616085531044e-44
9606.ENSP00000341885	9606.ENSP00000413436	RPS2	RPL10	9606	0.947	0	0	0	0	0.947	0	0	RPS2	RPL10	0.713499579771642	9.67278163862739e-80	4.31141870571066e-79
9606.ENSP00000341885	9606.ENSP00000363018	RPS2	RPL10A	9606	0.95	0	0	0	0	0.95	0	0	RPS2	RPL10A	0.580454815667902	8.09175711654091e-47	2.17053018306365e-46
9606.ENSP00000341885	9606.ENSP00000452763	RPS2	RPL28	9606	0.952	0	0	0	0	0.952	0	0	RPS2	RPL28	0.810111942871306	9.93165782682003e-119	1.10914474494222e-117
9606.ENSP00000341885	9606.ENSP00000378163	RPS2	RPL34	9606	0.966	0	0	0	0	0.966	0	0	RPS2	RPL34	0.673435790784047	5.27703406466416e-68	1.93312927828646e-67
9606.ENSP00000341885	9606.ENSP00000420311	RPS2	RPL23	9606	0.967	0	0	0	0	0.967	0	0	RPS2	RPL23	0.762337196452564	4.10966786896583e-97	2.59237029290501e-96
9606.ENSP00000341885	9606.ENSP00000431240	RPS2	RPLP2	9606	0.969	0	0	0	0	0.968	0	0	RPS2	RPLP2	0.844188269758653	2.58889445968048e-138	5.28113591593691e-137
9606.ENSP00000341885	9606.ENSP00000379506	RPS2	RPL14	9606	0.972	0	0	0	0	0.97	0	0.106	RPS2	RPL14	0.795228777536139	2.21418454447508e-111	1.97558370555545e-110
9606.ENSP00000341885	9606.ENSP00000418082	RPS2	RPL37A	9606	0.972	0	0	0	0	0.966	0	0.198	RPS2	RPL37A	0.779498074031005	2.99649665121783e-104	2.25249280215617e-103
9606.ENSP00000341885	9606.ENSP00000389103	RPS2	RPL23A	9606	0.973	0	0	0	0	0.973	0	0	RPS2	RPL23A	0.707739935484232	6.2417039901242e-78	2.69196764586857e-77
9606.ENSP00000341885	9606.ENSP00000346037	RPS2	RPLP1	9606	0.973	0	0	0	0	0.973	0	0	RPS2	RPLP1	0.805012364590496	3.85670307814394e-116	4.03955711642447e-115
9606.ENSP00000341885	9606.ENSP00000346015	RPS2	RPL27A	9606	0.973	0	0	0	0	0.973	0	0	RPS2	RPL27A	0.764832849744602	4.11097504064363e-98	2.66633624751489e-97
9606.ENSP00000341885	9606.ENSP00000449328	RPS2	RPLP0	9606	0.974	0	0	0	0	0.967	0	0.237	RPS2	RPLP0	0.749878217635428	2.67212418156691e-92	1.52748884006181e-91
9606.ENSP00000341885	9606.ENSP00000416429	RPS2	RPL32	9606	0.974	0	0	0	0	0.973	0	0	RPS2	RPL32	0.820743068095629	2.17801200149225e-124	2.91496368136225e-123
9606.ENSP00000341885	9606.ENSP00000361076	RPS2	RPL7A	9606	0.974	0	0	0	0	0.974	0	0	RPS2	RPL7A	0.73756962652787	8.12704143868929e-88	4.27832493635059e-87
9606.ENSP00000341885	9606.ENSP00000386717	RPS2	RPL31	9606	0.975	0	0	0	0	0.975	0	0	RPS2	RPL31	0.730111831058882	3.20032063253038e-85	1.58729628235012e-84
9606.ENSP00000341885	9606.ENSP00000464813	RPS2	RPL27	9606	0.978	0	0	0	0	0.966	0	0.368	RPS2	RPL27	0.749536723858721	3.5872345487049e-92	2.04367337633987e-91
9606.ENSP00000341885	9606.ENSP00000354739	RPS2	RPL12	9606	0.978	0	0	0	0	0.974	0	0.17	RPS2	RPL12	0.760679949982576	1.86629109473075e-96	1.15563851263683e-95
9606.ENSP00000341885	9606.ENSP00000388107	RPS2	UBA52	9606	0.979	0	0	0	0	0.957	0.54	0	RPS2	UBA52	0.775264948855134	1.97615007177143e-102	1.42007716095052e-101
9606.ENSP00000341885	9606.ENSP00000431822	RPS2	FAU	9606	0.995	0	0	0	0	0.957	0.9	0	RPS2	FAU	0.671965457415307	1.31218440296237e-67	4.78266635056674e-67
9606.ENSP00000341885	9606.ENSP00000379339	RPS2	RPS29	9606	0.995	0	0	0	0	0.957	0.9	0	RPS2	RPS29	0.685808394504047	1.99744960040086e-71	7.73152067974593e-71
9606.ENSP00000341885	9606.ENSP00000481646	RPS2	RPS10	9606	0.995	0	0	0	0	0.954	0.9	0	RPS2	RPS10	0.770234694276881	2.54992454446888e-100	1.72923167164451e-99
9606.ENSP00000341885	9606.ENSP00000362744	RPS2	RPS4X	9606	0.995	0	0	0	0	0.928	0.9	0.375	RPS2	RPS4X	0.596459366433538	5.60620005138434e-50	1.57303195008061e-49
9606.ENSP00000341885	9606.ENSP00000466010	RPS2	RPS15	9606	0.996	0	0	0	0	0.964	0.9	0	RPS2	RPS15	0.73836703546131	4.23827701450932e-88	2.24282880924714e-87
9606.ENSP00000341885	9606.ENSP00000495273	RPS2	RPS7	9606	0.996	0	0	0	0	0.967	0.9	0	RPS2	RPS7	0.700648418879155	9.19964103289573e-76	3.8336889609077e-75
9606.ENSP00000341885	9606.ENSP00000472985	RPS2	RPS5	9606	0.997	0	0	0	0	0.973	0.9	0.143	RPS2	RPS5	0.686477125973467	1.29018124503681e-71	5.02078993741634e-71
9606.ENSP00000341885	9606.ENSP00000379888	RPS2	RPS8	9606	0.997	0	0	0	0	0.975	0.9	0	RPS2	RPS8	0.846319228196111	1.08152574598897e-139	2.31840624955855e-138
9606.ENSP00000341885	9606.ENSP00000385958	RPS2	RPS14	9606	0.997	0	0	0	0	0.973	0.9	0.111	RPS2	RPS14	0.741484179473848	3.25021281238547e-89	1.75296659038999e-88
9606.ENSP00000341885	9606.ENSP00000414321	RPS2	RPS24	9606	0.998	0	0	0	0	0.966	0.9	0.655	RPS2	RPS24	0.730333778719487	2.68666339814664e-85	1.33646313974669e-84
9606.ENSP00000341885	9606.ENSP00000435096	RPS2	RPS25	9606	0.998	0	0	0	0	0.974	0.9	0.298	RPS2	RPS25	0.688494222093017	3.4273677286935e-72	1.34307152125952e-71
9606.ENSP00000341885	9606.ENSP00000498019	RPS2	RPS17	9606	0.998	0	0	0	0	0.986	0.9	0	RPS2	RPS17	0.770197143937996	2.64289886220123e-100	1.78988291082677e-99
9606.ENSP00000341885	9606.ENSP00000367806	RPS2	RPS16	9606	0.998	0	0	0	0	0.974	0.9	0.288	RPS2	RPS16	0.794482150078362	4.98552273344611e-111	4.43264666230297e-110
9606.ENSP00000341885	9606.ENSP00000429374	RPS2	RPS20	9606	0.998	0	0	0	0	0.973	0.9	0.569	RPS2	RPS20	0.77166887496203	6.46050490563283e-101	4.48335998869636e-100
9606.ENSP00000341885	9606.ENSP00000393241	RPS2	RPS18	9606	0.999	0	0	0	0	0.976	0.9	0.62	RPS2	RPS18	0.796984978000906	3.23788750070175e-112	2.96747696848734e-111
9606.ENSP00000341885	9606.ENSP00000375632	RPS2	RPS9	9606	0.999	0	0	0	0	0.986	0.9	0.709	RPS2	RPS9	0.761046694731585	1.33662821915131e-96	8.29693516648647e-96
9606.ENSP00000342374	9606.ENSP00000396301	SNRPD2	IK	9606	0.979	0	0	0	0	0.8	0.9	0	SNRPD2	IK	0.717214547541711	6.22746350715183e-81	2.83570998043934e-80
9606.ENSP00000342374	9606.ENSP00000361918	SNRPD2	PPIE	9606	0.982	0	0	0	0	0.835	0.9	0	SNRPD2	PPIE	0.581938007465343	4.19354946604605e-47	1.1314755599321e-46
9606.ENSP00000342374	9606.ENSP00000360497	SNRPD2	RNF113A	9606	0.985	0	0	0	0	0.862	0.9	0	SNRPD2	RNF113A	0.719038021814604	1.59421478713654e-81	7.37889534137583e-81
9606.ENSP00000342374	9606.ENSP00000412566	SNRPD2	SNRPB	9606	0.999	0	0	0	0	0.947	0.9	0.97	SNRPD2	SNRPB	0.766690799514734	7.26876798920094e-99	4.79435427084323e-98
9606.ENSP00000346001	9606.ENSP00000448035	RPL3	NACA	9606	0.824	0	0	0	0	0.824	0	0	RPL3	NACA	0.550073889376515	2.80026381112369e-41	6.93078993173912e-41
9606.ENSP00000346001	9606.ENSP00000363384	RPL3	ZNF593	9606	0.865	0	0	0	0	0.865	0	0	RPL3	ZNF593	0.308908375309581	1.2565925301317e-12	1.94525753058025e-12
9606.ENSP00000346001	9606.ENSP00000355315	RPL3	RPL39	9606	0.892	0	0	0	0	0.892	0	0	RPL3	RPL39	0.393355174026719	3.90081305621951e-20	6.97815178621446e-20
9606.ENSP00000346001	9606.ENSP00000498019	RPL3	RPS17	9606	0.895	0	0	0	0	0.895	0	0	RPL3	RPS17	0.617659374633115	1.90631855672467e-54	5.7439342337523e-54
9606.ENSP00000346001	9606.ENSP00000379339	RPL3	RPS29	9606	0.901	0	0	0	0	0.901	0	0	RPL3	RPS29	0.502078127067365	1.32393262654104e-33	2.95968853631069e-33
9606.ENSP00000346001	9606.ENSP00000388107	RPL3	UBA52	9606	0.903	0	0	0	0	0.903	0	0	RPL3	UBA52	0.567416462143109	2.26842885319174e-44	5.86406825155698e-44
9606.ENSP00000346001	9606.ENSP00000346012	RPL3	RPL36AL	9606	0.909	0	0	0	0	0.908	0	0	RPL3	RPL36AL	0.455803810194684	2.83019880731615e-27	5.74327146659142e-27
9606.ENSP00000346001	9606.ENSP00000414321	RPL3	RPS24	9606	0.915	0	0	0	0	0.914	0	0	RPL3	RPS24	0.603454072115286	2.04803311681951e-51	5.88693155567609e-51
9606.ENSP00000346001	9606.ENSP00000362744	RPL3	RPS4X	9606	0.918	0	0	0	0	0.918	0	0	RPL3	RPS4X	0.599322416713721	1.46090785671464e-50	4.13814829066034e-50
9606.ENSP00000346001	9606.ENSP00000481646	RPL3	RPS10	9606	0.927	0	0	0	0	0.927	0	0	RPL3	RPS10	0.465022185448358	1.84785042181857e-28	3.82969081687019e-28
9606.ENSP00000346001	9606.ENSP00000472985	RPL3	RPS5	9606	0.93	0	0	0	0	0.93	0	0	RPL3	RPS5	0.694132363546914	7.95272057694069e-74	3.20324947442221e-73
9606.ENSP00000346001	9606.ENSP00000435096	RPL3	RPS25	9606	0.931	0	0	0	0	0.93	0	0	RPL3	RPS25	0.569961126547437	7.70147981904012e-45	2.00937526583414e-44
9606.ENSP00000346001	9606.ENSP00000393241	RPL3	RPS18	9606	0.935	0	0	0	0	0.935	0	0	RPL3	RPS18	0.627101840618844	1.50673442065724e-56	4.70819606800803e-56
9606.ENSP00000346001	9606.ENSP00000431240	RPL3	RPLP2	9606	0.935	0	0	0	0	0.935	0	0	RPL3	RPLP2	0.550018542226893	2.86271019314689e-41	7.07842173369019e-41
9606.ENSP00000346001	9606.ENSP00000495273	RPL3	RPS7	9606	0.937	0	0	0	0	0.937	0	0	RPL3	RPS7	0.558236568998515	1.0345842711989e-42	2.62222536472708e-42
9606.ENSP00000346001	9606.ENSP00000375632	RPL3	RPS9	9606	0.939	0	0	0	0	0.939	0	0	RPL3	RPS9	0.703290080560851	1.45724690209428e-76	6.12818959076887e-76
9606.ENSP00000346001	9606.ENSP00000363018	RPL3	RPL10A	9606	0.941	0	0	0	0	0.936	0	0.11	RPL3	RPL10A	0.735960459399977	3.00174298752458e-87	1.55911886795553e-86
9606.ENSP00000346001	9606.ENSP00000346037	RPL3	RPLP1	9606	0.942	0	0	0	0	0.942	0	0	RPL3	RPLP1	0.571144940581015	4.64432674703531e-45	1.2155017596095e-44
9606.ENSP00000346001	9606.ENSP00000385958	RPL3	RPS14	9606	0.943	0	0	0	0	0.943	0	0	RPL3	RPS14	0.629210063863529	4.99752712610083e-57	1.56839266320993e-56
9606.ENSP00000346001	9606.ENSP00000431822	RPL3	FAU	9606	0.947	0	0	0	0	0.947	0	0	RPL3	FAU	0.534369089082821	1.24406066352285e-38	2.96732809842625e-38
9606.ENSP00000346001	9606.ENSP00000379888	RPL3	RPS8	9606	0.951	0	0	0	0	0.949	0	0.07	RPL3	RPS8	0.651119521890077	3.0945448132064e-62	1.04299148634318e-61
9606.ENSP00000346001	9606.ENSP00000466010	RPL3	RPS15	9606	0.953	0	0	0	0	0.952	0	0	RPL3	RPS15	0.478715666597716	2.7434190231606e-30	5.85857190298415e-30
9606.ENSP00000346001	9606.ENSP00000429374	RPL3	RPS20	9606	0.953	0	0	0	0	0.953	0	0	RPL3	RPS20	0.563454761625231	1.19692563220254e-43	3.05511946181263e-43
9606.ENSP00000346001	9606.ENSP00000413436	RPL3	RPL10	9606	0.955	0	0	0	0	0.951	0	0.111	RPL3	RPL10	0.614670628553538	8.52671630807476e-54	2.54043921098647e-53
9606.ENSP00000346001	9606.ENSP00000464813	RPL3	RPL27	9606	0.959	0	0	0	0	0.959	0	0	RPL3	RPL27	0.544995928164245	2.08259247454967e-40	5.08731787964596e-40
9606.ENSP00000346001	9606.ENSP00000449328	RPL3	RPLP0	9606	0.962	0	0	0	0	0.937	0	0.424	RPL3	RPLP0	0.733498908897101	2.17460442722374e-86	1.10788759288267e-85
9606.ENSP00000346001	9606.ENSP00000367806	RPL3	RPS16	9606	0.962	0	0	0	0	0.95	0	0.273	RPL3	RPS16	0.555323016773727	3.39310264297636e-42	8.53166315646989e-42
9606.ENSP00000346001	9606.ENSP00000378163	RPL3	RPL34	9606	0.963	0	0	0	0	0.963	0	0	RPL3	RPL34	0.593575444500972	2.14322848587448e-49	5.96730484867307e-49
9606.ENSP00000346001	9606.ENSP00000386717	RPL3	RPL31	9606	0.967	0	0	0	0	0.966	0	0	RPL3	RPL31	0.650780916600977	3.7529744866095e-62	1.26322674170043e-61
9606.ENSP00000346001	9606.ENSP00000420311	RPL3	RPL23	9606	0.97	0	0	0	0	0.967	0	0.117	RPL3	RPL23	0.552080922377952	1.25501409004098e-41	3.12456509917192e-41
9606.ENSP00000346001	9606.ENSP00000418082	RPL3	RPL37A	9606	0.97	0	0	0	0	0.97	0	0	RPL3	RPL37A	0.603397234133351	2.10455387733476e-51	6.04596142273513e-51
9606.ENSP00000346001	9606.ENSP00000361076	RPL3	RPL7A	9606	0.973	0	0	0	0	0.973	0	0	RPL3	RPL7A	0.685217093137885	2.93694292422725e-71	1.13246907421232e-70
9606.ENSP00000346001	9606.ENSP00000389103	RPL3	RPL23A	9606	0.974	0	0	0	0	0.974	0	0	RPL3	RPL23A	0.542457133912149	5.60694561129461e-40	1.35785245799614e-39
9606.ENSP00000346001	9606.ENSP00000346015	RPL3	RPL27A	9606	0.974	0	0	0	0	0.972	0	0.094	RPL3	RPL27A	0.545938600071187	1.43866755761642e-40	3.52626897964219e-40
9606.ENSP00000346001	9606.ENSP00000452763	RPL3	RPL28	9606	0.975	0	0	0	0	0.975	0	0	RPL3	RPL28	0.488593641972893	1.16728225779121e-31	2.54209252783716e-31
9606.ENSP00000346001	9606.ENSP00000416429	RPL3	RPL32	9606	0.976	0	0	0	0	0.976	0	0	RPL3	RPL32	0.6630969618701	2.86109475501356e-65	1.00376410302452e-64
9606.ENSP00000346001	9606.ENSP00000354739	RPL3	RPL12	9606	0.979	0	0	0	0	0.951	0	0.598	RPL3	RPL12	0.625573551143934	3.33564612679113e-56	1.03718707777728e-55
9606.ENSP00000346001	9606.ENSP00000379506	RPL3	RPL14	9606	0.98	0	0	0	0	0.974	0	0.283	RPL3	RPL14	0.614313108329466	1.01891962795489e-53	3.03040235027855e-53
9606.ENSP00000346012	9606.ENSP00000448035	RPL36AL	NACA	9606	0.801	0	0	0	0	0.801	0	0	RPL36AL	NACA	0.679867427736562	9.21821352798275e-70	3.48021957000483e-69
9606.ENSP00000346012	9606.ENSP00000363384	RPL36AL	ZNF593	9606	0.82	0	0	0	0	0.82	0	0	RPL36AL	ZNF593	0.592028799153207	4.37517386495061e-49	1.21149450371019e-48
9606.ENSP00000346012	9606.ENSP00000362744	RPL36AL	RPS4X	9606	0.863	0	0	0	0	0.863	0	0	RPL36AL	RPS4X	0.594837806762043	1.19360911505073e-49	3.33065003477201e-49
9606.ENSP00000346012	9606.ENSP00000413436	RPL36AL	RPL10	9606	0.867	0	0	0	0	0.867	0	0	RPL36AL	RPL10	0.634637625253208	2.80346052741994e-58	8.98777364272338e-58
9606.ENSP00000346012	9606.ENSP00000346037	RPL36AL	RPLP1	9606	0.869	0	0	0	0	0.869	0	0	RPL36AL	RPLP1	0.57669130267064	4.2253177366248e-46	1.12150484940109e-45
9606.ENSP00000346012	9606.ENSP00000431240	RPL36AL	RPLP2	9606	0.869	0	0	0	0	0.869	0	0	RPL36AL	RPLP2	0.652911502330357	1.11026513861615e-62	3.76968546057659e-62
9606.ENSP00000346012	9606.ENSP00000355315	RPL36AL	RPL39	9606	0.873	0	0	0	0	0.867	0	0.089	RPL36AL	RPL39	0.580300514523502	8.66276102822323e-47	2.32000571952257e-46
9606.ENSP00000346012	9606.ENSP00000378163	RPL36AL	RPL34	9606	0.875	0	0	0	0	0.875	0	0	RPL36AL	RPL34	0.70910581741404	2.34496352025993e-78	1.02004904978461e-77
9606.ENSP00000346012	9606.ENSP00000435096	RPL36AL	RPS25	9606	0.875	0	0	0	0	0.875	0	0	RPL36AL	RPS25	0.697325540007417	9.07700849292073e-75	3.71525776421408e-74
9606.ENSP00000346012	9606.ENSP00000420311	RPL36AL	RPL23	9606	0.875	0	0	0	0	0.875	0	0	RPL36AL	RPL23	0.742028053737051	2.06856147687235e-89	1.1204338877406e-88
9606.ENSP00000346012	9606.ENSP00000498019	RPL36AL	RPS17	9606	0.875	0	0	0	0	0.875	0	0	RPL36AL	RPS17	0.66587717777989	5.39605883760169e-66	1.91435215002994e-65
9606.ENSP00000346012	9606.ENSP00000414321	RPL36AL	RPS24	9606	0.875	0	0	0	0	0.875	0	0	RPL36AL	RPS24	0.707435526161312	7.75753036342747e-78	3.33435395994729e-77
9606.ENSP00000346012	9606.ENSP00000379339	RPL36AL	RPS29	9606	0.875	0	0	0	0	0.875	0	0	RPL36AL	RPS29	0.707899175010669	5.57009274790112e-78	2.4064132546227e-77
9606.ENSP00000346012	9606.ENSP00000429374	RPL36AL	RPS20	9606	0.875	0	0	0	0	0.875	0	0	RPL36AL	RPS20	0.724817978692279	1.97385122475559e-83	9.46513113368582e-83
9606.ENSP00000346012	9606.ENSP00000472985	RPL36AL	RPS5	9606	0.875	0	0	0	0	0.875	0	0	RPL36AL	RPS5	0.466540225451116	1.16955497047502e-28	2.43388671149039e-28
9606.ENSP00000346012	9606.ENSP00000388107	RPL36AL	UBA52	9606	0.875	0	0	0	0	0.875	0	0	RPL36AL	UBA52	0.710021467985308	1.21263589293029e-78	5.29311905292005e-78
9606.ENSP00000346012	9606.ENSP00000416429	RPL36AL	RPL32	9606	0.875	0	0	0	0	0.875	0	0	RPL36AL	RPL32	0.722135785007072	1.53599005835737e-82	7.25543763326792e-82
9606.ENSP00000346012	9606.ENSP00000481646	RPL36AL	RPS10	9606	0.879	0	0	0	0	0.879	0	0	RPL36AL	RPS10	0.63012301230123	3.09070613732276e-57	9.72380743079343e-57
9606.ENSP00000346012	9606.ENSP00000452763	RPL36AL	RPL28	9606	0.884	0	0	0	0	0.883	0	0	RPL36AL	RPL28	0.596979573733771	4.39527130012149e-50	1.23668951653585e-49
9606.ENSP00000346012	9606.ENSP00000354739	RPL36AL	RPL12	9606	0.884	0	0	0	0	0.875	0	0.109	RPL36AL	RPL12	0.637915033739399	4.78686656785833e-59	1.54345175059243e-58
9606.ENSP00000346012	9606.ENSP00000389103	RPL36AL	RPL23A	9606	0.887	0	0	0	0	0.887	0	0	RPL36AL	RPL23A	0.670491024257705	3.25399253297123e-67	1.17837854146753e-66
9606.ENSP00000346012	9606.ENSP00000367806	RPL36AL	RPS16	9606	0.887	0	0	0	0	0.887	0	0	RPL36AL	RPS16	0.616928494091645	2.75384000232045e-54	8.26315336402084e-54
9606.ENSP00000346012	9606.ENSP00000379888	RPL36AL	RPS8	9606	0.888	0	0	0	0	0.888	0	0	RPL36AL	RPS8	0.632886176816439	7.14717492802955e-58	2.2740602491133e-57
9606.ENSP00000346012	9606.ENSP00000386717	RPL36AL	RPL31	9606	0.888	0	0	0	0	0.888	0	0	RPL36AL	RPL31	0.67486708298159	2.16313470810559e-68	7.97616507894036e-68
9606.ENSP00000346012	9606.ENSP00000385958	RPL36AL	RPS14	9606	0.888	0	0	0	0	0.888	0	0	RPL36AL	RPS14	0.686057922562442	1.6970909456735e-71	6.57899087675267e-71
9606.ENSP00000346012	9606.ENSP00000464813	RPL36AL	RPL27	9606	0.891	0	0	0	0	0.891	0	0	RPL36AL	RPL27	0.719476419691659	1.14702724223059e-81	5.31392932091993e-81
9606.ENSP00000346012	9606.ENSP00000361076	RPL36AL	RPL7A	9606	0.893	0	0	0	0	0.888	0	0.084	RPL36AL	RPL7A	0.611275630668657	4.58555923809662e-53	1.3495255488965e-52
9606.ENSP00000346012	9606.ENSP00000375632	RPL36AL	RPS9	9606	0.895	0	0	0	0	0.875	0	0.192	RPL36AL	RPS9	0.59168087616215	5.13433112509813e-49	1.4193760197744e-48
9606.ENSP00000346012	9606.ENSP00000379506	RPL36AL	RPL14	9606	0.898	0	0	0	0	0.897	0	0	RPL36AL	RPL14	0.696457689247185	1.64190389714705e-74	6.69870307715074e-74
9606.ENSP00000346012	9606.ENSP00000418082	RPL36AL	RPL37A	9606	0.899	0	0	0	0	0.899	0	0	RPL36AL	RPL37A	0.718220300290899	2.94102577605691e-81	1.3501496734185e-80
9606.ENSP00000346012	9606.ENSP00000449328	RPL36AL	RPLP0	9606	0.901	0	0	0	0	0.888	0	0.157	RPL36AL	RPLP0	0.484757544077389	4.02676081571399e-31	8.71316636727848e-31
9606.ENSP00000346012	9606.ENSP00000495273	RPL36AL	RPS7	9606	0.911	0	0	0	0	0.911	0	0	RPL36AL	RPS7	0.616873053765004	2.83164472094385e-54	8.49157714478656e-54
9606.ENSP00000346012	9606.ENSP00000393241	RPL36AL	RPS18	9606	0.915	0	0	0	0	0.875	0	0.349	RPL36AL	RPS18	0.60619254472031	5.48111382507522e-52	1.58723267550404e-51
9606.ENSP00000346012	9606.ENSP00000346015	RPL36AL	RPL27A	9606	0.926	0	0	0	0	0.926	0	0	RPL36AL	RPL27A	0.697428500614036	8.4594715418057e-75	3.46530093360284e-74
9606.ENSP00000346012	9606.ENSP00000466010	RPL36AL	RPS15	9606	0.938	0	0	0	0	0.938	0	0	RPL36AL	RPS15	0.582972272382518	2.64639550508686e-47	7.16325032650316e-47
9606.ENSP00000346012	9606.ENSP00000363018	RPL36AL	RPL10A	9606	0.939	0	0	0	0	0.939	0	0	RPL36AL	RPL10A	0.48968111096824	8.19375221951589e-32	1.78981832808855e-31
9606.ENSP00000346012	9606.ENSP00000431822	RPL36AL	FAU	9606	0.947	0	0	0	0	0.947	0	0	RPL36AL	FAU	0.684607435898869	4.36611479262557e-71	1.67461521879399e-70
9606.ENSP00000346015	9606.ENSP00000448035	RPL27A	NACA	9606	0.8	0	0	0	0	0.8	0	0	RPL27A	NACA	0.730599240048228	2.17890014664813e-85	1.08708637494013e-84
9606.ENSP00000346015	9606.ENSP00000363384	RPL27A	ZNF593	9606	0.867	0	0	0	0	0.867	0	0	RPL27A	ZNF593	0.662348377694912	4.46959088463036e-65	1.56050105488923e-64
9606.ENSP00000346015	9606.ENSP00000355315	RPL27A	RPL39	9606	0.895	0	0	0	0	0.895	0	0	RPL27A	RPL39	0.746557295481101	4.59143599349391e-91	2.57232277863629e-90
9606.ENSP00000346015	9606.ENSP00000362744	RPL27A	RPS4X	9606	0.936	0	0	0	0	0.935	0	0	RPL27A	RPS4X	0.620240564429114	5.16019236784107e-55	1.57546247368183e-54
9606.ENSP00000346015	9606.ENSP00000385958	RPL27A	RPS14	9606	0.936	0	0	0	0	0.932	0	0.098	RPL27A	RPS14	0.814859964257295	3.27193144933593e-121	3.87651082018512e-120
9606.ENSP00000346015	9606.ENSP00000481646	RPL27A	RPS10	9606	0.936	0	0	0	0	0.936	0	0	RPL27A	RPS10	0.832886829055576	2.48758204697089e-131	4.04652012077998e-130
9606.ENSP00000346015	9606.ENSP00000414321	RPL27A	RPS24	9606	0.947	0	0	0	0	0.947	0	0	RPL27A	RPS24	0.859404170230688	1.19954961224402e-148	3.54884297563889e-147
9606.ENSP00000346015	9606.ENSP00000379339	RPL27A	RPS29	9606	0.947	0	0	0	0	0.947	0	0	RPL27A	RPS29	0.736320402226558	2.24289389107081e-87	1.16736627519828e-86
9606.ENSP00000346015	9606.ENSP00000452763	RPL27A	RPL28	9606	0.947	0	0	0	0	0.947	0	0	RPL27A	RPL28	0.782412092140891	1.587248358695e-105	1.22034794021854e-104
9606.ENSP00000346015	9606.ENSP00000498019	RPL27A	RPS17	9606	0.947	0	0	0	0	0.947	0	0	RPL27A	RPS17	0.820611408966983	2.5729086893098e-124	3.42535396295218e-123
9606.ENSP00000346015	9606.ENSP00000363018	RPL27A	RPL10A	9606	0.949	0	0	0	0	0.936	0	0.24	RPL27A	RPL10A	0.558346517881602	9.89008502165129e-43	2.50796692353553e-42
9606.ENSP00000346015	9606.ENSP00000413436	RPL27A	RPL10	9606	0.952	0	0	0	0	0.952	0	0	RPL27A	RPL10	0.766332906582584	1.01614260156765e-98	6.66752972935247e-98
9606.ENSP00000346015	9606.ENSP00000472985	RPL27A	RPS5	9606	0.956	0	0	0	0	0.956	0	0	RPL27A	RPS5	0.620512920857303	4.49235069623397e-55	1.37405091730639e-54
9606.ENSP00000346015	9606.ENSP00000431240	RPL27A	RPLP2	9606	0.96	0	0	0	0	0.96	0	0	RPL27A	RPLP2	0.853755965658678	1.12632436623158e-144	2.86335425566108e-143
9606.ENSP00000346015	9606.ENSP00000449328	RPL27A	RPLP0	9606	0.961	0	0	0	0	0.96	0	0.083	RPL27A	RPLP0	0.707625420927186	6.77387327386901e-78	2.91899700958291e-77
9606.ENSP00000346015	9606.ENSP00000495273	RPL27A	RPS7	9606	0.962	0	0	0	0	0.962	0	0	RPL27A	RPS7	0.772135132767935	4.12552287068098e-101	2.87479617118114e-100
9606.ENSP00000346015	9606.ENSP00000464813	RPL27A	RPL27	9606	0.964	0	0	0	0	0.964	0	0	RPL27A	RPL27	0.832814896396472	2.74494124263476e-131	4.45085184182348e-130
9606.ENSP00000346015	9606.ENSP00000375632	RPL27A	RPS9	9606	0.964	0	0	0	0	0.964	0	0	RPL27A	RPS9	0.762219793407912	4.57656197599005e-97	2.88329103817356e-96
9606.ENSP00000346015	9606.ENSP00000466010	RPL27A	RPS15	9606	0.966	0	0	0	0	0.966	0	0	RPL27A	RPS15	0.730399002633182	2.55194023649472e-85	1.27194735531298e-84
9606.ENSP00000346015	9606.ENSP00000420311	RPL27A	RPL23	9606	0.967	0	0	0	0	0.967	0	0	RPL27A	RPL23	0.866280541097588	1.00377887715382e-153	3.60150165923489e-152
9606.ENSP00000346015	9606.ENSP00000388107	RPL27A	UBA52	9606	0.967	0	0	0	0	0.966	0	0	RPL27A	UBA52	0.82538579944951	5.59229430235756e-127	7.85872690989636e-126
9606.ENSP00000346015	9606.ENSP00000386717	RPL27A	RPL31	9606	0.968	0	0	0	0	0.967	0	0	RPL27A	RPL31	0.814918386248563	3.04661245744887e-121	3.61803108503142e-120
9606.ENSP00000346015	9606.ENSP00000416429	RPL27A	RPL32	9606	0.968	0	0	0	0	0.967	0	0	RPL27A	RPL32	0.870656786175512	4.17701649574745e-157	1.65090050406143e-155
9606.ENSP00000346015	9606.ENSP00000393241	RPL27A	RPS18	9606	0.968	0	0	0	0	0.967	0	0	RPL27A	RPS18	0.791840767927724	8.5725006437803e-110	7.36303578215357e-109
9606.ENSP00000346015	9606.ENSP00000431822	RPL27A	FAU	9606	0.968	0	0	0	0	0.968	0	0	RPL27A	FAU	0.818312825071327	4.61642121613233e-123	5.88273927768602e-122
9606.ENSP00000346015	9606.ENSP00000378163	RPL27A	RPL34	9606	0.968	0	0	0	0	0.967	0	0	RPL27A	RPL34	0.814501512263028	5.06625007446849e-121	5.96050212249676e-120
9606.ENSP00000346015	9606.ENSP00000389103	RPL27A	RPL23A	9606	0.972	0	0	0	0	0.972	0	0	RPL27A	RPL23A	0.772321859515144	3.44619915746809e-101	2.40473400519049e-100
9606.ENSP00000346015	9606.ENSP00000346037	RPL27A	RPLP1	9606	0.973	0	0	0	0	0.964	0	0.293	RPL27A	RPLP1	0.77429264665597	5.1057456513095e-102	3.61764247198526e-101
9606.ENSP00000346015	9606.ENSP00000418082	RPL27A	RPL37A	9606	0.974	0	0	0	0	0.974	0	0	RPL27A	RPL37A	0.832312206375917	5.45451380110372e-131	8.78802080247889e-130
9606.ENSP00000346015	9606.ENSP00000361076	RPL27A	RPL7A	9606	0.975	0	0	0	0	0.975	0	0	RPL27A	RPL7A	0.734285322942232	1.15789904892104e-86	5.94098507960602e-86
9606.ENSP00000346015	9606.ENSP00000435096	RPL27A	RPS25	9606	0.975	0	0	0	0	0.975	0	0	RPL27A	RPS25	0.829815062251567	1.5982433553982e-129	2.4427532129787e-128
9606.ENSP00000346015	9606.ENSP00000379888	RPL27A	RPS8	9606	0.976	0	0	0	0	0.976	0	0	RPL27A	RPS8	0.802254324811363	9.01167323955629e-115	8.93922645468927e-114
9606.ENSP00000346015	9606.ENSP00000429374	RPL27A	RPS20	9606	0.976	0	0	0	0	0.975	0	0	RPL27A	RPS20	0.87325717043754	3.57283113332497e-159	1.53177565283822e-157
9606.ENSP00000346015	9606.ENSP00000367806	RPL27A	RPS16	9606	0.978	0	0	0	0	0.975	0	0.146	RPL27A	RPS16	0.819517044872189	1.02242535189391e-123	1.32967862602347e-122
9606.ENSP00000346015	9606.ENSP00000379506	RPL27A	RPL14	9606	0.98	0	0	0	0	0.972	0	0.295	RPL27A	RPL14	0.826488735830105	1.32096177951457e-127	1.91482683168028e-126
9606.ENSP00000346015	9606.ENSP00000354739	RPL27A	RPL12	9606	0.981	0	0	0	0	0.973	0	0.331	RPL27A	RPL12	0.766588397970232	8.00049146535152e-99	5.26326220067794e-98
9606.ENSP00000346037	9606.ENSP00000416429	RPLP1	RPL32	9606	0.868	0	0	0	0	0.868	0	0	RPLP1	RPL32	0.832941058080963	2.30956956875357e-131	3.78126616450625e-130
9606.ENSP00000346037	9606.ENSP00000379339	RPLP1	RPS29	9606	0.873	0	0	0	0	0.873	0	0	RPLP1	RPS29	0.643835781093637	1.85952061491063e-60	6.09676914506344e-60
9606.ENSP00000346037	9606.ENSP00000355315	RPLP1	RPL39	9606	0.875	0	0	0	0	0.875	0	0	RPLP1	RPL39	0.685997823384823	1.76504937312906e-71	6.83720120877481e-71
9606.ENSP00000346037	9606.ENSP00000388107	RPLP1	UBA52	9606	0.903	0	0	0	0	0.903	0	0	RPLP1	UBA52	0.768803774787417	9.9339314231e-100	6.64758717850038e-99
9606.ENSP00000346037	9606.ENSP00000375632	RPLP1	RPS9	9606	0.913	0	0	0	0	0.913	0	0	RPLP1	RPS9	0.821338376073632	1.02356637151906e-124	1.38085927293732e-123
9606.ENSP00000346037	9606.ENSP00000385958	RPLP1	RPS14	9606	0.921	0	0	0	0	0.92	0	0	RPLP1	RPS14	0.73960591711345	1.5340884878254e-88	8.17803336133687e-88
9606.ENSP00000346037	9606.ENSP00000472985	RPLP1	RPS5	9606	0.922	0	0	0	0	0.922	0	0	RPLP1	RPS5	0.642084425833888	4.89682241295068e-60	1.6003245857311e-59
9606.ENSP00000346037	9606.ENSP00000464813	RPLP1	RPL27	9606	0.923	0	0	0	0	0.922	0	0	RPLP1	RPL27	0.718921643717167	1.73962215445375e-81	8.04455985318237e-81
9606.ENSP00000346037	9606.ENSP00000452763	RPLP1	RPL28	9606	0.926	0	0	0	0	0.925	0	0	RPLP1	RPL28	0.835014992182448	1.32289111288261e-132	2.26098180407875e-131
9606.ENSP00000346037	9606.ENSP00000363018	RPLP1	RPL10A	9606	0.926	0	0	0	0	0.923	0	0.087	RPLP1	RPL10A	0.548710523226236	4.81531968944248e-41	1.18774755284688e-40
9606.ENSP00000346037	9606.ENSP00000414321	RPLP1	RPS24	9606	0.932	0	0	0	0	0.932	0	0	RPLP1	RPS24	0.72814234839633	1.50008281361985e-84	7.31814749672403e-84
9606.ENSP00000346037	9606.ENSP00000362744	RPLP1	RPS4X	9606	0.938	0	0	0	0	0.938	0	0	RPLP1	RPS4X	0.583483161980794	2.10684992787117e-47	5.71504224402157e-47
9606.ENSP00000346037	9606.ENSP00000393241	RPLP1	RPS18	9606	0.94	0	0	0	0	0.94	0	0	RPLP1	RPS18	0.723715694550821	4.60033332378939e-83	2.18732013957242e-82
9606.ENSP00000346037	9606.ENSP00000498019	RPLP1	RPS17	9606	0.941	0	0	0	0	0.941	0	0	RPLP1	RPS17	0.718510546706844	2.3670572699477e-81	1.09160827061672e-80
9606.ENSP00000346037	9606.ENSP00000361076	RPLP1	RPL7A	9606	0.942	0	0	0	0	0.941	0	0	RPLP1	RPL7A	0.753411117509266	1.23410899537731e-93	7.20941963927695e-93
9606.ENSP00000346037	9606.ENSP00000481646	RPLP1	RPS10	9606	0.943	0	0	0	0	0.942	0	0	RPLP1	RPS10	0.726284212272159	6.36387303685831e-84	3.08084532951829e-83
9606.ENSP00000346037	9606.ENSP00000431822	RPLP1	FAU	9606	0.947	0	0	0	0	0.947	0	0	RPLP1	FAU	0.747759092679454	1.64900221479131e-91	9.31060513909512e-91
9606.ENSP00000346037	9606.ENSP00000378163	RPLP1	RPL34	9606	0.949	0	0	0	0	0.949	0	0	RPLP1	RPL34	0.770603023035223	1.79394670369322e-100	1.224774139539e-99
9606.ENSP00000346037	9606.ENSP00000386717	RPLP1	RPL31	9606	0.951	0	0	0	0	0.951	0	0	RPLP1	RPL31	0.716055332241298	1.47257961360027e-80	6.65753374906504e-80
9606.ENSP00000346037	9606.ENSP00000495273	RPLP1	RPS7	9606	0.952	0	0	0	0	0.952	0	0	RPLP1	RPS7	0.746190550732092	6.26848893631024e-91	3.50411994793298e-90
9606.ENSP00000346037	9606.ENSP00000466010	RPLP1	RPS15	9606	0.953	0	0	0	0	0.953	0	0	RPLP1	RPS15	0.783598794662075	4.7353731881532e-106	3.66864516981118e-105
9606.ENSP00000346037	9606.ENSP00000418082	RPLP1	RPL37A	9606	0.955	0	0	0	0	0.955	0	0	RPLP1	RPL37A	0.787619569410357	7.42305530011555e-108	6.05697367149751e-107
9606.ENSP00000346037	9606.ENSP00000420311	RPLP1	RPL23	9606	0.957	0	0	0	0	0.957	0	0	RPLP1	RPL23	0.735334682536577	4.97643426136497e-87	2.57421072885945e-86
9606.ENSP00000346037	9606.ENSP00000379888	RPLP1	RPS8	9606	0.957	0	0	0	0	0.957	0	0	RPLP1	RPS8	0.816298710616403	5.60377346428239e-122	6.88094416403025e-121
9606.ENSP00000346037	9606.ENSP00000367806	RPLP1	RPS16	9606	0.962	0	0	0	0	0.961	0	0	RPLP1	RPS16	0.771528084485467	7.39593537730647e-101	5.12548453065663e-100
9606.ENSP00000346037	9606.ENSP00000354739	RPLP1	RPL12	9606	0.962	0	0	0	0	0.941	0	0.378	RPLP1	RPL12	0.744169261646661	3.45325371868619e-90	1.90098047473705e-89
9606.ENSP00000346037	9606.ENSP00000389103	RPLP1	RPL23A	9606	0.964	0	0	0	0	0.964	0	0	RPLP1	RPL23A	0.711301720234135	4.80178298025957e-79	2.11053171999419e-78
9606.ENSP00000346037	9606.ENSP00000379506	RPLP1	RPL14	9606	0.967	0	0	0	0	0.955	0	0.29	RPLP1	RPL14	0.787804618971214	6.11754051702507e-108	5.01598662489948e-107
9606.ENSP00000346037	9606.ENSP00000435096	RPLP1	RPS25	9606	0.968	0	0	0	0	0.955	0	0.324	RPLP1	RPS25	0.654870735520757	3.59112901472819e-63	1.22670639334976e-62
9606.ENSP00000346037	9606.ENSP00000429374	RPLP1	RPS20	9606	0.972	0	0	0	0	0.964	0	0.267	RPLP1	RPS20	0.828741476632135	6.71373433610192e-129	1.00487520728815e-127
9606.ENSP00000346037	9606.ENSP00000449328	RPLP1	RPLP0	9606	0.997	0	0	0	0	0.98	0	0.893	RPLP1	RPLP0	0.757019024883855	5.05710371013743e-95	3.04933106908048e-94
9606.ENSP00000346037	9606.ENSP00000431240	RPLP1	RPLP2	9606	0.999	0	0	0	0	0.988	0.9	0.8	RPLP1	RPLP2	0.896243661633244	1.03839270329692e-179	1.03004484038806e-177
9606.ENSP00000346080	9606.ENSP00000431822	RPL22L1	FAU	9606	0.749	0	0	0	0	0.749	0	0	RPL22L1	FAU	0.61939246719703	7.93818510422777e-55	2.41486941925967e-54
9606.ENSP00000346148	9606.ENSP00000360290	PRKAA1	PRKAA2	9606	0.984	0	0	0	0	0.433	0.9	0.742	PRKAA1	PRKAA2	0.364610995261017	2.52862539283769e-17	4.29272344374695e-17
9606.ENSP00000348442	9606.ENSP00000386541	PSMD12	PSMD14	9606	0.999	0	0	0	0	0.99	0.72	0.986	PSMD12	PSMD14	0.444324680915296	7.55135863125914e-26	1.49461358824491e-25
9606.ENSP00000348442	9606.ENSP00000418695	PSMD12	PSMD6	9606	0.999	0	0	0	0	0.98	0.72	0.985	PSMD12	PSMD6	0.424051131821257	1.85321726297195e-23	3.52724835717648e-23
9606.ENSP00000348455	9606.ENSP00000479919	UVRAG	SH3GLB1	9606	0.99	0	0	0	0	0.457	0	0.982	UVRAG	SH3GLB1	0.351355911988714	4.05045455186663e-16	6.740542624307e-16
9606.ENSP00000348965	9606.ENSP00000455791	DYNC1H1	DYNLRB2	9606	0.777	0	0	0	0	0.155	0.72	0.134	DYNC1H1	DYNLRB2	-0.38425578582703	3.247776032559e-19	5.72291847743503e-19
9606.ENSP00000348965	9606.ENSP00000380378	DYNC1H1	PAFAH1B1	9606	0.951	0	0	0	0	0.736	0.8	0.149	DYNC1H1	PAFAH1B1	0.510662525879917	6.87936645795472e-35	1.56416696228283e-34
9606.ENSP00000349313	9606.ENSP00000375978	NHEJ1	XRCC5	9606	0.999	0	0	0	0	0.95	0.9	0.839	NHEJ1	XRCC5	0.451697033057343	9.29589694817919e-27	1.87436997452525e-26
9606.ENSP00000350719	9606.ENSP00000389998	SYNE2	TMEM67	9606	0.894	0	0	0	0	0.292	0	0.856	SYNE2	TMEM67	0.349957604456098	5.38656863755054e-16	8.93756993682132e-16
9606.ENSP00000352257	9606.ENSP00000375978	XRCC6	XRCC5	9606	0.999	0	0	0	0	0.967	0.9	0.982	XRCC6	XRCC5	0.578328609258441	2.06404593073024e-46	5.50738837740731e-46
9606.ENSP00000352516	9606.ENSP00000479617	DNMT1	UHRF1	9606	0.999	0	0	0	0	0.483	0.9	0.983	DNMT1	UHRF1	0.652345172405439	1.53618372774582e-62	5.19488868894793e-62
9606.ENSP00000352928	9606.ENSP00000364404	DDA1	DCAF17	9606	0.928	0	0	0	0	0.313	0.9	0	DDA1	DCAF17	-0.612313249958536	2.74811762962737e-53	8.12549800601103e-53
9606.ENSP00000353575	9606.ENSP00000364119	EIF2B3	EIF2S2	9606	0.969	0	0	0	0	0.941	0.5	0	EIF2B3	EIF2S2	0.610930037103089	5.43586478700109e-53	1.59791051466813e-52
9606.ENSP00000353575	9606.ENSP00000429323	EIF2B3	EIF2B4	9606	0.999	0	0	0	0	0.991	0.9	0.853	EIF2B3	EIF2B4	0.381621857837958	5.92510967930129e-19	1.04008084203974e-18
9606.ENSP00000353793	9606.ENSP00000418268	WDHD1	MCM10	9606	0.978	0	0	0	0	0.041	0	0.978	WDHD1	MCM10	0.712849670060174	1.55596081999695e-79	6.89282468333149e-79
9606.ENSP00000354125	9606.ENSP00000498019	EIF3B	RPS17	9606	0.868	0	0	0	0	0.868	0	0	EIF3B	RPS17	0.419555992866367	5.97444662431574e-23	1.12736760434216e-22
9606.ENSP00000354125	9606.ENSP00000379339	EIF3B	RPS29	9606	0.871	0	0	0	0	0.871	0	0	EIF3B	RPS29	0.394246878103959	3.15795861952468e-20	5.65926767841847e-20
9606.ENSP00000354125	9606.ENSP00000362744	EIF3B	RPS4X	9606	0.886	0	0	0	0	0.886	0	0	EIF3B	RPS4X	0.411490217344716	4.67192917933252e-22	8.64811186177944e-22
9606.ENSP00000354125	9606.ENSP00000385958	EIF3B	RPS14	9606	0.889	0	0	0	0	0.889	0	0	EIF3B	RPS14	0.462636853747487	3.77399465252241e-28	7.77704234098202e-28
9606.ENSP00000354125	9606.ENSP00000481646	EIF3B	RPS10	9606	0.89	0	0	0	0	0.89	0	0	EIF3B	RPS10	0.37738370110303	1.54132195547903e-18	2.6832580085232e-18
9606.ENSP00000354125	9606.ENSP00000367806	EIF3B	RPS16	9606	0.892	0	0	0	0	0.892	0	0	EIF3B	RPS16	0.480726706210994	1.45464372212455e-30	3.11691765786874e-30
9606.ENSP00000354125	9606.ENSP00000435096	EIF3B	RPS25	9606	0.892	0	0	0	0	0.891	0	0	EIF3B	RPS25	0.334740865390887	1.0944523257913e-14	1.76557216714866e-14
9606.ENSP00000354125	9606.ENSP00000393241	EIF3B	RPS18	9606	0.9	0	0	0	0	0.899	0	0	EIF3B	RPS18	0.45120682875741	1.07021961686372e-26	2.15277973825588e-26
9606.ENSP00000354125	9606.ENSP00000495273	EIF3B	RPS7	9606	0.9	0	0	0	0	0.9	0	0	EIF3B	RPS7	0.346910995447371	9.97545066183529e-16	1.64705629563397e-15
9606.ENSP00000354125	9606.ENSP00000379888	EIF3B	RPS8	9606	0.905	0	0	0	0	0.905	0	0	EIF3B	RPS8	0.463431840078418	2.97653064274959e-28	6.14372440704618e-28
9606.ENSP00000354125	9606.ENSP00000472985	EIF3B	RPS5	9606	0.908	0	0	0	0	0.908	0	0	EIF3B	RPS5	0.521823828345567	1.29465386939719e-36	3.0127202968171e-36
9606.ENSP00000354125	9606.ENSP00000429374	EIF3B	RPS20	9606	0.911	0	0	0	0	0.911	0	0	EIF3B	RPS20	0.377829925849728	1.39464650106204e-18	2.4295856228901e-18
9606.ENSP00000354125	9606.ENSP00000466010	EIF3B	RPS15	9606	0.912	0	0	0	0	0.912	0	0	EIF3B	RPS15	0.427644410403773	7.17826477529214e-24	1.37712709511577e-23
9606.ENSP00000354125	9606.ENSP00000414321	EIF3B	RPS24	9606	0.914	0	0	0	0	0.913	0	0	EIF3B	RPS24	0.391689821156029	5.77776669970869e-20	1.02994086447591e-19
9606.ENSP00000354125	9606.ENSP00000375632	EIF3B	RPS9	9606	0.934	0	0	0	0	0.879	0	0.479	EIF3B	RPS9	0.448272032172161	2.47566595018715e-26	4.9464431445485e-26
9606.ENSP00000354125	9606.ENSP00000431822	EIF3B	FAU	9606	0.956	0	0	0	0	0.956	0	0	EIF3B	FAU	0.361861341413644	4.54385749039359e-17	7.6880852989636e-17
9606.ENSP00000354125	9606.ENSP00000364119	EIF3B	EIF2S2	9606	0.968	0	0	0	0	0.913	0.65	0	EIF3B	EIF2S2	0.494236162746709	1.83522374406925e-32	4.03493999184977e-32
9606.ENSP00000354125	9606.ENSP00000429931	EIF3B	EIF3H	9606	0.999	0	0	0	0	0.965	0.9	0.953	EIF3B	EIF3H	0.469719425358685	4.45413553116819e-29	9.29982321592236e-29
9606.ENSP00000354125	9606.ENSP00000362688	EIF3B	EIF3I	9606	0.999	0	0	0	0	0.99	0.9	0.978	EIF3B	EIF3I	0.504656242021718	5.49509885499863e-34	1.23719203860428e-33
9606.ENSP00000354125	9606.ENSP00000431800	EIF3B	EIF3F	9606	0.999	0	0	0	0	0.955	0.9	0.947	EIF3B	EIF3F	0.555857293803915	2.73140685874447e-42	6.88156737967543e-42
9606.ENSP00000354621	9606.ENSP00000360493	SMURF1	RUNX2	9606	0.963	0	0	0	0	0.457	0.7	0.796	SMURF1	RUNX2	0.367727487034418	1.29241748683836e-17	2.21188770836104e-17
9606.ENSP00000354739	9606.ENSP00000448035	RPL12	NACA	9606	0.8	0	0	0	0	0.8	0	0	RPL12	NACA	0.707613401091662	6.83228267243244e-78	2.94166110977325e-77
9606.ENSP00000354739	9606.ENSP00000431240	RPL12	RPLP2	9606	0.896	0	0	0	0	0.896	0	0	RPL12	RPLP2	0.764519681781843	5.49660126330395e-98	3.56047449309279e-97
9606.ENSP00000354739	9606.ENSP00000362744	RPL12	RPS4X	9606	0.925	0	0	0	0	0.924	0	0	RPL12	RPS4X	0.724349484637905	2.82955194336228e-83	1.35044370579904e-82
9606.ENSP00000354739	9606.ENSP00000355315	RPL12	RPL39	9606	0.925	0	0	0	0	0.895	0	0.319	RPL12	RPL39	0.534329768380565	1.26269138113325e-38	3.01034669988365e-38
9606.ENSP00000354739	9606.ENSP00000481646	RPL12	RPS10	9606	0.93	0	0	0	0	0.929	0	0	RPL12	RPS10	0.683273793217831	1.03589890529604e-70	3.96115839901186e-70
9606.ENSP00000354739	9606.ENSP00000385958	RPL12	RPS14	9606	0.935	0	0	0	0	0.935	0	0	RPL12	RPS14	0.759486911424061	5.5051274515867e-96	3.38401455377607e-95
9606.ENSP00000354739	9606.ENSP00000379339	RPL12	RPS29	9606	0.946	0	0	0	0	0.946	0	0	RPL12	RPS29	0.706026969156543	2.1137010076291e-77	9.0010213784475e-77
9606.ENSP00000354739	9606.ENSP00000466010	RPL12	RPS15	9606	0.947	0	0	0	0	0.947	0	0	RPL12	RPS15	0.647030355209434	3.12772221611905e-61	1.0389459416511e-60
9606.ENSP00000354739	9606.ENSP00000388107	RPL12	UBA52	9606	0.947	0	0	0	0	0.947	0	0.044	RPL12	UBA52	0.723857323620561	4.12737255296608e-83	1.96428765244171e-82
9606.ENSP00000354739	9606.ENSP00000452763	RPL12	RPL28	9606	0.947	0	0	0	0	0.947	0	0	RPL12	RPL28	0.793921131243559	9.15412711871871e-111	8.11046043670717e-110
9606.ENSP00000354739	9606.ENSP00000363018	RPL12	RPL10A	9606	0.95	0	0	0	0	0.946	0	0.101	RPL12	RPL10A	0.668362581599775	1.19616731736455e-66	4.2796396453658e-66
9606.ENSP00000354739	9606.ENSP00000431822	RPL12	FAU	9606	0.956	0	0	0	0	0.956	0	0	RPL12	FAU	0.752007871594613	4.21218824247881e-93	2.43815335454237e-92
9606.ENSP00000354739	9606.ENSP00000495273	RPL12	RPS7	9606	0.957	0	0	0	0	0.957	0	0	RPL12	RPS7	0.74578569658208	8.8339998228051e-91	4.91112143995286e-90
9606.ENSP00000354739	9606.ENSP00000414321	RPL12	RPS24	9606	0.959	0	0	0	0	0.957	0	0.08	RPL12	RPS24	0.843988032343607	3.48044210912957e-138	7.01496280083127e-137
9606.ENSP00000354739	9606.ENSP00000413436	RPL12	RPL10	9606	0.962	0	0	0	0	0.952	0	0.228	RPL12	RPL10	0.713206817576167	1.19845068402334e-79	5.33242041378547e-79
9606.ENSP00000354739	9606.ENSP00000393241	RPL12	RPS18	9606	0.965	0	0	0	0	0.965	0	0	RPL12	RPS18	0.76255895775913	3.35320383519047e-97	2.12579676719657e-96
9606.ENSP00000354739	9606.ENSP00000378163	RPL12	RPL34	9606	0.966	0	0	0	0	0.965	0	0	RPL12	RPL34	0.757168294469198	4.42563231568183e-95	2.67494311649156e-94
9606.ENSP00000354739	9606.ENSP00000498019	RPL12	RPS17	9606	0.966	0	0	0	0	0.966	0	0	RPL12	RPS17	0.76691666061016	5.88175909068181e-99	3.88964957382474e-98
9606.ENSP00000354739	9606.ENSP00000418082	RPL12	RPL37A	9606	0.967	0	0	0	0	0.967	0	0	RPL12	RPL37A	0.816875383190493	2.750628087403e-122	3.41064399366955e-121
9606.ENSP00000354739	9606.ENSP00000416429	RPL12	RPL32	9606	0.968	0	0	0	0	0.957	0	0.289	RPL12	RPL32	0.855547666567899	6.45425182000677e-146	1.72762221996901e-144
9606.ENSP00000354739	9606.ENSP00000472985	RPL12	RPS5	9606	0.969	0	0	0	0	0.969	0	0	RPL12	RPS5	0.618105599379814	1.52216097602274e-54	4.59463745686101e-54
9606.ENSP00000354739	9606.ENSP00000420311	RPL12	RPL23	9606	0.969	0	0	0	0	0.969	0	0	RPL12	RPL23	0.825821774724056	3.16514035391809e-127	4.52328956228012e-126
9606.ENSP00000354739	9606.ENSP00000464813	RPL12	RPL27	9606	0.972	0	0	0	0	0.972	0	0	RPL12	RPL27	0.716575632718551	1.00126626056621e-80	4.53889427616886e-80
9606.ENSP00000354739	9606.ENSP00000429374	RPL12	RPS20	9606	0.973	0	0	0	0	0.973	0	0	RPL12	RPS20	0.840086710534407	1.02342016584532e-135	1.96116765871646e-134
9606.ENSP00000354739	9606.ENSP00000435096	RPL12	RPS25	9606	0.973	0	0	0	0	0.973	0	0	RPL12	RPS25	0.7783674640756	9.25625583778181e-104	6.86618743157452e-103
9606.ENSP00000354739	9606.ENSP00000386717	RPL12	RPL31	9606	0.974	0	0	0	0	0.974	0	0	RPL12	RPL31	0.786101063522501	3.60385508340124e-107	2.86665139417089e-106
9606.ENSP00000354739	9606.ENSP00000389103	RPL12	RPL23A	9606	0.975	0	0	0	0	0.975	0	0	RPL12	RPL23A	0.599911947716511	1.10568088570742e-50	3.14249415774934e-50
9606.ENSP00000354739	9606.ENSP00000361076	RPL12	RPL7A	9606	0.975	0	0	0	0	0.973	0	0.088	RPL12	RPL7A	0.879503664652179	2.47303693091494e-164	1.3951940035183e-162
9606.ENSP00000354739	9606.ENSP00000379888	RPL12	RPS8	9606	0.975	0	0	0	0	0.975	0	0.05	RPL12	RPS8	0.8547328335318	2.38052569837741e-145	6.17593820927759e-144
9606.ENSP00000354739	9606.ENSP00000367806	RPL12	RPS16	9606	0.975	0	0	0	0	0.974	0	0.086	RPL12	RPS16	0.671432857571471	1.82277202442867e-67	6.62933405577615e-67
9606.ENSP00000354739	9606.ENSP00000375632	RPL12	RPS9	9606	0.977	0	0	0	0	0.975	0	0.133	RPL12	RPS9	0.809625279298116	1.76801378122887e-118	1.96148721913089e-117
9606.ENSP00000354739	9606.ENSP00000379506	RPL12	RPL14	9606	0.98	0	0	0	0	0.975	0	0.222	RPL12	RPL14	0.869767970585878	2.07682436768911e-156	7.95958672434788e-155
9606.ENSP00000354739	9606.ENSP00000449328	RPL12	RPLP0	9606	0.985	0	0	0	0	0.964	0	0.596	RPL12	RPLP0	0.714303231565392	5.36374820110687e-80	2.40134532295572e-79
9606.ENSP00000355261	9606.ENSP00000470142	SMG5	UPF1	9606	0.998	0	0	0	0	0.591	0.8	0.985	SMG5	UPF1	0.367365587490426	1.39770077183453e-17	2.38884060969962e-17
9606.ENSP00000355315	9606.ENSP00000448035	RPL39	NACA	9606	0.801	0	0	0	0	0.801	0	0	RPL39	NACA	0.556225715739276	2.35137647702653e-42	5.93297436273179e-42
9606.ENSP00000355315	9606.ENSP00000363384	RPL39	ZNF593	9606	0.848	0	0	0	0	0.848	0	0	RPL39	ZNF593	0.690041426502899	1.23076871771077e-72	4.83796343659579e-72
9606.ENSP00000355315	9606.ENSP00000413436	RPL39	RPL10	9606	0.87	0	0	0	0	0.87	0	0	RPL39	RPL10	0.634421268213778	3.14806817276321e-58	1.0067052393179e-57
9606.ENSP00000355315	9606.ENSP00000481646	RPL39	RPS10	9606	0.87	0	0	0	0	0.87	0	0	RPL39	RPS10	0.814823997927743	3.418812216983e-121	4.03164825308088e-120
9606.ENSP00000355315	9606.ENSP00000385958	RPL39	RPS14	9606	0.87	0	0	0	0	0.87	0	0	RPL39	RPS14	0.669172196722778	7.29942596372199e-67	2.63393694368542e-66
9606.ENSP00000355315	9606.ENSP00000431240	RPL39	RPLP2	9606	0.879	0	0	0	0	0.879	0	0	RPL39	RPLP2	0.747221368099543	2.60926732865082e-91	1.46669815729383e-90
9606.ENSP00000355315	9606.ENSP00000362744	RPL39	RPS4X	9606	0.886	0	0	0	0	0.886	0	0	RPL39	RPS4X	0.480749255049728	1.44429803897525e-30	3.09606092337958e-30
9606.ENSP00000355315	9606.ENSP00000495273	RPL39	RPS7	9606	0.895	0	0	0	0	0.895	0	0	RPL39	RPS7	0.697678028672432	7.13066956349361e-75	2.92571430022013e-74
9606.ENSP00000355315	9606.ENSP00000429374	RPL39	RPS20	9606	0.895	0	0	0	0	0.895	0	0	RPL39	RPS20	0.692728558570143	2.04641626466837e-73	8.17758284593782e-73
9606.ENSP00000355315	9606.ENSP00000388107	RPL39	UBA52	9606	0.895	0	0	0	0	0.895	0	0	RPL39	UBA52	0.666795157776647	3.09851724831888e-66	1.1023487172465e-65
9606.ENSP00000355315	9606.ENSP00000472985	RPL39	RPS5	9606	0.895	0	0	0	0	0.895	0	0	RPL39	RPS5	0.53933812635922	1.87135261341527e-39	4.50603182830455e-39
9606.ENSP00000355315	9606.ENSP00000378163	RPL39	RPL34	9606	0.895	0	0	0	0	0.895	0	0	RPL39	RPL34	0.732661899730346	4.2425841519171e-86	2.15278166745723e-85
9606.ENSP00000355315	9606.ENSP00000435096	RPL39	RPS25	9606	0.895	0	0	0	0	0.895	0	0	RPL39	RPS25	0.591824182418242	4.80698102704473e-49	1.3296072725981e-48
9606.ENSP00000355315	9606.ENSP00000414321	RPL39	RPS24	9606	0.895	0	0	0	0	0.895	0	0	RPL39	RPS24	0.640792992342712	9.95962177931757e-60	3.24023965154776e-59
9606.ENSP00000355315	9606.ENSP00000498019	RPL39	RPS17	9606	0.895	0	0	0	0	0.895	0	0	RPL39	RPS17	0.727065035696116	3.47233694814004e-84	1.6890915981385e-83
9606.ENSP00000355315	9606.ENSP00000379888	RPL39	RPS8	9606	0.895	0	0	0	0	0.895	0	0	RPL39	RPS8	0.681821163482808	2.6408131526968e-70	1.00299352398597e-69
9606.ENSP00000355315	9606.ENSP00000464813	RPL39	RPL27	9606	0.895	0	0	0	0	0.895	0	0	RPL39	RPL27	0.717295891079791	5.86155573088661e-81	2.67390536001401e-80
9606.ENSP00000355315	9606.ENSP00000379506	RPL39	RPL14	9606	0.895	0	0	0	0	0.895	0	0	RPL39	RPL14	0.67255843596782	9.09335827794615e-68	3.32153787206712e-67
9606.ENSP00000355315	9606.ENSP00000452763	RPL39	RPL28	9606	0.895	0	0	0	0	0.895	0	0	RPL39	RPL28	0.654274029887461	5.06888178587583e-63	1.72799682983462e-62
9606.ENSP00000355315	9606.ENSP00000449328	RPL39	RPLP0	9606	0.908	0	0	0	0	0.895	0	0.159	RPL39	RPLP0	0.521884486585304	1.26648768731784e-36	2.94853254033178e-36
9606.ENSP00000355315	9606.ENSP00000466010	RPL39	RPS15	9606	0.911	0	0	0	0	0.91	0	0	RPL39	RPS15	0.717500880522835	5.03151548501479e-81	2.29940712183287e-80
9606.ENSP00000355315	9606.ENSP00000393241	RPL39	RPS18	9606	0.911	0	0	0	0	0.91	0	0	RPL39	RPS18	0.60038789593245	8.82601286658144e-51	2.50988190511723e-50
9606.ENSP00000355315	9606.ENSP00000367806	RPL39	RPS16	9606	0.911	0	0	0	0	0.911	0	0	RPL39	RPS16	0.754502499939435	4.72279605576458e-94	2.78468825712273e-93
9606.ENSP00000355315	9606.ENSP00000420311	RPL39	RPL23	9606	0.912	0	0	0	0	0.912	0	0	RPL39	RPL23	0.710617894087545	7.88084844043353e-79	3.45487107973598e-78
9606.ENSP00000355315	9606.ENSP00000418082	RPL39	RPL37A	9606	0.914	0	0	0	0	0.913	0	0	RPL39	RPL37A	0.768851295067395	9.49677927674154e-100	6.36347104119675e-99
9606.ENSP00000355315	9606.ENSP00000389103	RPL39	RPL23A	9606	0.917	0	0	0	0	0.895	0	0.239	RPL39	RPL23A	0.787664387556768	7.08344605199428e-108	5.79856853997396e-107
9606.ENSP00000355315	9606.ENSP00000375632	RPL39	RPS9	9606	0.934	0	0	0	0	0.915	0	0.254	RPL39	RPS9	0.632961463848248	6.8662114794547e-58	2.18603926208693e-57
9606.ENSP00000355315	9606.ENSP00000431822	RPL39	FAU	9606	0.947	0	0	0	0	0.947	0	0	RPL39	FAU	0.643989895883998	1.7071239560419e-60	5.60437384400778e-60
9606.ENSP00000355315	9606.ENSP00000361076	RPL39	RPL7A	9606	0.969	0	0	0	0	0.895	0.72	0	RPL39	RPL7A	0.586039846220647	6.6903922081187e-48	1.82757527974473e-47
9606.ENSP00000355315	9606.ENSP00000363018	RPL39	RPL10A	9606	0.986	0	0	0	0	0.87	0.9	0	RPL39	RPL10A	0.402050919377652	4.83556000779306e-21	8.80918187951929e-21
9606.ENSP00000355315	9606.ENSP00000379339	RPL39	RPS29	9606	0.989	0	0	0	0	0.895	0.9	0	RPL39	RPS29	0.623209091095445	1.13082495170631e-55	3.49044748668836e-55
9606.ENSP00000355315	9606.ENSP00000386717	RPL39	RPL31	9606	0.989	0	0	0	0	0.895	0.9	0	RPL39	RPL31	0.726176033752443	6.91991058340589e-84	3.34044156884069e-83
9606.ENSP00000355315	9606.ENSP00000416429	RPL39	RPL32	9606	0.993	0	0	0	0	0.936	0.9	0	RPL39	RPL32	0.718308725282466	2.75286877287793e-81	1.26491944795545e-80
9606.ENSP00000355325	9606.ENSP00000388107	PSMB5	UBA52	9606	0.826	0	0	0	0	0.826	0	0	PSMB5	UBA52	0.592155333545777	4.12764574298562e-49	1.14357939834415e-48
9606.ENSP00000355325	9606.ENSP00000396937	PSMB5	PSMD13	9606	0.95	0	0	0	0	0.95	0	0	PSMB5	PSMD13	0.449717300922639	1.63972442542412e-26	3.28659503495271e-26
9606.ENSP00000355325	9606.ENSP00000418695	PSMB5	PSMD6	9606	0.953	0	0	0	0	0.949	0	0.107	PSMB5	PSMD6	0.379431266107977	9.72880356973445e-19	1.70186781671115e-18
9606.ENSP00000355325	9606.ENSP00000386541	PSMB5	PSMD14	9606	0.965	0	0	0	0	0.963	0	0.081	PSMB5	PSMD14	0.48329764653484	6.42447852721297e-31	1.3848077063984e-30
9606.ENSP00000355325	9606.ENSP00000357876	PSMB5	PSMD4	9606	0.968	0	0	0	0	0.967	0	0.084	PSMB5	PSMD4	0.500037363984846	2.64156512815885e-33	5.87414416850797e-33
9606.ENSP00000355325	9606.ENSP00000484998	PSMB5	PSMC6	9606	0.976	0	0	0	0	0.968	0	0.273	PSMB5	PSMC6	0.414064698395305	2.43795238237209e-22	4.54276283698725e-22
9606.ENSP00000355837	9606.ENSP00000422176	CAPN8	CAST	9606	0.8	0	0	0	0	0.8	0	0	CAPN8	CAST	0.413248467703913	2.99810394095679e-22	5.57625288136044e-22
9606.ENSP00000356379	9606.ENSP00000384792	ASPM	WDR62	9606	0.798	0	0	0	0	0.292	0	0.727	ASPM	WDR62	0.551238043058964	1.75919656156477e-41	4.36691629291274e-41
9606.ENSP00000357079	9606.ENSP00000379263	CFAP45	TEKT3	9606	0.8	0	0	0	0	0.8	0	0	CFAP45	TEKT3	0.329706324669734	2.85937809862303e-14	4.57193230118012e-14
9606.ENSP00000357308	9606.ENSP00000379911	CENPW	CENPK	9606	0.979	0	0	0	0	0.8	0.8	0.537	CENPW	CENPK	0.459417960429583	9.80531621754015e-28	2.00262796707855e-27
9606.ENSP00000357674	9606.ENSP00000472836	SNAPIN	KXD1	9606	0.996	0	0	0	0	0.201	0.9	0.956	SNAPIN	KXD1	0.470326380464133	3.70015821389047e-29	7.73516545622805e-29
9606.ENSP00000357876	9606.ENSP00000481021	PSMD4	SEM1	9606	0.805	0	0	0	0	0.709	0.36	0	PSMD4	SEM1	0.668285803735653	1.25342592621811e-66	4.48132986624551e-66
9606.ENSP00000357876	9606.ENSP00000440485	PSMD4	PSMD9	9606	0.903	0	0	0	0	0.67	0.72	0	PSMD4	PSMD9	0.527374569755112	1.69813036809047e-37	3.99759959617015e-37
9606.ENSP00000357876	9606.ENSP00000388107	PSMD4	UBA52	9606	0.953	0	0	0	0	0.953	0	0	PSMD4	UBA52	0.670190062484509	3.91423081885885e-67	1.41645877772582e-66
9606.ENSP00000357876	9606.ENSP00000467024	PSMD4	RAD23A	9606	0.994	0	0	0	0	0.973	0	0.804	PSMD4	RAD23A	0.603212464103553	2.29920824897312e-51	6.60141573868048e-51
9606.ENSP00000357876	9606.ENSP00000418695	PSMD4	PSMD6	9606	0.998	0	0	0	0	0.983	0.72	0.728	PSMD4	PSMD6	0.437542512015177	4.96050634093976e-25	9.69675486043827e-25
9606.ENSP00000357876	9606.ENSP00000484998	PSMD4	PSMC6	9606	0.998	0	0	0	0	0.984	0.72	0.594	PSMD4	PSMC6	0.450318106344796	1.38083013053229e-26	2.77097168994957e-26
9606.ENSP00000357876	9606.ENSP00000386541	PSMD4	PSMD14	9606	0.999	0	0	0	0	0.987	0.72	0.945	PSMD4	PSMD14	0.30783683958458	1.51500611560526e-12	2.34242540918308e-12
9606.ENSP00000357876	9606.ENSP00000396937	PSMD4	PSMD13	9606	0.999	0	0	0	0	0.99	0.72	0.846	PSMD4	PSMD13	0.799378975164597	2.28414253417507e-113	2.16800695692152e-112
9606.ENSP00000358921	9606.ENSP00000408910	ACTR1A	DCTN2	9606	0.998	0	0	0	0	0.976	0.9	0.452	ACTR1A	DCTN2	0.608180103724658	2.08871574305912e-52	6.08336957060223e-52
9606.ENSP00000359295	9606.ENSP00000363286	DR1	POLE3	9606	0.9	0	0	0	0	0.657	0.72	0	DR1	POLE3	0.341487720200591	2.93865218005446e-15	4.80965427981091e-15
9606.ENSP00000359829	9606.ENSP00000370803	USP33	CCP110	9606	0.774	0	0	0	0	0.292	0.5	0.414	USP33	CCP110	0.493318182749952	2.48558577346009e-32	5.45298283952064e-32
9606.ENSP00000360107	9606.ENSP00000379263	EFHC1	TEKT3	9606	0.8	0	0	0	0	0.8	0	0	EFHC1	TEKT3	0.343178789928682	2.10290506107862e-15	3.44960982619869e-15
9606.ENSP00000360107	9606.ENSP00000381553	EFHC1	CFAP53	9606	0.801	0	0	0	0	0.801	0	0	EFHC1	CFAP53	0.504559431098389	5.68034579081075e-34	1.27833048735372e-33
9606.ENSP00000360107	9606.ENSP00000404232	EFHC1	EFHC2	9606	0.815	0	0	0	0	0.815	0	0	EFHC1	EFHC2	0.419445857629241	6.14691923513152e-23	1.15904824489491e-22
9606.ENSP00000360365	9606.ENSP00000385958	MCTS1	RPS14	9606	0.8	0	0	0	0	0.8	0	0	MCTS1	RPS14	0.517569086101157	5.99001430559013e-36	1.38245813740787e-35
9606.ENSP00000360365	9606.ENSP00000414321	MCTS1	RPS24	9606	0.8	0	0	0	0	0.8	0	0	MCTS1	RPS24	0.457547059053731	1.70002472822462e-27	3.45954348354319e-27
9606.ENSP00000360365	9606.ENSP00000431822	MCTS1	FAU	9606	0.8	0	0	0	0	0.8	0	0	MCTS1	FAU	0.442567362326295	1.23485340289542e-25	2.43457652581758e-25
9606.ENSP00000360365	9606.ENSP00000498019	MCTS1	RPS17	9606	0.8	0	0	0	0	0.8	0	0	MCTS1	RPS17	0.560308732736628	4.41352651923962e-43	1.12314037529342e-42
9606.ENSP00000360365	9606.ENSP00000393241	MCTS1	RPS18	9606	0.8	0	0	0	0	0.8	0	0	MCTS1	RPS18	0.552920074616157	8.95810461139225e-42	2.23687320972524e-41
9606.ENSP00000360365	9606.ENSP00000379888	MCTS1	RPS8	9606	0.8	0	0	0	0	0.8	0	0	MCTS1	RPS8	0.490254429169625	6.79568202528215e-32	1.48506934625928e-31
9606.ENSP00000360365	9606.ENSP00000472985	MCTS1	RPS5	9606	0.8	0	0	0	0	0.8	0	0	MCTS1	RPS5	0.478134055641589	3.29336322554643e-30	7.02704536399806e-30
9606.ENSP00000360365	9606.ENSP00000375632	MCTS1	RPS9	9606	0.8	0	0	0	0	0.8	0	0	MCTS1	RPS9	0.395548095182189	2.31750686114221e-20	4.16640625817998e-20
9606.ENSP00000360365	9606.ENSP00000429374	MCTS1	RPS20	9606	0.8	0	0	0	0	0.8	0	0	MCTS1	RPS20	0.497037902548019	7.2299215201151e-33	1.59721279346124e-32
9606.ENSP00000360365	9606.ENSP00000379339	MCTS1	RPS29	9606	0.8	0	0	0	0	0.8	0	0	MCTS1	RPS29	0.507872805914132	1.81520880532732e-34	4.11615479433031e-34
9606.ENSP00000360365	9606.ENSP00000466010	MCTS1	RPS15	9606	0.8	0	0	0	0	0.8	0	0	MCTS1	RPS15	0.386843311660359	1.78962923748942e-19	3.16453488726283e-19
9606.ENSP00000360365	9606.ENSP00000495273	MCTS1	RPS7	9606	0.8	0	0	0	0	0.8	0	0	MCTS1	RPS7	0.51551061938492	1.24719525478064e-35	2.86277712973469e-35
9606.ENSP00000360365	9606.ENSP00000362744	MCTS1	RPS4X	9606	0.8	0	0	0	0	0.8	0	0	MCTS1	RPS4X	0.305089981047794	2.43844237658891e-12	3.75299056378561e-12
9606.ENSP00000360365	9606.ENSP00000481646	MCTS1	RPS10	9606	0.8	0	0	0	0	0.8	0	0	MCTS1	RPS10	0.464285341577636	2.30531333818484e-28	4.77192314970422e-28
9606.ENSP00000360365	9606.ENSP00000367806	MCTS1	RPS16	9606	0.8	0	0	0	0	0.8	0	0	MCTS1	RPS16	0.573223440356458	1.90153576264669e-45	4.99993213265572e-45
9606.ENSP00000360365	9606.ENSP00000435096	MCTS1	RPS25	9606	0.8	0	0	0	0	0.8	0	0	MCTS1	RPS25	0.482688548357941	7.80182253591285e-31	1.67954979613545e-30
9606.ENSP00000360497	9606.ENSP00000361918	RNF113A	PPIE	9606	0.806	0	0	0	0	0.8	0	0.071	RNF113A	PPIE	0.483665043522986	5.71311018376802e-31	1.23410010331693e-30
9606.ENSP00000360497	9606.ENSP00000396301	RNF113A	IK	9606	0.968	0	0	0	0	0.694	0.9	0	RNF113A	IK	0.57636974877612	4.86137334722977e-46	1.28830213533973e-45
9606.ENSP00000360497	9606.ENSP00000412566	RNF113A	SNRPB	9606	0.982	0	0	0	0	0.83	0.9	0	RNF113A	SNRPB	0.702084835812774	3.3863682462787e-76	1.41935683164241e-75
9606.ENSP00000361076	9606.ENSP00000448035	RPL7A	NACA	9606	0.807	0	0	0	0	0.807	0	0	RPL7A	NACA	0.708140410314323	4.68705438291694e-78	2.02838392841547e-77
9606.ENSP00000361076	9606.ENSP00000363384	RPL7A	ZNF593	9606	0.86	0	0	0	0	0.86	0	0	RPL7A	ZNF593	0.559328976375898	6.60759305439158e-43	1.67894591974721e-42
9606.ENSP00000361076	9606.ENSP00000481646	RPL7A	RPS10	9606	0.936	0	0	0	0	0.936	0	0	RPL7A	RPS10	0.674567984748785	2.60735421887965e-68	9.58619548932568e-68
9606.ENSP00000361076	9606.ENSP00000431240	RPL7A	RPLP2	9606	0.937	0	0	0	0	0.937	0	0	RPL7A	RPLP2	0.770021412079096	3.12484629720484e-100	2.11344885261487e-99
9606.ENSP00000361076	9606.ENSP00000388107	RPL7A	UBA52	9606	0.947	0	0	0	0	0.947	0	0	RPL7A	UBA52	0.738946876054065	2.63596782079469e-88	1.40077323586138e-87
9606.ENSP00000361076	9606.ENSP00000431822	RPL7A	FAU	9606	0.947	0	0	0	0	0.947	0	0	RPL7A	FAU	0.786555953732019	2.24801952500781e-107	1.79948271788204e-106
9606.ENSP00000361076	9606.ENSP00000498019	RPL7A	RPS17	9606	0.947	0	0	0	0	0.947	0	0	RPL7A	RPS17	0.759357488543885	6.18822033362055e-96	3.79469171730744e-95
9606.ENSP00000361076	9606.ENSP00000385958	RPL7A	RPS14	9606	0.951	0	0	0	0	0.951	0	0	RPL7A	RPS14	0.81922540080095	1.47445631664844e-123	1.90774284038989e-122
9606.ENSP00000361076	9606.ENSP00000362744	RPL7A	RPS4X	9606	0.955	0	0	0	0	0.931	0	0.374	RPL7A	RPS4X	0.698588274976566	3.81733129993965e-75	1.57007146718656e-74
9606.ENSP00000361076	9606.ENSP00000452763	RPL7A	RPL28	9606	0.955	0	0	0	0	0.955	0	0	RPL7A	RPL28	0.751893450214587	4.65397100641329e-93	2.69079306530798e-92
9606.ENSP00000361076	9606.ENSP00000413436	RPL7A	RPL10	9606	0.959	0	0	0	0	0.952	0	0.197	RPL7A	RPL10	0.735970336164051	2.97785373963858e-87	1.54830031539893e-86
9606.ENSP00000361076	9606.ENSP00000495273	RPL7A	RPS7	9606	0.961	0	0	0	0	0.961	0	0	RPL7A	RPS7	0.826879427073142	7.90369973964689e-128	1.15230020123555e-126
9606.ENSP00000361076	9606.ENSP00000466010	RPL7A	RPS15	9606	0.964	0	0	0	0	0.963	0	0.068	RPL7A	RPS15	0.693720614297455	1.04992427355019e-73	4.21887760118382e-73
9606.ENSP00000361076	9606.ENSP00000414321	RPL7A	RPS24	9606	0.964	0	0	0	0	0.964	0	0	RPL7A	RPS24	0.777991867509732	1.34436604371276e-103	9.9142096430654e-103
9606.ENSP00000361076	9606.ENSP00000472985	RPL7A	RPS5	9606	0.967	0	0	0	0	0.967	0	0	RPL7A	RPS5	0.6912629772294	5.45789817066358e-73	2.16052479228381e-72
9606.ENSP00000361076	9606.ENSP00000378163	RPL7A	RPL34	9606	0.968	0	0	0	0	0.967	0	0	RPL7A	RPL34	0.787209310993211	1.13900508962965e-107	9.21956279749821e-107
9606.ENSP00000361076	9606.ENSP00000449328	RPL7A	RPLP0	9606	0.972	0	0	0	0	0.968	0	0.146	RPL7A	RPLP0	0.704833371535911	4.91936321024912e-77	2.08434325633587e-76
9606.ENSP00000361076	9606.ENSP00000393241	RPL7A	RPS18	9606	0.973	0	0	0	0	0.967	0	0.207	RPL7A	RPS18	0.74934189071081	4.24267518151299e-92	2.41165098239036e-91
9606.ENSP00000361076	9606.ENSP00000389103	RPL7A	RPL23A	9606	0.973	0	0	0	0	0.973	0	0	RPL7A	RPL23A	0.651488689241595	2.50688163512951e-62	8.46051647239507e-62
9606.ENSP00000361076	9606.ENSP00000429374	RPL7A	RPS20	9606	0.973	0	0	0	0	0.973	0	0.047	RPL7A	RPS20	0.804989163512624	3.9611412310303e-116	4.13183783253243e-115
9606.ENSP00000361076	9606.ENSP00000375632	RPL7A	RPS9	9606	0.973	0	0	0	0	0.973	0	0	RPL7A	RPS9	0.820778382186045	2.08276557944835e-124	2.79488357199714e-123
9606.ENSP00000361076	9606.ENSP00000379888	RPL7A	RPS8	9606	0.973	0	0	0	0	0.973	0	0	RPL7A	RPS8	0.86829064894067	2.90970490192398e-155	1.09038497028396e-153
9606.ENSP00000361076	9606.ENSP00000420311	RPL7A	RPL23	9606	0.975	0	0	0	0	0.974	0	0.077	RPL7A	RPL23	0.812577406809004	5.21120424197052e-120	6.00534903419792e-119
9606.ENSP00000361076	9606.ENSP00000464813	RPL7A	RPL27	9606	0.976	0	0	0	0	0.975	0	0	RPL7A	RPL27	0.73137903852497	1.17588507371562e-85	5.91920655515157e-85
9606.ENSP00000361076	9606.ENSP00000367806	RPL7A	RPS16	9606	0.977	0	0	0	0	0.975	0	0.101	RPL7A	RPS16	0.746168001893357	6.38952750426649e-91	3.56783881281282e-90
9606.ENSP00000361076	9606.ENSP00000418082	RPL7A	RPL37A	9606	0.98	0	0	0	0	0.973	0	0.273	RPL7A	RPL37A	0.854511724464372	3.38755426420176e-145	8.69930813329782e-144
9606.ENSP00000361076	9606.ENSP00000379506	RPL7A	RPL14	9606	0.983	0	0	0	0	0.976	0	0.323	RPL7A	RPL14	0.829830436459795	1.56561499679312e-129	2.40013523296255e-128
9606.ENSP00000361076	9606.ENSP00000435096	RPL7A	RPS25	9606	0.984	0	0	0	0	0.975	0	0.368	RPL7A	RPS25	0.753521252746393	1.12035657047583e-93	6.55246692489852e-93
9606.ENSP00000361076	9606.ENSP00000379339	RPL7A	RPS29	9606	0.984	0	0	0	0	0.947	0.72	0	RPL7A	RPS29	0.669162599489763	7.34235562590954e-67	2.64753935220787e-66
9606.ENSP00000361076	9606.ENSP00000363018	RPL7A	RPL10A	9606	0.987	0	0	0	0	0.952	0.72	0.137	RPL7A	RPL10A	0.675793914795206	1.21091663417549e-68	4.4912223257286e-68
9606.ENSP00000361076	9606.ENSP00000416429	RPL7A	RPL32	9606	0.992	0	0	0	0	0.973	0.72	0	RPL7A	RPL32	0.847836243251654	1.09504080652384e-140	2.48422037677314e-139
9606.ENSP00000361076	9606.ENSP00000386717	RPL7A	RPL31	9606	0.992	0	0	0	0	0.972	0.72	0	RPL7A	RPL31	0.822903190940212	1.38748811980647e-125	1.8971087562435e-124
9606.ENSP00000361634	9606.ENSP00000479919	SH3GLB2	SH3GLB1	9606	0.827	0	0	0	0	0.621	0	0.564	SH3GLB2	SH3GLB1	-0.476439631540794	5.59679962970571e-30	1.18967266078492e-29
9606.ENSP00000361658	9606.ENSP00000382779	NUP188	SEH1L	9606	0.974	0	0	0	0	0.879	0.8	0	NUP188	SEH1L	0.566056450365533	4.0253035054213e-44	1.03475662774016e-43
9606.ENSP00000361918	9606.ENSP00000412566	PPIE	SNRPB	9606	0.982	0	0	0	0	0.833	0.9	0	PPIE	SNRPB	0.441553223645346	1.63799263410744e-25	3.22185254119344e-25
9606.ENSP00000362105	9606.ENSP00000498019	UTP11	RPS17	9606	0.8	0	0	0	0	0.8	0	0	UTP11	RPS17	0.403786341367056	3.16423136076176e-21	5.78109297728197e-21
9606.ENSP00000362105	9606.ENSP00000362744	UTP11	RPS4X	9606	0.868	0	0	0	0	0.868	0	0	UTP11	RPS4X	0.402143350981061	4.72785747342428e-21	8.61607743445729e-21
9606.ENSP00000362105	9606.ENSP00000414321	UTP11	RPS24	9606	0.9	0	0	0	0	0.9	0	0	UTP11	RPS24	0.473254747835032	1.5043615301214e-29	3.17503753895877e-29
9606.ENSP00000362105	9606.ENSP00000379888	UTP11	RPS8	9606	0.9	0	0	0	0	0.9	0	0	UTP11	RPS8	0.419049855296089	6.80864705080911e-23	1.28238813961442e-22
9606.ENSP00000362105	9606.ENSP00000393241	UTP11	RPS18	9606	0.9	0	0	0	0	0.9	0	0	UTP11	RPS18	0.392453500008386	4.82665573429388e-20	8.61306926271349e-20
9606.ENSP00000362105	9606.ENSP00000367806	UTP11	RPS16	9606	0.9	0	0	0	0	0.9	0	0	UTP11	RPS16	0.339171712202276	4.63179283430755e-15	7.53206041425969e-15
9606.ENSP00000362105	9606.ENSP00000385958	UTP11	RPS14	9606	0.973	0	0	0	0	0.871	0.8	0	UTP11	RPS14	0.362612814076439	3.8735000136935e-17	6.56263783297904e-17
9606.ENSP00000362105	9606.ENSP00000375632	UTP11	RPS9	9606	0.979	0	0	0	0	0.9	0.8	0	UTP11	RPS9	0.377880241440293	1.37899574044575e-18	2.40314827795903e-18
9606.ENSP00000362105	9606.ENSP00000495273	UTP11	RPS7	9606	0.979	0	0	0	0	0.9	0.8	0	UTP11	RPS7	0.428956529193292	5.0625841973415e-24	9.73825606629302e-24
9606.ENSP00000362306	9606.ENSP00000478754	AGO4	DDX6	9606	0.755	0	0	0	0	0.163	0.72	0	AGO4	DDX6	0.351660787196732	3.80563899795682e-16	6.33939008582929e-16
9606.ENSP00000362361	9606.ENSP00000470252	CDK9	SUPT5H	9606	0.943	0	0	0	0	0.457	0.9	0	CDK9	SUPT5H	0.418555085322197	7.73492479690764e-23	1.4557657941799e-22
9606.ENSP00000362424	9606.ENSP00000404122	TRAF3IP1	IFT74	9606	0.984	0	0	0	0	0.195	0.8	0.909	TRAF3IP1	IFT74	0.373554218775915	3.61288247124588e-18	6.24660711621084e-18
9606.ENSP00000362424	9606.ENSP00000393541	TRAF3IP1	IFT27	9606	0.995	0	0	0	0	0.667	0.8	0.941	TRAF3IP1	IFT27	-0.327673854341956	4.19255221578292e-14	6.6803532786286e-14
9606.ENSP00000362592	9606.ENSP00000362674	RBBP4	HDAC8	9606	0.901	0	0	0	0	0.246	0	0.874	RBBP4	HDAC8	0.317344622661024	2.8062246283319e-13	4.41439377945618e-13
9606.ENSP00000362592	9606.ENSP00000369424	RBBP4	RBBP7	9606	0.999	0	0	0	0	0.68	0.9	0.982	RBBP4	RBBP7	0.313868188061042	5.23512840444935e-13	8.18433702042932e-13
9606.ENSP00000362688	9606.ENSP00000362744	EIF3I	RPS4X	9606	0.859	0	0	0	0	0.859	0	0	EIF3I	RPS4X	0.579888019857886	1.03930959979254e-46	2.78046920431013e-46
9606.ENSP00000362688	9606.ENSP00000379339	EIF3I	RPS29	9606	0.864	0	0	0	0	0.864	0	0	EIF3I	RPS29	0.537235493735709	4.18738522919929e-39	1.0039801836265e-38
9606.ENSP00000362688	9606.ENSP00000435096	EIF3I	RPS25	9606	0.864	0	0	0	0	0.864	0	0	EIF3I	RPS25	0.61173359571982	3.65893038875881e-53	1.07807389847005e-52
9606.ENSP00000362688	9606.ENSP00000385958	EIF3I	RPS14	9606	0.865	0	0	0	0	0.865	0	0	EIF3I	RPS14	0.638268174643551	3.95167366392051e-59	1.27659751377866e-58
9606.ENSP00000362688	9606.ENSP00000481646	EIF3I	RPS10	9606	0.866	0	0	0	0	0.866	0	0	EIF3I	RPS10	0.606211646009321	5.43070501378056e-52	1.57353589144994e-51
9606.ENSP00000362688	9606.ENSP00000498019	EIF3I	RPS17	9606	0.868	0	0	0	0	0.868	0	0	EIF3I	RPS17	0.571600483029669	3.82086193410952e-45	1.00102229542517e-44
9606.ENSP00000362688	9606.ENSP00000393241	EIF3I	RPS18	9606	0.868	0	0	0	0	0.868	0	0	EIF3I	RPS18	0.588386975343497	2.31308996191031e-48	6.35283502568093e-48
9606.ENSP00000362688	9606.ENSP00000379888	EIF3I	RPS8	9606	0.868	0	0	0	0	0.868	0	0	EIF3I	RPS8	0.623727155324228	8.6618736253941e-56	2.68178816835182e-55
9606.ENSP00000362688	9606.ENSP00000375632	EIF3I	RPS9	9606	0.868	0	0	0	0	0.868	0	0	EIF3I	RPS9	0.539580666141148	1.70470321500336e-39	4.10671122128666e-39
9606.ENSP00000362688	9606.ENSP00000495273	EIF3I	RPS7	9606	0.868	0	0	0	0	0.868	0	0	EIF3I	RPS7	0.650864123679449	3.57930067193588e-62	1.20557137811742e-61
9606.ENSP00000362688	9606.ENSP00000472985	EIF3I	RPS5	9606	0.869	0	0	0	0	0.869	0	0	EIF3I	RPS5	0.433618641367242	1.44595859422261e-24	2.80487136816418e-24
9606.ENSP00000362688	9606.ENSP00000429374	EIF3I	RPS20	9606	0.875	0	0	0	0	0.875	0	0	EIF3I	RPS20	0.665969982091377	5.10222143873031e-66	1.81137812340608e-65
9606.ENSP00000362688	9606.ENSP00000466010	EIF3I	RPS15	9606	0.875	0	0	0	0	0.875	0	0	EIF3I	RPS15	0.599316453384469	1.46502633663566e-50	4.14749201848897e-50
9606.ENSP00000362688	9606.ENSP00000367806	EIF3I	RPS16	9606	0.885	0	0	0	0	0.885	0	0	EIF3I	RPS16	0.630840661705922	2.11599522231991e-57	6.66966967583576e-57
9606.ENSP00000362688	9606.ENSP00000414321	EIF3I	RPS24	9606	0.932	0	0	0	0	0.932	0	0	EIF3I	RPS24	0.615843820406885	4.74499133080211e-54	1.4195689617107e-53
9606.ENSP00000362688	9606.ENSP00000431822	EIF3I	FAU	9606	0.947	0	0	0	0	0.947	0	0	EIF3I	FAU	0.69928402778166	2.3639810795345e-75	9.75479631432712e-75
9606.ENSP00000362688	9606.ENSP00000364119	EIF3I	EIF2S2	9606	0.949	0	0	0	0	0.862	0.65	0	EIF3I	EIF2S2	0.479187421847775	2.364940029215e-30	5.05246267221228e-30
9606.ENSP00000362688	9606.ENSP00000431800	EIF3I	EIF3F	9606	0.995	0	0	0	0	0.953	0.9	0	EIF3I	EIF3F	0.425447482636462	1.28364804852926e-23	2.45240765766976e-23
9606.ENSP00000362688	9606.ENSP00000429931	EIF3I	EIF3H	9606	0.995	0	0	0	0	0.955	0.9	0.157	EIF3I	EIF3H	0.367519515926748	1.35192700418583e-17	2.31295188169635e-17
9606.ENSP00000362744	9606.ENSP00000429931	RPS4X	EIF3H	9606	0.818	0	0	0	0	0.818	0	0	RPS4X	EIF3H	0.583398091361931	2.18843794334839e-47	5.93317661061066e-47
9606.ENSP00000362744	9606.ENSP00000431800	RPS4X	EIF3F	9606	0.818	0	0	0	0	0.818	0	0	RPS4X	EIF3F	0.521929491085754	1.24598335050243e-36	2.90213157006989e-36
9606.ENSP00000362744	9606.ENSP00000366135	RPS4X	EXOSC10	9606	0.829	0	0	0	0	0.829	0	0	RPS4X	EXOSC10	0.339372042794341	4.45371375661162e-15	7.25179848558036e-15
9606.ENSP00000362744	9606.ENSP00000364119	RPS4X	EIF2S2	9606	0.868	0	0	0	0	0.868	0	0	RPS4X	EIF2S2	0.395302573735634	2.45710258525411e-20	4.41423365724452e-20
9606.ENSP00000362744	9606.ENSP00000452763	RPS4X	RPL28	9606	0.875	0	0	0	0	0.875	0	0	RPS4X	RPL28	0.634972503461526	2.34252271380497e-58	7.52433168834243e-58
9606.ENSP00000362744	9606.ENSP00000378163	RPS4X	RPL34	9606	0.875	0	0	0	0	0.875	0	0	RPS4X	RPL34	0.652959022610335	1.08038948544033e-62	3.67071216040473e-62
9606.ENSP00000362744	9606.ENSP00000431240	RPS4X	RPLP2	9606	0.918	0	0	0	0	0.918	0	0	RPS4X	RPLP2	0.605224249132988	8.74828308315044e-52	2.5246756484688e-51
9606.ENSP00000362744	9606.ENSP00000363018	RPS4X	RPL10A	9606	0.919	0	0	0	0	0.918	0	0	RPS4X	RPL10A	0.646840646797599	3.47905737706714e-61	1.1541345095464e-60
9606.ENSP00000362744	9606.ENSP00000386717	RPS4X	RPL31	9606	0.923	0	0	0	0	0.922	0	0	RPS4X	RPL31	0.670026629992192	4.32687573592296e-67	1.56466507133912e-66
9606.ENSP00000362744	9606.ENSP00000420311	RPS4X	RPL23	9606	0.925	0	0	0	0	0.925	0	0	RPS4X	RPL23	0.70699004683077	1.06581313465061e-77	4.56557887230941e-77
9606.ENSP00000362744	9606.ENSP00000449328	RPS4X	RPLP0	9606	0.928	0	0	0	0	0.928	0	0	RPS4X	RPLP0	0.60257438787357	3.11930113976142e-51	8.94081839436432e-51
9606.ENSP00000362744	9606.ENSP00000464813	RPS4X	RPL27	9606	0.931	0	0	0	0	0.923	0	0.135	RPS4X	RPL27	0.602121268027424	3.87216582247953e-51	1.10799134026719e-50
9606.ENSP00000362744	9606.ENSP00000416429	RPS4X	RPL32	9606	0.931	0	0	0	0	0.931	0	0	RPS4X	RPL32	0.719893293677194	8.38235939458613e-82	3.8904913924047e-81
9606.ENSP00000362744	9606.ENSP00000413436	RPS4X	RPL10	9606	0.937	0	0	0	0	0.937	0	0	RPS4X	RPL10	0.595089571068908	1.06176617754724e-49	2.96766579680193e-49
9606.ENSP00000362744	9606.ENSP00000379506	RPS4X	RPL14	9606	0.94	0	0	0	0	0.924	0	0.248	RPS4X	RPL14	0.753621790750504	1.02565018829523e-93	6.00551423910365e-93
9606.ENSP00000362744	9606.ENSP00000389103	RPS4X	RPL23A	9606	0.948	0	0	0	0	0.924	0	0.348	RPS4X	RPL23A	0.580453511189628	8.09642431054969e-47	2.17063119168367e-46
9606.ENSP00000362744	9606.ENSP00000388107	RPS4X	UBA52	9606	0.95	0	0	0	0	0.897	0.54	0	RPS4X	UBA52	0.620178415357064	5.32589838122373e-55	1.62409402716159e-54
9606.ENSP00000362744	9606.ENSP00000418082	RPS4X	RPL37A	9606	0.966	0	0	0	0	0.924	0	0.582	RPS4X	RPL37A	0.704884432542633	4.74517759441154e-77	2.01222577117586e-76
9606.ENSP00000362744	9606.ENSP00000379339	RPS4X	RPS29	9606	0.988	0	0	0	0	0.886	0.9	0	RPS4X	RPS29	0.66009163028104	1.70196174410071e-64	5.8933774561297e-64
9606.ENSP00000362744	9606.ENSP00000466010	RPS4X	RPS15	9606	0.99	0	0	0	0	0.907	0.9	0.094	RPS4X	RPS15	0.504002884760526	6.87169526209026e-34	1.54300516337837e-33
9606.ENSP00000362744	9606.ENSP00000367806	RPS4X	RPS16	9606	0.992	0	0	0	0	0.928	0.9	0	RPS4X	RPS16	0.530687292331718	4.96198714342901e-38	1.17466976876965e-37
9606.ENSP00000362744	9606.ENSP00000498019	RPS4X	RPS17	9606	0.992	0	0	0	0	0.928	0.9	0	RPS4X	RPS17	0.644264861268736	1.46539747426836e-60	4.81705381567489e-60
9606.ENSP00000362744	9606.ENSP00000393241	RPS4X	RPS18	9606	0.992	0	0	0	0	0.928	0.9	0	RPS4X	RPS18	0.619167258340741	8.89809209006251e-55	2.70200767608801e-54
9606.ENSP00000362744	9606.ENSP00000472985	RPS4X	RPS5	9606	0.992	0	0	0	0	0.928	0.9	0	RPS4X	RPS5	0.577050127372986	3.6126124319661e-46	9.59884784312841e-46
9606.ENSP00000362744	9606.ENSP00000385958	RPS4X	RPS14	9606	0.992	0	0	0	0	0.925	0.9	0	RPS4X	RPS14	0.641397431668633	7.14690688311138e-60	2.329652185674e-59
9606.ENSP00000362744	9606.ENSP00000429374	RPS4X	RPS20	9606	0.992	0	0	0	0	0.928	0.9	0	RPS4X	RPS20	0.685407453788857	2.59442313477375e-71	1.0026880549137e-70
9606.ENSP00000362744	9606.ENSP00000495273	RPS4X	RPS7	9606	0.992	0	0	0	0	0.928	0.9	0	RPS4X	RPS7	0.572002821400152	3.21506187023989e-45	8.4449626176239e-45
9606.ENSP00000362744	9606.ENSP00000481646	RPS4X	RPS10	9606	0.992	0	0	0	0	0.93	0.9	0	RPS4X	RPS10	0.575611753721956	6.761616690094e-46	1.79094339451233e-45
9606.ENSP00000362744	9606.ENSP00000414321	RPS4X	RPS24	9606	0.995	0	0	0	0	0.954	0.9	0.133	RPS4X	RPS24	0.731366086919251	1.18801418820925e-85	5.97431787092505e-85
9606.ENSP00000362744	9606.ENSP00000435096	RPS4X	RPS25	9606	0.995	0	0	0	0	0.933	0.9	0.403	RPS4X	RPS25	0.69313853745623	1.5536696554949e-73	6.22328961769495e-73
9606.ENSP00000362744	9606.ENSP00000431822	RPS4X	FAU	9606	0.995	0	0	0	0	0.952	0.9	0	RPS4X	FAU	0.610176328191825	7.87173922870977e-53	2.30724963835705e-52
9606.ENSP00000362744	9606.ENSP00000379888	RPS4X	RPS8	9606	0.996	0	0	0	0	0.964	0.9	0	RPS4X	RPS8	0.721727576484356	2.09451194536047e-82	9.86604835342516e-82
9606.ENSP00000362744	9606.ENSP00000375632	RPS4X	RPS9	9606	0.996	0	0	0	0	0.964	0.9	0	RPS4X	RPS9	0.708601729738191	3.36770393570332e-78	1.46116759954743e-77
9606.ENSP00000363018	9606.ENSP00000466010	RPL10A	RPS15	9606	0.895	0	0	0	0	0.895	0	0	RPL10A	RPS15	0.438588424059797	3.72093570774403e-25	7.28773277021953e-25
9606.ENSP00000363018	9606.ENSP00000388107	RPL10A	UBA52	9606	0.895	0	0	0	0	0.895	0	0	RPL10A	UBA52	0.63147352002281	1.51374612506659e-57	4.7892693225215e-57
9606.ENSP00000363018	9606.ENSP00000452763	RPL10A	RPL28	9606	0.895	0	0	0	0	0.895	0	0	RPL10A	RPL28	0.533521923620933	1.71293668647747e-38	4.07608029016441e-38
9606.ENSP00000363018	9606.ENSP00000498019	RPL10A	RPS17	9606	0.895	0	0	0	0	0.895	0	0	RPL10A	RPS17	0.735298809384044	5.12253452965446e-87	2.64707887492563e-86
9606.ENSP00000363018	9606.ENSP00000431240	RPL10A	RPLP2	9606	0.916	0	0	0	0	0.916	0	0	RPL10A	RPLP2	0.519883230559081	2.61067562711445e-36	6.05011818487035e-36
9606.ENSP00000363018	9606.ENSP00000414321	RPL10A	RPS24	9606	0.918	0	0	0	0	0.915	0	0.078	RPL10A	RPS24	0.684820718096654	3.80102732754693e-71	1.46009090736977e-70
9606.ENSP00000363018	9606.ENSP00000481646	RPL10A	RPS10	9606	0.921	0	0	0	0	0.921	0	0	RPL10A	RPS10	0.569492073430945	9.40500477456054e-45	2.44626833699238e-44
9606.ENSP00000363018	9606.ENSP00000413436	RPL10A	RPL10	9606	0.925	0	0	0	0	0.925	0	0	RPL10A	RPL10	0.632104235268247	1.08329711752157e-57	3.43383466011381e-57
9606.ENSP00000363018	9606.ENSP00000385958	RPL10A	RPS14	9606	0.925	0	0	0	0	0.925	0	0	RPL10A	RPS14	0.664784863579525	1.04144714679103e-65	3.67155478440127e-65
9606.ENSP00000363018	9606.ENSP00000495273	RPL10A	RPS7	9606	0.928	0	0	0	0	0.927	0	0	RPL10A	RPS7	0.54471397450304	2.32570231562794e-40	5.67296432727183e-40
9606.ENSP00000363018	9606.ENSP00000393241	RPL10A	RPS18	9606	0.93	0	0	0	0	0.929	0	0	RPL10A	RPS18	0.644496778870433	1.28817248765486e-60	4.23998999027063e-60
9606.ENSP00000363018	9606.ENSP00000378163	RPL10A	RPL34	9606	0.93	0	0	0	0	0.929	0	0	RPL10A	RPL34	0.584833949233433	1.15073872868619e-47	3.12988560667927e-47
9606.ENSP00000363018	9606.ENSP00000464813	RPL10A	RPL27	9606	0.931	0	0	0	0	0.93	0	0	RPL10A	RPL27	0.6236603474012	8.96510018278477e-56	2.77397197704637e-55
9606.ENSP00000363018	9606.ENSP00000472985	RPL10A	RPS5	9606	0.938	0	0	0	0	0.938	0	0	RPL10A	RPS5	0.734576407951354	9.1645546287073e-87	4.70695247376957e-86
9606.ENSP00000363018	9606.ENSP00000418082	RPL10A	RPL37A	9606	0.941	0	0	0	0	0.941	0	0	RPL10A	RPL37A	0.690563310989484	8.69990482605808e-73	3.43313716965896e-72
9606.ENSP00000363018	9606.ENSP00000420311	RPL10A	RPL23	9606	0.943	0	0	0	0	0.943	0	0	RPL10A	RPL23	0.64541494522123	7.72440083119765e-61	2.55243264565832e-60
9606.ENSP00000363018	9606.ENSP00000429374	RPL10A	RPS20	9606	0.947	0	0	0	0	0.947	0	0	RPL10A	RPS20	0.596765546119829	4.85836251225306e-50	1.36546977497157e-49
9606.ENSP00000363018	9606.ENSP00000435096	RPL10A	RPS25	9606	0.947	0	0	0	0	0.947	0	0	RPL10A	RPS25	0.638987501234595	2.67194266331258e-59	8.64834160825231e-59
9606.ENSP00000363018	9606.ENSP00000431822	RPL10A	FAU	9606	0.947	0	0	0	0	0.947	0	0	RPL10A	FAU	0.49967201689113	2.9878228648869e-33	6.64121084071302e-33
9606.ENSP00000363018	9606.ENSP00000449328	RPL10A	RPLP0	9606	0.948	0	0	0	0	0.948	0	0	RPL10A	RPLP0	0.722401059981774	1.25524199147595e-82	5.94038282027767e-82
9606.ENSP00000363018	9606.ENSP00000367806	RPL10A	RPS16	9606	0.948	0	0	0	0	0.947	0	0.064	RPL10A	RPS16	0.566265539597438	3.68621827388797e-44	9.49037060946526e-44
9606.ENSP00000363018	9606.ENSP00000375632	RPL10A	RPS9	9606	0.949	0	0	0	0	0.949	0	0	RPL10A	RPS9	0.716192954699197	1.32985115064552e-80	6.01763593123047e-80
9606.ENSP00000363018	9606.ENSP00000389103	RPL10A	RPL23A	9606	0.95	0	0	0	0	0.95	0	0	RPL10A	RPL23A	0.626773577978916	1.78785566508583e-56	5.57974201706924e-56
9606.ENSP00000363018	9606.ENSP00000379888	RPL10A	RPS8	9606	0.95	0	0	0	0	0.95	0	0	RPL10A	RPS8	0.737262421894363	1.04372200803315e-87	5.47169910739863e-87
9606.ENSP00000363018	9606.ENSP00000379506	RPL10A	RPL14	9606	0.952	0	0	0	0	0.947	0	0.13	RPL10A	RPL14	0.615203601105452	6.53545853768384e-54	1.94831377384458e-53
9606.ENSP00000363018	9606.ENSP00000379339	RPL10A	RPS29	9606	0.989	0	0	0	0	0.895	0.9	0	RPL10A	RPS29	0.713132182783496	1.26569123453083e-79	5.62665373944768e-79
9606.ENSP00000363018	9606.ENSP00000416429	RPL10A	RPL32	9606	0.993	0	0	0	0	0.932	0.9	0	RPL10A	RPL32	0.681279898176153	3.73740845633249e-70	1.41629583375176e-69
9606.ENSP00000363018	9606.ENSP00000386717	RPL10A	RPL31	9606	0.994	0	0	0	0	0.947	0.9	0	RPL10A	RPL31	0.732616895229896	4.39749754928063e-86	2.22915231481069e-85
9606.ENSP00000363055	9606.ENSP00000389810	ZWINT	DSN1	9606	0.868	0	0	0	0	0.725	0.54	0	ZWINT	DSN1	0.541011119745515	9.81919964630776e-40	2.37340329721314e-39
9606.ENSP00000363384	9606.ENSP00000452763	ZNF593	RPL28	9606	0.8	0	0	0	0	0.8	0	0	ZNF593	RPL28	0.644313872381027	1.42603091551921e-60	4.69069596983854e-60
9606.ENSP00000363384	9606.ENSP00000418082	ZNF593	RPL37A	9606	0.847	0	0	0	0	0.847	0	0	ZNF593	RPL37A	0.674920287059762	2.09239850877415e-68	7.72660150064847e-68
9606.ENSP00000363384	9606.ENSP00000378163	ZNF593	RPL34	9606	0.847	0	0	0	0	0.847	0	0	ZNF593	RPL34	0.662265170616441	4.69642563276501e-65	1.63856670870056e-64
9606.ENSP00000363384	9606.ENSP00000379506	ZNF593	RPL14	9606	0.847	0	0	0	0	0.847	0	0	ZNF593	RPL14	0.616959056154062	2.71186076811735e-54	8.1420199560271e-54
9606.ENSP00000363384	9606.ENSP00000420311	ZNF593	RPL23	9606	0.847	0	0	0	0	0.847	0	0	ZNF593	RPL23	0.621562466805687	2.63004629536828e-55	8.07856964679304e-55
9606.ENSP00000363384	9606.ENSP00000464813	ZNF593	RPL27	9606	0.862	0	0	0	0	0.862	0	0	ZNF593	RPL27	0.655404639842866	2.63642144242979e-63	9.03023431093589e-63
9606.ENSP00000363384	9606.ENSP00000416429	ZNF593	RPL32	9606	0.862	0	0	0	0	0.862	0	0	ZNF593	RPL32	0.655323016773727	2.76408518542354e-63	9.46110078014727e-63
9606.ENSP00000363384	9606.ENSP00000386717	ZNF593	RPL31	9606	0.869	0	0	0	0	0.869	0	0	ZNF593	RPL31	0.584970360390076	1.082389355235e-47	2.94556629808168e-47
9606.ENSP00000363384	9606.ENSP00000389103	ZNF593	RPL23A	9606	0.872	0	0	0	0	0.872	0	0	ZNF593	RPL23A	0.598898647628738	1.7841875077095e-50	5.0453910572959e-50
9606.ENSP00000364119	9606.ENSP00000472985	EIF2S2	RPS5	9606	0.868	0	0	0	0	0.868	0	0	EIF2S2	RPS5	0.552284514165702	1.15653786488534e-41	2.88364960988415e-41
9606.ENSP00000364119	9606.ENSP00000379339	EIF2S2	RPS29	9606	0.87	0	0	0	0	0.87	0	0	EIF2S2	RPS29	0.554990374813879	3.88299405226306e-42	9.74891658084309e-42
9606.ENSP00000364119	9606.ENSP00000385958	EIF2S2	RPS14	9606	0.872	0	0	0	0	0.872	0	0	EIF2S2	RPS14	0.416224262177771	1.40665010492299e-22	2.63272026666867e-22
9606.ENSP00000364119	9606.ENSP00000375632	EIF2S2	RPS9	9606	0.898	0	0	0	0	0.898	0	0	EIF2S2	RPS9	0.40926645459577	8.15687447879493e-22	1.50494631612777e-21
9606.ENSP00000364119	9606.ENSP00000498019	EIF2S2	RPS17	9606	0.9	0	0	0	0	0.9	0	0	EIF2S2	RPS17	0.505443215128966	4.1952047619918e-34	9.46634294866926e-34
9606.ENSP00000364119	9606.ENSP00000414321	EIF2S2	RPS24	9606	0.901	0	0	0	0	0.901	0	0	EIF2S2	RPS24	0.391330157860506	6.28750029700649e-20	1.12001633811816e-19
9606.ENSP00000364119	9606.ENSP00000435096	EIF2S2	RPS25	9606	0.901	0	0	0	0	0.901	0	0	EIF2S2	RPS25	0.452070393374741	8.34884137804534e-27	1.68475422941888e-26
9606.ENSP00000364119	9606.ENSP00000481646	EIF2S2	RPS10	9606	0.908	0	0	0	0	0.907	0	0	EIF2S2	RPS10	0.430322970185217	3.51349989372474e-24	6.77393138809203e-24
9606.ENSP00000364119	9606.ENSP00000495273	EIF2S2	RPS7	9606	0.913	0	0	0	0	0.913	0	0	EIF2S2	RPS7	0.374523166602374	2.91547319251849e-18	5.04769982236517e-18
9606.ENSP00000364119	9606.ENSP00000379888	EIF2S2	RPS8	9606	0.914	0	0	0	0	0.914	0	0	EIF2S2	RPS8	0.479285630426397	2.29290431789263e-30	4.90063495742239e-30
9606.ENSP00000364119	9606.ENSP00000367806	EIF2S2	RPS16	9606	0.916	0	0	0	0	0.915	0	0	EIF2S2	RPS16	0.48961038961039	8.3848386522886e-32	1.83076818048891e-31
9606.ENSP00000364119	9606.ENSP00000393241	EIF2S2	RPS18	9606	0.919	0	0	0	0	0.919	0	0	EIF2S2	RPS18	0.466745960310317	1.09906194326353e-28	2.28812937076963e-28
9606.ENSP00000364119	9606.ENSP00000429931	EIF2S2	EIF3H	9606	0.927	0	0	0	0	0.8	0.65	0	EIF2S2	EIF3H	0.548678283977466	4.87729607141969e-41	1.20244838329981e-40
9606.ENSP00000364119	9606.ENSP00000431800	EIF2S2	EIF3F	9606	0.927	0	0	0	0	0.8	0.65	0	EIF2S2	EIF3F	0.412481154947793	3.63965719287032e-22	6.75211798266628e-22
9606.ENSP00000364119	9606.ENSP00000429323	EIF2S2	EIF2B4	9606	0.933	0	0	0	0	0.872	0.5	0	EIF2S2	EIF2B4	0.412190629000788	3.91642190587327e-22	7.26289531591382e-22
9606.ENSP00000364119	9606.ENSP00000429374	EIF2S2	RPS20	9606	0.941	0	0	0	0	0.941	0	0	EIF2S2	RPS20	0.421693100987117	3.43208458167756e-23	6.5054012359336e-23
9606.ENSP00000364119	9606.ENSP00000466010	EIF2S2	RPS15	9606	0.945	0	0	0	0	0.945	0	0	EIF2S2	RPS15	0.335864952954923	8.81095774999672e-15	1.42593202998188e-14
9606.ENSP00000364119	9606.ENSP00000431822	EIF2S2	FAU	9606	0.961	0	0	0	0	0.961	0	0	EIF2S2	FAU	0.344416832987647	1.64384612930929e-15	2.70446099778072e-15
9606.ENSP00000364801	9606.ENSP00000364802	HSPA1B	HSPA1A	9606	0.975	0	0	0	0	0.9	0.5	0.55	HSPA1B	HSPA1A	0.891681342047248	2.85528058003612e-175	2.32981684748431e-173
9606.ENSP00000366135	9606.ENSP00000393241	EXOSC10	RPS18	9606	0.862	0	0	0	0	0.862	0	0	EXOSC10	RPS18	0.386032485236101	2.15831729374712e-19	3.81380621343579e-19
9606.ENSP00000366135	9606.ENSP00000472985	EXOSC10	RPS5	9606	0.862	0	0	0	0	0.862	0	0	EXOSC10	RPS5	0.390924465117319	6.91577828139506e-20	1.23063391929573e-19
9606.ENSP00000366135	9606.ENSP00000375632	EXOSC10	RPS9	9606	0.862	0	0	0	0	0.862	0	0	EXOSC10	RPS9	0.350188031225483	5.1398719305546e-16	8.53104071413246e-16
9606.ENSP00000366135	9606.ENSP00000379888	EXOSC10	RPS8	9606	0.865	0	0	0	0	0.865	0	0	EXOSC10	RPS8	0.451583263916454	9.60504677826616e-27	1.93593353192225e-26
9606.ENSP00000367806	9606.ENSP00000431800	RPS16	EIF3F	9606	0.813	0	0	0	0	0.813	0	0	RPS16	EIF3F	0.607035237685259	3.64405784895827e-52	1.05828293099196e-51
9606.ENSP00000367806	9606.ENSP00000429931	RPS16	EIF3H	9606	0.839	0	0	0	0	0.839	0	0	RPS16	EIF3H	0.466431674223323	1.20853260916178e-28	2.51293319759533e-28
9606.ENSP00000367806	9606.ENSP00000413436	RPS16	RPL10	9606	0.952	0	0	0	0	0.952	0	0	RPS16	RPL10	0.79012258368694	5.33485501848602e-109	4.47579295829532e-108
9606.ENSP00000367806	9606.ENSP00000431240	RPS16	RPLP2	9606	0.959	0	0	0	0	0.959	0	0	RPS16	RPLP2	0.82592175366605	2.77720495442479e-127	4.00281477619231e-126
9606.ENSP00000367806	9606.ENSP00000449328	RPS16	RPLP0	9606	0.969	0	0	0	0	0.969	0	0	RPS16	RPLP0	0.69440332231981	6.62237233513384e-74	2.6780640802112e-73
9606.ENSP00000367806	9606.ENSP00000386717	RPS16	RPL31	9606	0.973	0	0	0	0	0.973	0	0	RPS16	RPL31	0.786670747820123	1.99524413637661e-107	1.60221271205226e-106
9606.ENSP00000367806	9606.ENSP00000416429	RPS16	RPL32	9606	0.973	0	0	0	0	0.973	0	0	RPS16	RPL32	0.834126922008971	4.52338028277277e-132	7.52755949031166e-131
9606.ENSP00000367806	9606.ENSP00000452763	RPS16	RPL28	9606	0.974	0	0	0	0	0.974	0	0	RPS16	RPL28	0.792550683639792	4.00722473797549e-110	3.48325600505464e-109
9606.ENSP00000367806	9606.ENSP00000388107	RPS16	UBA52	9606	0.974	0	0	0	0	0.947	0.54	0	RPS16	UBA52	0.852011971383474	1.75618239384762e-143	4.33391547828053e-142
9606.ENSP00000367806	9606.ENSP00000420311	RPS16	RPL23	9606	0.975	0	0	0	0	0.975	0	0	RPS16	RPL23	0.819227264341341	1.47101413588703e-123	1.90774284038989e-122
9606.ENSP00000367806	9606.ENSP00000378163	RPS16	RPL34	9606	0.976	0	0	0	0	0.974	0	0.092	RPS16	RPL34	0.763251822076617	1.77339872456115e-97	1.13564862627276e-96
9606.ENSP00000367806	9606.ENSP00000464813	RPS16	RPL27	9606	0.976	0	0	0	0	0.973	0	0.142	RPS16	RPL27	0.832180454070252	6.52761815273635e-131	1.04835619792677e-129
9606.ENSP00000367806	9606.ENSP00000389103	RPS16	RPL23A	9606	0.976	0	0	0	0	0.976	0	0	RPS16	RPL23A	0.785358256322527	7.76944617073457e-107	6.11285041644576e-106
9606.ENSP00000367806	9606.ENSP00000379506	RPS16	RPL14	9606	0.978	0	0	0	0	0.975	0	0.142	RPS16	RPL14	0.764915870469034	3.80600761272169e-98	2.47170635593826e-97
9606.ENSP00000367806	9606.ENSP00000418082	RPS16	RPL37A	9606	0.98	0	0	0	0	0.973	0	0.271	RPS16	RPL37A	0.831485912566412	1.67807277429497e-130	2.64466360285304e-129
9606.ENSP00000367806	9606.ENSP00000379339	RPS16	RPS29	9606	0.996	0	0	0	0	0.963	0.9	0.049	RPS16	RPS29	0.678880124037248	1.72741198342175e-69	6.49255365834371e-69
9606.ENSP00000367806	9606.ENSP00000431822	RPS16	FAU	9606	0.996	0	0	0	0	0.969	0.9	0	RPS16	FAU	0.776473827506974	6.03084806145271e-103	4.35858004898418e-102
9606.ENSP00000367806	9606.ENSP00000481646	RPS16	RPS10	9606	0.996	0	0	0	0	0.953	0.9	0.316	RPS16	RPS10	0.814933015040634	2.99265319839602e-121	3.56231353663187e-120
9606.ENSP00000367806	9606.ENSP00000495273	RPS16	RPS7	9606	0.996	0	0	0	0	0.966	0.9	0	RPS16	RPS7	0.804997083559288	3.925177097818e-116	4.10278325162423e-115
9606.ENSP00000367806	9606.ENSP00000379888	RPS16	RPS8	9606	0.997	0	0	0	0	0.973	0.9	0.087	RPS16	RPS8	0.811149468984165	2.88820466865264e-119	3.25421546073802e-118
9606.ENSP00000367806	9606.ENSP00000498019	RPS16	RPS17	9606	0.997	0	0	0	0	0.976	0.9	0	RPS16	RPS17	0.809756379364644	1.51385919089932e-118	1.68691930545367e-117
9606.ENSP00000367806	9606.ENSP00000375632	RPS16	RPS9	9606	0.997	0	0	0	0	0.973	0.9	0.075	RPS16	RPS9	0.744233740144201	3.27112240225181e-90	1.80268063540217e-89
9606.ENSP00000367806	9606.ENSP00000385958	RPS16	RPS14	9606	0.997	0	0	0	0	0.971	0.9	0.208	RPS16	RPS14	0.837853164198407	2.47490787865242e-134	4.56954706500094e-133
9606.ENSP00000367806	9606.ENSP00000414321	RPS16	RPS24	9606	0.997	0	0	0	0	0.966	0.9	0.395	RPS16	RPS24	0.73385065214596	1.64088245144596e-86	8.37661384648348e-86
9606.ENSP00000367806	9606.ENSP00000466010	RPS16	RPS15	9606	0.997	0	0	0	0	0.974	0.9	0	RPS16	RPS15	0.79524349950523	2.17895642955822e-111	1.94758667440548e-110
9606.ENSP00000367806	9606.ENSP00000435096	RPS16	RPS25	9606	0.998	0	0	0	0	0.975	0.9	0.435	RPS16	RPS25	0.733588452012903	2.0242502059682e-86	1.03232679354769e-85
9606.ENSP00000367806	9606.ENSP00000393241	RPS16	RPS18	9606	0.998	0	0	0	0	0.976	0.9	0.535	RPS16	RPS18	0.762610671004989	3.19774732974886e-97	2.03233715341702e-96
9606.ENSP00000367806	9606.ENSP00000429374	RPS16	RPS20	9606	0.999	0	0	0	0	0.986	0.9	0.518	RPS16	RPS20	0.811760710232514	1.39015466798905e-119	1.57685929716516e-118
9606.ENSP00000367806	9606.ENSP00000472985	RPS16	RPS5	9606	0.999	0	0	0	0	0.983	0.9	0.483	RPS16	RPS5	0.739471183143159	1.7138390761324e-88	9.12664409068821e-88
9606.ENSP00000369042	9606.ENSP00000431822	IPO7	FAU	9606	0.718	0	0	0	0	0.718	0	0	IPO7	FAU	-0.335080122919124	1.02521546539135e-14	1.65493460096197e-14
9606.ENSP00000369213	9606.ENSP00000392025	DDX58	CYLD	9606	0.786	0	0	0	0	0.292	0	0.711	DDX58	CYLD	0.389433353273215	9.80342201538109e-20	1.74080421115524e-19
9606.ENSP00000369424	9606.ENSP00000440542	RBBP7	CHD4	9606	0.999	0	0	0	0	0.657	0.9	0.981	RBBP7	CHD4	0.308990650617857	1.23863833785749e-12	1.91863789075965e-12
9606.ENSP00000369674	9606.ENSP00000419765	BCL7C	BRD9	9606	0.974	0	0	0	0	0.616	0.9	0.39	BCL7C	BRD9	0.460832480763604	6.45334019767025e-28	1.32229437262105e-27
9606.ENSP00000370125	9606.ENSP00000431822	HMGN1	FAU	9606	0.749	0	0	0	0	0.749	0	0	HMGN1	FAU	0.456440395592354	2.35033416712894e-27	4.77523716927924e-27
9606.ENSP00000370803	9606.ENSP00000448012	CCP110	CEP290	9606	0.932	0	0	0	0	0.457	0	0.88	CCP110	CEP290	0.570853203332756	5.26182025938148e-45	1.37639858801504e-44
9606.ENSP00000373952	9606.ENSP00000385021	FANCA	FANCL	9606	0.999	0	0	0	0	0.944	0.9	0.984	FANCA	FANCL	0.348575230193827	7.13023910651593e-16	1.1807489243818e-15
9606.ENSP00000375632	9606.ENSP00000431800	RPS9	EIF3F	9606	0.807	0	0	0	0	0.807	0	0	RPS9	EIF3F	0.621289924023458	3.02291388158538e-55	9.27405780893902e-55
9606.ENSP00000375632	9606.ENSP00000429931	RPS9	EIF3H	9606	0.867	0	0	0	0	0.82	0	0.295	RPS9	EIF3H	0.519119458529704	3.43635779682822e-36	7.95266884453521e-36
9606.ENSP00000375632	9606.ENSP00000413436	RPS9	RPL10	9606	0.945	0	0	0	0	0.944	0	0	RPS9	RPL10	0.741454828712685	3.33033728384011e-89	1.79426797858862e-88
9606.ENSP00000375632	9606.ENSP00000431240	RPS9	RPLP2	9606	0.946	0	0	0	0	0.946	0	0	RPS9	RPLP2	0.802950450324535	4.08721267113025e-115	4.11077711794193e-114
9606.ENSP00000375632	9606.ENSP00000452763	RPS9	RPL28	9606	0.947	0	0	0	0	0.947	0	0	RPS9	RPL28	0.800608166406703	5.77265162936855e-114	5.60534445162677e-113
9606.ENSP00000375632	9606.ENSP00000449328	RPS9	RPLP0	9606	0.964	0	0	0	0	0.96	0	0.145	RPS9	RPLP0	0.802902836867538	4.31476732080059e-115	4.3310333087163e-114
9606.ENSP00000375632	9606.ENSP00000378163	RPS9	RPL34	9606	0.964	0	0	0	0	0.964	0	0	RPS9	RPL34	0.791723271706052	9.7195064201033e-110	8.33406491174621e-109
9606.ENSP00000375632	9606.ENSP00000420311	RPS9	RPL23	9606	0.967	0	0	0	0	0.967	0	0	RPS9	RPL23	0.764323357801619	6.59290192372858e-98	4.25427178981415e-97
9606.ENSP00000375632	9606.ENSP00000416429	RPS9	RPL32	9606	0.968	0	0	0	0	0.967	0	0	RPS9	RPL32	0.841642021344991	1.08148018175455e-136	2.10431086134471e-135
9606.ENSP00000375632	9606.ENSP00000379506	RPS9	RPL14	9606	0.97	0	0	0	0	0.969	0	0	RPS9	RPL14	0.808682327860115	5.37935579556552e-118	5.90328871361518e-117
9606.ENSP00000375632	9606.ENSP00000418082	RPS9	RPL37A	9606	0.971	0	0	0	0	0.971	0	0	RPS9	RPL37A	0.829310229159562	3.14260983424111e-129	4.77431325868642e-128
9606.ENSP00000375632	9606.ENSP00000389103	RPS9	RPL23A	9606	0.974	0	0	0	0	0.974	0	0	RPS9	RPL23A	0.703542962991951	1.22028820841196e-76	5.14453170529674e-76
9606.ENSP00000375632	9606.ENSP00000386717	RPS9	RPL31	9606	0.974	0	0	0	0	0.97	0	0.186	RPS9	RPL31	0.804285211129809	8.89535833726431e-116	9.12811720653553e-115
9606.ENSP00000375632	9606.ENSP00000388107	RPS9	UBA52	9606	0.974	0	0	0	0	0.947	0.54	0	RPS9	UBA52	0.772900302452606	1.97155008678623e-101	1.3833664201181e-100
9606.ENSP00000375632	9606.ENSP00000464813	RPS9	RPL27	9606	0.976	0	0	0	0	0.975	0	0.109	RPS9	RPL27	0.709035748295326	2.46607928310125e-78	1.07181229323103e-77
9606.ENSP00000375632	9606.ENSP00000481646	RPS9	RPS10	9606	0.994	0	0	0	0	0.947	0.9	0	RPS9	RPS10	0.701125764750388	6.60422280729032e-76	2.76122009769271e-75
9606.ENSP00000375632	9606.ENSP00000466010	RPS9	RPS15	9606	0.997	0	0	0	0	0.974	0.9	0	RPS9	RPS15	0.704333383648924	6.99904013048762e-77	2.95807385297718e-76
9606.ENSP00000375632	9606.ENSP00000495273	RPS9	RPS7	9606	0.997	0	0	0	0	0.967	0.9	0.202	RPS9	RPS7	0.747019267144106	3.09950904463809e-91	1.74033476768303e-90
9606.ENSP00000375632	9606.ENSP00000472985	RPS9	RPS5	9606	0.997	0	0	0	0	0.966	0.9	0.181	RPS9	RPS5	0.762177118332951	4.75904233330414e-97	2.99080685269387e-96
9606.ENSP00000375632	9606.ENSP00000435096	RPS9	RPS25	9606	0.997	0	0	0	0	0.972	0.9	0	RPS9	RPS25	0.697482543285384	8.15223584605831e-75	3.34215244288566e-74
9606.ENSP00000375632	9606.ENSP00000498019	RPS9	RPS17	9606	0.997	0	0	0	0	0.972	0.9	0	RPS9	RPS17	0.75783451015909	2.43739562507014e-95	1.47851132700598e-94
9606.ENSP00000375632	9606.ENSP00000379339	RPS9	RPS29	9606	0.997	0	0	0	0	0.977	0.9	0	RPS9	RPS29	0.699617228803626	1.87828976564021e-75	7.77599666479038e-75
9606.ENSP00000375632	9606.ENSP00000429374	RPS9	RPS20	9606	0.997	0	0	0	0	0.967	0.9	0.316	RPS9	RPS20	0.825830067478797	3.13100901738743e-127	4.48718827732663e-126
9606.ENSP00000375632	9606.ENSP00000385958	RPS9	RPS14	9606	0.997	0	0	0	0	0.953	0.9	0.541	RPS9	RPS14	0.790608315489934	3.18721579239134e-109	2.70085840765624e-108
9606.ENSP00000375632	9606.ENSP00000414321	RPS9	RPS24	9606	0.998	0	0	0	0	0.982	0.9	0	RPS9	RPS24	0.77793661353713	1.4201513196896e-103	1.04578537500869e-102
9606.ENSP00000375632	9606.ENSP00000393241	RPS9	RPS18	9606	0.998	0	0	0	0	0.976	0.9	0.451	RPS9	RPS18	0.719584598211374	1.05743041172681e-81	4.90333680378177e-81
9606.ENSP00000375632	9606.ENSP00000431822	RPS9	FAU	9606	0.998	0	0	0	0	0.986	0.9	0	RPS9	FAU	0.7475992940909	1.89016766808313e-91	1.06366609931397e-90
9606.ENSP00000375632	9606.ENSP00000379888	RPS9	RPS8	9606	0.999	0	0	0	0	0.974	0.9	0.691	RPS9	RPS8	0.861237521267655	5.6505554705797e-150	1.76457778553474e-148
9606.ENSP00000376827	9606.ENSP00000380779	MKS1	TCTN1	9606	0.992	0	0	0	0	0.225	0.8	0.954	MKS1	TCTN1	0.584637811607248	1.25658398155854e-47	3.41410223560938e-47
9606.ENSP00000378163	9606.ENSP00000448035	RPL34	NACA	9606	0.8	0	0	0	0	0.8	0	0	RPL34	NACA	0.736383948953901	2.1303086532811e-87	1.10991055375377e-86
9606.ENSP00000378163	9606.ENSP00000481646	RPL34	RPS10	9606	0.895	0	0	0	0	0.895	0	0	RPL34	RPS10	0.741925931723607	2.25192721450851e-89	1.21844917413888e-88
9606.ENSP00000378163	9606.ENSP00000413436	RPL34	RPL10	9606	0.895	0	0	0	0	0.895	0	0	RPL34	RPL10	0.77056072066834	1.86794303228614e-100	1.27186053840317e-99
9606.ENSP00000378163	9606.ENSP00000431240	RPL34	RPLP2	9606	0.915	0	0	0	0	0.915	0	0	RPL34	RPLP2	0.799031704412677	3.36303721036913e-113	3.16238015748279e-112
9606.ENSP00000378163	9606.ENSP00000385958	RPL34	RPS14	9606	0.93	0	0	0	0	0.929	0	0	RPL34	RPS14	0.840022325213888	1.12262116656539e-135	2.14314735156766e-134
9606.ENSP00000378163	9606.ENSP00000472985	RPL34	RPS5	9606	0.947	0	0	0	0	0.947	0	0	RPL34	RPS5	0.617530697169096	2.03399579629138e-54	6.12134725368118e-54
9606.ENSP00000378163	9606.ENSP00000495273	RPL34	RPS7	9606	0.947	0	0	0	0	0.947	0	0	RPL34	RPS7	0.859241296800487	1.57032972800173e-148	4.5395989108347e-147
9606.ENSP00000378163	9606.ENSP00000379339	RPL34	RPS29	9606	0.947	0	0	0	0	0.947	0	0	RPL34	RPS29	0.681825170094649	2.63402531552427e-70	1.00116709776388e-69
9606.ENSP00000378163	9606.ENSP00000414321	RPL34	RPS24	9606	0.947	0	0	0	0	0.947	0	0	RPL34	RPS24	0.830314863784515	8.16520805392652e-130	1.26711004738694e-128
9606.ENSP00000378163	9606.ENSP00000498019	RPL34	RPS17	9606	0.947	0	0	0	0	0.947	0	0	RPL34	RPS17	0.781129510466575	5.81661927496776e-105	4.41835989670599e-104
9606.ENSP00000378163	9606.ENSP00000431822	RPL34	FAU	9606	0.947	0	0	0	0	0.947	0	0	RPL34	FAU	0.855062027941924	1.40634505708647e-145	3.68637287243546e-144
9606.ENSP00000378163	9606.ENSP00000388107	RPL34	UBA52	9606	0.956	0	0	0	0	0.956	0	0	RPL34	UBA52	0.772681243279607	2.43635512307403e-101	1.70477462899468e-100
9606.ENSP00000378163	9606.ENSP00000449328	RPL34	RPLP0	9606	0.961	0	0	0	0	0.961	0	0	RPL34	RPLP0	0.618700814180797	1.12680354436195e-54	3.41142976117719e-54
9606.ENSP00000378163	9606.ENSP00000429374	RPL34	RPS20	9606	0.964	0	0	0	0	0.964	0	0	RPL34	RPS20	0.876092174434835	1.76151605646821e-161	8.65195119385695e-160
9606.ENSP00000378163	9606.ENSP00000466010	RPL34	RPS15	9606	0.964	0	0	0	0	0.964	0	0	RPL34	RPS15	0.750260522946704	1.92053191649008e-92	1.10033646268667e-91
9606.ENSP00000378163	9606.ENSP00000379888	RPL34	RPS8	9606	0.964	0	0	0	0	0.964	0	0	RPL34	RPS8	0.799339374931282	2.38725261978712e-113	2.26163127406424e-112
9606.ENSP00000378163	9606.ENSP00000389103	RPL34	RPL23A	9606	0.964	0	0	0	0	0.964	0	0	RPL34	RPL23A	0.720048712945829	7.45627357601267e-82	3.47021968914886e-81
9606.ENSP00000378163	9606.ENSP00000418082	RPL34	RPL37A	9606	0.965	0	0	0	0	0.964	0	0	RPL34	RPL37A	0.855099298749751	1.32488042583312e-145	3.49092191369259e-144
9606.ENSP00000378163	9606.ENSP00000420311	RPL34	RPL23	9606	0.965	0	0	0	0	0.965	0	0	RPL34	RPL23	0.836644285546567	1.36024280030425e-133	2.43161424973116e-132
9606.ENSP00000378163	9606.ENSP00000416429	RPL34	RPL32	9606	0.968	0	0	0	0	0.968	0	0	RPL34	RPL32	0.877357332006492	1.57733105247371e-162	7.97971779446448e-161
9606.ENSP00000378163	9606.ENSP00000393241	RPL34	RPS18	9606	0.968	0	0	0	0	0.967	0	0	RPL34	RPS18	0.731339251937616	1.213542328988e-85	6.09663420292978e-85
9606.ENSP00000378163	9606.ENSP00000379506	RPL34	RPL14	9606	0.968	0	0	0	0	0.967	0	0	RPL34	RPL14	0.825870879013367	2.96829970259059e-127	4.26608755551301e-126
9606.ENSP00000378163	9606.ENSP00000464813	RPL34	RPL27	9606	0.968	0	0	0	0	0.967	0	0	RPL34	RPL27	0.76356629451765	1.32717140811495e-97	8.53133437567158e-97
9606.ENSP00000378163	9606.ENSP00000386717	RPL34	RPL31	9606	0.968	0	0	0	0	0.967	0	0	RPL34	RPL31	0.844246132687803	2.37652224637578e-138	4.88732766033133e-137
9606.ENSP00000378163	9606.ENSP00000435096	RPL34	RPS25	9606	0.968	0	0	0	0	0.967	0	0	RPL34	RPS25	0.774581029531524	3.85483166019979e-102	2.7389878327178e-101
9606.ENSP00000378163	9606.ENSP00000452763	RPL34	RPL28	9606	0.97	0	0	0	0	0.97	0	0	RPL34	RPL28	0.730295855672524	2.76822234345485e-85	1.37568141802928e-84
9606.ENSP00000379156	9606.ENSP00000389168	MPRIP	PPP1R12A	9606	0.702	0	0	0	0	0.457	0	0.475	MPRIP	PPP1R12A	0.343211867770628	2.08914294513706e-15	3.42814601344418e-15
9606.ENSP00000379263	9606.ENSP00000404232	TEKT3	EFHC2	9606	0.8	0	0	0	0	0.8	0	0	TEKT3	EFHC2	0.300153369374204	5.6645836117064e-12	8.6368681409351e-12
9606.ENSP00000379263	9606.ENSP00000381553	TEKT3	CFAP53	9606	0.801	0	0	0	0	0.801	0	0	TEKT3	CFAP53	0.351057000109949	4.30548219108222e-16	7.15553035633539e-16
9606.ENSP00000379339	9606.ENSP00000431800	RPS29	EIF3F	9606	0.807	0	0	0	0	0.807	0	0	RPS29	EIF3F	0.623483870126143	9.81773698800794e-56	3.03408255481565e-55
9606.ENSP00000379339	9606.ENSP00000431240	RPS29	RPLP2	9606	0.873	0	0	0	0	0.873	0	0	RPS29	RPLP2	0.690270082908912	1.05731756127085e-72	4.16586412964895e-72
9606.ENSP00000379339	9606.ENSP00000413436	RPS29	RPL10	9606	0.906	0	0	0	0	0.906	0	0	RPS29	RPL10	0.687657306103281	5.94828839633191e-72	2.32373675652843e-71
9606.ENSP00000379339	9606.ENSP00000429931	RPS29	EIF3H	9606	0.911	0	0	0	0	0.815	0.54	0	RPS29	EIF3H	0.610838257738817	5.68686202019742e-53	1.67072212312304e-52
9606.ENSP00000379339	9606.ENSP00000449328	RPS29	RPLP0	9606	0.946	0	0	0	0	0.946	0	0	RPS29	RPLP0	0.660806204844087	1.11590792506522e-64	3.874659020525e-64
9606.ENSP00000379339	9606.ENSP00000418082	RPS29	RPL37A	9606	0.947	0	0	0	0	0.947	0	0	RPS29	RPL37A	0.803458917320303	2.28951992909049e-115	2.32583962274473e-114
9606.ENSP00000379339	9606.ENSP00000389103	RPS29	RPL23A	9606	0.947	0	0	0	0	0.947	0	0	RPS29	RPL23A	0.73581836444514	3.36728921082686e-87	1.74719139667416e-86
9606.ENSP00000379339	9606.ENSP00000420311	RPS29	RPL23	9606	0.947	0	0	0	0	0.947	0	0	RPS29	RPL23	0.819655878631341	8.58697622795189e-124	1.1225197089718e-122
9606.ENSP00000379339	9606.ENSP00000379506	RPS29	RPL14	9606	0.947	0	0	0	0	0.947	0	0	RPS29	RPL14	0.717220883579041	6.19816437213797e-81	2.82491113140955e-80
9606.ENSP00000379339	9606.ENSP00000452763	RPS29	RPL28	9606	0.952	0	0	0	0	0.952	0	0	RPS29	RPL28	0.691040470506678	6.33116111482196e-73	2.50424895073372e-72
9606.ENSP00000379339	9606.ENSP00000388107	RPS29	UBA52	9606	0.974	0	0	0	0	0.947	0.54	0	RPS29	UBA52	0.756326253743387	9.37981460343338e-95	5.602418191118e-94
9606.ENSP00000379339	9606.ENSP00000464813	RPS29	RPL27	9606	0.975	0	0	0	0	0.975	0	0	RPS29	RPL27	0.794209700473153	6.69846248901424e-111	5.94517925121457e-110
9606.ENSP00000379339	9606.ENSP00000416429	RPS29	RPL32	9606	0.994	0	0	0	0	0.947	0.9	0	RPS29	RPL32	0.78887727282045	1.98594475244074e-108	1.64164942852903e-107
9606.ENSP00000379339	9606.ENSP00000386717	RPS29	RPL31	9606	0.994	0	0	0	0	0.947	0.9	0	RPS29	RPL31	0.785847994737362	4.6835980774248e-107	3.71384367926208e-106
9606.ENSP00000379339	9606.ENSP00000495273	RPS29	RPS7	9606	0.995	0	0	0	0	0.952	0.9	0	RPS29	RPS7	0.633400886672518	5.4320391043665e-58	1.73489178213322e-57
9606.ENSP00000379339	9606.ENSP00000393241	RPS29	RPS18	9606	0.995	0	0	0	0	0.952	0.9	0	RPS29	RPS18	0.732385909398393	5.28561209387747e-86	2.67399115829261e-85
9606.ENSP00000379339	9606.ENSP00000472985	RPS29	RPS5	9606	0.995	0	0	0	0	0.952	0.9	0	RPS29	RPS5	0.645780012783887	6.3000003228707e-61	2.08448015914996e-60
9606.ENSP00000379339	9606.ENSP00000431822	RPS29	FAU	9606	0.995	0	0	0	0	0.952	0.9	0	RPS29	FAU	0.619938111823605	6.01783390062229e-55	1.83398925923182e-54
9606.ENSP00000379339	9606.ENSP00000435096	RPS29	RPS25	9606	0.995	0	0	0	0	0.952	0.9	0	RPS29	RPS25	0.807587684234262	1.9424575124703e-117	2.09528625918705e-116
9606.ENSP00000379339	9606.ENSP00000414321	RPS29	RPS24	9606	0.995	0	0	0	0	0.952	0.9	0	RPS29	RPS24	0.757975486989693	2.14783656765551e-95	1.30443039565057e-94
9606.ENSP00000379339	9606.ENSP00000481646	RPS29	RPS10	9606	0.996	0	0	0	0	0.967	0.9	0.043	RPS29	RPS10	0.76245823340098	3.67789405367126e-97	2.32580825219037e-96
9606.ENSP00000379339	9606.ENSP00000385958	RPS29	RPS14	9606	0.996	0	0	0	0	0.969	0.9	0	RPS29	RPS14	0.675406577924873	1.54357679555069e-68	5.72084616021315e-68
9606.ENSP00000379339	9606.ENSP00000379888	RPS29	RPS8	9606	0.996	0	0	0	0	0.964	0.9	0	RPS29	RPS8	0.784205377059445	2.54429541442248e-106	1.98635655888323e-105
9606.ENSP00000379339	9606.ENSP00000498019	RPS29	RPS17	9606	0.996	0	0	0	0	0.97	0.9	0	RPS29	RPS17	0.831746901398214	1.17745332596147e-130	1.8614801175122e-129
9606.ENSP00000379339	9606.ENSP00000429374	RPS29	RPS20	9606	0.998	0	0	0	0	0.975	0.9	0.579	RPS29	RPS20	0.767352449530667	3.90653700946704e-99	2.59700009604386e-98
9606.ENSP00000379339	9606.ENSP00000466010	RPS29	RPS15	9606	0.998	0	0	0	0	0.98	0.9	0	RPS29	RPS15	0.556063401371193	2.51187076018845e-42	6.33161643039031e-42
9606.ENSP00000379506	9606.ENSP00000448035	RPL14	NACA	9606	0.8	0	0	0	0	0.8	0	0	RPL14	NACA	0.795913162744846	1.04908601740196e-111	9.47736814649382e-111
9606.ENSP00000379506	9606.ENSP00000385958	RPL14	RPS14	9606	0.941	0	0	0	0	0.94	0	0	RPL14	RPS14	0.798199633627959	8.47117852116123e-113	7.84902786420415e-112
9606.ENSP00000379506	9606.ENSP00000431822	RPL14	FAU	9606	0.947	0	0	0	0	0.947	0	0	RPL14	FAU	0.822075779006472	4.00125355394477e-125	5.42690126793743e-124
9606.ENSP00000379506	9606.ENSP00000481646	RPL14	RPS10	9606	0.947	0	0	0	0	0.947	0	0	RPL14	RPS10	0.758218492656719	1.72678078151039e-95	1.05123754195681e-94
9606.ENSP00000379506	9606.ENSP00000388107	RPL14	UBA52	9606	0.947	0	0	0	0	0.947	0	0	RPL14	UBA52	0.796393210749646	6.20188528890447e-112	5.65321399577797e-111
9606.ENSP00000379506	9606.ENSP00000431240	RPL14	RPLP2	9606	0.951	0	0	0	0	0.951	0	0	RPL14	RPLP2	0.837402094246692	4.68174707062497e-134	8.55052650913059e-133
9606.ENSP00000379506	9606.ENSP00000413436	RPL14	RPL10	9606	0.952	0	0	0	0	0.952	0	0	RPL14	RPL10	0.771333810399673	8.91168203363211e-101	6.13390468138025e-100
9606.ENSP00000379506	9606.ENSP00000498019	RPL14	RPS17	9606	0.959	0	0	0	0	0.959	0	0	RPL14	RPS17	0.793102757480717	2.21368113355954e-110	1.94090344101866e-109
9606.ENSP00000379506	9606.ENSP00000416429	RPL14	RPL32	9606	0.963	0	0	0	0	0.963	0	0	RPL14	RPL32	0.92405886551388	3.2062369814314e-212	6.23859726502364e-210
9606.ENSP00000379506	9606.ENSP00000466010	RPL14	RPS15	9606	0.964	0	0	0	0	0.964	0	0	RPL14	RPS15	0.739862619802353	1.24190241479076e-88	6.6274096164836e-88
9606.ENSP00000379506	9606.ENSP00000393241	RPL14	RPS18	9606	0.964	0	0	0	0	0.964	0	0	RPL14	RPS18	0.784880351389176	1.2715495659848e-106	9.98877213403275e-106
9606.ENSP00000379506	9606.ENSP00000472985	RPL14	RPS5	9606	0.967	0	0	0	0	0.967	0	0	RPL14	RPS5	0.652587898541407	1.33672262875953e-62	4.52945732009005e-62
9606.ENSP00000379506	9606.ENSP00000449328	RPL14	RPLP0	9606	0.969	0	0	0	0	0.969	0	0	RPL14	RPLP0	0.703629338089088	1.14846885312332e-76	4.84579143281973e-76
9606.ENSP00000379506	9606.ENSP00000386717	RPL14	RPL31	9606	0.973	0	0	0	0	0.973	0	0	RPL14	RPL31	0.801362807088162	2.46925542220124e-114	2.41157590365175e-113
9606.ENSP00000379506	9606.ENSP00000429374	RPL14	RPS20	9606	0.973	0	0	0	0	0.973	0	0.043	RPL14	RPS20	0.894592658023566	4.42953987480793e-178	4.07437131393697e-176
9606.ENSP00000379506	9606.ENSP00000495273	RPL14	RPS7	9606	0.973	0	0	0	0	0.967	0	0.229	RPL14	RPS7	0.816242245342547	6.00734716893111e-122	7.35863664107083e-121
9606.ENSP00000379506	9606.ENSP00000389103	RPL14	RPL23A	9606	0.974	0	0	0	0	0.974	0	0.053	RPL14	RPL23A	0.700074821146711	1.36888663320982e-75	5.69038412276786e-75
9606.ENSP00000379506	9606.ENSP00000464813	RPL14	RPL27	9606	0.974	0	0	0	0	0.974	0	0	RPL14	RPL27	0.778375663653322	9.18107248173212e-104	6.82041786858778e-103
9606.ENSP00000379506	9606.ENSP00000420311	RPL14	RPL23	9606	0.975	0	0	0	0	0.975	0	0	RPL14	RPL23	0.85943799348879	1.13424928350993e-148	3.37539242663338e-147
9606.ENSP00000379506	9606.ENSP00000452763	RPL14	RPL28	9606	0.975	0	0	0	0	0.975	0	0	RPL14	RPL28	0.85436208217095	4.29965915366305e-145	1.09858462921118e-143
9606.ENSP00000379506	9606.ENSP00000435096	RPL14	RPS25	9606	0.982	0	0	0	0	0.975	0	0.315	RPL14	RPS25	0.820234042037744	4.14484806071504e-124	5.47487893972777e-123
9606.ENSP00000379506	9606.ENSP00000418082	RPL14	RPL37A	9606	0.982	0	0	0	0	0.974	0	0.329	RPL14	RPL37A	0.855234778136199	1.06638404189577e-145	2.82452192039304e-144
9606.ENSP00000379506	9606.ENSP00000414321	RPL14	RPS24	9606	0.987	0	0	0	0	0.963	0	0.668	RPL14	RPS24	0.865977622606981	1.70298193900416e-153	6.02474519540002e-152
9606.ENSP00000379506	9606.ENSP00000379888	RPL14	RPS8	9606	0.991	0	0	0	0	0.974	0	0.662	RPL14	RPS8	0.883712656979984	5.64917206241064e-168	3.86204884645074e-166
9606.ENSP00000379888	9606.ENSP00000429931	RPS8	EIF3H	9606	0.807	0	0	0	0	0.807	0	0	RPS8	EIF3H	0.610776574551865	5.86198353763344e-53	1.72117090637769e-52
9606.ENSP00000379888	9606.ENSP00000431800	RPS8	EIF3F	9606	0.818	0	0	0	0	0.818	0	0	RPS8	EIF3F	0.655101069113122	3.14312598845708e-63	1.07512335196784e-62
9606.ENSP00000379888	9606.ENSP00000431240	RPS8	RPLP2	9606	0.939	0	0	0	0	0.939	0	0	RPS8	RPLP2	0.834541187037958	2.55145068132662e-132	4.31698628656568e-131
9606.ENSP00000379888	9606.ENSP00000413436	RPS8	RPL10	9606	0.942	0	0	0	0	0.941	0	0	RPS8	RPL10	0.789056079520996	1.64528417817451e-108	1.36227375734613e-107
9606.ENSP00000379888	9606.ENSP00000452763	RPS8	RPL28	9606	0.955	0	0	0	0	0.955	0	0	RPS8	RPL28	0.83513668137	1.11715273948609e-132	1.91582227425767e-131
9606.ENSP00000379888	9606.ENSP00000449328	RPS8	RPLP0	9606	0.968	0	0	0	0	0.968	0	0	RPS8	RPLP0	0.798914301368025	3.83227054798565e-113	3.59693074253421e-112
9606.ENSP00000379888	9606.ENSP00000420311	RPS8	RPL23	9606	0.969	0	0	0	0	0.969	0	0	RPS8	RPL23	0.869874658273281	1.71420879524752e-156	6.61998648485284e-155
9606.ENSP00000379888	9606.ENSP00000418082	RPS8	RPL37A	9606	0.97	0	0	0	0	0.97	0	0	RPS8	RPL37A	0.894371362602099	7.29083014291301e-178	6.58648387374945e-176
9606.ENSP00000379888	9606.ENSP00000386717	RPS8	RPL31	9606	0.975	0	0	0	0	0.975	0	0	RPS8	RPL31	0.874719490582598	2.34416858522404e-160	1.09734643016107e-158
9606.ENSP00000379888	9606.ENSP00000389103	RPS8	RPL23A	9606	0.975	0	0	0	0	0.974	0	0	RPS8	RPL23A	0.769965971752455	3.29432135271025e-100	2.22212956311482e-99
9606.ENSP00000379888	9606.ENSP00000416429	RPS8	RPL32	9606	0.977	0	0	0	0	0.973	0	0.172	RPS8	RPL32	0.915368803961141	7.07252157517154e-201	1.19266288829309e-198
9606.ENSP00000379888	9606.ENSP00000388107	RPS8	UBA52	9606	0.979	0	0	0	0	0.957	0.54	0	RPS8	UBA52	0.831883685262936	9.77679262890666e-131	1.5602774103987e-129
9606.ENSP00000379888	9606.ENSP00000464813	RPS8	RPL27	9606	0.981	0	0	0	0	0.975	0	0.268	RPS8	RPL27	0.833893979460058	6.2372405995009e-132	1.03456394075e-130
9606.ENSP00000379888	9606.ENSP00000431822	RPS8	FAU	9606	0.994	0	0	0	0	0.947	0.9	0	RPS8	FAU	0.762349961704245	4.06184965728244e-97	2.56540542024867e-96
9606.ENSP00000379888	9606.ENSP00000481646	RPS8	RPS10	9606	0.994	0	0	0	0	0.95	0.9	0	RPS8	RPS10	0.770752385797586	1.55524457726692e-100	1.06612226509395e-99
9606.ENSP00000379888	9606.ENSP00000498019	RPS8	RPS17	9606	0.996	0	0	0	0	0.966	0.9	0	RPS8	RPS17	0.865883234286161	2.00737790077179e-153	7.05230888889202e-152
9606.ENSP00000379888	9606.ENSP00000393241	RPS8	RPS18	9606	0.996	0	0	0	0	0.967	0.9	0	RPS8	RPS18	0.855034820252211	1.46894455650831e-145	3.83061366565749e-144
9606.ENSP00000379888	9606.ENSP00000472985	RPS8	RPS5	9606	0.996	0	0	0	0	0.969	0.9	0	RPS8	RPS5	0.770669737781231	1.68312913927294e-100	1.15066896156511e-99
9606.ENSP00000379888	9606.ENSP00000466010	RPS8	RPS15	9606	0.996	0	0	0	0	0.963	0.9	0	RPS8	RPS15	0.728738774498568	9.40937966886938e-85	4.62604973224589e-84
9606.ENSP00000379888	9606.ENSP00000495273	RPS8	RPS7	9606	0.996	0	0	0	0	0.967	0.9	0	RPS8	RPS7	0.83631779327001	2.15006964012282e-133	3.78996596145692e-132
9606.ENSP00000379888	9606.ENSP00000435096	RPS8	RPS25	9606	0.997	0	0	0	0	0.973	0.9	0	RPS8	RPS25	0.80329250316336	2.76820297643317e-115	2.79914090107762e-114
9606.ENSP00000379888	9606.ENSP00000429374	RPS8	RPS20	9606	0.997	0	0	0	0	0.974	0.9	0	RPS8	RPS20	0.857132514493685	4.98104374766189e-147	1.36211353077954e-145
9606.ENSP00000379888	9606.ENSP00000385958	RPS8	RPS14	9606	0.998	0	0	0	0	0.962	0.9	0.549	RPS8	RPS14	0.843155961558889	1.18509666442648e-137	2.36039528556439e-136
9606.ENSP00000379888	9606.ENSP00000414321	RPS8	RPS24	9606	0.998	0	0	0	0	0.967	0.9	0.706	RPS8	RPS24	0.835941264933947	3.64097127728885e-133	6.39572003187649e-132
9606.ENSP00000380024	9606.ENSP00000481850	ING4	JADE3	9606	0.811	0	0	0	0	0.457	0.5	0.363	ING4	JADE3	-0.346171356266061	1.15735048388744e-15	1.90904339680031e-15
9606.ENSP00000380322	9606.ENSP00000403210	EMC6	EMC9	9606	0.992	0	0	0	0	0.931	0.9	0	EMC6	EMC9	0.636066122140164	1.30091998517309e-58	4.18661208968872e-58
9606.ENSP00000380598	9606.ENSP00000456851	BLOC1S5	BLOC1S6	9606	0.993	0	0	0	0	0.616	0.9	0.852	BLOC1S5	BLOC1S6	0.563976459757777	9.62724338103843e-44	2.46478867736201e-43
9606.ENSP00000381553	9606.ENSP00000404232	CFAP53	EFHC2	9606	0.801	0	0	0	0	0.801	0	0	CFAP53	EFHC2	0.406906746575279	1.46679854466635e-21	2.69445673110641e-21
9606.ENSP00000382341	9606.ENSP00000387286	RABGGTA	RAB1A	9606	0.766	0	0	0	0	0.552	0.5	0	RABGGTA	RAB1A	-0.394540199361551	2.9455417138371e-20	5.28609277414044e-20
9606.ENSP00000382717	9606.ENSP00000406012	WDR19	IFT140	9606	0.999	0	0	0	0	0.987	0.9	0.985	WDR19	IFT140	0.33712815380917	6.89817662497448e-15	1.11744718366141e-14
9606.ENSP00000384109	9606.ENSP00000386880	CUL4B	COPS7B	9606	0.757	0	0	0	0	0.535	0.5	0	CUL4B	COPS7B	-0.321718072428361	1.26590765861103e-13	2.0044528466082e-13
9606.ENSP00000384109	9606.ENSP00000442318	CUL4B	CAND1	9606	0.983	0	0	0	0	0.946	0.5	0.434	CUL4B	CAND1	0.692446791262977	2.47229136743828e-73	9.86381863396707e-73
9606.ENSP00000384899	9606.ENSP00000440542	GATAD2A	CHD4	9606	0.998	0	0	0	0	0.68	0.9	0.954	GATAD2A	CHD4	0.662603775905541	3.83913103889262e-65	1.34316486346873e-64
9606.ENSP00000385269	9606.ENSP00000451291	ELAVL1	HNRNPC	9606	0.761	0	0	0	0	0.525	0	0.518	ELAVL1	HNRNPC	0.429114184710396	4.85407669854286e-24	9.34428235080986e-24
9606.ENSP00000385958	9606.ENSP00000431800	RPS14	EIF3F	9606	0.818	0	0	0	0	0.818	0	0	RPS14	EIF3F	0.608402889978439	1.87382864270101e-52	5.46380351782388e-52
9606.ENSP00000385958	9606.ENSP00000429931	RPS14	EIF3H	9606	0.818	0	0	0	0	0.818	0	0	RPS14	EIF3H	0.504532037054637	5.73387758625756e-34	1.28980376651298e-33
9606.ENSP00000385958	9606.ENSP00000416429	RPS14	RPL32	9606	0.918	0	0	0	0	0.918	0	0	RPS14	RPL32	0.867948689278865	5.33631181970869e-155	1.98502952175781e-153
9606.ENSP00000385958	9606.ENSP00000413436	RPS14	RPL10	9606	0.925	0	0	0	0	0.925	0	0	RPS14	RPL10	0.797069582734671	2.95005574230571e-112	2.70859019969594e-111
9606.ENSP00000385958	9606.ENSP00000464813	RPS14	RPL27	9606	0.925	0	0	0	0	0.925	0	0	RPS14	RPL27	0.820358899243962	3.5403462883593e-124	4.68864185152087e-123
9606.ENSP00000385958	9606.ENSP00000452763	RPS14	RPL28	9606	0.936	0	0	0	0	0.936	0	0	RPS14	RPL28	0.731050682708022	1.52501650059709e-85	7.63867175893135e-85
9606.ENSP00000385958	9606.ENSP00000431240	RPS14	RPLP2	9606	0.936	0	0	0	0	0.936	0	0	RPS14	RPLP2	0.790123608634155	5.32906713676354e-109	4.47579295829532e-108
9606.ENSP00000385958	9606.ENSP00000449328	RPS14	RPLP0	9606	0.938	0	0	0	0	0.937	0	0	RPS14	RPLP0	0.704787435265266	5.08149000932311e-77	2.15123497549503e-76
9606.ENSP00000385958	9606.ENSP00000418082	RPS14	RPL37A	9606	0.946	0	0	0	0	0.946	0	0	RPS14	RPL37A	0.847757042785024	1.23488165266432e-140	2.77656279147946e-139
9606.ENSP00000385958	9606.ENSP00000420311	RPS14	RPL23	9606	0.948	0	0	0	0	0.948	0	0	RPS14	RPL23	0.852197673183467	1.31304784960128e-143	3.25622993682984e-142
9606.ENSP00000385958	9606.ENSP00000386717	RPS14	RPL31	9606	0.951	0	0	0	0	0.951	0	0	RPS14	RPL31	0.836985313438176	8.42283948620803e-134	1.52182660574023e-132
9606.ENSP00000385958	9606.ENSP00000388107	RPS14	UBA52	9606	0.959	0	0	0	0	0.915	0.54	0	RPS14	UBA52	0.842929355047306	1.65247021238682e-137	3.27837129586859e-136
9606.ENSP00000385958	9606.ENSP00000389103	RPS14	RPL23A	9606	0.964	0	0	0	0	0.951	0	0.305	RPS14	RPL23A	0.773522911297341	1.07882866514828e-101	7.62261762148762e-101
9606.ENSP00000385958	9606.ENSP00000498019	RPS14	RPS17	9606	0.989	0	0	0	0	0.895	0.9	0	RPS14	RPS17	0.807526466932407	2.08655702207999e-117	2.24593446270269e-116
9606.ENSP00000385958	9606.ENSP00000481646	RPS14	RPS10	9606	0.993	0	0	0	0	0.934	0.9	0	RPS14	RPS10	0.728617923904191	1.03430130355397e-84	5.0751991219006e-84
9606.ENSP00000385958	9606.ENSP00000431822	RPS14	FAU	9606	0.994	0	0	0	0	0.947	0.9	0	RPS14	FAU	0.809082802690207	3.3560141347893e-118	3.70700338600417e-117
9606.ENSP00000385958	9606.ENSP00000414321	RPS14	RPS24	9606	0.994	0	0	0	0	0.944	0.9	0	RPS14	RPS24	0.806801083835092	4.86231784748736e-117	5.18954978701236e-116
9606.ENSP00000385958	9606.ENSP00000435096	RPS14	RPS25	9606	0.995	0	0	0	0	0.957	0.9	0	RPS14	RPS25	0.766319209560708	1.02924250441399e-98	6.74473812154194e-98
9606.ENSP00000385958	9606.ENSP00000495273	RPS14	RPS7	9606	0.995	0	0	0	0	0.957	0.9	0.091	RPS14	RPS7	0.812920670949082	3.44516338586589e-120	3.99749577272834e-119
9606.ENSP00000385958	9606.ENSP00000429374	RPS14	RPS20	9606	0.996	0	0	0	0	0.964	0.9	0.164	RPS14	RPS20	0.814955191171291	2.91266317162293e-121	3.47527428897179e-120
9606.ENSP00000385958	9606.ENSP00000466010	RPS14	RPS15	9606	0.996	0	0	0	0	0.962	0.9	0.15	RPS14	RPS15	0.73338970543017	2.37307359547109e-86	1.20778463978755e-85
9606.ENSP00000385958	9606.ENSP00000393241	RPS14	RPS18	9606	0.997	0	0	0	0	0.965	0.9	0.435	RPS14	RPS18	0.795322140909743	2.00000913490136e-111	1.79716629013606e-110
9606.ENSP00000385958	9606.ENSP00000472985	RPS14	RPS5	9606	0.998	0	0	0	0	0.983	0.9	0.053	RPS14	RPS5	0.759958014434984	3.5940783580766e-96	2.21467020871005e-95
9606.ENSP00000386541	9606.ENSP00000440485	PSMD14	PSMD9	9606	0.899	0	0	0	0	0.657	0.72	0	PSMD14	PSMD9	0.385647011906159	2.3589104864503e-19	4.16389677283744e-19
9606.ENSP00000386541	9606.ENSP00000484998	PSMD14	PSMC6	9606	0.996	0	0	0	0	0.979	0.72	0.481	PSMD14	PSMC6	0.413227596051531	3.01397925712763e-22	5.60371961110204e-22
9606.ENSP00000386541	9606.ENSP00000396937	PSMD14	PSMD13	9606	0.999	0	0	0	0	0.99	0.72	0.985	PSMD14	PSMD13	0.377202471799975	1.60513857461166e-18	2.79243330431926e-18
9606.ENSP00000386541	9606.ENSP00000418695	PSMD14	PSMD6	9606	0.999	0	0	0	0	0.969	0.72	0.97	PSMD14	PSMD6	0.52267220510871	9.51421265338428e-37	2.22115375235215e-36
9606.ENSP00000386717	9606.ENSP00000448035	RPL31	NACA	9606	0.832	0	0	0	0	0.831	0	0	RPL31	NACA	0.728498843673187	1.13529722526161e-84	5.56537661104503e-84
9606.ENSP00000386717	9606.ENSP00000388107	RPL31	UBA52	9606	0.947	0	0	0	0	0.947	0	0	RPL31	UBA52	0.812572561603986	5.2417019525132e-120	6.02676594949189e-119
9606.ENSP00000386717	9606.ENSP00000431822	RPL31	FAU	9606	0.947	0	0	0	0	0.947	0	0	RPL31	FAU	0.77735574799716	2.52522708888423e-103	1.84878782093564e-102
9606.ENSP00000386717	9606.ENSP00000452763	RPL31	RPL28	9606	0.947	0	0	0	0	0.947	0	0	RPL31	RPL28	0.709590431092799	1.65460066776269e-78	7.21605584328574e-78
9606.ENSP00000386717	9606.ENSP00000413436	RPL31	RPL10	9606	0.952	0	0	0	0	0.952	0	0	RPL31	RPL10	0.746156913828029	6.4498960852794e-91	3.59361501050975e-90
9606.ENSP00000386717	9606.ENSP00000481646	RPL31	RPS10	9606	0.952	0	0	0	0	0.952	0	0	RPL31	RPS10	0.778888789500068	5.50729577922358e-104	4.10935241107553e-103
9606.ENSP00000386717	9606.ENSP00000431240	RPL31	RPLP2	9606	0.962	0	0	0	0	0.962	0	0	RPL31	RPLP2	0.771244639991949	9.70724342924135e-101	6.67241093865924e-100
9606.ENSP00000386717	9606.ENSP00000466010	RPL31	RPS15	9606	0.964	0	0	0	0	0.964	0	0	RPL31	RPS15	0.69869030381299	3.55859244972033e-75	1.46603576572762e-74
9606.ENSP00000386717	9606.ENSP00000429374	RPL31	RPS20	9606	0.964	0	0	0	0	0.964	0	0	RPL31	RPS20	0.835548896504557	6.29490137486766e-133	1.08689099165377e-131
9606.ENSP00000386717	9606.ENSP00000495273	RPL31	RPS7	9606	0.966	0	0	0	0	0.966	0	0	RPL31	RPS7	0.820461487142503	3.10995371756828e-124	4.12946347957426e-123
9606.ENSP00000386717	9606.ENSP00000414321	RPL31	RPS24	9606	0.967	0	0	0	0	0.967	0	0	RPL31	RPS24	0.839718288599046	1.7367000303945e-135	3.3029945314909e-134
9606.ENSP00000386717	9606.ENSP00000435096	RPL31	RPS25	9606	0.968	0	0	0	0	0.967	0	0	RPL31	RPS25	0.794943655856269	3.01993867136003e-111	2.68976579901591e-110
9606.ENSP00000386717	9606.ENSP00000472985	RPL31	RPS5	9606	0.969	0	0	0	0	0.968	0	0	RPL31	RPS5	0.735141992460116	5.81292753063683e-87	3.00077554872365e-86
9606.ENSP00000386717	9606.ENSP00000449328	RPL31	RPLP0	9606	0.969	0	0	0	0	0.969	0	0	RPL31	RPLP0	0.689726208645709	1.5171243176319e-72	5.95895335628865e-72
9606.ENSP00000386717	9606.ENSP00000498019	RPL31	RPS17	9606	0.969	0	0	0	0	0.969	0	0	RPL31	RPS17	0.890587257483512	3.0952399332726e-174	2.44669044100407e-172
9606.ENSP00000386717	9606.ENSP00000420311	RPL31	RPL23	9606	0.97	0	0	0	0	0.969	0	0	RPL31	RPL23	0.869044357851934	7.59786383496117e-156	2.89004459707282e-154
9606.ENSP00000386717	9606.ENSP00000393241	RPL31	RPS18	9606	0.973	0	0	0	0	0.973	0	0	RPL31	RPS18	0.786015806549599	3.93665293218943e-107	3.12645638680476e-106
9606.ENSP00000386717	9606.ENSP00000389103	RPL31	RPL23A	9606	0.973	0	0	0	0	0.973	0	0	RPL31	RPL23A	0.790460257205845	3.72962305586755e-109	3.15521121064113e-108
9606.ENSP00000386717	9606.ENSP00000464813	RPL31	RPL27	9606	0.974	0	0	0	0	0.974	0	0	RPL31	RPL27	0.828158840728793	1.45688554051754e-128	2.16140291773556e-127
9606.ENSP00000386717	9606.ENSP00000418082	RPL31	RPL37A	9606	0.974	0	0	0	0	0.974	0	0	RPL31	RPL37A	0.91476669406071	3.88910527559312e-200	6.34676889975019e-198
9606.ENSP00000386717	9606.ENSP00000416429	RPL31	RPL32	9606	0.994	0	0	0	0	0.947	0.9	0	RPL31	RPL32	0.882233378617365	1.11577671803263e-166	7.23681335452187e-165
9606.ENSP00000388107	9606.ENSP00000448035	UBA52	NACA	9606	0.8	0	0	0	0	0.8	0	0	UBA52	NACA	0.678263198990706	2.5543609715285e-69	9.57223122589829e-69
9606.ENSP00000388107	9606.ENSP00000396937	UBA52	PSMD13	9606	0.835	0	0	0	0	0.835	0	0	UBA52	PSMD13	0.594814512507151	1.20659954725153e-49	3.36504250801846e-49
9606.ENSP00000388107	9606.ENSP00000418695	UBA52	PSMD6	9606	0.835	0	0	0	0	0.835	0	0	UBA52	PSMD6	0.34855529031164	7.15906768312116e-16	1.18513492830203e-15
9606.ENSP00000388107	9606.ENSP00000484998	UBA52	PSMC6	9606	0.887	0	0	0	0	0.887	0	0	UBA52	PSMC6	0.426874861399183	8.80341565111809e-24	1.68634910181774e-23
9606.ENSP00000388107	9606.ENSP00000413436	UBA52	RPL10	9606	0.895	0	0	0	0	0.895	0	0	UBA52	RPL10	0.800326119568478	7.92155911821962e-114	7.66255594246139e-113
9606.ENSP00000388107	9606.ENSP00000431240	UBA52	RPLP2	9606	0.944	0	0	0	0	0.944	0	0	UBA52	RPLP2	0.824286031087581	2.33405770976313e-126	3.24395548178343e-125
9606.ENSP00000388107	9606.ENSP00000389103	UBA52	RPL23A	9606	0.947	0	0	0	0	0.947	0	0	UBA52	RPL23A	0.797913487000874	1.16274453207383e-112	1.07341689557692e-111
9606.ENSP00000388107	9606.ENSP00000420311	UBA52	RPL23	9606	0.947	0	0	0	0	0.947	0	0	UBA52	RPL23	0.834455930065056	2.8709241047493e-132	4.8413350153089e-131
9606.ENSP00000388107	9606.ENSP00000418082	UBA52	RPL37A	9606	0.947	0	0	0	0	0.947	0	0	UBA52	RPL37A	0.839472114913355	2.4709447329408e-135	4.66436918057742e-134
9606.ENSP00000388107	9606.ENSP00000449328	UBA52	RPLP0	9606	0.947	0	0	0	0	0.947	0	0	UBA52	RPLP0	0.755305872202127	2.32126663706434e-94	1.37509226193308e-93
9606.ENSP00000388107	9606.ENSP00000464813	UBA52	RPL27	9606	0.947	0	0	0	0	0.947	0	0	UBA52	RPL27	0.872772184050703	8.75239298995753e-159	3.72087026354581e-157
9606.ENSP00000388107	9606.ENSP00000452763	UBA52	RPL28	9606	0.947	0	0	0	0	0.947	0	0	UBA52	RPL28	0.81865506426419	3.01122208818558e-123	3.85665127699515e-122
9606.ENSP00000388107	9606.ENSP00000481646	UBA52	RPS10	9606	0.949	0	0	0	0	0.895	0.54	0	UBA52	RPS10	0.758877440539085	9.54340969528466e-96	5.8238974244204e-95
9606.ENSP00000388107	9606.ENSP00000392025	UBA52	CYLD	9606	0.957	0	0	0	0	0.918	0.5	0	UBA52	CYLD	-0.311818200453586	7.53293008556725e-13	1.17330952287207e-12
9606.ENSP00000388107	9606.ENSP00000467024	UBA52	RAD23A	9606	0.964	0	0	0	0	0.931	0.5	0	UBA52	RAD23A	0.63092890034345	2.01954434712209e-57	6.36962272574231e-57
9606.ENSP00000388107	9606.ENSP00000416429	UBA52	RPL32	9606	0.965	0	0	0	0	0.957	0	0.228	UBA52	RPL32	0.877791443740647	6.84950055106488e-163	3.57233229771518e-161
9606.ENSP00000388107	9606.ENSP00000414321	UBA52	RPS24	9606	0.974	0	0	0	0	0.947	0.54	0	UBA52	RPS24	0.795918473834961	1.0430106832644e-111	9.43933997609052e-111
9606.ENSP00000388107	9606.ENSP00000393241	UBA52	RPS18	9606	0.974	0	0	0	0	0.947	0.54	0	UBA52	RPS18	0.79848671202524	6.16214740523587e-113	5.74112407423357e-112
9606.ENSP00000388107	9606.ENSP00000431822	UBA52	FAU	9606	0.974	0	0	0	0	0.947	0.54	0	UBA52	FAU	0.777147311004392	3.10322730439819e-103	2.25888157308639e-102
9606.ENSP00000388107	9606.ENSP00000466010	UBA52	RPS15	9606	0.974	0	0	0	0	0.947	0.54	0	UBA52	RPS15	0.762210102997877	4.6173780350096e-97	2.90538749740218e-96
9606.ENSP00000388107	9606.ENSP00000498019	UBA52	RPS17	9606	0.974	0	0	0	0	0.947	0.54	0	UBA52	RPS17	0.815941656277429	8.69534296496767e-122	1.05238612583185e-120
9606.ENSP00000388107	9606.ENSP00000472985	UBA52	RPS5	9606	0.978	0	0	0	0	0.955	0.54	0	UBA52	RPS5	0.770691354849771	1.64870352017893e-100	1.12865914865835e-99
9606.ENSP00000388107	9606.ENSP00000495273	UBA52	RPS7	9606	0.978	0	0	0	0	0.955	0.54	0	UBA52	RPS7	0.761489471928559	8.92561777316714e-97	5.57465435980896e-96
9606.ENSP00000388107	9606.ENSP00000435096	UBA52	RPS25	9606	0.979	0	0	0	0	0.957	0.54	0	UBA52	RPS25	0.756480368533748	8.17687842629125e-95	4.88969597619473e-94
9606.ENSP00000388107	9606.ENSP00000429374	UBA52	RPS20	9606	0.979	0	0	0	0	0.957	0.54	0	UBA52	RPS20	0.845799859489054	2.35548149410663e-139	4.94455638119727e-138
9606.ENSP00000389103	9606.ENSP00000448035	RPL23A	NACA	9606	0.814	0	0	0	0	0.814	0	0	RPL23A	NACA	0.606449526940272	4.8401828733114e-52	1.40404158005059e-51
9606.ENSP00000389103	9606.ENSP00000481646	RPL23A	RPS10	9606	0.939	0	0	0	0	0.939	0	0	RPL23A	RPS10	0.790995186475169	2.11254598559371e-109	1.79922056247787e-108
9606.ENSP00000389103	9606.ENSP00000413436	RPL23A	RPL10	9606	0.953	0	0	0	0	0.952	0	0.048	RPL23A	RPL10	0.726076241164489	7.4755628012248e-84	3.6052309067108e-83
9606.ENSP00000389103	9606.ENSP00000431822	RPL23A	FAU	9606	0.958	0	0	0	0	0.958	0	0	RPL23A	FAU	0.672994504419386	6.94003759269201e-68	2.53865872606138e-67
9606.ENSP00000389103	9606.ENSP00000393241	RPL23A	RPS18	9606	0.964	0	0	0	0	0.964	0	0	RPL23A	RPS18	0.693723875493139	1.04761871771127e-73	4.21295953330788e-73
9606.ENSP00000389103	9606.ENSP00000431240	RPL23A	RPLP2	9606	0.965	0	0	0	0	0.965	0	0	RPL23A	RPLP2	0.752779284139594	2.14713021444092e-93	1.25142070908486e-92
9606.ENSP00000389103	9606.ENSP00000414321	RPL23A	RPS24	9606	0.967	0	0	0	0	0.967	0	0	RPL23A	RPS24	0.722639593151862	1.04668524472316e-82	4.96268102441845e-82
9606.ENSP00000389103	9606.ENSP00000495273	RPL23A	RPS7	9606	0.967	0	0	0	0	0.967	0	0	RPL23A	RPS7	0.686265893670112	1.48137909298134e-71	5.7559883497639e-71
9606.ENSP00000389103	9606.ENSP00000466010	RPL23A	RPS15	9606	0.968	0	0	0	0	0.968	0	0	RPL23A	RPS15	0.691968606798568	3.40583710688118e-73	1.35456996255597e-72
9606.ENSP00000389103	9606.ENSP00000452763	RPL23A	RPL28	9606	0.968	0	0	0	0	0.967	0	0	RPL23A	RPL28	0.686466317439197	1.29934026583843e-71	5.05254604525488e-71
9606.ENSP00000389103	9606.ENSP00000472985	RPL23A	RPS5	9606	0.969	0	0	0	0	0.969	0	0	RPL23A	RPS5	0.707402355142346	7.9433732044587e-78	3.41133489315421e-77
9606.ENSP00000389103	9606.ENSP00000464813	RPL23A	RPL27	9606	0.97	0	0	0	0	0.967	0	0.114	RPL23A	RPL27	0.805587919040351	1.9854020661876e-116	2.09689959349542e-115
9606.ENSP00000389103	9606.ENSP00000498019	RPL23A	RPS17	9606	0.97	0	0	0	0	0.969	0	0	RPL23A	RPS17	0.777062799447647	3.37348958540356e-103	2.45208100755124e-102
9606.ENSP00000389103	9606.ENSP00000420311	RPL23A	RPL23	9606	0.971	0	0	0	0	0.971	0	0	RPL23A	RPL23	0.774411354178896	4.5482040932086e-102	3.22711984678012e-101
9606.ENSP00000389103	9606.ENSP00000429374	RPL23A	RPS20	9606	0.973	0	0	0	0	0.973	0	0	RPL23A	RPS20	0.727712150096997	2.09836926650216e-84	1.02270232362566e-83
9606.ENSP00000389103	9606.ENSP00000449328	RPL23A	RPLP0	9606	0.974	0	0	0	0	0.974	0	0	RPL23A	RPLP0	0.656576061332841	1.33529416891001e-63	4.59853859803657e-63
9606.ENSP00000389103	9606.ENSP00000418082	RPL23A	RPL37A	9606	0.975	0	0	0	0	0.975	0	0	RPL23A	RPL37A	0.817453546596896	1.34426849011776e-122	1.69170504763824e-121
9606.ENSP00000389103	9606.ENSP00000416429	RPL23A	RPL32	9606	0.976	0	0	0	0	0.975	0	0	RPL23A	RPL32	0.777787064420728	1.64726308808742e-103	1.20950710633298e-102
9606.ENSP00000389103	9606.ENSP00000435096	RPL23A	RPS25	9606	0.976	0	0	0	0	0.976	0	0	RPL23A	RPS25	0.721706704831974	2.12795906141353e-82	1.00142743178522e-81
9606.ENSP00000391457	9606.ENSP00000497609	INO80C	INO80	9606	0.965	0	0	0	0	0.671	0.9	0	INO80C	INO80	-0.464894439754534	1.92016212352059e-28	3.97629970646364e-28
9606.ENSP00000391942	9606.ENSP00000403362	NECAP2	AP2M1	9606	0.904	0	0	0	0	0.673	0.72	0	NECAP2	AP2M1	0.550022455661715	2.85824978785027e-41	7.07084874167947e-41
9606.ENSP00000393241	9606.ENSP00000429931	RPS18	EIF3H	9606	0.808	0	0	0	0	0.808	0	0	RPS18	EIF3H	0.621407047537052	2.84740837737537e-55	8.74092171185801e-55
9606.ENSP00000393241	9606.ENSP00000431800	RPS18	EIF3F	9606	0.824	0	0	0	0	0.824	0	0	RPS18	EIF3F	0.643920106296344	1.77453433204779e-60	5.82189960170543e-60
9606.ENSP00000393241	9606.ENSP00000431240	RPS18	RPLP2	9606	0.935	0	0	0	0	0.934	0	0	RPS18	RPLP2	0.762682976372171	2.992335690699e-97	1.90417940367878e-96
9606.ENSP00000393241	9606.ENSP00000413436	RPS18	RPL10	9606	0.943	0	0	0	0	0.943	0	0	RPS18	RPL10	0.716225380302005	1.29827670742576e-80	5.88001957284415e-80
9606.ENSP00000393241	9606.ENSP00000452763	RPS18	RPL28	9606	0.952	0	0	0	0	0.952	0	0	RPS18	RPL28	0.718414294845633	2.54384440821047e-81	1.17206820228932e-80
9606.ENSP00000393241	9606.ENSP00000449328	RPS18	RPLP0	9606	0.958	0	0	0	0	0.957	0	0	RPS18	RPLP0	0.774638147044518	3.6459419530128e-102	2.5978620197594e-101
9606.ENSP00000393241	9606.ENSP00000416429	RPS18	RPL32	9606	0.964	0	0	0	0	0.964	0	0	RPS18	RPL32	0.858639000546017	4.23910216165766e-148	1.19807920870537e-146
9606.ENSP00000393241	9606.ENSP00000464813	RPS18	RPL27	9606	0.965	0	0	0	0	0.965	0	0	RPS18	RPL27	0.840322075685829	7.29497700828138e-136	1.41399573505347e-134
9606.ENSP00000393241	9606.ENSP00000420311	RPS18	RPL23	9606	0.967	0	0	0	0	0.967	0	0	RPS18	RPL23	0.823991405351715	3.41674496363246e-126	4.70989448801542e-125
9606.ENSP00000393241	9606.ENSP00000418082	RPS18	RPL37A	9606	0.969	0	0	0	0	0.965	0	0.153	RPS18	RPL37A	0.756644732796261	7.06264765397605e-95	4.23842639163284e-94
9606.ENSP00000393241	9606.ENSP00000498019	RPS18	RPS17	9606	0.994	0	0	0	0	0.947	0.9	0	RPS18	RPS17	0.846477722306392	8.52369032420103e-140	1.84279270727064e-138
9606.ENSP00000393241	9606.ENSP00000431822	RPS18	FAU	9606	0.995	0	0	0	0	0.952	0.9	0	RPS18	FAU	0.674898110929105	2.1215984822479e-68	7.82871387431958e-68
9606.ENSP00000393241	9606.ENSP00000481646	RPS18	RPS10	9606	0.995	0	0	0	0	0.953	0.9	0	RPS18	RPS10	0.720409028480488	5.68216642990084e-82	2.65185239565206e-81
9606.ENSP00000393241	9606.ENSP00000414321	RPS18	RPS24	9606	0.995	0	0	0	0	0.952	0.9	0	RPS18	RPS24	0.799642945661026	1.70134969039662e-113	1.63013789464327e-112
9606.ENSP00000393241	9606.ENSP00000472985	RPS18	RPS5	9606	0.996	0	0	0	0	0.963	0.9	0.065	RPS18	RPS5	0.710343767295984	9.60843346633608e-79	4.20857704815534e-78
9606.ENSP00000393241	9606.ENSP00000495273	RPS18	RPS7	9606	0.996	0	0	0	0	0.961	0.9	0.098	RPS18	RPS7	0.742070262926914	1.99718178447226e-89	1.08293061603914e-88
9606.ENSP00000393241	9606.ENSP00000429374	RPS18	RPS20	9606	0.997	0	0	0	0	0.97	0.9	0.363	RPS18	RPS20	0.761776270794781	6.8681606207498e-97	4.29493505319817e-96
9606.ENSP00000393241	9606.ENSP00000466010	RPS18	RPS15	9606	0.998	0	0	0	0	0.987	0.9	0.109	RPS18	RPS15	0.610272207344958	7.50998544692825e-53	2.2024937029571e-52
9606.ENSP00000393241	9606.ENSP00000435096	RPS18	RPS25	9606	0.999	0	0	0	0	0.984	0.9	0.462	RPS18	RPS25	0.792996069793315	2.48303096815857e-110	2.16954294782628e-109
9606.ENSP00000394331	9606.ENSP00000431822	COMMD5	FAU	9606	0.749	0	0	0	0	0.749	0	0	COMMD5	FAU	0.743905197973213	4.31048098666758e-90	2.3677224008199e-89
9606.ENSP00000396301	9606.ENSP00000412566	IK	SNRPB	9606	0.982	0	0	0	0	0.831	0.9	0	IK	SNRPB	0.605396533442164	8.0509170766635e-52	2.32740511376232e-51
9606.ENSP00000396937	9606.ENSP00000440485	PSMD13	PSMD9	9606	0.921	0	0	0	0	0.665	0.72	0.235	PSMD13	PSMD9	0.588322217314899	2.3821514858172e-48	6.53896058966317e-48
9606.ENSP00000396937	9606.ENSP00000481021	PSMD13	SEM1	9606	0.97	0	0	0	0	0.457	0.36	0.922	PSMD13	SEM1	0.735483672590862	4.41269607384669e-87	2.28493648286493e-86
9606.ENSP00000396937	9606.ENSP00000484998	PSMD13	PSMC6	9606	0.996	0	0	0	0	0.984	0.72	0.179	PSMD13	PSMC6	0.457519199124881	1.71396910247451e-27	3.48651776816186e-27
9606.ENSP00000396937	9606.ENSP00000418695	PSMD13	PSMD6	9606	0.999	0	0	0	0	0.983	0.72	0.984	PSMD13	PSMD6	0.547978245029472	6.43619546525867e-41	1.58369225966652e-40
9606.ENSP00000398211	9606.ENSP00000406012	TTC21A	IFT140	9606	0.73	0	0	0	0	0.438	0.54	0	TTC21A	IFT140	0.301928205242885	4.19141267115513e-12	6.4022816133375e-12
9606.ENSP00000401470	9606.ENSP00000497402	RANGAP1	RCC1	9606	0.723	0	0	0	0	0.671	0	0.194	RANGAP1	RCC1	0.419673023202941	5.79640962604263e-23	1.09418045888618e-22
9606.ENSP00000402935	9606.ENSP00000480853	TBC1D5	VPS29	9606	0.999	0	0	0	0	0.963	0.9	0.923	TBC1D5	VPS29	-0.368655623326308	1.05676782107614e-17	1.81042614521646e-17
9606.ENSP00000412566	9606.ENSP00000451291	SNRPB	HNRNPC	9606	0.759	0	0	0	0	0.176	0.72	0	SNRPB	HNRNPC	0.416365425362412	1.35679302577388e-22	2.54128690018144e-22
9606.ENSP00000413436	9606.ENSP00000448035	RPL10	NACA	9606	0.831	0	0	0	0	0.83	0	0	RPL10	NACA	0.669117594989312	7.5470368564501e-67	2.71940594421517e-66
9606.ENSP00000413436	9606.ENSP00000452763	RPL10	RPL28	9606	0.895	0	0	0	0	0.895	0	0	RPL10	RPL28	0.740640927446782	6.53434974381448e-89	3.49812437608016e-88
9606.ENSP00000413436	9606.ENSP00000416429	RPL10	RPL32	9606	0.906	0	0	0	0	0.906	0	0	RPL10	RPL32	0.831033444959403	3.09698782420124e-130	4.8657333548553e-129
9606.ENSP00000413436	9606.ENSP00000449328	RPL10	RPLP0	9606	0.93	0	0	0	0	0.929	0	0	RPL10	RPLP0	0.707752048496775	6.18790288184969e-78	2.67104101359024e-77
9606.ENSP00000413436	9606.ENSP00000414321	RPL10	RPS24	9606	0.93	0	0	0	0	0.929	0	0	RPL10	RPS24	0.768233065542579	1.70405870140883e-99	1.1388154518398e-98
9606.ENSP00000413436	9606.ENSP00000472985	RPL10	RPS5	9606	0.93	0	0	0	0	0.929	0	0	RPL10	RPS5	0.708815011935976	2.88977318834269e-78	1.25488090642281e-77
9606.ENSP00000413436	9606.ENSP00000498019	RPL10	RPS17	9606	0.936	0	0	0	0	0.936	0	0	RPL10	RPS17	0.771361111266406	8.68133445128036e-101	5.99984576352833e-100
9606.ENSP00000413436	9606.ENSP00000418082	RPL10	RPL37A	9606	0.936	0	0	0	0	0.936	0	0	RPL10	RPL37A	0.783105608697516	7.83545517258109e-106	6.05184239970805e-105
9606.ENSP00000413436	9606.ENSP00000466010	RPL10	RPS15	9606	0.936	0	0	0	0	0.936	0	0	RPL10	RPS15	0.742453220477327	1.45181887773974e-89	7.89758247579071e-89
9606.ENSP00000413436	9606.ENSP00000435096	RPL10	RPS25	9606	0.942	0	0	0	0	0.941	0	0	RPL10	RPS25	0.754288751856552	5.70258583419102e-94	3.35848448605033e-93
9606.ENSP00000413436	9606.ENSP00000481646	RPL10	RPS10	9606	0.943	0	0	0	0	0.943	0	0	RPL10	RPS10	0.720659022423981	4.70466237056538e-82	2.19971228583089e-81
9606.ENSP00000413436	9606.ENSP00000464813	RPL10	RPL27	9606	0.944	0	0	0	0	0.944	0	0	RPL10	RPL27	0.759264031993261	6.73329115146199e-96	4.1239370381654e-95
9606.ENSP00000413436	9606.ENSP00000429374	RPL10	RPS20	9606	0.945	0	0	0	0	0.944	0	0	RPL10	RPS20	0.808126247407349	1.03383640356091e-117	1.12719361327902e-116
9606.ENSP00000413436	9606.ENSP00000431822	RPL10	FAU	9606	0.947	0	0	0	0	0.947	0	0	RPL10	FAU	0.801076753638096	3.40842435511944e-114	3.32239283478791e-113
9606.ENSP00000413436	9606.ENSP00000495273	RPL10	RPS7	9606	0.949	0	0	0	0	0.949	0	0	RPL10	RPS7	0.724891309006677	1.86553883760167e-83	8.96273597286501e-83
9606.ENSP00000413436	9606.ENSP00000420311	RPL10	RPL23	9606	0.954	0	0	0	0	0.948	0	0.16	RPL10	RPL23	0.792737224032962	3.27980154734752e-110	2.86077862552261e-109
9606.ENSP00000414321	9606.ENSP00000429931	RPS24	EIF3H	9606	0.808	0	0	0	0	0.808	0	0	RPS24	EIF3H	0.528546550307205	1.1005609097633e-37	2.59447234039727e-37
9606.ENSP00000414321	9606.ENSP00000431800	RPS24	EIF3F	9606	0.819	0	0	0	0	0.819	0	0	RPS24	EIF3F	0.608255763464545	2.01312734594983e-52	5.86659633822591e-52
9606.ENSP00000414321	9606.ENSP00000452763	RPS24	RPL28	9606	0.947	0	0	0	0	0.947	0	0	RPS24	RPL28	0.766643092880717	7.60098752575934e-99	5.00695259021048e-98
9606.ENSP00000414321	9606.ENSP00000416429	RPS24	RPL32	9606	0.947	0	0	0	0	0.947	0	0	RPS24	RPL32	0.892036346491792	1.31041753336039e-175	1.08678726250332e-173
9606.ENSP00000414321	9606.ENSP00000431240	RPS24	RPLP2	9606	0.952	0	0	0	0	0.952	0	0	RPS24	RPLP2	0.77753585917598	2.11287360193356e-103	1.54913442785245e-102
9606.ENSP00000414321	9606.ENSP00000420311	RPS24	RPL23	9606	0.957	0	0	0	0	0.957	0	0	RPS24	RPL23	0.88702528637957	6.10452949704966e-171	4.41183067508203e-169
9606.ENSP00000414321	9606.ENSP00000449328	RPS24	RPLP0	9606	0.963	0	0	0	0	0.963	0	0.06	RPS24	RPLP0	0.699843276253091	1.60665656688583e-75	6.66782245436868e-75
9606.ENSP00000414321	9606.ENSP00000418082	RPS24	RPL37A	9606	0.967	0	0	0	0	0.967	0	0	RPS24	RPL37A	0.847151858042947	3.08657365137881e-140	6.81876685691066e-139
9606.ENSP00000414321	9606.ENSP00000464813	RPS24	RPL27	9606	0.984	0	0	0	0	0.957	0	0.639	RPS24	RPL27	0.79920473413801	2.77371467759873e-113	2.62284533719102e-112
9606.ENSP00000414321	9606.ENSP00000481646	RPS24	RPS10	9606	0.993	0	0	0	0	0.935	0.9	0	RPS24	RPS10	0.782756567582224	1.11816240311604e-105	8.61002069614009e-105
9606.ENSP00000414321	9606.ENSP00000498019	RPS24	RPS17	9606	0.995	0	0	0	0	0.957	0.9	0	RPS24	RPS17	0.845202967501719	5.74169342886374e-139	1.19046012527138e-137
9606.ENSP00000414321	9606.ENSP00000431822	RPS24	FAU	9606	0.995	0	0	0	0	0.952	0.9	0	RPS24	FAU	0.766554015650012	8.26224811513338e-99	5.4284043135662e-98
9606.ENSP00000414321	9606.ENSP00000429374	RPS24	RPS20	9606	0.996	0	0	0	0	0.952	0.9	0.28	RPS24	RPS20	0.876623097092318	6.41970830916716e-162	3.1840494447134e-160
9606.ENSP00000414321	9606.ENSP00000435096	RPS24	RPS25	9606	0.996	0	0	0	0	0.962	0.9	0	RPS24	RPS25	0.861486490263933	3.71900818650714e-150	1.16860015003352e-148
9606.ENSP00000414321	9606.ENSP00000472985	RPS24	RPS5	9606	0.996	0	0	0	0	0.962	0.9	0	RPS24	RPS5	0.615357343187735	6.05223845914047e-54	1.8063878681293e-53
9606.ENSP00000414321	9606.ENSP00000495273	RPS24	RPS7	9606	0.996	0	0	0	0	0.961	0.9	0	RPS24	RPS7	0.746158404660342	6.44174641444049e-91	3.59303143447127e-90
9606.ENSP00000414321	9606.ENSP00000466010	RPS24	RPS15	9606	0.997	0	0	0	0	0.972	0.9	0	RPS24	RPS15	0.663543932032955	2.1907253884194e-65	7.69644426389842e-65
9606.ENSP00000416250	9606.ENSP00000429323	EIF2B1	EIF2B4	9606	0.999	0	0	0	0	0.99	0.9	0.925	EIF2B1	EIF2B4	0.406496301804093	1.62364594308925e-21	2.97933435839265e-21
9606.ENSP00000416429	9606.ENSP00000448035	RPL32	NACA	9606	0.8	0	0	0	0	0.8	0	0	RPL32	NACA	0.795589652132915	1.49386582288583e-111	1.34714210302663e-110
9606.ENSP00000416429	9606.ENSP00000431240	RPL32	RPLP2	9606	0.868	0	0	0	0	0.868	0	0	RPL32	RPLP2	0.872495727833653	1.45619310011614e-158	6.13906741123964e-157
9606.ENSP00000416429	9606.ENSP00000481646	RPL32	RPS10	9606	0.895	0	0	0	0	0.895	0	0	RPL32	RPS10	0.79190170569852	8.03172730804469e-110	6.92206276855163e-109
9606.ENSP00000416429	9606.ENSP00000495273	RPL32	RPS7	9606	0.947	0	0	0	0	0.947	0	0	RPL32	RPS7	0.859839027380999	5.8343018660678e-149	1.77805621327934e-147
9606.ENSP00000416429	9606.ENSP00000472985	RPL32	RPS5	9606	0.947	0	0	0	0	0.947	0	0	RPL32	RPS5	0.741242012399998	3.97312908271418e-89	2.13830425845224e-88
9606.ENSP00000416429	9606.ENSP00000435096	RPL32	RPS25	9606	0.947	0	0	0	0	0.947	0	0	RPL32	RPS25	0.836390378168251	1.94216326330824e-133	3.45964927784379e-132
9606.ENSP00000416429	9606.ENSP00000498019	RPL32	RPS17	9606	0.947	0	0	0	0	0.947	0	0	RPL32	RPS17	0.873971651823567	9.48068040260349e-160	4.32096956367307e-158
9606.ENSP00000416429	9606.ENSP00000431822	RPL32	FAU	9606	0.954	0	0	0	0	0.954	0	0	RPL32	FAU	0.849799389876876	5.4459069555508e-142	1.281434571541e-140
9606.ENSP00000416429	9606.ENSP00000452763	RPL32	RPL28	9606	0.955	0	0	0	0	0.955	0	0	RPL32	RPL28	0.841711251870528	9.77975011432455e-137	1.91026084279413e-135
9606.ENSP00000416429	9606.ENSP00000449328	RPL32	RPLP0	9606	0.958	0	0	0	0	0.957	0	0	RPL32	RPLP0	0.774685667324496	3.48076060643227e-102	2.48366261042889e-101
9606.ENSP00000416429	9606.ENSP00000429374	RPL32	RPS20	9606	0.963	0	0	0	0	0.963	0	0	RPL32	RPS20	0.919974823569313	9.9388262785078e-207	1.79573293367753e-204
9606.ENSP00000416429	9606.ENSP00000464813	RPL32	RPL27	9606	0.967	0	0	0	0	0.966	0	0	RPL32	RPL27	0.866482735230045	7.04836526470082e-154	2.54697713386582e-152
9606.ENSP00000416429	9606.ENSP00000466010	RPL32	RPS15	9606	0.968	0	0	0	0	0.967	0	0	RPL32	RPS15	0.765903546876427	1.51760242332502e-98	9.9321483306614e-98
9606.ENSP00000416429	9606.ENSP00000418082	RPL32	RPL37A	9606	0.974	0	0	0	0	0.974	0	0	RPL32	RPL37A	0.903730621509356	1.83132260972428e-187	2.05881357391003e-185
9606.ENSP00000416429	9606.ENSP00000420311	RPL32	RPL23	9606	0.975	0	0	0	0	0.974	0	0	RPL32	RPL23	0.906057717572999	5.27693168381792e-190	6.06727213373519e-188
9606.ENSP00000418082	9606.ENSP00000448035	RPL37A	NACA	9606	0.8	0	0	0	0	0.8	0	0	RPL37A	NACA	0.714862200505765	3.55492308831592e-80	1.5971896895018e-79
9606.ENSP00000418082	9606.ENSP00000481646	RPL37A	RPS10	9606	0.931	0	0	0	0	0.93	0	0	RPL37A	RPS10	0.834173696872793	4.2405231530606e-132	7.08013420176025e-131
9606.ENSP00000418082	9606.ENSP00000431822	RPL37A	FAU	9606	0.947	0	0	0	0	0.947	0	0	RPL37A	FAU	0.809698609612514	1.6210338454408e-118	1.80237587342528e-117
9606.ENSP00000418082	9606.ENSP00000431240	RPL37A	RPLP2	9606	0.955	0	0	0	0	0.954	0	0	RPL37A	RPLP2	0.832058764882699	7.70434408811502e-131	1.23342647917006e-129
9606.ENSP00000418082	9606.ENSP00000452763	RPL37A	RPL28	9606	0.956	0	0	0	0	0.955	0	0	RPL37A	RPL28	0.812735714565245	4.3062224660605e-120	4.98516692352404e-119
9606.ENSP00000418082	9606.ENSP00000498019	RPL37A	RPS17	9606	0.957	0	0	0	0	0.957	0	0	RPL37A	RPS17	0.872180509976463	2.59825027482867e-158	1.07742197871789e-156
9606.ENSP00000418082	9606.ENSP00000466010	RPL37A	RPS15	9606	0.957	0	0	0	0	0.957	0	0	RPL37A	RPS15	0.767185010426508	4.5721435376757e-99	3.03151692753622e-98
9606.ENSP00000418082	9606.ENSP00000420311	RPL37A	RPL23	9606	0.967	0	0	0	0	0.967	0	0	RPL37A	RPL23	0.891579126856785	3.57123328185388e-175	2.86775701157124e-173
9606.ENSP00000418082	9606.ENSP00000495273	RPL37A	RPS7	9606	0.968	0	0	0	0	0.967	0	0	RPL37A	RPS7	0.8394066114686	2.71373471681478e-135	5.10363714957842e-134
9606.ENSP00000418082	9606.ENSP00000472985	RPL37A	RPS5	9606	0.968	0	0	0	0	0.967	0	0	RPL37A	RPS5	0.710342276463671	9.61879024114642e-79	4.20946884342212e-78
9606.ENSP00000418082	9606.ENSP00000449328	RPL37A	RPLP0	9606	0.969	0	0	0	0	0.969	0	0	RPL37A	RPLP0	0.676149664655906	9.68621966971178e-69	3.59784033106255e-68
9606.ENSP00000418082	9606.ENSP00000464813	RPL37A	RPL27	9606	0.971	0	0	0	0	0.971	0	0	RPL37A	RPL27	0.830795004966335	4.27430155661181e-130	6.67397888114171e-129
9606.ENSP00000418082	9606.ENSP00000429374	RPL37A	RPS20	9606	0.975	0	0	0	0	0.974	0	0	RPL37A	RPS20	0.879431266107977	2.84882246971409e-164	1.58375745871248e-162
9606.ENSP00000418082	9606.ENSP00000435096	RPL37A	RPS25	9606	0.983	0	0	0	0	0.973	0	0.403	RPL37A	RPS25	0.803687201018238	1.76403591228612e-115	1.79562528777776e-114
9606.ENSP00000418695	9606.ENSP00000440485	PSMD6	PSMD9	9606	0.917	0	0	0	0	0.622	0.72	0.284	PSMD6	PSMD9	0.50576393043031	3.75745658403844e-34	8.48236182893817e-34
9606.ENSP00000418695	9606.ENSP00000481021	PSMD6	SEM1	9606	0.945	0	0	0	0	0.457	0.36	0.855	PSMD6	SEM1	0.641594966950111	6.41130934145315e-60	2.09256864247816e-59
9606.ENSP00000418695	9606.ENSP00000484998	PSMD6	PSMC6	9606	0.997	0	0	0	0	0.984	0.72	0.511	PSMD6	PSMC6	0.556068805638328	2.50635626758831e-42	6.32086558211829e-42
9606.ENSP00000419465	9606.ENSP00000478927	WWTR1	YAP1	9606	0.943	0	0	0	0	0.457	0.9	0	WWTR1	YAP1	0.304550579281531	2.67576451011691e-12	4.10576058740717e-12
9606.ENSP00000420311	9606.ENSP00000448035	RPL23	NACA	9606	0.8	0	0	0	0	0.8	0	0	RPL23	NACA	0.808613190511598	5.83520307631016e-118	6.38967367165652e-117
9606.ENSP00000420311	9606.ENSP00000481646	RPL23	RPS10	9606	0.925	0	0	0	0	0.924	0	0	RPL23	RPS10	0.810557608555886	5.84819164998451e-119	6.54557556576806e-118
9606.ENSP00000420311	9606.ENSP00000431822	RPL23	FAU	9606	0.947	0	0	0	0	0.947	0	0	RPL23	FAU	0.818191881299931	5.36769306664988e-123	6.80580431683753e-122
9606.ENSP00000420311	9606.ENSP00000431240	RPL23	RPLP2	9606	0.952	0	0	0	0	0.951	0	0	RPL23	RPLP2	0.800515921157333	6.40248797938224e-114	6.20501660683808e-113
9606.ENSP00000420311	9606.ENSP00000466010	RPL23	RPS15	9606	0.957	0	0	0	0	0.957	0	0	RPL23	RPS15	0.692882766537523	1.84509346364755e-73	7.37891528268219e-73
9606.ENSP00000420311	9606.ENSP00000498019	RPL23	RPS17	9606	0.958	0	0	0	0	0.958	0	0	RPL23	RPS17	0.8894666174692	3.46340924280421e-173	2.65475566050705e-171
9606.ENSP00000420311	9606.ENSP00000452763	RPL23	RPL28	9606	0.965	0	0	0	0	0.965	0	0	RPL23	RPL28	0.773106969082001	1.61428855783942e-101	1.13583947345057e-100
9606.ENSP00000420311	9606.ENSP00000495273	RPL23	RPS7	9606	0.967	0	0	0	0	0.967	0	0	RPL23	RPS7	0.800208250638728	9.04024631122195e-114	8.72797826115875e-113
9606.ENSP00000420311	9606.ENSP00000449328	RPL23	RPLP0	9606	0.968	0	0	0	0	0.968	0	0	RPL23	RPLP0	0.676723821450468	6.75117103670049e-69	2.51503492449689e-68
9606.ENSP00000420311	9606.ENSP00000472985	RPL23	RPS5	9606	0.968	0	0	0	0	0.967	0	0	RPL23	RPS5	0.677998017193024	3.02119696271201e-69	1.13049078656509e-68
9606.ENSP00000420311	9606.ENSP00000464813	RPL23	RPL27	9606	0.97	0	0	0	0	0.97	0	0	RPL23	RPL27	0.898939179632249	1.97294662309423e-182	2.0369667278028e-180
9606.ENSP00000420311	9606.ENSP00000429374	RPL23	RPS20	9606	0.971	0	0	0	0	0.971	0	0	RPL23	RPS20	0.892616373438586	3.64940636483933e-176	3.12921132198681e-174
9606.ENSP00000420311	9606.ENSP00000435096	RPL23	RPS25	9606	0.974	0	0	0	0	0.974	0	0	RPL23	RPS25	0.881566324334296	4.22781540067293e-166	2.64055779160547e-164
9606.ENSP00000422176	9606.ENSP00000431984	CAST	CAPN1	9606	0.938	0	0	0	0	0.766	0.5	0.512	CAST	CAPN1	0.501443964272204	1.64174423409507e-33	3.66530630198012e-33
9606.ENSP00000429374	9606.ENSP00000431800	RPS20	EIF3F	9606	0.82	0	0	0	0	0.82	0	0	RPS20	EIF3F	0.565316997538263	5.4920982718964e-44	1.41038198769157e-43
9606.ENSP00000429374	9606.ENSP00000429931	RPS20	EIF3H	9606	0.826	0	0	0	0	0.825	0	0	RPS20	EIF3H	0.446047617184079	4.64945945287156e-26	9.22778162890436e-26
9606.ENSP00000429374	9606.ENSP00000452763	RPS20	RPL28	9606	0.949	0	0	0	0	0.947	0	0.081	RPS20	RPL28	0.848060520337748	7.78869211153263e-141	1.80747676111209e-139
9606.ENSP00000429374	9606.ENSP00000431240	RPS20	RPLP2	9606	0.971	0	0	0	0	0.971	0	0	RPS20	RPLP2	0.847934451830276	9.43337475631185e-141	2.15943180507609e-139
9606.ENSP00000429374	9606.ENSP00000449328	RPS20	RPLP0	9606	0.973	0	0	0	0	0.969	0	0.162	RPS20	RPLP0	0.714232137499464	5.6514276354965e-80	2.5279020696708e-79
9606.ENSP00000429374	9606.ENSP00000464813	RPS20	RPL27	9606	0.974	0	0	0	0	0.967	0	0.242	RPS20	RPL27	0.816497736730195	4.38472409507947e-122	5.41032175536757e-121
9606.ENSP00000429374	9606.ENSP00000466010	RPS20	RPS15	9606	0.994	0	0	0	0	0.947	0.9	0	RPS20	RPS15	0.760388958150473	2.43118661401556e-96	1.50175495486016e-95
9606.ENSP00000429374	9606.ENSP00000431822	RPS20	FAU	9606	0.995	0	0	0	0	0.952	0.9	0	RPS20	FAU	0.852510468438148	8.03835834303751e-144	2.0231868088272e-142
9606.ENSP00000429374	9606.ENSP00000498019	RPS20	RPS17	9606	0.995	0	0	0	0	0.952	0.9	0	RPS20	RPS17	0.825271005361405	6.49476765379786e-127	9.1016702383832e-126
9606.ENSP00000429374	9606.ENSP00000495273	RPS20	RPS7	9606	0.996	0	0	0	0	0.964	0.9	0	RPS20	RPS7	0.828814527415474	6.09100447452257e-129	9.19832586167453e-128
9606.ENSP00000429374	9606.ENSP00000472985	RPS20	RPS5	9606	0.996	0	0	0	0	0.963	0.9	0.139	RPS20	RPS5	0.644647725642129	1.18443609276551e-60	3.90362357869752e-60
9606.ENSP00000429374	9606.ENSP00000481646	RPS20	RPS10	9606	0.997	0	0	0	0	0.952	0.9	0.462	RPS20	RPS10	0.803291291862105	2.77202923787287e-115	2.79914090107762e-114
9606.ENSP00000429374	9606.ENSP00000435096	RPS20	RPS25	9606	0.998	0	0	0	0	0.975	0.9	0.282	RPS20	RPS25	0.836937140919061	9.01345764161837e-134	1.62274313910845e-132
9606.ENSP00000429931	9606.ENSP00000498019	EIF3H	RPS17	9606	0.8	0	0	0	0	0.8	0	0	EIF3H	RPS17	0.591931242813722	4.5760227492024e-49	1.26641679913649e-48
9606.ENSP00000429931	9606.ENSP00000435096	EIF3H	RPS25	9606	0.807	0	0	0	0	0.807	0	0	EIF3H	RPS25	0.577527939129317	2.93150899872967e-46	7.80142242218486e-46
9606.ENSP00000429931	9606.ENSP00000495273	EIF3H	RPS7	9606	0.807	0	0	0	0	0.807	0	0	EIF3H	RPS7	0.438158318937484	4.18847502270728e-25	8.19709676590953e-25
9606.ENSP00000429931	9606.ENSP00000481646	EIF3H	RPS10	9606	0.818	0	0	0	0	0.818	0	0	EIF3H	RPS10	0.414056498817584	2.44302978030115e-22	4.55054773878628e-22
9606.ENSP00000429931	9606.ENSP00000472985	EIF3H	RPS5	9606	0.819	0	0	0	0	0.819	0	0	EIF3H	RPS5	0.639476121525196	2.04702348010038e-59	6.63839217040246e-59
9606.ENSP00000429931	9606.ENSP00000431822	EIF3H	FAU	9606	0.868	0	0	0	0	0.868	0	0	EIF3H	FAU	0.3043256499563	2.7812695450599e-12	4.26377049347212e-12
9606.ENSP00000429931	9606.ENSP00000431800	EIF3H	EIF3F	9606	0.999	0	0	0	0	0.98	0.9	0.966	EIF3H	EIF3F	0.681789762827214	2.69461631771939e-70	1.02266046146604e-69
9606.ENSP00000430706	9606.ENSP00000431822	EIF5AL1	FAU	9606	0.749	0	0	0	0	0.749	0	0	EIF5AL1	FAU	0.585469230152829	8.65011978515968e-48	2.35781012893981e-47
9606.ENSP00000431240	9606.ENSP00000481646	RPLP2	RPS10	9606	0.909	0	0	0	0	0.909	0	0	RPLP2	RPS10	0.778263944406863	1.02598075196413e-103	7.5883576376996e-103
9606.ENSP00000431240	9606.ENSP00000464813	RPLP2	RPL27	9606	0.922	0	0	0	0	0.922	0	0	RPLP2	RPL27	0.774943860845712	2.70510701118695e-102	1.93566285284226e-101
9606.ENSP00000431240	9606.ENSP00000495273	RPLP2	RPS7	9606	0.924	0	0	0	0	0.924	0	0	RPLP2	RPS7	0.773209556980543	1.46166157723479e-101	1.03131742248686e-100
9606.ENSP00000431240	9606.ENSP00000472985	RPLP2	RPS5	9606	0.925	0	0	0	0	0.922	0	0.064	RPLP2	RPS5	0.661392474651192	7.88581138431946e-65	2.74565174076202e-64
9606.ENSP00000431240	9606.ENSP00000452763	RPLP2	RPL28	9606	0.932	0	0	0	0	0.932	0	0	RPLP2	RPL28	0.882389729656195	8.15578946216578e-167	5.35845959598658e-165
9606.ENSP00000431240	9606.ENSP00000431822	RPLP2	FAU	9606	0.947	0	0	0	0	0.947	0	0	RPLP2	FAU	0.828789369620192	6.29869030218376e-129	9.48365304724633e-128
9606.ENSP00000431240	9606.ENSP00000498019	RPLP2	RPS17	9606	0.949	0	0	0	0	0.948	0	0	RPLP2	RPS17	0.751085791808994	9.39511762200642e-93	5.407269630231e-92
9606.ENSP00000431240	9606.ENSP00000435096	RPLP2	RPS25	9606	0.961	0	0	0	0	0.961	0	0	RPLP2	RPS25	0.723999977637515	3.69987713026804e-83	1.7641544205491e-82
9606.ENSP00000431240	9606.ENSP00000466010	RPLP2	RPS15	9606	0.965	0	0	0	0	0.952	0	0.294	RPLP2	RPS15	0.865396477535952	4.67813749277105e-153	1.62100668328279e-151
9606.ENSP00000431240	9606.ENSP00000449328	RPLP2	RPLP0	9606	0.997	0	0	0	0	0.98	0	0.862	RPLP2	RPLP0	0.720662190442647	4.69341476175892e-82	2.1964833746289e-81
9606.ENSP00000431800	9606.ENSP00000435096	EIF3F	RPS25	9606	0.807	0	0	0	0	0.807	0	0	EIF3F	RPS25	0.619907363407148	6.11258102242167e-55	1.86174276896034e-54
9606.ENSP00000431800	9606.ENSP00000498019	EIF3F	RPS17	9606	0.809	0	0	0	0	0.809	0	0	EIF3F	RPS17	0.672042328456448	1.25132084271481e-67	4.56741135879816e-67
9606.ENSP00000431800	9606.ENSP00000472985	EIF3F	RPS5	9606	0.818	0	0	0	0	0.818	0	0	EIF3F	RPS5	0.596486201415172	5.5363258137519e-50	1.55428814049783e-49
9606.ENSP00000431800	9606.ENSP00000481646	EIF3F	RPS10	9606	0.821	0	0	0	0	0.821	0	0	EIF3F	RPS10	0.611148816745028	4.88102989767431e-53	1.43564710769386e-52
9606.ENSP00000431800	9606.ENSP00000495273	EIF3F	RPS7	9606	0.829	0	0	0	0	0.829	0	0	EIF3F	RPS7	0.540457927780356	1.21579700660613e-39	2.93450241241432e-39
9606.ENSP00000431800	9606.ENSP00000466010	EIF3F	RPS15	9606	0.835	0	0	0	0	0.835	0	0	EIF3F	RPS15	0.615672001982807	5.17108577422444e-54	1.54613019691498e-53
9606.ENSP00000431800	9606.ENSP00000431822	EIF3F	FAU	9606	0.869	0	0	0	0	0.869	0	0	EIF3F	FAU	0.503940642511456	7.01943420185801e-34	1.57547993022181e-33
9606.ENSP00000431822	9606.ENSP00000449328	FAU	RPLP0	9606	0.947	0	0	0	0	0.947	0	0	FAU	RPLP0	0.575056045977268	8.607254493487e-46	2.27384336723502e-45
9606.ENSP00000431822	9606.ENSP00000464813	FAU	RPL27	9606	0.947	0	0	0	0	0.947	0	0	FAU	RPL27	0.753722142400575	9.39063309471549e-94	5.50489140511769e-93
9606.ENSP00000431822	9606.ENSP00000452763	FAU	RPL28	9606	0.947	0	0	0	0	0.947	0	0	FAU	RPL28	0.757156367810694	4.47306502353839e-95	2.70038615203827e-94
9606.ENSP00000431822	9606.ENSP00000472985	FAU	RPS5	9606	0.994	0	0	0	0	0.947	0.9	0	FAU	RPS5	0.606283671845445	5.24473197663815e-52	1.52052143666547e-51
9606.ENSP00000431822	9606.ENSP00000481646	FAU	RPS10	9606	0.994	0	0	0	0	0.947	0.9	0	FAU	RPS10	0.700085722858	1.35859802927958e-75	5.65225939977416e-75
9606.ENSP00000431822	9606.ENSP00000495273	FAU	RPS7	9606	0.995	0	0	0	0	0.952	0.9	0	FAU	RPS7	0.83362982260959	8.97339655892273e-132	1.48354291475785e-130
9606.ENSP00000431822	9606.ENSP00000466010	FAU	RPS15	9606	0.995	0	0	0	0	0.958	0.9	0	FAU	RPS15	0.795296703583402	2.05623063655722e-111	1.84114527262708e-110
9606.ENSP00000431822	9606.ENSP00000435096	FAU	RPS25	9606	0.996	0	0	0	0	0.968	0.9	0	FAU	RPS25	0.762804106497606	2.67721398438769e-97	1.70579666839009e-96
9606.ENSP00000431822	9606.ENSP00000498019	FAU	RPS17	9606	0.997	0	0	0	0	0.971	0.9	0	FAU	RPS17	0.709462126336857	1.81475969477671e-78	7.90772549171006e-78
9606.ENSP00000431984	9606.ENSP00000464849	CAPN1	CAPNS1	9606	0.999	0	0	0	0	0.653	0.9	0.977	CAPN1	CAPNS1	0.337992836550736	5.83037080137382e-15	9.46897139138046e-15
9606.ENSP00000435096	9606.ENSP00000464813	RPS25	RPL27	9606	0.964	0	0	0	0	0.964	0	0	RPS25	RPL27	0.816591752342936	3.90454812312956e-122	4.82961099142114e-121
9606.ENSP00000435096	9606.ENSP00000452763	RPS25	RPL28	9606	0.968	0	0	0	0	0.968	0	0	RPS25	RPL28	0.697241773866828	9.61231759808875e-75	3.93118146554009e-74
9606.ENSP00000435096	9606.ENSP00000449328	RPS25	RPLP0	9606	0.983	0	0	0	0	0.968	0	0.493	RPS25	RPLP0	0.652669801141605	1.27540311789353e-62	4.32457397682531e-62
9606.ENSP00000435096	9606.ENSP00000481646	RPS25	RPS10	9606	0.995	0	0	0	0	0.952	0.9	0	RPS25	RPS10	0.772632325344336	2.55420613941042e-101	1.78476917945819e-100
9606.ENSP00000435096	9606.ENSP00000495273	RPS25	RPS7	9606	0.996	0	0	0	0	0.969	0.9	0	RPS25	RPS7	0.737476729039364	8.76606429485225e-88	4.60514218771106e-87
9606.ENSP00000435096	9606.ENSP00000498019	RPS25	RPS17	9606	0.996	0	0	0	0	0.967	0.9	0	RPS25	RPS17	0.831804577973325	1.0886906811653e-130	1.73197677862115e-129
9606.ENSP00000435096	9606.ENSP00000466010	RPS25	RPS15	9606	0.997	0	0	0	0	0.975	0.9	0	RPS25	RPS15	0.601902954270582	4.29674773083791e-51	1.22739959177352e-50
9606.ENSP00000435096	9606.ENSP00000472985	RPS25	RPS5	9606	0.998	0	0	0	0	0.98	0.9	0	RPS25	RPS5	0.605361312528768	8.18884475676089e-52	2.3645756634962e-51
9606.ENSP00000436005	9606.ENSP00000480332	TRAPPC4	TRAPPC3	9606	0.999	0	0	0	0	0.983	0.9	0.987	TRAPPC4	TRAPPC3	0.534046323887047	1.40542584904683e-38	3.34905764028635e-38
9606.ENSP00000439800	9606.ENSP00000440542	ZMYND8	CHD4	9606	0.854	0	0	0	0	0.619	0	0.633	ZMYND8	CHD4	0.453019680850072	6.34918603770583e-27	1.2817450983541e-26
9606.ENSP00000440485	9606.ENSP00000484998	PSMD9	PSMC6	9606	0.962	0	0	0	0	0.807	0.72	0.353	PSMD9	PSMC6	0.41433379362781	2.27697773419926e-22	4.24750381906861e-22
9606.ENSP00000443216	9606.ENSP00000455716	TMEM258	OST4	9606	0.996	0	0	0	0	0.9	0.9	0.683	TMEM258	OST4	0.772107925078222	4.23504708792219e-101	2.94705683876181e-100
9606.ENSP00000448012	9606.ENSP00000495537	CEP290	RPGR	9606	0.89	0	0	0	0	0.292	0	0.852	CEP290	RPGR	0.518680315236493	4.02328789033261e-36	9.30247414862554e-36
9606.ENSP00000448035	9606.ENSP00000452763	NACA	RPL28	9606	0.8	0	0	0	0	0.8	0	0	NACA	RPL28	0.591137095075967	6.59054064111209e-49	1.81896045299433e-48
9606.ENSP00000448035	9606.ENSP00000464813	NACA	RPL27	9606	0.8	0	0	0	0	0.8	0	0	NACA	RPL27	0.751393741858658	7.18982492188924e-93	4.14747141161205e-92
9606.ENSP00000448035	9606.ENSP00000449328	NACA	RPLP0	9606	0.8	0	0	0	0	0.8	0	0	NACA	RPLP0	0.537593759375938	3.65188337317759e-39	8.7600180108608e-39
9606.ENSP00000449328	9606.ENSP00000481646	RPLP0	RPS10	9606	0.94	0	0	0	0	0.936	0	0.097	RPLP0	RPS10	0.621135716056078	3.27046660381713e-55	1.00274488174005e-54
9606.ENSP00000449328	9606.ENSP00000495273	RPLP0	RPS7	9606	0.956	0	0	0	0	0.956	0	0	RPLP0	RPS7	0.62355310065168	9.47405838433186e-56	2.92966145270996e-55
9606.ENSP00000449328	9606.ENSP00000464813	RPLP0	RPL27	9606	0.956	0	0	0	0	0.956	0	0	RPLP0	RPL27	0.71223740386461	2.43199299466738e-79	1.07359969982742e-78
9606.ENSP00000449328	9606.ENSP00000498019	RPLP0	RPS17	9606	0.957	0	0	0	0	0.957	0	0	RPLP0	RPS17	0.723427870737384	5.73388252407372e-83	2.72372879711634e-82
9606.ENSP00000449328	9606.ENSP00000466010	RPLP0	RPS15	9606	0.962	0	0	0	0	0.962	0	0	RPLP0	RPS15	0.584603801995106	1.27589575606465e-47	3.46471101982343e-47
9606.ENSP00000449328	9606.ENSP00000472985	RPLP0	RPS5	9606	0.964	0	0	0	0	0.964	0	0	RPLP0	RPS5	0.770473227446968	2.03075935462707e-100	1.3790082651085e-99
9606.ENSP00000449328	9606.ENSP00000452763	RPLP0	RPL28	9606	0.972	0	0	0	0	0.972	0	0	RPLP0	RPL28	0.71004233963769	1.19450772839646e-78	5.22300310973008e-78
9606.ENSP00000452763	9606.ENSP00000481646	RPL28	RPS10	9606	0.906	0	0	0	0	0.906	0	0	RPL28	RPS10	0.756560593947593	7.61274458384047e-95	4.55773666859751e-94
9606.ENSP00000452763	9606.ENSP00000498019	RPL28	RPS17	9606	0.947	0	0	0	0	0.947	0	0	RPL28	RPS17	0.726360524251183	5.99857791004002e-84	2.90678215008548e-83
9606.ENSP00000452763	9606.ENSP00000495273	RPL28	RPS7	9606	0.947	0	0	0	0	0.947	0	0	RPL28	RPS7	0.730237620035295	2.898283999682e-85	1.43890272368903e-84
9606.ENSP00000452763	9606.ENSP00000472985	RPL28	RPS5	9606	0.947	0	0	0	0	0.947	0	0	RPL28	RPS5	0.638259509180732	3.97032157503032e-59	1.28180324493161e-58
9606.ENSP00000452763	9606.ENSP00000464813	RPL28	RPL27	9606	0.955	0	0	0	0	0.955	0	0	RPL28	RPL27	0.720644020923831	4.75828807582944e-82	2.22273124428634e-81
9606.ENSP00000452763	9606.ENSP00000466010	RPL28	RPS15	9606	0.968	0	0	0	0	0.967	0	0	RPL28	RPS15	0.802489783139805	6.89945100040773e-115	6.89808747254203e-114
9606.ENSP00000464813	9606.ENSP00000481646	RPL27	RPS10	9606	0.953	0	0	0	0	0.949	0	0.115	RPL27	RPS10	0.789910046905312	6.680716201339e-109	5.59565285804206e-108
9606.ENSP00000464813	9606.ENSP00000466010	RPL27	RPS15	9606	0.957	0	0	0	0	0.957	0	0	RPL27	RPS15	0.693470247645883	1.24284111311106e-73	4.98614844665255e-73
9606.ENSP00000464813	9606.ENSP00000472985	RPL27	RPS5	9606	0.958	0	0	0	0	0.955	0	0.117	RPL27	RPS5	0.712013779017653	2.86206206869496e-79	1.26125191685782e-78
9606.ENSP00000464813	9606.ENSP00000495273	RPL27	RPS7	9606	0.965	0	0	0	0	0.957	0	0.229	RPL27	RPS7	0.793010232700289	2.44547890197615e-110	2.14042867908259e-109
9606.ENSP00000464813	9606.ENSP00000498019	RPL27	RPS17	9606	0.968	0	0	0	0	0.968	0	0	RPL27	RPS17	0.887126662976856	4.93644906033988e-171	3.61934721684919e-169
9606.ENSP00000466010	9606.ENSP00000481646	RPS15	RPS10	9606	0.994	0	0	0	0	0.915	0.9	0.355	RPS15	RPS10	0.731290147648305	1.26167559325848e-85	6.32588387145158e-85
9606.ENSP00000466010	9606.ENSP00000472985	RPS15	RPS5	9606	0.995	0	0	0	0	0.954	0.9	0.072	RPS15	RPS5	0.60271154444637	2.9214988374531e-51	8.38335939800071e-51
9606.ENSP00000466010	9606.ENSP00000495273	RPS15	RPS7	9606	0.996	0	0	0	0	0.965	0.9	0	RPS15	RPS7	0.740227501010971	9.19320842101199e-89	4.91113425574442e-88
9606.ENSP00000466010	9606.ENSP00000498019	RPS15	RPS17	9606	0.996	0	0	0	0	0.968	0.9	0	RPS15	RPS17	0.668754204613008	9.42145783698093e-67	3.38036561682883e-66
9606.ENSP00000472985	9606.ENSP00000481646	RPS5	RPS10	9606	0.994	0	0	0	0	0.937	0.9	0.203	RPS5	RPS10	0.585924958955523	7.0458412140009e-48	1.9236325257221e-47
9606.ENSP00000472985	9606.ENSP00000498019	RPS5	RPS17	9606	0.994	0	0	0	0	0.947	0.9	0	RPS5	RPS17	0.718161412414533	3.0733693091292e-81	1.40962605030686e-80
9606.ENSP00000472985	9606.ENSP00000495273	RPS5	RPS7	9606	0.996	0	0	0	0	0.967	0.9	0	RPS5	RPS7	0.634537739488235	2.95763394016511e-58	9.47604186402489e-58
9606.ENSP00000481646	9606.ENSP00000498019	RPS10	RPS17	9606	0.992	0	0	0	0	0.924	0.9	0	RPS10	RPS17	0.860308639559608	2.67149156025954e-149	8.24089988009331e-148
9606.ENSP00000481646	9606.ENSP00000495273	RPS10	RPS7	9606	0.994	0	0	0	0	0.95	0.9	0	RPS10	RPS7	0.70522806939079	3.72218818196001e-77	1.58239916071729e-76
9606.ENSP00000495273	9606.ENSP00000498019	RPS7	RPS17	9606	0.995	0	0	0	0	0.957	0.9	0	RPS7	RPS17	0.764028732065753	8.65888055633202e-98	5.57319042423457e-97
