network	algorithm	gene	module
robust_leading_edge	walktrap	RALA	13
robust_leading_edge	walktrap	DVL2	21
robust_leading_edge	walktrap	CX3CL1	114
robust_leading_edge	walktrap	CD74	7
robust_leading_edge	walktrap	CD4	7
robust_leading_edge	walktrap	ERCC1	235
robust_leading_edge	walktrap	RTN4R	223
robust_leading_edge	walktrap	PSMA4	145
robust_leading_edge	walktrap	LCP2	50
robust_leading_edge	walktrap	RFC2	12
robust_leading_edge	walktrap	PKP2	188
robust_leading_edge	walktrap	HDAC7	23
robust_leading_edge	walktrap	PSMC4	145
robust_leading_edge	walktrap	TNFRSF1A	44
robust_leading_edge	walktrap	BCL3	23
robust_leading_edge	walktrap	VASH1	43
robust_leading_edge	walktrap	PLOD1	60
robust_leading_edge	walktrap	ITGB4	41
robust_leading_edge	walktrap	GNPTG	219
robust_leading_edge	walktrap	EFNB1	134
robust_leading_edge	walktrap	DLD	97
robust_leading_edge	walktrap	TEKT2	210
robust_leading_edge	walktrap	CDC6	12
robust_leading_edge	walktrap	DHPS	76
robust_leading_edge	walktrap	MAPK13	128
robust_leading_edge	walktrap	VCL	4
robust_leading_edge	walktrap	MAPK1	69
robust_leading_edge	walktrap	LGALS1	78
robust_leading_edge	walktrap	MCM5	12
robust_leading_edge	walktrap	MYH9	5
robust_leading_edge	walktrap	POLE2	12
robust_leading_edge	walktrap	PSMA3	145
robust_leading_edge	walktrap	PSME2	145
robust_leading_edge	walktrap	PROCR	132
robust_leading_edge	walktrap	CHMP4B	75
robust_leading_edge	walktrap	TIMP1	71
robust_leading_edge	walktrap	ORC6	12
robust_leading_edge	walktrap	CSK	4
robust_leading_edge	walktrap	RIPK2	20
robust_leading_edge	walktrap	TNFRSF10A	44
robust_leading_edge	walktrap	RELB	23
robust_leading_edge	walktrap	POLR2I	25
robust_leading_edge	walktrap	TGFB1	93
robust_leading_edge	walktrap	PIK3R2	4
robust_leading_edge	walktrap	GSK3A	21
robust_leading_edge	walktrap	PLOD3	60
robust_leading_edge	walktrap	FIS1	80
robust_leading_edge	walktrap	PSMA2	145
robust_leading_edge	walktrap	CHMP5	162
robust_leading_edge	walktrap	PFN1	4
robust_leading_edge	walktrap	KAT2A	20
robust_leading_edge	walktrap	COL1A1	13
robust_leading_edge	walktrap	SPI1	45
robust_leading_edge	walktrap	CCND1	12
robust_leading_edge	walktrap	PRPF19	53
robust_leading_edge	walktrap	YBX3	150
robust_leading_edge	walktrap	SELPLG	151
robust_leading_edge	walktrap	ARPC3	56
robust_leading_edge	walktrap	RAD51AP1	62
robust_leading_edge	walktrap	ARHGDIB	1
robust_leading_edge	walktrap	RSPH4A	148
robust_leading_edge	walktrap	HLA-DOA	7
robust_leading_edge	walktrap	CAP2	86
robust_leading_edge	walktrap	LAMA4	236
robust_leading_edge	walktrap	TFPI	13
robust_leading_edge	walktrap	TTL	43
robust_leading_edge	walktrap	PROC	132
robust_leading_edge	walktrap	MAD2L2	12
robust_leading_edge	walktrap	SYF2	53
robust_leading_edge	walktrap	CTSD	131
robust_leading_edge	walktrap	CLTA	103
robust_leading_edge	walktrap	TNFAIP6	13
robust_leading_edge	walktrap	UNC5CL	52
robust_leading_edge	walktrap	TREM1	49
robust_leading_edge	walktrap	SOX4	121
robust_leading_edge	walktrap	NUP85	121
robust_leading_edge	walktrap	C3	6
robust_leading_edge	walktrap	VASP	4
robust_leading_edge	walktrap	CDC25B	36
robust_leading_edge	walktrap	PYCARD	16
robust_leading_edge	walktrap	TUBA4A	43
robust_leading_edge	walktrap	YWHAH	36
robust_leading_edge	walktrap	RAC2	1
robust_leading_edge	walktrap	DLL4	42
robust_leading_edge	walktrap	RRM2B	214
robust_leading_edge	walktrap	APOE	117
robust_leading_edge	walktrap	ACTN4	4
robust_leading_edge	walktrap	LAMA5	63
robust_leading_edge	walktrap	SESN2	34
robust_leading_edge	walktrap	GINS2	12
robust_leading_edge	walktrap	RARA	45
robust_leading_edge	walktrap	LGALS3	13
robust_leading_edge	walktrap	TRIM21	39
robust_leading_edge	walktrap	JAG1	42
robust_leading_edge	walktrap	CCNA1	12
robust_leading_edge	walktrap	CDK7	25
robust_leading_edge	walktrap	IRAK2	11
robust_leading_edge	walktrap	DDB2	2
robust_leading_edge	walktrap	HRK	66
robust_leading_edge	walktrap	CDK4	82
robust_leading_edge	walktrap	ESPL1	18
robust_leading_edge	walktrap	MDM2	23
robust_leading_edge	walktrap	FHOD1	28
robust_leading_edge	walktrap	LAMC1	13
robust_leading_edge	walktrap	PLXNC1	197
robust_leading_edge	walktrap	BRIP1	62
robust_leading_edge	walktrap	TANK	39
robust_leading_edge	walktrap	HLA-F	7
robust_leading_edge	walktrap	TLR2	11
robust_leading_edge	walktrap	THBS1	13
robust_leading_edge	walktrap	KIF23	64
robust_leading_edge	walktrap	ITGAV	13
robust_leading_edge	walktrap	COL8A1	181
robust_leading_edge	walktrap	HEXB	189
robust_leading_edge	walktrap	PSMA6	145
robust_leading_edge	walktrap	NDC80	18
robust_leading_edge	walktrap	CYBA	96
robust_leading_edge	walktrap	ALDH2	169
robust_leading_edge	walktrap	LOXL1	167
robust_leading_edge	walktrap	MCM4	12
robust_leading_edge	walktrap	PSMB1	145
robust_leading_edge	walktrap	ELOB	12
robust_leading_edge	walktrap	TELO2	109
robust_leading_edge	walktrap	AXIN1	21
robust_leading_edge	walktrap	SMURF2	51
robust_leading_edge	walktrap	CSNK2A2	22
robust_leading_edge	walktrap	TYROBP	49
robust_leading_edge	walktrap	CCNE1	12
robust_leading_edge	walktrap	ARPC1A	56
robust_leading_edge	walktrap	GNA15	142
robust_leading_edge	walktrap	CAPZA1	61
robust_leading_edge	walktrap	NOTCH3	42
robust_leading_edge	walktrap	VAMP8	161
robust_leading_edge	walktrap	SLC9A1	113
robust_leading_edge	walktrap	CDH3	19
robust_leading_edge	walktrap	NECTIN1	160
robust_leading_edge	walktrap	CBL	4
robust_leading_edge	walktrap	LAMC2	63
robust_leading_edge	walktrap	MCM6	12
robust_leading_edge	walktrap	PDCL3	56
robust_leading_edge	walktrap	FGF2	26
robust_leading_edge	walktrap	WNT5A	135
robust_leading_edge	walktrap	STAT3	4
robust_leading_edge	walktrap	ITGA9	13
robust_leading_edge	walktrap	ICAM1	6
robust_leading_edge	walktrap	MCM2	12
robust_leading_edge	walktrap	VCAN	5
robust_leading_edge	walktrap	CASP6	16
robust_leading_edge	walktrap	IQCG	113
robust_leading_edge	walktrap	POLA2	12
robust_leading_edge	walktrap	MCCC1	119
robust_leading_edge	walktrap	TCIRG1	144
robust_leading_edge	walktrap	CDK2	12
robust_leading_edge	walktrap	ITGB7	13
robust_leading_edge	walktrap	ERBB3	4
robust_leading_edge	walktrap	PXN	4
robust_leading_edge	walktrap	PML	45
robust_leading_edge	walktrap	IQGAP1	1
robust_leading_edge	walktrap	TP53	23
robust_leading_edge	walktrap	ERBB2	4
robust_leading_edge	walktrap	PSMA5	145
robust_leading_edge	walktrap	NUF2	18
robust_leading_edge	walktrap	S100A11	227
robust_leading_edge	walktrap	RTKN	1
robust_leading_edge	walktrap	OSMR	38
robust_leading_edge	walktrap	RASA1	112
robust_leading_edge	walktrap	GABRB2	222
robust_leading_edge	walktrap	NFKBIE	23
robust_leading_edge	walktrap	TNFRSF10B	44
robust_leading_edge	walktrap	CDKN2B	23
robust_leading_edge	walktrap	RPS3	76
robust_leading_edge	walktrap	MYL9	216
robust_leading_edge	walktrap	PPP4C	25
robust_leading_edge	walktrap	USP15	51
robust_leading_edge	walktrap	DSC2	188
robust_leading_edge	walktrap	EPHA4	101
robust_leading_edge	walktrap	ITGB6	13
robust_leading_edge	walktrap	XPC	2
robust_leading_edge	walktrap	RHOC	1
robust_leading_edge	walktrap	CASP10	16
robust_leading_edge	walktrap	CSF1R	89
robust_leading_edge	walktrap	UBE2L6	116
robust_leading_edge	walktrap	BUB1B	18
robust_leading_edge	walktrap	FANCD2	62
robust_leading_edge	walktrap	PPARG	105
robust_leading_edge	walktrap	KIT	4
robust_leading_edge	walktrap	CCNB2	18
robust_leading_edge	walktrap	CD1A	7
robust_leading_edge	walktrap	FCER1G	33
robust_leading_edge	walktrap	PSMB4	145
robust_leading_edge	walktrap	BAX	66
robust_leading_edge	walktrap	NCSTN	19
robust_leading_edge	walktrap	MERTK	208
robust_leading_edge	walktrap	CLDN1	136
robust_leading_edge	walktrap	ARPC2	56
robust_leading_edge	walktrap	CDCP1	4
robust_leading_edge	walktrap	DTX3L	81
robust_leading_edge	walktrap	ITGB5	13
robust_leading_edge	walktrap	MAD2L1	18
robust_leading_edge	walktrap	ITGA2	13
robust_leading_edge	walktrap	MICALL2	4
robust_leading_edge	walktrap	ARF6	64
robust_leading_edge	walktrap	LRRK2	19
robust_leading_edge	walktrap	SPRED1	203
robust_leading_edge	walktrap	C2	58
robust_leading_edge	walktrap	ANPEP	36
robust_leading_edge	walktrap	STAT6	38
robust_leading_edge	walktrap	RUNX1	45
robust_leading_edge	walktrap	TPX2	85
robust_leading_edge	walktrap	RAB8A	115
robust_leading_edge	walktrap	CDT1	12
robust_leading_edge	walktrap	AXL	4
robust_leading_edge	walktrap	BIRC5	18
robust_leading_edge	walktrap	DDB1	2
robust_leading_edge	walktrap	FADD	111
robust_leading_edge	walktrap	PRELID1	198
robust_leading_edge	walktrap	MAP2K1	69
robust_leading_edge	walktrap	BUB1	18
robust_leading_edge	walktrap	INSR	94
robust_leading_edge	walktrap	TWF2	86
robust_leading_edge	walktrap	CTNNA1	19
robust_leading_edge	walktrap	IRS1	4
robust_leading_edge	walktrap	GNB2	52
robust_leading_edge	walktrap	NLGN2	4
robust_leading_edge	walktrap	FEN1	12
robust_leading_edge	walktrap	YWHAG	36
robust_leading_edge	walktrap	CXCL8	13
robust_leading_edge	walktrap	ADH1B	192
robust_leading_edge	walktrap	SEMA4C	84
robust_leading_edge	walktrap	GABARAP	15
robust_leading_edge	walktrap	GLB1	125
robust_leading_edge	walktrap	MCM7	12
robust_leading_edge	walktrap	CLCF1	184
robust_leading_edge	walktrap	CLTB	103
robust_leading_edge	walktrap	PRKACA	190
robust_leading_edge	walktrap	ZNF622	76
robust_leading_edge	walktrap	FBXO45	95
robust_leading_edge	walktrap	CASP3	16
robust_leading_edge	walktrap	DNAH7	183
robust_leading_edge	walktrap	RAD9A	12
robust_leading_edge	walktrap	POLD4	12
robust_leading_edge	walktrap	GRK2	142
robust_leading_edge	walktrap	CLSPN	12
robust_leading_edge	walktrap	GNAI2	57
robust_leading_edge	walktrap	CD46	5
robust_leading_edge	walktrap	AURKB	18
robust_leading_edge	walktrap	PAK2	1
robust_leading_edge	walktrap	CLU	237
robust_leading_edge	walktrap	ITGA3	41
robust_leading_edge	walktrap	STAT2	38
robust_leading_edge	walktrap	LILRB1	7
robust_leading_edge	walktrap	BAIAP2	107
robust_leading_edge	walktrap	MET	4
robust_leading_edge	walktrap	CHMP6	75
robust_leading_edge	walktrap	TNIP1	15
robust_leading_edge	walktrap	NOC2L	76
robust_leading_edge	walktrap	BLOC1S4	146
robust_leading_edge	walktrap	BCKDHB	97
robust_leading_edge	walktrap	BACE1	122
robust_leading_edge	walktrap	TUBB6	43
robust_leading_edge	walktrap	BID	66
robust_leading_edge	walktrap	ADGRE2	6
robust_leading_edge	walktrap	EZH2	50
robust_leading_edge	walktrap	PKM	23
robust_leading_edge	walktrap	TUBB3	43
robust_leading_edge	walktrap	LLGL1	168
robust_leading_edge	walktrap	POLE	12
robust_leading_edge	walktrap	MTSS1	4
robust_leading_edge	walktrap	E2F7	23
robust_leading_edge	walktrap	ENO3	7
robust_leading_edge	walktrap	POLR2L	25
robust_leading_edge	walktrap	ZYX	4
robust_leading_edge	walktrap	FLII	11
robust_leading_edge	walktrap	PPP2R1A	25
robust_leading_edge	walktrap	GSK3B	19
robust_leading_edge	walktrap	PSMG2	145
robust_leading_edge	walktrap	PMAIP1	66
robust_leading_edge	walktrap	PSEN1	19
robust_leading_edge	walktrap	NRIP1	23
robust_leading_edge	walktrap	TGIF1	23
robust_leading_edge	walktrap	JAG2	42
robust_leading_edge	walktrap	FMNL1	98
robust_leading_edge	walktrap	ATP6V0C	144
robust_leading_edge	walktrap	RPS27L	76
robust_leading_edge	walktrap	EPHB3	4
robust_leading_edge	walktrap	UBA7	116
robust_leading_edge	walktrap	LAMP1	131
robust_leading_edge	walktrap	BSG	106
robust_leading_edge	walktrap	AP1S1	68
robust_leading_edge	walktrap	EIF5A	76
robust_leading_edge	walktrap	LIMK1	4
robust_leading_edge	walktrap	TUBA1B	43
robust_leading_edge	walktrap	NME1	187
robust_leading_edge	walktrap	SIRT6	23
robust_leading_edge	walktrap	ZFP36L1	36
robust_leading_edge	walktrap	PLAUR	87
robust_leading_edge	walktrap	HLA-DQA1	7
robust_leading_edge	walktrap	RHOG	1
robust_leading_edge	walktrap	MIOS	34
robust_leading_edge	walktrap	RAP1GDS1	1
robust_leading_edge	walktrap	SMARCB1	23
robust_leading_edge	walktrap	SFN	36
robust_leading_edge	walktrap	PTK2	13
robust_leading_edge	walktrap	STAT5A	38
robust_leading_edge	walktrap	DTNBP1	146
robust_leading_edge	walktrap	PKN1	92
robust_leading_edge	walktrap	MCCC2	119
robust_leading_edge	walktrap	MAP4K4	163
robust_leading_edge	walktrap	SMARCA4	23
robust_leading_edge	walktrap	IFNAR2	38
robust_leading_edge	walktrap	SDC3	26
robust_leading_edge	walktrap	ARPC5L	56
robust_leading_edge	walktrap	E2F1	12
robust_leading_edge	walktrap	ANXA2	100
robust_leading_edge	walktrap	TAP1	7
robust_leading_edge	walktrap	FYN	4
robust_leading_edge	walktrap	FN1	13
robust_leading_edge	walktrap	PIP4K2C	156
robust_leading_edge	walktrap	HTT	15
robust_leading_edge	walktrap	BLM	62
robust_leading_edge	walktrap	UBE2I	121
robust_leading_edge	walktrap	SREBF1	28
robust_leading_edge	walktrap	RAC1	1
robust_leading_edge	walktrap	CDC16	157
robust_leading_edge	walktrap	RBCK1	83
robust_leading_edge	walktrap	NRARP	42
robust_leading_edge	walktrap	ADAM15	4
robust_leading_edge	walktrap	IGF2R	122
robust_leading_edge	walktrap	SCRIB	59
robust_leading_edge	walktrap	EPHA2	101
robust_leading_edge	walktrap	STAT4	38
robust_leading_edge	walktrap	CASP8	16
robust_leading_edge	walktrap	PSMB10	145
robust_leading_edge	walktrap	MAX	109
robust_leading_edge	walktrap	MAP3K5	36
robust_leading_edge	walktrap	AP2A1	153
robust_leading_edge	walktrap	RYR1	113
robust_leading_edge	walktrap	CLEC14A	154
robust_leading_edge	walktrap	PTPRF	19
robust_leading_edge	walktrap	HLA-DRB1	7
robust_leading_edge	walktrap	MSN	5
robust_leading_edge	walktrap	CLDN7	136
robust_leading_edge	walktrap	MYH10	5
robust_leading_edge	walktrap	COL4A2	152
robust_leading_edge	walktrap	STAT1	38
robust_leading_edge	walktrap	TNNI1	139
robust_leading_edge	walktrap	KRT19	147
robust_leading_edge	walktrap	BECN1	2
robust_leading_edge	walktrap	DLL1	42
robust_leading_edge	walktrap	PSEN2	102
robust_leading_edge	walktrap	DTL	2
robust_leading_edge	walktrap	NEK2	18
robust_leading_edge	walktrap	MAPKAPK2	128
robust_leading_edge	walktrap	ADORA1	57
robust_leading_edge	walktrap	SYNE1	28
robust_leading_edge	walktrap	NCF2	1
robust_leading_edge	walktrap	IFNGR1	38
robust_leading_edge	walktrap	FCGR3A	33
robust_leading_edge	walktrap	IFI16	16
robust_leading_edge	walktrap	CD1C	7
robust_leading_edge	walktrap	LAMTOR2	34
robust_leading_edge	walktrap	BAG3	15
robust_leading_edge	walktrap	APH1A	19
robust_leading_edge	walktrap	MAP3K7	20
robust_leading_edge	walktrap	ATP6AP1	144
robust_leading_edge	walktrap	FLNA	13
robust_leading_edge	walktrap	NFKB2	23
robust_leading_edge	walktrap	MYO6	15
robust_leading_edge	walktrap	DBT	97
robust_leading_edge	walktrap	PSMA7	145
robust_leading_edge	walktrap	PDLIM1	4
robust_leading_edge	walktrap	HSP90AB1	23
robust_leading_edge	walktrap	ORC1	12
robust_leading_edge	walktrap	IL13RA1	38
robust_leading_edge	walktrap	IFIT3	233
robust_leading_edge	walktrap	MMP9	13
robust_leading_edge	walktrap	CDC20	18
robust_leading_edge	walktrap	CTSA	125
robust_leading_edge	walktrap	SVBP	43
robust_leading_edge	walktrap	SDC4	26
robust_leading_edge	walktrap	CAP1	86
robust_leading_edge	walktrap	YWHAB	36
robust_leading_edge	walktrap	LCN2	13
robust_leading_edge	walktrap	MCU	231
robust_leading_edge	walktrap	CSF3R	38
robust_leading_edge	walktrap	PSMB2	145
robust_leading_edge	walktrap	HDAC1	23
robust_leading_edge	walktrap	SRC	4
robust_leading_edge	walktrap	GSN	4
robust_leading_edge	walktrap	OGDHL	97
robust_leading_edge	walktrap	EIF6	76
robust_leading_edge	walktrap	C1QC	230
robust_leading_edge	walktrap	HSPG2	232
robust_leading_edge	walktrap	HLA-DMA	7
robust_leading_edge	walktrap	PSMB9	145
robust_leading_edge	walktrap	PSMB8	145
robust_leading_edge	walktrap	TAP2	7
robust_leading_edge	walktrap	HLA-DQA2	7
robust_leading_edge	walktrap	HLA-DQB1	7
robust_leading_edge	walktrap	HLA-DRB5	7
robust_leading_edge	walktrap	HCK	4
robust_leading_edge	walktrap	CSNK2B	22
robust_leading_edge	walktrap	BCL2L1	66
robust_leading_edge	walktrap	HLA-C	7
robust_leading_edge	walktrap	FLOT1	226
robust_leading_edge	walktrap	CTTN	4
robust_leading_edge	walktrap	HLA-E	7
robust_leading_edge	walktrap	BMI1	22
robust_leading_edge	walktrap	HLA-G	7
robust_leading_edge	walktrap	GNB1	114
robust_leading_edge	walktrap	LRP4	110
robust_leading_edge	walktrap	OPTN	15
robust_leading_edge	walktrap	DVL1	21
robust_leading_edge	walktrap	PCNA	12
robust_leading_edge	walktrap	AGRN	110
robust_leading_edge	walktrap	BRCA2	62
robust_leading_edge	walktrap	RPS6	76
robust_leading_edge	walktrap	TMSB4X	56
robust_leading_edge	walktrap	SHROOM2	1
robust_leading_edge	walktrap	PSME1	145
robust_leading_edge	walktrap	KCNQ3	113
robust_leading_edge	walktrap	ALK	4
robust_leading_edge	walktrap	DIAPH1	1
robust_leading_edge	walktrap	PKP4	19
robust_leading_edge	walktrap	SQSTM1	15
robust_leading_edge	walktrap	LILRB2	7
robust_leading_edge	walktrap	TFPT	109
robust_leading_edge	walktrap	RPL13A	76
robust_leading_edge	walktrap	DYNLL1	2
robust_leading_edge	walktrap	GRB2	50
robust_leading_edge	walktrap	PIAS3	23
robust_leading_edge	walktrap	NME2	187
robust_leading_edge	walktrap	KEAP1	23
robust_leading_edge	walktrap	SUCLG1	90
robust_leading_edge	walktrap	RPL24	76
robust_leading_edge	walktrap	ACTN1	4
robust_leading_edge	walktrap	BRD7	218
robust_leading_edge	walktrap	PPP3CB	217
robust_leading_edge	walktrap	CDK1	18
robust_leading_edge	walktrap	PPP1CB	220
robust_leading_edge	walktrap	HLA-DRA	7
robust_leading_edge	walktrap	EHMT2	215
robust_leading_edge	walktrap	IL4R	38
robust_leading_edge	walktrap	YWHAZ	36
robust_leading_edge	walktrap	ITGB1	13
robust_leading_edge	walktrap	HLA-A	7
robust_leading_edge	walktrap	ILK	127
robust_leading_edge	walktrap	CSNK1E	21
robust_leading_edge	walktrap	GAPDH	7
robust_leading_edge	walktrap	PTK2B	4
robust_leading_edge	walktrap	IRF7	39
robust_leading_edge	walktrap	ITGB2	6
robust_leading_edge	walktrap	CHMP1A	75
robust_leading_edge	walktrap	PCDHGA8	213
robust_leading_edge	walktrap	ROCK1	1
robust_leading_edge	walktrap	DIAPH3	1
robust_leading_edge	walktrap	CSF2RB	38
robust_leading_edge	walktrap	RELA	23
robust_leading_edge	walktrap	CDKN1A	12
robust_leading_edge	walktrap	ARPC4	56
robust_leading_edge	walktrap	RPSA	76
robust_leading_edge	walktrap	ARPC1B	56
robust_leading_edge	walktrap	CHEK1	12
robust_leading_edge	walktrap	SMARCD2	56
robust_leading_edge	walktrap	CDC7	12
robust_leading_edge	walktrap	HLA-DPA1	7
robust_leading_edge	walktrap	C4A	58
robust_leading_edge	walktrap	HLA-DMB	7
robust_leading_edge	walktrap	HLA-B	7
robust_leading_edge	walktrap	TNIK	19
robust_leading_edge	walktrap	RHOA	1
robust_leading_edge	walktrap	SHC1	4
robust_leading_edge	walktrap	TAPBP	7
robust_leading_edge	walktrap	ACVR1	51
robust_leading_edge	walktrap	CDC45	12
robust_leading_edge	walktrap	PSMA1	145
robust_leading_edge	walktrap	ATP6V1F	144
robust_leading_edge	walktrap	IRF5	11
robust_leading_edge	walktrap	SH3BP2	50
robust_leading_edge	walktrap	RACK1	76
robust_leading_edge	walktrap	LYN	4
robust_leading_edge	walktrap	TYK2	38
robust_leading_edge	walktrap	SPTBN2	91
robust_leading_edge	walktrap	CFL1	4
robust_leading_edge	walktrap	HIF1A	23
robust_leading_edge	walktrap	KPNA2	234
robust_leading_edge	walktrap	DAPK3	79
robust_leading_edge	walktrap	RPL18	76
robust_leading_edge	walktrap	TIMELESS	12
robust_leading_edge	walktrap	SNW1	53
robust_leading_edge	walktrap	ACTG1	56
robust_leading_edge	walktrap	RPL26	76
robust_leading_edge	walktrap	IKBKE	39
robust_leading_edge	walktrap	RPL36	76
robust_leading_edge	walktrap	MYL12A	5
robust_leading_edge	walktrap	IRF3	39
robust_leading_edge	walktrap	POLD1	12
robust_leading_edge	walktrap	VAV1	50
robust_leading_edge	walktrap	RUVBL2	109
robust_leading_edge	walktrap	ADRM1	145
robust_leading_edge	walktrap	CYFIP2	209
robust_leading_edge	walktrap	PSMC3	145
robust_leading_edge	walktrap	BTK	50
robust_leading_edge	walktrap	DAPK2	113
robust_leading_edge	walktrap	TPM4	139
robust_leading_edge	walktrap	MYO1C	56
robust_leading_edge	walktrap	VAMP3	27
robust_leading_edge	walktrap	OTUD5	46
robust_leading_edge	walktrap	RBM22	3
robust_leading_edge	walktrap	HAUS4	207
robust_leading_edge	walktrap	SIRT1	29
robust_leading_edge	walktrap	PSMD8	40
robust_leading_edge	walktrap	STX1B	205
robust_leading_edge	walktrap	CENPM	201
robust_leading_edge	walktrap	EIF3D	46
robust_leading_edge	walktrap	TUBB1	141
robust_leading_edge	walktrap	PARD6A	129
robust_leading_edge	walktrap	EIF3E	46
robust_leading_edge	walktrap	PPP2CB	67
robust_leading_edge	walktrap	CDC37	14
robust_leading_edge	walktrap	RPL19	46
robust_leading_edge	walktrap	TMEM30A	195
robust_leading_edge	walktrap	BCL9	196
robust_leading_edge	walktrap	VAMP4	27
robust_leading_edge	walktrap	PKD2	193
robust_leading_edge	walktrap	CPSF3	65
robust_leading_edge	walktrap	NCAPH	191
robust_leading_edge	walktrap	SEC61A1	37
robust_leading_edge	walktrap	TTC21B	10
robust_leading_edge	walktrap	BBS2	88
robust_leading_edge	walktrap	NCLN	46
robust_leading_edge	walktrap	EIF3K	46
robust_leading_edge	walktrap	STRIP2	32
robust_leading_edge	walktrap	SLX1A	179
robust_leading_edge	walktrap	TRPC4AP	120
robust_leading_edge	walktrap	UBE2M	178
robust_leading_edge	walktrap	EIF3G	46
robust_leading_edge	walktrap	ATP6V1E1	31
robust_leading_edge	walktrap	DCAF15	120
robust_leading_edge	walktrap	SNAP25	27
robust_leading_edge	walktrap	EMC7	186
robust_leading_edge	walktrap	TIMM10	176
robust_leading_edge	walktrap	APC	130
robust_leading_edge	walktrap	CCT7	67
robust_leading_edge	walktrap	DYNC1LI2	24
robust_leading_edge	walktrap	STX6	175
robust_leading_edge	walktrap	PSMB7	40
robust_leading_edge	walktrap	RPL35	46
robust_leading_edge	walktrap	DERL1	35
robust_leading_edge	walktrap	DCTN3	24
robust_leading_edge	walktrap	IFT172	70
robust_leading_edge	walktrap	PFDN1	67
robust_leading_edge	walktrap	SNX1	123
robust_leading_edge	walktrap	RHEB	166
robust_leading_edge	walktrap	GINS1	133
robust_leading_edge	walktrap	CFAP20	73
robust_leading_edge	walktrap	RPL8	46
robust_leading_edge	walktrap	XRCC1	165
robust_leading_edge	walktrap	LIG1	29
robust_leading_edge	walktrap	IFT46	70
robust_leading_edge	walktrap	PSMD3	40
robust_leading_edge	walktrap	SIL1	46
robust_leading_edge	walktrap	EMC4	186
robust_leading_edge	walktrap	COMMD4	164
robust_leading_edge	walktrap	BBS4	124
robust_leading_edge	walktrap	PSMB6	40
robust_leading_edge	walktrap	RPS11	46
robust_leading_edge	walktrap	CTTNBP2NL	32
robust_leading_edge	walktrap	ATP6V1A	31
robust_leading_edge	walktrap	RNF7	74
robust_leading_edge	walktrap	RPL37	46
robust_leading_edge	walktrap	EGFR	123
robust_leading_edge	walktrap	CCT6A	67
robust_leading_edge	walktrap	CENPU	201
robust_leading_edge	walktrap	CATSPER3	158
robust_leading_edge	walktrap	CENPH	201
robust_leading_edge	walktrap	LY96	159
robust_leading_edge	walktrap	CCT8	67
robust_leading_edge	walktrap	KPNB1	3
robust_leading_edge	walktrap	S100B	54
robust_leading_edge	walktrap	MRNIP	46
robust_leading_edge	walktrap	EIF4A1	46
robust_leading_edge	walktrap	UBXN1	155
robust_leading_edge	walktrap	RPL29	46
robust_leading_edge	walktrap	TEKT4	73
robust_leading_edge	walktrap	BBS5	124
robust_leading_edge	walktrap	CCT3	67
robust_leading_edge	walktrap	SSR2	37
robust_leading_edge	walktrap	EFHB	73
robust_leading_edge	walktrap	ATXN7	8
robust_leading_edge	walktrap	SYN1	54
robust_leading_edge	walktrap	LZTFL1	124
robust_leading_edge	walktrap	RPS23	46
robust_leading_edge	walktrap	WAPL	180
robust_leading_edge	walktrap	TAF10	8
robust_leading_edge	walktrap	SNRPD1	65
robust_leading_edge	walktrap	KRT16	149
robust_leading_edge	walktrap	TRAPPC1	77
robust_leading_edge	walktrap	COPS6	74
robust_leading_edge	walktrap	TCTN2	9
robust_leading_edge	walktrap	U2AF2	126
robust_leading_edge	walktrap	RPL13	46
robust_leading_edge	walktrap	EEF2	46
robust_leading_edge	walktrap	RPL15	46
robust_leading_edge	walktrap	PSMD1	40
robust_leading_edge	walktrap	RPL38	46
robust_leading_edge	walktrap	PSMD2	40
robust_leading_edge	walktrap	PSMC5	40
robust_leading_edge	walktrap	LSM1	143
robust_leading_edge	walktrap	FANCI	55
robust_leading_edge	walktrap	SNX33	229
robust_leading_edge	walktrap	RPL4	46
robust_leading_edge	walktrap	SRP68	46
robust_leading_edge	walktrap	TLR8	228
robust_leading_edge	walktrap	PABPC1	17
robust_leading_edge	walktrap	NPHP1	48
robust_leading_edge	walktrap	WDR35	10
robust_leading_edge	walktrap	SSR4	37
robust_leading_edge	walktrap	RABGGTB	137
robust_leading_edge	walktrap	RPS15A	46
robust_leading_edge	walktrap	SPAST	225
robust_leading_edge	walktrap	FAM20C	224
robust_leading_edge	walktrap	SMC1A	180
robust_leading_edge	walktrap	IFT88	70
robust_leading_edge	walktrap	PPP2R2A	104
robust_leading_edge	walktrap	NCBP2	3
robust_leading_edge	walktrap	CLASP2	130
robust_leading_edge	walktrap	HEXIM1	14
robust_leading_edge	walktrap	TBK1	99
robust_leading_edge	walktrap	ENKUR	73
robust_leading_edge	walktrap	NPLOC4	35
robust_leading_edge	walktrap	EEF1G	46
robust_leading_edge	walktrap	EIF3C	46
robust_leading_edge	walktrap	FAAP100	55
robust_leading_edge	walktrap	EMC10	186
robust_leading_edge	walktrap	PACRG	73
robust_leading_edge	walktrap	STX3	27
robust_leading_edge	walktrap	TUBB	67
robust_leading_edge	walktrap	EEF1A1	46
robust_leading_edge	walktrap	NELFB	14
robust_leading_edge	walktrap	PPL	221
robust_leading_edge	walktrap	HNRNPA1	17
robust_leading_edge	walktrap	RPS2	46
robust_leading_edge	walktrap	SNRPD2	65
robust_leading_edge	walktrap	RPL3	46
robust_leading_edge	walktrap	RPL36AL	46
robust_leading_edge	walktrap	RPL27A	46
robust_leading_edge	walktrap	RPLP1	46
robust_leading_edge	walktrap	RPL22L1	46
robust_leading_edge	walktrap	PRKAA1	212
robust_leading_edge	walktrap	PSMD12	40
robust_leading_edge	walktrap	UVRAG	140
robust_leading_edge	walktrap	DYNC1H1	24
robust_leading_edge	walktrap	NHEJ1	138
robust_leading_edge	walktrap	SYNE2	9
robust_leading_edge	walktrap	XRCC6	138
robust_leading_edge	walktrap	DNMT1	29
robust_leading_edge	walktrap	DDA1	120
robust_leading_edge	walktrap	EIF2B3	72
robust_leading_edge	walktrap	WDHD1	133
robust_leading_edge	walktrap	EIF3B	46
robust_leading_edge	walktrap	SMURF1	129
robust_leading_edge	walktrap	RPL12	46
robust_leading_edge	walktrap	SMG5	206
robust_leading_edge	walktrap	RPL39	46
robust_leading_edge	walktrap	PSMB5	40
robust_leading_edge	walktrap	CAPN8	30
robust_leading_edge	walktrap	ASPM	204
robust_leading_edge	walktrap	CFAP45	73
robust_leading_edge	walktrap	CENPW	201
robust_leading_edge	walktrap	SNAPIN	211
robust_leading_edge	walktrap	PSMD4	40
robust_leading_edge	walktrap	ACTR1A	24
robust_leading_edge	walktrap	DR1	8
robust_leading_edge	walktrap	USP33	108
robust_leading_edge	walktrap	EFHC1	73
robust_leading_edge	walktrap	MCTS1	46
robust_leading_edge	walktrap	RNF113A	65
robust_leading_edge	walktrap	RPL7A	46
robust_leading_edge	walktrap	SH3GLB2	140
robust_leading_edge	walktrap	NUP188	202
robust_leading_edge	walktrap	PPIE	65
robust_leading_edge	walktrap	UTP11	46
robust_leading_edge	walktrap	AGO4	143
robust_leading_edge	walktrap	CDK9	14
robust_leading_edge	walktrap	TRAF3IP1	70
robust_leading_edge	walktrap	RBBP4	47
robust_leading_edge	walktrap	EIF3I	46
robust_leading_edge	walktrap	RPS4X	46
robust_leading_edge	walktrap	RPL10A	46
robust_leading_edge	walktrap	ZWINT	200
robust_leading_edge	walktrap	ZNF593	46
robust_leading_edge	walktrap	EIF2S2	46
robust_leading_edge	walktrap	HSPA1B	199
robust_leading_edge	walktrap	EXOSC10	46
robust_leading_edge	walktrap	RPS16	46
robust_leading_edge	walktrap	IPO7	46
robust_leading_edge	walktrap	DDX58	99
robust_leading_edge	walktrap	RBBP7	47
robust_leading_edge	walktrap	BCL7C	194
robust_leading_edge	walktrap	HMGN1	46
robust_leading_edge	walktrap	CCP110	108
robust_leading_edge	walktrap	FANCA	55
robust_leading_edge	walktrap	RPS9	46
robust_leading_edge	walktrap	MKS1	9
robust_leading_edge	walktrap	RPL34	46
robust_leading_edge	walktrap	MPRIP	185
robust_leading_edge	walktrap	TEKT3	73
robust_leading_edge	walktrap	RPS29	46
robust_leading_edge	walktrap	RPL14	46
robust_leading_edge	walktrap	RPS8	46
robust_leading_edge	walktrap	ING4	182
robust_leading_edge	walktrap	EMC6	186
robust_leading_edge	walktrap	BLOC1S5	177
robust_leading_edge	walktrap	CFAP53	73
robust_leading_edge	walktrap	RABGGTA	137
robust_leading_edge	walktrap	WDR19	10
robust_leading_edge	walktrap	CUL4B	74
robust_leading_edge	walktrap	GATAD2A	118
robust_leading_edge	walktrap	ELAVL1	17
robust_leading_edge	walktrap	RPS14	46
robust_leading_edge	walktrap	PSMD14	40
robust_leading_edge	walktrap	RPL31	46
robust_leading_edge	walktrap	UBA52	46
robust_leading_edge	walktrap	RPL23A	46
robust_leading_edge	walktrap	INO80C	174
robust_leading_edge	walktrap	NECAP2	173
robust_leading_edge	walktrap	RPS18	46
robust_leading_edge	walktrap	COMMD5	46
robust_leading_edge	walktrap	IK	65
robust_leading_edge	walktrap	PSMD13	40
robust_leading_edge	walktrap	TTC21A	10
robust_leading_edge	walktrap	RANGAP1	172
robust_leading_edge	walktrap	TBC1D5	171
robust_leading_edge	walktrap	SNRPB	65
robust_leading_edge	walktrap	RPL10	46
robust_leading_edge	walktrap	RPS24	46
robust_leading_edge	walktrap	EIF2B1	72
robust_leading_edge	walktrap	RPL32	46
robust_leading_edge	walktrap	RPL37A	46
robust_leading_edge	walktrap	PSMD6	40
robust_leading_edge	walktrap	WWTR1	170
robust_leading_edge	walktrap	RPL23	46
robust_leading_edge	walktrap	CAST	30
robust_leading_edge	walktrap	RPS20	46
robust_leading_edge	walktrap	EIF3H	46
robust_leading_edge	walktrap	EIF5AL1	46
robust_leading_edge	walktrap	RPLP2	46
robust_leading_edge	walktrap	EIF3F	46
robust_leading_edge	walktrap	FAU	46
robust_leading_edge	walktrap	CAPN1	30
robust_leading_edge	walktrap	RPS25	46
robust_leading_edge	walktrap	TRAPPC4	77
robust_leading_edge	walktrap	ZMYND8	118
robust_leading_edge	walktrap	PSMD9	40
robust_leading_edge	walktrap	TMEM258	37
robust_leading_edge	walktrap	CEP290	48
robust_leading_edge	walktrap	NACA	46
robust_leading_edge	walktrap	RPLP0	46
robust_leading_edge	walktrap	RPL28	46
robust_leading_edge	walktrap	RPL27	46
robust_leading_edge	walktrap	RPS15	46
robust_leading_edge	walktrap	RPS5	46
robust_leading_edge	walktrap	RPS10	46
robust_leading_edge	walktrap	RPS7	46
robust_leading_edge	walktrap	DVL3	21
robust_leading_edge	walktrap	HLA-DOB	7
robust_leading_edge	walktrap	HLA-DPB1	7
robust_leading_edge	walktrap	MUS81	235
robust_leading_edge	walktrap	NGFR	223
robust_leading_edge	walktrap	PSMB3	145
robust_leading_edge	walktrap	RFC4	12
robust_leading_edge	walktrap	DSP	188
robust_leading_edge	walktrap	TNIP2	44
robust_leading_edge	walktrap	TNFRSF1B	44
robust_leading_edge	walktrap	FAS	44
robust_leading_edge	walktrap	TUBA1A	43
robust_leading_edge	walktrap	PLEC	41
robust_leading_edge	walktrap	GNPTAB	219
robust_leading_edge	walktrap	NCK2	134
robust_leading_edge	walktrap	RGS3	134
robust_leading_edge	walktrap	OGDH	97
robust_leading_edge	walktrap	SPACA9	210
robust_leading_edge	walktrap	CCNA2	18
robust_leading_edge	walktrap	MCM3	12
robust_leading_edge	walktrap	CTNNB1	19
robust_leading_edge	walktrap	MAPK14	69
robust_leading_edge	walktrap	DUSP6	69
robust_leading_edge	walktrap	MAP2K2	69
robust_leading_edge	walktrap	LGALS3BP	78
robust_leading_edge	walktrap	SPTAN1	91
robust_leading_edge	walktrap	MYH14	5
robust_leading_edge	walktrap	TSG101	75
robust_leading_edge	walktrap	CHMP4A	75
robust_leading_edge	walktrap	CHMP2A	75
robust_leading_edge	walktrap	CD63	71
robust_leading_edge	walktrap	MMP14	71
robust_leading_edge	walktrap	NOD2	20
robust_leading_edge	walktrap	NOD1	20
robust_leading_edge	walktrap	CCNH	25
robust_leading_edge	walktrap	POLR2E	25
robust_leading_edge	walktrap	BGN	93
robust_leading_edge	walktrap	COLGALT1	60
robust_leading_edge	walktrap	BCAP31	80
robust_leading_edge	walktrap	CHMP4C	162
robust_leading_edge	walktrap	COL5A1	13
robust_leading_edge	walktrap	SYMPK	150
robust_leading_edge	walktrap	SELP	151
robust_leading_edge	walktrap	RAD51	62
robust_leading_edge	walktrap	RSPH1	148
robust_leading_edge	walktrap	MCAM	236
robust_leading_edge	walktrap	PROS1	132
robust_leading_edge	walktrap	AP2S1	103
robust_leading_edge	walktrap	ADGRL2	52
robust_leading_edge	walktrap	CFI	6
robust_leading_edge	walktrap	CD55	6
robust_leading_edge	walktrap	ITGAM	6
robust_leading_edge	walktrap	CFB	6
robust_leading_edge	walktrap	CASP1	16
robust_leading_edge	walktrap	CDC42	1
robust_leading_edge	walktrap	ARHGDIA	1
robust_leading_edge	walktrap	CYBB	1
robust_leading_edge	walktrap	NOTCH1	42
robust_leading_edge	walktrap	RRM1	214
robust_leading_edge	walktrap	A2M	117
robust_leading_edge	walktrap	TREM2	49
robust_leading_edge	walktrap	VLDLR	117
robust_leading_edge	walktrap	APOC2	117
robust_leading_edge	walktrap	SYNPO	4
robust_leading_edge	walktrap	ELOC	12
robust_leading_edge	walktrap	RXRG	105
robust_leading_edge	walktrap	NCOR2	45
robust_leading_edge	walktrap	SLC3A2	13
robust_leading_edge	walktrap	CSPG4	13
robust_leading_edge	walktrap	CLEC7A	11
robust_leading_edge	walktrap	MYD88	11
robust_leading_edge	walktrap	CCND3	82
robust_leading_edge	walktrap	ITGA6	13
robust_leading_edge	walktrap	SEMA7A	197
robust_leading_edge	walktrap	B2M	7
robust_leading_edge	walktrap	CD14	11
robust_leading_edge	walktrap	PRC1	64
robust_leading_edge	walktrap	COL8A2	181
robust_leading_edge	walktrap	HEXA	189
robust_leading_edge	walktrap	SPC24	18
robust_leading_edge	walktrap	NCF4	96
robust_leading_edge	walktrap	ALDH1B1	169
robust_leading_edge	walktrap	FBLN5	167
robust_leading_edge	walktrap	TGFBR1	51
robust_leading_edge	walktrap	CDK5	12
robust_leading_edge	walktrap	DYNC1I2	61
robust_leading_edge	walktrap	TWF1	61
robust_leading_edge	walktrap	MAML1	42
robust_leading_edge	walktrap	STX4	161
robust_leading_edge	walktrap	CALM2	113
robust_leading_edge	walktrap	NECTIN4	160
robust_leading_edge	walktrap	LAMB3	63
robust_leading_edge	walktrap	PTK7	135
robust_leading_edge	walktrap	FZD6	135
robust_leading_edge	walktrap	NDUFA13	4
robust_leading_edge	walktrap	JAK3	38
robust_leading_edge	walktrap	JAK1	38
robust_leading_edge	walktrap	SELL	5
robust_leading_edge	walktrap	CASP7	16
robust_leading_edge	walktrap	RNASEK	144
robust_leading_edge	walktrap	GRB7	4
robust_leading_edge	walktrap	ARHGEF2	4
robust_leading_edge	walktrap	GIT1	59
robust_leading_edge	walktrap	SP100	45
robust_leading_edge	walktrap	MUC1	4
robust_leading_edge	walktrap	TGFA	4
robust_leading_edge	walktrap	PLXNB1	4
robust_leading_edge	walktrap	ANXA1	227
robust_leading_edge	walktrap	DLC1	112
robust_leading_edge	walktrap	HRAS	112
robust_leading_edge	walktrap	TRAK2	222
robust_leading_edge	walktrap	TNFRSF10C	44
robust_leading_edge	walktrap	CDKN2A	23
robust_leading_edge	walktrap	RPS19	76
robust_leading_edge	walktrap	MYL12B	216
robust_leading_edge	walktrap	CSF1	89
robust_leading_edge	walktrap	ISG15	116
robust_leading_edge	walktrap	BUB3	18
robust_leading_edge	walktrap	RBBP8	62
robust_leading_edge	walktrap	GRB10	94
robust_leading_edge	walktrap	PTPRU	4
robust_leading_edge	walktrap	CCNE2	18
robust_leading_edge	walktrap	FCGR1A	33
robust_leading_edge	walktrap	BBC3	66
robust_leading_edge	walktrap	BAK1	66
robust_leading_edge	walktrap	PSENEN	19
robust_leading_edge	walktrap	GAS6	208
robust_leading_edge	walktrap	TACSTD2	136
robust_leading_edge	walktrap	PARP9	81
robust_leading_edge	walktrap	GGA3	122
robust_leading_edge	walktrap	SPRED2	203
robust_leading_edge	walktrap	C4B	58
robust_leading_edge	walktrap	CBFB	22
robust_leading_edge	walktrap	HMMR	85
robust_leading_edge	walktrap	GDI1	115
robust_leading_edge	walktrap	RABIF	115
robust_leading_edge	walktrap	CDCA8	18
robust_leading_edge	walktrap	CUL1	95
robust_leading_edge	walktrap	AMBRA1	2
robust_leading_edge	walktrap	WDTC1	2
robust_leading_edge	walktrap	PEA15	111
robust_leading_edge	walktrap	FAF1	111
robust_leading_edge	walktrap	TRIAP1	198
robust_leading_edge	walktrap	DLG4	4
robust_leading_edge	walktrap	ADH1C	192
robust_leading_edge	walktrap	PLXNB2	84
robust_leading_edge	walktrap	NEU1	125
robust_leading_edge	walktrap	CRLF1	184
robust_leading_edge	walktrap	PRKAR1B	190
robust_leading_edge	walktrap	DNAL1	183
robust_leading_edge	walktrap	ARRB2	142
robust_leading_edge	walktrap	APLNR	57
robust_leading_edge	walktrap	C5AR1	57
robust_leading_edge	walktrap	KIF20A	18
robust_leading_edge	walktrap	RCC2	18
robust_leading_edge	walktrap	SERPINA1	237
robust_leading_edge	walktrap	LGALS8	41
robust_leading_edge	walktrap	CD9	41
robust_leading_edge	walktrap	IRF9	38
robust_leading_edge	walktrap	PTPN6	38
robust_leading_edge	walktrap	WASF1	107
robust_leading_edge	walktrap	EPS8	107
robust_leading_edge	walktrap	BLOC1S2	146
robust_leading_edge	walktrap	TUBA1C	43
robust_leading_edge	walktrap	PARD6B	168
robust_leading_edge	walktrap	ENO1	7
robust_leading_edge	walktrap	STK24	25
robust_leading_edge	walktrap	GSKIP	19
robust_leading_edge	walktrap	SRGAP2	98
robust_leading_edge	walktrap	LAMP2	131
robust_leading_edge	walktrap	PPIA	106
robust_leading_edge	walktrap	AP4M1	68
robust_leading_edge	walktrap	AP1M2	68
robust_leading_edge	walktrap	AP1M1	68
robust_leading_edge	walktrap	NME1-NME2	187
robust_leading_edge	walktrap	PLAU	87
robust_leading_edge	walktrap	NPRL3	34
robust_leading_edge	walktrap	AMOT	36
robust_leading_edge	walktrap	MAP2K3	92
robust_leading_edge	walktrap	PCCA	119
robust_leading_edge	walktrap	PC	119
robust_leading_edge	walktrap	MINK1	163
robust_leading_edge	walktrap	E2F2	12
robust_leading_edge	walktrap	S100A4	100
robust_leading_edge	walktrap	S100A10	100
robust_leading_edge	walktrap	TGFBI	13
robust_leading_edge	walktrap	TGM2	13
robust_leading_edge	walktrap	PIP4K2A	156
robust_leading_edge	walktrap	LMNA	28
robust_leading_edge	walktrap	BRK1	1
robust_leading_edge	walktrap	ANAPC11	157
robust_leading_edge	walktrap	SHARPIN	83
robust_leading_edge	walktrap	ARHGEF16	59
robust_leading_edge	walktrap	EFNA4	101
robust_leading_edge	walktrap	EPN1	153
robust_leading_edge	walktrap	MMRN2	154
robust_leading_edge	walktrap	COL4A1	152
robust_leading_edge	walktrap	TPM3	139
robust_leading_edge	walktrap	KRT18	147
robust_leading_edge	walktrap	CIB1	102
robust_leading_edge	walktrap	MAPKAPK3	128
robust_leading_edge	walktrap	FCGR3B	33
robust_leading_edge	walktrap	IFIT2	233
robust_leading_edge	walktrap	GIPC1	26
robust_leading_edge	walktrap	PRKCA	26
robust_leading_edge	walktrap	MICU1	231
robust_leading_edge	walktrap	SHB	4
robust_leading_edge	walktrap	C1QA	230
robust_leading_edge	walktrap	FGF1	232
robust_leading_edge	walktrap	HLA-DQB2	7
robust_leading_edge	walktrap	FLOT2	226
robust_leading_edge	walktrap	PCGF2	22
robust_leading_edge	walktrap	TBXA2R	114
robust_leading_edge	walktrap	FPR1	114
robust_leading_edge	walktrap	HRH1	114
robust_leading_edge	walktrap	CSNK1D	21
robust_leading_edge	walktrap	DAG1	110
robust_leading_edge	walktrap	AATF	79
robust_leading_edge	walktrap	MDK	4
robust_leading_edge	walktrap	SUCLA2	90
robust_leading_edge	walktrap	ACTL6A	218
robust_leading_edge	walktrap	PPP3CA	217
robust_leading_edge	walktrap	PPP1R2	220
robust_leading_edge	walktrap	KDM1A	215
robust_leading_edge	walktrap	AKT1	127
robust_leading_edge	walktrap	PARVB	127
robust_leading_edge	walktrap	ITGAX	6
robust_leading_edge	walktrap	PCDHGA9	213
robust_leading_edge	walktrap	CSF2RA	38
robust_leading_edge	walktrap	ARHGEF18	1
robust_leading_edge	walktrap	RAN	234
robust_leading_edge	walktrap	CYFIP1	209
robust_leading_edge	walktrap	PLRG1	3
robust_leading_edge	walktrap	HAUS5	207
robust_leading_edge	walktrap	UBQLN4	40
robust_leading_edge	walktrap	PSMC6	40
robust_leading_edge	walktrap	VAMP1	205
robust_leading_edge	walktrap	CENPK	201
robust_leading_edge	walktrap	RPS17	46
robust_leading_edge	walktrap	DYNC1I1	141
robust_leading_edge	walktrap	TUBA8	141
robust_leading_edge	walktrap	CCT4	67
robust_leading_edge	walktrap	ATP11A	195
robust_leading_edge	walktrap	LDB1	196
robust_leading_edge	walktrap	PKD1	193
robust_leading_edge	walktrap	SMC4	191
robust_leading_edge	walktrap	COX18	37
robust_leading_edge	walktrap	SSR3	37
robust_leading_edge	walktrap	BBS1	124
robust_leading_edge	walktrap	BBS7	88
robust_leading_edge	walktrap	NOMO2	46
robust_leading_edge	walktrap	STK26	32
robust_leading_edge	walktrap	EME1	179
robust_leading_edge	walktrap	UBA3	178
robust_leading_edge	walktrap	ATP6V1G1	31
robust_leading_edge	walktrap	ATP6V1B2	31
robust_leading_edge	walktrap	SYT1	27
robust_leading_edge	walktrap	EMC9	186
robust_leading_edge	walktrap	TIMM29	176
robust_leading_edge	walktrap	MAPRE1	130
robust_leading_edge	walktrap	PFDN2	67
robust_leading_edge	walktrap	PAFAH1B1	24
robust_leading_edge	walktrap	VPS54	175
robust_leading_edge	walktrap	RNF139	35
robust_leading_edge	walktrap	VCP	35
robust_leading_edge	walktrap	ACTR1B	24
robust_leading_edge	walktrap	DCTN2	24
robust_leading_edge	walktrap	IFT74	70
robust_leading_edge	walktrap	FKBP8	166
robust_leading_edge	walktrap	PNKP	165
robust_leading_edge	walktrap	UHRF1	29
robust_leading_edge	walktrap	IFT27	70
robust_leading_edge	walktrap	SEM1	40
robust_leading_edge	walktrap	COMMD3	164
robust_leading_edge	walktrap	PPP2R1B	32
robust_leading_edge	walktrap	AREG	123
robust_leading_edge	walktrap	CATSPER1	158
robust_leading_edge	walktrap	LY86	159
robust_leading_edge	walktrap	KPNA1	3
robust_leading_edge	walktrap	MAPT	54
robust_leading_edge	walktrap	NSFL1C	155
robust_leading_edge	walktrap	EFHC2	73
robust_leading_edge	walktrap	OST4	37
robust_leading_edge	walktrap	TADA3	8
robust_leading_edge	walktrap	STAG1	180
robust_leading_edge	walktrap	BCAS2	65
robust_leading_edge	walktrap	KRT6A	149
robust_leading_edge	walktrap	TRAPPC3	77
robust_leading_edge	walktrap	TRAPPC2	77
robust_leading_edge	walktrap	COPS7B	74
robust_leading_edge	walktrap	TMEM67	9
robust_leading_edge	walktrap	TCTN1	9
robust_leading_edge	walktrap	RBM10	126
robust_leading_edge	walktrap	SRSF4	126
robust_leading_edge	walktrap	BAG1	40
robust_leading_edge	walktrap	RAD23B	40
robust_leading_edge	walktrap	DDX6	143
robust_leading_edge	walktrap	SNX9	229
robust_leading_edge	walktrap	TLR7	228
robust_leading_edge	walktrap	HNRNPC	17
robust_leading_edge	walktrap	PABPC4	17
robust_leading_edge	walktrap	RPGR	48
robust_leading_edge	walktrap	CHMP1B	225
robust_leading_edge	walktrap	FAM20A	224
robust_leading_edge	walktrap	PPP4R1	104
robust_leading_edge	walktrap	HNRNPF	3
robust_leading_edge	walktrap	CYLD	99
robust_leading_edge	walktrap	EEF1B2	46
robust_leading_edge	walktrap	STXBP2	27
robust_leading_edge	walktrap	TXLNA	27
robust_leading_edge	walktrap	SUPT5H	14
robust_leading_edge	walktrap	EVPL	221
robust_leading_edge	walktrap	PRKAA2	212
robust_leading_edge	walktrap	SH3GLB1	140
robust_leading_edge	walktrap	DYNLRB2	24
robust_leading_edge	walktrap	XRCC5	138
robust_leading_edge	walktrap	DCAF17	120
robust_leading_edge	walktrap	EIF2B4	72
robust_leading_edge	walktrap	MCM10	133
robust_leading_edge	walktrap	RUNX2	129
robust_leading_edge	walktrap	UPF1	206
robust_leading_edge	walktrap	WDR62	204
robust_leading_edge	walktrap	KXD1	211
robust_leading_edge	walktrap	RAD23A	40
robust_leading_edge	walktrap	POLE3	8
robust_leading_edge	walktrap	SEH1L	202
robust_leading_edge	walktrap	HDAC8	47
robust_leading_edge	walktrap	DSN1	200
robust_leading_edge	walktrap	HSPA1A	199
robust_leading_edge	walktrap	CHD4	118
robust_leading_edge	walktrap	BRD9	194
robust_leading_edge	walktrap	FANCL	55
robust_leading_edge	walktrap	PPP1R12A	185
robust_leading_edge	walktrap	JADE3	182
robust_leading_edge	walktrap	BLOC1S6	177
robust_leading_edge	walktrap	RAB1A	137
robust_leading_edge	walktrap	IFT140	10
robust_leading_edge	walktrap	CAND1	74
robust_leading_edge	walktrap	INO80	174
robust_leading_edge	walktrap	AP2M1	173
robust_leading_edge	walktrap	RCC1	172
robust_leading_edge	walktrap	VPS29	171
robust_leading_edge	walktrap	YAP1	170
robust_leading_edge	walktrap	CAPNS1	30
robust_leading_edge	louvain	RALA	1
robust_leading_edge	louvain	DVL2	2
robust_leading_edge	louvain	CX3CL1	1
robust_leading_edge	louvain	CD74	3
robust_leading_edge	louvain	CD4	3
robust_leading_edge	louvain	ERCC1	4
robust_leading_edge	louvain	RTN4R	5
robust_leading_edge	louvain	PSMA4	6
robust_leading_edge	louvain	LCP2	7
robust_leading_edge	louvain	RFC2	8
robust_leading_edge	louvain	PKP2	9
robust_leading_edge	louvain	HDAC7	10
robust_leading_edge	louvain	PSMC4	6
robust_leading_edge	louvain	TNFRSF1A	11
robust_leading_edge	louvain	BCL3	10
robust_leading_edge	louvain	VASH1	12
robust_leading_edge	louvain	PLOD1	1
robust_leading_edge	louvain	ITGB4	1
robust_leading_edge	louvain	GNPTG	13
robust_leading_edge	louvain	EFNB1	14
robust_leading_edge	louvain	DLD	15
robust_leading_edge	louvain	TEKT2	16
robust_leading_edge	louvain	CDC6	8
robust_leading_edge	louvain	DHPS	17
robust_leading_edge	louvain	MAPK13	18
robust_leading_edge	louvain	VCL	10
robust_leading_edge	louvain	MAPK1	10
robust_leading_edge	louvain	LGALS1	1
robust_leading_edge	louvain	MCM5	8
robust_leading_edge	louvain	MYH9	19
robust_leading_edge	louvain	POLE2	8
robust_leading_edge	louvain	PSMA3	6
robust_leading_edge	louvain	PSME2	6
robust_leading_edge	louvain	PROCR	20
robust_leading_edge	louvain	CHMP4B	21
robust_leading_edge	louvain	TIMP1	1
robust_leading_edge	louvain	ORC6	8
robust_leading_edge	louvain	CSK	10
robust_leading_edge	louvain	RIPK2	7
robust_leading_edge	louvain	TNFRSF10A	11
robust_leading_edge	louvain	RELB	10
robust_leading_edge	louvain	POLR2I	22
robust_leading_edge	louvain	TGFB1	1
robust_leading_edge	louvain	PIK3R2	10
robust_leading_edge	louvain	GSK3A	2
robust_leading_edge	louvain	PLOD3	1
robust_leading_edge	louvain	FIS1	11
robust_leading_edge	louvain	PSMA2	6
robust_leading_edge	louvain	CHMP5	23
robust_leading_edge	louvain	PFN1	10
robust_leading_edge	louvain	KAT2A	7
robust_leading_edge	louvain	COL1A1	1
robust_leading_edge	louvain	SPI1	10
robust_leading_edge	louvain	CCND1	8
robust_leading_edge	louvain	PRPF19	24
robust_leading_edge	louvain	YBX3	25
robust_leading_edge	louvain	SELPLG	26
robust_leading_edge	louvain	ARPC3	19
robust_leading_edge	louvain	RAD51AP1	12
robust_leading_edge	louvain	ARHGDIB	27
robust_leading_edge	louvain	RSPH4A	28
robust_leading_edge	louvain	HLA-DOA	3
robust_leading_edge	louvain	CAP2	10
robust_leading_edge	louvain	LAMA4	29
robust_leading_edge	louvain	TFPI	1
robust_leading_edge	louvain	TTL	12
robust_leading_edge	louvain	PROC	20
robust_leading_edge	louvain	MAD2L2	8
robust_leading_edge	louvain	SYF2	24
robust_leading_edge	louvain	CTSD	30
robust_leading_edge	louvain	CLTA	3
robust_leading_edge	louvain	TNFAIP6	1
robust_leading_edge	louvain	UNC5CL	1
robust_leading_edge	louvain	TREM1	31
robust_leading_edge	louvain	SOX4	10
robust_leading_edge	louvain	NUP85	10
robust_leading_edge	louvain	C3	19
robust_leading_edge	louvain	VASP	10
robust_leading_edge	louvain	CDC25B	10
robust_leading_edge	louvain	PYCARD	11
robust_leading_edge	louvain	TUBA4A	12
robust_leading_edge	louvain	YWHAH	10
robust_leading_edge	louvain	RAC2	27
robust_leading_edge	louvain	DLL4	24
robust_leading_edge	louvain	RRM2B	32
robust_leading_edge	louvain	APOE	31
robust_leading_edge	louvain	ACTN4	10
robust_leading_edge	louvain	LAMA5	1
robust_leading_edge	louvain	SESN2	33
robust_leading_edge	louvain	GINS2	8
robust_leading_edge	louvain	RARA	10
robust_leading_edge	louvain	LGALS3	1
robust_leading_edge	louvain	TRIM21	7
robust_leading_edge	louvain	JAG1	24
robust_leading_edge	louvain	CCNA1	8
robust_leading_edge	louvain	CDK7	22
robust_leading_edge	louvain	IRAK2	7
robust_leading_edge	louvain	DDB2	7
robust_leading_edge	louvain	HRK	7
robust_leading_edge	louvain	CDK4	8
robust_leading_edge	louvain	ESPL1	12
robust_leading_edge	louvain	MDM2	12
robust_leading_edge	louvain	FHOD1	34
robust_leading_edge	louvain	LAMC1	1
robust_leading_edge	louvain	PLXNC1	35
robust_leading_edge	louvain	BRIP1	12
robust_leading_edge	louvain	TANK	7
robust_leading_edge	louvain	HLA-F	3
robust_leading_edge	louvain	TLR2	7
robust_leading_edge	louvain	THBS1	1
robust_leading_edge	louvain	KIF23	12
robust_leading_edge	louvain	ITGAV	1
robust_leading_edge	louvain	COL8A1	36
robust_leading_edge	louvain	HEXB	37
robust_leading_edge	louvain	PSMA6	6
robust_leading_edge	louvain	NDC80	12
robust_leading_edge	louvain	CYBA	27
robust_leading_edge	louvain	ALDH2	38
robust_leading_edge	louvain	LOXL1	39
robust_leading_edge	louvain	MCM4	8
robust_leading_edge	louvain	PSMB1	6
robust_leading_edge	louvain	ELOB	8
robust_leading_edge	louvain	TELO2	22
robust_leading_edge	louvain	AXIN1	2
robust_leading_edge	louvain	SMURF2	10
robust_leading_edge	louvain	CSNK2A2	10
robust_leading_edge	louvain	TYROBP	31
robust_leading_edge	louvain	CCNE1	8
robust_leading_edge	louvain	ARPC1A	19
robust_leading_edge	louvain	GNA15	40
robust_leading_edge	louvain	CAPZA1	10
robust_leading_edge	louvain	NOTCH3	24
robust_leading_edge	louvain	VAMP8	41
robust_leading_edge	louvain	SLC9A1	19
robust_leading_edge	louvain	CDH3	10
robust_leading_edge	louvain	NECTIN1	42
robust_leading_edge	louvain	CBL	10
robust_leading_edge	louvain	LAMC2	1
robust_leading_edge	louvain	MCM6	8
robust_leading_edge	louvain	PDCL3	19
robust_leading_edge	louvain	FGF2	10
robust_leading_edge	louvain	WNT5A	43
robust_leading_edge	louvain	STAT3	10
robust_leading_edge	louvain	ITGA9	1
robust_leading_edge	louvain	ICAM1	19
robust_leading_edge	louvain	MCM2	8
robust_leading_edge	louvain	VCAN	19
robust_leading_edge	louvain	CASP6	11
robust_leading_edge	louvain	IQCG	19
robust_leading_edge	louvain	POLA2	8
robust_leading_edge	louvain	MCCC1	44
robust_leading_edge	louvain	TCIRG1	45
robust_leading_edge	louvain	CDK2	8
robust_leading_edge	louvain	ITGB7	1
robust_leading_edge	louvain	ERBB3	10
robust_leading_edge	louvain	PXN	10
robust_leading_edge	louvain	PML	10
robust_leading_edge	louvain	IQGAP1	27
robust_leading_edge	louvain	TP53	12
robust_leading_edge	louvain	ERBB2	10
robust_leading_edge	louvain	PSMA5	6
robust_leading_edge	louvain	NUF2	12
robust_leading_edge	louvain	S100A11	46
robust_leading_edge	louvain	RTKN	27
robust_leading_edge	louvain	OSMR	10
robust_leading_edge	louvain	RASA1	10
robust_leading_edge	louvain	GABRB2	47
robust_leading_edge	louvain	NFKBIE	10
robust_leading_edge	louvain	TNFRSF10B	11
robust_leading_edge	louvain	CDKN2B	10
robust_leading_edge	louvain	RPS3	17
robust_leading_edge	louvain	MYL9	48
robust_leading_edge	louvain	PPP4C	22
robust_leading_edge	louvain	USP15	10
robust_leading_edge	louvain	DSC2	9
robust_leading_edge	louvain	EPHA4	10
robust_leading_edge	louvain	ITGB6	1
robust_leading_edge	louvain	XPC	7
robust_leading_edge	louvain	RHOC	27
robust_leading_edge	louvain	CASP10	11
robust_leading_edge	louvain	CSF1R	7
robust_leading_edge	louvain	UBE2L6	7
robust_leading_edge	louvain	BUB1B	12
robust_leading_edge	louvain	FANCD2	12
robust_leading_edge	louvain	PPARG	10
robust_leading_edge	louvain	KIT	10
robust_leading_edge	louvain	CCNB2	12
robust_leading_edge	louvain	CD1A	3
robust_leading_edge	louvain	FCER1G	49
robust_leading_edge	louvain	PSMB4	6
robust_leading_edge	louvain	BAX	7
robust_leading_edge	louvain	NCSTN	10
robust_leading_edge	louvain	MERTK	50
robust_leading_edge	louvain	CLDN1	51
robust_leading_edge	louvain	ARPC2	19
robust_leading_edge	louvain	CDCP1	10
robust_leading_edge	louvain	DTX3L	10
robust_leading_edge	louvain	ITGB5	1
robust_leading_edge	louvain	MAD2L1	12
robust_leading_edge	louvain	ITGA2	1
robust_leading_edge	louvain	MICALL2	10
robust_leading_edge	louvain	ARF6	12
robust_leading_edge	louvain	LRRK2	10
robust_leading_edge	louvain	SPRED1	52
robust_leading_edge	louvain	C2	19
robust_leading_edge	louvain	ANPEP	10
robust_leading_edge	louvain	STAT6	10
robust_leading_edge	louvain	RUNX1	10
robust_leading_edge	louvain	TPX2	12
robust_leading_edge	louvain	RAB8A	11
robust_leading_edge	louvain	CDT1	8
robust_leading_edge	louvain	AXL	10
robust_leading_edge	louvain	BIRC5	12
robust_leading_edge	louvain	DDB1	7
robust_leading_edge	louvain	FADD	11
robust_leading_edge	louvain	PRELID1	53
robust_leading_edge	louvain	MAP2K1	10
robust_leading_edge	louvain	BUB1	12
robust_leading_edge	louvain	INSR	10
robust_leading_edge	louvain	TWF2	10
robust_leading_edge	louvain	CTNNA1	10
robust_leading_edge	louvain	IRS1	10
robust_leading_edge	louvain	GNB2	1
robust_leading_edge	louvain	NLGN2	10
robust_leading_edge	louvain	FEN1	8
robust_leading_edge	louvain	YWHAG	10
robust_leading_edge	louvain	CXCL8	1
robust_leading_edge	louvain	ADH1B	54
robust_leading_edge	louvain	SEMA4C	10
robust_leading_edge	louvain	GABARAP	11
robust_leading_edge	louvain	GLB1	55
robust_leading_edge	louvain	MCM7	8
robust_leading_edge	louvain	CLCF1	56
robust_leading_edge	louvain	CLTB	3
robust_leading_edge	louvain	PRKACA	57
robust_leading_edge	louvain	ZNF622	17
robust_leading_edge	louvain	FBXO45	7
robust_leading_edge	louvain	CASP3	11
robust_leading_edge	louvain	DNAH7	58
robust_leading_edge	louvain	RAD9A	8
robust_leading_edge	louvain	POLD4	8
robust_leading_edge	louvain	GRK2	40
robust_leading_edge	louvain	CLSPN	8
robust_leading_edge	louvain	GNAI2	1
robust_leading_edge	louvain	CD46	19
robust_leading_edge	louvain	AURKB	12
robust_leading_edge	louvain	PAK2	27
robust_leading_edge	louvain	CLU	59
robust_leading_edge	louvain	ITGA3	1
robust_leading_edge	louvain	STAT2	10
robust_leading_edge	louvain	LILRB1	3
robust_leading_edge	louvain	BAIAP2	27
robust_leading_edge	louvain	MET	10
robust_leading_edge	louvain	CHMP6	21
robust_leading_edge	louvain	TNIP1	11
robust_leading_edge	louvain	NOC2L	17
robust_leading_edge	louvain	BLOC1S4	60
robust_leading_edge	louvain	BCKDHB	15
robust_leading_edge	louvain	BACE1	12
robust_leading_edge	louvain	TUBB6	12
robust_leading_edge	louvain	BID	7
robust_leading_edge	louvain	ADGRE2	19
robust_leading_edge	louvain	EZH2	7
robust_leading_edge	louvain	PKM	10
robust_leading_edge	louvain	TUBB3	12
robust_leading_edge	louvain	LLGL1	61
robust_leading_edge	louvain	POLE	8
robust_leading_edge	louvain	MTSS1	10
robust_leading_edge	louvain	E2F7	10
robust_leading_edge	louvain	ENO3	3
robust_leading_edge	louvain	POLR2L	22
robust_leading_edge	louvain	ZYX	10
robust_leading_edge	louvain	FLII	7
robust_leading_edge	louvain	PPP2R1A	22
robust_leading_edge	louvain	GSK3B	10
robust_leading_edge	louvain	PSMG2	6
robust_leading_edge	louvain	PMAIP1	7
robust_leading_edge	louvain	PSEN1	10
robust_leading_edge	louvain	NRIP1	10
robust_leading_edge	louvain	TGIF1	10
robust_leading_edge	louvain	JAG2	24
robust_leading_edge	louvain	FMNL1	10
robust_leading_edge	louvain	ATP6V0C	45
robust_leading_edge	louvain	RPS27L	17
robust_leading_edge	louvain	EPHB3	10
robust_leading_edge	louvain	UBA7	7
robust_leading_edge	louvain	LAMP1	30
robust_leading_edge	louvain	BSG	1
robust_leading_edge	louvain	AP1S1	3
robust_leading_edge	louvain	EIF5A	17
robust_leading_edge	louvain	LIMK1	10
robust_leading_edge	louvain	TUBA1B	12
robust_leading_edge	louvain	NME1	62
robust_leading_edge	louvain	SIRT6	10
robust_leading_edge	louvain	ZFP36L1	10
robust_leading_edge	louvain	PLAUR	19
robust_leading_edge	louvain	HLA-DQA1	3
robust_leading_edge	louvain	RHOG	27
robust_leading_edge	louvain	MIOS	33
robust_leading_edge	louvain	RAP1GDS1	27
robust_leading_edge	louvain	SMARCB1	12
robust_leading_edge	louvain	SFN	10
robust_leading_edge	louvain	PTK2	1
robust_leading_edge	louvain	STAT5A	10
robust_leading_edge	louvain	DTNBP1	60
robust_leading_edge	louvain	PKN1	27
robust_leading_edge	louvain	MCCC2	44
robust_leading_edge	louvain	MAP4K4	63
robust_leading_edge	louvain	SMARCA4	12
robust_leading_edge	louvain	IFNAR2	10
robust_leading_edge	louvain	SDC3	10
robust_leading_edge	louvain	ARPC5L	19
robust_leading_edge	louvain	E2F1	8
robust_leading_edge	louvain	ANXA2	12
robust_leading_edge	louvain	TAP1	3
robust_leading_edge	louvain	FYN	10
robust_leading_edge	louvain	FN1	1
robust_leading_edge	louvain	PIP4K2C	64
robust_leading_edge	louvain	HTT	11
robust_leading_edge	louvain	BLM	12
robust_leading_edge	louvain	UBE2I	10
robust_leading_edge	louvain	SREBF1	34
robust_leading_edge	louvain	RAC1	27
robust_leading_edge	louvain	CDC16	65
robust_leading_edge	louvain	RBCK1	11
robust_leading_edge	louvain	NRARP	24
robust_leading_edge	louvain	ADAM15	10
robust_leading_edge	louvain	IGF2R	12
robust_leading_edge	louvain	SCRIB	10
robust_leading_edge	louvain	EPHA2	10
robust_leading_edge	louvain	STAT4	10
robust_leading_edge	louvain	CASP8	11
robust_leading_edge	louvain	PSMB10	6
robust_leading_edge	louvain	MAX	22
robust_leading_edge	louvain	MAP3K5	10
robust_leading_edge	louvain	AP2A1	66
robust_leading_edge	louvain	RYR1	19
robust_leading_edge	louvain	CLEC14A	67
robust_leading_edge	louvain	PTPRF	10
robust_leading_edge	louvain	HLA-DRB1	3
robust_leading_edge	louvain	MSN	19
robust_leading_edge	louvain	CLDN7	51
robust_leading_edge	louvain	MYH10	19
robust_leading_edge	louvain	COL4A2	68
robust_leading_edge	louvain	STAT1	10
robust_leading_edge	louvain	TNNI1	69
robust_leading_edge	louvain	KRT19	70
robust_leading_edge	louvain	BECN1	7
robust_leading_edge	louvain	DLL1	24
robust_leading_edge	louvain	PSEN2	10
robust_leading_edge	louvain	DTL	7
robust_leading_edge	louvain	NEK2	12
robust_leading_edge	louvain	MAPKAPK2	18
robust_leading_edge	louvain	ADORA1	1
robust_leading_edge	louvain	SYNE1	34
robust_leading_edge	louvain	NCF2	27
robust_leading_edge	louvain	IFNGR1	10
robust_leading_edge	louvain	FCGR3A	49
robust_leading_edge	louvain	IFI16	11
robust_leading_edge	louvain	CD1C	3
robust_leading_edge	louvain	LAMTOR2	33
robust_leading_edge	louvain	BAG3	11
robust_leading_edge	louvain	APH1A	10
robust_leading_edge	louvain	MAP3K7	7
robust_leading_edge	louvain	ATP6AP1	45
robust_leading_edge	louvain	FLNA	1
robust_leading_edge	louvain	NFKB2	10
robust_leading_edge	louvain	MYO6	11
robust_leading_edge	louvain	DBT	15
robust_leading_edge	louvain	PSMA7	6
robust_leading_edge	louvain	PDLIM1	10
robust_leading_edge	louvain	HSP90AB1	10
robust_leading_edge	louvain	ORC1	8
robust_leading_edge	louvain	IL13RA1	10
robust_leading_edge	louvain	IFIT3	71
robust_leading_edge	louvain	MMP9	1
robust_leading_edge	louvain	CDC20	12
robust_leading_edge	louvain	CTSA	55
robust_leading_edge	louvain	SVBP	12
robust_leading_edge	louvain	SDC4	10
robust_leading_edge	louvain	CAP1	10
robust_leading_edge	louvain	YWHAB	10
robust_leading_edge	louvain	LCN2	1
robust_leading_edge	louvain	MCU	72
robust_leading_edge	louvain	CSF3R	10
robust_leading_edge	louvain	PSMB2	6
robust_leading_edge	louvain	HDAC1	10
robust_leading_edge	louvain	SRC	10
robust_leading_edge	louvain	GSN	10
robust_leading_edge	louvain	OGDHL	15
robust_leading_edge	louvain	EIF6	17
robust_leading_edge	louvain	C1QC	73
robust_leading_edge	louvain	HSPG2	74
robust_leading_edge	louvain	HLA-DMA	3
robust_leading_edge	louvain	PSMB9	6
robust_leading_edge	louvain	PSMB8	6
robust_leading_edge	louvain	TAP2	3
robust_leading_edge	louvain	HLA-DQA2	3
robust_leading_edge	louvain	HLA-DQB1	3
robust_leading_edge	louvain	HLA-DRB5	3
robust_leading_edge	louvain	HCK	10
robust_leading_edge	louvain	CSNK2B	10
robust_leading_edge	louvain	BCL2L1	7
robust_leading_edge	louvain	HLA-C	3
robust_leading_edge	louvain	FLOT1	75
robust_leading_edge	louvain	CTTN	10
robust_leading_edge	louvain	HLA-E	3
robust_leading_edge	louvain	BMI1	10
robust_leading_edge	louvain	HLA-G	3
robust_leading_edge	louvain	GNB1	1
robust_leading_edge	louvain	LRP4	1
robust_leading_edge	louvain	OPTN	11
robust_leading_edge	louvain	DVL1	2
robust_leading_edge	louvain	PCNA	8
robust_leading_edge	louvain	AGRN	1
robust_leading_edge	louvain	BRCA2	12
robust_leading_edge	louvain	RPS6	17
robust_leading_edge	louvain	TMSB4X	19
robust_leading_edge	louvain	SHROOM2	27
robust_leading_edge	louvain	PSME1	6
robust_leading_edge	louvain	KCNQ3	19
robust_leading_edge	louvain	ALK	10
robust_leading_edge	louvain	DIAPH1	27
robust_leading_edge	louvain	PKP4	10
robust_leading_edge	louvain	SQSTM1	11
robust_leading_edge	louvain	LILRB2	3
robust_leading_edge	louvain	TFPT	22
robust_leading_edge	louvain	RPL13A	17
robust_leading_edge	louvain	DYNLL1	7
robust_leading_edge	louvain	GRB2	7
robust_leading_edge	louvain	PIAS3	10
robust_leading_edge	louvain	NME2	62
robust_leading_edge	louvain	KEAP1	10
robust_leading_edge	louvain	SUCLG1	15
robust_leading_edge	louvain	RPL24	17
robust_leading_edge	louvain	ACTN1	10
robust_leading_edge	louvain	BRD7	76
robust_leading_edge	louvain	PPP3CB	77
robust_leading_edge	louvain	CDK1	12
robust_leading_edge	louvain	PPP1CB	78
robust_leading_edge	louvain	HLA-DRA	3
robust_leading_edge	louvain	EHMT2	79
robust_leading_edge	louvain	IL4R	10
robust_leading_edge	louvain	YWHAZ	10
robust_leading_edge	louvain	ITGB1	1
robust_leading_edge	louvain	HLA-A	3
robust_leading_edge	louvain	ILK	80
robust_leading_edge	louvain	CSNK1E	2
robust_leading_edge	louvain	GAPDH	3
robust_leading_edge	louvain	PTK2B	10
robust_leading_edge	louvain	IRF7	7
robust_leading_edge	louvain	ITGB2	19
robust_leading_edge	louvain	CHMP1A	21
robust_leading_edge	louvain	PCDHGA8	81
robust_leading_edge	louvain	ROCK1	27
robust_leading_edge	louvain	DIAPH3	27
robust_leading_edge	louvain	CSF2RB	10
robust_leading_edge	louvain	RELA	10
robust_leading_edge	louvain	CDKN1A	8
robust_leading_edge	louvain	ARPC4	19
robust_leading_edge	louvain	RPSA	17
robust_leading_edge	louvain	ARPC1B	19
robust_leading_edge	louvain	CHEK1	8
robust_leading_edge	louvain	SMARCD2	19
robust_leading_edge	louvain	CDC7	8
robust_leading_edge	louvain	HLA-DPA1	3
robust_leading_edge	louvain	C4A	19
robust_leading_edge	louvain	HLA-DMB	3
robust_leading_edge	louvain	HLA-B	3
robust_leading_edge	louvain	TNIK	10
robust_leading_edge	louvain	RHOA	27
robust_leading_edge	louvain	SHC1	10
robust_leading_edge	louvain	TAPBP	3
robust_leading_edge	louvain	ACVR1	10
robust_leading_edge	louvain	CDC45	8
robust_leading_edge	louvain	PSMA1	6
robust_leading_edge	louvain	ATP6V1F	45
robust_leading_edge	louvain	IRF5	7
robust_leading_edge	louvain	SH3BP2	7
robust_leading_edge	louvain	RACK1	17
robust_leading_edge	louvain	LYN	10
robust_leading_edge	louvain	TYK2	10
robust_leading_edge	louvain	SPTBN2	19
robust_leading_edge	louvain	CFL1	10
robust_leading_edge	louvain	HIF1A	10
robust_leading_edge	louvain	KPNA2	82
robust_leading_edge	louvain	DAPK3	17
robust_leading_edge	louvain	RPL18	17
robust_leading_edge	louvain	TIMELESS	8
robust_leading_edge	louvain	SNW1	24
robust_leading_edge	louvain	ACTG1	19
robust_leading_edge	louvain	RPL26	17
robust_leading_edge	louvain	IKBKE	7
robust_leading_edge	louvain	RPL36	17
robust_leading_edge	louvain	MYL12A	19
robust_leading_edge	louvain	IRF3	7
robust_leading_edge	louvain	POLD1	8
robust_leading_edge	louvain	VAV1	7
robust_leading_edge	louvain	RUVBL2	22
robust_leading_edge	louvain	ADRM1	6
robust_leading_edge	louvain	CYFIP2	83
robust_leading_edge	louvain	PSMC3	6
robust_leading_edge	louvain	BTK	7
robust_leading_edge	louvain	DAPK2	19
robust_leading_edge	louvain	TPM4	69
robust_leading_edge	louvain	MYO1C	19
robust_leading_edge	louvain	VAMP3	84
robust_leading_edge	louvain	OTUD5	85
robust_leading_edge	louvain	RBM22	86
robust_leading_edge	louvain	HAUS4	87
robust_leading_edge	louvain	SIRT1	88
robust_leading_edge	louvain	PSMD8	89
robust_leading_edge	louvain	STX1B	90
robust_leading_edge	louvain	CENPM	91
robust_leading_edge	louvain	EIF3D	85
robust_leading_edge	louvain	TUBB1	92
robust_leading_edge	louvain	PARD6A	93
robust_leading_edge	louvain	EIF3E	85
robust_leading_edge	louvain	PPP2CB	94
robust_leading_edge	louvain	CDC37	95
robust_leading_edge	louvain	RPL19	85
robust_leading_edge	louvain	TMEM30A	96
robust_leading_edge	louvain	BCL9	97
robust_leading_edge	louvain	VAMP4	84
robust_leading_edge	louvain	PKD2	98
robust_leading_edge	louvain	CPSF3	86
robust_leading_edge	louvain	NCAPH	99
robust_leading_edge	louvain	SEC61A1	100
robust_leading_edge	louvain	TTC21B	101
robust_leading_edge	louvain	BBS2	102
robust_leading_edge	louvain	NCLN	85
robust_leading_edge	louvain	EIF3K	85
robust_leading_edge	louvain	STRIP2	103
robust_leading_edge	louvain	SLX1A	104
robust_leading_edge	louvain	TRPC4AP	105
robust_leading_edge	louvain	UBE2M	106
robust_leading_edge	louvain	EIF3G	85
robust_leading_edge	louvain	ATP6V1E1	107
robust_leading_edge	louvain	DCAF15	105
robust_leading_edge	louvain	SNAP25	84
robust_leading_edge	louvain	EMC7	108
robust_leading_edge	louvain	TIMM10	109
robust_leading_edge	louvain	APC	110
robust_leading_edge	louvain	CCT7	94
robust_leading_edge	louvain	DYNC1LI2	111
robust_leading_edge	louvain	STX6	112
robust_leading_edge	louvain	PSMB7	89
robust_leading_edge	louvain	RPL35	85
robust_leading_edge	louvain	DERL1	113
robust_leading_edge	louvain	DCTN3	111
robust_leading_edge	louvain	IFT172	113
robust_leading_edge	louvain	PFDN1	94
robust_leading_edge	louvain	SNX1	95
robust_leading_edge	louvain	RHEB	114
robust_leading_edge	louvain	GINS1	115
robust_leading_edge	louvain	CFAP20	116
robust_leading_edge	louvain	RPL8	85
robust_leading_edge	louvain	XRCC1	117
robust_leading_edge	louvain	LIG1	88
robust_leading_edge	louvain	IFT46	113
robust_leading_edge	louvain	PSMD3	89
robust_leading_edge	louvain	SIL1	85
robust_leading_edge	louvain	EMC4	108
robust_leading_edge	louvain	COMMD4	118
robust_leading_edge	louvain	BBS4	102
robust_leading_edge	louvain	PSMB6	89
robust_leading_edge	louvain	RPS11	85
robust_leading_edge	louvain	CTTNBP2NL	103
robust_leading_edge	louvain	ATP6V1A	107
robust_leading_edge	louvain	RNF7	119
robust_leading_edge	louvain	RPL37	85
robust_leading_edge	louvain	EGFR	95
robust_leading_edge	louvain	CCT6A	94
robust_leading_edge	louvain	CENPU	91
robust_leading_edge	louvain	CATSPER3	120
robust_leading_edge	louvain	CENPH	91
robust_leading_edge	louvain	LY96	121
robust_leading_edge	louvain	CCT8	94
robust_leading_edge	louvain	KPNB1	86
robust_leading_edge	louvain	S100B	84
robust_leading_edge	louvain	MRNIP	85
robust_leading_edge	louvain	EIF4A1	85
robust_leading_edge	louvain	UBXN1	122
robust_leading_edge	louvain	RPL29	85
robust_leading_edge	louvain	TEKT4	116
robust_leading_edge	louvain	BBS5	102
robust_leading_edge	louvain	CCT3	94
robust_leading_edge	louvain	SSR2	100
robust_leading_edge	louvain	EFHB	116
robust_leading_edge	louvain	ATXN7	123
robust_leading_edge	louvain	SYN1	84
robust_leading_edge	louvain	LZTFL1	102
robust_leading_edge	louvain	RPS23	85
robust_leading_edge	louvain	WAPL	124
robust_leading_edge	louvain	TAF10	123
robust_leading_edge	louvain	SNRPD1	86
robust_leading_edge	louvain	KRT16	125
robust_leading_edge	louvain	TRAPPC1	126
robust_leading_edge	louvain	COPS6	119
robust_leading_edge	louvain	TCTN2	127
robust_leading_edge	louvain	U2AF2	128
robust_leading_edge	louvain	RPL13	85
robust_leading_edge	louvain	EEF2	85
robust_leading_edge	louvain	RPL15	85
robust_leading_edge	louvain	PSMD1	89
robust_leading_edge	louvain	RPL38	85
robust_leading_edge	louvain	PSMD2	89
robust_leading_edge	louvain	PSMC5	89
robust_leading_edge	louvain	LSM1	129
robust_leading_edge	louvain	FANCI	130
robust_leading_edge	louvain	SNX33	131
robust_leading_edge	louvain	RPL4	85
robust_leading_edge	louvain	SRP68	85
robust_leading_edge	louvain	TLR8	132
robust_leading_edge	louvain	PABPC1	86
robust_leading_edge	louvain	NPHP1	133
robust_leading_edge	louvain	WDR35	101
robust_leading_edge	louvain	SSR4	100
robust_leading_edge	louvain	RABGGTB	134
robust_leading_edge	louvain	RPS15A	85
robust_leading_edge	louvain	SPAST	135
robust_leading_edge	louvain	FAM20C	136
robust_leading_edge	louvain	SMC1A	124
robust_leading_edge	louvain	IFT88	113
robust_leading_edge	louvain	PPP2R2A	94
robust_leading_edge	louvain	NCBP2	86
robust_leading_edge	louvain	CLASP2	110
robust_leading_edge	louvain	HEXIM1	95
robust_leading_edge	louvain	TBK1	137
robust_leading_edge	louvain	ENKUR	116
robust_leading_edge	louvain	NPLOC4	113
robust_leading_edge	louvain	EEF1G	138
robust_leading_edge	louvain	EIF3C	85
robust_leading_edge	louvain	FAAP100	130
robust_leading_edge	louvain	EMC10	108
robust_leading_edge	louvain	PACRG	116
robust_leading_edge	louvain	STX3	84
robust_leading_edge	louvain	TUBB	94
robust_leading_edge	louvain	EEF1A1	85
robust_leading_edge	louvain	NELFB	95
robust_leading_edge	louvain	PPL	139
robust_leading_edge	louvain	HNRNPA1	86
robust_leading_edge	louvain	RPS2	85
robust_leading_edge	louvain	SNRPD2	86
robust_leading_edge	louvain	RPL3	85
robust_leading_edge	louvain	RPL36AL	85
robust_leading_edge	louvain	RPL27A	85
robust_leading_edge	louvain	RPLP1	85
robust_leading_edge	louvain	RPL22L1	85
robust_leading_edge	louvain	PRKAA1	140
robust_leading_edge	louvain	PSMD12	89
robust_leading_edge	louvain	UVRAG	141
robust_leading_edge	louvain	DYNC1H1	111
robust_leading_edge	louvain	NHEJ1	142
robust_leading_edge	louvain	SYNE2	127
robust_leading_edge	louvain	XRCC6	142
robust_leading_edge	louvain	DNMT1	88
robust_leading_edge	louvain	DDA1	105
robust_leading_edge	louvain	EIF2B3	143
robust_leading_edge	louvain	WDHD1	115
robust_leading_edge	louvain	EIF3B	85
robust_leading_edge	louvain	SMURF1	93
robust_leading_edge	louvain	RPL12	85
robust_leading_edge	louvain	SMG5	144
robust_leading_edge	louvain	RPL39	85
robust_leading_edge	louvain	PSMB5	89
robust_leading_edge	louvain	CAPN8	145
robust_leading_edge	louvain	ASPM	146
robust_leading_edge	louvain	CFAP45	116
robust_leading_edge	louvain	CENPW	91
robust_leading_edge	louvain	SNAPIN	147
robust_leading_edge	louvain	PSMD4	89
robust_leading_edge	louvain	ACTR1A	111
robust_leading_edge	louvain	DR1	123
robust_leading_edge	louvain	USP33	133
robust_leading_edge	louvain	EFHC1	116
robust_leading_edge	louvain	MCTS1	85
robust_leading_edge	louvain	RNF113A	86
robust_leading_edge	louvain	RPL7A	85
robust_leading_edge	louvain	SH3GLB2	141
robust_leading_edge	louvain	NUP188	148
robust_leading_edge	louvain	PPIE	86
robust_leading_edge	louvain	UTP11	85
robust_leading_edge	louvain	AGO4	129
robust_leading_edge	louvain	CDK9	95
robust_leading_edge	louvain	TRAF3IP1	113
robust_leading_edge	louvain	RBBP4	149
robust_leading_edge	louvain	EIF3I	85
robust_leading_edge	louvain	RPS4X	85
robust_leading_edge	louvain	RPL10A	85
robust_leading_edge	louvain	ZWINT	150
robust_leading_edge	louvain	ZNF593	85
robust_leading_edge	louvain	EIF2S2	85
robust_leading_edge	louvain	HSPA1B	151
robust_leading_edge	louvain	EXOSC10	85
robust_leading_edge	louvain	RPS16	85
robust_leading_edge	louvain	IPO7	85
robust_leading_edge	louvain	DDX58	137
robust_leading_edge	louvain	RBBP7	149
robust_leading_edge	louvain	BCL7C	152
robust_leading_edge	louvain	HMGN1	85
robust_leading_edge	louvain	CCP110	133
robust_leading_edge	louvain	FANCA	130
robust_leading_edge	louvain	RPS9	85
robust_leading_edge	louvain	MKS1	127
robust_leading_edge	louvain	RPL34	85
robust_leading_edge	louvain	MPRIP	153
robust_leading_edge	louvain	TEKT3	116
robust_leading_edge	louvain	RPS29	85
robust_leading_edge	louvain	RPL14	85
robust_leading_edge	louvain	RPS8	85
robust_leading_edge	louvain	ING4	154
robust_leading_edge	louvain	EMC6	108
robust_leading_edge	louvain	BLOC1S5	155
robust_leading_edge	louvain	CFAP53	116
robust_leading_edge	louvain	RABGGTA	134
robust_leading_edge	louvain	WDR19	101
robust_leading_edge	louvain	CUL4B	119
robust_leading_edge	louvain	GATAD2A	149
robust_leading_edge	louvain	ELAVL1	86
robust_leading_edge	louvain	RPS14	85
robust_leading_edge	louvain	PSMD14	89
robust_leading_edge	louvain	RPL31	85
robust_leading_edge	louvain	UBA52	85
robust_leading_edge	louvain	RPL23A	85
robust_leading_edge	louvain	INO80C	156
robust_leading_edge	louvain	NECAP2	157
robust_leading_edge	louvain	RPS18	85
robust_leading_edge	louvain	COMMD5	85
robust_leading_edge	louvain	IK	86
robust_leading_edge	louvain	PSMD13	89
robust_leading_edge	louvain	TTC21A	101
robust_leading_edge	louvain	RANGAP1	158
robust_leading_edge	louvain	TBC1D5	159
robust_leading_edge	louvain	SNRPB	86
robust_leading_edge	louvain	RPL10	85
robust_leading_edge	louvain	RPS24	85
robust_leading_edge	louvain	EIF2B1	143
robust_leading_edge	louvain	RPL32	85
robust_leading_edge	louvain	RPL37A	85
robust_leading_edge	louvain	PSMD6	89
robust_leading_edge	louvain	WWTR1	160
robust_leading_edge	louvain	RPL23	85
robust_leading_edge	louvain	CAST	145
robust_leading_edge	louvain	RPS20	85
robust_leading_edge	louvain	EIF3H	85
robust_leading_edge	louvain	EIF5AL1	85
robust_leading_edge	louvain	RPLP2	85
robust_leading_edge	louvain	EIF3F	85
robust_leading_edge	louvain	FAU	85
robust_leading_edge	louvain	CAPN1	145
robust_leading_edge	louvain	RPS25	85
robust_leading_edge	louvain	TRAPPC4	126
robust_leading_edge	louvain	ZMYND8	149
robust_leading_edge	louvain	PSMD9	89
robust_leading_edge	louvain	TMEM258	100
robust_leading_edge	louvain	CEP290	133
robust_leading_edge	louvain	NACA	85
robust_leading_edge	louvain	RPLP0	85
robust_leading_edge	louvain	RPL28	85
robust_leading_edge	louvain	RPL27	85
robust_leading_edge	louvain	RPS15	85
robust_leading_edge	louvain	RPS5	85
robust_leading_edge	louvain	RPS10	85
robust_leading_edge	louvain	RPS7	85
robust_leading_edge	louvain	DVL3	2
robust_leading_edge	louvain	HLA-DOB	3
robust_leading_edge	louvain	HLA-DPB1	3
robust_leading_edge	louvain	MUS81	4
robust_leading_edge	louvain	NGFR	5
robust_leading_edge	louvain	PSMB3	6
robust_leading_edge	louvain	RFC4	8
robust_leading_edge	louvain	DSP	9
robust_leading_edge	louvain	TNIP2	11
robust_leading_edge	louvain	TNFRSF1B	11
robust_leading_edge	louvain	FAS	11
robust_leading_edge	louvain	TUBA1A	12
robust_leading_edge	louvain	PLEC	1
robust_leading_edge	louvain	GNPTAB	13
robust_leading_edge	louvain	NCK2	14
robust_leading_edge	louvain	RGS3	14
robust_leading_edge	louvain	OGDH	15
robust_leading_edge	louvain	SPACA9	16
robust_leading_edge	louvain	CCNA2	12
robust_leading_edge	louvain	MCM3	8
robust_leading_edge	louvain	CTNNB1	10
robust_leading_edge	louvain	MAPK14	10
robust_leading_edge	louvain	DUSP6	10
robust_leading_edge	louvain	MAP2K2	10
robust_leading_edge	louvain	LGALS3BP	1
robust_leading_edge	louvain	SPTAN1	19
robust_leading_edge	louvain	MYH14	19
robust_leading_edge	louvain	TSG101	21
robust_leading_edge	louvain	CHMP4A	21
robust_leading_edge	louvain	CHMP2A	21
robust_leading_edge	louvain	CD63	1
robust_leading_edge	louvain	MMP14	1
robust_leading_edge	louvain	NOD2	7
robust_leading_edge	louvain	NOD1	7
robust_leading_edge	louvain	CCNH	22
robust_leading_edge	louvain	POLR2E	22
robust_leading_edge	louvain	BGN	1
robust_leading_edge	louvain	COLGALT1	1
robust_leading_edge	louvain	BCAP31	11
robust_leading_edge	louvain	CHMP4C	23
robust_leading_edge	louvain	COL5A1	1
robust_leading_edge	louvain	SYMPK	25
robust_leading_edge	louvain	SELP	26
robust_leading_edge	louvain	RAD51	12
robust_leading_edge	louvain	RSPH1	28
robust_leading_edge	louvain	MCAM	29
robust_leading_edge	louvain	PROS1	20
robust_leading_edge	louvain	AP2S1	3
robust_leading_edge	louvain	ADGRL2	1
robust_leading_edge	louvain	CFI	19
robust_leading_edge	louvain	CD55	19
robust_leading_edge	louvain	ITGAM	19
robust_leading_edge	louvain	CFB	19
robust_leading_edge	louvain	CASP1	11
robust_leading_edge	louvain	CDC42	27
robust_leading_edge	louvain	ARHGDIA	27
robust_leading_edge	louvain	CYBB	27
robust_leading_edge	louvain	NOTCH1	24
robust_leading_edge	louvain	RRM1	32
robust_leading_edge	louvain	A2M	31
robust_leading_edge	louvain	TREM2	31
robust_leading_edge	louvain	VLDLR	31
robust_leading_edge	louvain	APOC2	31
robust_leading_edge	louvain	SYNPO	10
robust_leading_edge	louvain	ELOC	8
robust_leading_edge	louvain	RXRG	10
robust_leading_edge	louvain	NCOR2	10
robust_leading_edge	louvain	SLC3A2	1
robust_leading_edge	louvain	CSPG4	1
robust_leading_edge	louvain	CLEC7A	7
robust_leading_edge	louvain	MYD88	7
robust_leading_edge	louvain	CCND3	8
robust_leading_edge	louvain	ITGA6	1
robust_leading_edge	louvain	SEMA7A	35
robust_leading_edge	louvain	B2M	3
robust_leading_edge	louvain	CD14	7
robust_leading_edge	louvain	PRC1	12
robust_leading_edge	louvain	COL8A2	36
robust_leading_edge	louvain	HEXA	37
robust_leading_edge	louvain	SPC24	12
robust_leading_edge	louvain	NCF4	27
robust_leading_edge	louvain	ALDH1B1	38
robust_leading_edge	louvain	FBLN5	39
robust_leading_edge	louvain	TGFBR1	10
robust_leading_edge	louvain	CDK5	8
robust_leading_edge	louvain	DYNC1I2	10
robust_leading_edge	louvain	TWF1	10
robust_leading_edge	louvain	MAML1	24
robust_leading_edge	louvain	STX4	41
robust_leading_edge	louvain	CALM2	19
robust_leading_edge	louvain	NECTIN4	42
robust_leading_edge	louvain	LAMB3	1
robust_leading_edge	louvain	PTK7	43
robust_leading_edge	louvain	FZD6	43
robust_leading_edge	louvain	NDUFA13	10
robust_leading_edge	louvain	JAK3	10
robust_leading_edge	louvain	JAK1	10
robust_leading_edge	louvain	SELL	19
robust_leading_edge	louvain	CASP7	11
robust_leading_edge	louvain	RNASEK	45
robust_leading_edge	louvain	GRB7	10
robust_leading_edge	louvain	ARHGEF2	10
robust_leading_edge	louvain	GIT1	10
robust_leading_edge	louvain	SP100	10
robust_leading_edge	louvain	MUC1	10
robust_leading_edge	louvain	TGFA	10
robust_leading_edge	louvain	PLXNB1	10
robust_leading_edge	louvain	ANXA1	46
robust_leading_edge	louvain	DLC1	10
robust_leading_edge	louvain	HRAS	10
robust_leading_edge	louvain	TRAK2	47
robust_leading_edge	louvain	TNFRSF10C	11
robust_leading_edge	louvain	CDKN2A	10
robust_leading_edge	louvain	RPS19	17
robust_leading_edge	louvain	MYL12B	48
robust_leading_edge	louvain	CSF1	7
robust_leading_edge	louvain	ISG15	7
robust_leading_edge	louvain	BUB3	12
robust_leading_edge	louvain	RBBP8	12
robust_leading_edge	louvain	GRB10	10
robust_leading_edge	louvain	PTPRU	10
robust_leading_edge	louvain	CCNE2	12
robust_leading_edge	louvain	FCGR1A	49
robust_leading_edge	louvain	BBC3	7
robust_leading_edge	louvain	BAK1	7
robust_leading_edge	louvain	PSENEN	10
robust_leading_edge	louvain	GAS6	50
robust_leading_edge	louvain	TACSTD2	51
robust_leading_edge	louvain	PARP9	10
robust_leading_edge	louvain	GGA3	12
robust_leading_edge	louvain	SPRED2	52
robust_leading_edge	louvain	C4B	19
robust_leading_edge	louvain	CBFB	10
robust_leading_edge	louvain	HMMR	12
robust_leading_edge	louvain	GDI1	11
robust_leading_edge	louvain	RABIF	11
robust_leading_edge	louvain	CDCA8	12
robust_leading_edge	louvain	CUL1	7
robust_leading_edge	louvain	AMBRA1	7
robust_leading_edge	louvain	WDTC1	7
robust_leading_edge	louvain	PEA15	11
robust_leading_edge	louvain	FAF1	11
robust_leading_edge	louvain	TRIAP1	53
robust_leading_edge	louvain	DLG4	10
robust_leading_edge	louvain	ADH1C	54
robust_leading_edge	louvain	PLXNB2	10
robust_leading_edge	louvain	NEU1	55
robust_leading_edge	louvain	CRLF1	56
robust_leading_edge	louvain	PRKAR1B	57
robust_leading_edge	louvain	DNAL1	58
robust_leading_edge	louvain	ARRB2	40
robust_leading_edge	louvain	APLNR	1
robust_leading_edge	louvain	C5AR1	1
robust_leading_edge	louvain	KIF20A	12
robust_leading_edge	louvain	RCC2	12
robust_leading_edge	louvain	SERPINA1	59
robust_leading_edge	louvain	LGALS8	1
robust_leading_edge	louvain	CD9	1
robust_leading_edge	louvain	IRF9	10
robust_leading_edge	louvain	PTPN6	3
robust_leading_edge	louvain	WASF1	27
robust_leading_edge	louvain	EPS8	27
robust_leading_edge	louvain	BLOC1S2	60
robust_leading_edge	louvain	TUBA1C	12
robust_leading_edge	louvain	PARD6B	61
robust_leading_edge	louvain	ENO1	3
robust_leading_edge	louvain	STK24	22
robust_leading_edge	louvain	GSKIP	10
robust_leading_edge	louvain	SRGAP2	10
robust_leading_edge	louvain	LAMP2	30
robust_leading_edge	louvain	PPIA	1
robust_leading_edge	louvain	AP4M1	3
robust_leading_edge	louvain	AP1M2	3
robust_leading_edge	louvain	AP1M1	3
robust_leading_edge	louvain	NME1-NME2	62
robust_leading_edge	louvain	PLAU	19
robust_leading_edge	louvain	NPRL3	33
robust_leading_edge	louvain	AMOT	10
robust_leading_edge	louvain	MAP2K3	27
robust_leading_edge	louvain	PCCA	44
robust_leading_edge	louvain	PC	44
robust_leading_edge	louvain	MINK1	63
robust_leading_edge	louvain	E2F2	8
robust_leading_edge	louvain	S100A4	12
robust_leading_edge	louvain	S100A10	12
robust_leading_edge	louvain	TGFBI	1
robust_leading_edge	louvain	TGM2	1
robust_leading_edge	louvain	PIP4K2A	64
robust_leading_edge	louvain	LMNA	34
robust_leading_edge	louvain	BRK1	27
robust_leading_edge	louvain	ANAPC11	65
robust_leading_edge	louvain	SHARPIN	11
robust_leading_edge	louvain	ARHGEF16	10
robust_leading_edge	louvain	EFNA4	10
robust_leading_edge	louvain	EPN1	66
robust_leading_edge	louvain	MMRN2	67
robust_leading_edge	louvain	COL4A1	68
robust_leading_edge	louvain	TPM3	69
robust_leading_edge	louvain	KRT18	70
robust_leading_edge	louvain	CIB1	10
robust_leading_edge	louvain	MAPKAPK3	18
robust_leading_edge	louvain	FCGR3B	49
robust_leading_edge	louvain	IFIT2	71
robust_leading_edge	louvain	GIPC1	10
robust_leading_edge	louvain	PRKCA	10
robust_leading_edge	louvain	MICU1	72
robust_leading_edge	louvain	SHB	10
robust_leading_edge	louvain	C1QA	73
robust_leading_edge	louvain	FGF1	74
robust_leading_edge	louvain	HLA-DQB2	3
robust_leading_edge	louvain	FLOT2	75
robust_leading_edge	louvain	PCGF2	10
robust_leading_edge	louvain	TBXA2R	1
robust_leading_edge	louvain	FPR1	1
robust_leading_edge	louvain	HRH1	1
robust_leading_edge	louvain	CSNK1D	2
robust_leading_edge	louvain	DAG1	1
robust_leading_edge	louvain	AATF	17
robust_leading_edge	louvain	MDK	10
robust_leading_edge	louvain	SUCLA2	15
robust_leading_edge	louvain	ACTL6A	76
robust_leading_edge	louvain	PPP3CA	77
robust_leading_edge	louvain	PPP1R2	78
robust_leading_edge	louvain	KDM1A	79
robust_leading_edge	louvain	AKT1	80
robust_leading_edge	louvain	PARVB	80
robust_leading_edge	louvain	ITGAX	19
robust_leading_edge	louvain	PCDHGA9	81
robust_leading_edge	louvain	CSF2RA	10
robust_leading_edge	louvain	ARHGEF18	27
robust_leading_edge	louvain	RAN	82
robust_leading_edge	louvain	CYFIP1	83
robust_leading_edge	louvain	PLRG1	86
robust_leading_edge	louvain	HAUS5	87
robust_leading_edge	louvain	UBQLN4	89
robust_leading_edge	louvain	PSMC6	89
robust_leading_edge	louvain	VAMP1	90
robust_leading_edge	louvain	CENPK	91
robust_leading_edge	louvain	RPS17	85
robust_leading_edge	louvain	DYNC1I1	92
robust_leading_edge	louvain	TUBA8	92
robust_leading_edge	louvain	CCT4	94
robust_leading_edge	louvain	ATP11A	96
robust_leading_edge	louvain	LDB1	97
robust_leading_edge	louvain	PKD1	98
robust_leading_edge	louvain	SMC4	99
robust_leading_edge	louvain	COX18	100
robust_leading_edge	louvain	SSR3	100
robust_leading_edge	louvain	BBS1	102
robust_leading_edge	louvain	BBS7	102
robust_leading_edge	louvain	NOMO2	85
robust_leading_edge	louvain	STK26	103
robust_leading_edge	louvain	EME1	104
robust_leading_edge	louvain	UBA3	106
robust_leading_edge	louvain	ATP6V1G1	107
robust_leading_edge	louvain	ATP6V1B2	107
robust_leading_edge	louvain	SYT1	84
robust_leading_edge	louvain	EMC9	108
robust_leading_edge	louvain	TIMM29	109
robust_leading_edge	louvain	MAPRE1	110
robust_leading_edge	louvain	PFDN2	94
robust_leading_edge	louvain	PAFAH1B1	111
robust_leading_edge	louvain	VPS54	112
robust_leading_edge	louvain	RNF139	113
robust_leading_edge	louvain	VCP	113
robust_leading_edge	louvain	ACTR1B	111
robust_leading_edge	louvain	DCTN2	111
robust_leading_edge	louvain	IFT74	113
robust_leading_edge	louvain	FKBP8	114
robust_leading_edge	louvain	PNKP	117
robust_leading_edge	louvain	UHRF1	88
robust_leading_edge	louvain	IFT27	113
robust_leading_edge	louvain	SEM1	89
robust_leading_edge	louvain	COMMD3	118
robust_leading_edge	louvain	PPP2R1B	103
robust_leading_edge	louvain	AREG	95
robust_leading_edge	louvain	CATSPER1	120
robust_leading_edge	louvain	LY86	121
robust_leading_edge	louvain	KPNA1	86
robust_leading_edge	louvain	MAPT	84
robust_leading_edge	louvain	NSFL1C	122
robust_leading_edge	louvain	EFHC2	116
robust_leading_edge	louvain	OST4	100
robust_leading_edge	louvain	TADA3	123
robust_leading_edge	louvain	STAG1	124
robust_leading_edge	louvain	BCAS2	86
robust_leading_edge	louvain	KRT6A	125
robust_leading_edge	louvain	TRAPPC3	126
robust_leading_edge	louvain	TRAPPC2	126
robust_leading_edge	louvain	COPS7B	119
robust_leading_edge	louvain	TMEM67	127
robust_leading_edge	louvain	TCTN1	127
robust_leading_edge	louvain	RBM10	128
robust_leading_edge	louvain	SRSF4	128
robust_leading_edge	louvain	BAG1	89
robust_leading_edge	louvain	RAD23B	89
robust_leading_edge	louvain	DDX6	129
robust_leading_edge	louvain	SNX9	131
robust_leading_edge	louvain	TLR7	132
robust_leading_edge	louvain	HNRNPC	86
robust_leading_edge	louvain	PABPC4	86
robust_leading_edge	louvain	RPGR	133
robust_leading_edge	louvain	CHMP1B	135
robust_leading_edge	louvain	FAM20A	136
robust_leading_edge	louvain	PPP4R1	94
robust_leading_edge	louvain	HNRNPF	86
robust_leading_edge	louvain	CYLD	137
robust_leading_edge	louvain	EEF1B2	138
robust_leading_edge	louvain	STXBP2	84
robust_leading_edge	louvain	TXLNA	84
robust_leading_edge	louvain	SUPT5H	95
robust_leading_edge	louvain	EVPL	139
robust_leading_edge	louvain	PRKAA2	140
robust_leading_edge	louvain	SH3GLB1	141
robust_leading_edge	louvain	DYNLRB2	111
robust_leading_edge	louvain	XRCC5	142
robust_leading_edge	louvain	DCAF17	105
robust_leading_edge	louvain	EIF2B4	143
robust_leading_edge	louvain	MCM10	115
robust_leading_edge	louvain	RUNX2	93
robust_leading_edge	louvain	UPF1	144
robust_leading_edge	louvain	WDR62	146
robust_leading_edge	louvain	KXD1	147
robust_leading_edge	louvain	RAD23A	89
robust_leading_edge	louvain	POLE3	123
robust_leading_edge	louvain	SEH1L	148
robust_leading_edge	louvain	HDAC8	149
robust_leading_edge	louvain	DSN1	150
robust_leading_edge	louvain	HSPA1A	151
robust_leading_edge	louvain	CHD4	149
robust_leading_edge	louvain	BRD9	152
robust_leading_edge	louvain	FANCL	130
robust_leading_edge	louvain	PPP1R12A	153
robust_leading_edge	louvain	JADE3	154
robust_leading_edge	louvain	BLOC1S6	155
robust_leading_edge	louvain	RAB1A	134
robust_leading_edge	louvain	IFT140	101
robust_leading_edge	louvain	CAND1	119
robust_leading_edge	louvain	INO80	156
robust_leading_edge	louvain	AP2M1	157
robust_leading_edge	louvain	RCC1	158
robust_leading_edge	louvain	VPS29	159
robust_leading_edge	louvain	YAP1	160
robust_leading_edge	louvain	CAPNS1	145
robust_leading_edge	leiden	RALA	1
robust_leading_edge	leiden	DVL2	2
robust_leading_edge	leiden	CX3CL1	1
robust_leading_edge	leiden	CD74	3
robust_leading_edge	leiden	CD4	3
robust_leading_edge	leiden	ERCC1	4
robust_leading_edge	leiden	RTN4R	5
robust_leading_edge	leiden	PSMA4	6
robust_leading_edge	leiden	LCP2	7
robust_leading_edge	leiden	RFC2	9
robust_leading_edge	leiden	PKP2	10
robust_leading_edge	leiden	HDAC7	7
robust_leading_edge	leiden	PSMC4	6
robust_leading_edge	leiden	TNFRSF1A	11
robust_leading_edge	leiden	BCL3	7
robust_leading_edge	leiden	VASH1	12
robust_leading_edge	leiden	PLOD1	1
robust_leading_edge	leiden	ITGB4	1
robust_leading_edge	leiden	GNPTG	15
robust_leading_edge	leiden	EFNB1	16
robust_leading_edge	leiden	DLD	17
robust_leading_edge	leiden	TEKT2	18
robust_leading_edge	leiden	CDC6	9
robust_leading_edge	leiden	DHPS	19
robust_leading_edge	leiden	MAPK13	20
robust_leading_edge	leiden	VCL	13
robust_leading_edge	leiden	MAPK1	14
robust_leading_edge	leiden	LGALS1	1
robust_leading_edge	leiden	MCM5	9
robust_leading_edge	leiden	MYH9	13
robust_leading_edge	leiden	POLE2	9
robust_leading_edge	leiden	PSMA3	6
robust_leading_edge	leiden	PSME2	6
robust_leading_edge	leiden	PROCR	21
robust_leading_edge	leiden	CHMP4B	22
robust_leading_edge	leiden	TIMP1	1
robust_leading_edge	leiden	ORC6	9
robust_leading_edge	leiden	CSK	7
robust_leading_edge	leiden	RIPK2	23
robust_leading_edge	leiden	TNFRSF10A	11
robust_leading_edge	leiden	RELB	7
robust_leading_edge	leiden	POLR2I	8
robust_leading_edge	leiden	TGFB1	1
robust_leading_edge	leiden	PIK3R2	7
robust_leading_edge	leiden	GSK3A	2
robust_leading_edge	leiden	PLOD3	1
robust_leading_edge	leiden	FIS1	11
robust_leading_edge	leiden	PSMA2	6
robust_leading_edge	leiden	CHMP5	24
robust_leading_edge	leiden	PFN1	13
robust_leading_edge	leiden	KAT2A	23
robust_leading_edge	leiden	COL1A1	1
robust_leading_edge	leiden	SPI1	7
robust_leading_edge	leiden	CCND1	9
robust_leading_edge	leiden	PRPF19	25
robust_leading_edge	leiden	YBX3	26
robust_leading_edge	leiden	SELPLG	27
robust_leading_edge	leiden	ARPC3	13
robust_leading_edge	leiden	RAD51AP1	12
robust_leading_edge	leiden	ARHGDIB	14
robust_leading_edge	leiden	RSPH4A	28
robust_leading_edge	leiden	HLA-DOA	3
robust_leading_edge	leiden	CAP2	13
robust_leading_edge	leiden	LAMA4	29
robust_leading_edge	leiden	TFPI	1
robust_leading_edge	leiden	TTL	12
robust_leading_edge	leiden	PROC	21
robust_leading_edge	leiden	MAD2L2	9
robust_leading_edge	leiden	SYF2	25
robust_leading_edge	leiden	CTSD	30
robust_leading_edge	leiden	CLTA	3
robust_leading_edge	leiden	TNFAIP6	1
robust_leading_edge	leiden	UNC5CL	1
robust_leading_edge	leiden	TREM1	31
robust_leading_edge	leiden	SOX4	7
robust_leading_edge	leiden	NUP85	7
robust_leading_edge	leiden	C3	13
robust_leading_edge	leiden	VASP	13
robust_leading_edge	leiden	CDC25B	13
robust_leading_edge	leiden	PYCARD	11
robust_leading_edge	leiden	TUBA4A	12
robust_leading_edge	leiden	YWHAH	13
robust_leading_edge	leiden	RAC2	14
robust_leading_edge	leiden	DLL4	25
robust_leading_edge	leiden	RRM2B	32
robust_leading_edge	leiden	APOE	31
robust_leading_edge	leiden	ACTN4	13
robust_leading_edge	leiden	LAMA5	1
robust_leading_edge	leiden	SESN2	33
robust_leading_edge	leiden	GINS2	9
robust_leading_edge	leiden	RARA	7
robust_leading_edge	leiden	LGALS3	1
robust_leading_edge	leiden	TRIM21	23
robust_leading_edge	leiden	JAG1	25
robust_leading_edge	leiden	CCNA1	9
robust_leading_edge	leiden	CDK7	8
robust_leading_edge	leiden	IRAK2	23
robust_leading_edge	leiden	DDB2	23
robust_leading_edge	leiden	HRK	23
robust_leading_edge	leiden	CDK4	9
robust_leading_edge	leiden	ESPL1	12
robust_leading_edge	leiden	MDM2	12
robust_leading_edge	leiden	FHOD1	34
robust_leading_edge	leiden	LAMC1	1
robust_leading_edge	leiden	PLXNC1	35
robust_leading_edge	leiden	BRIP1	12
robust_leading_edge	leiden	TANK	23
robust_leading_edge	leiden	HLA-F	3
robust_leading_edge	leiden	TLR2	23
robust_leading_edge	leiden	THBS1	1
robust_leading_edge	leiden	KIF23	12
robust_leading_edge	leiden	ITGAV	1
robust_leading_edge	leiden	COL8A1	36
robust_leading_edge	leiden	HEXB	37
robust_leading_edge	leiden	PSMA6	6
robust_leading_edge	leiden	NDC80	12
robust_leading_edge	leiden	CYBA	14
robust_leading_edge	leiden	ALDH2	38
robust_leading_edge	leiden	LOXL1	39
robust_leading_edge	leiden	MCM4	9
robust_leading_edge	leiden	PSMB1	6
robust_leading_edge	leiden	ELOB	9
robust_leading_edge	leiden	TELO2	8
robust_leading_edge	leiden	AXIN1	2
robust_leading_edge	leiden	SMURF2	7
robust_leading_edge	leiden	CSNK2A2	7
robust_leading_edge	leiden	TYROBP	31
robust_leading_edge	leiden	CCNE1	9
robust_leading_edge	leiden	ARPC1A	13
robust_leading_edge	leiden	GNA15	40
robust_leading_edge	leiden	CAPZA1	13
robust_leading_edge	leiden	NOTCH3	25
robust_leading_edge	leiden	VAMP8	41
robust_leading_edge	leiden	SLC9A1	13
robust_leading_edge	leiden	CDH3	13
robust_leading_edge	leiden	NECTIN1	42
robust_leading_edge	leiden	CBL	7
robust_leading_edge	leiden	LAMC2	1
robust_leading_edge	leiden	MCM6	9
robust_leading_edge	leiden	PDCL3	13
robust_leading_edge	leiden	FGF2	13
robust_leading_edge	leiden	WNT5A	43
robust_leading_edge	leiden	STAT3	7
robust_leading_edge	leiden	ITGA9	1
robust_leading_edge	leiden	ICAM1	13
robust_leading_edge	leiden	MCM2	9
robust_leading_edge	leiden	VCAN	1
robust_leading_edge	leiden	CASP6	11
robust_leading_edge	leiden	IQCG	13
robust_leading_edge	leiden	POLA2	9
robust_leading_edge	leiden	MCCC1	44
robust_leading_edge	leiden	TCIRG1	45
robust_leading_edge	leiden	CDK2	9
robust_leading_edge	leiden	ITGB7	1
robust_leading_edge	leiden	ERBB3	7
robust_leading_edge	leiden	PXN	13
robust_leading_edge	leiden	PML	7
robust_leading_edge	leiden	IQGAP1	14
robust_leading_edge	leiden	TP53	12
robust_leading_edge	leiden	ERBB2	7
robust_leading_edge	leiden	PSMA5	6
robust_leading_edge	leiden	NUF2	12
robust_leading_edge	leiden	S100A11	46
robust_leading_edge	leiden	RTKN	14
robust_leading_edge	leiden	OSMR	7
robust_leading_edge	leiden	RASA1	13
robust_leading_edge	leiden	GABRB2	47
robust_leading_edge	leiden	NFKBIE	7
robust_leading_edge	leiden	TNFRSF10B	11
robust_leading_edge	leiden	CDKN2B	9
robust_leading_edge	leiden	RPS3	19
robust_leading_edge	leiden	MYL9	48
robust_leading_edge	leiden	PPP4C	8
robust_leading_edge	leiden	USP15	7
robust_leading_edge	leiden	DSC2	10
robust_leading_edge	leiden	EPHA4	7
robust_leading_edge	leiden	ITGB6	1
robust_leading_edge	leiden	XPC	23
robust_leading_edge	leiden	RHOC	14
robust_leading_edge	leiden	CASP10	11
robust_leading_edge	leiden	CSF1R	7
robust_leading_edge	leiden	UBE2L6	23
robust_leading_edge	leiden	BUB1B	12
robust_leading_edge	leiden	FANCD2	12
robust_leading_edge	leiden	PPARG	7
robust_leading_edge	leiden	KIT	7
robust_leading_edge	leiden	CCNB2	12
robust_leading_edge	leiden	CD1A	3
robust_leading_edge	leiden	FCER1G	49
robust_leading_edge	leiden	PSMB4	6
robust_leading_edge	leiden	BAX	23
robust_leading_edge	leiden	NCSTN	13
robust_leading_edge	leiden	MERTK	50
robust_leading_edge	leiden	CLDN1	51
robust_leading_edge	leiden	ARPC2	13
robust_leading_edge	leiden	CDCP1	7
robust_leading_edge	leiden	DTX3L	7
robust_leading_edge	leiden	ITGB5	1
robust_leading_edge	leiden	MAD2L1	12
robust_leading_edge	leiden	ITGA2	1
robust_leading_edge	leiden	MICALL2	13
robust_leading_edge	leiden	ARF6	12
robust_leading_edge	leiden	LRRK2	13
robust_leading_edge	leiden	SPRED1	52
robust_leading_edge	leiden	C2	13
robust_leading_edge	leiden	ANPEP	13
robust_leading_edge	leiden	STAT6	7
robust_leading_edge	leiden	RUNX1	7
robust_leading_edge	leiden	TPX2	12
robust_leading_edge	leiden	RAB8A	11
robust_leading_edge	leiden	CDT1	9
robust_leading_edge	leiden	AXL	7
robust_leading_edge	leiden	BIRC5	12
robust_leading_edge	leiden	DDB1	23
robust_leading_edge	leiden	FADD	11
robust_leading_edge	leiden	PRELID1	53
robust_leading_edge	leiden	MAP2K1	14
robust_leading_edge	leiden	BUB1	12
robust_leading_edge	leiden	INSR	7
robust_leading_edge	leiden	TWF2	13
robust_leading_edge	leiden	CTNNA1	13
robust_leading_edge	leiden	IRS1	7
robust_leading_edge	leiden	GNB2	1
robust_leading_edge	leiden	NLGN2	7
robust_leading_edge	leiden	FEN1	9
robust_leading_edge	leiden	YWHAG	13
robust_leading_edge	leiden	CXCL8	1
robust_leading_edge	leiden	ADH1B	54
robust_leading_edge	leiden	SEMA4C	7
robust_leading_edge	leiden	GABARAP	11
robust_leading_edge	leiden	GLB1	55
robust_leading_edge	leiden	MCM7	9
robust_leading_edge	leiden	CLCF1	56
robust_leading_edge	leiden	CLTB	3
robust_leading_edge	leiden	PRKACA	57
robust_leading_edge	leiden	ZNF622	19
robust_leading_edge	leiden	FBXO45	23
robust_leading_edge	leiden	CASP3	11
robust_leading_edge	leiden	DNAH7	58
robust_leading_edge	leiden	RAD9A	9
robust_leading_edge	leiden	POLD4	9
robust_leading_edge	leiden	GRK2	40
robust_leading_edge	leiden	CLSPN	9
robust_leading_edge	leiden	GNAI2	1
robust_leading_edge	leiden	CD46	13
robust_leading_edge	leiden	AURKB	12
robust_leading_edge	leiden	PAK2	14
robust_leading_edge	leiden	CLU	59
robust_leading_edge	leiden	ITGA3	1
robust_leading_edge	leiden	STAT2	7
robust_leading_edge	leiden	LILRB1	3
robust_leading_edge	leiden	BAIAP2	14
robust_leading_edge	leiden	MET	7
robust_leading_edge	leiden	CHMP6	22
robust_leading_edge	leiden	TNIP1	11
robust_leading_edge	leiden	NOC2L	19
robust_leading_edge	leiden	BLOC1S4	60
robust_leading_edge	leiden	BCKDHB	17
robust_leading_edge	leiden	BACE1	12
robust_leading_edge	leiden	TUBB6	12
robust_leading_edge	leiden	BID	23
robust_leading_edge	leiden	ADGRE2	13
robust_leading_edge	leiden	EZH2	7
robust_leading_edge	leiden	PKM	7
robust_leading_edge	leiden	TUBB3	12
robust_leading_edge	leiden	LLGL1	61
robust_leading_edge	leiden	POLE	9
robust_leading_edge	leiden	MTSS1	13
robust_leading_edge	leiden	E2F7	7
robust_leading_edge	leiden	ENO3	3
robust_leading_edge	leiden	POLR2L	8
robust_leading_edge	leiden	ZYX	13
robust_leading_edge	leiden	FLII	23
robust_leading_edge	leiden	PPP2R1A	8
robust_leading_edge	leiden	GSK3B	13
robust_leading_edge	leiden	PSMG2	6
robust_leading_edge	leiden	PMAIP1	23
robust_leading_edge	leiden	PSEN1	13
robust_leading_edge	leiden	NRIP1	7
robust_leading_edge	leiden	TGIF1	7
robust_leading_edge	leiden	JAG2	25
robust_leading_edge	leiden	FMNL1	13
robust_leading_edge	leiden	ATP6V0C	45
robust_leading_edge	leiden	RPS27L	19
robust_leading_edge	leiden	EPHB3	7
robust_leading_edge	leiden	UBA7	23
robust_leading_edge	leiden	LAMP1	30
robust_leading_edge	leiden	BSG	1
robust_leading_edge	leiden	AP1S1	3
robust_leading_edge	leiden	EIF5A	19
robust_leading_edge	leiden	LIMK1	13
robust_leading_edge	leiden	TUBA1B	12
robust_leading_edge	leiden	NME1	62
robust_leading_edge	leiden	SIRT6	7
robust_leading_edge	leiden	ZFP36L1	13
robust_leading_edge	leiden	PLAUR	13
robust_leading_edge	leiden	HLA-DQA1	3
robust_leading_edge	leiden	RHOG	14
robust_leading_edge	leiden	MIOS	33
robust_leading_edge	leiden	RAP1GDS1	14
robust_leading_edge	leiden	SMARCB1	13
robust_leading_edge	leiden	SFN	13
robust_leading_edge	leiden	PTK2	1
robust_leading_edge	leiden	STAT5A	7
robust_leading_edge	leiden	DTNBP1	60
robust_leading_edge	leiden	PKN1	14
robust_leading_edge	leiden	MCCC2	44
robust_leading_edge	leiden	MAP4K4	63
robust_leading_edge	leiden	SMARCA4	13
robust_leading_edge	leiden	IFNAR2	7
robust_leading_edge	leiden	SDC3	13
robust_leading_edge	leiden	ARPC5L	13
robust_leading_edge	leiden	E2F1	9
robust_leading_edge	leiden	ANXA2	14
robust_leading_edge	leiden	TAP1	3
robust_leading_edge	leiden	FYN	7
robust_leading_edge	leiden	FN1	1
robust_leading_edge	leiden	PIP4K2C	64
robust_leading_edge	leiden	HTT	11
robust_leading_edge	leiden	BLM	12
robust_leading_edge	leiden	UBE2I	7
robust_leading_edge	leiden	SREBF1	34
robust_leading_edge	leiden	RAC1	14
robust_leading_edge	leiden	CDC16	65
robust_leading_edge	leiden	RBCK1	11
robust_leading_edge	leiden	NRARP	25
robust_leading_edge	leiden	ADAM15	7
robust_leading_edge	leiden	IGF2R	12
robust_leading_edge	leiden	SCRIB	13
robust_leading_edge	leiden	EPHA2	7
robust_leading_edge	leiden	STAT4	7
robust_leading_edge	leiden	CASP8	11
robust_leading_edge	leiden	PSMB10	6
robust_leading_edge	leiden	MAX	8
robust_leading_edge	leiden	MAP3K5	13
robust_leading_edge	leiden	AP2A1	66
robust_leading_edge	leiden	RYR1	13
robust_leading_edge	leiden	CLEC14A	67
robust_leading_edge	leiden	PTPRF	13
robust_leading_edge	leiden	HLA-DRB1	3
robust_leading_edge	leiden	MSN	13
robust_leading_edge	leiden	CLDN7	51
robust_leading_edge	leiden	MYH10	13
robust_leading_edge	leiden	COL4A2	68
robust_leading_edge	leiden	STAT1	7
robust_leading_edge	leiden	TNNI1	69
robust_leading_edge	leiden	KRT19	70
robust_leading_edge	leiden	BECN1	23
robust_leading_edge	leiden	DLL1	25
robust_leading_edge	leiden	PSEN2	13
robust_leading_edge	leiden	DTL	23
robust_leading_edge	leiden	NEK2	12
robust_leading_edge	leiden	MAPKAPK2	20
robust_leading_edge	leiden	ADORA1	1
robust_leading_edge	leiden	SYNE1	34
robust_leading_edge	leiden	NCF2	14
robust_leading_edge	leiden	IFNGR1	7
robust_leading_edge	leiden	FCGR3A	49
robust_leading_edge	leiden	IFI16	11
robust_leading_edge	leiden	CD1C	3
robust_leading_edge	leiden	LAMTOR2	33
robust_leading_edge	leiden	BAG3	11
robust_leading_edge	leiden	APH1A	13
robust_leading_edge	leiden	MAP3K7	23
robust_leading_edge	leiden	ATP6AP1	45
robust_leading_edge	leiden	FLNA	1
robust_leading_edge	leiden	NFKB2	7
robust_leading_edge	leiden	MYO6	11
robust_leading_edge	leiden	DBT	17
robust_leading_edge	leiden	PSMA7	6
robust_leading_edge	leiden	PDLIM1	13
robust_leading_edge	leiden	HSP90AB1	7
robust_leading_edge	leiden	ORC1	9
robust_leading_edge	leiden	IL13RA1	7
robust_leading_edge	leiden	IFIT3	71
robust_leading_edge	leiden	MMP9	1
robust_leading_edge	leiden	CDC20	12
robust_leading_edge	leiden	CTSA	55
robust_leading_edge	leiden	SVBP	12
robust_leading_edge	leiden	SDC4	13
robust_leading_edge	leiden	CAP1	13
robust_leading_edge	leiden	YWHAB	13
robust_leading_edge	leiden	LCN2	1
robust_leading_edge	leiden	MCU	72
robust_leading_edge	leiden	CSF3R	7
robust_leading_edge	leiden	PSMB2	6
robust_leading_edge	leiden	HDAC1	7
robust_leading_edge	leiden	SRC	7
robust_leading_edge	leiden	GSN	13
robust_leading_edge	leiden	OGDHL	17
robust_leading_edge	leiden	EIF6	19
robust_leading_edge	leiden	C1QC	73
robust_leading_edge	leiden	HSPG2	74
robust_leading_edge	leiden	HLA-DMA	3
robust_leading_edge	leiden	PSMB9	6
robust_leading_edge	leiden	PSMB8	6
robust_leading_edge	leiden	TAP2	3
robust_leading_edge	leiden	HLA-DQA2	3
robust_leading_edge	leiden	HLA-DQB1	3
robust_leading_edge	leiden	HLA-DRB5	3
robust_leading_edge	leiden	HCK	7
robust_leading_edge	leiden	CSNK2B	7
robust_leading_edge	leiden	BCL2L1	23
robust_leading_edge	leiden	HLA-C	3
robust_leading_edge	leiden	FLOT1	75
robust_leading_edge	leiden	CTTN	13
robust_leading_edge	leiden	HLA-E	3
robust_leading_edge	leiden	BMI1	7
robust_leading_edge	leiden	HLA-G	3
robust_leading_edge	leiden	GNB1	1
robust_leading_edge	leiden	LRP4	1
robust_leading_edge	leiden	OPTN	11
robust_leading_edge	leiden	DVL1	2
robust_leading_edge	leiden	PCNA	9
robust_leading_edge	leiden	AGRN	1
robust_leading_edge	leiden	BRCA2	12
robust_leading_edge	leiden	RPS6	19
robust_leading_edge	leiden	TMSB4X	13
robust_leading_edge	leiden	SHROOM2	14
robust_leading_edge	leiden	PSME1	6
robust_leading_edge	leiden	KCNQ3	13
robust_leading_edge	leiden	ALK	7
robust_leading_edge	leiden	DIAPH1	14
robust_leading_edge	leiden	PKP4	13
robust_leading_edge	leiden	SQSTM1	11
robust_leading_edge	leiden	LILRB2	3
robust_leading_edge	leiden	TFPT	8
robust_leading_edge	leiden	RPL13A	19
robust_leading_edge	leiden	DYNLL1	23
robust_leading_edge	leiden	GRB2	7
robust_leading_edge	leiden	PIAS3	7
robust_leading_edge	leiden	NME2	62
robust_leading_edge	leiden	KEAP1	7
robust_leading_edge	leiden	SUCLG1	17
robust_leading_edge	leiden	RPL24	19
robust_leading_edge	leiden	ACTN1	13
robust_leading_edge	leiden	BRD7	76
robust_leading_edge	leiden	PPP3CB	77
robust_leading_edge	leiden	CDK1	12
robust_leading_edge	leiden	PPP1CB	78
robust_leading_edge	leiden	HLA-DRA	3
robust_leading_edge	leiden	EHMT2	79
robust_leading_edge	leiden	IL4R	7
robust_leading_edge	leiden	YWHAZ	13
robust_leading_edge	leiden	ITGB1	1
robust_leading_edge	leiden	HLA-A	3
robust_leading_edge	leiden	ILK	80
robust_leading_edge	leiden	CSNK1E	2
robust_leading_edge	leiden	GAPDH	19
robust_leading_edge	leiden	PTK2B	7
robust_leading_edge	leiden	IRF7	23
robust_leading_edge	leiden	ITGB2	13
robust_leading_edge	leiden	CHMP1A	22
robust_leading_edge	leiden	PCDHGA8	81
robust_leading_edge	leiden	ROCK1	14
robust_leading_edge	leiden	DIAPH3	14
robust_leading_edge	leiden	CSF2RB	7
robust_leading_edge	leiden	RELA	7
robust_leading_edge	leiden	CDKN1A	9
robust_leading_edge	leiden	ARPC4	13
robust_leading_edge	leiden	RPSA	19
robust_leading_edge	leiden	ARPC1B	13
robust_leading_edge	leiden	CHEK1	9
robust_leading_edge	leiden	SMARCD2	13
robust_leading_edge	leiden	CDC7	9
robust_leading_edge	leiden	HLA-DPA1	3
robust_leading_edge	leiden	C4A	13
robust_leading_edge	leiden	HLA-DMB	3
robust_leading_edge	leiden	HLA-B	3
robust_leading_edge	leiden	TNIK	13
robust_leading_edge	leiden	RHOA	14
robust_leading_edge	leiden	SHC1	7
robust_leading_edge	leiden	TAPBP	3
robust_leading_edge	leiden	ACVR1	7
robust_leading_edge	leiden	CDC45	9
robust_leading_edge	leiden	PSMA1	6
robust_leading_edge	leiden	ATP6V1F	45
robust_leading_edge	leiden	IRF5	23
robust_leading_edge	leiden	SH3BP2	7
robust_leading_edge	leiden	RACK1	19
robust_leading_edge	leiden	LYN	7
robust_leading_edge	leiden	TYK2	7
robust_leading_edge	leiden	SPTBN2	13
robust_leading_edge	leiden	CFL1	13
robust_leading_edge	leiden	HIF1A	7
robust_leading_edge	leiden	KPNA2	82
robust_leading_edge	leiden	DAPK3	19
robust_leading_edge	leiden	RPL18	19
robust_leading_edge	leiden	TIMELESS	9
robust_leading_edge	leiden	SNW1	25
robust_leading_edge	leiden	ACTG1	13
robust_leading_edge	leiden	RPL26	19
robust_leading_edge	leiden	IKBKE	23
robust_leading_edge	leiden	RPL36	19
robust_leading_edge	leiden	MYL12A	13
robust_leading_edge	leiden	IRF3	23
robust_leading_edge	leiden	POLD1	9
robust_leading_edge	leiden	VAV1	7
robust_leading_edge	leiden	RUVBL2	8
robust_leading_edge	leiden	ADRM1	6
robust_leading_edge	leiden	CYFIP2	83
robust_leading_edge	leiden	PSMC3	6
robust_leading_edge	leiden	BTK	7
robust_leading_edge	leiden	DAPK2	13
robust_leading_edge	leiden	TPM4	69
robust_leading_edge	leiden	MYO1C	13
robust_leading_edge	leiden	VAMP3	84
robust_leading_edge	leiden	OTUD5	85
robust_leading_edge	leiden	RBM22	86
robust_leading_edge	leiden	HAUS4	87
robust_leading_edge	leiden	SIRT1	88
robust_leading_edge	leiden	PSMD8	89
robust_leading_edge	leiden	STX1B	90
robust_leading_edge	leiden	CENPM	91
robust_leading_edge	leiden	EIF3D	85
robust_leading_edge	leiden	TUBB1	92
robust_leading_edge	leiden	PARD6A	93
robust_leading_edge	leiden	EIF3E	85
robust_leading_edge	leiden	PPP2CB	94
robust_leading_edge	leiden	CDC37	95
robust_leading_edge	leiden	RPL19	85
robust_leading_edge	leiden	TMEM30A	96
robust_leading_edge	leiden	BCL9	97
robust_leading_edge	leiden	VAMP4	84
robust_leading_edge	leiden	PKD2	98
robust_leading_edge	leiden	CPSF3	86
robust_leading_edge	leiden	NCAPH	99
robust_leading_edge	leiden	SEC61A1	100
robust_leading_edge	leiden	TTC21B	101
robust_leading_edge	leiden	BBS2	102
robust_leading_edge	leiden	NCLN	85
robust_leading_edge	leiden	EIF3K	85
robust_leading_edge	leiden	STRIP2	103
robust_leading_edge	leiden	SLX1A	104
robust_leading_edge	leiden	TRPC4AP	105
robust_leading_edge	leiden	UBE2M	106
robust_leading_edge	leiden	EIF3G	85
robust_leading_edge	leiden	ATP6V1E1	107
robust_leading_edge	leiden	DCAF15	105
robust_leading_edge	leiden	SNAP25	84
robust_leading_edge	leiden	EMC7	108
robust_leading_edge	leiden	TIMM10	109
robust_leading_edge	leiden	APC	110
robust_leading_edge	leiden	CCT7	94
robust_leading_edge	leiden	DYNC1LI2	111
robust_leading_edge	leiden	STX6	112
robust_leading_edge	leiden	PSMB7	89
robust_leading_edge	leiden	RPL35	85
robust_leading_edge	leiden	DERL1	113
robust_leading_edge	leiden	DCTN3	111
robust_leading_edge	leiden	IFT172	113
robust_leading_edge	leiden	PFDN1	94
robust_leading_edge	leiden	SNX1	95
robust_leading_edge	leiden	RHEB	114
robust_leading_edge	leiden	GINS1	115
robust_leading_edge	leiden	CFAP20	116
robust_leading_edge	leiden	RPL8	85
robust_leading_edge	leiden	XRCC1	117
robust_leading_edge	leiden	LIG1	88
robust_leading_edge	leiden	IFT46	113
robust_leading_edge	leiden	PSMD3	89
robust_leading_edge	leiden	SIL1	85
robust_leading_edge	leiden	EMC4	108
robust_leading_edge	leiden	COMMD4	118
robust_leading_edge	leiden	BBS4	102
robust_leading_edge	leiden	PSMB6	89
robust_leading_edge	leiden	RPS11	85
robust_leading_edge	leiden	CTTNBP2NL	103
robust_leading_edge	leiden	ATP6V1A	107
robust_leading_edge	leiden	RNF7	119
robust_leading_edge	leiden	RPL37	85
robust_leading_edge	leiden	EGFR	95
robust_leading_edge	leiden	CCT6A	94
robust_leading_edge	leiden	CENPU	91
robust_leading_edge	leiden	CATSPER3	120
robust_leading_edge	leiden	CENPH	91
robust_leading_edge	leiden	LY96	121
robust_leading_edge	leiden	CCT8	94
robust_leading_edge	leiden	KPNB1	86
robust_leading_edge	leiden	S100B	84
robust_leading_edge	leiden	MRNIP	85
robust_leading_edge	leiden	EIF4A1	85
robust_leading_edge	leiden	UBXN1	122
robust_leading_edge	leiden	RPL29	85
robust_leading_edge	leiden	TEKT4	116
robust_leading_edge	leiden	BBS5	102
robust_leading_edge	leiden	CCT3	94
robust_leading_edge	leiden	SSR2	100
robust_leading_edge	leiden	EFHB	116
robust_leading_edge	leiden	ATXN7	123
robust_leading_edge	leiden	SYN1	84
robust_leading_edge	leiden	LZTFL1	102
robust_leading_edge	leiden	RPS23	85
robust_leading_edge	leiden	WAPL	124
robust_leading_edge	leiden	TAF10	123
robust_leading_edge	leiden	SNRPD1	86
robust_leading_edge	leiden	KRT16	125
robust_leading_edge	leiden	TRAPPC1	126
robust_leading_edge	leiden	COPS6	119
robust_leading_edge	leiden	TCTN2	127
robust_leading_edge	leiden	U2AF2	128
robust_leading_edge	leiden	RPL13	85
robust_leading_edge	leiden	EEF2	85
robust_leading_edge	leiden	RPL15	85
robust_leading_edge	leiden	PSMD1	89
robust_leading_edge	leiden	RPL38	85
robust_leading_edge	leiden	PSMD2	89
robust_leading_edge	leiden	PSMC5	89
robust_leading_edge	leiden	LSM1	129
robust_leading_edge	leiden	FANCI	130
robust_leading_edge	leiden	SNX33	131
robust_leading_edge	leiden	RPL4	85
robust_leading_edge	leiden	SRP68	85
robust_leading_edge	leiden	TLR8	132
robust_leading_edge	leiden	PABPC1	86
robust_leading_edge	leiden	NPHP1	133
robust_leading_edge	leiden	WDR35	101
robust_leading_edge	leiden	SSR4	100
robust_leading_edge	leiden	RABGGTB	134
robust_leading_edge	leiden	RPS15A	85
robust_leading_edge	leiden	SPAST	135
robust_leading_edge	leiden	FAM20C	136
robust_leading_edge	leiden	SMC1A	124
robust_leading_edge	leiden	IFT88	113
robust_leading_edge	leiden	PPP2R2A	94
robust_leading_edge	leiden	NCBP2	86
robust_leading_edge	leiden	CLASP2	110
robust_leading_edge	leiden	HEXIM1	95
robust_leading_edge	leiden	TBK1	137
robust_leading_edge	leiden	ENKUR	116
robust_leading_edge	leiden	NPLOC4	113
robust_leading_edge	leiden	EEF1G	138
robust_leading_edge	leiden	EIF3C	85
robust_leading_edge	leiden	FAAP100	130
robust_leading_edge	leiden	EMC10	108
robust_leading_edge	leiden	PACRG	116
robust_leading_edge	leiden	STX3	84
robust_leading_edge	leiden	TUBB	94
robust_leading_edge	leiden	EEF1A1	85
robust_leading_edge	leiden	NELFB	95
robust_leading_edge	leiden	PPL	139
robust_leading_edge	leiden	HNRNPA1	86
robust_leading_edge	leiden	RPS2	85
robust_leading_edge	leiden	SNRPD2	86
robust_leading_edge	leiden	RPL3	85
robust_leading_edge	leiden	RPL36AL	85
robust_leading_edge	leiden	RPL27A	85
robust_leading_edge	leiden	RPLP1	85
robust_leading_edge	leiden	RPL22L1	85
robust_leading_edge	leiden	PRKAA1	140
robust_leading_edge	leiden	PSMD12	89
robust_leading_edge	leiden	UVRAG	141
robust_leading_edge	leiden	DYNC1H1	111
robust_leading_edge	leiden	NHEJ1	142
robust_leading_edge	leiden	SYNE2	127
robust_leading_edge	leiden	XRCC6	142
robust_leading_edge	leiden	DNMT1	88
robust_leading_edge	leiden	DDA1	105
robust_leading_edge	leiden	EIF2B3	143
robust_leading_edge	leiden	WDHD1	115
robust_leading_edge	leiden	EIF3B	85
robust_leading_edge	leiden	SMURF1	93
robust_leading_edge	leiden	RPL12	85
robust_leading_edge	leiden	SMG5	144
robust_leading_edge	leiden	RPL39	85
robust_leading_edge	leiden	PSMB5	89
robust_leading_edge	leiden	CAPN8	145
robust_leading_edge	leiden	ASPM	146
robust_leading_edge	leiden	CFAP45	116
robust_leading_edge	leiden	CENPW	91
robust_leading_edge	leiden	SNAPIN	147
robust_leading_edge	leiden	PSMD4	89
robust_leading_edge	leiden	ACTR1A	111
robust_leading_edge	leiden	DR1	123
robust_leading_edge	leiden	USP33	133
robust_leading_edge	leiden	EFHC1	116
robust_leading_edge	leiden	MCTS1	85
robust_leading_edge	leiden	RNF113A	86
robust_leading_edge	leiden	RPL7A	85
robust_leading_edge	leiden	SH3GLB2	141
robust_leading_edge	leiden	NUP188	148
robust_leading_edge	leiden	PPIE	86
robust_leading_edge	leiden	UTP11	85
robust_leading_edge	leiden	AGO4	129
robust_leading_edge	leiden	CDK9	95
robust_leading_edge	leiden	TRAF3IP1	113
robust_leading_edge	leiden	RBBP4	149
robust_leading_edge	leiden	EIF3I	85
robust_leading_edge	leiden	RPS4X	85
robust_leading_edge	leiden	RPL10A	85
robust_leading_edge	leiden	ZWINT	150
robust_leading_edge	leiden	ZNF593	85
robust_leading_edge	leiden	EIF2S2	85
robust_leading_edge	leiden	HSPA1B	151
robust_leading_edge	leiden	EXOSC10	85
robust_leading_edge	leiden	RPS16	85
robust_leading_edge	leiden	IPO7	85
robust_leading_edge	leiden	DDX58	137
robust_leading_edge	leiden	RBBP7	149
robust_leading_edge	leiden	BCL7C	152
robust_leading_edge	leiden	HMGN1	85
robust_leading_edge	leiden	CCP110	133
robust_leading_edge	leiden	FANCA	130
robust_leading_edge	leiden	RPS9	85
robust_leading_edge	leiden	MKS1	127
robust_leading_edge	leiden	RPL34	85
robust_leading_edge	leiden	MPRIP	153
robust_leading_edge	leiden	TEKT3	116
robust_leading_edge	leiden	RPS29	85
robust_leading_edge	leiden	RPL14	85
robust_leading_edge	leiden	RPS8	85
robust_leading_edge	leiden	ING4	154
robust_leading_edge	leiden	EMC6	108
robust_leading_edge	leiden	BLOC1S5	155
robust_leading_edge	leiden	CFAP53	116
robust_leading_edge	leiden	RABGGTA	134
robust_leading_edge	leiden	WDR19	101
robust_leading_edge	leiden	CUL4B	119
robust_leading_edge	leiden	GATAD2A	149
robust_leading_edge	leiden	ELAVL1	86
robust_leading_edge	leiden	RPS14	85
robust_leading_edge	leiden	PSMD14	89
robust_leading_edge	leiden	RPL31	85
robust_leading_edge	leiden	UBA52	85
robust_leading_edge	leiden	RPL23A	85
robust_leading_edge	leiden	INO80C	156
robust_leading_edge	leiden	NECAP2	157
robust_leading_edge	leiden	RPS18	85
robust_leading_edge	leiden	COMMD5	85
robust_leading_edge	leiden	IK	86
robust_leading_edge	leiden	PSMD13	89
robust_leading_edge	leiden	TTC21A	101
robust_leading_edge	leiden	RANGAP1	158
robust_leading_edge	leiden	TBC1D5	159
robust_leading_edge	leiden	SNRPB	86
robust_leading_edge	leiden	RPL10	85
robust_leading_edge	leiden	RPS24	85
robust_leading_edge	leiden	EIF2B1	143
robust_leading_edge	leiden	RPL32	85
robust_leading_edge	leiden	RPL37A	85
robust_leading_edge	leiden	PSMD6	89
robust_leading_edge	leiden	WWTR1	160
robust_leading_edge	leiden	RPL23	85
robust_leading_edge	leiden	CAST	145
robust_leading_edge	leiden	RPS20	85
robust_leading_edge	leiden	EIF3H	85
robust_leading_edge	leiden	EIF5AL1	85
robust_leading_edge	leiden	RPLP2	85
robust_leading_edge	leiden	EIF3F	85
robust_leading_edge	leiden	FAU	85
robust_leading_edge	leiden	CAPN1	145
robust_leading_edge	leiden	RPS25	85
robust_leading_edge	leiden	TRAPPC4	126
robust_leading_edge	leiden	ZMYND8	149
robust_leading_edge	leiden	PSMD9	89
robust_leading_edge	leiden	TMEM258	100
robust_leading_edge	leiden	CEP290	133
robust_leading_edge	leiden	NACA	85
robust_leading_edge	leiden	RPLP0	85
robust_leading_edge	leiden	RPL28	85
robust_leading_edge	leiden	RPL27	85
robust_leading_edge	leiden	RPS15	85
robust_leading_edge	leiden	RPS5	85
robust_leading_edge	leiden	RPS10	85
robust_leading_edge	leiden	RPS7	85
robust_leading_edge	leiden	DVL3	2
robust_leading_edge	leiden	HLA-DOB	3
robust_leading_edge	leiden	HLA-DPB1	3
robust_leading_edge	leiden	MUS81	4
robust_leading_edge	leiden	NGFR	5
robust_leading_edge	leiden	PSMB3	6
robust_leading_edge	leiden	RFC4	9
robust_leading_edge	leiden	DSP	10
robust_leading_edge	leiden	TNIP2	11
robust_leading_edge	leiden	TNFRSF1B	11
robust_leading_edge	leiden	FAS	11
robust_leading_edge	leiden	TUBA1A	12
robust_leading_edge	leiden	PLEC	1
robust_leading_edge	leiden	GNPTAB	15
robust_leading_edge	leiden	NCK2	16
robust_leading_edge	leiden	RGS3	16
robust_leading_edge	leiden	OGDH	17
robust_leading_edge	leiden	SPACA9	18
robust_leading_edge	leiden	CCNA2	12
robust_leading_edge	leiden	MCM3	9
robust_leading_edge	leiden	CTNNB1	13
robust_leading_edge	leiden	MAPK14	14
robust_leading_edge	leiden	DUSP6	14
robust_leading_edge	leiden	MAP2K2	14
robust_leading_edge	leiden	LGALS3BP	1
robust_leading_edge	leiden	SPTAN1	13
robust_leading_edge	leiden	MYH14	13
robust_leading_edge	leiden	TSG101	22
robust_leading_edge	leiden	CHMP4A	22
robust_leading_edge	leiden	CHMP2A	22
robust_leading_edge	leiden	CD63	1
robust_leading_edge	leiden	MMP14	1
robust_leading_edge	leiden	NOD2	23
robust_leading_edge	leiden	NOD1	23
robust_leading_edge	leiden	CCNH	8
robust_leading_edge	leiden	POLR2E	8
robust_leading_edge	leiden	BGN	1
robust_leading_edge	leiden	COLGALT1	1
robust_leading_edge	leiden	BCAP31	11
robust_leading_edge	leiden	CHMP4C	24
robust_leading_edge	leiden	COL5A1	1
robust_leading_edge	leiden	SYMPK	26
robust_leading_edge	leiden	SELP	27
robust_leading_edge	leiden	RAD51	12
robust_leading_edge	leiden	RSPH1	28
robust_leading_edge	leiden	MCAM	29
robust_leading_edge	leiden	PROS1	21
robust_leading_edge	leiden	AP2S1	3
robust_leading_edge	leiden	ADGRL2	1
robust_leading_edge	leiden	CFI	13
robust_leading_edge	leiden	CD55	13
robust_leading_edge	leiden	ITGAM	13
robust_leading_edge	leiden	CFB	13
robust_leading_edge	leiden	CASP1	11
robust_leading_edge	leiden	CDC42	14
robust_leading_edge	leiden	ARHGDIA	14
robust_leading_edge	leiden	CYBB	14
robust_leading_edge	leiden	NOTCH1	25
robust_leading_edge	leiden	RRM1	32
robust_leading_edge	leiden	A2M	31
robust_leading_edge	leiden	TREM2	31
robust_leading_edge	leiden	VLDLR	31
robust_leading_edge	leiden	APOC2	31
robust_leading_edge	leiden	SYNPO	13
robust_leading_edge	leiden	ELOC	9
robust_leading_edge	leiden	RXRG	7
robust_leading_edge	leiden	NCOR2	7
robust_leading_edge	leiden	SLC3A2	1
robust_leading_edge	leiden	CSPG4	1
robust_leading_edge	leiden	CLEC7A	23
robust_leading_edge	leiden	MYD88	23
robust_leading_edge	leiden	CCND3	9
robust_leading_edge	leiden	ITGA6	1
robust_leading_edge	leiden	SEMA7A	35
robust_leading_edge	leiden	B2M	3
robust_leading_edge	leiden	CD14	23
robust_leading_edge	leiden	PRC1	12
robust_leading_edge	leiden	COL8A2	36
robust_leading_edge	leiden	HEXA	37
robust_leading_edge	leiden	SPC24	12
robust_leading_edge	leiden	NCF4	14
robust_leading_edge	leiden	ALDH1B1	38
robust_leading_edge	leiden	FBLN5	39
robust_leading_edge	leiden	TGFBR1	7
robust_leading_edge	leiden	CDK5	9
robust_leading_edge	leiden	DYNC1I2	13
robust_leading_edge	leiden	TWF1	13
robust_leading_edge	leiden	MAML1	25
robust_leading_edge	leiden	STX4	41
robust_leading_edge	leiden	CALM2	13
robust_leading_edge	leiden	NECTIN4	42
robust_leading_edge	leiden	LAMB3	1
robust_leading_edge	leiden	PTK7	43
robust_leading_edge	leiden	FZD6	43
robust_leading_edge	leiden	NDUFA13	7
robust_leading_edge	leiden	JAK3	7
robust_leading_edge	leiden	JAK1	7
robust_leading_edge	leiden	SELL	1
robust_leading_edge	leiden	CASP7	11
robust_leading_edge	leiden	RNASEK	45
robust_leading_edge	leiden	GRB7	7
robust_leading_edge	leiden	ARHGEF2	13
robust_leading_edge	leiden	GIT1	13
robust_leading_edge	leiden	SP100	7
robust_leading_edge	leiden	MUC1	7
robust_leading_edge	leiden	TGFA	7
robust_leading_edge	leiden	PLXNB1	7
robust_leading_edge	leiden	ANXA1	46
robust_leading_edge	leiden	DLC1	13
robust_leading_edge	leiden	HRAS	13
robust_leading_edge	leiden	TRAK2	47
robust_leading_edge	leiden	TNFRSF10C	11
robust_leading_edge	leiden	CDKN2A	9
robust_leading_edge	leiden	RPS19	19
robust_leading_edge	leiden	MYL12B	48
robust_leading_edge	leiden	CSF1	7
robust_leading_edge	leiden	ISG15	23
robust_leading_edge	leiden	BUB3	12
robust_leading_edge	leiden	RBBP8	12
robust_leading_edge	leiden	GRB10	7
robust_leading_edge	leiden	PTPRU	7
robust_leading_edge	leiden	CCNE2	12
robust_leading_edge	leiden	FCGR1A	49
robust_leading_edge	leiden	BBC3	23
robust_leading_edge	leiden	BAK1	23
robust_leading_edge	leiden	PSENEN	13
robust_leading_edge	leiden	GAS6	50
robust_leading_edge	leiden	TACSTD2	51
robust_leading_edge	leiden	PARP9	7
robust_leading_edge	leiden	GGA3	12
robust_leading_edge	leiden	SPRED2	52
robust_leading_edge	leiden	C4B	13
robust_leading_edge	leiden	CBFB	7
robust_leading_edge	leiden	HMMR	12
robust_leading_edge	leiden	GDI1	11
robust_leading_edge	leiden	RABIF	11
robust_leading_edge	leiden	CDCA8	12
robust_leading_edge	leiden	CUL1	23
robust_leading_edge	leiden	AMBRA1	23
robust_leading_edge	leiden	WDTC1	23
robust_leading_edge	leiden	PEA15	11
robust_leading_edge	leiden	FAF1	11
robust_leading_edge	leiden	TRIAP1	53
robust_leading_edge	leiden	DLG4	7
robust_leading_edge	leiden	ADH1C	54
robust_leading_edge	leiden	PLXNB2	7
robust_leading_edge	leiden	NEU1	55
robust_leading_edge	leiden	CRLF1	56
robust_leading_edge	leiden	PRKAR1B	57
robust_leading_edge	leiden	DNAL1	58
robust_leading_edge	leiden	ARRB2	40
robust_leading_edge	leiden	APLNR	1
robust_leading_edge	leiden	C5AR1	1
robust_leading_edge	leiden	KIF20A	12
robust_leading_edge	leiden	RCC2	12
robust_leading_edge	leiden	SERPINA1	59
robust_leading_edge	leiden	LGALS8	1
robust_leading_edge	leiden	CD9	1
robust_leading_edge	leiden	IRF9	7
robust_leading_edge	leiden	PTPN6	3
robust_leading_edge	leiden	WASF1	14
robust_leading_edge	leiden	EPS8	14
robust_leading_edge	leiden	BLOC1S2	60
robust_leading_edge	leiden	TUBA1C	12
robust_leading_edge	leiden	PARD6B	61
robust_leading_edge	leiden	ENO1	3
robust_leading_edge	leiden	STK24	8
robust_leading_edge	leiden	GSKIP	13
robust_leading_edge	leiden	SRGAP2	13
robust_leading_edge	leiden	LAMP2	30
robust_leading_edge	leiden	PPIA	1
robust_leading_edge	leiden	AP4M1	3
robust_leading_edge	leiden	AP1M2	3
robust_leading_edge	leiden	AP1M1	3
robust_leading_edge	leiden	NME1-NME2	62
robust_leading_edge	leiden	PLAU	13
robust_leading_edge	leiden	NPRL3	33
robust_leading_edge	leiden	AMOT	13
robust_leading_edge	leiden	MAP2K3	14
robust_leading_edge	leiden	PCCA	44
robust_leading_edge	leiden	PC	44
robust_leading_edge	leiden	MINK1	63
robust_leading_edge	leiden	E2F2	9
robust_leading_edge	leiden	S100A4	14
robust_leading_edge	leiden	S100A10	14
robust_leading_edge	leiden	TGFBI	1
robust_leading_edge	leiden	TGM2	1
robust_leading_edge	leiden	PIP4K2A	64
robust_leading_edge	leiden	LMNA	34
robust_leading_edge	leiden	BRK1	14
robust_leading_edge	leiden	ANAPC11	65
robust_leading_edge	leiden	SHARPIN	11
robust_leading_edge	leiden	ARHGEF16	13
robust_leading_edge	leiden	EFNA4	7
robust_leading_edge	leiden	EPN1	66
robust_leading_edge	leiden	MMRN2	67
robust_leading_edge	leiden	COL4A1	68
robust_leading_edge	leiden	TPM3	69
robust_leading_edge	leiden	KRT18	70
robust_leading_edge	leiden	CIB1	13
robust_leading_edge	leiden	MAPKAPK3	20
robust_leading_edge	leiden	FCGR3B	49
robust_leading_edge	leiden	IFIT2	71
robust_leading_edge	leiden	GIPC1	13
robust_leading_edge	leiden	PRKCA	13
robust_leading_edge	leiden	MICU1	72
robust_leading_edge	leiden	SHB	7
robust_leading_edge	leiden	C1QA	73
robust_leading_edge	leiden	FGF1	74
robust_leading_edge	leiden	HLA-DQB2	3
robust_leading_edge	leiden	FLOT2	75
robust_leading_edge	leiden	PCGF2	7
robust_leading_edge	leiden	TBXA2R	1
robust_leading_edge	leiden	FPR1	1
robust_leading_edge	leiden	HRH1	1
robust_leading_edge	leiden	CSNK1D	2
robust_leading_edge	leiden	DAG1	1
robust_leading_edge	leiden	AATF	19
robust_leading_edge	leiden	MDK	7
robust_leading_edge	leiden	SUCLA2	17
robust_leading_edge	leiden	ACTL6A	76
robust_leading_edge	leiden	PPP3CA	77
robust_leading_edge	leiden	PPP1R2	78
robust_leading_edge	leiden	KDM1A	79
robust_leading_edge	leiden	AKT1	80
robust_leading_edge	leiden	PARVB	80
robust_leading_edge	leiden	ITGAX	13
robust_leading_edge	leiden	PCDHGA9	81
robust_leading_edge	leiden	CSF2RA	7
robust_leading_edge	leiden	ARHGEF18	14
robust_leading_edge	leiden	RAN	82
robust_leading_edge	leiden	CYFIP1	83
robust_leading_edge	leiden	PLRG1	86
robust_leading_edge	leiden	HAUS5	87
robust_leading_edge	leiden	UBQLN4	89
robust_leading_edge	leiden	PSMC6	89
robust_leading_edge	leiden	VAMP1	90
robust_leading_edge	leiden	CENPK	91
robust_leading_edge	leiden	RPS17	85
robust_leading_edge	leiden	DYNC1I1	92
robust_leading_edge	leiden	TUBA8	92
robust_leading_edge	leiden	CCT4	94
robust_leading_edge	leiden	ATP11A	96
robust_leading_edge	leiden	LDB1	97
robust_leading_edge	leiden	PKD1	98
robust_leading_edge	leiden	SMC4	99
robust_leading_edge	leiden	COX18	100
robust_leading_edge	leiden	SSR3	100
robust_leading_edge	leiden	BBS1	102
robust_leading_edge	leiden	BBS7	102
robust_leading_edge	leiden	NOMO2	85
robust_leading_edge	leiden	STK26	103
robust_leading_edge	leiden	EME1	104
robust_leading_edge	leiden	UBA3	106
robust_leading_edge	leiden	ATP6V1G1	107
robust_leading_edge	leiden	ATP6V1B2	107
robust_leading_edge	leiden	SYT1	84
robust_leading_edge	leiden	EMC9	108
robust_leading_edge	leiden	TIMM29	109
robust_leading_edge	leiden	MAPRE1	110
robust_leading_edge	leiden	PFDN2	94
robust_leading_edge	leiden	PAFAH1B1	111
robust_leading_edge	leiden	VPS54	112
robust_leading_edge	leiden	RNF139	113
robust_leading_edge	leiden	VCP	113
robust_leading_edge	leiden	ACTR1B	111
robust_leading_edge	leiden	DCTN2	111
robust_leading_edge	leiden	IFT74	113
robust_leading_edge	leiden	FKBP8	114
robust_leading_edge	leiden	PNKP	117
robust_leading_edge	leiden	UHRF1	88
robust_leading_edge	leiden	IFT27	113
robust_leading_edge	leiden	SEM1	89
robust_leading_edge	leiden	COMMD3	118
robust_leading_edge	leiden	PPP2R1B	103
robust_leading_edge	leiden	AREG	95
robust_leading_edge	leiden	CATSPER1	120
robust_leading_edge	leiden	LY86	121
robust_leading_edge	leiden	KPNA1	86
robust_leading_edge	leiden	MAPT	84
robust_leading_edge	leiden	NSFL1C	122
robust_leading_edge	leiden	EFHC2	116
robust_leading_edge	leiden	OST4	100
robust_leading_edge	leiden	TADA3	123
robust_leading_edge	leiden	STAG1	124
robust_leading_edge	leiden	BCAS2	86
robust_leading_edge	leiden	KRT6A	125
robust_leading_edge	leiden	TRAPPC3	126
robust_leading_edge	leiden	TRAPPC2	126
robust_leading_edge	leiden	COPS7B	119
robust_leading_edge	leiden	TMEM67	127
robust_leading_edge	leiden	TCTN1	127
robust_leading_edge	leiden	RBM10	128
robust_leading_edge	leiden	SRSF4	128
robust_leading_edge	leiden	BAG1	89
robust_leading_edge	leiden	RAD23B	89
robust_leading_edge	leiden	DDX6	129
robust_leading_edge	leiden	SNX9	131
robust_leading_edge	leiden	TLR7	132
robust_leading_edge	leiden	HNRNPC	86
robust_leading_edge	leiden	PABPC4	86
robust_leading_edge	leiden	RPGR	133
robust_leading_edge	leiden	CHMP1B	135
robust_leading_edge	leiden	FAM20A	136
robust_leading_edge	leiden	PPP4R1	94
robust_leading_edge	leiden	HNRNPF	86
robust_leading_edge	leiden	CYLD	137
robust_leading_edge	leiden	EEF1B2	138
robust_leading_edge	leiden	STXBP2	84
robust_leading_edge	leiden	TXLNA	84
robust_leading_edge	leiden	SUPT5H	95
robust_leading_edge	leiden	EVPL	139
robust_leading_edge	leiden	PRKAA2	140
robust_leading_edge	leiden	SH3GLB1	141
robust_leading_edge	leiden	DYNLRB2	111
robust_leading_edge	leiden	XRCC5	142
robust_leading_edge	leiden	DCAF17	105
robust_leading_edge	leiden	EIF2B4	143
robust_leading_edge	leiden	MCM10	115
robust_leading_edge	leiden	RUNX2	93
robust_leading_edge	leiden	UPF1	144
robust_leading_edge	leiden	WDR62	146
robust_leading_edge	leiden	KXD1	147
robust_leading_edge	leiden	RAD23A	89
robust_leading_edge	leiden	POLE3	123
robust_leading_edge	leiden	SEH1L	148
robust_leading_edge	leiden	HDAC8	149
robust_leading_edge	leiden	DSN1	150
robust_leading_edge	leiden	HSPA1A	151
robust_leading_edge	leiden	CHD4	149
robust_leading_edge	leiden	BRD9	152
robust_leading_edge	leiden	FANCL	130
robust_leading_edge	leiden	PPP1R12A	153
robust_leading_edge	leiden	JADE3	154
robust_leading_edge	leiden	BLOC1S6	155
robust_leading_edge	leiden	RAB1A	134
robust_leading_edge	leiden	IFT140	101
robust_leading_edge	leiden	CAND1	119
robust_leading_edge	leiden	INO80	156
robust_leading_edge	leiden	AP2M1	157
robust_leading_edge	leiden	RCC1	158
robust_leading_edge	leiden	VPS29	159
robust_leading_edge	leiden	YAP1	160
robust_leading_edge	leiden	CAPNS1	145
