sample	endothelial	fibroblast	immune	muscle	other_parenchymal	thyroid_epithelial
TCGA-DJ-A2PR-01	-1.27877311468219	-0.844330196117867	-0.139468528950604	-0.437454668734098	0.20036113337003	0.646194416978064
TCGA-EM-A3AQ-01	1.41120362716036	-0.485129041542977	-0.223086559016932	-0.288581924495028	-0.177792203896536	0.79062635079851
TCGA-CE-A27D-01	0.827655472191838	0.643416635869463	-0.0344622758398152	-0.248858521619138	-0.1902319207388	0.509055766525386
TCGA-EL-A4K2-01	0.896100656211668	-0.498389821832048	-0.108140605934916	-0.362399489467133	-0.360727948596956	-0.0587640018135163
TCGA-BJ-A45J-01	0.602171895740367	-0.16935178955788	-0.192769937871168	-0.164953856072369	0.16399580523254	0.379138244391866
TCGA-DJ-A2Q1-01	-1.52110093335252	0.557358465603007	-0.108140605934916	-0.196154837309714	0.652030724256592	0.113095139889507
TCGA-4C-A93U-01	0.231252223461022	0.391693633760297	-0.132154357560968	-0.429352526370504	-0.653081899568215	-0.076109683739556
TCGA-H2-A2K9-11	-0.370493434974494	0.743635485571167	-0.0570101995771447	0.0900431646277	0.17602522462364	-0.0331324964143628
TCGA-KS-A4I5-01	1.68768188163551	-0.259051068405738	-0.251005110193146	-0.168207754890496	0.317796943545754	0.325496834437371
TCGA-EM-A22I-01	-0.663624444616007	-0.186625555874012	-0.167602512615919	-0.23136450185404	0.374808883638953	0.0515396293805839
TCGA-E3-A3E0-01	-0.118167430308172	-1.03225174879439	-0.167602512615919	0.0936625762832876	-0.470104851634962	0.183810371978326
TCGA-EM-A3AI-01	1.78557284404342	-0.594624422894369	-0.210228026281812	0.0982732654860367	-0.584316392687099	-0.397833656538367
TCGA-H2-A3RI-11	-0.47762649498087	0.739970501568003	-0.192769937871167	0.734320439034946	0.688347554351436	-0.311687466688517
TCGA-DJ-A1QF-01	0.170246306448005	-0.280751370640248	-0.160573031285862	-0.0845633358412543	-0.432199681256088	-0.605562019925141
TCGA-BJ-A45F-01	2.24894895248737	-0.302659526331617	-0.192769937871166	-0.237240301961667	-0.480544930469658	-0.0577275621652674
TCGA-EM-A22Q-01	2.2563805343368	-0.778433368148183	-0.251005110193146	-0.536523200067719	-0.10144145289209	-0.261788616104589
TCGA-FY-A40L-01	-0.664745240848267	-0.108167017840959	-0.167602512615919	-0.364266919462822	0.259599596219312	1.04231514703031
TCGA-CE-A482-01	0.575345090863742	-0.611162091892767	-0.192769937871168	-0.448712251793025	0.234493983525469	0.652442717765399
TCGA-DJ-A3VF-01	-0.473879926419405	0.969246458026827	-0.108140605934917	0.16267315926194	0.148588994508698	-0.298568981944708
TCGA-EL-A3CP-01	-0.576984967941215	-0.300627399538143	-0.180055227569548	-0.026284881940132	-0.03372985880112	-0.53641322109194
TCGA-EM-A3SY-01	-0.598600363938157	-1.1896160153433	-0.174428945464659	-0.229168148926284	-0.637363938296257	-0.368109438909859
TCGA-ET-A25P-01	1.89215243585731	-0.573060441043273	-0.180055227569548	-0.477448885190949	-0.414419201925251	-0.0768961160675899
TCGA-DJ-A2Q7-01	1.02516041742999	0.0197753815262808	-0.139469056530162	-0.355288878596382	-0.281945035582867	0.208058115812887
TCGA-DJ-A4UT-01	1.50454418377965	1.31482724634852	-0.132154357560968	-0.552900027216054	-0.348841601575267	0.0360092273006585
TCGA-FY-A3R7-01	0.606006730975522	0.359409324523395	-0.164453199723672	-0.0959481551180716	0.0193889789177173	0.0429189464470967
TCGA-FY-A3R8-01	-0.912362515638243	-0.296629184027033	-0.108140605934916	-0.247929128174701	0.546619843047532	0.273312861830344
TCGA-BJ-A2N9-01	-0.934113433013431	-1.17461288430072	-0.139468386507062	-0.456827146226995	-0.198831406253454	-0.159407110837923
TCGA-ET-A25R-01	-0.978712831073455	-0.102989383444045	-0.180055227569548	-0.460898330474244	0.152322080494144	0.506085840176331
TCGA-DJ-A4V4-01	-0.0714647628254943	0.422333693309406	-0.236419472452705	-0.116003638764365	0.397457704309167	0.554737462288078
TCGA-EL-A3T9-01	-1.08079062425365	0.763165507679289	-0.210228026281812	-0.241813676577443	-0.526140754187285	0.137634103101272
TCGA-BJ-A0ZB-01	-0.594255890815407	-0.372763863078545	-0.210228026281812	-0.211920633796619	0.564433402080101	0.116811857417574
TCGA-EL-A3T0-01	2.82611423494366	0.669325978248455	-0.180055227569547	0.0281709814554198	-0.12837534222452	0.0830509598577195
TCGA-EL-A3H1-01	1.34990735541082	-0.575953933800818	-0.210228026281812	-0.108318336508866	-0.193822105595027	-0.0720669464355278
TCGA-EL-A3D5-01	1.65625471948	-0.132950849551235	-0.180055227569547	0.106133571893384	-0.801506866303464	-0.166006079262719
TCGA-DJ-A3VA-01	-0.429295313402347	-1.03503625776174	-0.174428945464658	-0.243519579771874	-0.732039285993961	0.231442617136612
TCGA-DJ-A2PQ-01	-0.255501544768364	-0.743658994486219	-0.192769937871168	-0.0647050172246288	-0.371316349820608	-0.348290399490666
TCGA-BJ-A191-01	-0.879336803545925	-1.27958348776101	-0.097197495231809	-0.330004966345606	0.0786620916101227	-0.119841646297946
TCGA-EM-A3FJ-01	-0.521851184901925	-0.0831926481320347	-0.180055227569546	-0.370286493299474	-0.155026921933113	0.22772439162244
TCGA-EM-A1CW-01	0.808057774964835	-0.591198894733192	-0.172808589534755	-0.271770123789988	-0.634782401776042	-0.282427961665987
TCGA-H2-A3RI-01	-0.964692096458882	-0.77819940279907	-0.139469825372085	-0.177791621642614	-0.213705653077805	-0.276580814667136
TCGA-EL-A3GR-01	-0.0718395900839039	0.0241749615317873	-0.130717054252786	-0.316602496313739	-0.0877552866928376	0.338496781507412
TCGA-DJ-A3UN-01	0.560105358819485	-0.406824547785334	-0.14273995095178	-0.311660721171078	0.300143712924341	0.0929049047976502
TCGA-DJ-A1QE-01	-1.46966224777109	-0.0199858618173496	-0.180055227569548	-0.199154463568027	0.0236559816614941	0.761555395431773
TCGA-DE-A69K-01	-0.270222359769703	-0.842122292514934	-0.186235441155671	-0.0907153631171836	-0.241579251551707	0.0885900577399483
TCGA-ET-A25J-01	-0.598879723903569	-0.0733170756453748	-0.174596062448777	-0.403118343029142	-0.175015242408137	0.49888291847587
TCGA-FK-A3SD-01	0.523276375068478	-0.564743212125693	-0.190502010995005	-0.245719024132272	-0.0786615219285825	-0.167323287165549
TCGA-EM-A22N-01	1.56140276282579	-0.558648041097791	-0.192769937871168	0.086209776708419	-0.902675925198	-0.477028566278222
TCGA-BJ-A291-01	3.40268057708514	-0.504082380167125	-0.210228026281812	0.0164250732618795	-0.869525745311148	-0.0295234315055936
TCGA-FY-A40K-01	0.898037148102034	-0.00325174206316848	-0.0966685758496602	-0.331864394654883	-0.403917742654067	-0.224114358049019
TCGA-FE-A22Z-01	-0.891385997771816	-0.106981295764384	-0.164453199723673	-0.557297958052927	-0.694415176319811	0.119709629628014
TCGA-E8-A44M-01	-0.276092564893109	-0.066600952352341	0.528571219675798	-0.221226833398446	-0.148359275283583	-0.232777158037289
TCGA-H2-A26U-01	-0.917597035523469	0.935210439672813	0.0471708327001258	2.4573292623331	0.323380158933785	0.138982186372486
TCGA-EL-A3CX-01	-1.35991493721163	-0.372031067704963	-0.167602512615919	-0.460974186371042	-0.423649328243604	-4.188072110135
TCGA-FE-A230-01	-1.49851154049861	-0.75895856439707	-0.0436326397555794	-0.325698865465574	-0.287352604713945	0.654511413350014
TCGA-KS-A4IC-01	-0.508679857267483	-0.611152783753575	-0.174428945464659	-0.23676523388859	0.647269706440205	0.378363192576882
TCGA-FE-A3PD-01	-0.352928017335366	-0.719460645307609	-0.156116401113917	-0.294651480200188	-0.506775386337214	-0.185582418044925
TCGA-DO-A1JZ-01	-1.05494268861894	-0.964190043686762	-0.210228026281812	-0.290871415897793	-0.240195000634766	-0.088661720593949
TCGA-DJ-A2PX-01	0.87299728352117	0.147777840254944	-0.0966685758496586	0.0838917620940234	-0.654543004716411	0.0417364445872084
TCGA-E8-A432-01	1.58799802414991	1.17699668967836	-0.180055227569548	-0.155294453325563	-0.63593680696263	-1.50771685833707
TCGA-DE-A0Y3-01	-1.4147276462027	-1.07858305884215	-0.180055227569548	-0.124642193123715	-0.0923219966849875	0.0203334720345361
TCGA-BJ-A3F0-01	4.10677523407933	-0.752793420771018	-0.210228026281812	-0.234998471547582	-0.687538283264918	0.72713249487456
TCGA-BJ-A0ZJ-01	0.611620945830388	0.360472404344357	-0.0966685758496602	0.0392733089212468	-0.25273477622977	0.0458551220625466
TCGA-FY-A3WA-01	-0.543542789450473	-1.01210528596886	-0.180055227569548	-0.347393473409611	0.245396677417314	-0.0597724733682211
TCGA-ET-A3BT-01	-0.748143460133821	-0.367019517308095	-0.20189954329042	-0.241438719059816	0.467993715558447	0.633282509324369
TCGA-EL-A3GU-01	-0.238972208304193	0.881272613359245	-0.245934644176509	0.373501593227354	0.252508145368507	0.278354253762981
TCGA-DJ-A1QM-01	0.149191623264416	0.82996167217914	-0.201585922051978	-0.291151578159259	0.0273958221428962	0.961532970724345
TCGA-ET-A3DR-01	0.0509128274199982	-0.302099018356092	-0.192769937871168	-0.174810814750696	0.218072001988528	0.680257524629728
TCGA-EM-A1CT-11	-0.331073476312326	0.470030574062218	-0.180055227569547	0.385499337657106	-0.313378650089866	0.0200816414259742
TCGA-H2-A422-01	-1.22263873098997	-1.30095512021356	-0.167602512615919	-0.306475559446898	0.523539187674112	0.230674156551829
TCGA-DJ-A2Q0-01	1.64938199899308	-0.733422358193779	-0.210228026281812	-0.44278014055596	-0.839194287302993	-0.759290089614387
TCGA-BJ-A0Z0-01	-0.0473288173477856	-1.00904878831533	-0.192769937871163	0.116923326689982	-0.369040026636023	-0.416726257344415
TCGA-ET-A3BQ-01	1.34566190792798	-0.118165914452059	-0.164453199723673	-0.286735425087441	-0.504073806650057	0.392996507979371
TCGA-FK-A3SE-01	-0.75380822196019	-0.583771322413241	-0.195004201447436	0.101926560557345	0.785440074058679	0.81250734880189
TCGA-EL-A3CZ-01	0.508321604245109	-0.836471040984572	-0.192769937871166	0.0807770653859686	-0.569414220888689	-0.467643295043715
TCGA-EM-A2CJ-01	-0.167618441073545	-0.0382057735409161	-0.192769937871157	0.029647345124835	-0.280640072515814	-0.288241902817744
TCGA-EL-A3GZ-01	-0.0868646943175055	0.202954943629121	-0.180055227569548	-0.385658217563034	-0.0293370991293668	-0.242528466956762
TCGA-EM-A2CM-01	-0.604064068721015	-1.17534676091409	-0.180055227569548	-0.41609162481859	-0.162246051778332	0.210728583159886
TCGA-ET-A39K-01	-0.575599573723516	-0.157090218934501	-0.164453199723673	-0.466361129233733	0.956230814309283	0.576254403792128
TCGA-EL-A3ZS-11	-0.629992724873368	-0.2964327575845	4.11230609973668	-0.460974186371042	-0.919438424385567	-1.41773304901399
TCGA-EL-A4JX-01	-1.43367763894419	-0.249056491125008	0.771862613415275	-0.263817442618425	0.604468438834946	-0.0760832033385458
TCGA-EL-A4K9-01	2.3677725246193	-0.278454697255987	-0.180055227569548	-0.452177620513093	-0.680246446456306	0.172733062692223
TCGA-J8-A3YE-01	-1.10257090633565	-1.40549034732454	-0.192769937871168	-0.102610475558482	-0.78470370449697	-0.452402897206833
TCGA-BJ-A3EZ-01	-1.12221862974316	-0.460795700924942	-0.167602512615919	-0.308796962594941	0.642745680917378	0.621371523917835
TCGA-EL-A4JZ-01	0.422697907052197	0.968336141430621	-0.164453199723673	-0.868979151993402	-0.111977813395794	-0.23307848947377
TCGA-EM-A2P2-01	0.128124343261695	-0.448802252287833	-0.192769937871165	-0.298800862990089	-0.187351268222741	-0.93994525859858
TCGA-EL-A3ZQ-01	-0.152354071516634	-0.15733735242504	-0.120636868402765	-0.460974186371042	0.490175348365981	-0.353826891291818
TCGA-EM-A3O8-01	0.900759795111932	-0.750313397016897	-0.192769937871168	-0.0448291274576466	-0.550583179942955	-0.221494566423306
TCGA-EM-A3AL-01	2.89817415407492	-0.743939974732561	-0.192769937871168	0.368533485706242	-0.253565792302172	-0.112157849906853
TCGA-ET-A2N4-01	1.65809900372263	-0.743216563924659	-0.174428945464659	-0.182229460722999	-0.295662836450653	-0.664439746512241
TCGA-DJ-A2Q5-01	-0.511608698670085	-0.0932288444991469	0.368146778725444	-0.475367502291526	-0.366614647725927	-0.558539582433368
TCGA-EM-A3SZ-01	-1.29652519108374	-0.708067419666356	-0.0966685758496602	-0.285011854663432	0.849640874421199	0.514955645109182
TCGA-ET-A2N0-01	-0.795762023353563	-0.754017113951478	-0.167602512615919	-0.460974186371042	1.33084732880872	0.89127961402835
TCGA-J8-A3O2-01	-0.944505609397453	-0.0481287596292443	-0.108140605934915	-0.203796431650238	-0.222974421159039	0.583001709692689
TCGA-BJ-A45E-01	0.477203303413373	0.930257084425046	1.49594669261641	-0.493692813613735	-0.757641490935651	-0.813480810049334
TCGA-EL-A4KH-01	1.42767973709392	-0.307238142511023	-0.167602512615919	-0.278980112358451	-0.463062880237681	0.164426390637778
TCGA-EM-A1YA-01	0.678859154957325	-0.776046613646146	-0.337816072221146	-0.293421578438259	-0.616762918959457	-0.210498794235583
TCGA-EL-A3CR-01	0.629459835584525	1.17322814976124	-0.108140605934917	-0.386315859478519	0.506245654982769	0.407256166965038
TCGA-BJ-A0Z2-01	-0.676808551603594	-1.11450173904994	-0.180055227569548	-0.407291554183495	-0.539343652295803	-0.00110369525827581
TCGA-EM-A4FO-01	1.46092797202558	1.39043962251277	0.664490405855342	-0.220585136828889	-0.487919473871748	-0.155420781279383
TCGA-EM-A3FL-01	-0.342410724080673	-1.04430781663191	-0.167602512615919	-0.0230164859702319	-0.469574883899512	-0.120869462107543
TCGA-EL-A3ZO-11	0.344764561426664	1.33526972903684	-0.192769937871168	0.47545668634389	-0.109778336101316	-0.0717811173621496
TCGA-EM-A3AO-01	0.959539965468617	-0.442115903322999	-0.174428945464659	-0.347831017097862	-0.134198424892877	-0.0475287263410102
TCGA-EM-A2CU-01	1.53862008772709	-0.0253798402731835	-0.164453199723673	-0.172896829680185	-0.588708944607845	0.261437885238767
TCGA-FY-A3R6-01	0.411184043336593	0.100829770960663	-0.108140605934917	-0.334944654215538	-0.381719596392346	0.0214309754651785
TCGA-J8-A4HY-01	0.0985734838818301	-0.871490154024781	-0.139469553956645	-0.460974186371042	0.0857535358835372	0.184837357353107
TCGA-DJ-A2QA-01	1.35357978910202	0.367101425932401	-0.187359908877133	-0.337007949583233	0.708146090252673	0.7201690375391
TCGA-ET-A40Q-01	-1.21964936767622	-0.0154706231097809	-0.108140605934916	-0.392364655418349	0.388288130268633	-0.100774687987166
TCGA-ET-A39O-01	-1.42301364898668	-0.213790864779285	-0.108140605934917	-0.291760880995995	0.427894867821757	0.567811992570292
TCGA-FY-A3YR-01	-0.582746415585027	0.127976319595545	-0.167602512615919	-0.194652023747602	-0.445874948285364	0.0871738020471168
TCGA-FK-A3SB-01	2.15372641608206	-0.203028782742831	-0.180055227569548	-0.266593697076513	-0.343710907964405	-0.0289213385949152
TCGA-KS-A41J-01	-0.839650548892073	-1.07099940525746	-0.144606264202141	-0.460974186371042	1.26598243404874	0.959091713745052
TCGA-DJ-A3UX-01	-0.289968798789093	0.0745413623817872	-0.174428945464659	0.019090771967141	-0.0145665511579988	0.230527422025304
TCGA-EL-A3GP-01	0.146393737543384	0.960816404893918	-0.108140605934916	8.56886448339358	-0.581151103261832	-0.264470693564022
TCGA-FY-A3RA-01	-1.04133861301945	-1.37052344061177	-0.174428945464659	-0.000191750862590157	-0.400319787807179	-0.0132587826666334
TCGA-BJ-A45H-01	0.122918962572831	0.233265328317836	-0.140952861187789	0.292599071674698	0.111325627426573	0.956187314901719
TCGA-FY-A3NN-01	-0.834062150225498	-1.324330050652	-0.153136915596351	-0.082414946716487	-0.626096962325316	0.275733352080791
TCGA-EL-A4K0-01	-0.513263941688299	0.48285011450867	-0.108140605934917	-0.480169645651903	0.0259712021732808	-0.272292660697072
TCGA-DJ-A2PW-01	-1.27216907419618	-0.212219850050169	-0.132154357560968	-0.288694864153757	0.00780848382706332	0.372469819330336
TCGA-EM-A1YB-01	1.29011473486016	-0.762371382072347	-0.210228026281811	-0.386717189199495	-0.0665757366956221	-0.509589030873376
TCGA-EM-A2OW-01	2.28571887629828	-0.551224566296843	-0.251005110193146	-0.0444663005991772	-0.662700785505624	0.101734906373884
TCGA-EL-A3D6-01	-0.531016297479518	-0.0839917452098646	-0.0344622758398152	-0.165739855542779	-0.295846833800574	0.706204725960115
TCGA-E3-A3E5-01	1.03513374213492	-0.22271380062001	-0.192769937871166	-0.0495890330771884	-0.788436346181923	-0.14793696494385
TCGA-BJ-A0Z9-01	-1.52110093335252	-0.527323843839411	-0.0966685758496602	-0.278807547077226	0.190623970657035	-0.00333463273723333
TCGA-ET-A4KN-01	-0.860194169884319	0.400446722147342	0.0510707719170721	-0.460974186371041	0.027173542666005	-0.0905335471314173
TCGA-EL-A3CO-01	1.41344040578746	1.80425827890228	-0.0436326397555802	-0.175095123414082	-0.0736466741803193	0.0273837299467782
TCGA-DJ-A1QO-01	-0.721035645342909	-0.368359158364834	-0.09666857584966	-0.248540347433851	0.261877166067868	0.989500631615442
TCGA-DJ-A4UR-01	2.33181198780589	-0.33858379233087	-0.20435683741356	-0.668103343349975	-0.297573358428725	0.217556389212252
TCGA-BJ-A28X-01	-0.258545644345455	0.853911491483652	0.605443514019563	-0.509623192149232	-0.496849902658326	-0.0591412118469728
TCGA-DE-A3KN-01	1.17198121296423	-0.198478669964326	-0.180055227569548	-0.0519345783586607	-0.136774568903762	-0.197426047878839
TCGA-DJ-A3UU-01	-0.571073405912892	0.118015849484592	-0.0966685758496602	-0.302135308758501	-0.112707717926849	0.0436245429486389
TCGA-DJ-A3UR-01	1.31162692265237	-0.62959459188857	-0.180055227569548	-0.231628610853337	-0.568112030705456	-0.0677437050868764
TCGA-EL-A3T1-11	0.631908652388195	1.1139560619841	-0.108140605934917	0.066259159011628	-0.283863335571054	-0.322472099969052
TCGA-ET-A2N5-01	0.774468984292159	-0.795582323200931	-0.210228026281812	-0.152680398875355	-0.457892655750406	0.15137730040399
TCGA-CE-A485-01	1.93046483889909	1.70090811524475	-0.174428945464658	-0.396284472863876	0.0721128423656305	0.146293420217063
TCGA-J8-A3YD-01	0.165877333192613	-0.374461611142631	-0.174428945464658	-0.221936703048334	0.175083585643165	0.963704666669515
TCGA-EM-A22J-01	0.882590015510191	-0.794679121555279	-0.192769937871168	-0.206133688495107	-0.530640927483907	-0.033033260440604
TCGA-FY-A4B3-01	-0.239799591128319	0.117512963247257	-0.180055227569548	-0.781732179731321	-0.135899272767542	1.01289290210188
TCGA-DJ-A1QN-01	0.571474672002339	-0.534105004825932	-0.139468133786769	-0.288392671024046	-0.539724045924574	-0.609044068039124
TCGA-EM-A3O3-01	-1.52522107888545	0.0818186019142017	0.00405387708106472	1.12903342142171	0.306887902353113	0.71977982419806
TCGA-ET-A3BU-01	0.975106206947692	-0.168572148868441	-0.180055227569548	-0.253050575004215	-0.771819031810493	0.864499846114439
TCGA-EM-A3FM-01	-1.16253190978511	0.0905374146975234	-0.132154357560968	-0.605676359951237	0.970396178730585	0.939472415878099
TCGA-E8-A3X7-01	-0.457878053282616	-0.0349567688850407	-0.251005110193146	-0.460974186371042	0.614309323312522	0.656657892272722
TCGA-EM-A2OV-01	0.870868923754382	-0.791030674860891	-0.251005110193146	0.0112445179063096	-0.502658297505324	0.0150146238946186
TCGA-ET-A3DT-01	-0.945644538066838	0.225377569162109	0.638391057835247	-0.547270491051443	-0.209496515682861	-0.35915445798901
TCGA-FK-A3SH-01	-1.13835231731257	-0.231223351687946	-0.192769937871166	-0.58039655688217	0.14726550718043	0.643562638433231
TCGA-ET-A3BO-01	-0.737706668485023	-0.180956367526146	-0.0966685758496602	-0.577027791476755	0.161922402682003	-0.665070556025791
TCGA-ET-A2N5-11	-0.456614722224503	-0.522623050653081	-0.180055227569548	0.0868788224925081	0.560456289685542	0.0590135015807435
TCGA-DJ-A13S-01	1.14666401651733	-0.712019764774237	-0.19665106699164	-0.090062593778263	-0.605862225744272	0.0524254743538424
TCGA-EL-A3ZM-11	-0.148743433121608	0.463520919893507	-0.210228026281812	4.44186501765825	-0.475285595082963	0.0594943917428299
TCGA-BJ-A2N8-11	-0.0419094236676852	-0.444076811993259	-0.180055227569548	0.0612290714162326	0.336031259573507	0.418023264582313
TCGA-EL-A3N2-01	-0.664055964615006	-0.548487245173141	-0.164453199723673	-0.207761910112842	-0.00283011328353977	-0.172787699535281
TCGA-EL-A3ZR-01	0.687875251122831	-0.791241700411147	-0.251005110193146	-0.568420043799314	-0.176557457189753	-0.032639149832551
TCGA-EL-A3H5-01	1.53805270234309	2.57417235871496	-0.180055227569548	-0.134235484130977	-0.119539021920385	-0.574721906070772
TCGA-FY-A3I4-01	1.06597817905828	1.11351962629464	-0.132154357560968	-0.272524091546298	-0.475797846770294	0.937495242708187
TCGA-KS-A41I-01	2.42077400934611	0.115446549767339	-0.180055227569547	-0.749567219199151	-0.297255774396951	0.276169162884556
TCGA-EL-A3ZQ-11	-0.579136316785407	0.850175528419232	-0.180055227569548	0.260729885176953	0.834118901148222	-0.37257183947589
TCGA-DJ-A2PT-01	-1.00859183441698	0.315377077690787	-0.0344622758398066	-0.125472728636204	-0.556816884453621	0.822120086899265
TCGA-EL-A3T7-01	-1.06891142315167	-0.61858272526325	-0.108140605934917	-0.304989237894986	0.216469086148703	-0.0233027269139892
TCGA-EL-A3ZH-11	-1.31306475662164	-0.482204820150501	-0.180055227569547	0.381041931718112	-0.439994966420919	-0.0586123455730617
TCGA-EL-A3CM-01	0.400994190151116	0.886565061466395	-0.180055227569547	-0.302567162873509	0.283112251102493	0.240896862879132
TCGA-EL-A3ZN-01	1.59385326443072	0.258398394277787	-0.210228026281812	0.253529638539773	-0.0532233775221131	0.195620606602216
TCGA-EL-A4JW-01	0.95215538472133	0.257730237835702	-0.210228026281812	-0.372670614033681	-0.815607388987326	0.778473873784261
TCGA-ET-A3BW-01	0.0312138662297672	-0.785306088113435	-0.192769937871168	-0.0995622310549543	-0.324110822452554	-0.128421240965145
TCGA-FE-A235-01	0.795588755040977	0.0253998013834307	-0.174428945464658	-0.487165324824674	-0.060122887187604	0.726818549051421
TCGA-DJ-A1QG-01	1.64687435060429	-0.782468913282738	-0.192769937871168	-0.178072101177822	-0.773850804877926	-0.187184496152498
TCGA-EM-A1CU-11	-1.16863414230174	-0.304100864869894	-0.164453199723673	0.191119413762374	-0.537982703116091	-0.591531630076258
TCGA-DJ-A2Q2-01	1.01958888243438	-0.498604193079304	-0.180055227569548	0.0461903061958114	-0.589913000808667	0.493717286826371
TCGA-EM-A2CL-01	0.776449966629143	-0.795167678503852	-0.180055227569548	0.138602113170198	-0.541054525493222	-0.134140649957544
TCGA-EM-A1CV-01	0.29195430116918	-0.772578827341398	-0.167602512615919	-0.337170243939706	-0.201046614358597	-0.661427851037974
TCGA-ET-A2MZ-01	1.53124808340614	-0.397350003053873	-0.164453199723673	0.15468694092402	0.0186910552050128	0.00212820367983207
TCGA-EM-A2CK-01	1.70234182282935	-0.728536983815011	-0.228576780296617	0.858115144746235	-0.440910781063036	-0.0239063983871713
TCGA-BJ-A2N8-01	0.567498078519469	-0.815755158602375	-0.164453199723673	-0.435264794604688	-0.252168316997738	0.136368131610986
TCGA-DJ-A2Q9-01	-0.768335350345326	0.605550308387269	0.0601580780723614	-0.460974186371042	-0.786182293273145	0.381880812541979
TCGA-EL-A3ZP-11	0.35366737437533	1.0933040105222	-0.0376368252040696	-0.0421429527394539	-0.774176788517489	-0.448906636175262
TCGA-EL-A3GQ-01	0.689052631694597	0.239661838116449	-0.174428945464659	0.164899176341736	-0.422559441121153	-0.408111617683064
TCGA-DJ-A3UY-01	-0.233087656775697	0.446036239910666	-0.111085041997098	-0.286415322090228	0.145186477649359	0.427155681688327
TCGA-BJ-A0ZF-01	0.25399266312553	-0.895277219288456	-0.174428945464659	-0.360304694993795	-0.0366300124654751	-0.106947943177192
TCGA-BJ-A28S-01	1.01271699169986	-0.433805756700658	-0.227935500772706	-0.424059025384851	-0.490419570587091	-0.0447944212642597
TCGA-EM-A2OZ-01	-0.266497208747487	-1.08083669199365	-0.164453199723673	-0.0598861419207322	0.158908380609039	0.289654600694165
TCGA-ET-A39P-01	-0.260089771746637	-0.184254982783953	-0.210228026281812	-0.145118601503542	0.107348038095481	0.580697001441595
TCGA-J8-A3NZ-01	-0.937811842847974	-0.622643421491345	-0.156534792919379	-0.272788418702615	-0.236605099869677	-0.00787936185250338
TCGA-EM-A4FR-01	0.632200192121709	-0.351363146999752	-0.192769937871168	-0.708246750153868	-0.363022604041536	0.0548302256956705
TCGA-BJ-A18Y-01	1.37076676897719	-0.0561084854754102	-0.251005110193146	0.0463410985201713	-0.364244872095817	-0.238059746430824
TCGA-FE-A234-01	-0.897768380203721	-0.602085274448535	-0.132154357560968	-0.284977915740932	0.575867282461666	0.232549691613903
TCGA-EL-A3T6-01	-1.31244312719157	-1.02840148199603	0.0622645390541369	-0.207589864049768	0.408829907203292	0.375112364373936
TCGA-EL-A3TA-11	-1.15760652383746	-0.289248046075626	-0.192769937871164	0.0687981686774738	0.0943130754327505	-0.189949514864397
TCGA-EL-A3TB-01	-0.283374326053029	-0.733380056445014	-0.207066322288129	-0.225083089301309	0.0971494150196321	0.60485798579862
TCGA-EL-A3ZT-01	0.28330306476654	-0.40004037427513	-0.192769937871167	-0.259248202561756	0.367260340263891	0.319389582072131
TCGA-EL-A3ZK-01	-0.722802167625017	-0.973265768578505	-0.0966685758496602	-0.565695869309586	0.0855070865727377	1.06405282370568
TCGA-ET-A40T-01	0.817281070939674	0.536547637116994	-0.169432737391261	-0.359410833346432	-0.310555507369148	0.381034944005516
TCGA-E3-A3E1-01	-0.624574403316544	-0.605306944058627	-0.167602512615919	-0.197355293423915	0.226283309940768	0.583020062430245
TCGA-CE-A481-01	0.899545819863102	0.549918952542991	-0.167602512615919	-0.484374223685926	-0.357535569590809	-0.160623107500489
TCGA-DJ-A3UW-01	-0.775784404451676	0.270419585155487	-0.0344622758398131	-0.582525827008773	0.272137888249476	0.755108313126922
TCGA-E8-A438-01	2.84714430759471	0.148113111913423	-0.210228026281812	-0.38761156037051	-0.531263778254557	-0.11992426940892
TCGA-ET-A40P-01	2.40742814547976	-0.446332618212339	-0.192769937871168	-0.193553588914854	-0.596293825261658	-0.086207374235975
TCGA-DJ-A2QB-01	1.02547535494106	-0.765116056195082	-0.180055227569548	-0.109306082323523	-0.553334725449603	-0.20002650778872
TCGA-KS-A4I7-01	0.227179333357449	-0.245219383302837	-0.139462883220507	-0.434113814858719	-0.114776759571788	0.0823333825930923
TCGA-EL-A3MW-01	0.411915946811359	-0.540726204508291	-0.139469429615613	-0.12916493372627	0.115088835032187	-0.652417801920302
TCGA-DJ-A3UT-01	1.53104820586664	-0.494890840207052	-0.229420170973266	0.290179236933215	-0.313585978219741	-0.113223536161688
TCGA-BJ-A2P4-01	3.81087699162944	0.0110040493967931	-0.251005110193146	-0.694954214579179	-0.522027311241206	0.0750356740621845
TCGA-EL-A3H7-11	-0.0567931268295258	0.968048516954171	-0.139467440883065	0.143720638544951	0.14433797149017	-0.355845737229993
TCGA-EL-A3GZ-11	-0.285217826392377	0.548362395715808	-0.180055227569547	0.584249831316065	0.175282451090274	-0.202005059203775
TCGA-E8-A413-01	-0.25833150069377	1.13919852260171	-0.174428945464657	-0.364109294489322	0.0103899120507128	0.226261204840611
TCGA-FY-A3I5-01	-0.643260288854522	-0.207137212930526	-0.174428945464659	-0.178914630460241	-0.544359127768757	-0.88769092241455
TCGA-E3-A3DY-01	-0.892218488523062	-0.69421031627085	-0.0436326397555804	-0.191945077000341	-0.17723033574248	-0.398517736556889
TCGA-DE-A4M8-01	0.442438017743083	0.571171112902768	0.0853363986960765	-0.249656650518694	-0.586049906088443	-0.295510735150201
TCGA-EL-A3MZ-01	-0.393301958332219	0.0784211073756332	-0.167602512615919	-0.163572453441155	-0.824863159993902	0.714247826529126
TCGA-EL-A3GW-01	0.221223065150446	-0.755276575950975	-0.192769937871168	-0.371534394225391	-0.297839921574459	-0.0471423521618574
TCGA-E8-A436-01	-1.17858403648209	0.164905702316991	-0.0966685758496602	-0.201824518683884	0.322582397361578	0.595367319744111
TCGA-E8-A433-01	-0.316867617042868	0.401533960983602	-0.180055227569547	-0.359300723250327	0.20065299521154	0.959860441405782
TCGA-BJ-A28X-11	0.0418514157998373	1.20960390735013	0.603728223980337	-0.305212161839272	-0.769382400467918	-0.786299725709315
TCGA-FE-A23A-01	-1.10083190502033	-0.143673065187943	-0.0436326397555813	-0.594181207656047	0.841659436505369	0.580167441654782
TCGA-EM-A2CS-01	0.479926100520387	0.385700567854307	-0.192769937871167	-0.422098686410867	-0.077971606133117	-0.0361746603564209
TCGA-ET-A2MX-01	-1.1887009199661	-0.961063484286698	-0.174428945464659	-0.381321285732257	0.956000096628522	0.974844008104946
TCGA-DJ-A1QI-01	-0.489325174997269	-0.266973310315973	-0.139469371466831	-0.0664234930029176	-0.408274447170546	-0.403413181554057
TCGA-EL-A4KG-01	-1.14885893943983	-0.493693842005086	-0.108140605934916	-0.168574922757013	0.931797135624922	0.860928053305931
TCGA-EM-A4FH-01	1.89764120679545	-0.566359238292396	-0.231301850324478	0.0660392746143601	-0.643890106120863	-0.195091792751482
TCGA-ET-A3DS-01	0.0846847869523704	-0.567549839526092	-0.210228026281812	-0.210152881511365	-0.529863455057012	-0.259559180314437
TCGA-IM-A3U2-01	-1.10289932618781	0.0260618177213992	-0.284789064972316	-0.388995398148597	0.35555747234681	0.81985982135035
TCGA-DJ-A3VE-01	0.825679212904323	-0.0679384538994791	-0.180055227569547	-0.282816123771084	0.0628440939391838	-0.0639660248818718
TCGA-ET-A25O-01	-0.893273840659442	-1.33574394878055	-0.167602512615919	-0.188241588011426	-0.061721673777061	-0.0766529409269833
TCGA-BJ-A0ZG-01	1.38879136851853	0.552154437325238	-0.180055227569548	0.192006021692482	-0.588844065311937	-0.247148017700382
TCGA-FY-A40M-01	-0.119553508783658	-0.913147586750007	-0.174428945464659	-0.751734054071611	0.253021297864572	-0.689687442919811
TCGA-EL-A3CV-01	0.417491829984759	1.17773337831141	-0.0436326397555813	0.222128510719101	0.114994044771965	-0.365858886208087
TCGA-DJ-A2PU-01	1.54711377331806	0.161313010731672	-0.167602512615919	-0.349719984012469	-0.643421707613907	0.0778169483053742
TCGA-BJ-A3PU-01	-1.26868630613013	-0.717876923014321	-0.174428945464659	-0.460974186371042	1.41308733865928	0.637217107697861
TCGA-EM-A2OY-01	-0.259147812919333	-1.07842942096138	-0.251005110193146	-0.20149808593468	-0.19036265707966	-0.187560458740416
TCGA-EL-A3ZS-01	0.131598603440063	0.0188234999632438	-0.0436326397555812	-0.152128883942184	-0.27013793110728	0.219196957132855
TCGA-DJ-A3VK-01	1.82751833573873	-0.589269193753135	-0.251005110193146	-0.174217964249837	-0.441604830483199	-0.0716437503402339
TCGA-DJ-A4UQ-01	-0.102957349095438	0.217860162317964	-0.180055227569548	-0.302465990448374	0.26172753076232	0.36995010656285
TCGA-ET-A39J-01	1.87321547077324	0.244268006038576	-0.251005110193146	-0.0934515140002045	-0.263745765305047	0.423453351709556
TCGA-FY-A3ON-01	0.144156947126659	-0.409022068460092	-0.174428945464659	-0.263943907752388	-0.559064455175266	0.622133636098739
TCGA-ET-A3BX-01	-1.52110093335252	-1.02207182758499	-0.0966685758496602	-0.108004251655338	-0.506412928330766	0.728162933557844
TCGA-DJ-A13V-01	0.507904864428259	0.0544990456766836	-0.291410910609635	-0.348733714475983	0.241708470975485	-0.373508151738178
TCGA-E3-A3E2-01	0.156091239761666	-0.105151896435937	0.367597867509082	-0.405831507603892	-0.129840794780389	-0.0347836890981535
TCGA-BJ-A190-01	0.0274944226104191	-1.00100246011895	-0.210228026281812	0.0867610395661721	0.155948437231524	-0.372885273662201
TCGA-DJ-A2Q4-01	-0.533409556143497	-0.70716743103529	-0.180055227569547	-0.095440204500062	-0.202392279167453	0.455552156275374
TCGA-J8-A3O0-01	0.317309089682824	-0.532728834062272	-0.180055227569548	-0.196507006586303	-0.184291598200028	-0.0717767452880971
TCGA-FY-A3TY-01	0.333460803901027	2.18710741007486	-0.108140605934915	-0.153676115404008	0.343530712012714	-0.00321073070102024
TCGA-KS-A41I-11	-0.566417751647063	0.786132342107353	-0.0344622758398152	-0.432594523220374	-0.431057964355714	-0.617982532684181
TCGA-E8-A44K-01	-0.767098428618098	0.218959169235877	-0.164453199723673	-0.423423663591934	0.327022178552658	0.401502043805271
TCGA-ET-A3DW-11	-0.756539919527824	-0.302709872067574	-0.174428945464659	0.195171777016719	-0.180101187571479	0.66043014522857
TCGA-FK-A4UB-01	0.681727589157053	-0.248930782396447	-0.243751721994425	-0.647267933456044	-0.169782168357614	-0.0550567767071131
TCGA-BJ-A2NA-01	-0.331608238988056	-0.475534897515921	-0.174428945464658	0.0973754912108002	0.655657569875552	0.657609258993173
TCGA-EL-A3CW-01	-0.225818494987326	1.04855235233798	0.0649009094449045	5.49820573767713	-0.157214235067707	-0.151657658201773
TCGA-CE-A484-01	1.51079053611864	0.0190220684503686	-0.192769937871168	-0.460036439844472	-0.150637262278434	-0.562399524661865
TCGA-EL-A3ZL-11	-0.605328010099522	0.414691897992901	-0.174428945464659	0.474949171438266	-0.0114669242646249	-0.692957783544224
TCGA-EL-A4JV-01	1.72200289549945	-0.381962915683546	-0.260176785125746	-0.608372888171371	-0.699219254685257	-0.163909170358805
TCGA-E3-A3DZ-01	1.24778324057694	-0.559721208547743	-0.210228026281812	-0.0573045339487062	-0.362143063569444	-0.388980622576278
TCGA-ET-A25L-01	-0.395294485145272	0.683003018982317	-0.134524765311273	-0.677041392859688	-0.632951465837136	0.515049858407487
TCGA-E8-A416-01	-0.0441668887408896	1.01094806907434	-0.215671650334714	0.0751040587820486	0.403733824062478	-0.344194350177796
TCGA-FE-A231-01	-1.25415876115196	-1.40434206582047	0.101707317599145	0.132250397791304	0.445323961640382	-0.442821317307321
TCGA-DJ-A3VG-01	1.67460549203004	-0.345165120007022	-0.210228026281812	0.00128105631161195	-0.49458776322035	-0.146220592188093
TCGA-EL-A3MX-11	0.338955422949871	0.842029032128906	-0.210228026281812	3.56990618436429	0.250959693934548	-0.167341061260149
TCGA-DJ-A13O-01	-1.07321987535874	-0.0812430836111091	-0.139469266587255	-0.104343446793927	0.793414194740109	0.709646841481164
TCGA-IM-A3EB-01	-1.38689753583336	-0.656057237866051	-0.0518389660333128	-0.190373799232513	0.644038397746641	1.08020656191253
TCGA-EM-A3O7-01	0.380878788758421	-0.872900084814201	-0.174428945464658	-0.213688752644883	-0.523389291968015	-0.34803261164426
TCGA-BJ-A28R-11	-0.14194837481426	1.05179290087862	0.221095484302668	0.322050285470671	-0.478446287917712	-0.196075606660886
TCGA-BJ-A0ZE-01	0.403660566104533	-0.853224900652521	-0.192769937871168	-0.335102650269619	-0.128487047312213	0.146107427757574
TCGA-FY-A3NP-01	0.302418133396221	-0.818406648587476	-0.180055227569548	-0.055544054774771	-0.320317392153563	-0.262387143089338
TCGA-DJ-A3UQ-01	-0.983028536513898	0.464430607312474	-0.167602512615919	-0.439460535031013	-0.609828362179814	0.626767186013327
TCGA-FY-A3BL-01	-1.28798207432264	-1.28233954653821	-0.180055227569548	-0.262627484146006	-0.206964873518496	0.459664715695818
TCGA-ET-A39I-01	0.615564267725352	-0.791920284353912	-0.192769937871168	0.0856415711035708	-0.362150284995561	-0.0837347819358589
TCGA-EM-A1CS-11	-0.592814140387425	0.0485838621586837	-0.180055227569548	0.351670295839296	-0.430351395812126	0.047764427473774
TCGA-EM-A2CT-01	0.433295962275869	-0.603775275134587	-0.192769937871166	-0.0790751072234202	-0.701191492892899	-0.231959204744161
TCGA-KS-A4I3-01	0.095743000619178	-0.159830949801674	-0.251005110193146	-0.283573999645679	0.212079820943096	0.380523082843094
TCGA-FY-A76V-01	1.28854502357844	-0.385556264639308	-0.14170826860263	-0.37128119666096	-0.606381166293089	-0.19316563718422
TCGA-FE-A3PA-01	0.884408080424364	-0.0865353458187887	-0.210228026281812	-0.621074229877515	-0.24023926919399	0.218728620530985
TCGA-EM-A3FK-01	-0.441255759240246	-0.973321356080145	-0.167602512615919	0.057410869295677	-0.276809826016738	0.379888247838128
TCGA-BJ-A4O9-01	-0.524025421455665	-1.16099061512308	-0.210228026281812	-0.0188630444845828	-0.581993471700537	-0.267310982684682
TCGA-L6-A4EU-01	-1.11263383413496	0.321827682598849	-0.180055227569547	-0.410951400928194	0.378252719271236	0.755223378163304
TCGA-EM-A1YE-01	0.85676873137282	-0.281625768744565	-0.314556881838102	-0.142051780419704	-0.402692954293506	-0.250867731236722
TCGA-ET-A25N-01	-0.0538728300757863	-0.895731946796466	-0.126474515471673	-0.286890776825502	-0.483182022705405	0.588638367723639
TCGA-EL-A4KD-01	3.12142981390913	-0.263922828892609	-0.192769937871168	-0.159403361114885	-0.24718469041403	-0.228370989779553
TCGA-EM-A2CQ-01	0.679932810444001	-0.649125347196787	-0.192769937871168	0.0690016072226413	-0.444426857047393	-0.311571131870435
TCGA-EL-A3TB-11	0.2156754253361	1.21469347926347	-0.196503344569644	0.912655899738618	0.0452861028019124	-0.351871541071513
TCGA-EM-A3FQ-01	-0.903042054945307	0.165978703144692	-0.0966685758496602	-0.158337916761023	0.112437298136045	1.13453340314837
TCGA-DJ-A2PY-01	-0.834109637580521	0.23653976310194	-0.108140605934916	-0.126516559568762	-0.656700637481722	-0.14048856951725
TCGA-DE-A4MB-01	-0.643353886148946	0.255471581867532	-0.132154357560968	0.150880529279819	1.40418633473823	-0.0766688037855008
TCGA-DJ-A4V5-01	0.284123031793966	-0.0575669493463858	-0.132154357560968	-0.406025221283635	-0.721656055606659	0.916874163756999
TCGA-BJ-A0ZH-01	0.644755926185232	-0.409757220365403	-0.167602512615919	-0.26797884863493	0.230915797717939	0.571195699571158
TCGA-FY-A3NM-01	0.56266929491356	-0.848571243631367	-0.210228026281812	-0.0327356696860082	-0.444883939190294	-0.236505204722379
TCGA-EL-A3H2-01	0.959297217438692	-0.792971567665454	-0.180055227569548	-0.0701035848194348	-0.676028439931655	0.00696563297880765
TCGA-BJ-A28W-11	0.554231635288216	-0.60415082819568	-0.0344622758397298	-0.460974186371042	0.427830296906485	-0.059373664373357
TCGA-FE-A233-01	-0.426380232521397	-1.13561320332612	-0.180055227569547	-0.267796285515792	0.0957154804438401	0.709661297066758
TCGA-EL-A3D1-01	0.517053188916234	-0.181711767781002	-0.164453199723673	-0.202648250236634	-0.0835879061980358	0.807099973570713
TCGA-DE-A4MD-01	-1.49805533065258	-1.501517437136	-0.192769937871163	0.0806009158428262	0.672127383151304	0.0155915985988323
TCGA-EL-A3ZO-01	-1.18077185741456	0.669513289331389	-0.09666857584966	-0.142785715469364	-0.478469467704507	0.581489508780765
TCGA-MK-A84Z-01	3.15185389287586	-0.340064566933107	-0.210228026281812	0.138051565780962	-0.809293927957213	-0.0405458055889311
TCGA-KS-A41J-11	-0.0792348400865571	0.518783016073448	-0.174428945464658	0.0495160065978495	0.414252083269201	-0.204236592833648
TCGA-EM-A1YC-11	1.65315345715192	1.99503689497157	-0.180055227569548	0.235412961028954	0.43645675911094	-0.0931418504745274
TCGA-ET-A39M-01	0.476750518417527	0.285218638812426	0.264873766971405	-0.699451950799684	-0.486287439852993	0.260997999532784
TCGA-EL-A3GV-01	-0.218005653575748	-0.151693892021174	-0.0966685758496602	-0.529225916638131	-0.12440067758787	0.0654304494020045
TCGA-BJ-A3PR-01	-0.290594210008557	0.127959232104437	1.94198138254672	-0.449910776826627	-0.0512571818604917	0.241225285045091
TCGA-EL-A3MX-01	-1.52110093335252	-0.594922085296641	-0.167602512615919	-0.337024247044949	0.123178114383853	0.304490227764677
TCGA-EL-A3T3-01	-0.255305799625474	-0.541929745609729	-0.167602512615919	-0.3613347949644	0.025045144381456	0.571730002065635
TCGA-DJ-A4UL-01	0.219616456695259	-0.287859946409477	-0.167602512615919	-0.758295554586881	0.829941411568943	-0.100881515785645
TCGA-FE-A232-01	-0.444439174048656	-0.558598412378912	-0.108140605934916	-0.396984213865367	0.619324486992968	1.04730826276105
TCGA-DJ-A2PV-01	1.81550547473775	0.908435697851754	-0.167602512615918	0.104603323180167	-0.665480470055464	-0.428010991531279
TCGA-DJ-A3V6-01	-0.495621442345637	0.0363632133193689	-0.164453199723673	-0.411873263542727	-0.227325089401473	0.526620183311884
TCGA-DJ-A3V8-01	-0.866333187097343	-0.630305692439714	-0.192769937871168	-0.334794191419927	-0.250431903166845	0.394022227639315
TCGA-EL-A3T2-11	-0.0394867116330628	0.406590894842698	-0.210228026281812	0.376935437781413	-0.164024669132316	-0.258741951803343
TCGA-EM-A3AR-01	-0.370485922240671	0.671458572433161	-0.192769937871168	0.162200491163691	0.333076319944593	-0.0271006732480863
TCGA-BJ-A4O8-01	-0.0824384491833467	0.773408741282992	-0.0436326397555813	-0.783043226814175	-0.647862061133616	0.46152373497487
TCGA-EM-A3AK-01	1.68048242538203	-0.159777841607141	-0.164453199723672	0.0973189150616948	-0.0190128787308877	-0.143656742814672
TCGA-KS-A41L-11	-0.246004540848256	0.605167932697345	-0.237130462156448	0.038069821345332	0.650985795290424	0.0853657591003295
TCGA-DE-A4MA-01	-1.06853828351204	-0.529262377299653	-0.108140605934917	-0.81312280740704	1.27038370816467	0.565365693599412
TCGA-FE-A238-01	-0.0611566357970372	-0.726924820928076	-0.164453199723673	-0.288122285938374	0.731602691853273	1.14313357218235
TCGA-ET-A3DO-01	-1.15842224600747	-0.0242304395588431	-0.0344622758397794	-0.260370089897856	0.552977681130376	0.446238866069815
TCGA-EL-A3T0-11	1.04496409356901	0.742969208092511	-0.174428945464658	0.271165362871715	-0.607751559441797	0.255856237242572
TCGA-IM-A41Z-01	0.613177706319778	-0.873890386679955	-0.139469791921336	-0.452259145365672	-0.351091097958232	0.511499842940387
TCGA-DJ-A3UO-01	-0.635028582251735	-0.338362756583334	-0.164453199723673	-0.45873447383908	0.171796539909464	0.0475217557524943
TCGA-FE-A3PC-01	0.398624532414214	-0.228050252381295	-0.157546629101246	0.00245682812101429	0.392210898583167	0.815124714866101
TCGA-ET-A39T-01	-1.07248006088133	-1.32229108215581	-0.180055227569548	-0.0864531231937078	-0.552794666306004	0.310453682663389
TCGA-DJ-A3UP-01	0.131583515198867	-0.950446627603676	-0.180055227569548	-0.343120941199763	-0.476657954233836	-0.149424370356074
TCGA-ET-A3DU-01	-0.794056611920521	0.356741907033074	0.175319895188763	-0.604265038162333	0.123067250382906	0.989822225138801
TCGA-EM-A1CS-01	0.168505737446121	-0.26044654248304	-0.174428945464659	-0.453482963428766	-0.563840100588272	-0.39975246497473
TCGA-EM-A4FM-01	-1.24940583407347	0.581351504772898	-0.192769937871168	-0.760683838038188	-0.863256351930651	0.0615941602193937
TCGA-EL-A3ZG-01	0.542188032852035	-0.563657139045441	-0.251005110193146	-0.0329113253537561	-0.371433319365464	0.0705715995296899
TCGA-DO-A1K0-01	-0.0969513320282476	-0.611714033972121	-0.174428945464659	-0.379046286615071	0.136429578333851	-0.411546070643426
TCGA-DJ-A3V5-01	-1.22945096349842	0.545819103251894	-0.210228026281812	-0.269908299689344	-0.218899434290168	0.47233401206612
TCGA-EM-A2CP-01	0.865810214432478	-0.733603495442096	0.653987889819412	-0.574888001429187	-0.766968233309831	-0.218472705924567
TCGA-EL-A3D4-01	2.38174043298402	0.225523052092894	-0.307075854306458	0.513943877253439	-0.770370435852312	-0.402679304868125
TCGA-BJ-A192-01	-0.376783221688538	-0.812786913401713	-0.167602512615919	-0.0900357394359209	-0.3138508922665	0.218818322262219
TCGA-EL-A4K7-01	-1.07346829641633	-0.389253611636958	-0.192769937871168	-0.549459712969125	1.43776439260316	0.673458089790746
TCGA-EL-A3H8-01	-0.470157499571832	-0.451947830564103	-0.180055227569548	-0.123697452774876	0.163487875377489	0.239133600656203
TCGA-DJ-A4V0-01	0.350190710584093	0.842515723032498	-0.0134077647831556	-0.449336179053365	-0.58408424902848	0.365612531025566
TCGA-EL-A3ZK-11	-0.0591521851674546	0.36362479241518	-0.0849735763594151	-0.276862066207663	0.287836071220577	0.397147409066409
TCGA-EL-A3CS-01	-0.636861060097188	-0.211329291035935	-0.230179623153169	0.103896353271164	0.4435121555482	-0.122483836686125
TCGA-BJ-A3PT-01	1.29593731430622	0.462361940733771	-0.164453199723672	-0.561333561180536	-0.247171866155147	-0.0980620041228657
TCGA-ET-A40S-01	-0.922095108246883	-0.438161967505681	-0.0779335213771487	-0.517391044507841	1.05148169089846	0.17452781108786
TCGA-ET-A40R-01	1.00619594179131	-0.224545333330201	-0.167602512615919	-0.116087582618615	-0.169836881316353	0.311687355940886
TCGA-DJ-A1QD-01	-0.851859092196875	-0.404118410114465	-0.167602512615919	-0.0362480912772917	-0.210904656760677	0.263340311484744
TCGA-EM-A3OA-01	0.817085099723237	-0.801582234055457	-0.210228026281812	-0.191530304477699	-0.510783144450705	0.45903296158773
TCGA-ET-A3DV-01	-0.369050087361014	-1.11442755847227	-0.251005110193146	-0.140293785195559	-0.115575176426362	0.0908482102300992
TCGA-DJ-A2Q6-01	0.20720072452499	0.769207555439473	-0.167602512615919	-0.175793644131914	-0.0871281992621623	-0.400578231963073
TCGA-FY-A3TY-11	-0.302721545898916	0.75307332944268	-0.210228026281812	0.415159343646773	0.459133052561689	-0.372167452018915
TCGA-DJ-A3VM-01	1.21724574125977	-0.446170991796393	-0.192769937871166	-0.159681145003737	-0.492927646180843	0.394706791189043
TCGA-EL-A3MY-11	-0.0347530181875693	0.810604854939775	-0.174428945464659	0.60457526573825	-0.1694343371704	-0.192043220366169
TCGA-E8-A434-01	-0.553406187109963	0.26600728537713	-0.319732104364203	-0.147214294647128	0.222628342183661	0.470063560083079
TCGA-ET-A25G-01	-1.52110093335252	-0.220793138842608	-0.164453199723673	-0.149856427862384	0.625150380176551	1.3112294326675
TCGA-EM-A3FN-01	2.34655069382403	-0.784128152772636	-0.19276993787116	-0.104903412723441	-0.307888724631808	-0.292767060650491
TCGA-EM-A2P3-01	-0.914816923659185	0.4348839210771	-0.180055227569548	-0.310087265410519	-0.566599096686087	0.199503727213519
TCGA-IM-A3U3-01	-0.731326740027043	-0.472056986666228	-0.139469024807795	-0.390252718750469	0.643441029389949	0.170877801439917
TCGA-ET-A3BS-01	-0.810449695138435	-0.703529251682928	0.567465979012182	-0.269370097893618	-0.5174345856433	-0.906697062950143
TCGA-FY-A3R9-01	0.408783391615261	-0.621920587170105	-0.192769937871168	-0.0920560995891388	-0.286519454880493	-0.349862690253503
TCGA-KS-A41L-01	1.30796157377909	-0.720411494993233	-0.192769937871167	-0.16926398698118	-0.254656839308797	0.0518472472955595
TCGA-BJ-A3PR-11	-0.100780795285177	0.391834918656175	0.245233301944264	-0.460974186371042	-0.134132881670474	0.443634749881976
TCGA-EL-A3ZL-01	1.76220883708905	0.651680036134767	-0.210228026281812	-0.777975274822173	-0.639184395459684	-0.242435177929518
TCGA-EM-A22O-01	-0.467992183599495	-1.13035667717741	-0.176655808402621	-0.362596911857758	-0.471812124312643	-0.0153524391006262
TCGA-EL-A3H2-11	-0.421099283249131	-0.142143224678326	-0.167602512615919	0.471857257514634	-0.52711529134887	0.113673151984449
TCGA-ET-A2MY-01	-0.938791331441933	-0.701792797387144	-0.132154357560968	-0.130449435214658	0.391976638949141	0.4173678164749
TCGA-ET-A3DW-01	-1.52110093335252	-1.41270969851875	-0.167602512615919	-0.241081680531696	0.0144093743692564	0.319220539225705
TCGA-EL-A4K6-01	-1.07796258968139	-1.11151326721635	-0.139469911464641	-0.76239446894606	-0.343785723968614	-0.595026859853253
TCGA-EL-A3H3-01	-0.998914906911329	-0.707774726092543	-0.108140605934917	-0.436686889958782	0.968372222901365	0.132751939518013
TCGA-ET-A3DP-11	-0.172605542607834	0.341185455570411	-0.174428945464659	0.653615664525125	0.188439404068843	-0.387437890546888
TCGA-EL-A3H1-11	-0.527706206968537	0.641074760429415	-0.17394358480391	-0.0843925093647136	-0.510927293302898	0.254939227054253
TCGA-DJ-A13P-01	1.88806310242861	-0.771695736424653	-0.180055227569548	-0.0163446425444824	0.377605055270301	-0.117111963225865
TCGA-EL-A3D0-01	0.341139214309692	0.57374083168072	-0.196839711141855	-0.324088125435924	-0.0739257403821302	-0.748175980582963
TCGA-L6-A4ET-01	0.113030559394351	-0.948793665967962	-0.192769937871168	-0.393997831039058	0.305953020893733	-0.406464186900287
TCGA-FY-A3W9-01	0.663308515952046	-0.690228448342342	-0.180055227569548	-0.783372772380607	-0.465858049272211	-0.184518103771584
TCGA-EM-A22K-01	1.61452128108704	-0.720508127787629	-0.192769937871168	-0.10565535334102	-0.571820378169933	-0.183778189573483
TCGA-BJ-A45C-01	0.292170554745584	0.0806642782601353	-0.269274299722289	-0.284788992625063	-0.374060437302822	-0.450313150119001
TCGA-BJ-A3PU-11	0.197942207223742	0.25672300195724	-0.210228026281812	0.495808803302707	0.199123497052573	0.115944325490572
TCGA-H2-A421-01	-0.147881885796872	0.0979835983395795	-0.0948970871873106	-0.738204575678264	0.45246827605862	0.344110723824938
TCGA-ET-A39R-01	-0.0842559859748194	-0.228272335174418	-0.132154357560968	-0.329913640464698	-0.0519591396146927	0.489116331149169
TCGA-J8-A42S-01	0.27603206440571	0.0836834056614141	-0.290124859996517	-0.190117512032479	0.347211276974939	0.364356071384649
TCGA-DJ-A3UZ-01	-0.0694892346428692	-0.0470166772966052	-0.177432637227534	-0.0969330475362673	-0.0474512671720383	-0.15514432157892
TCGA-DJ-A4UW-01	1.38033431893959	1.8106335950102	-0.192769937871167	-0.321947635851213	0.0669900907730145	0.24861490707257
TCGA-DO-A2HM-01	-0.204333793201939	-0.0310497553915857	1.88420039590252	-0.334645567418	-0.890521763073405	0.00139809098323257
TCGA-KS-A41F-01	-0.0626445215777802	-0.524205287369752	-0.251005110193146	-0.460974186371042	0.868066017601907	-0.190766903098273
TCGA-E8-A2JQ-11	-0.738487417933504	0.353673251389608	1.12268267141423	0.00529753114416755	-0.644884252264993	-0.15555580199116
TCGA-EL-A3T1-01	-1.13641432209538	-0.248349156451138	-0.108140605934917	-0.473528406836504	0.485027950676593	0.111097923242162
TCGA-ET-A39S-01	1.13091246993105	0.213396446096396	-0.210228026281812	-0.091662358842609	-0.232126298349056	0.365985224502569
TCGA-DJ-A3VB-01	-0.933176868454601	-0.4570720047689	-0.12584153132935	-0.387517133333702	1.11324268595987	0.784499436133406
TCGA-L6-A4EQ-01	0.0989886855764345	-0.86698829200681	-0.210228026281812	-0.844941930750961	-0.456798082896895	0.0235090182047537
TCGA-EL-A3ZT-11	-0.172827483165669	0.449972513225063	-0.210228026281812	0.158643845987824	0.595619754761311	-0.344691034655218
TCGA-E8-A414-01	0.0136657045938221	1.03273915936924	-0.164453199723672	-0.269754119875061	-0.0647303007747992	0.470011231927506
TCGA-EL-A3GO-01	2.10152150091687	-0.746484504782012	-0.210228026281812	0.351352053113845	-0.696654545434271	-0.158093452816728
TCGA-ET-A25K-01	2.14736270740334	0.0285459079704198	-0.242532566366883	-0.159753393981732	0.372826818532009	0.485626652662733
TCGA-J8-A4HW-01	0.240089403414776	-0.381567611716143	-0.210228026281812	-0.193516124138117	0.193385271273104	0.397411532155384
TCGA-DJ-A3VJ-01	0.726078479974017	-0.0844758132984841	-0.174428945464659	-0.217171234137843	0.164170119539243	0.684916050772051
TCGA-CE-A3MD-01	1.47243881256502	0.135037688197895	-0.237481279718664	-0.527829178415465	-0.147647100909683	0.0682359640578043
TCGA-DJ-A13L-01	-0.808234990635823	0.67376989357439	-0.0966685758496598	-0.489173367044696	-0.452008742622557	0.0670045887991838
TCGA-EM-A3AP-01	1.00978207608116	-0.719600674123056	-0.174428945464659	0.67218238786868	-0.249593633445991	-0.53591269565178
TCGA-EM-A3ST-01	0.359921662175001	-0.791846824140106	-0.251005110193146	-0.665121540778451	-0.294909481956639	-0.333782709213672
TCGA-GE-A2C6-01	-0.654115298148215	0.514791031816118	-0.166841882105655	6.17937554110119	-0.713653488921133	-0.322735016787087
TCGA-BJ-A0Z3-01	-0.177210137771078	-0.0845877475210694	-0.0436326397555803	-0.258317659873203	-0.590876780378028	-0.196820772869595
TCGA-DJ-A3V2-01	-0.0348977824075462	-0.459393215148705	0.253048903575831	-0.447113809436255	-0.12925418367778	0.0775575634351562
TCGA-EM-A4FV-01	0.897891923737435	-0.102043291629879	-0.0966685758496599	-0.675156542552125	-0.137786601542991	-0.120047590178742
TCGA-EL-A3N3-01	-1.00778384616189	-0.0795896370211148	-0.0344622758398152	-0.302414302162645	0.479757752492314	0.132411157931623
TCGA-FK-A3S3-01	1.19710525828613	-0.245154047170324	-0.210228026281812	-0.295796937828818	-0.584236390400332	-0.293412750734021
TCGA-EM-A2OX-01	0.879240306957869	0.357126859730729	-0.174428945464659	-0.283555944502909	-0.0213952170875563	-0.390153244525654
TCGA-BJ-A0ZA-01	0.524608012635536	-0.821712713990444	-0.167602512615919	-0.0116114057801002	-0.402955192759078	-0.216700763154651
TCGA-BJ-A45D-01	2.10386327382937	-0.464277063367115	-0.167602512615919	-0.306747751213283	-0.319223203653925	0.0860481460391333
TCGA-EL-A3MW-11	-0.76289989183563	1.56971759174957	-0.210228026281812	1.15778956396211	-0.717011618372429	-0.184255184333725
TCGA-DE-A4M9-01	-0.892269627163869	-0.809778131266491	-0.180055227569548	-0.354404761021637	-0.222582235887069	0.212565181702076
TCGA-EM-A4FK-01	0.729399820527949	-0.786025008944537	-0.246077905736621	-0.23174678961188	-0.562781813228976	0.182500142936752
TCGA-DJ-A3V9-01	0.471420365091656	-0.124496764064854	-0.162182568113868	-0.184934860434802	-0.344450840052175	0.295265054556459
TCGA-BJ-A28T-01	0.277468683066838	1.21676775761962	0.235283046960355	-0.258720343269306	-0.516456651264428	0.445004015284042
TCGA-DO-A1JZ-11	0.136686004504311	-0.50893959416275	-0.174428945464659	0.0433366366938362	-0.698599907141934	0.152612102256235
TCGA-EM-A2P0-01	-0.0210886721934991	-0.552855278132954	-0.180055227569548	0.0482978264958654	-0.617774203129584	0.18276848701719
TCGA-EM-A3ST-11	0.0107236627985921	0.205164961636171	-0.218944387785147	0.307245211374433	0.111426005354333	0.496992401333124
TCGA-DJ-A2PO-01	0.374434416661601	-0.27320388805609	-0.108140605934916	-0.541568677033763	-0.185990918474548	-0.245214637466917
TCGA-EL-A3N3-11	-0.770117626616787	0.317293936003626	-0.0344622758397696	-0.260641196265899	-0.0486961114125179	-0.447008517749693
TCGA-J8-A3O1-01	-1.52110093335252	-1.25874257772859	-0.210228026281812	-0.104777600078806	0.211446912067719	-0.546778490864863
TCGA-EM-A3FR-01	-0.193383053950919	-0.229317179859597	-0.198979156967205	-0.0242469459732992	0.248610005232796	-0.136880059592467
TCGA-DE-A7U5-01	-1.1682548834566	0.562558392519765	-0.0966685758496602	-0.22760420573249	0.267680926874671	0.773993562272487
TCGA-ET-A3DP-01	-0.436853321176157	-0.400619275854515	-0.108140605934916	-0.207995637154418	-0.660504892056577	0.215656259969843
TCGA-EL-A3GX-01	-1.41173880451846	-1.09379997921063	0.185068305408901	-0.278688219054127	0.872323703158165	0.0421612859359202
TCGA-BJ-A0Z5-01	-0.0676150521320433	-0.85683222127525	-0.174428945464658	-0.242168228383789	0.0577698726678204	0.629382788059687
TCGA-EL-A3H4-01	-1.0967742771638	-0.67436734164057	-0.174428945464659	-0.16554543488852	0.109183767383478	0.608906820534853
TCGA-EM-A3OB-01	0.339611497298959	-0.615238480321765	-0.192769937871168	-0.340045712395492	-0.197979424287205	-0.147700703248899
TCGA-ET-A3DQ-01	0.295856094636503	0.619069913613599	-0.164453199723672	0.0256320575152042	-0.719178583493564	-0.665005810201937
TCGA-BJ-A290-11	-0.368990545642362	1.03612573726458	-0.180055227569548	1.01302951967679	-0.271632211976214	-0.371742921579079
TCGA-DJ-A3V3-01	1.19319920247305	-0.297734747191289	-0.156435548810096	-0.289984483519585	0.161312516842277	0.334114223446998
TCGA-EL-A4KI-01	0.716058569300976	-0.371529482240207	-0.219413445398474	-0.463904454433251	-0.406093957565787	-0.446120932103548
TCGA-E8-A242-01	-1.23085021342151	0.633518062687806	-0.0135389316774748	-0.266727907257287	0.379663527301272	0.35134577497597
TCGA-DJ-A13T-01	0.44348593012632	-0.764923716835795	-0.164453199723673	-0.189907094629749	-0.285658984671065	-0.00205428905662647
TCGA-DJ-A3V7-01	-0.984910497625889	-1.28702622317756	-0.164453199723673	-0.250972449306373	0.663343935400613	-0.0822954103033314
TCGA-KS-A4I9-01	-0.494726933733355	-0.527157362175918	-0.167602512615919	-0.290043958050448	0.686623062206902	-0.0726536114328206
TCGA-FY-A40N-01	-0.861923253865518	-0.72483131827923	-0.132154357560968	-0.187929960512776	-0.40206902685115	-0.0714126048794228
TCGA-QD-A8IV-01	0.558519497560777	-0.717229412047588	-0.180055227569548	-0.158923262657365	-0.241726113550891	-0.346093287921696
TCGA-EL-A3GS-01	-1.34642774020816	-1.24545632377216	-0.167602512615919	-0.0137502005492028	-0.407625585041181	0.329115641094414
TCGA-EM-A4G1-01	-0.511939986816371	-1.17464370278097	-0.180055227569548	-0.360744985178987	-0.409525282425117	0.00149357201321432
TCGA-EM-A3FO-01	-1.52110093335252	-1.00546564809817	-0.132154357560968	-0.228259027663603	-0.256789532723445	0.677445914358999
TCGA-DJ-A1QH-01	-1.49220961385949	0.182962284193029	-0.144731644306498	-0.24551752645248	-0.791913904429287	-0.1622895272682
TCGA-IM-A420-01	-0.957998556182345	-0.252865728123338	-0.0436326397555794	-0.416440228444669	0.843152790538646	0.498488515185523
TCGA-FY-A4B0-01	0.56280575379259	-0.261470409768007	-0.180055227569548	0.0782598312763943	-0.335864883807623	0.0179143035881034
TCGA-BJ-A0ZC-01	0.832177291109521	-0.776683582760362	-0.222362099429588	0.465729090336569	-0.528205801788714	-0.427519734866953
TCGA-ET-A39L-01	2.159905400363	-0.537172896811302	-0.174428945464658	-0.109379577765605	-0.362078598867908	0.208644844570737
TCGA-DE-A69J-01	-0.888966120902983	-0.437498428896539	-0.192769937871168	-0.30758210889829	-0.157233350900531	0.210708799001072
TCGA-EL-A3MY-01	-1.3710115726088	0.867686212761457	-0.132154357560968	-0.127677603655702	0.257581061855945	0.480439009672991
TCGA-FE-A237-01	-0.0560771942622384	0.115499152183355	-0.180055227569548	-0.416348373970652	-0.247456053847148	0.485163226928153
TCGA-DJ-A3UV-01	0.591908170016108	0.717537241561499	-0.192769937871168	-0.246081566884873	0.109925568642235	0.382597253551641
TCGA-DJ-A4UP-01	0.481536688047198	0.7075988795274	-0.0344622758397889	-0.398695253844534	-0.193594896252666	0.146325629791241
TCGA-EM-A3SX-01	2.25036867478489	-0.570471525461347	-0.174428945464659	-0.231160112642833	-0.771427406849233	0.0770725404867492
TCGA-EL-A3T8-11	-0.554268426340545	0.724274789446537	-0.241468843951306	-0.0460953883245884	-0.314793721660893	-0.322997810988517
TCGA-BJ-A2NA-11	0.250201511764855	0.567897664087943	-0.0436326397555805	0.491867548663486	-0.0221845961732711	-0.0149600452757395
TCGA-EL-A3ZP-01	0.269251300743006	0.10035859797481	-0.164453199723673	-0.761253380174733	0.0796575680674336	0.910655240992238
TCGA-EM-A1CV-11	-1.09775711573622	-0.148197207952335	-0.192769937871163	0.360581034906189	-0.426993878306481	-0.324522712932115
TCGA-EM-A1CT-01	-0.837486752905043	-0.629040583670453	-0.108140605934916	-0.371781509268474	-0.174559834879488	-0.163785917764468
TCGA-MK-A4N6-01	-1.31889866346333	-0.204187720239277	-0.0436326397555812	-0.207147149462489	-0.163635644066585	0.638930045015511
TCGA-EM-A3O6-01	3.07397591212306	-0.775716922832532	-0.247503765003145	0.499741696794826	-0.512973520578935	-0.336843017259318
TCGA-J8-A3YF-01	-0.287483347224729	-0.272494761648558	-0.132154357560968	-0.284033125798902	0.251813597623499	0.658730629958584
TCGA-EM-A1CW-11	-1.44507773449098	-0.432451478634852	-0.207003935257482	0.463431251078257	-0.473792783579829	-0.605951439734774
TCGA-EL-A4K4-01	-1.20066762366691	0.47052425114789	-0.0894451591830547	-0.0472809173561128	-0.788432494371117	-0.0980330407728657
TCGA-EL-A3CU-01	-0.738025970238146	1.17763290731502	-0.0436326397555798	-0.400401971582004	-0.421816926339888	-0.170374474042293
TCGA-EL-A3N2-11	0.0375966448553427	0.737087276224108	-0.210228026281812	0.339088538386148	0.487234146188732	-0.537068068165467
TCGA-EL-A4K1-01	1.19668152018216	0.651420193072428	-0.210228026281812	-0.0154845874883314	0.307932163990326	0.56772268253256
TCGA-EM-A3AJ-01	1.38645790397159	-0.29514251636044	0.0280405774859764	-0.0579104718853756	-0.322157567889566	-0.225970611800121
TCGA-EL-A3T3-11	-0.551592547612221	0.538697512930909	-0.19430503606619	0.201090971037445	0.109926840507181	-0.0695546200192459
TCGA-J8-A3YH-01	0.867604025369703	-0.0992661279631859	-0.215003007337858	-0.368027650086836	-0.439318097264027	-0.390484027830673
TCGA-EL-A3ZM-01	-1.20731916436082	0.362373345184676	-0.144517765170305	-0.256940161062148	0.266805293033897	-0.167301972791668
TCGA-DJ-A3UK-01	1.00643419657257	-0.363696483784475	-0.180055227569548	-0.315398281949554	-0.567483121151545	-0.301513780551785
TCGA-DJ-A3V4-01	-0.530433600286874	-0.310479534986997	-0.210228026281812	-0.195310356622803	0.473916630721513	0.177495381272285
TCGA-FY-A2QD-01	-1.07599720710368	-1.24765890222588	-0.174428945464658	0.358422610812334	-0.633705544957027	-0.34072273220344
TCGA-E8-A418-01	-1.31491588028185	-1.48036039108772	-0.0344622758396143	-0.190996508205563	0.566910405941712	0.675527402673997
TCGA-EM-A4FN-01	-0.239355265201033	-0.652747449631065	-0.132154357560968	-0.460974186371042	1.00577698547717	0.3228426495679
TCGA-E8-A2JQ-01	-0.883728018409531	0.403112779134869	0.0493523114751803	-0.558062978531359	-0.12811836088839	0.73931146003139
TCGA-BJ-A45K-01	3.22642908944616	-0.451301600333748	-0.210228026281812	-0.441434757224822	-0.416144122890949	-0.160910450111857
TCGA-KS-A4I1-01	-1.33827702977422	-0.650753960026194	-0.139469779764475	-0.785195163442015	0.336306064375764	0.0172651639151727
TCGA-KS-A4IB-01	-0.673855694650302	-1.25612754640242	-0.180055227569548	-0.247589922705733	0.00848118054382934	-0.778213936122227
TCGA-EM-A3SU-01	-1.05002773822476	-0.706418378110346	-0.0436326397555779	-0.35920938910335	1.14090497146448	0.37769925635879
TCGA-EM-A1YD-01	2.714700637108	0.878996384640443	-0.259279889611408	0.438681053060631	-0.790592370056903	-0.597158882674609
TCGA-E3-A3E3-01	-0.766305784847188	-0.697433764244045	-0.174428945464659	-0.301140227363847	0.115813845131475	0.229970656730139
TCGA-E8-A417-01	-1.03839356033423	-0.867022436219641	-0.0344622758398152	-0.235845733514119	0.00749482076713505	0.297997664882534
TCGA-BJ-A45G-01	1.07170288588033	-0.308838860345652	-0.192769937871168	-0.0920868581428752	-0.232919607949307	-0.159429654392049
TCGA-ET-A3BN-01	-1.20087488537043	-1.02300507008438	-0.174792828450527	-0.0841134372975135	-0.728871130436968	0.224611147468675
TCGA-EL-A3CN-01	-1.15918272476252	-0.331233199827141	-0.067963111735843	-0.292907702859237	0.247209302646012	0.37418749983663
TCGA-EM-A4FU-01	1.54250948505447	-0.313245596952151	-0.251005110193146	-0.124534556939314	-0.437949861834086	0.0471545016801351
TCGA-EL-A3CY-01	1.32488878099094	1.40922178807903	1.94282750420105	-0.460974186371042	-0.431066255435231	-0.440676166017786
TCGA-EL-A3ZR-11	0.0650731944274055	1.10377619012324	-0.167602512615919	0.220230398944137	0.222232244653295	-0.338221610298206
TCGA-EL-A3T7-11	-0.354528735500157	0.361965034392665	-0.174428945464659	0.11349806909077	0.425924268581777	-0.109318456361137
TCGA-DJ-A13W-01	3.61440218190534	-0.545658483228878	-0.192769937871168	-0.426188642583731	-0.357714000373882	-0.293945980143729
TCGA-EL-A3T8-01	1.48636503725438	-0.325139794592846	-0.180055227569547	-0.284253462800197	-0.545518189176351	0.547368544477617
TCGA-BJ-A28W-01	-0.056375231167002	0.390307483861113	3.20347948146635	-0.460974186371042	-0.919438424385567	-0.597262116487789
TCGA-EM-A22P-01	0.980824214052523	1.31640427475837	0.103234677618873	-0.267991632906989	-0.667191690661608	0.00335807599029267
TCGA-DJ-A3VL-01	0.782600063845811	0.00913827800329801	-0.108140605934917	-0.415816597277511	-0.370400894100234	0.0278225971084076
TCGA-DJ-A13R-01	-0.242542390263869	-0.463019150566044	0.183539568099163	-0.460974186371042	-0.0572641635390169	-0.409628928249697
TCGA-DJ-A2PP-01	0.950032270786898	-0.781061421963528	-0.248392881928262	-0.110632121391478	-0.564751923809142	0.10874140765651
TCGA-DJ-A3VI-01	-1.27826582018413	-1.24213842707819	-0.167602512615919	-0.179722377599157	0.468096960843766	0.216906593263013
TCGA-ET-A25I-01	1.82725235138593	-0.779817082531467	-0.164453199723672	-0.434913818842498	-0.566480318914756	-0.270875837523761
TCGA-FE-A3PB-01	-0.616053777661749	0.897142857713125	-0.180055227569548	-0.580700025804711	-0.704127085694202	-0.0883792832044528
TCGA-EM-A2CO-01	0.753586313189487	-0.754391761276186	-0.192769937871168	0.0804690077685465	-0.468399980836378	-0.0140761961931927
TCGA-BJ-A45I-01	0.157761386334076	0.487304636619447	-0.164453199723673	-0.554839654084673	-0.400843187570205	0.241236123771114
TCGA-DJ-A3VD-01	-0.771229443331594	0.858500641960527	0.775195751093164	-0.495397319680802	0.108008306163405	0.192164175185116
TCGA-E8-A437-01	0.783852754675465	0.260195159088034	-0.251005110193143	-0.622885487192885	0.306312445609485	0.541208882598875
TCGA-DJ-A3US-01	0.371525101248351	-0.410243310978125	-0.0966685758496602	-0.243344903955565	-0.182866455489553	-0.0246348192855204
TCGA-EM-A3FP-01	2.362796986786	-0.525360891437838	-0.164453199723673	-0.31941133255061	-0.573013842747898	-0.164336562527073
TCGA-CE-A483-01	-0.320627839498218	-0.968647896234694	-0.192769937871168	-0.112229560757255	0.285853671730776	-0.587569459874352
TCGA-EL-A3T2-01	0.0949257932507523	-0.962453746857831	-0.180055227569548	-0.291964646181354	-0.608062067175486	-0.111876803240561
TCGA-IM-A3ED-01	-0.601070102059763	-0.55700635047628	-0.034462275839805	-0.107282976470263	-0.711725692248106	0.636935572448703
TCGA-EM-A3O9-01	1.88335435257146	-0.773848018336868	-0.167602512615919	0.144702071472968	-0.694738733253814	-0.768382092815049
TCGA-BJ-A28Z-01	0.223449913433359	0.63643905152769	0.853969320045767	-0.398714082195687	-0.496575147170004	-0.190231447364166
TCGA-DE-A0XZ-01	-0.0413916075288984	-0.0283785962967873	-0.0966685758496601	-0.14454316981051	-0.486856993726712	-0.572670522695319
TCGA-EM-A4FF-01	-0.478843132855487	-0.181403593587012	-0.164453199723673	-0.396631256254157	0.416031890849793	-0.423152691574704
TCGA-EM-A22L-01	0.663291487825095	-0.772864325534132	-0.180055227569547	0.106453428896896	-0.697986758112716	-0.288914427028016
TCGA-CE-A3ME-01	-0.705856361217471	-0.781485260346692	-0.229262280849087	-0.254981421038111	-0.000595784792520678	-0.016623647800624
TCGA-EL-A3GY-01	-0.885285302301518	-0.635242132859971	-0.108140605934917	-0.221507778203074	0.55964118832101	0.797948285336963
TCGA-FE-A239-01	0.587000051031937	-0.760086920836314	-0.273271005515408	-0.215665809962103	-0.809322954366971	0.344573377972738
TCGA-BJ-A2N7-01	0.213090065839996	-0.463700058900407	-0.192769937871168	-0.217967350799895	-0.444056293672258	-0.0966116000482287
TCGA-EM-A2CN-01	-1.45103054730524	-1.18678974050162	-0.192769937871168	-0.397640942534561	-0.814116881956826	0.0945107551492625
TCGA-EL-A3ZH-01	-0.095774119676792	-1.06209348990959	-0.210228026281812	0.0742748846363033	-0.380523457812728	0.0601088423002564
TCGA-ET-A3BV-01	-1.52110093335252	0.949329449555379	-0.174428945464657	-0.818204448749948	-0.897846568345485	0.605805658242274
TCGA-EL-A3T6-11	-0.414004177474892	0.552067017704016	-0.09666857584966	-0.199670568119743	-0.23253702751475	0.00962708598467496
TCGA-IM-A41Y-01	-0.95522022685573	-0.831905122410115	-0.192769937871166	-0.337420420633506	0.907482183232896	0.443946630550535
TCGA-DJ-A3V0-01	0.240827230948013	0.730670725854579	-0.192769937871168	-0.239211683249102	0.148778231910708	0.564535162036009
TCGA-EM-A2CR-01	1.43172402083364	0.0370665912746241	-0.180055227569547	-0.773262560848193	-0.373408817406839	-0.310061966432017
TCGA-EM-A1CU-01	-0.237398627537888	-0.917239651476305	-0.167602512615919	-0.0948074096309632	-0.815607388987326	0.836990022837182
TCGA-BJ-A28R-01	-0.45944610163118	-0.674628473240981	-0.139468105725987	-0.352103307643814	0.087772546195159	0.0812957251038363
TCGA-DJ-A3UM-01	0.202061546516807	-0.107976959467217	-0.167602512615919	-0.311135449486267	0.154219318469799	0.457744545491438
TCGA-DJ-A2PZ-01	-0.695478541120417	-0.0424475012165843	-0.139469555405906	-0.320374143021168	0.0274216711007316	0.417986541243161
TCGA-DJ-A2PN-01	0.301918668054281	-0.490441196887959	-0.180055227569548	-0.153797540485621	0.0592100141363199	0.870422728760191
TCGA-DJ-A4V2-01	-1.14560468672762	-0.608396433169954	-0.167602512615919	-0.134361676116435	0.500305826842062	0.685232143618608
TCGA-DE-A4MC-01	-1.02594422457335	-0.525363664493397	-0.142146657666784	-0.267374576216402	0.474673615431957	-0.111741962198515
TCGA-BJ-A28V-01	1.26280428690113	-0.759325018190308	-0.192769937871167	-0.28285113607458	-0.310520045949032	-0.105344559964107
TCGA-EM-A22M-01	-0.288691667223085	0.234144898347342	0.421527197444339	-0.588931616091952	-0.332569997615078	-0.0743917595332078
TCGA-KS-A4ID-01	0.441661834302332	-0.351751347063791	-0.0436326397555808	-0.311467797651554	0.37202891852284	0.245665669306052
TCGA-DJ-A13U-01	-0.62574146244429	-0.865552001200822	-0.232192383208022	-0.177818470645887	0.0415845467591146	0.302631630426734
TCGA-FY-A4B4-01	-0.244402747904223	-0.496541252514101	-0.108140605934916	-0.229855223119645	0.316581089061979	0.719733073530024
TCGA-ET-A3BP-01	1.44162468053243	-0.766805502008799	-0.192769937871168	-0.256659301677716	-0.315427049362639	-0.505261827427668
TCGA-E8-A2EA-01	-1.00583578805982	0.0865903854646169	-0.139469776700251	-0.154065784817918	0.374931738634892	0.570744643385965
TCGA-EL-A3H7-01	-0.462176279661654	0.399538609955991	-0.167602512615919	-0.634838807308963	-0.618658387847762	-0.00396613035869575
TCGA-EM-A1YC-01	-0.553466789515628	-1.1748326577952	-0.233371081023872	-0.356144074845967	-0.386664041798515	-0.440686990999993
TCGA-IM-A4EB-01	-0.446816811059361	0.151002006098686	-0.139466309604336	-0.29492632126632	0.506348295307621	0.778003870832636
TCGA-EM-A4FQ-01	-0.61287678006358	-0.0873028119862909	-0.0436326397555813	-0.419777748041269	0.642742884169191	0.724639971954818
TCGA-DJ-A13M-01	0.141793080707676	-0.98124920728529	-0.192769937871168	-0.382066498708126	-0.436278160285094	0.27864804113791
TCGA-FK-A3SG-01	0.499698320012025	-0.729841664518339	-0.174428945464658	0.0119745416266416	0.24793308533718	0.581386101138293
TCGA-BJ-A0YZ-01	1.80102240157242	-0.528519470220017	-0.210228026281812	0.260762805665131	-0.129976928735299	0.195213134286889
TCGA-EL-A3ZG-11	-0.742883608327791	-0.171115789615934	-0.23487766314053	0.282586734810413	-0.0975727830236113	0.726340199972093
TCGA-H2-A2K9-01	-0.0149590682312805	-1.02417117702505	-0.162181947292425	-0.589259078534853	-0.481319139862467	-0.86350139419247
TCGA-DJ-A13X-01	0.58752311484764	-0.213696636330219	-0.132154357560968	0.107065844184428	0.157022531738664	-0.0928600137187776
TCGA-DJ-A2Q3-01	-0.674443886287941	-0.138753500125308	-0.0344622758397778	-0.287972575032168	0.0620614418892622	0.300454017360269
TCGA-EM-A2P1-01	-0.837387025626305	-0.188233013258575	0.939097389442039	-0.37436225729115	-0.334318729254739	0.12521341539129
TCGA-J8-A3YG-01	-0.307748054596591	-0.424657009299288	-0.117248643717218	-0.177977108369486	0.179770358111909	0.753464763740168
TCGA-DJ-A1QL-01	3.13479605401979	-0.520446500905889	-0.180055227569547	-0.654656623384494	-0.617600615543708	-0.0682452704212146
TCGA-ET-A2MX-11	-0.542028022068381	0.265292763250876	-0.210228026281812	-0.128385128027838	-0.28400506877092	-0.191636187883964
TCGA-L6-A4EP-01	-0.673964789633945	-0.490102112954472	-0.180055227569548	-0.441724221385438	0.190518203975516	0.946948154955794
TCGA-BJ-A18Z-01	-0.960526553361552	0.493704050359417	-0.174428945464659	-0.427624365062427	-0.780599470908214	0.488496885761266
TCGA-EL-A3CL-01	-0.535399840744672	-0.823870937371507	-0.164453199723673	-0.252601650699102	-0.198826001294065	0.0983472498361493
TCGA-DJ-A1QQ-01	-0.0427044678269718	0.144519068595165	-0.180055227569548	-0.280233125582441	-0.159726254718994	0.40417351645387
TCGA-GE-A2C6-11	-0.157434479427496	0.647640616343486	1.02734624915346	-0.239296110775689	-0.66428284705122	-0.422655073404413
TCGA-EL-A3TA-01	2.1134560005369	0.589816174450349	-0.139466056696881	-0.409108561918896	0.137135049369783	0.0560092903964954
TCGA-E8-A415-01	-0.492143643753898	-0.213057941029929	-0.164453199723673	-0.139383685028724	0.552036171566747	0.465813465612158
TCGA-BJ-A2N9-11	-0.513110228375609	0.60068257423187	0.69445455693358	-0.070170624026721	-0.146093818206399	0.363263807476458
TCGA-DE-A0Y2-01	-1.15707266699639	-1.02919631082621	-0.167602512615919	-0.149813735751499	-0.271297468953294	0.0916741487981704
TCGA-E8-A419-01	-1.26886551686598	-0.584249973340297	0.00638138010110879	-0.427575372438017	0.39264152570733	0.444657892450136
TCGA-DJ-A2PS-01	-0.240817026949884	-0.355584784707365	-0.139469817886504	-0.252591056362105	-0.160617054538178	-0.114412564410633
TCGA-MK-A4N7-01	-0.861018139843915	-0.393338103096108	-0.174428945464658	-0.190900375336848	-0.47901881841508	-0.675237840611422
TCGA-ET-A39N-01	1.6741170067554	-0.666978590621796	-0.186371522095075	-0.659875921641185	-0.769004011130576	0.166688541586668
TCGA-ET-A2N3-01	1.51297181861242	-0.664093620404356	-0.289238581493969	-0.317079780924753	0.0266359786157476	-0.11710202133839
TCGA-FE-A236-01	0.219443806602981	-0.277425033654051	-0.210228026281812	-0.05084529868583	0.0127359664169862	-0.336008327361688
TCGA-CE-A13K-01	1.67058126873688	-0.62145246695665	-0.180055227569548	0.02665438719209	-0.489163246703919	-0.824390798322154
TCGA-BJ-A2N7-11	0.14797937389163	-0.115486270686912	-0.188275991934822	0.025866822654797	-0.0896689348870327	0.48032545301055
TCGA-DJ-A2QC-01	2.61023229969974	-0.689614110018241	-0.167602512615919	-0.421901642005337	-0.4222945879833	0.221280647244706
TCGA-EM-A3AN-01	-0.0550579010505334	-0.397430064050023	-0.180055227569548	0.0274763811309049	-0.112733045401784	0.593952430227878
TCGA-DE-A2OL-01	0.667433011319844	-0.736230427024419	-0.228630826234827	-0.31363246160963	0.161150043328574	-0.0728427828984346
TCGA-ET-A25M-01	-0.609418484149623	0.502382685367253	-0.210228026281812	-0.261279897038174	-0.610934328388842	0.55368456703061
TCGA-EL-A3CT-01	-0.121030432941238	-0.0805825770261791	-0.0966685758496599	0.436029386099281	-0.113812330341331	0.382625441719736
TCGA-BJ-A290-01	0.333162458984791	0.091694747420401	-0.192769937871168	-0.139785311956294	-0.267917066805441	-0.88875473646006
TCGA-MK-A4N9-01	-0.232769943853686	-0.232739239461117	-0.180055227569548	-0.360981725131786	0.301036346361702	-0.557568132662322
TCGA-ET-A4KQ-01	1.32687104684957	-0.211505422776765	-0.318375426749331	0.483474670588756	-0.69601044710069	-0.319790112175492
TCGA-H2-A3RH-01	0.114600666032907	-0.913852576115289	-0.192769937871165	-0.195420293746573	-0.0853948659673707	0.144277601879325
GTEX-OHPL-2626-SM-2HMJA	-0.418432870320609	1.50066353263794	1.40866118345828	0.592128060413712	-1.21985349500087	-4.07135570662473
GTEX-YEC3-0826-SM-5P9JF	0.487994206913716	-0.306878570774025	-0.168706455411924	0.383452873696761	-0.00610524194282241	0.479553039957891
GTEX-WOFL-0726-SM-3MJG4	0.910330287822734	0.940666274864582	-0.260501778935859	0.435872028870416	-0.815607388987326	-1.12246086694687
GTEX-11GSP-0126-SM-5A5KU	-0.345526160318782	1.55036140620794	-0.174428945464658	8.52909742494026	-0.397359723052145	-1.20076723392835
GTEX-YEC3-0826-SM-4WWFP	0.5004949819988	-0.498315077712251	-0.164453199723672	0.445560871388502	0.225203396895576	0.681519711227702
GTEX-ZLFU-0626-SM-4WWBO	0.346774706256262	0.320832940533776	-0.200487801722923	-0.289373150209077	0.0284519570254123	-0.386754613072824
GTEX-WEY5-0526-SM-3GIKZ	-0.415021267140604	1.52275025950296	-0.108140605934917	1.0125686781657	-0.811411494501567	-0.861058196959999
GTEX-RU72-0126-SM-2TF6Z	-0.506004827311479	1.07953587915454	-0.0666158282850336	0.168154303613108	0.134059108828393	-0.650873787524709
GTEX-11DXY-0426-SM-5H12R	0.406308875248746	1.28627493188181	-0.185095084628945	1.09211557181957	-0.454711504718387	0.3759154802101
GTEX-13VXU-0826-SM-5KLZ2	-0.724688783315856	0.38794977110715	-0.210228026281812	0.259906522542587	0.975796301518557	0.328434593226352
GTEX-13OW8-0126-SM-5IJE5	-0.347524254209031	0.118256206791596	-0.210228026281812	0.411220380938372	0.297695871680654	0.0300936456294517
GTEX-Q2AH-0726-SM-2I3EA	-0.0184872688297209	0.415112698608765	-0.108140605934914	-0.315796024143504	-0.485885413357654	-0.221693589477466
GTEX-ZDTS-0926-SM-4WAXG	-0.266049637783683	1.6190595098767	-0.180055227569548	1.13066646038018	-0.0626526072763357	-0.348885781389777
GTEX-ZYFC-0926-SM-5GZWW	-0.371545679034974	0.423359914703875	-0.210228026281812	1.28606769845566	-0.320293991587074	0.474093437074545
GTEX-13FHP-0926-SM-5L3EC	-0.483500117889121	0.44060229974851	-0.248140873318415	0.453391827101549	0.6494078099658	0.240652386176998
GTEX-145LU-0426-SM-5O9AH	-0.337323480530176	1.18753954248992	-0.192769937871167	1.25631098044781	-0.485034133326547	-0.259497631139851
GTEX-REY6-0526-SM-2TF5M	0.637614539487054	1.84343151665948	-0.192769937871166	-0.119287635649006	-0.53561526384338	-0.518882328383063
GTEX-11EM3-0126-SM-5985K	0.00183795597648413	0.980953965439656	-0.139469697746151	0.361124106421294	-0.346903629002315	-0.318018290520116
GTEX-11DXX-0226-SM-5P9HL	0.327781125643471	0.595093290716521	-0.167602512615919	0.44181899145635	-0.045638054086651	-0.0124616756875781
GTEX-PWN1-2626-SM-2I3FH	-0.488235885432503	0.827255129444995	-0.139468974587167	0.339376530231301	0.198853152225136	0.156766762305378
GTEX-12584-0826-SM-5FQSK	-0.631763997603889	-0.537396565646869	-0.210228026281812	-0.0705649440544929	-0.540485035992221	-0.406550055054236
GTEX-13111-0226-SM-5EQ55	-0.124443640370221	1.14081917327782	-0.132154357560968	0.879878725521429	-0.526065500793517	-0.44577466227773
GTEX-11ZVC-0126-SM-5986G	-0.564143963257544	0.53101759501262	-0.192769937871165	0.513409721628752	0.556164675084063	-0.298699749422345
GTEX-Q2AI-0326-SM-2I3EK	-0.35369495500737	0.703988400367757	-0.0966685758496596	0.677915589060515	-0.0683420246127866	0.0469786190414076
GTEX-11O72-2326-SM-5BC7H	0.231006854858422	1.26220463714438	-0.164453199723673	0.38939763918601	-0.401310144985442	-0.688347947582567
GTEX-139TS-0126-SM-5K7XJ	0.521731628448196	1.35316202205544	-0.167602512615919	0.733097657577175	-0.248704514406614	0.431922627729091
GTEX-RM2N-0526-SM-2TF4N	-0.466746616546235	0.181998608700275	-0.167602512615919	0.256997328181684	-0.41783072189155	-0.0124944523440333
GTEX-13112-0326-SM-5P9IW	-0.515142150112443	0.806642730764733	-0.192769937871166	0.351310649985491	0.467296636651694	0.50768711809397
GTEX-11EMC-0226-SM-5EGLP	0.0780405707235083	1.01794890597357	-0.139468446943814	0.862618228071586	-0.159351773865937	-0.128774979869405
GTEX-132NY-1026-SM-5P9IY	-0.11843940271848	-0.355003976637556	-0.192769937871165	0.227767072734994	-0.392093221558736	0.579736425771848
GTEX-YFC4-2626-SM-5P9FQ	-1.286682135233	-0.0830611422903656	2.19506101161274	-0.598411161930413	-0.815607388987326	-0.290041807648577
GTEX-11GS4-0826-SM-5986J	-0.796562343134036	-0.000347549673446468	-0.192769937871168	0.261722578573263	0.138278596026047	-0.245835692200036
GTEX-ZDYS-0626-SM-5J2N5	-0.138273656722886	1.20681100854504	-0.108140605934917	-0.0203609620505796	-0.0699632214952187	-0.321338455928681
GTEX-11TT1-1126-SM-5P9GV	0.0352680280825712	0.308738181872569	-0.192769937871168	0.157031596261942	0.114679860040626	-0.2227042128361
GTEX-WVLH-0626-SM-3MJG7	-0.0431303564182931	1.16305418350815	-0.210228026281812	0.441911400086434	0.591912269631609	0.380208578757048
GTEX-WY7C-0226-SM-3NB37	0.0793288611259839	0.719095233021348	-0.180055227569548	-0.0457473196956813	0.0279011430735082	-0.0561081921164672
GTEX-13O3Q-0626-SM-5IJG1	0.00798184875038038	0.736506454906492	-0.210228026281812	0.341350879645251	0.240307978876261	0.503047796327789
GTEX-ZLWG-0526-SM-4WWFB	0.00508477480261978	0.0633974772184534	-0.132154357560968	0.251583804210604	0.602760174320263	-0.180762472138814
GTEX-111VG-0526-SM-5N9BW	-0.057725398929411	1.53860039699423	-0.0706298688332602	-0.182783323928616	0.231437794101091	-0.878240733673215
GTEX-S4Q7-0326-SM-3K2B1	-0.258161949949649	0.440740049028016	0.100309858719504	-0.252180221978125	-0.297496243957999	0.625597342452413
GTEX-13G51-1226-SM-5K7Z3	-0.443645349745837	0.820328534687925	-0.210228026281812	0.444222870685783	-0.591067569500066	0.399019559909042
GTEX-12WSB-0726-SM-5N9GD	-0.581583454843521	2.34037054134377	-0.108140605934915	0.0117253307474444	-0.784112432824229	-0.256368408967405
GTEX-12WSC-0826-SM-5EQ5Q	0.23620707433288	0.91986465127829	-0.210228026281812	0.680041495240323	-0.150576269041746	-0.213966085317356
GTEX-13NYB-0726-SM-5MR4J	0.164517704638747	0.998235050715319	-0.180055227569547	0.420270053290698	0.44699506050391	0.27006103630426
GTEX-13OW6-0726-SM-5L3FX	-0.217801163628315	0.515972717960905	-0.192769937871168	0.317796639421411	0.439470089875101	0.554994258611884
GTEX-144GM-0226-SM-5Q5CB	0.797393952462591	0.287337084521979	-0.174428945464658	-0.111570843187151	-0.439129420425307	-0.144204705813901
GTEX-13QBU-0626-SM-5J2OG	0.215644579426745	0.289518381723135	-0.210228026281812	0.11550927686659	-0.342499807459633	0.0857972210312014
GTEX-W5WG-1426-SM-4KKZP	-0.249130503445093	0.93767731720287	-0.108140605934917	0.805245971683917	-0.239877421741296	-0.550878218187574
GTEX-ZTPG-0826-SM-5DUVC	-0.566457548103627	0.167515438807508	-0.132154357560968	0.329435556005373	-0.23761515211599	-0.12415911190366
GTEX-13S86-1126-SM-5RQJX	0.848927223334303	1.11645288522994	-0.161832619541817	0.00138900986200535	0.388030393524022	-0.310230189376704
GTEX-WHPG-0226-SM-3NMB9	-0.329207936916298	0.128832304185535	-0.167602512615919	0.371773899420208	-0.164129862278581	-0.176023436429843
GTEX-13O1R-0826-SM-5J2MB	-0.634007199360555	-0.0942166732033815	-0.155365991568161	-0.113807446264542	-0.341782560819289	0.0240849403067729
GTEX-N7MS-2326-SM-2HMLD	-0.129748238791186	1.14781424014011	-0.201476024415026	1.21393509326021	0.397743022126855	0.164594558866622
GTEX-ZVZQ-0626-SM-59HJU	-0.726604202723605	0.153934517802977	-0.164453199723672	1.41429713842327	0.145853859700093	-0.0589832592132057
GTEX-OXRP-0326-SM-5SI7J	-0.204523319637468	-0.482744261223906	-0.174428945464658	-0.0808942011721596	-0.147298282259857	0.452617545703775
GTEX-117YW-0126-SM-5EGGN	-1.49032882022977	-0.0335032340780618	-0.180055227569548	0.0611739756347166	0.264184439983974	0.61414390019075
GTEX-13PVQ-0726-SM-5L3GI	-0.306450705397881	0.430494477967298	-0.180055227569547	0.105103327590798	0.133277519856131	0.129633730666331
GTEX-117XS-0526-SM-5987Q	-0.829945896214342	0.90233283068071	-0.192769937871168	0.66680621118784	0.897745915735621	-0.329173358517713
GTEX-11LCK-0526-SM-5A5M9	-0.363164389550314	0.859972716138718	-0.167602512615919	0.327642247781431	0.0997425204768298	-0.378541182418074
GTEX-133LE-0326-SM-5P9G4	0.49357697240577	0.417883756048718	-0.13941773386545	0.282684755945806	-0.624464986257254	0.4480086025405
GTEX-13O3O-0926-SM-5KM1F	-0.0732852365784204	0.760697561191809	-0.210228026281812	0.0432335716215431	-0.523069428104936	0.56685950862199
GTEX-WFG8-0426-SM-3GILD	-0.333603131306629	0.805694718145345	-0.148675278388034	0.436073012211816	-0.447004658190403	0.355273322910896
GTEX-1212Z-0426-SM-5FQT6	-0.512332400425419	-0.306879839167728	-0.167602512615919	0.386614435952316	0.453881185202006	0.384322205937262
GTEX-ZVP2-0426-SM-57WC2	0.210405586371642	0.896995752699246	-0.137604907379852	0.579422324421104	0.0431306998997233	-0.244479339372705
GTEX-ZE7O-1126-SM-57WC8	0.271432583792042	1.84884056058012	-0.180055227569548	0.86530390323811	-0.222167055565025	-0.0473908974022821
GTEX-145ME-0126-SM-5S2QM	-0.594572991206545	0.715888551334768	-0.0344622758398092	-0.0212277404801694	-0.508304093869741	-0.370337019520911
GTEX-13FTW-0626-SM-5IFEX	-0.347144303337996	0.203556069249129	-0.139469720126663	-0.1955411693354	0.648011243945843	-0.192379998424243
GTEX-11NUK-1026-SM-5HL5J	-0.297187648692697	0.431744042984445	-0.174428945464656	0.319665847083261	0.286361238696369	0.50622286591234
GTEX-12WSD-0926-SM-5GCNL	-0.758768698262805	0.32999691909595	-0.192769937871163	0.15328430543491	-0.449597255769179	-0.259826056654971
GTEX-111CU-0226-SM-5GZXC	0.0274210110147266	0.284737274528052	-0.136679982134398	0.527605481229424	-0.0250719853044555	-0.226084280764521
GTEX-113JC-0126-SM-5EGJW	-1.04267975770765	0.142946104249495	-0.210228026281812	-0.124812840337079	0.303183660376302	0.431770584973188
GTEX-OHPK-2626-SM-2HMK9	0.651755795509177	0.832340238604945	-0.139468787913449	-0.250547192350417	-0.196551770825746	0.437345218556104
GTEX-13YAN-0926-SM-5O9C3	0.444332515680646	1.03289172174153	-0.180055227569548	-0.309508175064282	-0.371267913598341	-0.318860583193886
GTEX-WL46-0126-SM-3TW8I	0.0749573787127192	1.24263693416185	-0.210228026281812	0.21897575751536	0.665318103153792	-0.124427575913953
GTEX-13FXS-0726-SM-5LZXJ	-0.571375916763681	0.826257488742998	0.187104930315164	-0.119158448343301	0.106759624743799	-0.294016586781177
GTEX-OXRP-0326-SM-33HBJ	-0.369349999197134	-0.557142324527609	-0.174428945464658	0.378685974488959	-0.270708193735797	0.343161496839526
GTEX-YEC4-0626-SM-5CVLU	-0.151120519540338	-0.295257202792017	-0.167602512615919	0.679467938326305	-0.0504561859877783	-0.124450806873879
GTEX-OIZG-0226-SM-2TC5L	-0.337439961628206	0.329947738633177	-0.174428945464658	0.880149507596758	0.460812085970706	-0.24652453065808
GTEX-14BMU-0226-SM-5S2QA	-0.847764358845722	-0.183423411784195	1.5431699113003	-0.292526482501289	-0.553066576688441	-0.280476221757371
GTEX-13CF3-0926-SM-5LZZC	-0.432972513161302	0.478706902169702	-0.132154357560968	-0.0797317188139365	-0.342660533060873	-0.174556301494885
GTEX-13X6J-0826-SM-5LU32	0.404462180175211	1.05080868464865	-0.233093620435664	0.805091030990558	-0.0147072125312236	0.44006155915208
GTEX-14ABY-0926-SM-5Q5DY	-0.48760229135833	0.478797378555511	-0.180055227569548	1.39371410836649	0.443206647058585	0.473160490382858
GTEX-SIU8-0626-SM-2XCDN	-0.403176999470515	1.27253880113753	-0.210228026281812	0.64825138107952	-0.663844290689238	-0.0426717209426115
GTEX-Y5V6-0526-SM-4VBRV	-0.2367366288752	-0.219990179853363	-0.192769937871167	0.694099321113675	-0.340449416592192	-0.121468250266257
GTEX-13O21-2226-SM-5MR3L	0.0587822206688633	0.494071821192565	-0.164453199723672	0.199272593041978	0.213093754465373	-0.0624567277929029
GTEX-RTLS-0626-SM-5SI7Z	-0.0185126697162011	1.31299262940618	-0.307505917997312	-0.0453679025150539	-0.418972061533739	-0.460228968587442
GTEX-X4LF-0426-SM-3NMB5	-0.124253354196239	0.213548508262807	-0.164453199723671	-0.138549026263252	0.142221942826809	-0.335588423316906
GTEX-1128S-0126-SM-5H12S	0.107028595773463	0.976504006426475	-0.223190084138325	-0.108970987001467	-0.0563919672598162	0.0436922224213593
GTEX-YJ89-0726-SM-5P9F7	-0.745328638111062	0.250107018831039	0.135284204991755	-0.22749788969778	-0.0460773001643457	-0.189564908313444
GTEX-ZLV1-0126-SM-4WWBZ	-1.08631414640414	-0.00729149178326395	3.0804439350328	-0.406678560652376	-0.671922485263582	-0.623619700044647
GTEX-ZZ64-0126-SM-5GZXA	-0.54689412716714	0.316030320487564	-0.167602512615919	0.369968698907117	-0.0445947381740359	-0.142632088660915
GTEX-12696-0326-SM-5EGL4	-0.478172386853515	-0.143800435116905	-0.180055227569548	0.478719146653433	0.546945965249123	0.297281269547834
GTEX-WXYG-0226-SM-3NB2Y	0.051654155891764	0.751140319199151	-0.164453199723673	0.477843920545071	-0.051999113368297	-0.23964383837852
GTEX-145MG-0826-SM-5Q5C2	-0.539315664087171	0.647449277045084	-0.251005110193146	0.456758862031863	0.488853880158833	0.238131164302783
GTEX-P4QT-2626-SM-2I3FM	-0.257557235094312	0.655894749927214	-0.108140605934916	-0.0395457178402924	0.0706607001436734	0.41759783870934
GTEX-Y3IK-0526-SM-4WWE3	-0.227585477820234	0.756569459572739	-0.173848515908678	0.12449405788737	0.357344399978063	-0.247551249605017
GTEX-13FTY-0726-SM-5J2OH	-0.797883667635454	0.457597074936114	-0.210228026281812	0.304941249984604	1.06908215099997	0.580427937798394
GTEX-OOBK-2626-SM-2HMKY	-0.114180972702549	-0.363573654939831	-0.111169181879149	1.10283447503598	-0.0117184037359245	0.438598161620468
GTEX-12WSN-0726-SM-5GCMS	-0.141409591711956	-0.453252743235856	-0.174428945464658	-0.179587615912425	-0.369460340268619	-0.138601349261257
GTEX-QDVN-0626-SM-2I3FP	0.15419334527673	0.896890609090659	-0.167602512615919	-0.292475347311815	0.167670712458601	-0.216090434929233
GTEX-12WSJ-0326-SM-5GCMT	0.116176798001114	-0.635547044588981	-0.192769937871168	0.0188744303950311	-0.282972551919317	0.681260657591232
GTEX-132AR-1126-SM-5P9GA	-0.600823833835993	0.576231114011283	-0.110665887683135	-0.182939789781938	0.162476029263264	-0.515633257850478
GTEX-11XUK-0226-SM-5EQLW	-1.43160647474802	-0.147303268881632	2.56358455827007	-0.344625237408152	-0.818823132968969	-1.18356465546443
GTEX-X8HC-0726-SM-46MWG	-0.260485129458212	0.659926161451616	-0.139469767710792	0.0127240173171119	-0.451686689927235	-0.442277179802332
GTEX-11ZTS-1126-SM-5LU9X	-0.374925676441668	0.769495135862178	-0.192769937871167	0.399179438832816	0.45432103424854	0.1834817790391
GTEX-YF7O-0726-SM-4W213	-0.158636533840391	-0.288281089947982	-0.133991462325543	-0.150237299786618	-0.346977534319798	0.334781122805313
GTEX-13X6H-0526-SM-5LU4Q	0.268470797211883	1.00924991287665	-0.164453199723673	-0.0338855136641929	0.215067128064248	-0.0417328568377196
GTEX-132QS-0326-SM-5IJFN	-1.03602492049696	-0.404468528200436	-0.174428945464659	0.67026453882302	0.0439872486592667	0.866681828175525
GTEX-X15G-0526-SM-3NMB7	0.286863234160657	1.07850776690452	-0.176979536535763	0.160178450091747	0.261869200047867	-0.499923905201636
GTEX-111YS-0726-SM-5GZY8	0.979887216390845	0.569755907585156	-0.174428945464658	0.349377811337474	-0.686671365876773	-0.125262738417893
GTEX-ZAK1-0726-SM-5HL8Q	0.1465879460633	0.810414452603862	-0.192769937871168	0.22275697414446	0.255430154253207	-0.255964482411757
GTEX-WYJK-1626-SM-3NM9J	-0.0543256968692973	0.75048857542994	-0.167602512615919	0.45835712170493	-0.155603156163907	-0.338604514897059
GTEX-U8T8-2326-SM-3DB96	0.0978758488952426	-0.0150219335034192	-0.192769937871163	0.28076064833306	0.398000881368939	-0.301251227444804
GTEX-12BJ1-0426-SM-5FQSO	-0.719692245614857	-0.541424771594337	-0.174428945464659	0.334339704561617	-0.0272030409426276	-0.176130449922428
GTEX-13NYC-2426-SM-5MR3K	0.0663396329026401	0.469704210159155	-0.230720403657024	-0.118833849142702	-0.240403693105047	0.00919893186526691
GTEX-ZPU1-0426-SM-4WWCA	0.285438074765634	1.17957253201152	-0.145577579371528	-0.0832332857712559	0.0755602550659602	-0.508797365517988
GTEX-Y8E4-0126-SM-4VBQ2	-0.848982477464	0.498749071728165	-0.167602512615919	-0.223715489076407	-0.214857070678279	-0.394416773156763
GTEX-11EQ9-0626-SM-5A5K1	0.51724277853314	0.562594739672607	-0.164453199723673	0.156894821857303	0.220847970874058	-0.260881956534826
GTEX-ZAB5-0726-SM-5P9JG	-0.0798726548884809	1.67277861901593	-0.167602512615919	0.237250906034606	-0.226925290053697	-0.590545971080463
GTEX-S32W-0726-SM-2XCBL	-0.332029680681893	0.217578819703031	-0.192769937871168	0.947667320727889	-0.151703200189615	-0.0113374590486158
GTEX-SE5C-0726-SM-4BRWY	-0.700641029521532	-0.138429953817996	-0.187785817692793	-0.154767150940362	0.408171333083814	0.0028018113310096
GTEX-ZPCL-0126-SM-4WWC8	0.584205561638782	0.644193226878493	-0.139466585787349	0.200197839161103	0.219837067634426	-0.166359266688267
GTEX-ZVT3-0726-SM-5GICN	-1.3041814704713	-0.49744110466171	-0.192769937871166	-0.0311828256207189	0.197523973083616	-0.162596231411833
GTEX-X4XY-0826-SM-4E3JM	-0.566550784609621	1.04288619436165	-0.224301981441541	0.808610233669795	0.351696964201436	-0.222932803267373
GTEX-ZYFG-0626-SM-5GZYA	-0.349686654790501	-0.223836611113235	-0.164453199723672	0.376700434736587	0.451956604033218	-0.136472536733711
GTEX-13OW7-0826-SM-5L3EL	-0.501968979551619	0.143488530996117	-0.210228026281812	1.39639811964043	0.28616866245162	0.339096835269819
GTEX-RVPV-1226-SM-2TF73	-0.596936100573044	0.352201023571214	-0.196490381732058	0.50795181160107	-0.00833168075015643	0.555749347954693
GTEX-ZV7C-0126-SM-57WDE	0.251603432575406	0.149184608700689	-0.132154357560968	-0.0218242495668648	-0.495366200570211	0.573000138316728
GTEX-WFG7-0326-SM-5SI7L	0.46000063445538	0.755343572293357	-0.1862886705065	0.184304253606027	-0.595352700614604	-0.00320966732251821
GTEX-13N1W-0826-SM-5MR5J	-1.33149983351966	-1.22152381353624	-0.192769937871166	0.0526532045035778	0.576102190990668	0.318105206763913
GTEX-R55G-0726-SM-2TC6J	-0.820852598859547	0.537134070594571	0.928320535081619	-0.169236641203446	-0.625346025791392	-0.658542445379358
GTEX-WYVS-0326-SM-3NM9V	-0.626724012430899	0.496531194444877	-0.0966685758496602	0.0369815953048424	0.394166406075634	-0.389776613385892
GTEX-1211K-0726-SM-5FQUW	-0.510041467428979	-0.195061699225319	-0.180055227569548	-0.00111487196513568	-0.250073317174441	0.0713058131947184
GTEX-XUW1-1026-SM-4BONY	0.774294109489831	-0.118437500348917	-0.192769937871167	0.134083990083509	0.0782090380811068	-0.144940192927274
GTEX-WHSB-1626-SM-3LK6J	-0.151622082574975	0.769552158571975	-0.174428945464659	-0.193893176921939	0.255431560472908	0.208870884405434
GTEX-Y5LM-0626-SM-4V6G4	-0.0263927558038702	0.516777857798737	-0.167602512615919	0.603327508634044	-0.384987165379798	-0.311089146089125
GTEX-11TUW-0226-SM-5LU8X	-0.540018219300966	0.764621477155329	-0.210228026281812	0.228190687246112	0.444936539440208	-0.089529291411988
GTEX-145MH-0426-SM-5LU8T	0.129876527351399	1.21890035663687	-0.251005110193146	0.798792118355397	0.367122876269947	-0.483147742257688
GTEX-11VI4-0226-SM-5GU6C	-0.648836752184905	-0.360274144112199	-0.174428945464659	-0.000304201638725351	0.129867498394739	-0.0333834412447111
GTEX-OOBJ-2626-SM-2I3F6	-0.441249629838966	0.476736130898225	-0.210228026281812	0.391614924980656	-0.0293319212189758	-0.564653280118694
GTEX-13RTK-0326-SM-5RQHS	-0.17724470708753	0.239335904269256	-0.20290601983945	-0.201264184364414	0.328237098463939	-0.26576024902849
GTEX-13D11-0226-SM-5LZXL	0.541996054908328	0.583468570023199	-0.108140605934914	-0.227170672015253	0.164389843223311	-0.112134163507516
GTEX-S341-0226-SM-5S2VG	-0.75595857337442	-0.338986614187862	-0.139469696389458	0.0422836976496664	0.394842701601322	0.0490066358759926
GTEX-PWCY-2326-SM-2I3EQ	-0.109487650419105	0.443307814204008	-0.108057543542837	-0.0394231850916402	0.309534038966427	-0.146418004520159
GTEX-12ZZX-1226-SM-5EGHS	-1.09894787708033	0.899817327775003	-0.0436326397555813	-0.0181930618416344	-0.157132061349673	-0.139626659855325
GTEX-11ZTT-1026-SM-5EQKF	-0.889975513628886	-0.628779343641345	-0.17400825449907	0.0222107759317861	0.101383126915781	-0.121897275327279
GTEX-139UW-0126-SM-5KM1B	-0.346088913786893	0.862796646843574	-0.13946835928565	-0.0219937278692098	0.0945782883801776	-0.290254809903327
GTEX-TKQ1-0126-SM-33HB3	-0.615768171653072	-0.125028392931175	-0.174428945464658	0.171909405638109	-0.578013771398189	-0.323257376072576
GTEX-WK11-0926-SM-3NMAU	0.271349857387405	0.671564451480979	-0.246895405623925	0.871627841617172	0.813667573825824	0.592716526927192
GTEX-11P7K-0226-SM-5986Z	0.222960798108053	0.267389334604005	-0.180055227569547	0.100406954688269	0.426827831078479	-0.165759353464828
GTEX-OXRK-0626-SM-2HMJ5	0.620753273939089	1.08181444361074	-0.132154357560968	0.00844725986545915	-0.391114049316195	-0.416738971851607
GTEX-Q2AG-0826-SM-2HMKF	-0.214719791688431	0.250722320106611	-0.180055227569547	0.307716810207115	0.109189017615554	0.372877083149377
GTEX-ZT9X-0226-SM-51MT2	-0.249792473437085	1.33086164661096	-0.132154357560968	0.427727061906937	0.183077647325583	-0.455982082108089
GTEX-PWOO-0926-SM-2I3EC	0.189458447531238	0.383350980729859	-0.162837539571847	-0.158580753018224	0.0431041487243366	0.303772300008226
GTEX-WI4N-0926-SM-3LK7K	-0.943598799980252	1.12148127509154	1.61591837042141	-0.188717955166943	-0.815607388987326	-1.82545400274632
GTEX-11I78-0526-SM-5986A	0.154035349547218	0.437968344101557	-0.108140605934915	0.147846237190084	0.218511230310964	0.222925515638847
GTEX-ZGAY-1026-SM-4WWBR	-0.00821862622014694	0.712191881593655	-0.167602512615919	-0.061859977274859	-0.338086207753873	-0.349305780713729
GTEX-1497J-0126-SM-5Q5BK	0.609832919107818	1.33050868311729	-0.167602512615919	0.074915321229683	-0.344737242625763	-0.163516333358482
GTEX-131XF-1826-SM-5EGKG	-0.369025769000613	0.261163602322412	-0.139469727914192	0.502730921123375	0.155511426055071	-0.388498079017148
GTEX-131XE-0126-SM-5LZVC	-0.228470160051595	0.30202193553366	-0.141672251516968	0.422477619213808	-0.116700625896392	-0.247638026818907
GTEX-146FQ-0726-SM-5LUA7	-0.0865940019150075	0.795888643053052	-0.189355778807865	0.288697725255432	-0.212622141244483	0.428538658964603
GTEX-ZYY3-1926-SM-5GZXS	-0.609643392604109	1.33422852440846	-0.0436326397555802	0.311208134936391	-0.593316427083087	-0.503779288611115
GTEX-OIZH-2626-SM-2HMJM	-0.215284506346801	0.0574618681785188	-0.167602512615919	0.756041811581137	0.247618582905332	0.405951190115245
GTEX-TSE9-0626-SM-3DB8B	-0.237955975101467	0.821811098969499	-0.132718595150099	-0.094685758407828	-0.486156879888228	-0.310957639836728
GTEX-ZA64-0426-SM-5HL96	-0.530183014392552	0.368660681537676	-0.139469421481714	-0.201112336749791	0.50923116176226	0.0638466796867664
GTEX-1122O-0226-SM-5N9DA	0.60183915572429	0.249742771382192	-0.192769937871166	0.50472797647631	-0.392646173435528	-0.196135460310679
GTEX-12WSG-0226-SM-5EGIF	0.0110528334099113	1.36328869968536	0.076113220129359	-0.0641448874529745	-0.412312227413333	-1.02010820601961
GTEX-12ZZZ-1226-SM-59HK1	0.135300595732958	0.340324595832907	-0.210228026281812	0.717692921657901	0.495841248264291	-0.420058944065604
GTEX-13OVG-0226-SM-5LU93	-0.0264369480495312	0.900980629440317	-0.174428945464658	-0.0368684753296597	0.293181534783837	-0.414905905620203
GTEX-NFK9-0726-SM-2HMJW	0.434878296655082	0.306232999860485	-0.210228026281812	0.10977765431708	-0.020482941530049	0.156009600222246
GTEX-XV7Q-0326-SM-4BRVM	-0.242311328173961	1.13860433871478	-0.174428945464659	-0.180047363828361	0.0611222551866829	-0.447143539776719
GTEX-R3RS-0726-SM-3GIJR	-0.717014564878042	-0.227919945824134	-0.180055227569547	0.974221793808758	-0.0781558347468838	0.688188520122246
GTEX-W5X1-0426-SM-3GILB	-0.40031242943812	0.99815527137916	-0.177265872504332	0.368788358049448	0.299009127081655	-0.61652187337137
GTEX-11EI6-0726-SM-59866	-0.331827019619023	0.909091056267938	-0.210228026281812	0.435236392670416	0.578123785050694	0.259777802705707
GTEX-RWS6-0626-SM-2XCAS	-0.362996448344948	0.605044187567329	-0.167602512615919	0.487995726567518	-0.0370714145683794	-0.383688288548679
GTEX-14ICL-0426-SM-5RQJ3	-0.19217459465518	-0.1765600420032	-0.180055227569548	-0.122981703608055	-0.00712240580432226	-0.469468612429471
GTEX-ZXG5-0926-SM-5NQ8H	-0.377293413986284	0.67775025031444	-0.210228026281812	0.510693893358997	0.583761199836438	-0.482009379042327
GTEX-SN8G-1526-SM-4DM79	0.634863099353309	1.17155463783546	-0.192769937871168	-0.0799397754204906	-0.197954847978517	-0.568981851459755
GTEX-14C38-0826-SM-5S2U8	0.118839671732438	0.865473424021422	-0.192769937871168	-0.10889537045159	-0.244552503632718	-0.408939864311442
GTEX-ZT9W-0226-SM-4YCCZ	-0.656383797085031	-0.100057832758437	-0.139469277012939	0.00312005805115393	-0.202016367055318	-0.20154483380343
GTEX-QXCU-0326-SM-2TC63	-0.47553994991491	-0.0339479966060811	-0.193402193392513	-0.0902459680763435	-0.213141002947346	0.32175781211347
GTEX-ZV6S-0226-SM-59HJT	-0.342288242776566	0.171316164166579	-0.174428945464658	-0.0309451309427138	-0.210686495043822	0.678540504771348
GTEX-14753-0926-SM-5Q5BI	-0.610407953059272	0.863381094106048	-0.192769937871166	0.288620036159416	0.584125127220056	-0.472254348557873
GTEX-P4QS-2626-SM-2I3EV	-0.307669750890634	0.679137762908754	-0.139469760483492	0.0193269125077062	-0.360537256890217	-0.421620391447416
GTEX-XBEW-0126-SM-4AT66	-0.173918750618177	0.0911159235254054	-0.218716472961974	-0.0479471094713734	-0.0434535383529976	0.297846130818369
GTEX-144GO-0126-SM-5LUAO	-0.165553536377056	0.423642692078048	-0.244769604243682	-0.148439191851824	0.682136038028353	0.343729971265963
GTEX-111FC-1026-SM-5GZX1	-0.350992588431231	0.0730945056942292	-0.210228026281812	0.914867586257839	0.680876901186373	-0.205705331909439
GTEX-ZY6K-0226-SM-5SIAY	-0.716133630072238	-0.607221085507885	-0.150768243978932	0.967090216740403	-0.40297511817659	0.0726474850744279
GTEX-12WSL-0626-SM-5GCOY	0.0391849228632634	0.87660408078577	-0.164453199723672	0.249517436490791	0.0924029192853861	-0.230463190741531
GTEX-13JVG-0926-SM-5IJE1	-1.18566941274209	0.0657674771165722	-0.210228026281812	0.0612059561131154	0.0235554243586467	0.677294308968449
GTEX-14A5H-0726-SM-5Q5DW	0.224850099181471	0.125859237889472	-0.167602512615919	-0.0637386486579859	-0.815607388987326	-0.628762589559513
GTEX-RN64-0626-SM-2TC5V	-0.564735835522222	0.509256785643298	-0.21060836703175	0.217961469937752	0.547839567833978	0.281622134634812
GTEX-XXEK-1326-SM-4BRV1	-0.0167461519879813	0.452003373796922	-0.180055227569547	0.315756692577874	0.226549850278254	-0.17317432924269
GTEX-XGQ4-0426-SM-4AT4I	-0.433449098208864	-0.766202275093105	-0.167602512615919	-0.0106383782024493	-0.370468207804355	0.52611171658323
GTEX-YFCO-0326-SM-4W1ZP	-0.815048348584759	-0.333839574295751	-0.167602512615919	0.0713203673027305	-0.163372143664895	0.0747342427510387
GTEX-13N2G-0726-SM-5MR38	0.00469372739138646	1.09190587089065	-0.180055227569548	-0.219422507904024	0.551735739744866	-0.425834956594867
GTEX-WH7G-0526-SM-3NMBI	-0.0812137228863673	0.045123577454238	-0.193165822262422	0.436293498917159	-0.334081383480459	-0.163784056881934
GTEX-ZYW4-1126-SM-5SI99	-0.182059530171426	0.350803733478847	-0.251005110193146	-0.02066079170473	-0.455153451996502	-0.699742287766715
GTEX-XMK1-0626-SM-4B65A	-0.397412026165376	-0.427648330715512	-0.180055227569547	0.0711157435055108	-0.341827538748206	-0.0403732200542914
GTEX-13PL6-1026-SM-5L3E5	-0.0402279128314268	0.447078059300784	-0.192769937871168	0.788998350735659	0.136590991577071	-0.0708216797534577
GTEX-RTLS-0626-SM-2TF6G	-0.127191450368918	1.19310651615726	-0.205006886363497	1.51205334500201	-0.474743858354486	-0.447301996921905
GTEX-13N11-1026-SM-5K7XQ	-0.54086477873333	0.0652214568690232	-0.164453199723673	0.0689633856150843	-0.313203311935574	-0.381379702994457
GTEX-Y3I4-0226-SM-4TT27	0.65701854537505	-0.192712905566346	-0.192769937871166	-0.0333902168178558	-0.0303501409908148	-0.345809441148319
GTEX-Y9LG-0426-SM-4VBRT	-0.699492598940144	-0.254871109018606	-0.129775949889467	-0.207071161129642	0.0643189007647696	0.0216985080023616
GTEX-Y114-0626-SM-4TT98	-0.174698165251063	0.471503576549932	-0.108140605934916	-0.135301833889113	0.479178129432623	-0.314476050848154
GTEX-X5EB-0726-SM-46MVR	0.30651214150574	0.929357807253398	-0.174428945464657	-0.0294258820719484	-0.32062977828349	-0.352714180659247
GTEX-SJXC-0726-SM-2XCFJ	-1.17396560539324	0.174484290049297	-0.180055227569548	0.625435877871677	-0.375984756127998	-0.00366334807993163
GTEX-ZYT6-0426-SM-5GID3	-0.37699994683662	0.246048121595895	-0.199950846028604	0.407519788511911	0.673984809485281	-0.114007457102305
GTEX-P4PQ-2626-SM-5SI7K	0.105164306857515	0.285394920308861	-0.174428945464658	-0.0633031456112505	-0.0643736887703739	-0.233690953523493
GTEX-Y5V5-0326-SM-5RQJG	-0.619923584588692	1.07259107666268	-0.192769937871168	-0.0365935854872759	0.250576447503097	-0.208140422453341
GTEX-1399R-0126-SM-5IFEV	-0.437436599547534	0.878694627894154	-0.167602512615918	0.106901100286643	0.249832349768351	0.454451541259529
GTEX-S7SE-0726-SM-2XCD7	-0.221308354761643	1.05529244736838	-0.210228026281812	1.06113645773349	-0.0732564973062545	0.383803785705626
GTEX-XUJ4-0726-SM-4BOOP	-0.298941614895739	0.308930167914966	-0.164453199723673	7.19631684970417	0.227253287386936	-0.297325602987111
GTEX-RNOR-0926-SM-2TF56	-0.357029299150352	1.04377600671863	-0.192769937871167	0.9039042658102	0.0719417370705441	-0.136442372742539
GTEX-13113-0126-SM-5LZVX	-0.900534208838736	-0.625304807660846	-0.108140605934917	-0.380157448506887	-0.247206619844267	-0.164788087950696
GTEX-WWYW-0826-SM-3NB2X	-0.440510339920614	0.0568540898090273	-0.210228026281812	0.218109030190611	0.64858274666932	-0.38073959674015
GTEX-13NZ9-1126-SM-5MR37	-0.582903505697385	0.84614598722375	-0.0344622758398152	-0.389563850918336	-0.477098123669825	-0.694862800690797
GTEX-WYBS-1926-SM-3NM8N	-0.908086639098964	-0.253184238459582	-0.180055227569548	0.363617562917798	0.224310313902795	0.107117192146989
GTEX-12WSH-0226-SM-5GCOG	0.0769844106564055	1.00331926608135	-0.230695021122178	-0.0994763566405821	0.333799700355629	-0.453794852446021
GTEX-11TTK-0826-SM-5N9EG	-0.562652873327103	-0.125825611239834	-0.192769937871168	0.103984506471179	0.321957214320915	0.465824442003885
GTEX-XUZC-0126-SM-4BOO6	-0.216996376541255	-0.517848454276491	-0.164453199723673	-0.0107988401679325	0.592666640745718	0.623298502993364
GTEX-POYW-0826-SM-2XCEM	-0.755581688458155	-0.0675013574743709	-0.210228026281812	0.769982098041734	-0.669841799271373	-0.572335051246253
GTEX-XLM4-0726-SM-4AT64	-0.272918486485775	0.0341232528989765	-0.192769937871159	0.0341635286424588	0.649060217331663	-0.0686265986954814
GTEX-131XG-0226-SM-5IFG1	0.129802682872826	-0.0874093326254123	-0.139469792885403	-0.133650050853456	0.0379939691422135	-0.262580949716767
GTEX-WFG7-0326-SM-3GILI	-0.00164108224856042	0.625907792414973	-0.174428945464658	1.16421295622715	-0.481617746304545	-0.0805667288096843
GTEX-R55E-0826-SM-2TC5M	0.834908957177068	0.991291785472331	-0.251005110193146	0.558184906670853	0.054754499323227	0.357399873148055
GTEX-XBED-0126-SM-47JY7	0.0201683102405778	0.336738168460547	-0.192391732445163	-0.0926595088925206	-0.432597493298059	-0.284544737258772
GTEX-14E6C-2626-SM-5RQJP	0.481915378254895	0.521225636318714	-0.180055227569548	-0.0396360536673173	-0.767904760456732	-0.727906423868167
GTEX-11NSD-0126-SM-5987F	-0.545503784677397	0.0198385309117431	-0.174428945464659	-0.0890012817807476	-0.213810063914593	-0.229122867186151
GTEX-144FL-2326-SM-5LUAC	-0.320388243150139	0.835459998233265	0.212668110808116	-0.656361607585163	-0.919438424385567	-1.15142946460862
GTEX-ZC5H-0626-SM-5LU9K	-0.188706907873025	1.00647176014699	-0.192769937871167	-0.129720878881567	0.419661479223751	-0.0547355902933691
GTEX-U4B1-0626-SM-3DB8L	-0.36071868036281	0.465006637888859	-0.180055227569548	-0.207720007545268	0.551119303868427	-0.295142051827624
GTEX-13O3P-0726-SM-5J2OM	0.30104779398413	0.844197498260628	-0.180055227569548	-0.0441297005249366	-0.686963074217049	-0.6709148608447
GTEX-YB5E-0626-SM-4VDSE	-0.588646054024814	-0.762893452537203	-0.174428945464659	-0.0537659412744888	-0.249536330138396	-0.0458933679902876
GTEX-ZVZP-1026-SM-5GICI	-0.124358791582394	-0.280961382830941	-0.164453199723672	0.0550226065901305	0.384578203729599	-0.372086179956893
GTEX-14AS3-0226-SM-5Q5B6	-0.676466481961067	0.362170520602104	-0.108140605934917	-0.08077458787598	-0.614755788518742	-0.556636780778219
GTEX-148VJ-0726-SM-5LU8J	0.163207948515147	0.433359608420667	-0.210228026281812	-0.161255165931858	-0.403745981533981	-0.0655441544874672
GTEX-1313W-0726-SM-5EGK1	0.269753476470237	0.496765279348853	-0.237728955507487	-0.0532362355194815	0.683177331974816	0.328860423789779
GTEX-X4XX-0926-SM-46MV7	0.608201995226874	1.2011561178606	-0.230987514816604	-0.228290885803132	-0.111733655397695	-0.603606838941271
GTEX-1192X-1126-SM-5EGGU	-0.214680157145205	0.306983979319322	-0.251005110193145	-0.101702245200792	0.349600978032565	-0.260458839556894
GTEX-146FR-0326-SM-5SI8U	-0.980942105148945	-0.243490166617331	-0.16501079771117	0.0617268771144103	0.0917239738145154	-0.312892781141693
GTEX-11DZ1-2726-SM-5A5KH	0.0770022289647477	0.169741530774371	-0.21039159990693	-0.142547759877457	0.414200814061409	-0.257052078286284
GTEX-OIZI-0726-SM-2XCEI	-0.21998193831046	0.299078507668271	-0.180055227569548	0.669294731503395	-0.201097514000095	-0.400390367627772
GTEX-P4PQ-2626-SM-33HC9	-0.116928251153851	0.327841308399784	-0.174428945464659	0.369303657448858	-0.336129321883753	-0.362090987355957
GTEX-11UD2-0626-SM-5GU6L	-1.04985027683885	-0.477120817398607	-0.192769937871168	0.0273350957363889	-0.26148893251935	0.24879574799672
GTEX-Q734-0526-SM-2I3EH	0.0513036939209368	1.17552938222808	-0.167602512615919	0.130535956576797	0.212745069730972	-0.439319868207901
GTEX-ZZPU-1326-SM-5GZWS	0.468417904083624	0.292536127453776	-0.168669163026947	-0.0510728359639105	-0.433300137723653	-0.257443725772675
GTEX-13W46-0926-SM-5LU3T	0.13009634022179	1.06396670956858	-0.263722900760954	-0.0909384474734113	0.106730511111909	-0.720905026510041
GTEX-UJMC-0326-SM-3GAE2	-0.618131760414618	-0.390723829139578	-0.174428945464658	1.16037241152817	-0.549480661576429	0.480309475569331
GTEX-SUCS-0226-SM-32PLQ	-0.326317314419244	0.0247840934585828	-0.167602512615919	-0.0806576647937088	-0.091528630264735	-0.0851060116310607
GTEX-13OVI-0826-SM-5KLZ8	0.16677690330165	0.242617989992065	-0.248533569323282	0.0669163360568181	-0.29763581430377	-0.457812126075228
GTEX-13VXT-0626-SM-5SIA1	-0.0408275248021398	-0.219209420283292	-0.210228026281812	0.197458217732517	0.480644710372773	-0.380329232268693
GTEX-VUSG-0426-SM-3GIKD	-0.806420533174875	0.737750218755631	-0.167602512615919	0.140808595582688	0.735266487451987	-0.497514454459326
GTEX-T6MO-0226-SM-32QOL	-1.19321051928476	-0.599248911682056	-0.210228026281812	-0.122452769989039	-0.20648677096206	-0.221298255998167
GTEX-13OW5-0626-SM-5J2N2	-0.113503021817706	-0.0833888255201218	-0.194902327642243	0.0854672284782137	-0.229722272507674	-0.217174280711951
GTEX-RU1J-0226-SM-2TF5Y	-0.0249473158675802	0.177725692021165	-0.192769937871168	-0.0816585306030135	0.40651910198167	0.177193571895188
GTEX-117YX-1226-SM-5H11S	-0.880874007727453	-0.207611081259237	-0.174428945464658	0.276825205972086	0.173434926875332	0.167277254634706
GTEX-12WSK-0926-SM-5CVNQ	-0.859645067816184	-0.369884677879342	-0.192769937871168	0.45284320466447	-0.17592158047456	-0.289495063693587
GTEX-WHSE-0626-SM-4RGNF	-0.479860766270111	0.233714156155216	-0.192769937871168	0.375251875399367	0.686157242016536	0.0528289747195988
GTEX-QV44-0826-SM-2S1RG	-0.745278767968735	0.403962148815982	-0.180055227569548	0.25729017890764	0.0196733345232618	-0.446146006294392
GTEX-XYKS-0826-SM-4BRVF	-1.52110093335252	-0.841019570402836	-0.132154357560968	7.32097519783987	-0.630496071016761	-6.37903645548222
GTEX-OHPM-2626-SM-5SI7I	-0.460523008503247	0.102757721887662	-0.167602512615919	-0.094311289878034	-0.213468821950006	-0.275998110941282
GTEX-R55C-0626-SM-2TF4Q	-0.308285183731091	0.00288550096448551	-0.164453199723673	0.208322686426959	0.105801037524749	0.567520780628142
GTEX-SIU7-1126-SM-2XCDW	-1.06479373925615	-1.40293266629037	-0.180055227569548	-0.0432298121771894	-0.281144709881762	-0.178272144018091
GTEX-V1D1-0926-SM-4JBHQ	-0.612043290104448	0.486215875258788	-0.192769937871164	-0.0862695538565437	0.818786962295414	-0.646618127082007
GTEX-Y111-1926-SM-4SOIS	-0.110327384656313	0.58652320851877	-0.198547290967912	0.193622200476593	0.634893175282576	0.227338752971214
GTEX-V955-0426-SM-3GAEL	-0.755186508509316	-0.0267263183327813	-0.139468976753993	0.329886293835259	-0.116541502849207	-0.438789088681552
GTEX-SNOS-0226-SM-32PLR	-0.289473811981582	0.0542049585938438	-0.164453199723673	-0.0656495626733227	-0.0286904644427803	-0.273164163415734
GTEX-12WS9-0726-SM-5FQT7	-0.472549990421449	-0.46578420193061	-0.210228026281812	-0.204464860544432	-0.181773581469262	-0.41152637702772
GTEX-OHPM-2626-SM-33HC5	-0.662807630867704	0.05416039092715	-0.180055227569547	0.159123892000619	-0.364307128169887	-0.441984195677118
GTEX-11P81-0126-SM-5HL5Y	-0.335668535572587	0.0764090828883472	-0.167602512615919	-0.155349695085182	0.210695856268996	-0.189893418769905
GTEX-11GSO-0626-SM-5A5LW	-1.19283958262655	-1.15704430186493	-0.192769937871163	0.0314793144531476	0.0609626348424142	-0.0624940951589985
GTEX-UPIC-0226-SM-3GADO	-0.295193314996912	-0.209028489609416	-0.192769937871167	0.628592173846189	-0.0616276589277935	-0.13328568111229
GTEX-13IVO-0926-SM-5KLZP	-0.977658385469152	0.011082595385455	-0.210228026281812	-0.0706497152393175	0.725821667496541	-0.615445166138778
GTEX-145MI-1126-SM-5O9AK	-1.17225885425644	-0.237387411503979	-0.213170171753864	-0.0258583542729658	-0.551906291584935	-0.314422257018236
GTEX-OXRO-1226-SM-48TDL	-0.740671473967543	-0.0360438537697425	-0.180055227569548	0.155378451993455	0.17395639403563	-0.369427399178726
GTEX-13NZ8-0226-SM-5J2OK	-0.842042838760557	0.101936974208932	-0.192769937871168	0.149834231697544	0.30798771990587	-0.726387467432443
GTEX-11EQ8-0826-SM-5N9FG	-0.883350262589929	0.580118727400118	-0.139469368177974	-0.258366601353388	0.185160234092431	-0.7374560792538
